opendb_id,metadata_name,metadata_manufacturer,metadata_series,metadata_variant,metadata_releaseYear,series,socket,_source_file,cache_l1,cache_l2,cache_l3,clocks_efficiency_base,clocks_efficiency_boost,clocks_performance_base,clocks_performance_boost,coreFamily,cores_efficiency,cores_performance,cores_threads,cores_total,general_product_information_amazon_sku,general_product_information_bestbuy_sku,general_product_information_manufacturer_url,general_product_information_newegg_sku,general_product_information_walmart_sku,metadata_last_manually_spec_verified_at,metadata_part_numbers,microarchitecture,specifications_eccSupport,specifications_includesCooler,specifications_integratedGraphics_baseClock,specifications_integratedGraphics_boostClock,specifications_integratedGraphics_model,specifications_integratedGraphics_shaderCount,specifications_lithography,specifications_memory_channels,specifications_memory_maxSupport,specifications_memory_types,specifications_packaging,specifications_ppt,specifications_simultaneousMultithreading,specifications_tdp
007a5a23-1e12-45b7-90d0-565b80876539,AMD Ryzen Threadripper 9980X,AMD,Threadripper 9000,9980X,2025,Ryzen Threadripper 9000,sTR5,007a5a23-1e12-45b7-90d0-565b80876539.json,64 × 64 KB (32 KB L1I + 32 KB L1D),64,256,0,0,3.2,5.4,Shimada Peak,0,0,128,64,B0FJ6JZN8K,12249635,https://www.amd.com/en/products/processors/ryzen-threadripper/9000-series/amd-ryzen-threadripper-9980x.html,N82E16819113914,17397421751,,AMD Ryzen Threadripper 9980X | 100-000001593WOF | 100-100001593WOF,Zen 5,True,False,0,0,,0,"TSMC 4nm FinFET, TSMC 6nm FinFET",4,1024,DDR5,Boxed,0,True,350
016d1180-e254-43da-ad22-67895ac633b6,Intel Xeon E5 1650 V3 OEM/Tray 3.5 GHz 6-Core LGA2011-3,Intel,Intel Xeon E5,,,Intel Xeon E5,LGA 2011-3,016d1180-e254-43da-ad22-67895ac633b6.json,,5,15,,,3.5,3.8,Haswell-EP,,6,12,6,,,,,,,CM8064401548111,Haswell,True,False,,,,,22 nm,,0,,OEM/Tray,,True,140
019f71b2-930f-4546-8496-5947f1ef06cb,Intel Xeon E3 1245 V5 OEM/Tray 3.5 GHz 4-Core LGA1151,Intel,Intel Xeon E3,,,Intel Xeon E3,LGA 1151,019f71b2-930f-4546-8496-5947f1ef06cb.json,,1,8,,,3.5,3.9,Skylake-H,,4,8,4,,,,,,,CM8066201934913,Skylake,True,False,,,Intel HD Graphics P530,,14 nm,,64,,OEM/Tray,,True,80
01ad7eaa-17b3-46d8-a57b-3fcc7e513ad7,Intel Xeon E5-2660 v4,Intel,Xeon E5 2600 v4,E5-2660 v4,2016,Xeon E5 2600 v4,LGA 2011-3,01ad7eaa-17b3-46d8-a57b-3fcc7e513ad7.json,14 × 32 KB Instruction + 14 × 32 KB Data (896 KB total),3.5,35,0,0,2,3.2,Broadwell-EP,,0,28,14,B01CNKEZVY,,https://www.intel.com/content/www/us/en/products/sku/91772/intel-xeon-processor-e52660-v4-35m-cache-2-00-ghz/specifications.html,,50892436,,BX80660E52660V4,Broadwell,True,False,0,0,,0,14 nm,4,1536,DDR4,Boxed,0,True,105
01b18e41-6a82-45f2-ab4c-5f08e7983406,Intel Core i5 6400T OEM/Tray,Intel,Core i5 6000,6400T,2015,Core i5 6000,LGA 1151,01b18e41-6a82-45f2-ab4c-5f08e7983406.json,4 × 32 KB Instruction + 4 × 32 KB Data (256 KB total),1,6,0,0,2.2,2.8,Skylake-S,0,0,4,4,B015XEWM4E,,https://www.intel.com/content/www/us/en/products/sku/88187/intel-core-i56400t-processor-6m-cache-up-to-2-80-ghz/specifications.html,9SIC3VHKU66105,,,CM8066201920000,Skylake,False,False,350,950,Intel HD Graphics 530,192,14 nm,2,64,DDR4 | DDR3,OEM/Tray,0,False,35
01c38047-7ff9-4c99-9e81-402b8aa3bb58,Intel Core i9 13900T OEM/Tray,Intel,Core i9 13000,13900T,2023,Core i9 13000,LGA 1700,01c38047-7ff9-4c99-9e81-402b8aa3bb58.json,8 × 64 KB Instruction + 8 × 48 KB Data + 16 × 64 KB Instruction + 16 × 32 KB Data (2432 KB total),32,36,1.1,3.9,1.1,5.3,Raptor Cove / Gracemont,16,8,32,24,,,https://www.intel.com/content/www/us/en/products/sku/230498/intel-core-i913900t-processor-36m-cache-up-to-5-30-ghz/specifications.html,9SIA4REKG24710,,,CM8071504820403,Raptor Lake,True,False,300,1650,Intel UHD Graphics 770,256,Intel 7,2,192,DDR5 | DDR4,OEM/Tray,106,True,35
02241621-930c-4c48-bcf9-dfb1b3a3061a,Intel Core i5 7600T,Intel,Core i5 7000,7600T,2017,Core i5 7000,LGA 1151,02241621-930c-4c48-bcf9-dfb1b3a3061a.json,4 × 32 KB Instruction + 4 × 32 KB Data (256 KB total),1,6,0,0,2.8,3.7,Kaby Lake,0,0,4,4,B01N10KQWM,,https://www.intel.com/content/www/us/en/products/sku/97183/intel-core-i57600t-processor-6m-cache-up-to-3-70-ghz/specifications.html,2HK-000X-00018,,,BX80677I57600T,Kaby Lake,False,True,350,1100,Intel HD Graphics 630,192,14 nm,2,64,DDR4 | DDR3,Boxed,0,False,35
0240f7db-68e5-4aac-9438-41d2f12ec15a,Intel Core i5 14400F,Intel,Core i5 14000,14400F,2024,Core i5 14000,LGA 1700,0240f7db-68e5-4aac-9438-41d2f12ec15a.json,6 × 80 KB + 4 × 96 KB (L1 per-core totals),9.5,20,1.8,3.5,2.5,4.7,Raptor Cove / Gracemont,4,6,16,10,B0CQ1Y7KHV,,https://www.intel.com/content/www/us/en/products/sku/236777/intel-core-i5-processor-14400f-20m-cache-up-to-4-70-ghz/specifications.html,N82E16819118489,5334168519,,BX8071514400F | 14400F,Raptor Lake Refresh,True,True,0,0,,0,Intel 7,2,192,DDR5 | DDR4,Boxed,148,True,65
0271c2f7-4b7c-4870-972a-3f941cb15eb4,Intel Core i7 7700K,Intel,Core i7 7000,7700K,2017,Core i7 7000,LGA 1151,0271c2f7-4b7c-4870-972a-3f941cb15eb4.json,256 KB total (4 cores × 32 KB Instruction + 32 KB Data per core),1,8,0,0,4.2,4.5,Kaby Lake,0,0,8,4,B01LTI1JEM,,https://www.intel.com/content/www/us/en/products/sku/97129/intel-core-i77700k-processor-8m-cache-up-to-4-50-ghz/specifications.html,,55428258,,BX80677I77700K,Kaby Lake,False,False,350,1150,Intel HD Graphics 630,192,14 nm,2,64,DDR4 | DDR3,Boxed,0,True,91
027a11fe-1453-496a-a50b-33824cc8e3fd,AMD Ryzen Threadripper 1900X,AMD,Ryzen Threadripper 1000,1900X,2017,Ryzen Threadripper 1000,sTR4,027a11fe-1453-496a-a50b-33824cc8e3fd.json,8 × 64 KB Instruction + 8 × 32 KB Data (768 KB total),4,16,0,0,3.8,4,Whitehaven,0,0,16,8,B0754JNQBP,,https://www.amd.com/en/support/downloads/drivers.html/processors/ryzen-threadripper/ryzen-threadripper-1000-series/amd-ryzen-threadripper-1900x.html,N82E16819113457,295300785,,YD190XA8AEWOF | 116727 | YD190XA8U8QAE,Zen,False,False,0,0,,0,14 nm,4,1024,DDR4,Boxed,0,True,180
02d39666-7470-44e0-ab3a-0e7a1d24ebd6,Intel Core i7 Extreme 6950X 3 GHz 10-Core LGA2011-3,Intel,Intel Core i7 Extreme,,,Intel Core i7 Extreme,LGA 2011-3,02d39666-7470-44e0-ab3a-0e7a1d24ebd6.json,,5,25,,,3,3.5,Broadwell-E,,10,20,10,,,,,,,BXC80671I76950X,Broadwell,False,False,,,,,14 nm,,0,,Boxed,,True,140
030231d4-b07e-4bf5-b674-ad88f361655d,Intel Xeon E-2136,Intel,Xeon E 2100,2136,2018,Xeon E 2100,LGA 1151,030231d4-b07e-4bf5-b674-ad88f361655d.json,6 × 32 KB Instruction + 6 × 32 KB Data (384 KB total),1.5,12,0,0,3.3,4.5,Coffee Lake-S WS,0,0,12,6,B07KNFQ3G5,,https://www.intel.com/content/www/us/en/products/sku/134857/intel-xeon-e2136-processor-12m-cache-up-to-4-50-ghz/specifications.html,N82E16819118007,815015545,,BX80684E2136,Coffee Lake,True,True,0,0,,0,14 nm,2,128,DDR4,Boxed,0,True,80
038e9a92-9f1f-4367-b501-79d58ea18f30,AMD A6 7470K 3.7 GHz 2-Core FM2+ OEM/Tray,AMD,AMD A6,,,AMD A6,FM2+,038e9a92-9f1f-4367-b501-79d58ea18f30.json,,1,0,,,3.7,4,Godavari,,2,2,2,,,,,,,AD747KYBI23JC,Steamroller,False,False,,,AMD Radeon R5 (on-die),,28 nm,,0,,OEM/Tray,,False,65
0418ce9e-cf3e-4e47-9e59-be0cc65da4b1,AMD Opteron 6344 2.6 GHz 12-Core G34 OEM/Tray,AMD,AMD Opteron,,,AMD Opteron,G34,0418ce9e-cf3e-4e47-9e59-be0cc65da4b1.json,,12,16,,,2.6,3.2,Abu Dhabi,,12,12,12,,,,,,,OS6344WKTCGHK,Piledriver,False,False,,,,,32 nm,,0,,OEM/Tray,,False,115
04320339-a372-4ca2-b9d8-9eb857f34fde,AMD A8 7670K OEM/Tray,AMD,A-Series A8 7000,7670K,2015,A-Series A8 7000,FM2+,04320339-a372-4ca2-b9d8-9eb857f34fde.json,2 × 96 KB Instruction + 4 × 16 KB Data (256 KB total),4,0,0,0,3.6,3.9,Godavari,0,0,4,4,,,https://www.amd.com/en/support/downloads/drivers.html/processors/a-series/a8-series-apu-for-desktops/a8-7670k-with-radeon-r7-graphics-and-near-silent-thermal-solution.html,,,,AD767KXBI44JC,Steamroller,False,False,757,0,AMD Radeon R7 Graphics,384,28 nm,2,64,DDR3,OEM/Tray,0,False,95
044581b4-70e0-4266-aa09-8bd3d16cadd1,Intel Core i5 4460S,Intel,Core i5 4000,4460S,2014,Core i5 4000,LGA 1150,044581b4-70e0-4266-aa09-8bd3d16cadd1.json,4 × 32 KB Instruction + 4 × 32 KB Data (256 KB total),1,6,0,0,2.9,3.4,Haswell,0,0,4,4,B07JF38ZMV,,https://www.intel.com/content/www/us/en/products/sku/80818/intel-core-i54460s-processor-6m-cache-up-to-3-40-ghz/specifications.html,,,,BXC80646I54460S,Haswell,False,True,350,1100,Intel HD Graphics 4600,160,22 nm,2,32,DDR3,Boxed,0,False,65
045802be-240a-4bce-9e67-2722f885e671,Intel Core i9 13900K,Intel,Core i9 13000,13900K,2022,Core i9 13000,LGA 1700,045802be-240a-4bce-9e67-2722f885e671.json,"80 KB per P-core, 96 per E-core Cluster",32,36,2.2,4.3,3,5.8,Raptor Cove / Gracemont,16,8,32,24,B0BCF54SR1,6521190,https://www.intel.com/content/www/us/en/products/sku/230496/intel-core-i913900k-processor-36m-cache-up-to-5-80-ghz/specifications.html,N82E16819118412R,1371985797,,BX8071513900K | i9-13900K,Raptor Lake Refresh,True,False,300,1650,Intel UHD Graphics 770,256,Intel 7,2,192,DDR5 | DDR4,Boxed,253,True,125
047130de-74dd-4b9c-835f-ca2dc1a866fc,Intel Core i5 3570S OEM/Tray,Intel,Core i5 3000,3570S,2012,Core i5 3000,LGA 1155,047130de-74dd-4b9c-835f-ca2dc1a866fc.json,4 × 32 KB Instruction + 4 × 32 KB Data (256 KB total),1,6,0,0,3.1,3.8,Ivy Bridge,0,0,4,4,B082GNGGFX,,https://www.intel.com/content/www/us/en/products/sku/65701/intel-core-i53570s-processor-6m-cache-up-to-3-80-ghz/specifications.html,,,,CM8063701093901,Ivy Bridge,False,False,650,1150,Intel HD Graphics 2500,48,22 nm,2,32,DDR3,OEM/Tray,0,False,65
04984638-674b-4384-8866-a7b20d55f8b4,AMD Ryzen 5 5600,AMD,Ryzen 5 5000,5600,2022,Ryzen 5 5000,AM4,04984638-674b-4384-8866-a7b20d55f8b4.json,64KB per core (32KB Instruction + 48KB Data),3,32,0,0,3.5,4.4,Vermeer,0,0,12,6,B09VCHR1VH,6510772,https://www.amd.com/en/support/downloads/drivers.html/processors/ryzen/ryzen-5000-series/amd-ryzen-5-5600.html,N82E16819113736,330013066,,100-100000927BOX | AMD Ryzen 5 5600 | 100100000927BOX,Zen 3,True,True,0,0,,0,"TSMC 7nm FinFET, 12nm (Globalfoundries)",2,128,DDR4,Boxed,88,True,65
04ee90ac-3af8-453e-afcb-1e0172871e42,Intel Core i5 8400,Intel,Core i5 8000,8400,2017,Core i5 8000,LGA 1151,04ee90ac-3af8-453e-afcb-1e0172871e42.json,384 KB (6×32 KB L1 Data + 6×32 KB L1 Instruction),1.5,9,0,0,2.8,4,Coffee Lake,0,0,6,6,B0759FGJ3Q,,https://www.intel.com/content/www/us/en/products/sku/126687/intel-core-i58400-processor-9m-cache-up-to-4-00-ghz/specifications.html,N82E16819117824,421770568,,BX80684I58400,Coffee Lake,False,True,350,1050,Intel UHD Graphics 630,192,14 nm,2,128,DDR4,Boxed,0,False,65
0512ed1f-82fe-456e-8996-fbc141d8fa7c,Intel Core i7 4930K,Intel,Core i7 4000,4930K,2013,Core i7 4000,LGA 2011,0512ed1f-82fe-456e-8996-fbc141d8fa7c.json,6 × 32 KB Instruction + 6 × 32 KB Data (384 KB total),1.5,12,0,0,3.4,3.9,Ivy Bridge-E,0,0,12,6,B00EMHM622,,https://www.intel.com/content/www/us/en/products/sku/77780/intel-core-i74930k-processor-12m-cache-up-to-3-90-ghz/specifications.html,N82E16819116939,,,BX80633I74930K,Ivy Bridge E,False,False,0,0,,0,22 nm,4,64,DDR3,Boxed,0,True,130
053bbed3-b857-4a15-b69f-39cf081cadeb,Intel Core i7 Extreme 6950X 3 GHz 10-Core LGA2011-3,Intel,Intel Core i7 Extreme,,,Intel Core i7 Extreme,LGA 2011-3,053bbed3-b857-4a15-b69f-39cf081cadeb.json,,5,25,,,3,3.5,Broadwell-E,,10,20,10,,,,,,,CM8067102055800,Broadwell,False,False,,,,,14 nm,,0,,OEM/Tray,,True,140
062aeba2-c739-4fb9-b623-d6f319b89cb1,Intel Xeon E3 1275 V5 3.6 GHz 4-Core LGA1151,Intel,Intel Xeon E3,,,Intel Xeon E3,LGA 1151,062aeba2-c739-4fb9-b623-d6f319b89cb1.json,,1,8,,,3.6,4,Skylake-H,,4,8,4,,,,,,,BX80662E31275V5,Skylake,True,True,,,Intel HD Graphics P530,,14 nm,,64,,Boxed,,True,80
06945a1e-f1c4-46a7-a96d-d66182284689,Intel Xeon E5-2623 v3 OEM/Tray,Intel,Xeon E5 2600 v3,2623 v3,2014,Xeon E5 2600 v3,LGA 2011-3,06945a1e-f1c4-46a7-a96d-d66182284689.json,4 × 32 KB Instruction + 4 × 32 KB Data (256 KB total),1,10,0,0,3,3.5,Haswell-EP,0,0,8,4,B00PDD2A1Q,,https://www.intel.com/content/www/us/en/products/sku/83354/intel-xeon-processor-e52623-v3-10m-cache-3-00-ghz/specifications.html,,743637773,,CM8064401832000,Haswell,True,False,0,0,,0,22 nm,4,768,DDR4,OEM/Tray,0,True,105
06a6ec99-73aa-4cac-9cfb-21fa974ebe70,AMD Ryzen 5 3400G,AMD,Ryzen 5 3000,3400G,2019,Ryzen 5 3000,AM4,06a6ec99-73aa-4cac-9cfb-21fa974ebe70.json,4 × 64 KB Instruction + 4 × 32 KB Data (384 KB total),2,4,0,0,3.7,4.2,Picasso,0,0,8,4,B07SXNDKNM,6356646,https://www.amd.com/en/support/downloads/drivers.html/processors/ryzen/ryzen-3000-series/amd-ryzen-5-3400g.html,N82E16819113570,17087355430,,Ryzen 5 3400G | YD3400C5FHBOX,Zen+,True,True,,1400,AMD Radeon Vega 11 Graphics,704,12nm FinFET,2,64,DDR4,Boxed,0,True,65
06dd6572-a882-4f86-b3c4-c8c30fe6b476,Intel Xeon E5-2630 v3 OEM/Tray,Intel,Xeon E5 2600 v3,2630 v3,2014,Xeon E5 2600 v3,LGA 2011-3,06dd6572-a882-4f86-b3c4-c8c30fe6b476.json,8 × 32 KB Instruction + 8 × 32 KB Data (512 KB total),2,20,0,0,2.4,3.2,Haswell-EP,0,0,16,8,B00PDD266A,,https://www.intel.com/content/www/us/en/products/sku/83356/intel-xeon-processor-e52630-v3-20m-cache-2-40-ghz/specifications.html,9SIBT5SKN11834,41608004,,CM8064401831000,Haswell,True,False,0,0,,0,22 nm,4,768,DDR4,OEM/Tray,0,True,85
070c78bb-0589-40b2-986b-c592fe9303f2,Intel Xeon E3 1220 V5 3 GHz 4-Core LGA1151 OEM/Tray,Intel,Intel Xeon E3,,,Intel Xeon E3,LGA 1151,070c78bb-0589-40b2-986b-c592fe9303f2.json,,1,8,,,3,3.5,Skylake-H,,4,4,4,B016TSO5EI,,,,,,CM8066201921804,Skylake,True,False,,,,,14 nm,,64,,OEM/Tray,,False,80
07376cbd-6c55-4409-8f84-452695faa5c1,Intel Xeon E3-1270 v3,Intel,Xeon E3-1200 v3,E3 1270 V3,2013,Xeon E3-1200 v3,LGA 1150,07376cbd-6c55-4409-8f84-452695faa5c1.json,4 × 32 KB Instruction + 4 × 32 KB Data (256 KB total),1,8,0,0,3.5,3.9,Haswell-WS,0,0,8,4,B00D697QRM,,https://www.intel.com/content/www/us/en/products/sku/75056/intel-xeon-processor-e31270-v3-8m-cache-3-50-ghz/specifications.html,N82E16819116904,780248517,,BX80646E31270V3,Haswell,True,True,0,0,,0,22 nm,2,32,DDR3,Boxed,0,True,80
0800f2cd-ce39-4a64-b400-5d1e5d26e7cd,Intel Core i5 12600KF,Intel,Core i5 12000,12600KF,2021,Core i5 12000,LGA 1700,0800f2cd-ce39-4a64-b400-5d1e5d26e7cd.json,80KB per P-core,9.5,20,2.8,3.6,3.7,4.9,Golden Cove / Gracemont,4,6,16,10,B09FXFJW2F,6483680,https://www.intel.com/content/www/us/en/products/sku/134590/intel-core-i512600kf-processor-20m-cache-up-to-4-90-ghz/specifications.html,N82E16819118349,793064999,,BX8071512600KF,Alder Lake,False,False,0,0,,0,Intel 7,2,128,DDR5 | DDR4,Boxed,150,True,125
08020db3-1ea0-48a2-8276-934e41e6c676,AMD A4-6300 OEM/Tray,AMD,A-Series A4 6000,6300,2013,A-Series A4 6000,FM2,08020db3-1ea0-48a2-8276-934e41e6c676.json,1 × 64 KB Instruction + 2 × 16 KB Data (96 KB total),1,0,0,0,3.7,3.9,Richland,0,0,2,2,,,https://www.amd.com/en/support/downloads/drivers.html/processors/a-series/a4-series-apu-for-desktops/a4-6300-with-radeon-hd-8370d.html,N82E16819113107,,,AD6300OKA23HL,Piledriver,False,False,760,0,AMD Radeon HD 8370D,128,32nm SOI,2,32,DDR3,OEM/Tray,0,False,65
08235e69-49be-4bfe-b0a8-76beb0c6fd11,Intel Xeon E3-1271 v3,Intel,Xeon E3 1200 v3,1271 v3,2014,Xeon E3 1200 v3,LGA 1150,08235e69-49be-4bfe-b0a8-76beb0c6fd11.json,4 × 32 KB Instruction + 4 × 32 KB Data (256 KB total),1,8,0,0,3.6,4,Haswell,0,0,8,4,B01DIT9VR2,,https://www.intel.com/content/www/us/en/products/sku/80908/intel-xeon-processor-e31271-v3-8m-cache-3-60-ghz/specifications.html,N82E16819117314,,,BX80646E31271V3,Haswell,True,True,0,0,,0,22 nm,2,32,DDR3,Boxed,0,True,80
082b37a2-faad-49d7-87e0-9d62750e26b5,Intel Core i7 5930K OEM/Tray,Intel,Core i7 5000,5930K,2014,Core i7 5000,LGA 2011-3,082b37a2-faad-49d7-87e0-9d62750e26b5.json,6 × 32 KB Instruction + 6 × 32 KB Data (384 KB total),1.5,15,0,0,3.5,3.7,Haswell-E,0,0,12,6,B00PDD3H72,,https://www.intel.com/content/www/us/en/products/sku/82931/intel-core-i75930k-processor-15m-cache-up-to-3-70-ghz/specifications.html,,,,CM8064801548338,Haswell,False,False,0,0,,0,22 nm,4,64,DDR4,OEM/Tray,0,True,140
083df030-ec2f-4971-8605-adf389bea28d,Intel Core i3 9100,Intel,Core i3 9000,9100,2018,Core i3 9000,LGA 1151,083df030-ec2f-4971-8605-adf389bea28d.json,4 × 32 KB Instruction + 4 × 32 KB Data (256 KB total),1,6,0,0,3.6,4.2,Coffee Lake Refresh,0,0,4,4,B07RXW4Y2K,6346672,https://www.intel.com/content/www/us/en/products/sku/134870/intel-core-i39100-processor-6m-cache-up-to-4-20-ghz/specifications.html,,359047882,,BX80684I39100 | i3-9100,Coffee Lake Refresh,True,True,350,1100,Intel UHD Graphics 630,184,14 nm,2,64,DDR4,Boxed,0,False,65
08586f00-ac44-4e13-9693-2703f62023f5,AMD Ryzen Threadripper 2920X,AMD,Ryzen Threadripper 2000,2920X,2018,Ryzen Threadripper 2000,sTR4,08586f00-ac44-4e13-9693-2703f62023f5.json,12 × 64 KB Instruction + 12 × 32 KB Data (1152 KB total),6,32,0,0,3.5,4.3,Colfax,0,0,24,12,B07JDF4QP2,,https://www.amd.com/en/support/downloads/drivers.html/processors/ryzen-threadripper/ryzen-threadripper-2000-series/amd-ryzen-threadripper-2920x.html,N82E16819113545,,,YD292XA8AFWOF | 116961,Zen+,False,False,0,0,,0,12 nm,4,1024,DDR4,Boxed,0,True,180
08c118d7-15bd-4e7c-b18e-bf71d27d15ef,Intel Xeon E5-2683 v4,Intel,Xeon E5 2600 v4,E5-2683 v4,2016,Xeon E5 2600 v4,LGA 2011-3,08c118d7-15bd-4e7c-b18e-bf71d27d15ef.json,16 × 32 KB Instruction + 16 × 32 KB Data (1024 KB total),4,40,0,0,2.1,3,Broadwell-EP,0,0,32,16,B01DXN566I,,https://www.intel.com/content/www/us/en/products/sku/91766/intel-xeon-processor-e52683-v4-40m-cache-2-10-ghz/specifications.html,,50972853,,BX80660E52683V4,Broadwell,True,False,0,0,,0,14 nm,4,1536,DDR4,Boxed,0,True,120
08fa6fb3-63f5-4515-afca-3840908aea49,Intel Core i3 9320 OEM/Tray,Intel,Core i3 9000,9320,2019,Core i3 9000,LGA 1151,08fa6fb3-63f5-4515-afca-3840908aea49.json,4 × 32 KB Instruction + 4 × 32 KB Data (256 KB total),1,8,0,0,3.7,4.4,Coffee Lake Refresh,0,0,4,4,B07T25DTSQ,,https://www.intel.com/content/www/us/en/products/sku/191793/intel-core-i39320-processor-8m-cache-up-to-4-40-ghz/specifications.html,,,,CM8068403376914,Coffee Lake,True,False,350,1150,UHD Graphics 630,192,14 nm,2,64,DDR4,OEM/Tray,0,False,62
09086e21-4979-41ba-a451-3f8bb1c9cc55,AMD Ryzen 7 9700X,AMD,Ryzen 7 9000,9700X,2024,Ryzen 7 9000,AM5,09086e21-4979-41ba-a451-3f8bb1c9cc55.json,8 × 80 KB (32 KB L1I + 32 KB L1D),8,32,0,0,3.8,5.5,Granite Ridge,0,0,16,8,B0D6NMDNNX,6589136,https://www.amd.com/en/products/processors/desktops/ryzen/9000-series/amd-ryzen-7-9700x.html,N82E16819113843,8872357141,,100-100001404WOF | 9700X | AMD Ryzen™ 7 9700X | 100100001404WOF,Zen 5,True,False,400,2200,AMD Radeon Graphics,128,"TSMC 4nm FinFET, TSMC 6nm FinFET",2,256,DDR5,Boxed,88,True,65
0991a38e-8dca-4222-b693-acffcb1a4a0a,AMD Ryzen Threadripper 9985WX,AMD,Ryzen Threadripper 9000,9985WX,2025,Ryzen Threadripper PRO 9000,sTR5,0991a38e-8dca-4222-b693-acffcb1a4a0a.json,96 x 80 KB,64,256,0,0,3.2,5.4,Shimada Peak,0,0,128,64,B0FJ6HXKB1,,https://www.amd.com/en/products/processors/workstations/ryzen-threadripper/9000-wx-series/amd-ryzen-threadripper-pro-9985wx.html,N82E16819113910,17365912205,,AMD Ryzen Threadripper PRO 9985WX | 100-100000722WOF,Zen 5,True,False,0,0,,0,"TSMC 4nm FinFET, TSMC 6nm FinFET",8,2048,DDR5,Boxed,0,True,350
09a3f61e-39c4-4eb3-96e8-28c7b8d344d2,Intel Xeon E5-2660 OEM/Tray,Intel,Xeon E5 2600,2660,2012,Xeon E5 2600,LGA 2011,09a3f61e-39c4-4eb3-96e8-28c7b8d344d2.json,8 × 32 KB Instruction + 8 × 32 KB Data (512 KB total),2,20,0,0,2.2,3,Sandy Bridge-EP,0,0,16,8,B007H29EYC,,https://www.intel.com/content/www/us/en/products/sku/64584/intel-xeon-processor-e52660-20m-cache-2-20-ghz-8-00-gts-intel-qpi/specifications.html,,,,SR0GZ | BX80621E52660,Sandy Bridge EP,True,False,0,0,,0,32 nm,4,384,DDR3,OEM/Tray,0,True,95
09c6c21d-b450-4656-b8f7-11f31d20d131,Intel Core i7 7820X 3.6 GHz 8-Core LGA2066,Intel,Intel Core i7,,,Intel Core i7,LGA 2066,09c6c21d-b450-4656-b8f7-11f31d20d131.json,,8,11,,,3.6,4.5,Skylake-X,,8,16,8,,,,,,,BXC80673I77820X,Skylake,False,False,,,,,14 nm,,128,,Boxed,,True,140
09e91f36-20fd-4461-a117-37ef0872fc63,Intel Core i7 4790K,Intel,Core i7 4000,4790K,2014,Core i7 4000,LGA 1150,09e91f36-20fd-4461-a117-37ef0872fc63.json,4 × 32 KB Instruction + 4 × 32 KB Data (256 KB total),1,8,0,0,4,4.4,Haswell,0,0,8,4,B00N0QZJ4S,,https://www.intel.com/content/www/us/en/products/sku/80807/intel-core-i74790k-processor-8m-cache-up-to-4-40-ghz/specifications.html,,136718164,,CM8064601710501 | 3886787,Haswell Refresh,False,False,350,1250,Intel HD Graphics 4600,160,22 nm,2,32,DDR3,OEM/Tray,0,True,88
0a10243d-8440-4921-8e3f-cf459674effb,AMD EPYC 4344P,AMD,EPYC 4004,4344P,2024,EPYC 4004,AM5,0a10243d-8440-4921-8e3f-cf459674effb.json,8 × 32 KB Instruction + 8 × 32 KB Data (512 KB total),8,32,0,0,3.8,5.3,Raphael,0,0,16,8,B0D7XGKGB4,,https://www.amd.com/en/products/processors/server/epyc/4004-series/amd-epyc-4344p.html,N82E16819113835,6460558319,,100-100001479WOF | 4344P,Zen 4,True,False,400,2200,AMD Radeon Graphics,128,5 nm,2,192,DDR5,Boxed,88,True,65
0a93e420-238a-459b-a491-65f1b2e76422,Intel Xeon E 2126G 3.3 GHz 6-Core LGA1151 OEM/Tray,Intel,Intel Xeon E,,,Intel Xeon E,LGA 1151,0a93e420-238a-459b-a491-65f1b2e76422.json,,5,12,,,3.3,4.5,Coffee Lake,,6,6,6,B07GLJ97FL,,,,,,CM8068403380219,Coffee Lake,True,False,,,Intel HD Graphics P630,,14 nm,,64,,OEM/Tray,,False,80
0abfd960-5cb9-4d0b-9b32-9a5f5a48b083,Intel Core i7 6850K,Intel,Core i7 6000,6850K,2016,Core i7 6000,LGA 2011-3,0abfd960-5cb9-4d0b-9b32-9a5f5a48b083.json,6 × 32 KB Instruction + 6 × 32 KB Data (384 KB total),1.5,15,0,0,3.6,3.8,Broadwell-E,0,0,12,6,B01K7R8NP4,,https://www.intel.com/content/www/us/en/products/sku/94188/intel-core-i76850k-processor-15m-cache-up-to-3-80-ghz/specifications.html,N82E16819117647,52329168,,CM8067102056100,Broadwell E,False,False,0,0,,0,14 nm,4,128,DDR4,OEM/Tray,0,True,140
0ad2e194-584e-46ec-ba59-d5aa4e129f59,Intel Xeon E5-2620 v3 OEM/Tray,Intel,Xeon E5 2600 v3,2620 v3,2014,Xeon E5 2600 v3,LGA 2011-3,0ad2e194-584e-46ec-ba59-d5aa4e129f59.json,6 × 32 KB Instruction + 6 × 32 KB Data (384 KB total),1.5,15,0,0,2.4,3.2,Haswell-EP,0,0,12,6,B00THAPKW2,,https://www.intel.com/content/www/us/en/products/sku/83352/intel-xeon-processor-e52620-v3-15m-cache-2-40-ghz/specifications.html,N82E16819117654,41436516,,CM8064401831400,Haswell,True,False,0,0,,0,22 nm,4,768,DDR4,OEM/Tray,0,True,85
0b4344ab-03a8-4344-a09e-3c39e80ba5c9,Intel Xeon E5-2680,Intel,Xeon E5 2600,E5 2680,2012,Xeon E5 2600,LGA 2011,0b4344ab-03a8-4344-a09e-3c39e80ba5c9.json,8 × 32 KB Instruction + 8 × 32 KB Data (512 KB total),2,20,0,0,2.7,3.5,Sandy Bridge-EP,0,0,16,8,B007H29F0U,,https://www.intel.com/content/www/us/en/products/sku/64583/intel-xeon-processor-e52680-20m-cache-2-70-ghz-8-00-gts-intel-qpi/specifications.html,N82E16819117473,23140937,,BX80621E52680,Sandy Bridge EP,True,False,0,0,,0,32 nm,4,384,DDR3,Boxed,0,True,130
0b720985-1e1d-41a9-8ea8-aefcd398e2c5,AMD A12-9800E,AMD,A12-9000,9800E,2017,A12-9000,AM4,0b720985-1e1d-41a9-8ea8-aefcd398e2c5.json,4 × 32 KB Instruction + 4 × 32 KB Data (256 KB total),2,0,0,0,3.1,3.8,Bristol Ridge,0,0,4,4,B074BKRVL7,,https://www.amd.com/en/support/downloads/drivers.html/processors/pro-a-series/pro-a-series-a12-apu-for-desktops/7th-gen-amd-pro-a12-9800e-apu.html,,,,AD9800AHABBOX | B961023,Excavator,False,False,0,900,AMD Radeon R7 Graphics,512,28 nm,2,64,DDR4,Boxed,0,False,35
0ba1bc18-544b-4768-a779-9b2b69a24b01,Intel Core i7 5960X,Intel,Core i7 5000,5960X,2014,Core i7 5000,LGA 2011-3,0ba1bc18-544b-4768-a779-9b2b69a24b01.json,8 × 32 KB Instruction + 8 × 32 KB Data (512 KB total),2,20,0,0,3,3.5,Haswell-E,0,0,16,8,B00MMLXIHM,,https://www.intel.com/content/www/us/en/products/sku/82930/intel-core-i75960x-processor-extreme-edition-20m-cache-up-to-3-50-ghz/specifications.html,,,,BX80648I75960X,Haswell E,False,False,0,0,,0,22 nm,4,64,DDR4,Boxed,0,True,140
0cc5ca24-c9e0-4ed3-8cd8-7f032b1927ec,AMD A10-7700K,AMD,A10 7000,7700K,2014,A10 7000,FM2+,0cc5ca24-c9e0-4ed3-8cd8-7f032b1927ec.json,2 × 96 KB Instruction + 4 × 16 KB Data (256 KB total),4,0,0,0,3.4,3.8,Kaveri,0,0,4,4,B00H7Z7XA6,,https://www.amd.com/en/support/downloads/drivers.html/processors/a-series/a10-series-apu-for-desktops/a10-7700k-with-radeon-r7-series.html,N82E16819113360,34959837,,AD770KXBJABOX,Steamroller,False,True,757,1029,AMD Radeon R7 Graphics,384,28 nm,2,64,DDR3,Boxed,0,False,95
0ce6ea21-ea60-41c8-807f-d284a2e98b08,Intel Core i5 14500T OEM/Tray,Intel,Core i5 14000,14500T,2024,Core i5 14000,LGA 1700,0ce6ea21-ea60-41c8-807f-d284a2e98b08.json,6 × 64 KB Instruction + 6 × 48 KB Data + 8 × 64 KB Instruction + 8 × 32 KB Data (1440 KB total),11.5,24,1.2,3.4,1.7,4.8,Raptor Cove + Gracemont,8,6,20,14,B0CS9M93ZQ,,https://www.intel.com/content/www/us/en/products/sku/236780/intel-core-i5-processor-14500t-24m-cache-up-to-4-80-ghz/specifications.html,,,,CM8071505092904,Raptor Lake,True,False,300,1550,Intel UHD Graphics 770,256,Intel 7,2,192,DDR5 | DDR4,OEM/Tray,92,True,35
0cf9aff1-4f08-4f12-8557-ebbc10083495,Intel Core i9-9920X,Intel,Core i9 9000,9920X,2018,Core i9 9000,LGA 2066,0cf9aff1-4f08-4f12-8557-ebbc10083495.json,12 × 32 KB Instruction + 12 × 32 KB Data (768 KB total),12,19.25,0,0,3.5,4.5,Skylake-X,0,0,24,12,B07JGCV5KN,,https://www.intel.com/content/www/us/en/products/sku/189127/intel-core-i99920x-xseries-processor-19-25m-cache-up-to-4-50-ghz/specifications.html,N82E16819117963,560401855,,BX80673I99920X,Skylake,False,False,0,0,,0,14 nm,4,128,DDR4,Boxed,0,True,165
0d19c5b2-c8fc-432b-a4d4-aa31365c5261,Intel Celeron G5920,Intel,Celeron G5000,G5920,2020,Celeron G5000,LGA 1200,0d19c5b2-c8fc-432b-a4d4-aa31365c5261.json,2 × 32 KB Instruction + 2 × 32 KB Data (128 KB total),0,2,0,0,3.5,0,Comet Lake,0,0,2,2,B086MG1C7P,,https://www.intel.com/content/www/us/en/products/sku/199290/intel-celeron-processor-g5920-2m-cache-3-50-ghz/specifications.html,N82E16819118142,552579815,,BX80701G5920,Comet Lake,False,True,350,1050,Intel UHD Graphics 610,96,14 nm,2,128,DDR4,Boxed,0,False,58
0d8aec3a-63f3-40f6-9028-2f8eb82e95ec,AMD A6-6420K OEM/Tray,AMD,A-Series A6 6000,6420K,2014,A-Series A6 6000,FM2,0d8aec3a-63f3-40f6-9028-2f8eb82e95ec.json,1 × 64 KB Instruction + 2 × 16 KB Data (96 KB total),1,0,0,0,4,4.2,Richland,0,0,2,2,,,https://www.amd.com/en/support/downloads/drivers.html/processors/a-series/a6-series-apu-for-desktops/a6-6420k-with-radeon-hd-8470d.html,,,,AD642KOKA23HL,Piledriver,False,False,800,0,AMD Radeon HD 8470D Series,192,32nm SOI,2,32,DDR3,OEM/Tray,0,False,65
0e3a1478-3653-450c-ab32-b9755695c75b,Intel Core i9 10850K,Intel,Core i9 10000,10850K,2020,Core i9 10000,LGA 1200,0e3a1478-3653-450c-ab32-b9755695c75b.json,640 KB (10 × 32 KB Data + 10 × 32 KB Instruction),2.5,20,0,0,3.6,5.2,Comet Lake,0,0,20,10,B08DHRG2X9,6428160,https://www.intel.com/content/www/us/en/products/sku/205904/intel-core-i910850k-processor-20m-cache-up-to-5-20-ghz/specifications.html,N82E16819118175,151820731,,BX8070110850K,Comet Lake,False,False,350,1200,Intel UHD Graphics 630,192,14 nm,2,128,DDR4,Boxed,0,True,125
0e76b77a-5b18-453b-888e-80246be54522,Intel Core i7-9800X,Intel,Core i7 X-series,9800X,2018,Core i7 X-series,LGA 2066,0e76b77a-5b18-453b-888e-80246be54522.json,8 × 32 KB Instruction + 8 × 32 KB Data (512 KB total),8,16.5,0,0,3.8,4.5,Skylake-X,0,0,16,8,B07JGCSMJX,,https://www.intel.com/content/www/us/en/products/sku/189122/intel-core-i79800x-xseries-processor-16-5m-cache-up-to-4-50-ghz/specifications.html,N82E16819117961,3164514913,,BX80673I79800X,Skylake,False,True,0,0,,0,14 nm,4,128,DDR4,Boxed,0,True,165
0edb1176-bee6-412a-b9ba-6ccc45fa0887,AMD A10-9700E,AMD,A-Series A10 9000,9700E,2017,A-Series A10 9000,AM4,0edb1176-bee6-412a-b9ba-6ccc45fa0887.json,2 × 96 KB Instruction + 4 × 32 KB Data (320 KB total),2,0,0,0,3,3.5,Bristol Ridge,0,0,4,4,B074BKQH87,,,,,,AD9700AHABBOX | B961021,Excavator,False,True,384,847,AMD Radeon R7 Graphics,384,28 nm,2,64,DDR4,Boxed,0,False,35
0eef5725-3634-4a65-b249-49888874dc68,Intel Core i7 6950X,Intel,Core i7 6000,6950X,2016,Core i7 6000,LGA 2011-3,0eef5725-3634-4a65-b249-49888874dc68.json,10 × 32 KB Instruction + 10 × 32 KB Data (640 KB total),2.5,25,0,0,3,4,Broadwell-E,0,0,20,10,B01FJLA9IM,,https://www.intel.com/content/www/us/en/products/sku/94456/intel-core-i76950x-processor-extreme-edition-25m-cache-up-to-3-50-ghz/specifications.html,N82E16819117643,,,BX80671I76950X,Broadwell-E,False,False,0,0,,0,14 nm,4,128,DDR4,Boxed,0,True,140
0f338d50-f775-4188-bd8c-ae3c7a353b94,Intel Core i7 4771,Intel,Core i7 4000,4771,2013,Core i7 4000,LGA 1150,0f338d50-f775-4188-bd8c-ae3c7a353b94.json,4 × 32 KB Instruction + 4 × 32 KB Data (256 KB total),1,8,0,0,3.5,3.9,Haswell,0,0,8,4,B00EF1G9D2,,https://www.intel.com/content/www/us/en/products/sku/77656/intel-core-i74771-processor-8m-cache-up-to-3-90-ghz/specifications.html,N82E16819116941,35106751,,BX80646I74771,Haswell,False,True,350,1200,Intel HD Graphics 4600,160,22 nm,2,32,DDR3,Boxed,0,True,84
0f832db1-807c-4f85-b76c-3bf1e8d57cc5,Intel Core i9 7940X,Intel,Core i9 7000,7940X,2017,Core i9 7000,LGA 2066,0f832db1-807c-4f85-b76c-3bf1e8d57cc5.json,14 × 32 KB Instruction + 14 × 32 KB Data (896 KB total),14,19.25,0,0,3.1,4.4,Skylake-X,0,0,28,14,B076KXLR6K,,https://www.intel.com/content/www/us/en/products/sku/126695/intel-core-i97940x-xseries-processor-19-25m-cache-up-to-4-30-ghz/specifications.html,N82E16819117834,841944474,,BX80673I97940X,Skylake,False,False,0,0,,0,14 nm,4,128,DDR4,OEM/Tray,0,True,165
0f8f2a55-de64-490d-8f62-a11398b6f8f8,AMD Ryzen 5 3600X,AMD,Ryzen 5 3000,3600X,2019,Ryzen 5 3000,AM4,0f8f2a55-de64-490d-8f62-a11398b6f8f8.json,6 × 64 KB Instruction + 6 × 32 KB Data (576 KB total),3,32,0,0,3.8,4.4,Matisse,0,0,12,6,B07SQBFN2D,6356644,https://www.amd.com/en/support/downloads/drivers.html/processors/ryzen/ryzen-3000-series/amd-ryzen-5-3600x.html,N82E16819113568,704363558,,Ryzen 5 3600X | 100-100000022BOX,Zen 2,False,True,0,0,,0,TSMC 7nm FinFET,2,128,DDR4,Boxed,128,True,95
10209f87-57b3-4216-8b3e-c9c213e46b07,Intel Core i9 10900F,Intel,Core i9 10000,10900F,2020,Core i9 10000,LGA 1200,10209f87-57b3-4216-8b3e-c9c213e46b07.json,10 × 32 KB Instruction + 10 × 32 KB Data (640 KB total),2.5,20,0,0,2.8,5.2,Comet Lake,0,0,20,10,B086MHTK5C,,https://www.intel.com/content/www/us/en/products/sku/199329/intel-core-i910900f-processor-20m-cache-up-to-5-20-ghz/specifications.html,N82E16819118130,437827630,,BX8070110900F | 10900,Comet Lake,False,True,0,0,,0,14 nm,2,128,DDR4,Boxed,0,True,65
10213fa5-c67b-4d69-b8a0-913cd25b129f,Intel Xeon E5-1660 v3,Intel,Xeon E5 1600 v3,1660 v3,2014,Xeon E5 1600 v3,LGA 2011-3,10213fa5-c67b-4d69-b8a0-913cd25b129f.json,8 × 32 KB Instruction + 8 × 32 KB Data (512 KB total),2,20,0,0,3,3.5,Haswell-EP,0,0,16,8,B00OH8WQ12,,https://www.intel.com/content/www/us/en/products/sku/82766/intel-xeon-processor-e51660-v3-20m-cache-3-00-ghz/specifications.html,,,,CM8064401909200 | SR2PK,Haswell,True,False,0,0,,0,22 nm,4,768,DDR4,OEM/Tray,0,True,140
103ad632-4a9b-4126-9ed9-9d7ef4793060,AMD Ryzen 5 9600,AMD,Ryzen 5 9000,9600,2025,Ryzen 5 9000,AM5,103ad632-4a9b-4126-9ed9-9d7ef4793060.json,6 × 64 KB (32 KB L1I + 32 KB L1D),6,32,0,0,3.8,5.2,Granite Ridge,0,0,12,6,B0FHDXP318,,https://www.amd.com/en/products/processors/desktops/ryzen/9000-series/amd-ryzen-5-9600.html,274-000M-00254,15683110208,,100-100000718BOX,Zen 5,True,True,400,2200,AMD Radeon Graphics,128,"TSMC 4nm FinFET, TSMC 6nm FinFET",2,256,DDR5,Boxed,0,True,65
107f3722-b84b-43dd-a6a8-9dfe787bf03a,AMD Athlon X4 880K,AMD,Athlon X4 800,880K,2015,Athlon X4 800,FM2+,107f3722-b84b-43dd-a6a8-9dfe787bf03a.json,2 × 96 KB Instruction + 4 × 16 KB Data (256 KB total),4,0,0,0,4,4.2,Godaveri,0,0,4,4,,,,N82E16819113408,198872257,,AD880KXBJCSBX,Steamroller,False,True,0,0,,0,28 nm,2,64,DDR3,Boxed,0,False,95
11089f7c-893e-4f70-94c8-61078ed84f68,Intel Core i5 9500,Intel,Core i5 9000,9500,2018,Core i5 9000,LGA 1151,11089f7c-893e-4f70-94c8-61078ed84f68.json,6 × 32 KB Instruction + 6 × 32 KB Data (384 KB total),1.5,9,0,0,3,4.4,Coffee Lake,0,0,6,6,B07S4MSXJL,,https://www.intel.com/content/www/us/en/products/sku/134895/intel-core-i59500-processor-9m-cache-up-to-4-40-ghz/specifications.html,N82E16819118062,533238798,,BX80684I59500,Coffee Lake Refresh,False,True,350,1100,Intel UHD Graphics 630,192,14 nm,2,128,DDR4,Boxed,0,False,65
1108a9a6-5414-44d0-a9ca-add54f8a80fa,AMD A 10 7860k 3.6 GHz 4-Core FM2+ OEM/Tray,AMD,AMD A10,,,AMD A10,FM2+,1108a9a6-5414-44d0-a9ca-add54f8a80fa.json,,4,0,,,3.6,4,Godavari,,4,4,4,,,,,,,AD786KYBI44JC,Steamroller,False,False,,,AMD Radeon R7 (on-die),,28 nm,,0,,OEM/Tray,,False,65
114ffebf-9ed4-49a5-82e4-f6f6b0f2649b,Intel Xeon E5-2650,Intel,Xeon E5 2600,2650,2012,Xeon E5 2600,LGA 2011,114ffebf-9ed4-49a5-82e4-f6f6b0f2649b.json,8 × 32 KB Instruction + 8 × 32 KB Data (512 KB total),2,20,0,0,2,2.8,Sandy Bridge-EP,0,0,16,8,B007H29FPA,,https://www.intel.com/content/www/us/en/products/sku/64590/intel-xeon-processor-e52650-20m-cache-2-00-ghz-8-00-gts-intel-qpi/specifications.html,,1003300825,,BX80621E52650,Sandy Bridge-EP,True,False,0,0,,0,32 nm,4,384,DDR3,Boxed,0,True,95
1151b654-7094-41ab-8988-1d37db091a4b,AMD FX-6120 OEM/Tray,AMD,FX 6000,6120,2012,FX 6000,AM3+,1151b654-7094-41ab-8988-1d37db091a4b.json,3 × 64 KB Instruction + 6 × 16 KB Data (288 KB total),6,8,0,0,3.6,4.2,Zambezi,0,0,6,6,B00NVO5Q38,,,9SIC3VHKU65421,,,FD6120WMW6KGU | FX-6120,Bulldozer,False,False,0,0,,0,32 nm,2,32,DDR3,OEM/Tray,0,False,95
115d2821-5d45-41b8-b4c9-aa3f95215fab,AMD Ryzen 5 7500F OEM/Tray,AMD,Ryzen 5 7000,7500F,2023,Ryzen 5 7000,AM5,115d2821-5d45-41b8-b4c9-aa3f95215fab.json,6 × 64 KB Instruction + 6 × 32 KB Data (576 KB total),6,32,0,0,3.7,5,Raphael,0,0,12,6,B0D1CK42PV,,https://www.amd.com/en/products/processors/desktops/ryzen/7000-series/amd-ryzen-5-7500f.html,9SIC3U3KN44094,11959955844,,100-000000597,Zen 4,True,False,0,0,,0,"TSMC 5nm FinFET, TSMC 6nm FinFET",2,128,DDR5,OEM/Tray,88,True,65
11c8a8b2-048a-4492-ba06-f2b5c8c1de60,Intel Core i3 12100F,Intel,Core i3 12000,12100F,2022,Core i3 12100,LGA 1700,11c8a8b2-048a-4492-ba06-f2b5c8c1de60.json,80KB (32KB I + 48KB D) per core,5,12,0,0,3.3,4.3,Golden Cove,0,4,8,4,B09NPJX7PV,,https://www.intel.com/content/www/us/en/products/sku/132223/intel-core-i312100f-processor-12m-cache-up-to-4-30-ghz/specifications.html,N82E16819118357,876549698,,BX8071512100F | i3-12100F | BX8071513100F,Alder Lake,False,True,0,0,,0,Intel 7,2,128,DDR5 | DDR4,Boxed,89,True,58
1292d93d-417f-4ec6-b84f-21be2d85b2b2,Intel Core i9 14900F,Intel,Core i9 14000,14900F,2024,Core i9 14000,LGA 1700,1292d93d-417f-4ec6-b84f-21be2d85b2b2.json,"2 MB total (P-cores + E-cores combined, 32 KB I + 32 KB D per core equivalent)",32,36,1.5,4.3,2,5.8,Raptor Cove / Gracemont,16,8,32,24,B0CQ1FC8WZ,,https://www.intel.com/content/www/us/en/products/sku/236853/intel-core-i9-processor-14900f-36m-cache-up-to-5-80-ghz/specifications.html,N82E16819118485,5323712760,,BX8071514900F,Raptor Lake Refresh,True,False,0,0,,0,Intel 7,2,192,DDR5 | DDR4,Boxed,219,True,65
129aed7c-71fc-4e26-8a7d-527d88eae596,AMD Ryzen 9 3900XT,AMD,Ryzen 9 3000,3900XT,2020,Ryzen 9 3000,AM4,129aed7c-71fc-4e26-8a7d-527d88eae596.json,12 × 32 KB Instruction + 12 × 32 KB Data (768 KB total),6,64,0,0,3.8,4.7,Matisse,0,0,24,12,B089WD454D,6422514,https://www.amd.com/en/support/downloads/drivers.html/processors/ryzen/ryzen-3000-series/amd-ryzen-9-3900xt.html,N82E16819113651,110305775,,100-100000277WOF | AMD Ryzen 9 3900XT,Zen 2,False,False,0,0,,0,TSMC 7nm FinFET,2,128,DDR4,Boxed,142,True,105
12fd3597-2019-418e-9764-bdf55a541368,Intel Core i5 7640X OEM/Tray,Intel,Core i5 7000,7640X,2017,Core i5 7000,LGA 2066,12fd3597-2019-418e-9764-bdf55a541368.json,4 × 32 KB Instruction + 4 × 32 KB Data (256 KB total),1,6,0,0,4,4.2,Kaby Lake-X,0,0,4,4,B073VMQH6K,,https://www.intel.com/content/www/us/en/products/sku/121500/intel-core-i57640x-xseries-processor-6m-cache-up-to-4-20-ghz/specifications.html,,,,CM8067702868730,Kaby Lake,False,False,0,0,,0,14 nm,2,64,DDR4,OEM/Tray,0,False,112
1307646f-0cde-4600-9ea8-7208cc2376c9,AMD Ryzen Threadripper 2990WX,AMD,Ryzen Threadripper 2000,2990WX,2018,Ryzen Threadripper 2000,sTR4,1307646f-0cde-4600-9ea8-7208cc2376c9.json,32 × 64 KB Instruction + 32 × 32 KB Data (3072 KB total),16,64,0,0,3,4.2,Colfax,0,0,64,32,B07G25SD1P,,https://www.amd.com/en/support/downloads/drivers.html/processors/ryzen-threadripper/ryzen-threadripper-2000-series/amd-ryzen-threadripper-2990wx.html,N82E16819113541,511419014,,YD299XAZAFWOF | 116580,Zen+,False,True,0,0,,0,12 nm,4,256,DDR4,Boxed,0,True,250
137364af-2806-4177-9206-d209575ffea4,Intel Core i9 11900,Intel,Core i9 11000,11900,2021,Core i9 11000,LGA 1200,137364af-2806-4177-9206-d209575ffea4.json,8 × 32 KB Instruction + 8 × 48 KB Data (640 KB total),4,16,0,0,2.5,5.2,Cypress Cove,0,0,16,8,B08X5XVLL9,,https://www.intel.com/content/www/us/en/products/sku/212252/intel-core-i911900-processor-16m-cache-up-to-5-20-ghz/specifications.html,N82E16819118236,504394833,,BX8070811900,Rocket Lake,False,True,350,1300,Intel UHD Graphics 750,256,14 nm,2,128,DDR4,Boxed,0,True,65
1380a6eb-8357-4ce2-be1c-190fa045a108,AMD Ryzen 5 4600G,AMD,Ryzen 5 4000,4600G,2020,Ryzen 5 4000,AM4,1380a6eb-8357-4ce2-be1c-190fa045a108.json,6 × 32 KB Instruction Cache + 6 × 32 KB Data Cache,3,8,0,0,3.7,4.2,Renoir,0,0,12,6,B09Z5NH6SJ,,https://www.amd.com/en/support/downloads/drivers.html/processors/ryzen/ryzen-4000-series/amd-ryzen-5-4600g.html,N82E16819113744,305446027,,100-100000147BOX | AMD Ryzen 5 4600G,Zen 2,False,True,1900,2100,AMD Radeon Vega 7,448,7 nm,2,128,DDR4,Boxed,88,True,65
14edddda-4629-4c09-90ea-5c209827d82a,AMD FX-8370,AMD,FX 8000,8370,2014,FX 8000,AM3+,14edddda-4629-4c09-90ea-5c209827d82a.json,4 × 64 KB Instruction + 8 × 16 KB Data (384 KB total),8,8,0,0,4,4.3,Vishera,0,0,8,8,B01798X7D2,,,N82E16819113374,49986832,,FD8370FRHKHBX,Piledriver,False,True,0,0,,0,32 nm,2,32,DDR3,Boxed,0,False,125
15164378-8aa4-48d3-970d-c832589ac734,AMD EPYC 4584PX,AMD,EPYC 4000,4584PX,2024,EPYC 4000,AM5,15164378-8aa4-48d3-970d-c832589ac734.json,16 × 64 KB Instruction + 16 × 32 KB Data (1536 KB total),16,128,0,0,4.2,5.7,Raphael,0,0,32,16,B0F2YJ3NS7,,https://www.amd.com/en/products/processors/server/epyc/4004-series/amd-epyc-4584px.html,N82E16819113839,,,100-100001481WOF | 100-000001481,Zen 4,True,False,400,2200,AMD Radeon Graphics,128,5 nm,2,256,DDR5,OEM/Tray,162,True,120
15abb515-0c8f-4cbc-af37-434908b5729a,Intel Core i9 11900KF,Intel,Core i9 11000,11900KF,2021,Core i9 11000,LGA 1200,15abb515-0c8f-4cbc-af37-434908b5729a.json,8 × 32 KB Instruction + 8 × 48 KB Data (640 KB total),4,16,0,0,3.5,5.3,Cypress Cove,0,0,16,8,B08X6KQSZ1,,https://www.intel.com/content/www/us/en/products/sku/212321/intel-core-i911900kf-processor-16m-cache-up-to-5-30-ghz/specifications.html,9SIBWH3KAA9354,530122441,,BX8070811900KF,Rocket Lake,False,False,0,0,,0,14 nm,2,128,DDR4,Boxed,0,True,125
15af1312-b8a1-4790-bda1-06a408ffa51a,Intel Core i7 6700K,Intel,Core i7 6000,6700K,2015,Core i7 6000,LGA 1151,15af1312-b8a1-4790-bda1-06a408ffa51a.json,4 × 64 KB (32 KB L1I + 32 KB L1D),1,8,0,0,4,4.2,Skylake-S,0,0,8,4,B012M8LXQW,,https://www.intel.com/content/www/us/en/products/sku/88195/intel-core-i76700k-processor-8m-cache-up-to-4-20-ghz/specifications.html,N82E16819117559,46583514,,BX80662I76700K | 4512,Skylake,False,True,350,1150,Intel HD Graphics 530,192,14 nm,2,64,DDR4 | DDR3,Boxed,0,True,91
163d1e0a-ea5a-45d7-8c43-eaff7e78107b,Intel Core i9 14900,Intel,Core i9 14000,14900,2024,Core i9 14000,LGA 1700,163d1e0a-ea5a-45d7-8c43-eaff7e78107b.json,"8×32 KB L1D + 8×48 KB L1I, 16×32 KB L1D + 16×64 KB L1I (2176 KB total)",32,36,1.5,4.3,2,5.8,Raptor Cove,16,8,32,24,B0CQ24VW72,,https://www.intel.com/content/www/us/en/products/sku/236793/intel-core-i9-processor-14900-36m-cache-up-to-5-80-ghz/specifications.html,N82E16819118474,5266285173,,BX8071514900,Raptor Lake Refresh,True,False,300,1650,Intel UHD Graphics 770,256,Intel 7,2,192,DDR5 | DDR4,Boxed,219,True,65
16825ced-154c-49f1-a40c-813737d8fb49,Intel Xeon E5-1650 v4,Intel,Xeon E5 1600 v4,1650 v4,2016,Xeon E5 1600 v4,LGA 2011-3,16825ced-154c-49f1-a40c-813737d8fb49.json,6 × 32 KB Instruction + 6 × 32 KB Data (384 KB total),1.5,15,0,0,3.6,4,Broadwell-EP,0,0,12,6,B01GRDS5NC,,https://www.intel.com/content/www/us/en/products/sku/92994/intel-xeon-processor-e51650-v4-15m-cache-3-60-ghz/specifications.html,N82E16819117763,52725174,,BX80660E51650V4 | 1358191,Broadwell,True,False,0,0,,0,14 nm,4,1536,DDR4,Boxed,0,True,140
16d02a32-8e90-44bf-8002-3a6cbbe6584b,Intel Pentium Gold G5500,Intel,Pentium Gold G5000,G5500,2018,Pentium Gold G5000,LGA 1151,16d02a32-8e90-44bf-8002-3a6cbbe6584b.json,2 × 32 KB Instruction + 2 × 32 KB Data (128 KB total),0.5,4,0,0,3.8,0,Coffee Lake,0,0,4,2,B0793DYTCQ,,https://www.intel.com/content/www/us/en/products/sku/129946/intel-pentium-gold-g5500-processor-4m-cache-3-80-ghz/specifications.html,N82E16819117877,510437540,,BX80684G5500,Coffee Lake,True,True,350,1100,Intel UHD Graphics 630,192,14 nm,2,64,DDR4,Boxed,0,True,54
172b0f70-129e-473c-9bf8-88de1d2e229c,Intel Xeon E-2134,Intel,Xeon E 2100,2134,2018,Xeon E 2100,LGA 1151,172b0f70-129e-473c-9bf8-88de1d2e229c.json,4 × 32 KB Instruction + 4 × 32 KB Data (256 KB total),1,8,0,0,3.5,4.5,Coffee Lake-S WS,0,0,8,4,B07KNM7925,,https://www.intel.com/content/www/us/en/products/sku/134858/intel-xeon-e2134-processor-8m-cache-up-to-4-50-ghz/specifications.html,N82E16819118008,261775890,,BX80684E2134,Coffee Lake,True,True,0,0,,0,14 nm,2,128,DDR4,Boxed,0,True,71
17b95d1d-e33c-41bd-b16c-f5281e4172b0,Intel Xeon E5-2697 v2,Intel,Xeon E5 2600 v2,2697 v2,2013,Xeon E5 2600 v2,LGA 2011,17b95d1d-e33c-41bd-b16c-f5281e4172b0.json,12 × 32 KB Instruction + 12 × 32 KB Data (768 KB total),3,30,0,0,2.7,3.5,Ivy Bridge-EP,0,0,24,12,B00F42GWK6,,https://www.intel.com/content/www/us/en/products/sku/75283/intel-xeon-processor-e52697-v2-30m-cache-2-70-ghz/specifications.html,N82E16819116925,123162742,,BX80635E52697V2,Ivy Bridge EP,True,False,0,0,,0,22 nm,4,768,DDR3,Boxed,0,True,130
17d31bbf-994a-4a54-bfd8-0bfa5b2093ff,Intel Core i5 9500F,Intel,Core i5 9000,9500F,2019,Core i5 9000,LGA 1151,17d31bbf-994a-4a54-bfd8-0bfa5b2093ff.json,6 × 32 KB Instruction + 6 × 32 KB Data (384 KB total),1.5,9,0,0,3,4.4,Coffee Lake,0,0,6,6,B07S6CRJML,,https://www.intel.com/content/www/us/en/products/sku/190890/intel-core-i59500f-processor-9m-cache-up-to-4-40-ghz/specifications.html,N82E16819118064,856852217,,BX80684I59500F,Coffee Lake Refresh,False,True,0,0,,0,14 nm,2,128,DDR4,Boxed,0,False,65
182326d2-d7a5-495e-811c-2b6bcb28e029,AMD Ryzen 3 1300X,AMD,Ryzen 3 1000,1300X,2017,Ryzen 3 1000,AM4,182326d2-d7a5-495e-811c-2b6bcb28e029.json,4 × 64 KB Instruction + 4 × 32 KB Data (384 KB total),2,8,0,0,3.5,3.7,Summit Ridge,0,0,4,4,B0741DLVL7,,https://www.amd.com/en/support/downloads/drivers.html/processors/ryzen/ryzen-1000-series/amd-ryzen-3-1300x.html,N82E16819113445R,176486459,,YD130XBBAEBOX,Zen,True,True,0,0,,0,14 nm,2,64,DDR4,Boxed,0,False,65
185f2bd4-60af-4761-8d6e-25fd909571dd,AMD A10-7870K,AMD,A-Series A10 7000,7870K,2015,A-Series A10 7000,FM2+,185f2bd4-60af-4761-8d6e-25fd909571dd.json,2 × 96 KB Instruction + 4 × 16 KB Data (256 KB total),4,0,0,0,3.9,4.1,Kaveri,0,0,4,4,B00Y1AJLS2,,https://www.amd.com/en/support/downloads/drivers.html/processors/a-series/a10-series-apu-for-desktops/a10-7870k-with-radeon-r7-series.html,N82E16819113403,178763920,,AD787KXDJCBOX,Steamroller,False,True,866,0,AMD Radeon R7 Graphics,512,28 nm,2,64,DDR3,Boxed,0,False,95
18a5a222-98ff-417a-9e2e-1dbecb75ae2a,AMD Ryzen 5 2400G OEM/Tray,AMD,Ryzen 5 2000,2400G,2018,Ryzen 5 2000,AM4,18a5a222-98ff-417a-9e2e-1dbecb75ae2a.json,4 × 64 KB Instruction + 4 × 32 KB Data (384 KB total),2,4,0,0,3.6,3.9,Raven Ridge,0,0,8,4,B08NP7599D,,https://www.amd.com/en/support/downloads/drivers.html/processors/ryzen/ryzen-2000-series/amd-ryzen-5-2400g.html,N82E16819113513,,,YD2400C5M4MFB | HBS-NAA-QPD985,Zen,False,False,,1250,AMD Radeon Vega 11 Graphics,,14nm FinFET,2,64,DDR4,OEM/Tray,0,True,65
18f69196-6358-44bf-b485-7311d3035daa,Intel Xeon E3 1260L V5 OEM/Tray 2.9 GHz 4-Core LGA1151,Intel,Intel Xeon E3,,,Intel Xeon E3,LGA 1151,18f69196-6358-44bf-b485-7311d3035daa.json,,1,8,,,2.9,3.9,Skylake-H,,4,8,4,,,,,,,CM8066201921903,Skylake,True,False,,,,,14 nm,,64,,OEM/Tray,,True,45
1917223b-ee1e-4643-b0ef-e250bca0abf8,Intel Core i9 9820X,Intel,Core i9 9000,9820X,2018,Core i9 9000,LGA 2066,1917223b-ee1e-4643-b0ef-e250bca0abf8.json,10 × 32 KB Instruction + 10 × 32 KB Data (640 KB total),10,16.5,0,0,3.3,4.2,Skylake-X,0,0,20,10,B07KCCH7JL,,https://www.intel.com/content/www/us/en/products/sku/189121/intel-core-i99820x-xseries-processor-16-5m-cache-up-to-4-20-ghz/specifications.html,N82E16819117332,,,BX80673I99820X,Skylake,False,False,0,0,,0,14 nm,4,128,DDR4,Boxed,0,True,165
191c28ae-cac2-4752-bee1-b22e57c417af,Intel Core i7 6900K OEM/Tray,Intel,Core i7 6000,6900K,2016,Core i7 6000,LGA 2011-3,191c28ae-cac2-4752-bee1-b22e57c417af.json,8 × 32 KB Instruction + 8 × 32 KB Data (512 KB total),2,20,0,0,3.2,4,Broadwell-E,0,0,16,8,B01GIO0SG2,,https://www.intel.com/content/www/us/en/products/sku/94196/intel-core-i76900k-processor-20m-cache-up-to-3-70-ghz/specifications.html,N82E16819117646,712926063,,CM8067102056010,Broadwell E,False,False,0,0,,0,14 nm,4,128,DDR4,OEM/Tray,0,True,140
19670dac-d7e8-4c15-8caf-50764c3c6c40,Intel Core i7 4790T OEM/Tray,Intel,Core i7 4000,4790T,2014,Core i7 4000,LGA 1150,19670dac-d7e8-4c15-8caf-50764c3c6c40.json,4 × 32 KB Instruction + 4 × 32 KB Data (256 KB total),1,8,0,0,2.7,3.9,Haswell,0,0,8,4,B00KDMFXJI,,https://www.intel.com/content/www/us/en/products/sku/80809/intel-core-i74790t-processor-8m-cache-up-to-3-90-ghz/specifications.html,,,,CM8064601561513 | LYSB00KDMFXJI-CMPTRACCS,Haswell Refresh,False,False,350,1200,HD Graphics 4600,160,22 nm,2,32,DDR3,OEM/Tray,0,True,45
19fbd8f2-a226-4b83-9e5d-683db638d337,Intel Core i5 12400F,Intel,Core i5 12000,12400F,2022,Core i5 12000,LGA 1700,19fbd8f2-a226-4b83-9e5d-683db638d337.json,6 × 80 KB (L1 per-core total),7.5,18,0,0,2.5,4.4,Golden Cove,0,6,12,6,B09NPJRDGD,6492588,https://www.intel.com/content/www/us/en/products/sku/134587/intel-core-i512400f-processor-18m-cache-up-to-4-40-ghz/specifications.html,N82E16819118360,701068537,,BX8071512400F | i5-12400F | BX8071512400,Alder Lake,False,True,0,0,,0,Intel 7,2,128,DDR5 | DDR4,Boxed,117,True,65
1adb6d90-342a-4149-b3c8-a11d041bda48,Intel Xeon E3-1245 v6 OEM/Tray,Intel,Xeon E3 1200 v6,1245 v6,2017,Xeon E3 1200 v6,LGA 1151,1adb6d90-342a-4149-b3c8-a11d041bda48.json,4 × 32 KB Instruction + 4 × 32 KB Data (256 KB total),1,8,0,0,3.7,4.1,Kaby Lake-S,0,0,8,4,B06Y3Z2BJM,,https://www.intel.com/content/www/us/en/products/sku/97473/intel-xeon-processor-e31245-v6-8m-cache-3-70-ghz/specifications.html,,,,CM8067702870932,Kaby Lake,True,False,350,1150,Intel HD Graphics P630,192,14 nm,2,64,DDR3 | DDR4,OEM/Tray,0,True,73
1b79e37a-7f91-49b9-9f77-9964b9049cfb,Intel Core i9 7900X OEM/Tray,Intel,Core i9 7000,7900X,2017,Core i9 7000,LGA 2066,1b79e37a-7f91-49b9-9f77-9964b9049cfb.json,10 × 32 KB Instruction + 10 × 32 KB Data (640 KB total),10,13.75,0,0,3.3,4.5,Skylake-X,0,0,20,10,B073CJN5JJ,,https://www.intel.com/content/www/us/en/products/sku/123613/intel-core-i97900x-xseries-processor-13-75m-cache-up-to-4-30-ghz/specifications.html,9SIBZW0KGF3438,389884474,,CD8067303286804,Skylake,False,False,0,0,,0,14 nm,4,128,DDR4,OEM/Tray,0,True,140
1bdbeb35-0449-4d21-a297-213be55b1517,Intel Core i9 9900T OEM/Tray,Intel,Core i9 9000,9900T,2019,Core i9 9000,LGA 1151,1bdbeb35-0449-4d21-a297-213be55b1517.json,8 × 32 KB Instruction + 8 × 32 KB Data (512 KB total),2,16,0,0,2.1,4.4,Coffee Lake Refresh,0,0,16,8,B0DDKK8R6S,,https://www.intel.com/content/www/us/en/products/sku/191044/intel-core-i99900t-processor-16m-cache-up-to-4-40-ghz/specifications.html,9SIBZW0KFS7311,,,CM8068403874122,Coffee Lake,False,False,350,1200,Intel UHD Graphics 630,192,14 nm,2,128,DDR4,OEM/Tray,0,True,35
1bfc789d-fdf7-44d4-88d3-a5f1d5b2dc7c,Intel Core i9 10900KF,Intel,Core i9 10000,10900KF,2020,Core i9 10000,LGA 1200,1bfc789d-fdf7-44d4-88d3-a5f1d5b2dc7c.json,10 × 64 KB (32 KB L1I + 32 KB L1D),2.5,20,0,0,3.7,5.3,Comet Lake,0,0,20,10,B086MG1C7D,,https://www.intel.com/content/www/us/en/products/sku/199331/intel-core-i910900kf-processor-20m-cache-up-to-5-30-ghz/specifications.html,N82E16819118127,442689948,,BX8070110900KF | i9-10900KF,Comet Lake,False,False,0,0,,0,14 nm,2,128,DDR4,Boxed,0,True,125
1c16dbfa-0c47-425b-ad18-e06972ca6ffc,AMD A12-9800,AMD,A-Series A12 9000,9800,2017,A-Series A12 9000,AM4,1c16dbfa-0c47-425b-ad18-e06972ca6ffc.json,2 × 96 KB Instruction + 4 × 32 KB Data (320 KB total),2,0,0,0,3.8,4.2,Bristol Ridge,0,0,4,4,B074BGGL6L,,https://www.amd.com/en/support/downloads/drivers.html/processors/a-series/a12-series-apu-for-desktops/7th-gen-a12-9800-apu.html,9SIA4RE8171828,,,AD9800AUABBOX,Excavator,False,True,0,1108,AMD Radeon R7 Graphics,512,28 nm,2,64,DDR4,Boxed,0,False,65
1c19203f-0572-4ed0-80b4-37d940f1d8c9,AMD A6 A6-9550 3.8 GHz 2-Core AM4,AMD,AMD A6,,,AMD A6,AM4,1c19203f-0572-4ed0-80b4-37d940f1d8c9.json,,1,0,,,3.8,4,Bristol Ridge,,2,2,2,,,,,,,AD9550AGABBOX,Excavator,False,True,,,AMD Radeon R5 (on-die),,28 nm,,0,DDR4,Boxed,,False,65
1c972ff9-5284-4a30-b90c-cc51c9e1bce6,Intel Core i5 7500 OEM/Tray,Intel,Core i5 7000,7500,2017,Core i5 7000,LGA 1151,1c972ff9-5284-4a30-b90c-cc51c9e1bce6.json,4 × 32 KB Instruction + 4 × 32 KB Data (256 KB total),1,6,0,0,3.4,3.8,Kaby Lake,0,0,4,4,B01N7P76RZ,,https://www.intel.com/content/www/us/en/products/sku/97123/intel-core-i57500-processor-6m-cache-up-to-3-80-ghz/specifications.html,9SIBZW0KFT6315,2986703856,,CM8067702868012,Kaby Lake,False,False,350,1100,Intel HD Graphics 630,192,14 nm,2,64,DDR4 | DDR3,OEM/Tray,0,False,65
1caf4db8-ecaf-4067-b567-8aa0ad133980,Intel Core i5 4690K,Intel,Core i5 4000,4690K,2014,Core i5 4000,LGA 1150,1caf4db8-ecaf-4067-b567-8aa0ad133980.json,256 KB (4 × 32 KB Data + 4 × 32 KB Instruction),1,6,0,0,3.5,3.9,Haswell,0,0,4,4,B00KPRWB9G,,https://www.intel.com/content/www/us/en/products/sku/80811/intel-core-i54690k-processor-6m-cache-up-to-3-90-ghz/specifications.html,N82E16819117372,41996623,,BX80646I54690K,Haswell Refresh,False,True,350,1200,Intel HD Graphics 4600,160,22 nm,2,32,DDR3,Boxed,0,False,88
1cb9bc6a-0bb2-4340-b162-4cead081e9cb,AMD FX-8310 OEM/Tray,AMD,FX 8000,8310,2014,FX 8000,AM3+,1cb9bc6a-0bb2-4340-b162-4cead081e9cb.json,4 × 64 KB Instruction + 8 × 16 KB Data (384 KB total),8,8,0,0,3.4,4.3,Vishera,0,0,8,8,B0D5V673Y9,,,,,,FD8310WMW8KHK,Piledriver,False,False,0,0,,0,32 nm,2,64,DDR3,OEM/Tray,0,False,95
1cefeb0a-2b93-441f-a11d-3806b8ca937f,Intel Core i7 7700T 2.9 GHz 4-Core LGA1151,Intel,Intel Core i7,,,Intel Core i7,LGA 1151,1cefeb0a-2b93-441f-a11d-3806b8ca937f.json,,1,8,,,2.9,3.8,Kaby Lake-S,,4,8,4,,,,,,,BXC80677I77700T,Kaby Lake,False,True,,,Intel HD Graphics 630,,14 nm,,64,,Boxed,,True,35
1d316a65-4f63-447e-b3ea-ca485c4334ac,Intel Core i3 9100F,Intel,Core i3 9000,9100F,2019,Core i3 9000,LGA 1151,1d316a65-4f63-447e-b3ea-ca485c4334ac.json,4 × 64 KB (32 KB L1I + 32 KB L1D),1,6,0,0,3.6,4.2,Coffee Lake Refresh,0,0,4,4,B07R7Q3JZH,,https://www.intel.com/content/www/us/en/products/sku/190886/intel-core-i39100f-processor-6m-cache-up-to-4-20-ghz/specifications.html,N82E16819118072,995092780,,BX80684i39100F | i3-9100F | BX80684I39100F,Coffee Lake Refresh,True,True,0,0,,0,14 nm,2,64,DDR4,Boxed,0,False,65
1e7fa8c2-6f78-4b98-8b92-33066f7734e2,AMD Ryzen Threadripper 9970X,AMD,Ryzen Threadripper 9000,9970X,2025,Ryzen Threadripper 9000,sTR5,1e7fa8c2-6f78-4b98-8b92-33066f7734e2.json,32 KB Instruction + 32 KB Data per core (64 KB per core),32,128,0,0,4,5.4,Shimada Peak,0,0,64,32,B0FJ6FJN2H,6644816,https://www.amd.com/en/products/processors/ryzen-threadripper/9000-series/amd-ryzen-threadripper-9970x.html,N82E16819113915,17387009427,,Ryzen Threadripper 9970X | 100-000001594WOF | 100-100001594WOF,Zen 5,True,False,0,0,,0,"TSMC 4nm FinFET, TSMC 6nm FinFET",4,1024,DDR5,Boxed,0,True,350
1e8d10d0-184a-4a18-b9cd-48b5f36b7464,Intel Core i5 9400T (OEM/Tray),Intel,Core i5 9000,9400T,2018,Core i5 9000,LGA 1151,1e8d10d0-184a-4a18-b9cd-48b5f36b7464.json,6 × 32 KB Instruction + 6 × 32 KB Data (384 KB total),1.5,9,0,0,1.8,3.4,Coffee Lake Refresh,0,0,6,6,B086JYJ7BQ,,https://www.intel.com/content/www/us/en/products/sku/134893/intel-core-i59400t-processor-9m-cache-up-to-3-40-ghz/specifications.html,,,,CM8068403358915,Coffee Lake,False,False,350,1050,Intel UHD Graphics 630,192,14 nm,2,128,DDR4,OEM/Tray,0,False,35
1ede694a-b736-40f7-b161-e16210679772,Intel Core i9 10900,Intel,Core i9 10000,10900,2020,Core i9 10000,LGA 1200,1ede694a-b736-40f7-b161-e16210679772.json,10 × 32 KB Instruction + 10 × 32 KB Data (640 KB total),2.5,20,0,0,2.8,5.2,Comet Lake,0,0,20,10,B086ML4XSD,6411491,https://www.intel.com/content/www/us/en/products/sku/199328/intel-core-i910900-processor-20m-cache-up-to-5-20-ghz/specifications.html,N82E16819118125,984588167,,BX8070110900,Comet Lake,False,True,350,1200,Intel UHD Graphics 630,192,14 nm,2,128,DDR4,Boxed,0,True,65
1eed580c-0c1e-44dd-9cc6-74c749947ba1,AMD Pro A6 7400B 3.5 GHz 2-Core FM2+ OEM/Tray,AMD,AMD A6,,,AMD A6,FM2+,1eed580c-0c1e-44dd-9cc6-74c749947ba1.json,,1,0,,,3.5,3.9,Kaveri,,2,2,2,,,,,,,AD740BYBI23JA,Steamroller,False,False,,,AMD Radeon R5 (on-die),,28 nm,,0,,OEM/Tray,,False,65
1fa79f23-46c7-4a5f-b2f3-52674dad84a7,Intel Xeon E-2274G OEM/Tray,Intel,Xeon E 2200,2274G,2019,Xeon E 2200,LGA 1151,1fa79f23-46c7-4a5f-b2f3-52674dad84a7.json,4 × 32 KB Instruction + 4 × 32 KB Data (256 KB total),1,8,0,0,4,4.9,Coffee Lake-S WS,0,0,8,4,B088WHS5TJ,,https://www.intel.com/content/www/us/en/products/sku/191042/intel-xeon-e2274g-processor-8m-cache-4-00-ghz/specifications.html,,2350330218,,CM8068404174407,Coffee Lake,True,False,350,1200,Intel HD Graphics P630,192,14 nm,2,128,DDR4,OEM/Tray,0,True,83
2025520b-82c1-4243-8bda-cb0991f2a492,Intel Core i7 7700T OEM/Tray,Intel,Core i7 7000,7700T,2017,Core i7 7000,LGA 1151,2025520b-82c1-4243-8bda-cb0991f2a492.json,4 × 32 KB Instruction + 4 × 32 KB Data (256 KB total),1,8,0,0,2.9,3.8,Kaby Lake,0,0,8,4,B06XP8NH89,,https://www.intel.com/content/www/us/en/products/sku/97122/intel-core-i77700t-processor-8m-cache-up-to-3-80-ghz/specifications.html,,707724794,,CM8067702868416 | SR339,Kaby Lake,False,False,350,1150,Intel HD Graphics 630,192,14 nm,2,64,DDR4 | DDR3,OEM/Tray,0,True,35
2027bf67-9231-46ab-921d-b81868f28f9f,AMD Ryzen 9 PRO 7945 OEM/Tray,AMD,Ryzen 9 PRO 7000,7945,2023,Ryzen 9 PRO 7000,AM5,2027bf67-9231-46ab-921d-b81868f28f9f.json,12 × 64 KB Instruction + 12 × 32 KB Data (1152 KB total),12,64,0,0,3.7,5.4,Raphael,0,0,24,12,B0D1CKDQYJ,,https://www.amd.com/en/support/downloads/drivers.html/processors/ryzen-pro/ryzen-pro-7000-series/amd-ryzen-9-pro-7945.html,,,,100-000000598,Zen 4,True,False,400,2200,AMD Radeon Graphics,128,"TSMC 5nm FinFET, TSMC 6nm FinFET",2,128,DDR5,OEM/Tray,88,True,65
203b9652-9323-431a-b85d-291a06f88377,AMD PRO A10-7800B OEM/Tray,AMD,PRO A10 7000,7800B,2014,PRO A10 7000,FM2+,203b9652-9323-431a-b85d-291a06f88377.json,2 × 96 KB Instruction + 4 × 16 KB Data (256 KB total),4,0,0,0,3.5,3.9,Kaveri,0,0,4,4,,,https://www.amd.com/en/support/downloads/drivers.html/processors/pro-a-series/pro-a-series-a10-apu-for-desktops/a10-pro-7800b-with-radeon-r7-graphics.html,,,,AD780BYBI44JA,Steamroller,False,False,720,0,AMD Radeon R7 Graphics,512,28 nm,2,64,DDR3,OEM/Tray,0,False,65
208a3655-6a27-46c3-a276-acfe05108b36,Intel Core i9 9980XE,Intel,Core i9 9000,9980XE,2018,Core i9 9000,LGA 2066,208a3655-6a27-46c3-a276-acfe05108b36.json,1.125 MB (18×32 KB L1 Data + 18×32 KB L1 Instruction),18,24.75,0,0,3,4.4,Skylake-X,0,0,36,18,B07JGCMQY8,,https://www.intel.com/content/www/us/en/products/sku/189126/intel-core-i99980xe-extreme-edition-processor-24-75m-cache-up-to-4-50-ghz/specifications.html,N82E16819117966,740882552,,BX80673I99980X,Skylake,False,False,0,0,,0,14 nm,4,128,DDR4,Boxed,0,True,165
20b1d05b-c6ba-4577-b50a-e80f34681f04,Intel Xeon E5-2620 v3,Intel,Xeon E5 2600 v3,2620 v3,2014,Xeon E5 2600 v3,LGA 2011-3,20b1d05b-c6ba-4577-b50a-e80f34681f04.json,6 × 32 KB Instruction + 6 × 32 KB Data (384 KB total),1.5,15,0,0,2.4,3.2,Haswell-EP,0,0,12,6,B00M1BUUMO,,https://www.intel.com/content/www/us/en/products/sku/83352/intel-xeon-processor-e52620-v3-15m-cache-2-40-ghz/specifications.html,N82E16819117480,41867410,,BX80644E52620V3,Haswell,True,False,0,0,,0,22 nm,4,768,DDR4,Boxed,0,True,85
216c864a-93a8-4834-8c02-00768e900109,Intel Core i7 4790K,Intel,Core i7 4000,4790K,2014,Core i7 4000,LGA 1150,216c864a-93a8-4834-8c02-00768e900109.json,4 × 32 KB Instruction + 4 × 32 KB Data (256 KB total),1,8,0,0,4,4.4,Haswell,0,0,8,4,B00KPRWAX8,,https://www.intel.com/content/www/us/en/products/sku/80807/intel-core-i74790k-processor-8m-cache-up-to-4-40-ghz/specifications.html,N82E16819117369,39363188,,BXF80646I74790K,Haswell Refresh,False,False,350,1250,Intel HD Graphics 4600,160,22 nm,2,32,DDR3,Boxed,0,True,88
21d217b9-d570-482c-bc1f-d88ffba9f868,Intel Core i3 10300,Intel,Core i3 10000,10300,2020,Core i3 10000,LGA 1200,21d217b9-d570-482c-bc1f-d88ffba9f868.json,4 × 32 KB Instruction + 4 × 32 KB Data (256 KB total),1,8,0,0,3.7,4.4,Comet Lake,0,0,8,4,B086M8V695,,https://www.intel.com/content/www/us/en/products/sku/199281/intel-core-i310300-processor-8m-cache-up-to-4-40-ghz/specifications.html,N82E16819118137,686247821,,BX8070110300,Comet Lake,False,True,350,1150,Intel UHD Graphics 630,192,14 nm,2,128,DDR4,Boxed,0,True,65
222d95ca-323a-424a-8851-458549bf8771,Intel Core i5 7400,Intel,Core i5 7000,7400,2017,Core i5 7000,LGA 1151,222d95ca-323a-424a-8851-458549bf8771.json,4 × 32 KB Instruction + 4 × 32 KB Data (256 KB total),1,6,0,0,3,3.5,Kaby Lake,,0,4,4,B01NAQHL1Q,,https://www.intel.com/content/www/us/en/products/sku/97147/intel-core-i57400-processor-6m-cache-up-to-3-50-ghz/specifications.html,9SIBZW0KFT4931,359818806,,CM8067702867050,Kaby Lake,False,False,350,1000,Intel HD Graphics 630,192,14 nm,2,64,DDR4 | DDR3,OEM/Tray,0,False,65
22546c6c-9af1-4646-a9af-0ede3444c6b7,Intel Core i5 13400F,Intel,Core i5 13000,13400F,2023,Core i5 13000,LGA 1700,22546c6c-9af1-4646-a9af-0ede3444c6b7.json,6 x 80 KB + 4 x 96 KB,9.5,20,1.8,3.3,2.5,4.6,Raptor Cove / Gracemont,4,6,16,10,B0BQ6BRL4T,6530251,https://www.intel.com/content/www/us/en/products/sku/230501/intel-core-i513400f-processor-20m-cache-up-to-4-60-ghz/specifications.html,N82E16819118431,1546920346,,BX8071513400F | Core i5-13400F,Raptor Lake Refresh,False,True,0,0,,0,Intel 7,2,192,DDR5 | DDR4,Boxed,148,True,65
2299271b-5fcf-4a33-912d-afc59b3f3dc3,Intel Core i7 6850K,Intel,Core i7 6000,6850K,2016,Core i7 6000,LGA 2011-3,2299271b-5fcf-4a33-912d-afc59b3f3dc3.json,384 KB (6 × 32 KB Data + 6 × 32 KB Instruction),1.5,15,0,0,3.6,3.8,Broadwell-E,0,0,12,6,B01FJLAITC,,https://www.intel.com/content/www/us/en/products/sku/94188/intel-core-i76850k-processor-15m-cache-up-to-3-80-ghz/specifications.html,N82E16819117647,52329168,,BX80671I76850K,Broadwell E,False,False,0,0,,0,14 nm,4,128,DDR4,Boxed,0,True,140
22f7d1e2-6bd6-4fe3-adaa-55f683d3cf5f,AMD Ryzen 7 1700X,AMD,Ryzen 7 1000,1700X,2017,Ryzen 7 1000,AM4,22f7d1e2-6bd6-4fe3-adaa-55f683d3cf5f.json,8 × 64 KB Instruction + 8 × 32 KB Data (768 KB total),4,16,0,0,3.4,3.8,Summit Ridge,0,0,16,8,B06X3W9NGG,,https://www.amd.com/en/support/downloads/drivers.html/processors/ryzen/ryzen-1000-series/amd-ryzen-7-1700x.html,,55577372,,YD170XBCAEWOF | 116730,Zen,True,True,0,0,,0,14 nm,2,64,DDR4,Boxed,0,True,95
238446af-8ca2-4fa9-a34d-f7ca53e92a0d,Intel Xeon E5-1650 v2 OEM/Tray,Intel,Xeon E5 1600 v2,1650 v2,2013,Xeon E5 1600 v2,LGA 2011,238446af-8ca2-4fa9-a34d-f7ca53e92a0d.json,6 × 32 KB Instruction + 6 × 32 KB Data (384 KB total),1.5,12,0,0,3.5,3.9,Ivy Bridge-E,0,0,12,6,B00F3U005M,,https://www.intel.com/content/www/us/en/products/sku/75780/intel-xeon-processor-e51650-v2-12m-cache-3-50-ghz/specifications.html,N82E16819116983,,,CM8063501292204,Ivy Bridge EP,True,False,0,0,,0,22 nm,4,256,DDR3,OEM/Tray,0,True,130
239ab6f9-265c-4d69-99b0-18b1b57f0231,Intel Xeon E5-2470 v2,Intel,Xeon E5 2400 v2,2470 v2,2013,Xeon E5 2400 v2,LGA 1356,239ab6f9-265c-4d69-99b0-18b1b57f0231.json,10 × 32 KB Instruction + 10 × 32 KB Data (640 KB total),2.5,25,0,0,2.4,3.2,Ivy Bridge-EN,0,0,20,10,B00HVTHJQQ,,https://www.intel.com/content/www/us/en/products/sku/75266/intel-xeon-processor-e52470-v2-25m-cache-2-40-ghz/specifications.html,N82E16819117508,,,BX80634E52470V2,Ivy Bridge EN,True,False,0,0,,0,22 nm,3,384,DDR3,Boxed,0,True,95
23e6bfc0-9386-4dc9-ae96-27205baef755,Intel Xeon E5-2450 v2,Intel,Xeon E5 2400 v2,2450 v2,2013,Xeon E5 2400 v2,LGA 1356,23e6bfc0-9386-4dc9-ae96-27205baef755.json,8 × 32 KB Instruction + 8 × 32 KB Data (512 KB total),2,20,0,0,2.5,3.3,Ivy Bridge-EN,0,0,16,8,B00KG5F32E,,https://www.intel.com/content/www/us/en/products/sku/75264/intel-xeon-processor-e52450-v2-20m-cache-2-50-ghz/specifications.html,N82E16819117509,,,BX80634E52450V2,Ivy Bridge EN,True,False,0,0,,0,22 nm,3,384,DDR3,Boxed,0,True,95
23e954aa-3f6e-4738-895a-33539e595d84,AMD Athlon X4 845,AMD,Athlon X4 800,845,2016,Athlon X4 800,FM2+,23e954aa-3f6e-4738-895a-33539e595d84.json,2 × 96 KB Instruction + 4 × 16 KB Data (256 KB total),2,0,0,0,3.5,3.8,Carrizo,0,0,4,4,B01BF376EI,,,N82E16819113411,131311191,,AD845XACI43KA,Excavator,False,True,0,0,,0,28 nm,2,64,DDR3,Boxed,0,False,65
2423fc7f-22b9-4613-a5b9-7e097571e794,Intel Xeon E5 1630 V4 OEM/Tray,Intel,Xeon E5 1600 v4,1630 v4,2016,Xeon E5 1600 v4,LGA 2011-3,2423fc7f-22b9-4613-a5b9-7e097571e794.json,4 × 32 KB Instruction + 4 × 32 KB Data (256 KB total),1,10,0,0,3.7,4,Broadwell-EP,0,0,8,4,B01HK3W99E,,https://www.intel.com/content/www/us/en/products/sku/92987/intel-xeon-processor-e51630-v4-10m-cache-3-70-ghz/specifications.html,9SIB33YKY19297,2204410125,,CM8066002395300,Broadwell,True,False,0,0,,0,14 nm,4,1536,DDR4,OEM/Tray,0,True,140
247c298b-6d94-4740-ac2f-ff7171d70499,AMD Ryzen Threadripper PRO 7985WX,AMD,Ryzen Threadripper PRO 7000,7985WX,2023,Ryzen Threadripper PRO 7000,sTR5,247c298b-6d94-4740-ac2f-ff7171d70499.json,24 × (32 KB I + 48 KB D) L1 cache,64,256,0,0,3.2,5.1,Storm Peak,0,0,128,64,B0CK3BSWQY,12215037,https://www.amd.com/en/support/downloads/drivers.html/processors/ryzen-threadripper-pro/amd-ryzen-threadripper-pro-7000-wx-series/amd-ryzen-threadripper-pro-7985wx.html,N82E16819113809,17365912205,,100-100000454WOF,Zen 4,True,False,0,0,,0,"TSMC 5nm FinFET, TSMC 6nm FinFET",8,2,DDR5,Boxed,0,True,350
24b3997b-1de2-42f5-a680-07818370a0da,AMD Ryzen 7 7700X3D,AMD,Ryzen 7 7000,7700X3D,2026,Ryzen 7 7000,AM5,24b3997b-1de2-42f5-a680-07818370a0da.json,8 × 64 KB (32 KB L1I + 32 KB L1D),8,96,0,0,4,4.5,Raphael,0,0,16,8,B0H71CW1SZ,,https://www.amd.com/en/products/processors/desktops/ryzen/7000-series/amd-ryzen-7-7700x3d.html,N82E16819113941,20657920229,,100-100002235WOF | AMD Ryzen 7 7700X3D | 100100002235WOF,Zen 4,True,False,,2200,AMD Radeon Graphics,128,"TSMC 5nm FinFET, TSMC 6nm FinFET",2,128,DDR5,Boxed,,True,120
251568e9-fc5d-44c3-bf09-81ba16def995,Intel Core i7 10700KF,Intel,Core i7 10000,10700KF,2020,Core i7 10000,LGA 1200,251568e9-fc5d-44c3-bf09-81ba16def995.json,8 × 32 KB Instruction + 8 × 32 KB Data (512 KB total),2,16,0,0,3.8,5.1,Comet Lake,0,0,16,8,B0883NG13L,,https://www.intel.com/content/www/us/en/products/sku/199325/intel-core-i710700kf-processor-16m-cache-up-to-5-10-ghz/specifications.html,N82E16819118128,827660160,,BX8070110700KF,Comet Lake,False,False,0,0,,0,14 nm,2,128,DDR4,Boxed,0,True,125
25aa1b27-21d2-4700-9149-491ed266e9e8,Intel Core i7 6850K 3.6 GHz 6-Core LGA2011-3,Intel,Intel Core i7,,,Intel Core i7,LGA 2011-3,25aa1b27-21d2-4700-9149-491ed266e9e8.json,,5,15,,,3.6,3.8,Broadwell-E,,6,12,6,,,,,,,BXC80671I76850K,Broadwell,False,False,,,,,14 nm,,0,,Boxed,,True,140
25eb5fd4-728d-4e7e-b59a-d67a90f2fe60,AMD A4-7300,AMD,A-Series A4 7000,7300,2014,A-Series A4 7000,FM2,25eb5fd4-728d-4e7e-b59a-d67a90f2fe60.json,1 × 64 KB Instruction + 2 × 16 KB Data (96 KB total),1,0,0,0,3.8,4,Richland,0,0,2,2,B00MU00HGK,,https://www.amd.com/en/support/downloads/drivers.html/processors/a-series/a4-series-apu-for-desktops/a4-7300-with-radeon-hd-8470d.html,,,,AD7300OKHLBOX,Piledriver,False,True,800,,AMD Radeon HD 8470D,192,32 nm,2,64,DDR3,Boxed,0,False,65
26958ace-558b-4181-ba1a-82a0fbc8a132,Intel Pentium Gold G6400,Intel,Pentium Gold G6000,G6400,2020,Pentium Gold G6000,LGA 1200,26958ace-558b-4181-ba1a-82a0fbc8a132.json,2 × 32 KB Instruction + 2 × 32 KB Data (128 KB total),,4,0,0,4,4,Comet Lake,0,0,4,2,B086MHSH2Z,6411497,https://www.intel.com/content/www/us/en/products/sku/199288/intel-pentium-gold-g6400-processor-4m-cache-4-00-ghz/specifications.html,N82E16819118141,467415223,2025-07-28T23:30:30.778Z,BX80701G6400,Comet Lake,False,False,350,1050,Intel UHD Graphics 610,96,14 nm,2,128,DDR4,Boxed,0,True,58
26b0bb00-dceb-406c-a60d-e82454d810a3,Intel Core i5 11600,Intel,Core i5 11000,11600,2021,Core i5 11000,LGA 1200,26b0bb00-dceb-406c-a60d-e82454d810a3.json,6 × 32 KB Instruction + 6 × 48 KB Data (480 KB total),3,12,0,0,2.8,4.8,Rocket Lake,0,0,12,6,B08X5XWNTB,,https://www.intel.com/content/www/us/en/products/sku/212274/intel-core-i511600-processor-12m-cache-up-to-4-80-ghz/specifications.html,N82E16819118238,905457791,,BX8070811600,Rocket Lake,False,True,350,1300,Intel UHD Graphics 750,256,14 nm,2,128,DDR4,Boxed,0,True,65
270489aa-e7db-49f2-bfbe-0e122b4fb093,Intel Core i5 9600K,Intel,Core i5 9000,9600K,2018,Core i5 9000,LGA 1151,270489aa-e7db-49f2-bfbe-0e122b4fb093.json,6 × 32 KB Instruction + 6 × 32 KB Data (384 KB total),1.5,9,0,0,3.7,4.6,Coffee Lake,0,0,6,6,B07KK9CM9V,,https://www.intel.com/content/www/us/en/products/sku/134896/intel-core-i59600k-processor-9m-cache-up-to-4-60-ghz/specifications.html,N82E16819117959,838867177,,CM8068403874404,Coffee Lake,False,False,350,1150,Intel UHD Graphics 630,192,14 nm,2,128,DDR4,Boxed,0,False,95
27371786-817b-4ddf-bd01-75c69349a80a,Intel Xeon E5 2660 V2,Intel,Xeon E5 2600 v2,2660 v2,2013,Xeon E5 2600 v2,LGA 2011,27371786-817b-4ddf-bd01-75c69349a80a.json,10 × 32 KB Instruction + 10 × 32 KB Data (640 KB total),2.5,25,0,0,2.2,3,Ivy Bridge-EP,0,0,20,10,B00F3TZAJE,,https://www.intel.com/content/www/us/en/products/sku/75272/intel-xeon-processor-e52660-v2-25m-cache-2-20-ghz/specifications.html,,5202400206,,BX80635E52660V2,Ivy Bridge EP,True,False,0,0,,0,22 nm,4,768,DDR3,Boxed,0,True,95
2761ac98-b4fc-4cf0-aca8-d7d08a5bb573,Intel Xeon E3 1225 V5,Intel,Xeon E3 1200 v5,1225 v5,2015,Xeon E3 1200 v5,LGA 1151,2761ac98-b4fc-4cf0-aca8-d7d08a5bb573.json,4 × 32 KB Instruction + 4 × 32 KB Data (256 KB total),1,8,0,0,3.3,3.7,Skylake-DT,0,0,4,4,B015T3S9EG,,https://www.intel.com/content/www/us/en/products/sku/88168/intel-xeon-processor-e31225-v5-8m-cache-3-30-ghz/specifications.html,N82E16819117612,47932537,,CM8066201922605,Skylake,True,False,400,1150,Intel HD Graphics P530,192,14 nm,2,64,DDR4 | DDR3,Boxed,0,False,80
27778427-bef4-4f66-91df-9b3be67b7e2e,AMD A6-7400K,AMD,A6-7000,A6-7400K,2014,A6-7000,FM2+,27778427-bef4-4f66-91df-9b3be67b7e2e.json,2 × 32 KB Instruction + 2 × 32 KB Data (64 KB total),1,0,0,0,3.5,3.9,Kaveri,0,0,2,2,B00LUH17XG,,https://www.amd.com/en/support/downloads/drivers.html/processors/a-series/a6-series-apu-for-desktops/a6-7400k-with-radeon-r5-series.html,N82E16819113370,39520847,,AD740KYBJABOX,Steamroller,False,False,0,758,AMD Radeon R5 Graphics,256,28 nm,2,32,DDR3,Boxed,0,False,65
27c44194-75c5-468f-a8f3-3847cc0c7bce,Intel Core i9 9820X,Intel,Core i9 9000,9820X,2018,Core i9 9000,LGA 2066,27c44194-75c5-468f-a8f3-3847cc0c7bce.json,10 × 32 KB Instruction + 10 × 32 KB Data (640 KB total),10,16.5,0,0,3.3,4.1,Skylake-X,0,0,20,10,B07KCCH7JL,,https://www.intel.com/content/www/us/en/products/sku/189121/intel-core-i99820x-xseries-processor-16-5m-cache-up-to-4-20-ghz/specifications.html,N82E16819117332,,,BX80673I99820X,Skylake,False,False,0,0,,0,14 nm,4,128,DDR4,Boxed,0,True,165
27ddd147-32ca-46ae-802b-c288f94f1f60,Intel Core i9 11900K,Intel,Core i9 11000,11900K,2021,Core i9 11000,LGA 1200,27ddd147-32ca-46ae-802b-c288f94f1f60.json,8 × 80 KB (32 KB L1I + 48 KB L1D),4,16,0,0,3.5,5.3,Cypress Cove,0,0,16,8,B08X6PPTTH,6452222,https://www.intel.com/content/www/us/en/products/sku/212325/intel-core-i911900k-processor-16m-cache-up-to-5-30-ghz/specifications.html,N82E16819118231,977362339,,BX8070811900K,Rocket Lake,False,False,350,1300,Intel UHD Graphics 750,256,14 nm,2,128,DDR4,Boxed,0,True,125
27ea1b17-ea0f-46b7-bab2-ec21c9b4b694,Intel Xeon E5 1620 V3 OEM/Tray 3.5 GHz 4-Core LGA2011-3,Intel,Intel Xeon E5,,,Intel Xeon E5,LGA 2011-3,27ea1b17-ea0f-46b7-bab2-ec21c9b4b694.json,,1,10,,,3.5,3.6,Haswell-EP,,4,8,4,,,,,,,CM8064401973600,Haswell,True,False,,,,,22 nm,,0,,OEM/Tray,,True,140
28155df9-8c91-4150-8786-96b8c54c309c,Intel Core i7 13700K,Intel,Core i7 13000,13700K,2022,Core i7 13000,LGA 1700,28155df9-8c91-4150-8786-96b8c54c309c.json,8 × 80 KB + 8 × 64 KB (L1 per-core totals),24,30,2.5,4.2,3.4,5.3,Raptor Cove / Gracemont,8,8,24,16,B0BCF57FL5,6521194,https://www.intel.com/content/www/us/en/products/sku/230500/intel-core-i713700k-processor-30m-cache-up-to-5-40-ghz/specifications.html,,1632323638,,BX8071513700K | i7-13700K | Intel Core i7-13700K,Raptor Lake Refresh,True,False,300,1600,Intel UHD Graphics 770,256,Intel 7,2,192,DDR5 | DDR4,Boxed,253,True,125
287b108d-79e7-4ccc-8a28-55c0e294469e,Intel Core i5 4690K 3.5 GHz 4-Core LGA1150,Intel,Intel Core i5,,,Intel Core i5,LGA 1150,287b108d-79e7-4ccc-8a28-55c0e294469e.json,,1,6,,,3.5,3.9,Haswell Refresh,,4,4,4,,,,,,,CM8064601710803,Haswell Refresh,False,False,,,Intel HD Graphics 4600,,22 nm,,0,,OEM/Tray,,False,88
28d1cde9-50aa-4565-952b-ef06e454fe46,Intel Core i5 4690S,Intel,Core i5 4000,4690S,2014,Core i5 4000,LGA 1150,28d1cde9-50aa-4565-952b-ef06e454fe46.json,4 × 32 KB Instruction + 4 × 32 KB Data (256 KB total),1,6,0,0,3.2,3.9,Haswell,0,0,4,4,B00J2LIF3C,,https://www.intel.com/content/www/us/en/products/sku/80812/intel-core-i54690s-processor-6m-cache-up-to-3-90-ghz/specifications.html,,41527782,,BX80646I54690S,Haswell,False,True,350,1200,Intel HD Graphics 4600,160,22 nm,2,32,DDR3,Boxed,0,False,65
29663d40-35a2-4240-ab87-778bacff4a1b,AMD A8 Pro 7600B OEM/Tray,AMD,A8 PRO 7000,7600B,2014,A8 PRO 7000,FM2+,29663d40-35a2-4240-ab87-778bacff4a1b.json,2 × 96 KB Instruction + 4 × 16 KB Data (256 KB total),4,0,0,0,3.1,3.8,Kaveri,0,0,4,4,,,https://www.amd.com/en/support/downloads/drivers.html/processors/pro-a-series/pro-a-series-a8-apu-for-desktops/a8-pro-7600b-with-radeon-r7-graphics.html,,,,AD760BYBI44JA,Steamroller,False,False,720,0,AMD Radeon R7 Graphics,384,28 nm,2,64,DDR3,OEM/Tray,0,False,65
296774f6-2c83-4ce0-b475-125e4c88c0d1,Intel Core i5 7640X,Intel,Core i5 7000,7640X,2017,Core i5 7000,LGA 2066,296774f6-2c83-4ce0-b475-125e4c88c0d1.json,4 × 32 KB Instruction + 4 × 32 KB Data (256 KB total),1,6,0,0,4,4.2,Kaby Lake-X,0,0,4,4,B071KMBHS8,,https://www.intel.com/content/www/us/en/products/sku/121500/intel-core-i57640x-xseries-processor-6m-cache-up-to-4-20-ghz/specifications.html,N82E16819117791,641617898,,BX80677I57640X,Kaby Lake,False,False,0,0,,0,14 nm,2,64,DDR4,Boxed,0,False,112
298af2a1-9111-4100-bc6e-4f6c03beaf72,Intel Core i5 9400 OEM/Tray,Intel,Core i5 9000,9400,2018,Core i5 9000,LGA 1151,298af2a1-9111-4100-bc6e-4f6c03beaf72.json,6 × 32 KB Instruction + 6 × 32 KB Data (384 KB total),1.5,9,0,0,2.9,4.1,Coffee Lake Refresh,0,0,6,6,B088T6S5DN,,https://www.intel.com/content/www/us/en/products/sku/134898/intel-core-i59400-processor-9m-cache-up-to-4-10-ghz/specifications.html,N82E16819118029,,,CM8068403875505,Coffee Lake,False,False,350,1050,Intel UHD Graphics 630,192,14 nm,2,128,DDR4,OEM/Tray,0,False,65
2a28256e-83fa-4e1a-9030-ffb0b824b5e2,Intel Xeon E3-1231 v3,Intel,Xeon E3 1200 v3,1231 v3,2014,Xeon E3 1200 v3,LGA 1150,2a28256e-83fa-4e1a-9030-ffb0b824b5e2.json,4 × 32 KB Instruction + 4 × 32 KB Data (256 KB total),1,8,0,0,3.4,3.8,Haswell-WS,0,0,8,4,B00KASFWKK,,https://www.intel.com/content/www/us/en/products/sku/80910/intel-xeon-processor-e31231-v3-8m-cache-3-40-ghz/specifications.html,N82E16819117316,39128228,,BX80646E31231V3 | FBA_1357338,Haswell,True,True,0,0,,0,22 nm,2,32,DDR3,Boxed,0,True,80
2a527e3b-b387-4e1b-840f-ac53cf52fe44,Intel Xeon E5-1650 v3,Intel,Xeon E5 1600 v3,1650 v3,2014,Xeon E5 1600 v3,LGA 2011-3,2a527e3b-b387-4e1b-840f-ac53cf52fe44.json,6 × 32 KB Instruction + 6 × 32 KB Data (384 KB total),1.5,15,0,0,3.5,3.8,Haswell-EP,0,0,12,6,B00O2UWGW4,,https://www.intel.com/content/www/us/en/products/sku/82765/intel-xeon-processor-e51650-v3-15m-cache-3-50-ghz/specifications.html,,41970814,,BX80644E51650V3,Haswell,True,False,0,0,,0,22 nm,4,768,DDR4,Boxed,0,True,140
2a6bfb8f-72ee-4a6b-9f03-a6b92c6893b5,Intel Core Ultra 5 225F,Intel,Core Ultra 5 200,225F,2025,Core Ultra 5 200,LGA 1851,2a6bfb8f-72ee-4a6b-9f03-a6b92c6893b5.json,"192KB per P-core, 96KB per E-core",22,20,2.7,4.4,3.3,4.9,Lion Cove / Skymont,4,6,10,10,B0DT7CW7VR,,https://www.intel.com/content/www/us/en/products/sku/241069/intel-core-ultra-5-processor-225f-20m-cache-up-to-4-90-ghz/specifications.html,N82E16819118578,15171450058,,BX80768225F,Arrow Lake,False,False,0,0,,0,TSMC N3B,2,256,DDR5,Boxed,121,False,65
2ab00ac9-d91e-4250-9297-2bdd6f617d41,AMD Ryzen 9 7900,AMD,Ryzen 9 7000,7900,2023,Ryzen 9 7000,AM5,2ab00ac9-d91e-4250-9297-2bdd6f617d41.json,12 × 64 KB (32 KB L1I + 32 KB L1D),12,64,0,0,3.7,5.4,Raphael,0,0,24,12,B0BMQK718H,6530446,https://www.amd.com/en/products/processors/desktops/ryzen/7000-series/amd-ryzen-9-7900.html,N82E16819113785,2269166702,,100-100000590BOX | 100-00000590BOX,Zen 4,True,True,400,2200,AMD Radeon Graphics,128,"TSMC 5nm FinFET, TSMC 6nm FinFET",2,128,DDR5,Boxed,88,True,65
2ad8ca67-5f7d-4f45-a7aa-005770ef092d,Intel Xeon E5-2643 v2,Intel,Xeon E5 2600 v2,2643 v2,2013,Xeon E5 2600 v2,LGA 2011,2ad8ca67-5f7d-4f45-a7aa-005770ef092d.json,6 × 32 KB Instruction + 6 × 32 KB Data (384 KB total),1.5,15,0,0,3.5,3.8,Ivy Bridge-EP,0,0,12,6,B00F3TZM9C,,https://www.intel.com/content/www/us/en/products/sku/75268/intel-xeon-processor-e52643-v2-25m-cache-3-50-ghz/specifications.html,N82E16819117376,1208139463,,CM8063501287403,Ivy Bridge EP,True,False,0,0,,0,22 nm,4,768,DDR3,OEM/Tray,0,True,130
2aee2c99-b1b1-4a64-bdca-e6b3584ae4f7,AMD A 6 7400K 3.5 GHz 2-Core FM2+ OEM/Tray,AMD,AMD A6,,,AMD A6,FM2+,2aee2c99-b1b1-4a64-bdca-e6b3584ae4f7.json,,1,0,,,3.5,3.9,Kaveri,,2,2,2,,,,,,,AD740KYBI23JA,Steamroller,False,False,,,AMD Radeon R5 (on-die),,28 nm,,0,,OEM/Tray,,False,65
2b6e8f53-c9c6-4a64-a9fd-75d40fa7150a,AMD Ryzen 5 2600X,AMD,Ryzen 5 2000,2600X,2018,Ryzen 5 2000,AM4,2b6e8f53-c9c6-4a64-a9fd-75d40fa7150a.json,6 × (32 KB Data + 64 KB Instruction) = 576 KB total,3,16,0,0,3.6,4.2,Pinnacle Ridge,0,0,12,6,B07B428V2L,,https://www.amd.com/en/support/downloads/drivers.html/processors/ryzen/ryzen-2000-series/amd-ryzen-5-2600x.html,N82E16819113497,589567387,,YD260XBCAFBOX,Zen+,False,True,0,0,,0,12nm FinFET,2,64,DDR4,Boxed,0,True,95
2bbcd24b-206e-4bb0-bff9-28e7bd5b0312,Intel Core i5 9500T OEM/Tray,Intel,Core i5 9000,9500T,2018,Core i5 9000,LGA 1151,2bbcd24b-206e-4bb0-bff9-28e7bd5b0312.json,6 × 32 KB Instruction + 6 × 32 KB Data (384 KB total),1.5,9,0,0,2.2,3.7,Coffee Lake Refresh,0,0,6,6,B0C8BVJGCN,,https://www.intel.com/content/www/us/en/products/sku/191052/intel-core-i59500t-processor-9m-cache-up-to-3-70-ghz/specifications.html,,898805278,,CM8068403362510,Coffee Lake,False,False,350,1100,Intel UHD Graphics 630,192,14 nm,2,128,DDR4,OEM/Tray,0,False,35
2c0ed4a5-939f-4902-bfeb-cb16c0890ef2,AMD Ryzen 9 3950X,AMD,Ryzen 9 3000,3950X,2019,Ryzen 9 3000,AM4,2c0ed4a5-939f-4902-bfeb-cb16c0890ef2.json,16 × (32 KB Data + 32 KB Instruction) = 1 MB total,8,64,0,0,3.5,4.7,Matisse,0,0,32,16,B07ZTYKLZW,6391901,https://www.amd.com/en/support/downloads/drivers.html/processors/ryzen/ryzen-3000-series/amd-ryzen-9-3950x.html,N82E16819113616,496752740,,100-100000051WOF | AMD Ryzen 9 3950X,Zen 2,True,False,0,0,,0,"TSMC 7nm FinFET, 12nm (Globalfoundries)",2,128,DDR4,Boxed,142,True,105
2c54d002-b785-4e74-943d-e7288d840108,Intel Core i7 6700 OEM/Tray,Intel,Core i7 6000,6700,2015,Core i7 6000,LGA 1151,2c54d002-b785-4e74-943d-e7288d840108.json,4 × 32 KB Instruction + 4 × 32 KB Data (256 KB total),1,8,0,0,3.4,4,Skylake,0,0,8,4,B015XEW9BA,,https://www.intel.com/content/www/us/en/products/sku/88196/intel-core-i76700-processor-8m-cache-up-to-4-00-ghz/specifications.html,,166711535,,CM8066201920103,Skylake,False,False,350,1150,Intel HD Graphics 530,192,14 nm,2,64,DDR4 | DDR3,OEM/Tray,0,True,65
2c739528-49a0-4e78-8046-993ae71f3167,AMD Ryzen Threadripper PRO 9945WX,AMD,Ryzen Threadripper PRO 9000,9945WX,2025,Ryzen Threadripper PRO 9000,sTR5,2c739528-49a0-4e78-8046-993ae71f3167.json,12 × 64 KB Instruction + 12 × 32 KB Data (1152 KB total),12,64,0,0,4.7,5.4,Shimada Peak,0,0,24,12,,,https://www.amd.com/en/products/processors/workstations/ryzen-threadripper/9000-wx-series/amd-ryzen-threadripper-pro-9945wx.html,,,,Ryzen Threadripper PRO 9945WX,Zen 5,True,False,0,0,,0,"TSMC 4nm FinFET, TSMC 6nm FinFET",8,2048,DDR5,Boxed,0,True,350
2cab4b82-d7ff-46f1-9148-421caabdd24d,Intel Core i7-13700T,Intel,Core i7 13000,13700T,2023,Core i7 13000,LGA 1700,2cab4b82-d7ff-46f1-9148-421caabdd24d.json,8 × 64 KB Instruction + 8 × 48 KB Data + 8 × 64 KB Instruction + 8 × 32 KB Data (1664 KB total),24,30,1,3.6,1.4,4.9,Raptor Lake-S,8,8,24,16,,,https://www.intel.com/content/www/us/en/products/sku/230492/intel-core-i713700t-processor-30m-cache-up-to-4-90-ghz/specifications.html,,,,CM8071504820903 | BX8071513700,Raptor Lake,True,False,300,1600,UHD 770,512,Intel 7,2,192,DDR5 | DDR4,Boxed,106,True,35
2cfe7cca-79ec-4c25-be93-14494bf171cd,Intel Xeon E 2174G 3.8 GHz 4-Core LGA1151,Intel,Intel Xeon E,,,Intel Xeon E,LGA 1151,2cfe7cca-79ec-4c25-be93-14494bf171cd.json,,1,8,,,3.8,4.7,Coffee Lake,,4,8,4,,,,,,,BX80684E2174G,Coffee Lake,True,False,,,Intel HD Graphics P630,,14 nm,,64,,Boxed,,True,71
2d13d0bd-abc8-42e3-b8f6-64ae86b3d24d,Intel Xeon E5-2660 v3,Intel,Xeon E5-2000 v3,E5-2660 v3,2014,Xeon E5-2000 v3,LGA 2011-3,2d13d0bd-abc8-42e3-b8f6-64ae86b3d24d.json,10 × 32 KB Instruction + 10 × 32 KB Data (640 KB total),2.5,25,0,0,2.6,3.3,Haswell-EP,0,0,20,10,B016APJ8Y2,,https://www.intel.com/content/www/us/en/products/sku/81706/intel-xeon-processor-e52660-v3-25m-cache-2-60-ghz/specifications.html,,416399757,2025-07-28T23:24:55.122Z,BX80644E52660V3 | SR1XR,Haswell,True,False,0,0,,0,22 nm,4,768,DDR4,Boxed,0,True,105
2e3b7f24-a606-4652-9ffa-74a7f1c41bfe,Intel Core i7 10700F,Intel,Core i7 10000,10700F,2020,Core i7 10000,LGA 1200,2e3b7f24-a606-4652-9ffa-74a7f1c41bfe.json,512 KB total (8 × 32 KB L1 Data Cache + 8 × 32 KB L1 Instruction Cache),2,16,0,0,2.9,4.8,Comet Lake,0,0,16,8,B086MN2XYL,,https://www.intel.com/content/www/us/en/products/sku/199318/intel-core-i710700f-processor-16m-cache-up-to-4-80-ghz/specifications.html,9SIASGMKB19391,912350317,,BX8070110700F,Comet Lake,False,True,0,0,,0,14 nm,2,128,DDR4,Boxed,224,True,65
2e6e5bc8-ed9a-44c5-90ad-28bb50220289,Intel Xeon E3-1280 v6 OEM/Tray,Intel,Xeon E3 1200 v6,1280 v6,2017,Xeon E3 1200 v6,LGA 1151,2e6e5bc8-ed9a-44c5-90ad-28bb50220289.json,4 × 32 KB Instruction + 4 × 32 KB Data (256 KB total),1,8,0,0,3.9,4.2,Kaby Lake-S,0,0,8,4,B06Y3PBYM9,,https://www.intel.com/content/www/us/en/products/sku/97475/intel-xeon-processor-e31280-v6-8m-cache-3-90-ghz/specifications.html,9SIB33YKY19024,,,CM8067702870647,Kaby Lake,True,False,0,0,,0,14 nm,2,64,DDR4 | DDR3,OEM/Tray,0,True,72
2e79dd02-9922-4846-ad76-c7c268bd0b86,Intel Xeon E3-1285 v6,Intel,Xeon E3-1200 v6,E3-1285 v6,2017,Xeon E3-1200 v6,LGA 1151,2e79dd02-9922-4846-ad76-c7c268bd0b86.json,4 × 32 KB Instruction + 4 × 32 KB Data (256 KB total),1,8,0,0,4.1,4.5,Kaby Lake-DT,0,0,8,4,B077RVK5YP,,https://www.intel.com/content/www/us/en/products/sku/99978/intel-xeon-processor-e31285-v6-8m-cache-4-10-ghz/specifications.html,,,,CM8067702870937,Kaby Lake,True,False,350,1150,Intel HD Graphics P630,192,14 nm,2,64,DDR4 | DDR3,OEM/Tray,0,True,79
2e92a455-b6df-4dcc-9dbb-5277bf3b537b,Intel Xeon E3 1270 V6 3.8 GHz 4-Core LGA1151,Intel,Intel Xeon E3,,,Intel Xeon E3,LGA 1151,2e92a455-b6df-4dcc-9dbb-5277bf3b537b.json,,1,8,,,3.8,4.2,Kaby Lake-S,,4,8,4,,,,,,,BX80677E31270V6,Kaby Lake,True,True,,,,,14 nm,,64,,Boxed,,True,72
2fab13a0-42a4-4698-919c-99f167e1d0b0,AMD Ryzen 7 1700X,AMD,Ryzen 7 1000,1700X,2017,Ryzen 7 1000,AM4,2fab13a0-42a4-4698-919c-99f167e1d0b0.json,8 × 64 KB Instruction + 8 × 32 KB Data (768 KB total),4,16,0,0,3.4,3.8,Summit Ridge,0,0,16,8,B07PHD73V6,,https://www.amd.com/en/support/downloads/drivers.html/processors/ryzen/ryzen-1000-series/amd-ryzen-7-1700x.html,N82E16819113429,55577372,,YD170XBCAEMPK,Zen,True,True,0,0,,0,14 nm,2,64,DDR4,Boxed,0,True,95
301703ae-e5a6-4804-906e-89d4d430d5aa,Intel Core i5 6500T,Intel,Core i5 6000,6500T,2015,Core i5 6000,LGA 1151,301703ae-e5a6-4804-906e-89d4d430d5aa.json,4 × 32 KB Instruction + 4 × 32 KB Data (256 KB total),1,6,0,0,2.5,3.1,Skylake,0,0,4,4,B0161UZZR0,,https://www.intel.com/content/www/us/en/products/sku/88183/intel-core-i56500t-processor-6m-cache-up-to-3-10-ghz/specifications.html,,,,BXC80662I56500T,Skylake,False,True,350,1100,Intel HD Graphics 530,192,14 nm,2,64,DDR4 | DDR3,Boxed,0,False,35
310fc3af-a1f1-4923-8f2f-5f835020fac1,Intel Core i9 13900KF,Intel,Core i9 13000,13900KF,2022,Core i9 13000,LGA 1700,310fc3af-a1f1-4923-8f2f-5f835020fac1.json,"8×32 KB L1D + 8×48 KB L1I, 16×32 KB L1D + 16×64 KB L1I (2176 KB total)",32,36,2.2,4.3,3,5.8,Raptor Cove,16,8,32,24,B0BCFM3CJ4,6521192,https://www.intel.com/content/www/us/en/products/sku/230497/intel-core-i913900kf-processor-36m-cache-up-to-5-80-ghz/specifications.html,N82E16819118413,1229435543,,BX8071513900KF | i9-13900KF,Raptor Lake,False,False,0,0,,0,Intel 7,2,192,DDR5 | DDR4,Boxed,253,True,125
31606fb8-29d9-43fc-bc34-7a7f7ec309c3,Intel Core i5 11400,Intel,Core i5 11000,11400,2021,Core i5 11000,LGA 1200,31606fb8-29d9-43fc-bc34-7a7f7ec309c3.json,6 × 80 KB (32 KB L1I + 48 KB L1D),3,12,0,0,2.6,4.4,Rocket Lake,0,0,12,6,B08X6JPK4K,6452218,https://www.intel.com/content/www/us/en/products/sku/212270/intel-core-i511400-processor-12m-cache-up-to-4-40-ghz/specifications.html,N82E16819118241,458835697,,BX8070811400 | i5-11400,Rocket Lake,False,True,350,1300,Intel UHD Graphics 730,192,14 nm,2,128,DDR4,Boxed,0,True,65
31a90a7c-fc8f-4317-a617-806bd1f55b7c,Intel Core i7 7700 OEM/Tray,Intel,Core i7 7000,7700,2017,Core i7 7000,LGA 1151,31a90a7c-fc8f-4317-a617-806bd1f55b7c.json,4 × 32 KB Instruction + 4 × 32 KB Data (256 KB total),1,8,0,0,3.6,4.2,Kaby Lake,0,0,8,4,B06XPBFXLG,,https://www.intel.com/content/www/us/en/products/sku/97128/intel-core-i77700-processor-8m-cache-up-to-4-20-ghz/specifications.html,,780591849,,CM8067702868314,Kaby Lake,False,False,350,1150,Intel HD Graphics 630,192,14 nm,2,64,DDR4 | DDR3,OEM/Tray,0,True,65
31fc5960-2957-41b4-b592-3565bc9b5aea,Intel Core i7 8700,Intel,Core i7 8000,8700,2017,Core i7 8000,LGA 1151,31fc5960-2957-41b4-b592-3565bc9b5aea.json,384 KB total (6 cores × 32 KB Instruction + 32 KB Data per core),1.5,12,0,0,3.2,4.6,Coffee Lake,0,0,12,6,B076BMW9L5,,https://www.intel.com/content/www/us/en/products/sku/126686/intel-core-i78700-processor-12m-cache-up-to-4-60-ghz/specifications.html,,541679756,,CM8068403358316,Coffee Lake,False,True,350,1200,Intel UHD Graphics 630,192,14 nm,2,128,DDR4,OEM/Tray,0,True,65
324e7435-69f1-4a38-81b0-e671b83b3707,Intel Core i7 7700K,Intel,Core i7 7000,7700K,2017,Core i7 7000,LGA 1151,324e7435-69f1-4a38-81b0-e671b83b3707.json,4 × 32 KB Instruction + 4 × 32 KB Data (256 KB total),1,8,0,0,4.2,4.5,Kaby Lake,0,0,8,4,B01MXSI216,,https://www.intel.com/content/www/us/en/products/sku/97129/intel-core-i77700k-processor-8m-cache-up-to-4-50-ghz/specifications.html,N82E16819117726,55428258,,CM8067702868535,Kaby Lake,False,True,350,1150,Intel HD Graphics 630,192,14 nm,2,64,DDR3 | DDR4,Boxed,0,True,91
32841124-84f1-487b-a5c4-d9d05acf3fa6,Intel Core i9 10900X,Intel,Core i9 10000,10900X,2019,Core i9 10000,LGA 2066,32841124-84f1-487b-a5c4-d9d05acf3fa6.json,10 × 32 KB Instruction + 10 × 32 KB Data (640 KB total),10,19.25,0,0,3.7,4.7,Cascade Lake-X,0,0,20,10,B07YP69HTM,6387660,https://www.intel.com/content/www/us/en/products/sku/198019/intel-core-i910900x-xseries-processor-19-25m-cache-3-70-ghz/specifications.html,N82E16819118111,654891774,,BX8069510900X,Cascade Lake,False,False,0,0,,0,14 nm,4,256,DDR4,Boxed,0,True,165
32aeba0c-9985-418f-878f-76cbba11aa90,AMD Ryzen Threadripper 3960X,AMD,Ryzen Threadripper 3000,3960X,2019,Ryzen Threadripper 3000,sTRX4,32aeba0c-9985-418f-878f-76cbba11aa90.json,"24 × 32 KB Instruction + 24 × 32 KB Data (1,536 KB total)",12,128,0,0,3.8,4.5,Castle Peak,0,0,48,24,B0815JGCXP,6395995,https://www.amd.com/en/support/downloads/drivers.html/processors/ryzen-threadripper/ryzen-threadripper-3000-series/amd-ryzen-threadripper-3960x.html,N82E16819113619,552872311,,100-100000010WOF,Zen 2,False,False,0,0,,0,TSMC 7nm FinFET,4,256,DDR4,Boxed,0,True,280
33fd5275-e263-40ed-9c8a-345ef9d5b7e7,Intel Core i9-9900X,Intel,Core i9 9000,9900X,2018,Core i9 9000,LGA 2066,33fd5275-e263-40ed-9c8a-345ef9d5b7e7.json,10 × 32 KB Instruction + 10 × 32 KB Data (640 KB total),10,19.25,0,0,3.5,4.5,Skylake-X,0,0,20,10,B07JDV1MMR,6311303,https://www.intel.com/content/www/us/en/products/sku/189124/intel-core-i99900x-xseries-processor-19-25m-cache-up-to-4-50-ghz/specifications.html,N82E16819117962,508570139,,BX80673I99900X,Skylake,False,False,0,0,,0,14 nm,4,128,DDR4,Boxed,0,True,165
341e1dc1-88ea-4693-b620-6bbaac3baab2,AMD A10-7860K,AMD,A-Series A10 7000,7860K,2016,A-Series A10 7000,FM2+,341e1dc1-88ea-4693-b620-6bbaac3baab2.json,2 × 96 KB Instruction + 4 × 16 KB Data (256 KB total),4,0,0,0,3.6,4,Kaveri,0,0,4,4,B01BF377W4,,https://www.amd.com/en/support/downloads/drivers.html/processors/a-series/a10-series-apu-for-desktops/a10-7860k-with-radeon-r7-series.html,N82E16819113404,132880405,,AD786KYBJCSBX,Steamroller,False,True,757,0,AMD Radeon R7 Graphics,512,28 nm,2,64,DDR3,Boxed,0,False,65
34711b7b-a952-4b0d-a251-3774b3406e3d,Intel Core i5 12500,Intel,Core i5 12000,12500,2022,Core i5 12000,LGA 1700,34711b7b-a952-4b0d-a251-3774b3406e3d.json,6 × 32 KB Instruction + 6 × 48 KB Data (480 KB total),7.5,18,0,0,3,4.6,Golden Cove,0,6,12,6,B09MSJ29RP,,https://www.intel.com/content/www/us/en/products/sku/96144/intel-core-i512500-processor-18m-cache-up-to-4-60-ghz/specifications.html,N82E16819118374,794223110,,BX8071512500,Alder Lake,True,True,300,1450,Intel UHD Graphics 770,256,Intel 7,2,128,DDR5 | DDR4,Boxed,117,True,65
357566cb-d041-422f-85df-9b3a310b205d,AMD FX-8370,AMD,FX 8000,8370,2014,FX 8000,AM3+,357566cb-d041-422f-85df-9b3a310b205d.json,4 × 64 KB Instruction + 8 × 16 KB Data (384 KB total),8,8,0,0,4,4.3,Vishera,0,0,8,8,B00MUTWELC,,,N82E16819113374,49986832,,FD8370FRW8KHK,Piledriver,False,False,0,0,,0,32 nm,2,32,DDR3,Boxed,0,False,125
3584f04a-5db8-4df4-970b-cd871fa67f2c,Intel Core i5 7600T OEM/Tray,Intel,Core i5 7000,7600T,2017,Core i5 7000,LGA 1151,3584f04a-5db8-4df4-970b-cd871fa67f2c.json,4 × 32 KB Instruction + 4 × 32 KB Data (256 KB total),1,6,0,0,2.8,3.7,Kaby Lake,0,0,4,4,B01MS4OCSB,,https://www.intel.com/content/www/us/en/products/sku/97183/intel-core-i57600t-processor-6m-cache-up-to-3-70-ghz/specifications.html,2HK-000X-00018,,,CM8067702868117,Kaby Lake,False,False,350,1100,Intel HD Graphics 630,192,14 nm,2,64,DDR4 | DDR3,OEM/Tray,0,False,35
364316a2-e476-40f7-b8c7-f7ce230a8ab9,AMD Ryzen 3 2200G,AMD,Ryzen 3 2000,2200G,2018,Ryzen 3 2000,AM4,364316a2-e476-40f7-b8c7-f7ce230a8ab9.json,4 × 64 KB Instruction + 4 × 32 KB Data (384 KB total),2,4,0,0,3.5,3.7,Raven Ridge,0,0,4,4,B079D3DBNM,,https://www.amd.com/en/support/downloads/drivers.html/processors/ryzen/ryzen-2000-series/amd-ryzen-3-2200g.html,N82E16819113481,669827271,,YD2200C5FBBOX,Zen,False,True,0,1100,AMD Radeon Vega 8,512,14nm FinFET,2,64,DDR4,Boxed,0,False,65
368608eb-590e-4d13-b043-d2fa430ee4f1,Intel Xeon E3 1230 V6,Intel,Xeon E3 1200 v6,1230 V6,2017,Xeon E3 1200 v6,LGA 1151,368608eb-590e-4d13-b043-d2fa430ee4f1.json,4 × 32 KB Instruction + 4 × 32 KB Data (256 KB total),1,8,0,0,3.5,3.9,Kaby Lake-S,0,0,8,4,,,https://www.intel.com/content/www/us/en/products/sku/97474/intel-xeon-processor-e31230-v6-8m-cache-3-50-ghz/specifications.html,N82E16819117788,141046222,,BX80677E31230V6,Kaby Lake,True,False,0,0,,0,14 nm,2,64,DDR4 | DDR3,Boxed,0,True,72
37071895-fe38-4a6f-9239-3c024e145968,Intel Core i5 9400 OEM/Tray,Intel,Core i5 9000,9400,2018,Core i5 9000,LGA 1151,37071895-fe38-4a6f-9239-3c024e145968.json,6 × 32 KB Instruction + 6 × 32 KB Data (384 KB total),1.5,9,0,0,2.9,4.1,Coffee Lake Refresh,0,0,6,6,B08G56YX6B,,https://www.intel.com/content/www/us/en/products/sku/134898/intel-core-i59400-processor-9m-cache-up-to-4-10-ghz/specifications.html,9SIAGBAKAJ6874,,,CM8068403358816,Coffee Lake,False,False,350,1050,Intel UHD Graphics 630,192,14 nm,2,128,DDR4,OEM/Tray,0,False,65
3796bb7f-b124-4628-9592-cb2b3bf47e08,AMD Ryzen 5 5600X,AMD,Ryzen 5 5000,5600X,2020,Ryzen 5 5000,AM4,3796bb7f-b124-4628-9592-cb2b3bf47e08.json,6 × 64 KB (32 KB L1I + 32 KB L1D),3,32,0,0,3.7,4.6,Vermeer,0,0,12,6,B08166SLDF,6438943,https://www.amd.com/en/products/processors/desktops/ryzen/5000-series/amd-ryzen-5-5600x.html,N82E16819113666,182785024,,100-100000065BOX | AMD Ryzen 5 5600X | 100-100000065BO,Zen 3,False,True,0,0,,0,TSMC 7nm FinFET,2,128,DDR4,Boxed,88,True,65
3805a074-834c-4673-9485-4ea1d306a008,Intel Core i7-9800X,Intel,Core i7 9000,9800X,2018,Core i7 9000,LGA 2066,3805a074-834c-4673-9485-4ea1d306a008.json,8 × 32 KB Instruction + 8 × 32 KB Data (512 KB total),8,16.5,0,0,3.8,4.5,Skylake-X,0,0,16,8,B07JGCSMJX,,https://www.intel.com/content/www/us/en/products/sku/189122/intel-core-i79800x-xseries-processor-16-5m-cache-up-to-4-50-ghz/specifications.html,N82E16819117961,3164514913,,BX80673I79800X,Skylake-X,False,False,0,0,,0,14 nm,4,128,DDR4,Boxed,0,True,165
383d6fee-c6ac-49af-9200-86fee2126ec3,Intel Xeon E3 1280 V5 3.7 GHz 4-Core LGA1151,Intel,Intel Xeon E3,,,Intel Xeon E3,LGA 1151,383d6fee-c6ac-49af-9200-86fee2126ec3.json,,1,8,,,3.7,4,Skylake-H,,4,8,4,,,,,,,CM8066201921607,Skylake,True,False,,,,,14 nm,,64,,OEM/Tray,,True,80
3843f3bc-8a31-4e15-bad7-8de023327f7e,AMD FX-9590 OEM/Tray,AMD,FX 9000,9590,2013,FX 9000,AM3+,3843f3bc-8a31-4e15-bad7-8de023327f7e.json,4 × 64 KB Instruction + 8 × 16 KB Data (384 KB total),8,8,0,0,4.7,5,Vishera,0,0,8,8,B00DGGW3MI,,,,39116017,,FD9590FHHKWOF,Piledriver,True,False,0,0,,0,32 nm,2,32,DDR3,OEM/Tray,0,False,220
385549e4-381d-4370-b561-0e23ba4e9e29,Intel Xeon E5 2687W 3.1 GHz 8-Core LGA2011,Intel,Intel Xeon E5,,,Intel Xeon E5,LGA 2011,385549e4-381d-4370-b561-0e23ba4e9e29.json,,2,20,,,3.1,3.8,Sandy Bridge-EP,,8,16,8,,,,,,,BX80621E52687W,Sandy Bridge,True,False,,,,,32 nm,,0,,Boxed,,True,150
38950b3d-4b1e-4d07-a3dc-105c256d5327,Intel Core i7 4790,Intel,Core i7 4000,4790,2014,Core i7 4000,LGA 1150,38950b3d-4b1e-4d07-a3dc-105c256d5327.json,4 × 32 KB Instruction + 4 × 32 KB Data (256 KB total),1,8,0,0,3.6,4,Haswell,0,0,8,4,B00THG8AJ6,,https://www.intel.com/content/www/us/en/products/sku/80806/intel-core-i74790-processor-8m-cache-up-to-4-00-ghz/specifications.html,N82E16819116987,,,BX80646I74790,Haswell,False,True,350,1200,Intel HD Graphics 4600,160,22 nm,2,32,DDR3,Boxed,0,True,84
38a5507d-8a19-4894-a2bd-33afc1148a0d,Intel Core i9 7960X 2.8 GHz 16-Core LGA2066 OEM/Tray,Intel,Intel Core i9,,,Intel Core i9,LGA 2066,38a5507d-8a19-4894-a2bd-33afc1148a0d.json,,16,22,,,2.8,4.4,Skylake-X,,16,32,16,,,,,,,CD8067303734802,Skylake,False,False,,,,,14 nm,,128,,OEM/Tray,,True,165
38cf0049-8c6a-417d-afd5-292d384ca632,AMD Ryzen 7 8700F,AMD,Ryzen 7 8000,8700F,2024,Ryzen 7 8000,AM5,38cf0049-8c6a-417d-afd5-292d384ca632.json,8 × 64 KB (32 KB I-cache + 32 KB D-cache),8,16,0,0,4.1,5,Phoenix,0,0,16,8,B0D2JCMP34,,https://www.amd.com/en/products/processors/desktops/ryzen/8000-series/amd-ryzen-7-8700f.html,N82E16819113825,5636113510,,100-100001590BOX | AMD Ryzen™ 7 8700F,Zen 4,False,False,0,0,,0,TSMC 4nm FinFET,2,256,DDR5,Boxed,88,True,65
39c1bfe9-565b-44eb-b940-8eec3b68d969,AMD Athlon 200GE,AMD,Athlon 200,200GE,2018,Athlon 200,AM4,39c1bfe9-565b-44eb-b940-8eec3b68d969.json,2 × 64 KB Instruction + 2 × 32 KB Data (192 KB total),1,4,0,0,3.2,0,Picasso,0,0,4,2,B07HJWVJDN,,https://www.amd.com/en/support/downloads/drivers.html/processors/athlon/athlon-200-series/amd-athlon-200ge.html,N82E16819113544,108176692,,YD200GC6FBBOX,Zen,False,True,1,1000,AMD Radeon Vega 3,192,14nm,2,64,DDR4,Boxed,0,True,35
3a4529d6-934a-481f-9b3a-0068283355c3,Intel Core i7 4960X,Intel,Core i7 4000,4960X,2013,Core i7 4000,LGA 2011,3a4529d6-934a-481f-9b3a-0068283355c3.json,6 × 32 KB Instruction + 6 × 32 KB Data (384 KB total),1.5,15,0,0,3.6,4,Ivy Bridge-E,0,0,12,6,B00EMHM6JK,,https://www.intel.com/content/www/us/en/products/sku/77779/intel-core-i74960x-processor-extreme-edition-15m-cache-up-to-4-00-ghz/specifications.html,N82E16819116938,,,BX80633I74960X,Ivy Bridge E,False,False,0,0,,0,22 nm,4,64,DDR3,Boxed,0,True,130
3a6ddea6-2e33-4eb9-9154-b0f5f93ac3aa,Intel Core i5 8500,Intel,Core i5 8000,8500,2018,Core i5 8000,LGA 1151,3a6ddea6-2e33-4eb9-9154-b0f5f93ac3aa.json,384 KB (6×32 KB L1 Data + 6×32 KB L1 Instruction),1.5,9,0,0,3,4.1,Coffee Lake,0,0,6,6,B07938SNBB,,https://www.intel.com/content/www/us/en/products/sku/129939/intel-core-i58500-processor-9m-cache-up-to-4-10-ghz/specifications.html,N82E16819117883,504378797,,BX80684I58500 | CI-I5-8500,Coffee Lake,False,True,350,1100,Intel UHD Graphics 630,184,14 nm,2,128,DDR4,Boxed,0,False,65
3af33662-8d17-4e72-bdd9-200604b9db7b,AMD Ryzen 5 7500X3D,AMD,Ryzen 5 7000,7500X3D,2025,Ryzen 5 7000,AM5,3af33662-8d17-4e72-bdd9-200604b9db7b.json,6 × 64 KB Instruction + 6 × 32 KB Data (576 KB total),6,96,0,0,4,4.5,Raphael,0,0,12,6,B0FT8X951Z,,https://www.amd.com/en/products/processors/desktops/ryzen/7000-series/amd-ryzen-5-7500x3d.html,9SIC4GSKZ90391,18898656141,,100-100001904WOF | 1001000001904WOF,Zen 4,True,False,400,2200,AMD Radeon Graphics,128,"TSMC 5nm FinFET, TSMC 6nm FinFET",2,128,DDR5,Boxed,88,True,65
3b7629de-b1bc-4f03-b9bb-e5e13110f2d2,AMD PRO A4-7300B OEM/Tray,AMD,PRO A4 7000,7300B,2014,PRO A4 7000,FM2,3b7629de-b1bc-4f03-b9bb-e5e13110f2d2.json,1 × 64 KB Instruction + 2 × 16 KB Data (96 KB total),1,0,0,0,3.8,4,Kaveri,0,0,2,2,B0DF1FYTGG,,https://www.amd.com/en/support/downloads/drivers.html/processors/pro-a-series/pro-a-series-a4-apu-for-desktops/a4-pro-7300b-with-radeon-hd-8470d.html,9SIADD8KVX3604,,,AD730BOKA23HL,Piledriver,False,False,800,0,AMD Radeon HD 8470D,192,32nm SOI,2,64,DDR3,OEM/Tray,0,False,65
3b805488-29ca-4c3a-b4a7-a7a928396ee6,Intel Core i9 9900X,Intel,Core i9 9000,9900X,2018,Core i9 9000,LGA 2066,3b805488-29ca-4c3a-b4a7-a7a928396ee6.json,10 × 32 KB Instruction + 10 × 32 KB Data (640 KB total),10,19.25,0,0,3.5,4.4,Skylake-X,0,0,20,10,B07JDV1MMR,,https://www.intel.com/content/www/us/en/products/sku/189124/intel-core-i99900x-xseries-processor-19-25m-cache-up-to-4-50-ghz/specifications.html,N82E16819117962,508570139,,BX80673I99900X,Skylake,False,False,0,0,,0,14 nm,4,128,DDR4,Boxed,0,True,165
3b94f58c-7070-4a76-9b47-3a9685286621,AMD Ryzen Threadripper 2990WX OEM/Tray,AMD,Ryzen Threadripper 2000,2990WX,2018,Ryzen Threadripper 2000,sTR4,3b94f58c-7070-4a76-9b47-3a9685286621.json,32 × 64 KB Instruction + 32 × 32 KB Data (3072 KB total),16,64,0,0,3,4.2,Colfax,0,0,64,32,,,https://www.amd.com/en/support/downloads/drivers.html/processors/ryzen-threadripper/ryzen-threadripper-2000-series/amd-ryzen-threadripper-2990wx.html,,,,YD299XAZUIHAF,Zen+,False,False,0,0,,0,12 nm,4,1024,DDR4,OEM/Tray,0,True,250
3bb42e7e-5343-49cb-ac55-7712fc5eb285,Intel Core i5 8600 OEM/Tray,Intel,Core i5 8000,8600,2018,Core i5 8000,LGA 1151,3bb42e7e-5343-49cb-ac55-7712fc5eb285.json,6 × 32 KB Instruction + 6 × 32 KB Data (384 KB total),1.5,9,0,0,3.1,4.3,Coffee Lake,0,0,6,6,B079FT5YLF,,https://www.intel.com/content/www/us/en/products/sku/129937/intel-core-i58600-processor-9m-cache-up-to-4-30-ghz/specifications.html,,,,CM8068403358607,Coffee Lake,False,False,350,1150,Intel UHD Graphics 630,192,14 nm,2,128,DDR4,OEM/Tray,0,False,65
3bfc0cf3-b67e-41c7-b938-8887fe7cf51d,Intel Core i5 6500T,Intel,Core i5 6000,6500T,2015,Core i5 6000,LGA 1151,3bfc0cf3-b67e-41c7-b938-8887fe7cf51d.json,4 × 32 KB Instruction + 4 × 32 KB Data (256 KB total),1,6,0,0,2.5,3.1,Skylake,0,0,4,4,B0161UZZR0,,https://www.intel.com/content/www/us/en/products/sku/88183/intel-core-i56500t-processor-6m-cache-up-to-3-10-ghz/specifications.html,9SIADRHJWB8549,,,CM8066201920600 | i5-6500T,Skylake,False,False,350,1100,Intel HD Graphics 530,192,14 nm,2,64,DDR4 | DDR3,OEM/Tray,0,False,35
3c0eec5b-eb72-42cc-9dcd-9448280ae5a4,Intel Xeon E5 2697 V3,Intel,Xeon E5 2600 v3,2697 v3,2014,Xeon E5 2600 v3,LGA 2011-3,3c0eec5b-eb72-42cc-9dcd-9448280ae5a4.json,14 × 32 KB Instruction + 14 × 32 KB Data (896 KB total),3.5,35,0,0,2.6,3.6,Haswell-EP,0,0,28,14,,,https://www.intel.com/content/www/us/en/products/sku/81059/intel-xeon-processor-e52697-v3-35m-cache-2-60-ghz/specifications.html,N82E16819117470,,,BX80644E52697V3,Haswell,True,False,0,0,,0,22 nm,4,768,DDR4,Boxed,0,True,145
3cb99ba6-4a3b-4f8b-b63f-f20a79be104a,Intel Xeon E3-1225 v6,Intel,Xeon E3 1200 v6,1225 v6,2017,Xeon E3 1200 v6,LGA 1151,3cb99ba6-4a3b-4f8b-b63f-f20a79be104a.json,4 × 32 KB Instruction + 4 × 32 KB Data (256 KB total),1,8,0,0,3.3,3.7,Kaby Lake-S,0,0,4,4,B06XWXW8LK,,https://www.intel.com/content/www/us/en/products/sku/97476/intel-xeon-processor-e31225-v6-8m-cache-3-30-ghz/specifications.html,9SIC3VHKU66962,308781910,,BX80677E31225V6,Kaby Lake,True,True,350,1150,Intel HD Graphics P630,192,14 nm,2,64,DDR4 | DDR3,Boxed,0,False,73
3d4b0dcc-cea0-48ac-9781-f46b07e5721c,Intel Xeon E5-2660 v3 OEM/Tray,Intel,Xeon E5 2600 v3,2660 v3,2014,Xeon E5 2600 v3,LGA 2011-3,3d4b0dcc-cea0-48ac-9781-f46b07e5721c.json,10 × 32 KB Instruction + 10 × 32 KB Data (640 KB total),2.5,25,0,0,2.6,3.3,Haswell-EP,0,0,20,10,B00PDD1GCA,,https://www.intel.com/content/www/us/en/products/sku/81706/intel-xeon-processor-e52660-v3-25m-cache-2-60-ghz/specifications.html,,416399757,,CM8064401446117,Haswell,True,False,0,0,,0,22 nm,4,768,DDR4,OEM/Tray,0,True,105
3d98e4de-a80c-468c-afd0-6a97073dc8be,Intel Core i7 8700T,Intel,Core i7 8000,8700T,2018,Core i7 8000,LGA 1151,3d98e4de-a80c-468c-afd0-6a97073dc8be.json,6 × 32 KB Instruction + 6 × 32 KB Data (384 KB total),1.5,12,0,0,2.4,4,Coffee Lake,0,6,12,6,B079FZXFXQ,,https://www.intel.com/content/www/us/en/products/sku/129948/intel-core-i78700t-processor-12m-cache-up-to-4-00-ghz/specifications.html,,5210369265,,CM8068403358413,Coffee Lake,False,False,350,1200,Intel UHD Graphics 630,192,14 nm,2,128,DDR4,OEM/Tray,0,True,35
3e340505-fece-4bef-9762-866805e51037,Intel Core i7 9700K OEM/Tray,Intel,Core i7 9000,9700K,2018,Core i7 9000,LGA 1151,3e340505-fece-4bef-9762-866805e51037.json,8 × 32 KB Instruction + 8 × 32 KB Data (512 KB total),2,12,0,0,3.6,4.9,Coffee Lake Refresh,0,0,8,8,B09238FZVP,,https://www.intel.com/content/www/us/en/products/sku/186604/intel-core-i79700k-processor-12m-cache-up-to-4-90-ghz/specifications.html,N82E16819118084,,,CM8068403874212,Coffee Lake,False,False,350,1200,Intel UHD Graphics 630,192,14 nm,2,128,DDR4,OEM/Tray,0,False,95
3e839c22-2045-41b5-a687-e6d8036db649,AMD Ryzen 7 3800X OEM/Tray,AMD,Ryzen 7 3000,3800X,2019,Ryzen 7 3000,AM4,3e839c22-2045-41b5-a687-e6d8036db649.json,8 × 64 KB Instruction + 8 × 32 KB Data (768 KB total),4,32,0,0,3.9,4.5,Matisse,0,0,16,8,B0FQK1WK7M,,https://www.amd.com/en/support/downloads/drivers.html/processors/ryzen/ryzen-3000-series/amd-ryzen-7-3800x.html,N82E16819113573,806882015,,100-000000025,Zen 2,False,False,0,0,,0,TSMC 7nm FinFET,2,128,DDR4,OEM/Tray,142,True,105
3e8b5db8-eaf0-4627-b6c6-22342f5515c3,Intel Core i7 7820X,Intel,Core i7 7000,7820X,2017,Core i7 7000,LGA 2066,3e8b5db8-eaf0-4627-b6c6-22342f5515c3.json,512 KB (8×32 KB L1 Data + 8×32 KB L1 Instruction),8,11,0,0,3.6,4.5,Skylake-X,0,0,16,8,B072NF4BY3,,https://www.intel.com/content/www/us/en/products/sku/123767/intel-core-i77820x-xseries-processor-11m-cache-up-to-4-30-ghz/specifications.html,N82E16819117794,709236273,,BX80673I77820X,Skylake,False,False,0,0,,0,14 nm,4,128,DDR4,OEM/Tray,0,True,140
3e9a2f79-fccb-49c1-bda6-b6dc9eacfff2,AMD Athlon 220GE,AMD,Athlon 200GE,220GE,2018,Athlon 200GE,AM4,3e9a2f79-fccb-49c1-bda6-b6dc9eacfff2.json,2 × 64 KB Instruction + 2 × 32 KB Data (192 KB total),1,4,0,0,3.4,0,Raven Ridge,0,0,4,2,B07L9Q7DLQ,,https://www.amd.com/en/support/downloads/drivers.html/processors/athlon/athlon-200-series/amd-athlon-220ge.html,,596193604,,YD220GC6FBBOX,Zen,True,False,0,1000,AMD Radeon Vega 3,192,14 nm,2,64,DDR4,Boxed,0,True,35
3fb38431-cd3f-4b64-b4de-51de9384277b,AMD Opteron 6320,AMD,Opteron 6300,6320,2012,Opteron 6300,G34,3fb38431-cd3f-4b64-b4de-51de9384277b.json,64 KB Instruction per module + 16 KB Data per core (384 KB total),8,12,0,0,2.8,3.3,Abu Dhabi,0,0,8,8,B009QFJ4JI,,,N82E16819113316,39146448,,OS6320WKT8GHKWOF,Piledriver,True,False,0,0,,0,32 nm,4,384,DDR3,Boxed,0,False,115
3fffdbb8-5da1-4159-8df2-6b3b56ad0d6b,AMD FX 9370 4.4 GHz 8-Core AM3+,AMD,AMD FX,,,AMD FX,AM3+,3fffdbb8-5da1-4159-8df2-6b3b56ad0d6b.json,,8,8,,,4.4,4.7,Vishera,,8,8,8,,,,,,,FD9370FHHKWOX,Piledriver,False,True,,,,,32 nm,,0,,Boxed,,False,220
402c2508-a75c-4f4d-9d09-778349ae72bb,Intel Core i7 14700KF,Intel,Core i7 14000,14700KF,2023,Core i7 14000,LGA 1700,402c2508-a75c-4f4d-9d09-778349ae72bb.json,8 × 80 KB + 12 × 64 KB (L1 per-core totals),28,33,2.5,4.3,3.4,5.5,Raptor Cove / Gracemont,12,8,28,20,B0CGJC178L,6560421,https://www.intel.com/content/www/us/en/products/sku/236789/intel-core-i7-processor-14700kf-33m-cache-up-to-5-60-ghz/specifications.html,N82E16819118468,5093537960,,BX8071514700KF,Raptor Lake Refresh,True,False,0,0,,0,Intel 7,2,192,DDR5 | DDR4,Boxed,253,True,125
40bb090d-7f4e-451e-99e5-fd9299a4aad7,AMD Ryzen 5 3600,AMD,Ryzen 5 3000,3600,2019,Ryzen 5 3000,AM4,40bb090d-7f4e-451e-99e5-fd9299a4aad7.json,6 × 64 KB Instruction + 6 × 32 KB Data (576 KB total),3,32,0,0,3.6,4.2,Matisse,0,0,12,6,B0BL92CBWG,,https://www.amd.com/en/support/downloads/drivers.html/processors/ryzen/ryzen-3000-series/amd-ryzen-5-3600.html,N82E16819113569,669877096,,100-100000031SBX,Zen 2,False,True,0,0,,0,TSMC 7nm FinFET,2,128,DDR4,Boxed,88,True,65
4102198f-b559-46e0-8973-5d95592dfdbf,Intel Core i5 9400,Intel,Core i5 9000,9400,2018,Core i5 9000,LGA 1151,4102198f-b559-46e0-8973-5d95592dfdbf.json,6 × 64 KB (32 KB L1I + 32 KB L1D),1.5,9,0,0,2.9,4.1,Coffee Lake Refresh,0,0,6,6,B07MGZ9FJZ,,https://www.intel.com/content/www/us/en/products/sku/134898/intel-core-i59400-processor-9m-cache-up-to-4-10-ghz/specifications.html,N82E16819117980,981255027,,BX80684I59400 | 984507,Coffee Lake Refresh,False,True,350,1050,Intel UHD Graphics 630,192,14 nm,2,128,DDR4,Boxed,0,False,65
413d81ac-27e3-4f38-b60f-e5d7b9336d69,Intel Xeon E5-2670,Intel,Xeon E5 2600,E5-2670,2012,Xeon E5 2600,LGA 2011,413d81ac-27e3-4f38-b60f-e5d7b9336d69.json,8 × 32 KB Instruction + 8 × 32 KB Data (256 KB total),2,20,0,0,2.6,3.3,Sandy Bridge-EP,0,0,16,8,B007H29FRS,,https://www.intel.com/content/www/us/en/products/sku/64595/intel-xeon-processor-e52670-20m-cache-2-60-ghz-8-00-gts-intel-qpi/specifications.html,N82E16819117263,23140936,,CM8062101082713 | BX80621E52670,Sandy Bridge EP,True,False,0,0,,0,32 nm,4,384,DDR3,OEM/Tray,0,True,115
414404ea-be98-44a0-80bc-13298538b955,Intel Core i3 6100,Intel,Core i3 6000,6100,2015,Core i3 6000,LGA 1151,414404ea-be98-44a0-80bc-13298538b955.json,2 × 64 KB (32 KB L1I + 32 KB L1D),0.5,4,0,0,3.7,0,Skylake-S,0,0,4,2,B015VPX2EO,,https://www.intel.com/content/www/us/en/products/sku/90729/intel-core-i36100-processor-3m-cache-3-70-ghz/specifications.html,9SIC513KT61525,47360060,2026-04-04T09:56:20.014Z,BX80662I36100,Skylake,True,True,350,1050,Intel HD Graphics 530,192,14 nm,2,64,DDR4 | DDR3,Boxed,,True,51
41a8238b-049f-46db-a304-0c8ece1a8d73,Intel Core i7 12700K,Intel,Core i7 12000,12700K,2021,Core i7 12000,LGA 1700,41a8238b-049f-46db-a304-0c8ece1a8d73.json,8 × 80 KB + 4 × 64 KB (L1 per-core totals),12,25,2.7,3.8,3.6,4.9,Golden Cove / Gracemont,4,8,20,12,B09FXNVDBJ,6483672,https://www.intel.com/content/www/us/en/products/sku/134594/intel-core-i712700k-processor-25m-cache-up-to-5-00-ghz/specifications.html,N82E16819118343,896226361,,BX8071512700K,Alder Lake,True,False,300,1500,Intel UHD 770,32,Intel 7,2,128,DDR5 | DDR4,Boxed,190,True,125
42a798ea-ab63-48a7-aef3-d2e556e7e77c,Intel Xeon E5 2660 2.2 GHz 8-Core LGA2011,Intel,Intel Xeon E5,,,Intel Xeon E5,LGA 2011,42a798ea-ab63-48a7-aef3-d2e556e7e77c.json,,2,20,,,2.2,3,Sandy Bridge-EP,,8,16,8,,,,,,,BX80621E52660,Sandy Bridge,True,False,,,,,32 nm,,0,,Boxed,,True,95
42bf3737-1201-40d1-bfd8-7bf606507deb,Intel Core Ultra 5 250K Plus,Intel,Core Ultra 5 200,250K Plus,2026,Core Ultra 5 200,LGA 1851,42bf3737-1201-40d1-bfd8-7bf606507deb.json,64KB I-cache + 48KB D-cache per core,30,30,3.3,4.6,4.2,5.3,Lion Cove / Skymont,12,6,18,18,B0GMKXVVJQ,12486935,https://www.intel.com/content/www/us/en/products/sku/245694/intel-core-ultra-5-processor-250k-plus-30m-cache-up-to-5-30-ghz/specifications.html,N82E16819118629,19907266804,,BX80768250K | Intel Core Ultra 5 250K Plus,Arrow Lake Refresh,True,False,300,1900,Intel Graphics,512,TSMC N3B,2,256,DDR5,Boxed,159,False,125
42c34953-ab24-4504-8272-4fb1aeec2324,AMD FX-9590 OEM/Tray,AMD,FX 9000,9590,2013,FX 9000,AM3+,42c34953-ab24-4504-8272-4fb1aeec2324.json,4 × 64 KB Instruction + 8 × 16 KB Data (384 KB total),8,8,0,0,4.7,5,Vishera,0,0,8,8,B00DGGW3MI,,,,,,FD9590FHW8KHK,Piledriver,True,False,0,0,,0,32 nm,2,32,DDR3,OEM/Tray,0,False,220
43597450-8c66-4f59-9ef5-c347c0a45fd4,AMD Ryzen 7 3800X,AMD,Ryzen 7 3000,3800X,2019,Ryzen 7 3000,AM4,43597450-8c66-4f59-9ef5-c347c0a45fd4.json,8 × (32 KB Data + 32 KB Instruction) = 512 KB total,4,32,0,0,3.9,4.5,Matisse,0,0,16,8,B07SXMZLPJ,6356636,https://www.amd.com/en/support/downloads/drivers.html/processors/ryzen/ryzen-3000-series/amd-ryzen-7-3800x.html,N82E16819113104,806882015,,Ryzen 7 3800X | 100-100000025BOX,Zen 2,False,True,0,0,,0,TSMC 7nm FinFET,2,128,DDR4,Boxed,142,True,105
436df5cd-e521-4ceb-8109-28c208388228,Intel Xeon E5 2687W V3,Intel,Xeon E5 2600 v3,2687W v3,2014,Xeon E5 2600 v3,LGA 2011-3,436df5cd-e521-4ceb-8109-28c208388228.json,10 × 32 KB Instruction + 10 × 32 KB Data (640 KB total),2.5,25,0,0,3.1,3.5,Haswell-EP,0,0,20,10,B00NB0V10E,,https://www.intel.com/content/www/us/en/products/sku/81909/intel-xeon-processor-e52687w-v3-25m-cache-3-10-ghz/specifications.html,N82E16819117483,41868939,,BX80644E52687V3,Haswell,True,False,0,0,,0,22 nm,4,768,DDR4,Boxed,0,True,160
4380faca-acb9-48dd-b1cd-9c6bafcc77c1,AMD Ryzen 5 1600X,AMD,Ryzen 5 1000,1600X,2017,Ryzen 5 1000,AM4,4380faca-acb9-48dd-b1cd-9c6bafcc77c1.json,6 × 96 KB (64 KB L1I + 32 KB L1D),3,16,0,0,3.6,4,Summit Ridge,0,0,12,6,B06XKWT7GD,,https://www.amd.com/en/support/downloads/drivers.html/processors/ryzen/ryzen-1000-series/amd-ryzen-5-1600x.html,N82E16819113434,715105147,,YD160XBCAEWOF,Zen,False,True,0,0,,0,14 nm,2,64,DDR4,Boxed,0,True,95
43cdf007-0563-402f-9481-47e8cec31fc6,Intel Core i9 7900X,Intel,Core i9 7000,7900X,2017,Core i9 7000,LGA 2066,43cdf007-0563-402f-9481-47e8cec31fc6.json,10 × 32 KB Instruction + 10 × 32 KB Data (640 KB total),10,13.75,0,0,3.3,4.5,Skylake-X,0,0,20,10,B072KTSCCS,,https://www.intel.com/content/www/us/en/products/sku/123613/intel-core-i97900x-xseries-processor-13-75m-cache-up-to-4-30-ghz/specifications.html,N82E16819117795,296484121,,BX80673I97900X | i9-7900X,Skylake,False,False,0,0,,0,14 nm,4,128,DDR4,Boxed,0,True,140
43ecd4d2-757d-47a9-affa-9f0832a4c482,AMD Athlon X4 840 OEM/Tray,AMD,Athlon X4 800,840,2014,Athlon X4 800,FM2+,43ecd4d2-757d-47a9-affa-9f0832a4c482.json,2 × 96 KB Instruction + 4 × 16 KB Data (256 KB total),4,0,0,0,3.1,3.8,Kaveri,0,0,4,4,B0DG4QS7VL,,,,,,AD840XYBI44JA,Steamroller,False,False,0,0,,0,28 nm,2,64,DDR3,OEM/Tray,0,False,65
44a6a1e7-2e9f-43e0-aa38-ced3e17a0686,Intel Core i5 10600KF,Intel,Core i5 10000,10600KF,2020,Core i5 10000,LGA 1200,44a6a1e7-2e9f-43e0-aa38-ced3e17a0686.json,6 × 64 KB (32 KB L1I + 32 KB L1D),1.5,12,0,0,4.1,4.8,Comet Lake,0,0,12,6,B086M8441R,,https://www.intel.com/content/www/us/en/products/sku/199315/intel-core-i510600kf-processor-12m-cache-up-to-4-80-ghz/specifications.html,N82E16819118157,527999571,,BX8070110600KF,Comet Lake,False,False,0,0,,0,14 nm,2,128,DDR4,Boxed,0,True,125
4508f2bd-cda9-4017-9b43-bb44847d7c32,AMD Athlon X4 860K,AMD,Athlon X4 800,860K,2014,Athlon X4 800,FM2+,4508f2bd-cda9-4017-9b43-bb44847d7c32.json,2 × 64 KB Instruction + 4 × 16 KB Data (192 KB total),4,0,0,0,3.7,4,Kaveri,0,0,4,4,B00MU00IOQ,,,N82E16819113379,,,AD860KXBJABOX,Steamroller,False,True,0,0,,0,28 nm,2,64,DDR3,Boxed,0,False,95
45118c9a-09c6-47e8-b3b0-9abca47b472f,AMD Ryzen 5 2600X,AMD,Ryzen 5 2000,2600X,2018,Ryzen 5 2000,AM4,45118c9a-09c6-47e8-b3b0-9abca47b472f.json,6 × 64 KB Instruction + 6 × 32 KB Data (576 KB total),3,16,0,0,3.6,4.2,Pinnacle Ridge,0,0,12,6,B0C7KB1S4J,,https://www.amd.com/en/support/downloads/drivers.html/processors/ryzen/ryzen-2000-series/amd-ryzen-5-2600x.html,,,,YD260XBCM6IAF | 2600X,Zen+,False,False,0,0,,0,12nm FinFET,2,64,DDR4,OEM/Tray,0,True,95
45d4e389-6f53-4650-b175-f9a0a2abafda,AMD Ryzen 7 5700,AMD,Ryzen 7 5000,5700,2022,Ryzen 7 5000,AM4,45d4e389-6f53-4650-b175-f9a0a2abafda.json,8 × 64 KB (32 KB I-cache + 32 KB D-cache),4,16,0,0,3.7,4.6,Cezanne,0,0,16,8,B0CQ4HPJYV,6573561,https://www.amd.com/en/support/downloads/drivers.html/processors/ryzen/ryzen-5000-series/amd-ryzen-7-5700.html,N82E16819113939,5301945431,,100-000000743BOX | 100-100000743BOX | AMD Ryzen™ 5 5700 | Ryzen 7 5700 | 100-100000743SBX,Zen 3,False,True,0,0,,0,TSMC 7nm FinFET,2,128,DDR4,Boxed,88,True,65
46b131f6-a122-4028-bf08-56543b14ab7d,Intel Core i3 12100T,Intel,Core i3 12000,12100T,2022,Core i3 12000,LGA 1700,46b131f6-a122-4028-bf08-56543b14ab7d.json,4 × 64 KB Instruction + 4 × 48 KB Data (448 KB total),5,12,0,0,2.2,4.1,Alder Lake-S,0,4,8,4,B0B4V8MWCV,,https://www.intel.com/content/www/us/en/products/sku/223097/intel-core-i312100t-processor-12m-cache-up-to-4-10-ghz/specifications.html,,,,CM8071504651106,Alder Lake,False,False,300,1400,Intel UHD Graphics 730,192,Intel 7,2,128,DDR5 | DDR4,OEM/Tray,69,True,35
46e05be5-b575-4838-8299-e5993a5dabbf,AMD A-Series A4 6300B 3.7 GHz 2-Core FM2,AMD,AMD A4,,,AMD A4,FM2,46e05be5-b575-4838-8299-e5993a5dabbf.json,,1,0,,,3.7,3.9,Richland,,2,2,2,B078Y95RD4,,,,,,AD630BOKA23HL | A4-6300B,Piledriver,False,False,,,AMD Radeon HD 8370D,,32 nm,,0,,OEM/Tray,,False,65
48ac4925-1fce-4bf9-8002-a3bb6c0afe4f,Intel Core i5 10500 OEM/Tray,Intel,Core i5 10000,10500,2020,Core i5 10000,LGA 1200,48ac4925-1fce-4bf9-8002-a3bb6c0afe4f.json,6 × 32 KB Instruction + 6 × 32 KB Data (384 KB total),1.5,12,0,0,3.1,4.5,Comet Lake,0,0,12,6,B0883NPQSZ,,https://www.intel.com/content/www/us/en/products/sku/199277/intel-core-i510500-processor-12m-cache-up-to-4-50-ghz/specifications.html,N82E16819118162,,,BX8070110500 | 4807120,Comet Lake,False,False,350,1150,Intel UHD Graphics 630,192,14 nm,2,128,DDR4,OEM/Tray,0,True,65
48d0ae54-1282-4393-951a-d36928cd2938,AMD A6-9550 OEM/Tray,AMD,A-Series A6 9000,9550,2017,A-Series A6 9000,AM4,48d0ae54-1282-4393-951a-d36928cd2938.json,1 × 96 KB Instruction + 2 × 32 KB Data (160 KB total),1,0,0,0,3.8,4,Bristol Ridge,0,0,2,2,,,https://www.amd.com/en/support/downloads/drivers.html/processors/a-series/a6-series-apu-for-desktops/7th-gen-a6-9550-apu.html,,,,AD9550AGM23AB,Excavator,False,False,1029,0,AMD Radeon R5 Graphics,192,28 nm,2,64,DDR4,OEM/Tray,0,False,65
48e1de64-e4a3-484b-8de6-edc06c83df06,AMD EPYC 4564P,AMD,EPYC 4564P,4564P,2024,EPYC 4000,AM5,48e1de64-e4a3-484b-8de6-edc06c83df06.json,64KB (per core),16,64,0,0,4.5,5.7,Raphael,0,0,32,16,B0F3T5GK7F,,https://www.amd.com/en/products/processors/server/epyc/4004-series/amd-epyc-4564p.html,N82E16819113829,6344660393,,100-100001476WOF | 100-000000790,Zen 4,False,False,400,2200,AMD Radeon Graphics,128,5 nm,2,192,DDR5,Boxed,230,True,170
49ba0ecb-9fd9-46a0-a753-62c4d0a6a538,AMD A8-7600,AMD,A8 7000,A8-7600,2014,A8 7000,FM2+,49ba0ecb-9fd9-46a0-a753-62c4d0a6a538.json,4 × 64 KB Instruction + 4 × 32 KB Data (384 KB total),4,0,0,0,3.1,3.8,Kaveri,0,0,4,4,B00LUH1N4O,,https://www.amd.com/en/support/downloads/drivers.html/processors/a-series/a8-series-apu-for-desktops/a8-7600-with-radeon-r7-series.html,N82E16819113371R,39514314,,AD7600YBJABOX,Steamroller,False,True,0,720,AMD Radeon R7 Graphics,384,28 nm,2,64,DDR3,Boxed,0,False,65
4a3a45bb-fe47-449a-8a78-44d023e1bacc,AMD Athlon X4 880K 4 GHz 4-Core FM2+ OEM/Tray,AMD,AMD Athlon X4,,,AMD Athlon X4,FM2+,4a3a45bb-fe47-449a-8a78-44d023e1bacc.json,,4,0,,,4,4.2,Godavari,,4,4,4,,,,,,,AD880KXBI44JC,Steamroller,False,False,,,,,28 nm,,0,,OEM/Tray,,False,95
4a6afe32-37f9-45c5-88ac-bf43d847e3e4,Intel Core i7-7800X,Intel,Core i7 7000,7800X,2017,Core i7 7000,LGA 2066,4a6afe32-37f9-45c5-88ac-bf43d847e3e4.json,6 × 32 KB Instruction + 6 × 32 KB Data (384 KB total),6,8.25,0,0,3.5,4,Skylake-X,0,0,12,6,B073VMZF45,,https://www.intel.com/content/www/us/en/products/sku/123589/intel-core-i77800x-xseries-processor-8-25m-cache-up-to-4-00-ghz/specifications.html,,321572929,,CD8067303287002,Skylake,False,False,0,0,,0,14 nm,4,128,DDR4,OEM/Tray,0,True,140
4af10421-db87-4428-bfc7-b558795348e4,Intel Xeon E5-2699 v3 OEM/Tray,Intel,Xeon E5 2600 v3,2699 v3,2014,Xeon E5 2600 v3,LGA 2011-3,4af10421-db87-4428-bfc7-b558795348e4.json,18 × 32 KB Instruction + 18 × 32 KB Data (1152 KB total),4.5,45,0,0,2.3,3.6,Haswell-EP,0,0,36,18,B08MLLSK5W,,https://www.intel.com/content/www/us/en/products/sku/81061/intel-xeon-processor-e52699-v3-45m-cache-2-30-ghz/specifications.html,,2032755305,,CM8064401739300 | SR1XD,Haswell,True,False,0,0,,0,22 nm,4,768,DDR4,OEM/Tray,0,True,145
4b70d972-96c3-4813-b291-cce2c30eb149,AMD Ryzen 5 4500,AMD,Ryzen 5 4000,4500,2022,Ryzen 5 4000,AM4,4b70d972-96c3-4813-b291-cce2c30eb149.json,32 KB instruction + 32 KB data per core (64 KB L1 per core),3,8,0,0,3.6,4.1,Renoir,0,0,12,6,B09VCJN7HZ,6510771,https://www.amd.com/en/support/downloads/drivers.html/processors/ryzen/ryzen-4000-series/amd-ryzen-5-4500.html,N82E16819113738,726879128,,100-100000644BOX | AMD Ryzen 5 4500 | 100100000644BOX,Zen 2,False,True,0,0,,0,TSMC 7nm FinFET,2,128,DDR4,Boxed,88,True,65
4bfe2666-b093-4403-8dc3-d42dc990a24b,Intel Xeon E5-2630 v3,Intel,Xeon E5 2600 v3,2630 v3,2014,Xeon E5 2600 v3,LGA 2011-3,4bfe2666-b093-4403-8dc3-d42dc990a24b.json,8 × 32 KB Instruction + 8 × 32 KB Data (512 KB total),2,20,0,0,2.4,3.2,Haswell-EP,0,0,16,8,B00N0W3N54,,https://www.intel.com/content/www/us/en/products/sku/83356/intel-xeon-processor-e52630-v3-20m-cache-2-40-ghz/specifications.html,N82E16819117479,41608004,,BX80644E52630V3,Haswell,True,False,0,0,,0,22 nm,4,768,DDR4,Boxed,0,True,85
4c755ff5-c35b-433b-a2fb-66e65d2ac68e,Intel Core i7 14700,Intel,Core i7 14000,14700,2024,Core i7 14000,LGA 1700,4c755ff5-c35b-433b-a2fb-66e65d2ac68e.json,8 × 80 KB + 12 × 64 KB (L1 per-core totals),28,33,1.5,4.2,2.1,5.4,Raptor Lake Refresh,12,8,28,20,B0CQ1QJZM2,,https://www.intel.com/content/www/us/en/products/sku/236781/intel-core-i7-processor-14700-33m-cache-up-to-5-40-ghz/specifications.html,N82E16819118476,5326503950,,BX8071514700 | 14700,Raptor Lake Refresh,True,True,300,1600,Intel UHD Graphics 770,256,Intel 7,2,192,DDR5 | DDR4,Boxed,219,True,65
4d3bc941-a14c-4efb-a7e6-2dfdbe0a5ce4,Intel Xeon E5 4650,Intel,Xeon E5 4600,4650,2012,Xeon E5 4600,LGA 2011,4d3bc941-a14c-4efb-a7e6-2dfdbe0a5ce4.json,8 × 32 KB Instruction + 8 × 32 KB Data (512 KB total),2,20,0,0,2.7,3.3,Sandy Bridge-EP,0,0,16,8,B0085SEH08,,https://www.intel.com/content/www/us/en/products/sku/64622/intel-xeon-processor-e54650-20m-cache-2-70-ghz-8-00-gts-intel-qpi/specifications.html,N82E16819117291,,,BX80621E54650,Sandy Bridge EP,True,False,0,0,,0,32 nm,4,384,DDR3,Boxed,0,True,130
4d8d9d6b-723c-40ee-b1e9-e6665c58ae75,Intel Core Ultra 7 265K,Intel,Intel Core Ultra 7 200,265K,2022,Core Ultra 7 200,LGA 1851,4d8d9d6b-723c-40ee-b1e9-e6665c58ae75.json,192 KB per core,36,30,3.3,4.6,3.9,5.4,Lion Cove / Skymont,12,8,20,20,B0DFK2MH2D,6602214,https://www.intel.com/content/www/us/en/products/sku/241063/intel-core-ultra-7-processor-265k-30m-cache-up-to-5-50-ghz/specifications.html,N82E16819118506,13557862338,,BX80768265K | Intel® Core™ Ultra 7,Arrow Lake,True,False,300,2000,Intel Graphics,4,TSMC N3B,2,256,DDR5,Boxed,250,False,125
4dcfffec-423b-4052-8aca-db6c0f84bb43,AMD Ryzen 7 7800X3D,AMD,Ryzen 7 7000,7800X3D,2023,Ryzen 7 7000,AM5,4dcfffec-423b-4052-8aca-db6c0f84bb43.json,8 × 64 KB (32 KB L1I + 32 KB L1D),8,96,0,0,4.2,5,Raphael,0,0,16,8,B0BTZB7F88,6537139,https://www.amd.com/en/products/processors/desktops/ryzen/7000-series/amd-ryzen-7-7800x3d.html,N82E16819113793,2226109262,,100-100000910WOF | AMD Ryzen 7 7800X3D | 100100000910WOF,Zen 4,True,False,400,2200,AMD Radeon Graphics,128,"TSMC 5nm FinFET, TSMC 6nm FinFET",2,128,DDR5,Boxed,162,True,120
4e0af660-9587-412f-9d17-d17310c446d8,Intel Xeon E3 1270 V5 3.6 GHz 4-Core LGA1151 OEM/Tray,Intel,Intel Xeon E3,,,Intel Xeon E3,LGA 1151,4e0af660-9587-412f-9d17-d17310c446d8.json,,1,8,,,3.6,4,Skylake-H,,4,8,4,,,,,,,CM8066201921712,Skylake,True,False,,,,,14 nm,,64,,OEM/Tray,,True,80
4e2fbb63-b98f-4b3a-8eca-a1defdbcb970,AMD Athlon X4 760K,AMD,Athlon X4 700,760K,2013,Athlon X4 700,FM2,4e2fbb63-b98f-4b3a-8eca-a1defdbcb970.json,2 × 64 KB Instruction + 4 × 16 KB Data (192 KB total),4,0,0,0,3.8,4.1,Richland,0,0,4,4,B01ANHQHLA,,,,,,AD760KWOHLBOX | AD860KXBJASBX,Piledriver,False,True,0,0,,0,32 nm,2,64,DDR3,Boxed,0,False,100
4e43c899-6134-42d3-a3a2-bcb5177d82d8,Intel Core i9 7920X,Intel,Core i9 7000,7920X,2017,Core i9 7000,LGA 2066,4e43c899-6134-42d3-a3a2-bcb5177d82d8.json,12 × 32 KB Instruction + 12 × 32 KB Data (768 KB total),12,16.5,0,0,2.9,4.4,Skylake-X,0,0,24,12,B0756L5T93,,https://www.intel.com/content/www/us/en/products/sku/126240/intel-core-i97920x-xseries-processor-16-5m-cache-up-to-4-30-ghz/specifications.html,N82E16819117811,,,BX80673I97920X,Skylake,False,False,0,0,,0,14 nm,4,128,DDR4,Boxed,0,True,140
4e595e68-eb83-4cc3-9118-653b05747d5a,Intel Core i3 8100,Intel,Core i3 8000,8100,2017,Core i3 8000,LGA 1151,4e595e68-eb83-4cc3-9118-653b05747d5a.json,256 KB (4×32 KB L1 Data + 4×32 KB L1 Instruction),1,6,0,0,3.6,0,Coffee Lake,0,0,4,4,B0759FTRZL,6162970,https://www.intel.com/content/www/us/en/products/sku/126688/intel-core-i38100-processor-6m-cache-3-60-ghz/specifications.html,N82E16819117822,215584648,,BX80684I38100,Coffee Lake,True,True,350,1100,Intel UHD Graphics 630,184,14 nm,2,64,DDR4,Boxed,0,False,65
4e6c1ad8-8bc8-4e6d-a384-10ff8335d427,Intel Xeon E5-2680 v4,Intel,Xeon E5-2600 v4,E5-2680 v4,2012,Xeon E5-2600 v4,LGA 2011,4e6c1ad8-8bc8-4e6d-a384-10ff8335d427.json,14 × 32 KB Instruction + 14 × 32 KB Data (896 KB total),3.5,35,0,0,2.4,3.3,Broadwell-EP,0,0,28,14,B01CNKF0U4,,https://www.intel.com/content/www/us/en/products/sku/91754/intel-xeon-processor-e52680-v4-35m-cache-2-40-ghz/specifications.html,,180895223,,BX80660E52680V4,Broadwell,True,False,0,0,,0,14 nm,4,1536,DDR4,Boxed,0,True,120
4e6f82c0-c099-4640-95b3-9d3266e9886a,Intel Core i7 7700,Intel,Core i7 7000,7700,2017,Core i7 7000,LGA 1151,4e6f82c0-c099-4640-95b3-9d3266e9886a.json,4 × 64 KB (32 KB L1I + 32 KB L1D),1,8,0,0,3.6,4.2,Kaby Lake,0,0,8,4,B01N0L41N7,,https://www.intel.com/content/www/us/en/products/sku/97128/intel-core-i77700-processor-8m-cache-up-to-4-20-ghz/specifications.html,N82E16819117727,55428257,,BX80677I77700,Kaby Lake,False,True,350,1150,Intel HD Graphics 630,192,14 nm,2,64,DDR3 | DDR4,Boxed,0,True,65
4e7cc444-43db-41c6-8f70-fdee1932ee05,Intel Core i9 9900,Intel,Core i9 9000,9900,2019,Core i9 9000,LGA 1151,4e7cc444-43db-41c6-8f70-fdee1932ee05.json,8 × 32 KB Instruction + 8 × 32 KB Data (512 KB total),2,16,0,0,3.1,5,Coffee Lake,0,0,16,8,B07RXX3Y2T,6347262,https://www.intel.com/content/www/us/en/products/sku/191789/intel-core-i99900-processor-16m-cache-up-to-5-00-ghz/specifications.html,9SIAM8PJS64319,547567713,,BX80684I99900 | i9-9900,Coffee Lake Refresh,False,True,350,1200,Intel UHD Graphics 630,192,14 nm,2,128,DDR4,Boxed,0,True,65
4f06759f-c06d-4b90-bbdb-b37b37d3c5b3,Intel Xeon E5 2658 V3 2.2 GHz 12-Core LGA2011-3,Intel,Intel Xeon E5,,,Intel Xeon E5,LGA 2011-3,4f06759f-c06d-4b90-bbdb-b37b37d3c5b3.json,,3,30,,,2.2,2.9,Haswell-EP,,12,24,12,,,,,,,CM8064401545904,Haswell,True,False,,,,,22 nm,,768,,OEM/Tray,,True,105
4fb54223-132b-42ac-b668-4be50bb6df71,AMD Ryzen 9 7950X3D,AMD,Ryzen 9 7000,7950X3D,2023,Ryzen 9 7000,AM5,4fb54223-132b-42ac-b668-4be50bb6df71.json,16 × 64 KB (32 KB L1I + 32 KB L1D),16,128,0,0,4.2,5.7,Raphael,0,0,32,16,B0BTRH9MNS,6537138,https://www.amd.com/en/products/processors/desktops/ryzen/7000-series/amd-ryzen-9-7950x3d.html,N82E16819113791,1252706620,,100-100000908WOF | AMD Ryzen 9 7950X3D,Zen 4,True,False,400,2200,AMD Radeon Graphics,128,"TSMC 5nm FinFET, TSMC 6nm FinFET",2,128,DDR5,Boxed,162,True,120
4fd216c7-0579-4576-846e-723a6d537555,Intel Core i5 8600K,Intel,Core i5 8000,8600K,2017,Core i5 8000,LGA 1151,4fd216c7-0579-4576-846e-723a6d537555.json,384 KB (6 × 32 KB Data + 6 × 32 KB Instruction),1.5,9,0,0,3.6,4.3,Coffee Lake,0,0,6,6,B0759FKH8K,,https://www.intel.com/content/www/us/en/products/sku/126685/intel-core-i58600k-processor-9m-cache-up-to-4-30-ghz/specifications.html,N82E16819117825,729466409,,BX80684I58600K,Coffee Lake,False,False,350,1150,Intel UHD Graphics 630,192,14 nm,2,128,DDR4,Boxed,0,False,95
50930d6c-0ca5-44a1-9f31-26e59611f8fb,Intel Xeon E5 1620 OEM/Tray,Intel,Xeon E5 1600,1620,2012,Xeon E5 1600,LGA 2011,50930d6c-0ca5-44a1-9f31-26e59611f8fb.json,4 × 32 KB Instruction + 4 × 32 KB Data (256 KB total),1,10,0,0,3.6,3.8,Sandy Bridge-EP,0,0,8,4,B00830TQGI,,https://www.intel.com/content/www/us/en/products/sku/64621/intel-xeon-processor-e51620-10m-cache-3-60-ghz-0-0-gts-intel-qpi/specifications.html,,,,CM8062101038606,Sandy Bridge,True,False,0,0,,0,32 nm,4,375,DDR3,OEM/Tray,0,True,130
50d672fd-cb38-42d1-9b4f-4e5de11d2065,AMD Ryzen 7 1800X 3.6 GHz 8-Core AM4 OEM/Tray,AMD,AMD Ryzen 7,,,AMD Ryzen 7,AM4,50d672fd-cb38-42d1-9b4f-4e5de11d2065.json,,4,16,,,3.6,4,Summit Ridge,,8,16,8,,,,,,,YD180XBCM88AE,Zen,False,False,,,,,14 nm,,0,DDR4,OEM/Tray,,True,95
51585d60-2575-4abb-9283-9900580d53e1,Intel Xeon E 2124 3.3 GHz 4-Core LGA1151,Intel,Intel Xeon E,,,Intel Xeon E,LGA 1151,51585d60-2575-4abb-9283-9900580d53e1.json,,1,8,,,3.3,4.3,Coffee Lake,,4,4,4,,,,,,,CM8068403654414,Coffee Lake,True,False,,,,,14 nm,,64,,OEM/Tray,,False,71
518c44bf-d6d8-41d9-99b8-752d15af5021,Intel Xeon E5-2695 v3 OEM/Tray,Intel,Xeon E5 2600 v3,2695 v3,2014,Xeon E5 2600 v3,LGA 2011-3,518c44bf-d6d8-41d9-99b8-752d15af5021.json,14 × 32 KB Instruction + 14 × 32 KB Data (896 KB total),3.5,35,0,0,2.3,3.3,Haswell-EP,0,0,28,14,B00PDD1B0W,,https://www.intel.com/content/www/us/en/products/sku/81057/intel-xeon-processor-e52695-v3-35m-cache-2-30-ghz/specifications.html,,5163828057,,CM8064401438110,Haswell,True,False,0,0,,0,22 nm,4,768,DDR4,OEM/Tray,0,True,120
51d94d56-b80d-4ea9-9653-f3588535f558,Intel Core i3 7100T,Intel,Core i3 71000,7100T,2017,Core i3 7000,LGA 1151,51d94d56-b80d-4ea9-9653-f3588535f558.json,2 × 32 KB Instruction Cache + 2 × 32 KB Data Cache,0.25,3,0,0,3.4,0,Kaby Lake,0,0,4,2,B01NAQ6A93,,https://www.intel.com/content/www/us/en/products/sku/97485/intel-core-i37100t-processor-3m-cache-3-40-ghz/specifications.html,,,,CM8067703015913,Kaby Lake,True,True,350,1.1,Intel HD Graphics 630,192,14 nm,2,64,DDR3 | DDR4,OEM/Tray,0,True,35
51de7b78-f771-4e48-9e54-cf98e5f7128a,AMD A-Series A8 7670K 3.6 GHz 4-Core FM2+,AMD,AMD A8,,,AMD A8,FM2+,51de7b78-f771-4e48-9e54-cf98e5f7128a.json,,4,0,,,3.6,3.9,Godavari,,4,4,4,,,,,,,AD767KXBJCBOX,Steamroller,False,True,,,AMD Radeon R7 (on-die),,28 nm,,0,,Boxed,,False,95
51ed618a-fade-4996-8480-c98e10f49271,Intel Core i9-7980XE,Intel,Core i9 7000,7980XE,2017,Core i9 7000,LGA 2066,51ed618a-fade-4996-8480-c98e10f49271.json,18 × 32 KB Instruction + 18 × 32 KB Data (1152 KB total),18,24.75,0,0,2.6,4.4,Skylake-X,0,0,36,18,B078L6GSH3,,https://www.intel.com/content/www/us/en/products/sku/126699/intel-core-i97980xe-extreme-edition-processor-24-75m-cache-up-to-4-20-ghz/specifications.html,N82E16819117836,267995409,,CD8067303734902,Skylake,False,False,0,0,,0,14 nm,4,128,DDR4,OEM/Tray,0,True,165
52046b4b-1ff1-4593-9cc5-f007a38fa409,Intel Core i9 9900KS,Intel,Core i9 9000,9900KS,2019,Core i9 9000,LGA 1151,52046b4b-1ff1-4593-9cc5-f007a38fa409.json,512 KB (8 × 32 KB Data + 8 × 32 KB Instruction),2,16,0,0,4,5,Coffee Lake Refresh,0,0,16,8,B07YP3J7ZM,,https://www.intel.com/content/www/us/en/products/sku/192943/intel-core-i99900ks-processor-16m-cache-up-to-5-00-ghz/specifications.html,N82E16819118113,364782467,,BX80684I99900KS,Coffee Lake Refresh,False,False,350,1200,Intel UHD Graphics 630,192,14 nm,2,128,DDR4,Boxed,0,True,127
529da8f1-d398-4ef3-b6c9-2a2a2dde4b14,Intel Core i7 6900K,Intel,Core i7 6000,6900K,2016,Core i7 6000,LGA 2011-3,529da8f1-d398-4ef3-b6c9-2a2a2dde4b14.json,8 × 32 KB Instruction + 8 × 32 KB Data (512 KB total),2,20,0,0,3.2,4,Broadwell-E,0,0,16,8,B01FJLAIG0,,https://www.intel.com/content/www/us/en/products/sku/94196/intel-core-i76900k-processor-20m-cache-up-to-3-70-ghz/specifications.html,,,,BX80671I76900K,Broadwell E,False,False,0,0,,0,14 nm,4,128,DDR4,Boxed,0,True,140
52fdaf26-948d-4f20-97bd-13ba298abac5,Intel Core i7 7700T,Intel,Core i7 7000,7700T,2017,Core i7 7000,LGA 1151,52fdaf26-948d-4f20-97bd-13ba298abac5.json,4 × 32 KB Instruction + 4 × 32 KB Data (256 KB total),1,8,0,0,2.9,3.8,Kaby Lake,0,0,8,4,B01MS73UK2,,https://www.intel.com/content/www/us/en/products/sku/97122/intel-core-i77700t-processor-8m-cache-up-to-3-80-ghz/specifications.html,,699482642,,BX80677I77700T,Kaby Lake,False,True,350,1150,Intel HD Graphics 630,192,14 nm,2,64,DDR4 | DDR3,Boxed,0,True,35
536e31d4-f1a4-4936-897a-8866bcfb01e6,Intel Core i9-14900KF,Intel,Core i9-14000,14900KF,2023,Core i9 14000,LGA 1700,536e31d4-f1a4-4936-897a-8866bcfb01e6.json,"80KB per P-core, 96KB per E-core",32,36,2.4,4.4,3.2,6,Raptor Cove / Gracemont,16,8,32,24,B0CGJDBCTK,,https://www.intel.com/content/www/us/en/products/sku/236787/intel-core-i9-processor-14900kf-36m-cache-up-to-6-00-ghz/specifications.html,N82E16819118464,5092025604,,BX8071514900KF | Core™ i9-14900KF,Raptor Lake Refresh,True,False,0,0,,0,Intel 7,2,192,DDR5 | DDR4,Boxed,253,True,125
53bba6ac-3ef1-4f1d-8079-9ccbedd463ef,Intel Core i5 4670S OEM/Tray,Intel,Core i5 4000,4670S,2013,Core i5 4000,LGA 1150,53bba6ac-3ef1-4f1d-8079-9ccbedd463ef.json,4 × 32 KB Instruction + 4 × 32 KB Data (256 KB total),1,6,0,0,3.1,3.8,Haswell,0,0,4,4,,,https://www.intel.com/content/www/us/en/products/sku/75049/intel-core-i54670s-processor-6m-cache-up-to-3-80-ghz/specifications.html,9SIADD8KVX3787,,,CM8064601465703,Haswell,False,False,350,1200,Intel HD Graphics 4600,160,22 nm,2,32,DDR3,OEM/Tray,0,False,65
54157058-0ff5-4208-9466-5ce1e985ca7a,Intel Core i5 14600KF,Intel,Core i5 14000,14600KF,2023,Intel Core i5 14000,LGA 1700,54157058-0ff5-4208-9466-5ce1e985ca7a.json,6 × 80 KB + 8 × 64 KB (L1 per-core totals),20,24,2.6,4,3.5,5.3,Raptor Cove / Gracemont,8,6,20,14,B0CHBH63YX,6560424,https://www.intel.com/content/www/us/en/products/sku/236778/intel-core-i5-processor-14600kf-24m-cache-up-to-5-30-ghz/specifications.html,N82E16819118472,5120674460,,BX8071514600KF,Raptor Lake Refresh,False,False,0,0,,0,Intel 7,2,192,DDR5 | DDR4,Boxed,181,True,125
541df888-fb1f-4aae-854a-ba78665e4e68,AMD Opteron 6344,AMD,Opteron 6300,6344,2012,Opteron 6300,G34,541df888-fb1f-4aae-854a-ba78665e4e68.json,6 × 64 KB Instruction + 12 × 16 KB Data (576 KB total),12,16,0,0,2.6,3.2,Abu Dhabi,0,0,12,12,B014Q2DBTE,,,N82E16819113304,42466991,,OS6344WKTCGHKWOF | OS6344WKTCGHK,Piledriver,True,False,0,0,,0,32 nm,4,1024,DDR3,Boxed,0,False,115
558f9e14-2ddd-4b02-8653-01011ef4cfe8,Intel Core i9 7960X,Intel,Core i9 7000,7960X,2017,Core i9 7000,LGA 2066,558f9e14-2ddd-4b02-8653-01011ef4cfe8.json,16 × 32 KB Instruction + 16 × 32 KB Data (1024 KB total),16,22,0,0,2.8,4.4,Skylake-X,0,0,32,16,B075XRYMDS,,https://www.intel.com/content/www/us/en/products/sku/126697/intel-core-i97960x-xseries-processor-22m-cache-up-to-4-20-ghz/specifications.html,N82E16819117835,,,BX80673I97960X,Skylake,False,False,0,0,,0,14 nm,4,128,DDR4,Boxed,0,True,165
561fd78d-c0ca-4619-a942-92eacf4bfccf,AMD Ryzen 3 4100,AMD,Ryzen 3 4000,4100,2022,Ryzen 3 4000,AM4,561fd78d-c0ca-4619-a942-92eacf4bfccf.json,4 × 32 KB Instruction Cache + 4 × 32 KB Data Cache,2,4,0,0,3.8,4,Renoir,0,0,8,4,B09VCRQVWM,,https://www.amd.com/en/support/downloads/drivers.html/processors/ryzen/ryzen-4000-series/amd-ryzen-3-4100.html,N82E16819113739,225385083,,100-100000510BOX | AMD Ryzen 3 4100,Zen 2,False,True,0,0,,0,TSMC 7nm FinFET,2,128,DDR4,Boxed,0,True,65
564c5e22-6f75-415c-ba9b-da1aef354435,Intel Xeon E3-1265L v3,Intel,Xeon E3 1200 v3,1265L v3,2013,Xeon E3 1200 v3,LGA 1150,564c5e22-6f75-415c-ba9b-da1aef354435.json,4 × 32 KB Instruction + 4 × 32 KB Data (256 KB total),1,8,0,0,2.5,3.7,Haswell-WS,0,0,8,4,B00J0N00PI,,https://www.intel.com/content/www/us/en/products/sku/75463/intel-xeon-processor-e31265l-v3-8m-cache-2-50-ghz/specifications.html,N82E16819117388,,,CM8064601467406,Haswell,True,False,350,1200,Intel HD Graphics,80,22 nm,2,32,DDR3,OEM/Tray,0,True,45
56d6e30f-ad21-4435-a1e6-9cc613083c37,Intel Core i7 9700,Intel,Core i7 9000,9700,2019,Core i7 9000,LGA 1151,56d6e30f-ad21-4435-a1e6-9cc613083c37.json,8 × 32 KB Instruction + 8 × 32 KB Data (512 KB total),2,12,0,0,3,4.7,Coffee Lake Refresh,0,0,8,8,B07S6CRLVD,6347263,https://www.intel.com/content/www/us/en/products/sku/191792/intel-core-i79700-processor-12m-cache-up-to-4-70-ghz/specifications.html,N82E16819118024,923021851,,BX80684I79700,Coffee Lake Refresh,False,True,350,1200,Intel HD Graphics 630,192,14 nm,2,128,DDR4,Boxed,0,False,65
571a3898-fab2-4596-83fc-c37d0c7257de,Intel Core i7 4770K OEM/Tray,Intel,Core i7 4000,4770K,2013,Core i7 4000,LGA 1150,571a3898-fab2-4596-83fc-c37d0c7257de.json,4 × 32 KB Instruction + 4 × 32 KB Data (256 KB total),1,8,0,0,3.5,3.9,Haswell,0,0,8,4,B00E7LPH24,,https://www.intel.com/content/www/us/en/products/sku/75123/intel-core-i74770k-processor-8m-cache-up-to-3-90-ghz/specifications.html,N82E16819117417,,,CM8064601464206,Haswell,False,False,350,1250,Intel HD Graphics 4600,160,22 nm,2,32,DDR3,OEM/Tray,0,True,84
576892a0-c32b-4fc1-b85a-d09ae7c77824,AMD Ryzen 5 5600T OEM/Tray,AMD,Ryzen 5 5000,5600T,2024,Ryzen 5 5000,AM4,576892a0-c32b-4fc1-b85a-d09ae7c77824.json,6 × 32 KB Instruction + 6 × 32 KB Data (384 KB total),3,32,0,0,3.5,4.5,Vermeer,0,0,12,6,,,https://www.amd.com/en/products/processors/desktops/ryzen/5000-series/amd-ryzen-5-5600t.html,,,,100-000001584,Zen 3,True,False,0,0,,0,"TSMC 7nm FinFET, 12nm (Globalfoundries)",2,128,DDR4,OEM/Tray,0,True,65
58042e92-814b-4b53-879a-4a3d6bae7ab4,AMD FX-8320E OEM/Tray,AMD,FX 8000,8320E,2014,FX 8000,AM3+,58042e92-814b-4b53-879a-4a3d6bae7ab4.json,4 × 64 KB Instruction + 8 × 16 KB Data (384 KB total),8,8,0,0,3.2,4,Vishera,0,0,8,8,B00TP527I4,,,,,,FD832EWMW8KHK,Piledriver,False,False,0,0,,0,32 nm,2,32,DDR3,OEM/Tray,0,False,95
58e5d3a4-0c33-497b-88ff-0ce7713337f5,Intel Core i7 6700T,Intel,Core i7 6000,6700T,2015,Core i7 6000,LGA 1151,58e5d3a4-0c33-497b-88ff-0ce7713337f5.json,4 × 32 KB Instruction + 4 × 32 KB Data (256 KB total),1,8,0,0,2.8,3.6,Skylake,0,0,8,4,B08GH9XVFV,,https://www.intel.com/content/www/us/en/products/sku/88200/intel-core-i76700t-processor-8m-cache-up-to-3-60-ghz/specifications.html,,511987710,,CM8066201920202 | SR2L3,Skylake,False,False,350,1100,Intel HD Graphics 530,192,14 nm,2,64,DDR4 | DDR3,OEM/Tray,0,True,35
590f3a23-2873-41b2-95c2-1683c6436a2e,Intel Xeon E5-2640,Intel,Xeon E5 2600,2640,2012,Xeon E5 2600,LGA 2011,590f3a23-2873-41b2-95c2-1683c6436a2e.json,6 × 32 KB Instruction + 6 × 32 KB Data (384 KB total),1.5,15,0,0,2.5,3,Sandy Bridge-EP,0,0,12,6,B007H29EC4,,https://www.intel.com/content/www/us/en/products/sku/64591/intel-xeon-processor-e52640-15m-cache-2-50-ghz-7-20-gts-intel-qpi/specifications.html,,23140932,,BX80621E52640 | INT-BX80621E52640,Sandy Bridge EP,True,False,0,0,,0,32 nm,4,384,DDR3,Boxed,0,True,95
596e5785-093c-4908-9a08-b34b24c20ab1,Intel Xeon E5 2687W 3.1 GHz 8-Core LGA2011 OEM/Tray,Intel,Intel Xeon E5,,,Intel Xeon E5,LGA 2011,596e5785-093c-4908-9a08-b34b24c20ab1.json,,2,20,,,3.1,3.8,Sandy Bridge-EP,,8,16,8,,,,,,,CM8062107184308,Sandy Bridge,True,False,,,,,32 nm,,0,,OEM/Tray,,True,150
59f2b040-a1c1-4f45-b22d-07b2e2d129f1,Intel Xeon E5 2650L V3 OEM/Tray,Intel,Xeon E5 2600 v3,2650L v3,2014,Xeon E5 2600 v3,LGA 2011-3,59f2b040-a1c1-4f45-b22d-07b2e2d129f1.json,12 × 32 KB Instruction + 12 × 32 KB Data (768 KB total),3,30,0,0,1.8,2.5,Haswell-EP,0,0,24,12,B01DTYPIAU,,https://www.intel.com/content/www/us/en/products/sku/81903/intel-xeon-processor-e52650l-v3-30m-cache-1-80-ghz/specifications.html,N82E16819117660,,,CM8064401575702,Haswell,True,False,0,0,,0,22 nm,4,768,DDR4,OEM/Tray,0,True,65
5a121bc6-68bf-4644-9f94-93acb8c4df51,Intel Core i9 9960X,Intel,Core i9 9000,9960X,2018,Core i9 9000,LGA 2066,5a121bc6-68bf-4644-9f94-93acb8c4df51.json,16 × 32 KB Instruction + 16 × 32 KB Data (1024 KB total),16,22,0,0,3.1,4.4,Skylake-X,0,0,32,16,B07JDV1QDG,,https://www.intel.com/content/www/us/en/products/sku/189123/intel-core-i99960x-xseries-processor-22m-cache-up-to-4-50-ghz/specifications.html,N82E16819117965,,,BX80673I99960X,Skylake,False,False,0,0,,0,14 nm,4,128,DDR4,Boxed,0,True,165
5a49ac5d-8247-4822-b065-5cfa926fbcb0,Intel Core i9 12900F,Intel,Core i9 12000,12900F,2022,Core i9 12000,LGA 1700,5a49ac5d-8247-4822-b065-5cfa926fbcb0.json,"16 × 32 KB Instruction + 16 × 48 KB Data (1,280 KB total)",14,30,1.8,3.8,2.4,5.1,Alder Lake-S,8,8,24,16,B09RPNW7CM,,https://www.intel.com/content/www/us/en/products/sku/134598/intel-core-i912900f-processor-30m-cache-up-to-5-10-ghz/specifications.html,N82E16819118373,412790719,,BX8071512900F,Alder Lake,False,False,0,0,,0,Intel 7,2,128,DDR5 | DDR4,Boxed,202,True,65
5a83927b-568f-4a4f-bb09-be8a06899ef6,Intel Xeon E3-1220 v6 OEM/Tray,Intel,Xeon E3 1200 v6,1220 v6,2017,Xeon E3 1200 v6,LGA 1151,5a83927b-568f-4a4f-bb09-be8a06899ef6.json,4 × 32 KB Instruction + 4 × 32 KB Data (256 KB total),1,8,0,0,3,3.5,Kaby Lake-S,0,0,4,4,B06Y3X16XD,,https://www.intel.com/content/www/us/en/products/sku/97470/intel-xeon-processor-e31220-v6-8m-cache-3-00-ghz/specifications.html,9SIB33YKY19029,,,CM8067702870812,Kaby Lake,True,False,0,0,,0,14 nm,2,64,DDR4 | DDR3,OEM/Tray,0,False,72
5a83dd91-ac5a-4c36-a516-4c9a61e41189,AMD Athlon X2 350 OEM/Tray,AMD,Athlon X2 300,350,2013,Athlon X2 300,FM2,5a83dd91-ac5a-4c36-a516-4c9a61e41189.json,1 × 64 KB Instruction + 2 × 16 KB Data (96 KB total),1,0,0,0,3.5,3.9,Richland,0,0,2,2,,,,,,,AD350XOKA23HL,Piledriver,False,False,0,0,,0,32 nm,2,64,DDR3,OEM/Tray,0,False,65
5b36b052-1da1-4e1d-aeba-16e5bd89a309,Intel Xeon E5-2680 v3,Intel,Xeon E5 2600 v3,2680 v3,2014,Xeon E5 2600 v3,LGA 2011-3,5b36b052-1da1-4e1d-aeba-16e5bd89a309.json,12 × 32 KB Instruction + 12 × 32 KB Data (768 KB total),3,30,0,0,2.5,3.3,Haswell-EP,0,0,24,12,B00NFA7I02,,https://www.intel.com/content/www/us/en/products/sku/81908/intel-xeon-processor-e52680-v3-30m-cache-2-50-ghz/specifications.html,N82E16819117473,,,BX80644E52680V3,Haswell,True,False,0,0,,0,22 nm,4,768,DDR4,Boxed,0,True,120
5b3f1331-be66-43b0-b094-ac032d946b0c,AMD Ryzen 5 8500G,AMD,AMD Ryzen 5 8000,8500G,2024,Ryzen 5 8000,AM5,5b3f1331-be66-43b0-b094-ac032d946b0c.json,6 × 32 KB Instruction Cache + 6 × 32 KB Data Cache,6,16,3.3,3.7,4.1,5,Phoenix,4,2,12,6,B0CQ4JV8D5,6573541,https://www.amd.com/en/products/processors/desktops/ryzen/8000-series/amd-ryzen-5-8500g.html,N82E16819113815,5304036723,,100-100000931BOX | AMD Ryzen™ 5 8500G | Ryzen 5 8500G | 100100000931BOX,"2x Zen 4 , 4x Zen 4c",True,False,800,2800,AMD Radeon 740M,256,TSMC 4nm FinFET,2,256,DDR5,Boxed,88,True,65
5b57282e-8150-4f6c-bebc-c7282e5c61a1,AMD A8-7650K OEM/Tray,AMD,A-Series A8 7000,7650K,2015,A-Series A8 7000,FM2+,5b57282e-8150-4f6c-bebc-c7282e5c61a1.json,2 × 96 KB Instruction + 4 × 16 KB Data (256 KB total),4,0,0,0,3.3,3.8,Kaveri,0,0,4,4,B01DLKFQ1I,,https://www.amd.com/en/support/downloads/drivers.html/processors/a-series/a8-series-apu-for-desktops/a8-7650k-with-radeon-r7-series.html,,,,AD765KXBJASBX,Steamroller,False,False,720,0,AMD Radeon R7 Graphics,384,28 nm,2,64,DDR3,OEM/Tray,0,False,95
5c9ce771-76dc-4c06-8b86-c32d90be9b46,AMD A8-7650K,AMD,A-Series A8 7000,7650K,2015,A-Series A8 7000,FM2+,5c9ce771-76dc-4c06-8b86-c32d90be9b46.json,2 × 96 KB Instruction + 4 × 16 KB Data (256 KB total),4,0,0,0,3.3,3.8,Kaveri,0,0,4,4,B00TQIT1W0,,https://www.amd.com/en/support/downloads/drivers.html/processors/a-series/a8-series-apu-for-desktops/a8-7650k-with-radeon-r7-series.html,N82E16819113406,151943718,,AD765KXBJABOX,Steamroller,False,True,720,0,AMD Radeon R7 Graphics,384,28 nm,2,64,DDR3,Boxed,0,False,95
5cb67090-1414-4608-b202-f2ceccb99d3a,Intel Core i7-11700,Intel,Core i7 11000,11700,2021,Core i7 11000,LGA 1200,5cb67090-1414-4608-b202-f2ceccb99d3a.json,8 × 32 KB Instruction + 8 × 48 KB Data (640 KB total),4,16,0,0,2.5,4.9,Cypress Cove,0,0,16,8,B08X6QHYDL,6452219,https://www.intel.com/content/www/us/en/products/sku/212279/intel-core-i711700-processor-16m-cache-up-to-4-90-ghz/specifications.html,N82E16819118237,261589911,,BX8070811700,Rocket Lake,False,False,350,1300,Intel UHD Graphics 750,256,14 nm,2,128,DDR4,Boxed,0,True,65
5cc1e75e-eac7-4622-a6fb-47ed681c5f4d,AMD A6-6420K,AMD,A-Series A6 6000,6420K,2014,A-Series A6 6000,FM2,5cc1e75e-eac7-4622-a6fb-47ed681c5f4d.json,1 × 64 KB Instruction + 2 × 16 KB Data (96 KB total),1,0,0,0,4,4.2,Richland,0,0,2,2,B00ILIBI5O,,https://www.amd.com/en/support/downloads/drivers.html/processors/a-series/a6-series-apu-for-desktops/a6-6420k-with-radeon-hd-8470d.html,N82E16819113361,39256790,,AD642KOKHLBOX,Piledriver,False,True,800,0,AMD Radeon HD 8470D,0,32nm SOI,2,64,DDR3,Boxed,0,False,65
5cdc16ba-b3b6-40cc-bc31-853be0ed656d,Intel Xeon E5-2640 v3,Intel,Xeon E5 2600 v3,E5-2640 v3,2014,Xeon E5 2600 v3,LGA 2011-3,5cdc16ba-b3b6-40cc-bc31-853be0ed656d.json,8 × 32 KB Instruction + 8 × 32 KB Data (512 KB total),2,20,0,0,2.6,3.4,Haswell-EP,0,0,16,8,B0101703E4,,https://www.intel.com/content/www/us/en/products/sku/83359/intel-xeon-processor-e52640-v3-20m-cache-2-60-ghz/specifications.html,N82E16819117478,3876160058,,BX80644E52640V3 | E5-2640 v3 | SR205,Haswell,True,False,0,0,,0,22 nm,4,768,DDR4,Boxed,0,True,90
5d09089e-4e1d-4498-9b3f-e4f67f752aa7,Intel Core i7 6800K,Intel,Core i7 6000,6800K,2016,Core i7 6000,LGA 2011-3,5d09089e-4e1d-4498-9b3f-e4f67f752aa7.json,384 KB (6×32 KB L1 Data + 6×32 KB L1 Instruction),1.5,15,0,0,3.4,3.6,Broadwell-E,0,0,12,6,B01FJLA8NI,,https://www.intel.com/content/www/us/en/products/sku/94189/intel-core-i76800k-processor-15m-cache-up-to-3-60-ghz/specifications.html,N82E16819117649,52364227,,BX80671I76800K,Broadwell E,False,False,0,0,,0,14 nm,4,128,DDR4,Boxed,0,True,140
5ddb1d54-bfdc-4a6b-9142-771d85707856,AMD Ryzen Threadripper 1920X,AMD,Ryzen Threadripper 1000,1920X,2017,Ryzen Threadripper 1000,sTR4,5ddb1d54-bfdc-4a6b-9142-771d85707856.json,"12 × 64 KB Instruction + 12 × 32 KB Data (1,152 KB total)",6,32,0,0,3.5,4,Whitehaven,0,0,24,12,B074CBJHCT,,https://www.amd.com/en/support/downloads/drivers.html/processors/ryzen-threadripper/ryzen-threadripper-1000-series/amd-ryzen-threadripper-1920x.html,,683949098,,YD192XA8AEWOF,Zen,False,False,0,0,,0,14 nm,4,128,DDR4,Boxed,0,True,180
5e2a8f98-9fe3-43d6-a48f-0512722287b1,Intel Core i3 9300,Intel,Core i3 9000,9300,2019,Core i3 9000,LGA 1151,5e2a8f98-9fe3-43d6-a48f-0512722287b1.json,4 × 32 KB Instruction + 4 × 32 KB Data (256 KB total),1,8,0,0,3.7,4.3,Coffee Lake Refresh,0,0,4,4,B07S8DWC81,,https://www.intel.com/content/www/us/en/products/sku/134886/intel-core-i39300-processor-8m-cache-up-to-4-30-ghz/specifications.html,N82E16819118070,832222319,,BX80684I39300,Coffee Lake,True,True,350,1150,Intel UHD Graphics 630,192,14 nm,2,64,DDR4,Boxed,0,False,62
5e4498ad-3d4d-4ce7-b5f2-65c25d2a7cde,Intel Core i5 7500T 2.7 GHz 4-Core LGA1151,Intel,Intel Core i5,,,Intel Core i5,LGA 1151,5e4498ad-3d4d-4ce7-b5f2-65c25d2a7cde.json,,1,6,,,2.7,3.3,Kaby Lake-S,,4,4,4,,,,,,,BXC80677I57500T,Kaby Lake,False,True,,,Intel HD Graphics 630,,14 nm,,64,,Boxed,,False,35
5eb15d84-bd3a-48cb-a576-aebc04fdce7b,Intel Core i3 9300 OEM/Tray,Intel,Core i3 9000,9300,2019,Core i3 9000,LGA 1151,5eb15d84-bd3a-48cb-a576-aebc04fdce7b.json,4 × 32 KB Instruction + 4 × 32 KB Data (256 KB total),1,8,0,0,3.7,4.3,Coffee Lake Refresh,0,0,4,4,B07T24NDJH,,https://www.intel.com/content/www/us/en/products/sku/134886/intel-core-i39300-processor-8m-cache-up-to-4-30-ghz/specifications.html,,,,CM8068403377117,Coffee Lake,True,False,350,1150,Intel UHD Graphics 630,192,14 nm,2,64,DDR4,OEM/Tray,0,False,62
5f51e9c7-0333-4052-94cf-29c3b5cc26db,Intel Xeon E 2146G 3.5 GHz 6-Core LGA1151 OEM/Tray,Intel,Intel Xeon E,,,Intel Xeon E,LGA 1151,5f51e9c7-0333-4052-94cf-29c3b5cc26db.json,,5,12,,,3.5,4.5,Coffee Lake,,6,12,6,B07GLFGW89,,,,,,CM8068403380116,Coffee Lake,True,False,,,Intel HD Graphics P630,,14 nm,,64,,OEM/Tray,,True,80
5fbb1479-6d3e-41bb-8007-da5f747249f5,Intel Core i9 10900K,Intel,Core i9 10000,10900K,2020,Core i9 10000,LGA 1200,5fbb1479-6d3e-41bb-8007-da5f747249f5.json,10 × 32 KB Instruction + 10 × 32 KB Data (640 KB total),2.5,20,0,0,3.7,5.3,Comet Lake,0,0,20,10,B086MHSTVD,,https://www.intel.com/content/www/us/en/products/sku/199332/intel-core-i910900k-processor-20m-cache-up-to-5-30-ghz/specifications.html,N82E16819118122,559488943,,BX8070110900KA,Comet Lake,False,True,350,1200,Intel UHD Graphics 630,192,14 nm,2,128,DDR4,Boxed,0,True,125
5ffd311e-c8f8-4bc5-83bc-bfffe5959645,Intel Core i5 8600T OEM/Tray,Intel,Core i5 8000,8600T,2018,Core i5 8000,LGA 1151,5ffd311e-c8f8-4bc5-83bc-bfffe5959645.json,6 × 32 KB Instruction + 6 × 32 KB Data (384 KB total),1.5,9,0,0,2.3,3.7,Coffee Lake,0,0,6,6,B079FTRKKX,,https://www.intel.com/content/www/us/en/products/sku/129938/intel-core-i58600t-processor-9m-cache-up-to-3-70-ghz/specifications.html,9SIA4REK9J2173,,,CM8068403358708,Coffee Lake,False,False,350,1150,Intel UHD Graphics 630,192,14 nm,2,128,DDR4,OEM/Tray,0,False,35
6015ca67-7422-475b-81be-b143aba0d9f4,Intel Xeon E5-2640 v4,Intel,Xeon E5 2600 v4,2640 v4,2016,Xeon E5 2600 v4,LGA 2011-3,6015ca67-7422-475b-81be-b143aba0d9f4.json,10 × 32 KB Instruction + 10 × 32 KB Data (640 KB total),2.5,25,0,0,2.4,3.4,Broadwell-EP,0,0,20,10,B01DTYPZQC,,https://www.intel.com/content/www/us/en/products/sku/92984/intel-xeon-processor-e52640-v4-25m-cache-2-40-ghz/specifications.html,9SIBRESKZ29320,147797543,,BX80660E52640V4,Broadwell,True,False,0,0,,0,14 nm,4,1536,DDR4,Boxed,0,True,90
6030a0b4-dc81-4bd6-bc2c-819e643f3a7d,Intel Core i3 14100,Intel,Core i3 14000,14100,2024,Core i3 14000,LGA 1700,6030a0b4-dc81-4bd6-bc2c-819e643f3a7d.json,256 KB (4×32 KB L1 Data + 4×32 KB L1 Instruction),5,12,0,0,3.5,4.7,Raptor Cove,0,4,8,4,B0CQ1S3L53,,https://www.intel.com/content/www/us/en/products/sku/236774/intel-core-i3-processor-14100-12m-cache-up-to-4-70-ghz/specifications.html,N82E16819118483,5330160177,,BX8071514100,Raptor Lake Refresh,True,True,300,1500,Intel UHD Graphics 730,192,Intel 7,2,192,DDR5 | DDR4,Boxed,110,True,60
60790f0f-eeb6-4705-91b3-2cb9edaa0340,Intel Core i7 6900K 3.2 GHz 8-Core LGA2011-3,Intel,Intel Core i7,,,Intel Core i7,LGA 2011-3,60790f0f-eeb6-4705-91b3-2cb9edaa0340.json,,2,20,,,3.2,3.7,Broadwell-E,,8,16,8,,,,,,,BXC80671I76900K,Broadwell,False,False,,,,,14 nm,,128,,Boxed,,True,140
609f5722-7ed9-4e97-b65e-34b6af535107,AMD Ryzen Threadripper 9960X,AMD,Threadripper 9000,9960X,2025,Ryzen Threadripper 9000,sTR5,609f5722-7ed9-4e97-b65e-34b6af535107.json,24 × 64 KB Instruction Cache + 24 × 32 KB Data Cache,24,128,0,0,4.2,5.4,Shimada Peak,0,0,48,24,B0FJ6KKCD5,6644815,https://www.amd.com/en/products/processors/ryzen-threadripper/9000-series/amd-ryzen-threadripper-9960x.html,N82E16819113916,17428453072,,100-100001595WOF | 100-000001595WOF,Zen 5,True,False,0,0,,0,"TSMC 4nm FinFET, TSMC 6nm FinFET",4,1024,DDR5,Boxed,350,True,350
60a8ba0d-d6a5-4e84-89df-a5ca2a8915c9,AMD Ryzen 7 7700X,AMD,Ryzen 7 7000,7700X,2022,Ryzen 7 7000,AM5,60a8ba0d-d6a5-4e84-89df-a5ca2a8915c9.json,8 × 64 KB (L1 per core),8,32,0,0,4.5,5.4,Raphael,0,0,16,8,B0BBHHT8LY,6519477,https://www.amd.com/en/products/processors/desktops/ryzen/7000-series/amd-ryzen-7-7700x.html,N82E16819113768,1357409766,,100-100000591WOF | RYZEN 7 7700X | 100100000591WOF,Zen 4,True,False,400,2200,AMD Radeon Graphics,128,"TSMC 5nm FinFET, TSMC 6nm FinFET",2,128,DDR5,Boxed,142,True,105
60e91901-71e2-42f8-a245-f3a1be627151,AMD Athlon X4 970 3.8 GHz 4-Core AM4,AMD,AMD Athlon X4,,,AMD Athlon X4,AM4,60e91901-71e2-42f8-a245-f3a1be627151.json,,2,0,,,3.8,4,Bristol Ridge,,4,4,4,,,,,,,AD970XAUABBOX,Excavator,False,True,,,,,28 nm,,0,DDR4,Boxed,,False,65
61524df0-3c26-49c3-b7db-b056ad3d3028,Intel Core i5 14600K,Intel,Core i5 14000,14600K,2023,Core i5 14000,LGA 1700,61524df0-3c26-49c3-b7db-b056ad3d3028.json,6 x 80 KB + 8 x 96 KB,20,24,2.6,4,3.5,5.3,Raptor Cove / Gracemont,8,6,20,14,B0CGJ9STNF,6560423,https://www.intel.com/content/www/us/en/products/sku/236799/intel-core-i5-processor-14600k-24m-cache-up-to-5-30-ghz/specifications.html,N82E16819118470,5117652215,,BX8071514600K,Raptor Lake Refresh,True,False,300,1550,Intel UHD Graphics 770,256,Intel 7,2,192,DDR5 | DDR4,Boxed,181,True,125
616b97e2-782a-4a0c-80cf-f8b56a9cf18b,AMD EPYC 4464P,AMD,EPYC 4000,4464P,2024,EPYC  4000,AM5,616b97e2-782a-4a0c-80cf-f8b56a9cf18b.json,768 KB (12 × 32 KB Data + 12 × 32 KB Instruction),12,64,0,0,3.7,5.4,Raphael,0,0,24,12,B0GK16KJN7,,https://www.amd.com/en/products/processors/server/epyc/4004-series/amd-epyc-4464p.html,N82E16819113831,6531814280,,100-100001478WOF,Zen 4,True,False,400,2200,AMD Radeon Graphics,128,5 nm,2,192,DDR5,Boxed,0,True,65
618ecc4c-b808-4c02-ac5f-ed5d338af257,AMD A8 7670K 3.6 GHz 4-Core FM2+,AMD,AMD A8,,,AMD A8,FM2+,618ecc4c-b808-4c02-ac5f-ed5d338af257.json,,4,0,,,3.6,3.9,Godavari,,4,4,4,,,,,,,AD767KXBJCSBX,Steamroller,False,True,,,AMD Radeon R7 (on-die),,28 nm,,0,,Boxed,,False,95
61ccec51-9636-400c-b879-2ac9dcea439f,Intel Core i9 9960X,Intel,Core i9 9000,9960X,2018,Core i9 9000,LGA 2066,61ccec51-9636-400c-b879-2ac9dcea439f.json,16 × 64 KB (32 KB L1I + 32 KB L1D),16,22,0,0,3.1,4.5,Skylake-X,0,0,32,16,B07JDV1QDG,,https://www.intel.com/content/www/us/en/products/sku/189123/intel-core-i99960x-xseries-processor-22m-cache-up-to-4-50-ghz/specifications.html,,,,BX80673I99960X,Skylake,False,False,0,0,,0,14 nm,4,128,DDR4,OEM/Tray,0,True,165
622de591-d901-4b0f-b6bf-7b4ffe185bfc,AMD A8-7680,AMD,A-Series A8 7000,7680,2018,A-Series A8 7000,FM2+,622de591-d901-4b0f-b6bf-7b4ffe185bfc.json,2 × 96 KB Instruction + 4 × 32 KB Data (320 KB total),2,0,0,0,3.5,3.8,Carrizo,0,0,4,4,,,,N82E16819113548,73014330936,,AD7680ACABBOX,Excavator,False,True,720,800,AMD Radeon R7 Graphics,384,28 nm,2,64,DDR3,Boxed,0,False,45
622e7110-ebf4-4040-93f6-5b37e82ff02e,Intel Core i7 14700K,Intel,Intel Core i7 14000,14700K,2023,Core i7 14000,LGA 1700,622e7110-ebf4-4040-93f6-5b37e82ff02e.json,"80KB per P-core, 96KB per E-core cluster",28,33,2.5,4.3,3.4,5.5,Raptor Cove / Gracemont,12,8,28,20,B0CGJ41C9W,6560420,https://www.intel.com/content/www/us/en/products/sku/236783/intel-core-i7-processor-14700k-33m-cache-up-to-5-60-ghz/specifications.html,N82E16819118466,5116858339,,BX8071514700K,Raptor Lake Refresh,True,False,300,1600,Intel UHD 770,32,Intel 7,2,192,DDR5 | DDR4,Boxed,253,True,125
6233c260-d628-42bf-922b-fdfec2f22938,Intel Core i7 10700K,Intel,Core i7 10000,10700K,2020,Core i7 10000,LGA 1200,6233c260-d628-42bf-922b-fdfec2f22938.json,8 × 32 KB Instruction + 8 × 32 KB Data (512 KB total),2,16,0,0,3.8,5.1,Comet Lake,0,0,16,8,B08DRNK9P7,,https://www.intel.com/content/www/us/en/products/sku/199335/intel-core-i710700k-processor-16m-cache-up-to-5-10-ghz/specifications.html,N82E16819118123,434262980,,BX8070110700KA,Comet Lake,False,False,350,1200,Intel UHD Graphics 630,192,14 nm,2,128,DDR4,Boxed,0,True,125
62796b62-0aa6-4a09-a2d5-5470a5c4d96c,Intel Core i7 11700F,Intel,Core i7 11000,11700F,2021,Core i7 11000,LGA 1200,62796b62-0aa6-4a09-a2d5-5470a5c4d96c.json,8 × 64 KB (32 KB L1I + 32 KB L1D),4,16,0,0,2.5,4.9,Cypress Cove,0,0,16,8,B08X6V4WTF,,https://www.intel.com/content/www/us/en/products/sku/212280/intel-core-i711700f-processor-16m-cache-up-to-4-90-ghz/specifications.html,N82E16819118263,495768,,BX8070811700F,Rocket Lake,False,True,0,0,,0,14 nm,2,128,DDR4,Boxed,0,True,65
62959454-cb04-46c8-a94f-3f194a120e78,Intel Xeon E3-1240 v6 OEM/Tray,Intel,Xeon E3 1200 v6,1240 v6,2017,Xeon E3 1200 v6,LGA 1151,62959454-cb04-46c8-a94f-3f194a120e78.json,4 × 32 KB Instruction + 4 × 32 KB Data (256 KB total),1,8,0,0,3.7,4.1,Kaby Lake-S,0,0,8,4,B06Y3YKNJC,,https://www.intel.com/content/www/us/en/products/sku/97469/intel-xeon-processor-e31240-v6-8m-cache-3-70-ghz/specifications.html,9SIAAEEKRT4544,,,CM8067702870649,Kaby Lake,True,False,0,0,,0,14 nm,2,64,DDR4 | DDR3,OEM/Tray,0,True,72
62ae475a-b7db-4604-85cb-b0103c24345c,AMD Ryzen 7 PRO 7745,AMD,Ryzen 7 PRO 7000,7745,2023,Ryzen 7 PRO 7000,AM5,62ae475a-b7db-4604-85cb-b0103c24345c.json,8 × 64 KB Instruction + 8 × 32 KB Data (768 KB total),8,32,0,0,3.8,5.3,Raphael,0,0,16,8,B0D1CL2T85,,https://www.amd.com/en/support/downloads/drivers.html/processors/ryzen-pro/ryzen-pro-7000-series/amd-ryzen-7-pro-7745.html,,,,100-100000599MPK,Zen 4,True,True,400,2200,AMD Radeon Graphics,128,"TSMC 5nm FinFET, TSMC 6nm FinFET",2,128,DDR5,Boxed,88,True,65
63e78ef0-3723-44e2-b64d-ae7ef297cc46,Intel Core i3 12100,Intel,Core i3 12000,12100,2022,Core i3 12000,LGA 1700,63e78ef0-3723-44e2-b64d-ae7ef297cc46.json,320 KB (4×48 KB L1 Data + 4×32 KB L1 Instruction),5,12,0,0,3.3,4.3,Alder Lake-S,0,4,8,4,B09NPHJLPT,,https://www.intel.com/content/www/us/en/products/sku/134584/intel-core-i312100-processor-12m-cache-up-to-4-30-ghz/specifications.html,N82E16819118370,412116640,,BX8071512100,Alder Lake,False,True,300,1400,Intel UHD Graphics 730,192,Intel 7,2,128,DDR5 | DDR4,Boxed,89,True,60
63f23f26-d52c-4e3c-be6e-0d25163cff59,AMD Ryzen 9 7950X,AMD,Ryzen 9 7000,7950X,2022,Ryzen 9 7000,AM5,63f23f26-d52c-4e3c-be6e-0d25163cff59.json,32 KB L1I + 32 KB L1D per core (1 MB total),16,64,0,0,4.5,5.7,Raphael,0,0,32,16,B0BBHD5D8Y,6519470,https://www.amd.com/en/products/processors/desktops/ryzen/7000-series/amd-ryzen-9-7950x.html,N82E16819113771,1356361247,,100-100000514WOF | RYZEN 9 7950X,Zen 4,True,False,400,2200,AMD Radeon Graphics,128,"TSMC 5nm FinFET, TSMC 6nm FinFET",2,128,DDR5,Boxed,230,True,170
643db234-d326-42e4-b784-e25315ef41e1,Intel Xeon E3 1240 V6 3.7 GHz 4-Core LGA1151,Intel,Intel Xeon E3,,,Intel Xeon E3,LGA 1151,643db234-d326-42e4-b784-e25315ef41e1.json,,1,8,,,3.7,4.1,Kaby Lake-S,,4,8,4,,,,,,,BX80677E31240V6,Kaby Lake,True,True,,,,,14 nm,,64,,Boxed,,True,72
643f6223-be25-462c-b89b-9470d84a2c56,AMD FX-6130 OEM/Tray,AMD,FX 6000,6130,2012,FX 6000,AM3+,643f6223-be25-462c-b89b-9470d84a2c56.json,3 × 64 KB Instruction + 6 × 16 KB Data (288 KB total),6,8,0,0,3.6,3.9,Zambezi,0,0,6,6,,,https://www.techpowerup.com/cpu-specs/fx-6130.c1206,,,,FD6130FRW6KGU,Bulldozer,False,False,0,0,,0,32 nm,2,32,DDR3,OEM/Tray,0,False,95
654e2042-fc90-4f49-a660-88193dab96cc,Intel Xeon E3 1276 v3,Intel,Xeon E3 1200 v3,1276 v3,2014,Xeon E3 1200 v3,LGA 1150,654e2042-fc90-4f49-a660-88193dab96cc.json,4 × 32 KB Instruction + 4 × 32 KB Data (256 KB total),1,8,0,0,3.6,4,Haswell Refresh,0,0,8,4,,,https://www.intel.com/content/www/us/en/products/sku/80915/intel-xeon-processor-e31276-v3-8m-cache-3-60-ghz/specifications.html,N82E16819117317,,,BX80646E31276V3,Haswell,True,True,350,1250,Intel HD Graphics P4600,160,22 nm,2,32,DDR3,Boxed,0,True,84
65d71712-5992-4183-8801-83ea0853e677,Intel Core i5 7600K,Intel,Core i5 7000,7600K,2017,Core i5 7000,LGA 1151,65d71712-5992-4183-8801-83ea0853e677.json,4 × 32 KB Instruction + 4 × 32 KB Data (256 KB total),1,6,0,0,3.8,4.2,Kaby Lake,0,0,4,4,B01MRRPPQS,,https://www.intel.com/content/www/us/en/products/sku/97144/intel-core-i57600k-processor-6m-cache-up-to-4-20-ghz/specifications.html,N82E16819117728,55428259,,CM8067702868219,Kaby Lake,False,False,350,1150,Intel HD Graphics 630,192,14 nm,2,64,DDR3 | DDR4,Boxed,0,False,91
65d8587b-e6ea-490d-b059-9d545cafe8e0,Intel Pentium Gold G7400,Intel,Pentium G7000,G7400,2022,Pentium G7000,LGA 1700,65d8587b-e6ea-490d-b059-9d545cafe8e0.json,2 × 80 KB (32 KB L1I + 48 KB L1D),2.5,6,0,0,3.7,0,Golden Cove,0,2,4,2,B09Q87W31F,6492596,https://www.intel.com/content/www/us/en/products/sku/219435/intel-pentium-gold-g7400-processor-6m-cache-3-70-ghz/specifications.html,N82E16819118376,632926408,,BX80715G7400 | G7400,Alder Lake,False,True,300,1350,Intel UHD Graphics 710,128,Intel 7,2,128,DDR5 | DDR4,Boxed,0,True,46
67819769-5977-47cf-b545-9439fb0c4fa5,Intel Core i3 9320,Intel,Core i3 9000,9320,2019,Core i3 9000,LGA 1151,67819769-5977-47cf-b545-9439fb0c4fa5.json,4 × 32 KB Instruction + 4 × 32 KB Data (256 KB total),1,8,0,0,3.7,4.4,Coffee Lake Refresh,0,0,4,4,,,https://www.intel.com/content/www/us/en/products/sku/191793/intel-core-i39320-processor-8m-cache-up-to-4-40-ghz/specifications.html,,,,BX80684I39320,Coffee Lake,True,True,350,1150,UHD 630,192,14 nm,2,64,DDR4,Boxed,0,False,62
686841ce-0c4d-4b7e-ae30-3be37164b3b6,AMD A4-4020 OEM/Tray,AMD,A-Series A4 4000,4020,2014,A-Series A4 4000,FM2,686841ce-0c4d-4b7e-ae30-3be37164b3b6.json,1 × 64 KB Instruction + 2 × 16 KB Data (96 KB total),1,0,0,0,3.2,3.4,Richland,0,0,2,2,B0DF24Z83C,,https://www.amd.com/en/support/downloads/drivers.html/processors/a-series/a4-series-apu-for-desktops/a4-4020-with-radeon-hd-7480d.html,,,,AD4020OKA23HL,Piledriver,False,False,720,0,AMD Radeon HD 7480D,128,32nm SOI,2,64,DDR3,OEM/Tray,0,False,65
688d44d2-2880-4470-94b3-48a3adb70dcf,Intel Core i5 6600K,Intel,Core i5 6000,6600K,2015,Core i5 6000,LGA 1151,688d44d2-2880-4470-94b3-48a3adb70dcf.json,4 × 32 KB Instruction + 4 × 32 KB Data (256 KB total),1,6,0,0,3.5,3.9,Skylake,0,0,4,4,B012M8M7TY,,https://www.intel.com/content/www/us/en/products/sku/88191/intel-core-i56600k-processor-6m-cache-up-to-3-90-ghz/specifications.html,N82E16819117561,46483831,,BX80662I56600K | 416,Skylake,False,False,350,1150,Intel HD Graphics 530,192,14 nm,2,64,DDR3 | DDR4,Boxed,0,False,91
697e6495-03e9-4fdb-a147-4254b8ffaf33,Intel Xeon E3-1230 v6 OEM/Tray,Intel,Xeon E3 1200 v6,1230 v6,2017,Xeon E3 1200 v6,LGA 1151,697e6495-03e9-4fdb-a147-4254b8ffaf33.json,4 × 32 KB Instruction + 4 × 32 KB Data (256 KB total),1,8,0,0,3.5,3.9,Kaby Lake-S,0,0,8,4,B06Y3ZGJDB,,https://www.intel.com/content/www/us/en/products/sku/97474/intel-xeon-processor-e31230-v6-8m-cache-3-50-ghz/specifications.html,,890263807,,CM8067702870650,Kaby Lake,True,False,0,0,,0,14 nm,2,64,DDR4 | DDR3,OEM/Tray,0,True,72
6988a466-9cf6-491a-98af-d926e9ce608b,Intel Core i9 9900K,Intel,Core i9 9000,9900K,2018,Core i9 9000,LGA 1151,6988a466-9cf6-491a-98af-d926e9ce608b.json,512 KB (8 × 32 KB Data + 8 × 32 KB Instruction),2,16,0,0,3.6,5,Coffee Lake Refresh,0,0,16,8,B07K1FV341,,https://www.intel.com/content/www/us/en/products/sku/186605/intel-core-i99900k-processor-16m-cache-up-to-5-00-ghz/specifications.html,9SIA4REK9D4763,954932369,,CM8068403873914 | i9-9900K,Coffee Lake Refresh,False,False,350,1200,Intel UHD Graphics 630,192,14 nm,2,128,DDR4,OEM/Tray,0,True,95
69d0fa11-ceff-43ac-9e1f-611b9e9286b0,Intel Core i7 5820K,Intel,Core i7 5000,5820K,2014,Core i7 5000,LGA 2011-3,69d0fa11-ceff-43ac-9e1f-611b9e9286b0.json,6 × 32 KB Instruction + 6 × 32 KB Data (384 KB total),1.5,15,0,0,3.3,3.6,Haswell-E,0,0,12,6,B00MMLXIKY,,https://www.intel.com/content/www/us/en/products/sku/82932/intel-core-i75820k-processor-15m-cache-up-to-3-60-ghz/specifications.html,N82E16819117402,67590129630,,BX80648I75820K,Haswell E,False,False,0,0,,0,22 nm,4,64,DDR4,Boxed,0,True,140
69ea06c9-850f-48c9-ae60-9b1b5525c040,AMD FX-8370,AMD,FX 8000,8370,2014,FX 8000,AM3+,69ea06c9-850f-48c9-ae60-9b1b5525c040.json,4 × 64 KB Instruction + 8 × 16 KB Data (384 KB total),8,8,0,0,4,4.3,Vishera,0,0,8,8,B00MUTWELC,,,N82E16819113374,49986832,,FD8370FRHKBOX | FBA_FD8370FRHKBOX,Piledriver,False,True,0,0,,0,32 nm,2,64,DDR3,Boxed,0,False,125
6a068da8-54a5-4ff3-a8cf-a066cdaf0ae5,AMD Ryzen 7 2700 OEM/Tray,AMD,Ryzen 7 2000,2700,2018,Ryzen 7 2000,AM4,6a068da8-54a5-4ff3-a8cf-a066cdaf0ae5.json,8 × 64 KB Instruction + 8 × 32 KB Data (768 KB total),4,16,0,0,3.2,4.1,Pinnacle Ridge,0,0,16,8,B0DF5CG4HC,,https://www.amd.com/en/support/downloads/drivers.html/processors/ryzen/ryzen-2000-series/amd-ryzen-7-2700.html,N82E16819113101,,,YD2700BBM88AF,Zen+,False,False,0,0,,0,12nm FinFET,2,64,DDR4,OEM/Tray,0,True,65
6a1ab0c4-2b0f-442c-b058-64ee490c8fc6,AMD Ryzen 5 PRO 7645 OEM/Tray,AMD,Ryzen 5 7000,7645,2023,Ryzen 5 7000,AM5,6a1ab0c4-2b0f-442c-b058-64ee490c8fc6.json,6 × 64 KB Instruction + 6 × 32 KB Data (576 KB total),6,32,0,0,3.8,5.1,Raphael,0,0,12,6,B0D1CLGS98,,https://www.amd.com/en/support/downloads/drivers.html/processors/ryzen-pro/ryzen-pro-7000-series/amd-ryzen-5-pro-7645.html,,,,100-000000600,Zen 4,True,False,400,2200,AMD Radeon Graphics,128,"TSMC 5nm FinFET, TSMC 6nm FinFET",2,128,DDR5,OEM/Tray,88,True,65
6ac6af9c-ce11-4466-bdc2-781547645907,Intel Core Ultra 5 245KF,Intel,Core Ultra 5 200,245KF,2024,Core Ultra 5 200,LGA 1851,6ac6af9c-ce11-4466-bdc2-781547645907.json,"192KB per P-core, 96KB per E-core",26,24,3.6,4.6,4.2,5.2,Lion Cove / Skymont,8,6,14,14,B0DFK8HHK4,,https://www.intel.com/content/www/us/en/products/sku/241066/intel-core-ultra-5-processor-245kf-24m-cache-up-to-5-20-ghz/specifications.html,N82E16819118509,13847700188,,BX80768245KF | Intel Core Ultra 5 245KF,Arrow Lake,False,False,0,0,,0,TSMC N3B,2,256,DDR5,Boxed,159,False,125
6afef332-8827-4395-aab4-da636e15e414,Intel Core i9 9940X,Intel,Intel Core i9,9940X,2018,Core i9 9000,LGA 2066,6afef332-8827-4395-aab4-da636e15e414.json,14 × 32 KB Instruction Cache + 14 × 32 KB Data Cache,14,19.25,0,0,3.3,4.5,Skylake-X,0,0,28,14,B07LDB72CB,,https://www.intel.com/content/www/us/en/products/sku/189125/intel-core-i99940x-xseries-processor-19-25m-cache-up-to-4-50-ghz/specifications.html,,,,BX80673I99940X | I9-9940X,Skylake,False,False,0,0,,0,14 nm,4,128,DDR4,OEM/Tray,0,True,165
6b03b443-7b22-491c-b301-7e2a285359df,AMD Ryzen 5 7600,AMD,AMD Ryzen 5 7000,7600,2023,Ryzen 5 7000,AM5,6b03b443-7b22-491c-b301-7e2a285359df.json,6 × 64 KB (32 KB I-cache + 32 KB D-cache),6,32,0,0,3.8,5.1,Raphael,0,0,12,6,B0BMQJWBDM,6530445,https://www.amd.com/en/products/processors/desktops/ryzen/7000-series/amd-ryzen-5-7600.html,N82E16819113787,2637429931,,100-100001015BOX | 100-00001015BOX,Zen 4,True,False,400,2200,AMD Radeon Graphics,128,"TSMC 5nm FinFET, TSMC 6nm FinFET",2,128,DDR5,Boxed,88,True,65
6b92af7a-53e6-4f2d-9884-104985c96939,Intel Xeon E 2236 3.4 GHz 6-Core LGA1151,Intel,Intel Xeon E,,,Intel Xeon E,LGA 1151,6b92af7a-53e6-4f2d-9884-104985c96939.json,,5,12,,,3.4,4.8,Coffee Lake Refresh,,6,12,6,B07X9FM43J,,,9SIAD6HJYX8828,765725477,,BX80684E2236,Coffee Lake Refresh,True,False,,,,,14 nm,,128,,Boxed,,True,80
6bb52247-ea4c-4fdf-9b79-4c4c50a59c62,AMD A10-6790K,AMD,A-Series A10 6000,6790K,2013,A-Series A10 6000,FM2,6bb52247-ea4c-4fdf-9b79-4c4c50a59c62.json,2 × 64 KB Instruction + 4 × 16 KB Data (192 KB total),4,0,0,0,4,4.3,Richland,0,0,4,4,B00GE97MFW,,https://www.amd.com/en/support/downloads/drivers.html/processors/a-series/a10-series-apu-for-desktops/a10-6790k-with-radeon-hd-8670d.html,N82E16819113356,102521575,,AD679KWOHLBOX,Piledriver,False,True,844,0,AMD Radeon HD 8670D,384,32nm SOI,2,64,DDR3,Boxed,0,False,100
6c0ac2b9-20b2-40f8-b206-06877dc8f047,AMD Ryzen 7 5800X3D 3.4 GHz 8-Core AM4,AMD,AMD Ryzen 7,,,AMD Ryzen 7,AM4,6c0ac2b9-20b2-40f8-b206-06877dc8f047.json,,4,96,,,3.4,4.5,Vermeer-X,,8,16,8,B09VCJ2SHD,6510767,,,541733119,,100-100000651WOF | 730143313797 (or) 100-000000651,Zen 3,False,False,,,,,7 nm,,128,DDR4,Boxed,,True,105
6c6e1256-9fe2-4499-9e75-f0e4b09b169c,Intel Core i9 13900KS,Intel,Core i9 13000,13900KS,2023,Core i9 13000,LGA 1700,6c6e1256-9fe2-4499-9e75-f0e4b09b169c.json,"80KB per P-core, 96KB per E-core",32,36,2.4,4.3,3.2,6,Raptor Cove / Gracemont,16,8,32,24,B0BPXCRWB2,,https://www.intel.com/content/www/us/en/products/sku/232167/intel-core-i913900ks-processor-36m-cache-up-to-6-00-ghz/specifications.html,N82E16819118446,2261657429,,BX8071513900KS | i9-13900KS,Raptor Lake Refresh,True,False,300,1.65,Intel UHD Graphics 770,256,Intel 7,2,192,DDR5 | DDR4,Boxed,253,True,150
6c855be2-28df-4960-9085-a26ca3d4cb76,Intel Core i9 10980XE,Intel,Core i9 10000,10980XE,2019,Core i9 10000,LGA 2066,6c855be2-28df-4960-9085-a26ca3d4cb76.json,18 × 32 KB Instruction + 18 × 32 KB Data (1152 KB total),18,24.75,0,0,3,4.8,Cascade Lake-X,0,0,36,18,B07YP6D8RK,,https://www.intel.com/content/www/us/en/products/sku/198017/intel-core-i910980xe-extreme-edition-processor-24-75m-cache-3-00-ghz/specifications.html,N82E16819118112,571286571,,BX8069510980XE | BX8069510920X,Cascade Lake,False,False,0,0,,0,14 nm,4,256,DDR4,Boxed,0,True,165
6c8f1373-cb1e-4037-b04a-0c97545df8ed,Intel Xeon E5 1660 V2 3.7 GHz 6-Core LGA2011 OEM/Tray,Intel,Intel Xeon E5,,,Intel Xeon E5,LGA 2011,6c8f1373-cb1e-4037-b04a-0c97545df8ed.json,,5,15,,,3.7,4,Ivy Bridge-EP,,6,12,6,,,,,,,CM8063501291808,Ivy Bridge,True,False,,,,,22 nm,,0,,OEM/Tray,,True,130
6ca6759f-470e-4279-999b-8101f511d32f,AMD PRO A10-7850B OEM/Tray,AMD,PRO A10 7000,7850B,2014,PRO A10 7000,FM2+,6ca6759f-470e-4279-999b-8101f511d32f.json,2 × 64 KB Instruction + 4 × 16 KB Data (192 KB total),4,0,0,0,3.7,4,Kaveri,0,0,4,4,B0179AA7AG,,https://www.amd.com/en/support/downloads/drivers.html/processors/pro-a-series/pro-a-series-a10-apu-for-desktops/a10-pro-7850b-with-radeon-r7-graphics.html,,,,AD785BXBI44JA | A10-7850K,Steamroller,False,False,720,0,AMD Radeon R7 Graphics,512,28 nm,2,64,DDR3,OEM/Tray,0,False,95
6cac8d9c-b7e4-4ad4-a06d-ecb5c06220a4,AMD Ryzen Threadripper 7960X,AMD,Threadripper 7000,7960X,2023,Ryzen Threadripper 7000,sTR5,6cac8d9c-b7e4-4ad4-a06d-ecb5c06220a4.json,24 × 32 KB Instruction Cache + 24 × 32 KB Data Cache,24,128,0,0,4.2,5.3,Storm Peak,0,0,48,24,B0CK2VGBSQ,,https://www.amd.com/en/support/downloads/drivers.html/processors/ryzen-threadripper/ryzen-threadripper-7000-series/amd-ryzen-threadripper-7960x.html,N82E16819113804,5221773652,,AMD Ryzen™ Threadripper™ 7960X | 100-100001352WOF,Zen 4,True,False,0,0,,0,5nm,4,1024,DDR5,Boxed,0,True,350
6ce56c54-ee7e-462a-a5c2-13c213baa034,AMD Ryzen 5 3500,AMD,Ryzen 5 3000,3500,2019,Ryzen 5 3000,AM4,6ce56c54-ee7e-462a-a5c2-13c213baa034.json,6 × 64 KB Instruction + 6 × 32 KB Data (576 KB total),3,16,0,0,3.6,4.1,Matisse,0,0,6,6,B07YZR314W,,https://www.amd.com/en/support/downloads/drivers.html/processors/ryzen/ryzen-3000-series/amd-ryzen-5-3500.html,9SIA2W0HRJ1953,548108178,,100-000000050,Zen 2,False,False,0,0,,0,TSMC 7nm FinFET,2,128,DDR4,OEM/Tray,0,False,65
6d0bc8fb-705d-4175-8fcd-0f6d16d5bb0a,Intel Core i9 10980XE,Intel,Core i9 10000,10980XE,2019,Core i9 10000,LGA 2066,6d0bc8fb-705d-4175-8fcd-0f6d16d5bb0a.json,"18 × 32 KB Instruction + 18 × 32 KB Data (1,152 KB total)",18,24.75,0,0,3,4.8,Cascade Lake-X,0,0,36,18,B08DG2HRJN,6387656,https://www.intel.com/content/www/us/en/products/sku/198017/intel-core-i910980xe-extreme-edition-processor-24-75m-cache-3-00-ghz/specifications.html,N82E16819118112,571286571,,BX8069510980XE,Cascade Lake,False,False,0,0,,0,14 nm,4,256,DDR4,Boxed,0,True,165
6d3271f1-8116-48cc-906b-f0faa1f6313d,Intel Core Ultra 5 235,Intel,Core Ultra 5 200,235,2025,Core Ultra 5 200,LGA 1851,6d3271f1-8116-48cc-906b-f0faa1f6313d.json,6 × 80 KB + 8 × 64 KB (L1 per-core totals),26,24,2.9,4.4,3.4,5,Arrow Lake-S,8,6,14,14,B0DT7DLJ5Z,,,N82E16819118584,15497855980,,BX80768235,Arrow Lake,True,True,300,2000,Intel Xe Graphics,192,TSMC N3B,2,256,DDR5,Boxed,121,False,65
6d407744-c962-438e-b592-071bc5dea994,Intel Xeon E-2124G,Intel,Xeon E 2100,2124G,2018,Xeon E 2100,LGA 1151,6d407744-c962-438e-b592-071bc5dea994.json,4 × 32 KB Instruction + 4 × 32 KB Data (256 KB total),1,8,0,0,3.4,4.5,Coffee Lake-S WS,0,0,4,4,B07DYJ53P3,,https://www.intel.com/content/www/us/en/products/sku/134854/intel-xeon-e2124g-processor-8m-cache-up-to-4-50-ghz/specifications.html,2HE-000E-00516,,,CM8068403654114,Coffee Lake,True,False,350,1150,Intel HD Graphics P630,192,14 nm,2,128,DDR4,OEM/Tray,0,False,71
6d7b7dbb-ffa4-48a5-ac1d-566aac004c4c,Intel Xeon E5-2643 v3 OEM/Tray,Intel,Xeon E5 2600 v3,2643 v3,2014,Xeon E5 2600 v3,LGA 2011-3,6d7b7dbb-ffa4-48a5-ac1d-566aac004c4c.json,6 × 32 KB Instruction + 6 × 32 KB Data (384 KB total),1.5,20,0,0,3.4,3.7,Haswell-EP,0,0,12,6,B00OVAQ8O2,,https://www.intel.com/content/www/us/en/products/sku/81900/intel-xeon-processor-e52643-v3-20m-cache-3-40-ghz/specifications.html,9SIB33YKY19002,157930944,,CM8064401724501,Haswell,True,False,0,0,,0,22 nm,4,768,DDR4,OEM/Tray,0,True,135
6d82f8fd-3d58-413a-a2ff-e53635192444,Intel Core i7 8086K,Intel,Core i7 8000,8086K,2018,Core i7 8000,LGA 1151,6d82f8fd-3d58-413a-a2ff-e53635192444.json,6 × 32 KB Instruction + 6 × 32 KB Data (384 KB total),1.5,12,0,0,4,5,Coffee Lake,0,0,12,6,B07DGDWJ3P,,https://www.intel.com/content/www/us/en/products/sku/148263/intel-core-i78086k-processor-12m-cache-up-to-5-00-ghz/specifications.html,N82E16819117932,491251511,,BX80684I78086K,Coffee Lake,False,False,350,1200,Intel UHD Graphics 630,192,14 nm,2,128,DDR4,Boxed,0,True,95
6de74123-8810-41c3-b902-dda55ca5ed43,Intel Xeon E5-1620 v4 OEM/Tray,Intel,Xeon E5 1600 v4,1620 v4,2016,Xeon E5 1600 v4,LGA 2011-3,6de74123-8810-41c3-b902-dda55ca5ed43.json,4 × 32 KB Instruction + 4 × 32 KB Data (256 KB total),1,10,0,0,3.5,3.8,Broadwell-EP,0,0,8,4,B01EA1QY04,,https://www.intel.com/content/www/us/en/products/sku/92991/intel-xeon-processor-e51620-v4-10m-cache-3-50-ghz/specifications.html,N82E16819117697,,,CM8066002044103,Broadwell,True,False,0,0,,0,14 nm,4,1536,DDR4,OEM/Tray,0,True,140
6e0c030f-3100-4cce-a94c-b0120527114e,AMD Ryzen 5 5600XT,AMD,Ryzen 5 5000,5600XT,2024,Ryzen 5 5000,AM4,6e0c030f-3100-4cce-a94c-b0120527114e.json,6 x 64 KB,3,32,0,0,3.7,4.7,Vermeer,0,0,12,6,B0DJLWFRCH,6609303,https://www.amd.com/en/products/processors/desktops/ryzen/5000-series/amd-ryzen-5-5600xt.html,N82E16819113878,13762670896,,100-100001585BOX | 10861342,Zen 3,True,True,0,0,,0,"TSMC 7nm FinFET, 12nm (Globalfoundries)",2,128,DDR4,Boxed,88,True,65
6e10eb7e-4936-4b49-8007-ad3a09dc291a,AMD A4 6320 3.8 GHz 2-Core FM2,AMD,AMD A4,,,AMD A4,FM2,6e10eb7e-4936-4b49-8007-ad3a09dc291a.json,,1,0,,,3.8,4,Richland,,2,2,2,,,,,,,AD6320OKHLBOX,Piledriver,False,True,,,AMD Radeon HD 8370D,,32 nm,,0,,Boxed,,False,65
6f04117e-95fd-483a-9b27-31b2ba116adc,Intel Core i9 9920X 3.5 GHz 12-Core LGA2066,Intel,Intel Core i9,,,Intel Core i9,LGA 2066,6f04117e-95fd-483a-9b27-31b2ba116adc.json,,12,25,,,3.5,4.4,Skylake-X,,12,24,12,B07JGCV5KN,,,N82E16819117963,560401855,,BX80673I99920X,Skylake,False,False,,,,,14 nm,,128,,Boxed,,True,165
6f26463d-b846-43af-9b16-523ac398be66,Intel Core i9 10940X,Intel,Core i9 10000,10940X,2019,Core i9 10000,LGA 2066,6f26463d-b846-43af-9b16-523ac398be66.json,14 × 32 KB Instruction + 14 × 32 KB Data (896 KB total),14,19.25,0,0,3.3,4.8,Cascade Lake-X,0,0,28,14,B07YP67PFV,6387647,https://www.intel.com/content/www/us/en/products/sku/198014/intel-core-i910940x-xseries-processor-19-25m-cache-3-30-ghz/specifications.html,N82E16819118109,745979071,,BX8069510940X,Cascade Lake,False,False,0,0,,0,14 nm,4,256,DDR4,Boxed,0,True,165
7054ae11-4aad-409d-a9ab-65abbc22caca,Intel Xeon E5 2637 V2 3.5 GHz 4-Core LGA2011 OEM/Tray,Intel,Intel Xeon E5,,,Intel Xeon E5,LGA 2011,7054ae11-4aad-409d-a9ab-65abbc22caca.json,,1,15,,,3.5,3.8,Ivy Bridge-EP,,4,8,4,,,,,,,CM8063501520800,Ivy Bridge,True,False,,,,,22 nm,,0,,OEM/Tray,,True,130
70bae351-5e16-46d2-ac14-821d393b6244,AMD Ryzen 9 3900X,AMD,Ryzen 9 3000,3900X,2019,Ryzen 9 3000,AM4,70bae351-5e16-46d2-ac14-821d393b6244.json,12 × (32 KB Data + 32 KB Instruction) = 768 KB total,6,64,0,0,3.8,4.6,Matisse,0,0,24,12,B07SXMZLP9,6356274,https://www.amd.com/en/support/downloads/drivers.html/processors/ryzen/ryzen-3000-series/amd-ryzen-9-3900x.html,N82E16819113103,360697304,,Ryzen 9 3900X | 100-100000023BOX,Zen 2,False,True,0,0,,0,TSMC 7nm FinFET,2,128,DDR4,Boxed,142,True,105
7201515e-9de2-4f91-a732-aa01bafa6785,AMD Ryzen 5 5600T,AMD,Ryzen 5 5000,5600T,2024,Ryzen 5 5000,AM4,7201515e-9de2-4f91-a732-aa01bafa6785.json,6 × 32 KB Instruction + 6 × 32 KB Data (384 KB total),3,32,0,0,3.5,4.5,Vermeer,0,0,12,6,B0DJLXJY68,,https://www.amd.com/en/products/processors/desktops/ryzen/5000-series/amd-ryzen-5-5600t.html,N82E16819113879,13754061488,,100-000001584BOX | 5600T | 100-100001584BOX,Zen 3,True,True,0,0,,0,"TSMC 7nm FinFET, 12nm (Globalfoundries)",2,128,DDR4,Boxed,0,True,65
7272e5f1-7e89-41a9-a45d-d4ff55e48d1e,Intel Core i7 4770K,Intel,Core i7 4000,4770K,2013,Core i7 4000,LGA 1150,7272e5f1-7e89-41a9-a45d-d4ff55e48d1e.json,4 × 32 KB Instruction + 4 × 32 KB Data Cache,1,8,0,0,3.5,3.9,Haswell,0,0,8,4,B00CO8TBQ0,,https://www.intel.com/content/www/us/en/products/sku/75123/intel-core-i74770k-processor-8m-cache-up-to-3-90-ghz/specifications.html,N82E16819116901,26464051,,BX80646I74770K | i7-4770K,Haswell,False,False,350,1250,Intel HD Graphics 4600,160,22 nm,2,32,DDR3,Boxed,0,True,84
7377252c-2ad0-4602-ba1e-a4501d981d4c,Intel Xeon E5 2630 V2 2.6 GHz 6-Core LGA2011 OEM/Tray,Intel,Intel Xeon E5,,,Intel Xeon E5,LGA 2011,7377252c-2ad0-4602-ba1e-a4501d981d4c.json,,5,15,,,2.6,3.1,Ivy Bridge-EP,,6,12,6,,,,,,,CM8063501288100,Ivy Bridge,True,False,,,,,22 nm,,0,,OEM/Tray,,True,80
74246a26-6482-4c8c-8ebf-67122c81cdde,Intel Core i5 9500F OEM/Tray,Intel,Core i5 9000,9500F,2019,Core i5 9000,LGA 1151,74246a26-6482-4c8c-8ebf-67122c81cdde.json,6 × 32 KB Instruction + 6 × 32 KB Data (384 KB total),1.5,9,0,0,3,4.4,Coffee Lake Refresh,0,0,6,6,,,https://www.intel.com/content/www/us/en/products/sku/190890/intel-core-i59500f-processor-9m-cache-up-to-4-40-ghz/specifications.html,N82E16819118065,,,CM8068403875414,Coffee Lake,False,False,0,0,,0,14 nm,2,128,DDR4,OEM/Tray,0,False,65
7505f3bc-2762-4f9d-ac53-7877a4a4f9b5,AMD Ryzen 7 2700X,AMD,Ryzen 7 2000,2700X,2018,Ryzen 7 2000,AM4,7505f3bc-2762-4f9d-ac53-7877a4a4f9b5.json,8 × 64 KB Instruction + 8 × 32 KB Data (768 KB total),4,16,0,0,3.7,4.3,Pinnacle Ridge,0,0,16,8,B07B428M7F,,https://www.amd.com/en/support/downloads/drivers.html/processors/ryzen/ryzen-2000-series/amd-ryzen-7-2700x.html,N82E16819113499,,,YD270XBGAFBOX | 115931,Zen+,False,True,0,0,,0,12nm FinFET,2,64,DDR4,Boxed,0,True,105
7564da71-725e-4a56-9d79-d80377b7a92f,AMD Ryzen 5 5600G,AMD,Ryzen 5 5000,5600G,2021,Ryzen 5 5000,AM4,7564da71-725e-4a56-9d79-d80377b7a92f.json,6 × 64 KB (32 KB I-cache + 32 KB D-cache),3,16,0,0,3.9,4.4,Cezanne,0,0,12,6,B092L9GF5N,6474407,https://www.amd.com/en/support/downloads/drivers.html/processors/ryzen/ryzen-5000-series/amd-ryzen-5-5600g.html,N82E16819113683,419106070,,100-100000252BOX | AMD Ryzen 5 5600G | 100100000252BOX,Zen 3,False,True,0,1900,AMD Radeon Vega 7,448,TSMC 7nm FinFET,2,128,DDR4,Boxed,88,True,65
761d5501-690d-48e2-ba1e-4cceba77c9ec,AMD A4-4020,AMD,A-Series A4 4000,4020,2014,A-Series A4 4000,FM2,761d5501-690d-48e2-ba1e-4cceba77c9ec.json,1 × 64 KB Instruction + 2 × 16 KB Data (96 KB total),1,0,0,0,3.2,3.4,Richland,0,0,2,2,B011XPWQH0,,https://www.amd.com/en/support/downloads/drivers.html/processors/a-series/a4-series-apu-for-desktops/a4-4020-with-radeon-hd-7480d.html,N82E16819113363,,,AD4020OKHLBOX,Piledriver,False,False,720,0,AMD Radeon HD 7480D,128,32nm SOI,2,32,DDR3,Boxed,0,False,65
766557bd-4a3c-4fb1-93e4-2e12c0264a74,Intel Core i5 10400F,Intel,Core i5 10000,10400F,2020,Core i5 10000,LGA 1200,766557bd-4a3c-4fb1-93e4-2e12c0264a74.json,6 × 64 KB (32 KB L1I + 32 KB L1D),1.5,12,0,0,2.9,4.3,Comet Lake,0,0,12,6,B086MHSTWN,,https://www.intel.com/content/www/us/en/products/sku/199278/intel-core-i510400f-processor-12m-cache-up-to-4-30-ghz/specifications.html,N82E16819118132,410278714,,BX8070110400F | Intel Core i5-10400F,Comet Lake,False,True,0,0,,0,14 nm,2,128,DDR4,Boxed,0,True,65
77063356-dfab-449c-b57b-cb57cb00d455,Intel Core i9-11900F,Intel,Core i9 11000,11900F,2021,Core i9 11000,LGA 1200,77063356-dfab-449c-b57b-cb57cb00d455.json,8 × 32 KB Instruction + 8 × 48 KB Data (640 KB total),4,16,0,0,2.5,5.2,Rocket Lake-S,0,0,16,8,B08X6KFM3N,,https://www.intel.com/content/www/us/en/products/sku/212254/intel-core-i911900f-processor-16m-cache-up-to-5-20-ghz/specifications.html,N82E16819118262,198140336,,BX8070811900F,Rocket Lake,False,True,0,0,,0,14 nm,2,128,DDR4,Boxed,0,True,65
77b34328-7f21-480e-8293-c9f24b25564c,Intel Core i9 9900K,Intel,Core i9 9000,9900K,2018,Core i9 9000,LGA 1151,77b34328-7f21-480e-8293-c9f24b25564c.json,8 × 32 KB Instruction + 8 × 32 KB Data (512 KB total),2,16,0,0,3.6,5,Coffee Lake Refresh,0,0,16,8,B089J731BX,,https://www.intel.com/content/www/us/en/products/sku/186605/intel-core-i99900k-processor-16m-cache-up-to-5-00-ghz/specifications.html,9SIC513KT29675,402971448,,BX806849900K,Coffee Lake Refresh,False,False,350,1200,Intel UHD Graphics 630,192,14 nm,2,128,DDR4,Boxed,0,True,95
77d5724f-dbd3-463f-aa65-055860a2810d,Intel Celeron G6900,Intel,Celeron G6000,G6900,2022,Celeron G6000,LGA 1700,77d5724f-dbd3-463f-aa65-055860a2810d.json,2 × 32 KB Instruction + 2 × 32 KB Data (128 KB total),2.5,4,0,0,3.4,0,Alder Lake,0,2,2,2,B09Q8L8MDQ,,https://www.intel.com/content/www/us/en/products/sku/96163/intel-celeron-processor-g6900-4m-cache-3-40-ghz/specifications.html,N82E16819118378,606994763,,G6900 | BX80715G6900,Alder Lake,False,False,300,1300,Intel UHD Graphics 710,128,Intel 7,2,128,DDR5 | DDR4,Boxed,0,False,46
78196eaf-6ffa-4232-976b-c50e0680157e,AMD Ryzen 9 7900X3D,AMD,Ryzen 9 7000,7900X3D,2023,Ryzen 9 7000,AM5,78196eaf-6ffa-4232-976b-c50e0680157e.json,64 KB (32 KB Instruction + 32 KB Data),12,128,0,0,4.4,5.6,Raphael,0,0,24,12,B0BTRRNK7T,6537140,https://www.amd.com/en/products/processors/desktops/ryzen/7000-series/amd-ryzen-9-7900x3d.html,N82E16819113792,2475644842,,100-100000909WOF | AMD Ryzen 9 7900X3D,Zen 4,True,False,400,2200,AMD Radeon Graphics,128,"TSMC 5nm FinFET, TSMC 6nm FinFET",2,128,DDR5,Boxed,162,True,120
7852956d-2a9f-49e2-b4f9-5978b5a20591,Intel Xeon E5-2440 v2,Intel,Xeon E5 2400 v2,2440 v2,2013,Xeon E5 2400 v2,LGA 1356,7852956d-2a9f-49e2-b4f9-5978b5a20591.json,8 × 32 KB Instruction + 8 × 32 KB Data (512 KB total),2,20,0,0,1.9,2.4,Ivy Bridge-EN,0,0,16,8,,,https://www.intel.com/content/www/us/en/products/sku/75263/intel-xeon-processor-e52440-v2-20m-cache-1-90-ghz/specifications.html,,,,BX80634E52440V2,Ivy Bridge EN,True,False,0,0,,0,22 nm,3,384,DDR3,Boxed,0,True,95
78745c83-e66a-4d98-888d-d440979da3c4,Intel Xeon E5-2650L OEM/Tray,Intel,Xeon E5 2600,2650L,2012,Xeon E5 2600,LGA 2011,78745c83-e66a-4d98-888d-d440979da3c4.json,8 × 32 KB Instruction + 8 × 32 KB Data (512 KB total),2,20,0,0,1.8,2.3,Sandy Bridge-EP,0,0,16,8,B0090YN39M,,https://www.intel.com/content/www/us/en/products/sku/64585/intel-xeon-processor-e52650l-20m-cache-1-80-ghz-8-00-gts-intel-qpi/specifications.html,N82E16819116967,101327914,,CM8062107185309,Sandy Bridge EP,True,False,0,0,,0,32 nm,4,384,DDR3,OEM/Tray,0,True,70
789b238e-e475-43ec-b19f-e983837788c9,Intel Core i7 4770,Intel,Core i7 4000,4770,2013,Core i7 4000,LGA 1150,789b238e-e475-43ec-b19f-e983837788c9.json,256 KB total (4 cores × 32 KB Instruction + 32 KB Data per core),1,8,0,0,3.4,3.9,Haswell,0,0,8,4,B00CO8TBNS,,https://www.intel.com/content/www/us/en/products/sku/75122/intel-core-i74770-processor-8m-cache-up-to-3-90-ghz/specifications.html,,,,BX80646I74770,Haswell,False,True,350,1200,Intel HD Graphics 4600,160,22 nm,2,32,DDR3,Boxed,0,True,84
7902c011-a69a-4cf3-bcad-0baa94831e43,Intel Core i7 9800X 3.8 GHz 8-Core LGA2066 OEM/Tray,Intel,Intel Core i7,,,Intel Core i7,LGA 2066,7902c011-a69a-4cf3-bcad-0baa94831e43.json,,8,5,,,3.8,4.5,Skylake-X,,8,16,8,,,,,,,CD8067304126100,Skylake,False,False,,,,,14 nm,,128,,OEM/Tray,,True,165
7934f7d1-9dcf-4d51-853c-a0953abde6fe,Intel Core i7 7740X 4.3 GHz 4-Core LGA2066,Intel,Intel Core i7,,,Intel Core i7,LGA 2066,7934f7d1-9dcf-4d51-853c-a0953abde6fe.json,,1,8,,,4.3,4.5,Kaby Lake-X,,4,8,4,,,,,,,BXC80677I77740X,Kaby Lake,False,False,,,,,14 nm,,64,,Boxed,,True,112
79613547-55d7-4ec2-ab6d-317322383af9,Intel Core i3 9350K,Intel,Core i3 9000,9350K,2019,Core i3 9000,LGA 1151,79613547-55d7-4ec2-ab6d-317322383af9.json,4 × 32 KB Instruction + 4 × 32 KB Data (256 KB total),1,8,0,0,4,4.6,Coffee Lake Refresh,0,0,4,4,,,https://www.intel.com/content/www/us/en/products/sku/186606/intel-core-i39350k-processor-8m-cache-up-to-4-60-ghz/specifications.html,,,,BX80684I39350K,Coffee Lake,True,False,350,1150,Intel HD Graphics 630,192,14 nm,2,64,DDR4,Boxed,0,False,91
79ba4e92-329a-4a2a-a8e3-c0ada060120b,Intel Xeon E5-2670 v3,Intel,Xeon E5 2600 v3,2670 v3,2014,Xeon E5 2600 v3,LGA 2011-3,79ba4e92-329a-4a2a-a8e3-c0ada060120b.json,12 × 32 KB Instruction + 12 × 32 KB Data (768 KB total),3,30,0,0,2.3,3.1,Haswell-EP,0,0,24,12,B07QYVY2KD,,https://www.intel.com/content/www/us/en/products/sku/81709/intel-xeon-processor-e52670-v3-30m-cache-2-30-ghz/specifications.html,N82E16819117475,,,BX80644E52670V3,Haswell,True,False,0,0,,0,22 nm,4,768,DDR4,Boxed,0,True,120
7a9c7440-6aca-4f8e-a6a1-9ae438789cd9,AMD Ryzen 3 3100,AMD,Ryzen 3 3000,3100,2020,Ryzen 3 3000,AM4,7a9c7440-6aca-4f8e-a6a1-9ae438789cd9.json,"32 KB L1 Data + 32 KB L1 Instruction per core (64 KB per core, 256 KB total across 4 cores)",2,16,0,0,3.6,3.9,Matisse,0,0,8,4,B0876Y2TMZ,6423072,https://www.amd.com/en/support/downloads/drivers.html/processors/ryzen/ryzen-3000-series/amd-ryzen-3-3100.html,N82E16819113649,480277736,,100-100000284BOX,Zen 2,False,True,0,0,,0,TSMC 7nm FinFET,2,128,DDR4,Boxed,88,True,65
7ab840c3-8c52-4ced-a65c-7b0922ca479e,AMD Ryzen 7 9800X3D,AMD,Ryzen 7 9000,9800X3D,2024,Ryzen 7 9000,AM5,7ab840c3-8c52-4ced-a65c-7b0922ca479e.json,8 × 64 KB (32 KB L1I + 32 KB L1D),8,96,0,0,4.7,5.2,Granite Ridge,0,0,16,8,B0DKFMSMYK,6606318,https://www.amd.com/en/products/processors/desktops/ryzen/9000-series/amd-ryzen-7-9800x3d.html,N82E16819113877,13796603933,2025-12-17T16:24:21.537Z,100-1000001084WOF | AMD Ryzen 7 9800X3D | 100-100001084WOF | 100100001084WOF,Zen 5,True,False,400,2200,AMD Radeon Graphics,256,"TSMC 4nm FinFET, TSMC 6nm FinFET",2,256,DDR5,Boxed,162,True,120
7bcf034c-041b-45f1-bbde-9dafc7f0fb8c,AMD Ryzen Threadripper PRO 7965WX,AMD,Threadripper PRO 7000,7965WX,2023,Threadripper PRO 7000,sTR5,7bcf034c-041b-45f1-bbde-9dafc7f0fb8c.json,1.5 MB (24 × 32 KB Data + 24 × 32 KB Instruction),24,128,0,0,4.2,5.3,Storm Peak,0,0,48,24,B0CK2T1HSS,,https://www.amd.com/de/support/downloads/drivers.html/processors/ryzen-threadripper-pro/amd-ryzen-threadripper-pro-7000-wx-series/amd-ryzen-threadripper-pro-7965wx.html,N82E16819113805,5227874102,,100-100000885WOF,Zen 4,True,False,0,0,,0,"TSMC 5nm FinFET, TSMC 6nm FinFET",8,2048,DDR5,Boxed,0,True,350
7bf2f913-1f98-47fb-89b6-979704c62472,Intel Core i5 6600T 2.7 GHz 4-Core LGA1151,Intel,Intel Core i5,,,Intel Core i5,LGA 1151,7bf2f913-1f98-47fb-89b6-979704c62472.json,,1,6,,,2.7,3.5,Skylake-S,,4,4,4,,,,,,,BXC80662I56600T,Skylake,False,True,,,Intel HD Graphics 530,,14 nm,,64,,Boxed,,False,35
7c436acd-e411-40a5-9c9d-3c668029996e,AMD Ryzen Threadripper PRO 9995WX,AMD,Ryzen Threadripper PRO 9000,9995WX,2025,Ryzen Threadripper PRO 9000,sTR5,7c436acd-e411-40a5-9c9d-3c668029996e.json,32 × 64 KB Instruction Cache + 32 × 32 KB Data Cache,96,384,0,0,2.5,5.4,Shimada Peak,0,0,192,96,B0FJ6K5H5V,,https://www.amd.com/en/products/processors/workstations/ryzen-threadripper/9000-wx-series/amd-ryzen-threadripper-pro-9995wx.html,9SIA24GKKW9115,17360970537,,AMD Ryzen Threadripper PRO 9995WX | 100-100001361WOF,Zen 5,True,False,0,0,,0,"TSMC 4nm FinFET, TSMC 6nm FinFET",8,2048,DDR5,Boxed,0,False,350
7cbf59b4-fe0b-4941-8d69-51bb87d8fe51,Intel Core Ultra 5 245K,Intel,Core Ultra 5 200,245K,2024,Core Ultra 5 200,LGA 1851,7cbf59b4-fe0b-4941-8d69-51bb87d8fe51.json,"192KB per P-core, 96KB per E-core",26,24,3.6,4.6,4.2,5.2,Lion Cove / Skymont,8,6,14,14,B0DFK2P311,6602199,https://www.intel.com/content/www/us/en/products/sku/241067/intel-core-ultra-5-processor-245k-24m-cache-up-to-5-20-ghz/specifications.html,N82E16819118508,13530310617,,BX80768245K | Intel Core Ultra 5 245K,Arrow Lake,True,False,300,1.9,Intel Xe-LPG Graphics,512,TSMC N3B,2,256,DDR5,Boxed,159,False,125
7d92d031-e565-4985-a288-89f8691bdd61,Intel Xeon E5-2680 v3 OEM/Tray,Intel,Xeon E5 2600 v3,2680 v3,2014,Xeon E5 2600 v3,LGA 2011-3,7d92d031-e565-4985-a288-89f8691bdd61.json,12 × 32 KB Instruction + 12 × 32 KB Data (768 KB total),3,30,0,0,2.5,3.3,Haswell-EP,0,0,24,12,B07RQ8YJGF,,https://www.intel.com/content/www/us/en/products/sku/81908/intel-xeon-processor-e52680-v3-30m-cache-2-50-ghz/specifications.html,,,,CM8064401439612,Haswell,True,False,0,0,,0,22 nm,4,768,DDR4,OEM/Tray,0,True,120
7e0be556-2750-435b-b573-917a6703a70a,Intel Core i5 10600,Intel,Core i5 10000,10600,2020,Core i5 10000,LGA 1200,7e0be556-2750-435b-b573-917a6703a70a.json,6 × 32 KB Instruction + 6 × 32 KB Data (384 KB total),1.5,12,0,0,3.3,4.8,Comet Lake,0,0,12,6,B0883PYCB7,,https://www.intel.com/content/www/us/en/products/sku/199273/intel-core-i510600-processor-12m-cache-up-to-4-80-ghz/specifications.html,N82E16819118161,492720636,,BX8070110600 | 4807121,Comet Lake,False,True,350,1200,Intel UHD Graphics 630,192,14 nm,2,128,DDR4,Boxed,0,True,65
7e2631f6-7672-4930-9c02-728bab88198f,AMD Ryzen™ 5 7500F,AMD,,,2023,Ryzen 7000 Series,AM5,7e2631f6-7672-4930-9c02-728bab88198f.json,384 KB,6,32,0,0,3.7,5,,0,0,12,6,B0CQ3XVDJK,,,,,,100-000000597 | SUJUN666,Zen 4,True,False,0,0,,0,"TSMC 5nm FinFET, TSMC 6nm FinFET",2,128,DDR5,Boxed,,True,65
7e3e1ea3-19af-4d0b-b50a-61e344d92236,Intel Core i5 3550S OEM/Tray,Intel,Core i5 3000,3550S,2012,Core i5 3000,LGA 1155,7e3e1ea3-19af-4d0b-b50a-61e344d92236.json,4 × 32 KB Instruction + 4 × 32 KB Data (256 KB total),1,6,0,0,3,3.7,Ivy Bridge,0,0,4,4,B00VQPFU9E,,https://www.intel.com/content/www/us/en/products/sku/65518/intel-core-i53550s-processor-6m-cache-up-to-3-70-ghz/specifications.html,N82E16819117421,,,CM8063701095203,Ivy Bridge,False,False,650,1150,Intel HD Graphics 2500,48,22 nm,2,32,DDR3,OEM/Tray,0,False,65
7f001c73-b6ad-4adc-a2cf-e4f3d300bb5a,Intel Core i9 13900,Intel,Core i9 13000,13900,2023,Core i9 13000,LGA 1700,7f001c73-b6ad-4adc-a2cf-e4f3d300bb5a.json,1.44 MB (8×32 KB L1 Data + 16×48 KB L1 Instruction),32,36,1.5,4.2,2,5.6,Raptor Lake,16,8,32,24,B0BQ69VJ1S,6530244,,N82E16819118425,,,BX8071513900,Raptor Lake,True,False,300,1650,Intel UHD Graphics 770,256,Intel 7,2,192,DDR5 | DDR4,Boxed,219,True,65
7f048ac5-0eae-400d-9574-ca3bf0c612f1,Intel Core i5 9500 OEM/Tray,Intel,Core i5 9000,9500,2018,Core i5 9000,LGA 1151,7f048ac5-0eae-400d-9574-ca3bf0c612f1.json,6 × 32 KB Instruction + 6 × 32 KB Data (384 KB total),1.5,9,0,0,3,4.4,Coffee Lake Refresh,0,0,6,6,B088WVQGWN,,https://www.intel.com/content/www/us/en/products/sku/134895/intel-core-i59500-processor-9m-cache-up-to-4-40-ghz/specifications.html,9SIB1A7JB72127,,,CM8068403362610,Coffee Lake,False,False,350,1100,Intel UHD Graphics 630,192,14 nm,2,128,DDR4,OEM/Tray,0,False,65
7f0f36c1-c2c5-4bb9-bc9d-e3be2999a3fc,Intel Core i7 13700,Intel,Core i7 13000,13700,2023,Core i7 13000,LGA 1700,7f0f36c1-c2c5-4bb9-bc9d-e3be2999a3fc.json,8 × 64 KB Instruction + 8 × 48 KB Data + 8 × 64 KB Instruction + 8 × 32 KB Data (1664 KB total),24,30,1.5,4.1,2.1,5.2,Raptor Lake-S,8,8,24,16,B0BQ6BNY56,6530246,https://www.intel.com/content/www/us/en/products/sku/230490/intel-core-i713700-processor-30m-cache-up-to-5-20-ghz/specifications.html,N82E16819118427,2135520256,,BX8071513700 | i7-13700,Raptor Lake,True,True,300,1600,Intel UHD Graphics 770,256,Intel 7,2,192,DDR5 | DDR4,Boxed,219,True,65
7f125c39-b1e1-41f3-8ae8-562d3d5e6467,AMD Ryzen 5 3500X OEM/Tray,AMD,Ryzen 5 3000,3500X,2019,Ryzen 5 3000,AM4,7f125c39-b1e1-41f3-8ae8-562d3d5e6467.json,6 × 64 KB Instruction + 6 × 32 KB Data (576 KB total),3,32,0,0,3.6,4.1,Matisse,0,0,6,6,B0D69R1T54,,,9SIBKCFKRK0105,,,100-000000158 | PIC18F4320-I PT | TH8056 TH8056KDC TH8056KDC-AAA-008-RE,Zen 2,False,False,0,0,,0,7 nm,2,128,DDR4,OEM/Tray,88,False,65
7f47e9d7-37da-42a6-a45b-30524e83db27,Intel Xeon E5-2683 v4 OEM/Tray,Intel,Xeon E5 2600 v4,2683 v4,2016,Xeon E5 2600 v4,LGA 2011-3,7f47e9d7-37da-42a6-a45b-30524e83db27.json,16 × 32 KB Instruction + 16 × 32 KB Data (1024 KB total),4,40,0,0,2.1,3,Broadwell-EP,0,0,32,16,B01DX5O428,,https://www.intel.com/content/www/us/en/products/sku/91766/intel-xeon-processor-e52683-v4-40m-cache-2-10-ghz/specifications.html,9SIACKEKW16688,,,CM8066002023604,Broadwell,True,False,0,0,,0,14 nm,4,1536,DDR4,OEM/Tray,0,True,120
7fb6ddb6-7d41-4cfa-ac44-c29e4bed27c6,Intel Core i9 10900K,Intel,Core i9 10000,10900K,2020,Core i9 10000,LGA 1200,7fb6ddb6-7d41-4cfa-ac44-c29e4bed27c6.json,10 × 32 KB Instruction + 10 × 32 KB Data (640 KB total),2.5,20,0,0,3.7,5.3,Comet Lake,0,0,20,10,B086MHSTVD,6411492,https://www.intel.com/content/www/us/en/products/sku/199332/intel-core-i910900k-processor-20m-cache-up-to-5-30-ghz/specifications.html,,559488943,,BX8070110900K,Comet Lake,False,False,350,1200,Intel UHD Graphics 630,192,14 nm,2,128,DDR4,Boxed,0,True,125
7fd9108b-8390-4f29-9d80-30d6cc7588db,Intel Xeon E3-1246 v3,Intel,Xeon E3 1200 v3,1246 v3,2014,Xeon E3 1200 v3,LGA 1150,7fd9108b-8390-4f29-9d80-30d6cc7588db.json,4 × 32 KB Instruction + 4 × 32 KB Data (256 KB total),1,8,0,0,3.5,3.9,Haswell,0,0,8,4,B0H66WF811,,https://www.intel.com/content/www/us/en/products/sku/80916/intel-xeon-processor-e31246-v3-8m-cache-3-50-ghz/specifications.html,N82E16819117318,37671396,,BX80646E31246V3,Haswell,True,True,350,1200,Intel HD Graphics P4600,160,22 nm,2,32,DDR3,Boxed,0,True,84
8029ae47-ace5-4bb5-a495-83664d250f49,Intel Core i5 6500,Intel,Core i5 65000,6500,2015,Core i5 6000,LGA 1151,8029ae47-ace5-4bb5-a495-83664d250f49.json,4 × 64 KB (32 KB L1I + 32 KB L1D),1,6,0,0,3.2,3.6,Skylake,0,0,4,4,B010T6CWI2,,https://www.intel.com/content/www/us/en/products/sku/88184/intel-core-i56500-processor-6m-cache-up-to-3-60-ghz/specifications.html,N82E16819117563,47087385,,BX80662I56500 | 1357826,Skylake,False,True,350,1.05,Intel HD Graphics 530,192,14 nm,2,64,DDR4 | DDR3,Boxed,0,False,65
80ddf430-efb7-4abf-8ba0-ad0639b4a944,Intel Core i5 4590S,Intel,Core i5 4000,4590S,2014,Core i5 4000,LGA 1150,80ddf430-efb7-4abf-8ba0-ad0639b4a944.json,4 × 32 KB Instruction + 4 × 32 KB Data (256 KB total),1,6,0,0,3,3.7,Haswell,0,0,4,4,B00SYCWFD6,,https://www.intel.com/content/www/us/en/products/sku/80816/intel-core-i54590s-processor-6m-cache-up-to-3-70-ghz/specifications.html,9SIB33YKY18993,39115125,,BX80646I54590S | i5-4590S,Haswell,False,True,350,1150,Intel HD Graphics 4600,160,22 nm,2,32,DDR3,Boxed,0,False,65
80eb4799-e845-4499-b4d2-6fdc253d9a48,Intel Core i9-14900KS,Intel,Core i9 14000,14900KS,2024,Core i9 14000,LGA 1700,80eb4799-e845-4499-b4d2-6fdc253d9a48.json,8 × 80 KB + 16 × 64 KB (L1 per-core totals),32,36,2.4,4.5,3.2,5.7,Raptor Cove / Gracemont,16,8,32,24,B0CXHMTHWP,,https://www.intel.com/content/www/us/en/products/sku/237504/intel-core-i9-processor-14900ks-36m-cache-up-to-6-20-ghz/specifications.html,N82E16819118496,5508660228,,BX8071514900KS | 735858548748,Raptor Lake Refresh,True,False,300,1650,Intel UHD 770,32,Intel 7,2,192,DDR5 | DDR4,Boxed,253,True,150
82e101d8-9816-4a6e-9d5a-7090e6933eea,Intel Core i7 12700F,Intel,Core i7 12000,12700F,2022,Core i7 12000,LGA 1700,82e101d8-9816-4a6e-9d5a-7090e6933eea.json,"80KB per P-core, 96KB per E-core cluster",12,25,1.6,3.6,2.1,4.9,Golden Cove / Gracemont,4,8,20,12,B09MDHZ2YQ,6492586,https://www.intel.com/content/www/us/en/products/sku/134592/intel-core-i712700f-processor-25m-cache-up-to-4-90-ghz/specifications.html,N82E16819118359,881597608,,BX8071512700F,Alder Lake,False,True,0,0,,0,Intel 7,2,128,DDR5 | DDR4,Boxed,180,True,65
8394d851-4c6d-4182-87dd-fee84df4a01c,Intel Xeon E5-2630 v2,Intel,Xeon E5-2600 v2,E5-2630 v2,2013,Xeon E5-2600 v2,LGA 2011,8394d851-4c6d-4182-87dd-fee84df4a01c.json,6 × 32 KB Instruction + 6 × 32 KB Data (384 KB total),1.5,15,0,0,2.6,3.1,Ivy Bridge-EP,0,0,12,6,B00F42XEHK,,https://www.intel.com/content/www/us/en/products/sku/75790/intel-xeon-processor-e52630-v2-15m-cache-2-60-ghz/specifications.html,,706313575,,BX80635E52630V2 | FBA_BX80635E52630V2,Ivy Bridge EP,True,False,0,0,,0,22 nm,4,768,DDR3,Boxed,0,True,80
83aee1bc-820b-42e4-a062-efb06b659df2,Intel Core i5 9600KF,Intel,Core i5 9000,9600KF,2019,Core i5 9000,LGA 1151,83aee1bc-820b-42e4-a062-efb06b659df2.json,6 × 32 KB Instruction + 6 × 32 KB Data (384 KB total),1.5,9,0,0,3.7,4.6,Coffee Lake Refresh,0,0,6,6,B07MQP5LNM,,https://www.intel.com/content/www/us/en/products/sku/190884/intel-core-i59600kf-processor-9m-cache-up-to-4-60-ghz/specifications.html,N82E16819117996,975156288,,BX80684I59600KF,Coffee Lake,False,False,0,0,,0,14 nm,2,128,DDR4,Boxed,0,False,95
83dd64e0-32d8-4ca9-9c17-a6790266fc60,AMD Athlon X4 860K 3.7 GHz 4-Core FM2+ OEM/Tray,AMD,AMD Athlon X4,,,AMD Athlon X4,FM2+,83dd64e0-32d8-4ca9-9c17-a6790266fc60.json,,4,0,,,3.7,4,Kaveri,,4,4,4,,,,,,,AD860KXBI44JA,Steamroller,False,False,,,,,28 nm,,0,,OEM/Tray,,False,95
844f813a-23e6-465e-8541-b3a35c792861,AMD A10-7700K,AMD,A-Series A10 7000,7700K,2014,A-Series A10 7000,FM2+,844f813a-23e6-465e-8541-b3a35c792861.json,2 × 96 KB Instruction + 4 × 16 KB Data (256 KB total),4,0,0,0,3.4,3.8,Kaveri,0,0,4,4,B00H7Z7XA6,,https://www.amd.com/en/support/downloads/drivers.html/processors/a-series/a10-series-apu-for-desktops/a10-7700k-with-radeon-r7-series.html,,,,AD770KXBI44JA,Steamroller,False,True,720,0,AMD Radeon R7 Graphics,384,28 nm,2,64,DDR3,Boxed,0,False,95
8455248d-5594-4392-b2ba-f579ca98b6e6,AMD Athlon X4 940 3.2 GHz 4-Core AM4 OEM/Tray,AMD,AMD Athlon X4,,,AMD Athlon X4,AM4,8455248d-5594-4392-b2ba-f579ca98b6e6.json,,2,0,,,3.2,3.6,Bristol Ridge,,4,4,4,,,,,,,AD940XAGM44AB,Excavator,False,False,,,,,28 nm,,0,DDR4,OEM/Tray,,False,65
84969f34-49dc-457b-a78a-2875fa58b424,AMD A8-9600,AMD,A-Series A8 9000,9600,2016,A-Series A8 9000,AM4,84969f34-49dc-457b-a78a-2875fa58b424.json,2 × 96 KB Instruction + 4 × 32 KB Data (320 KB total),2,0,0,0,3.1,3.4,Bristol Ridge,0,0,4,4,B074BCFV49,,https://www.amd.com/en/support/downloads/drivers.html/processors/pro-a-series/pro-a-series-a8-apu-for-desktops/7th-gen-amd-pro-a8-9600-apu.html,N82E16819113453,469554887,,AD9600AGABBOX | 114951,Excavator,False,True,0,900,AMD Radeon R7 Graphics,384,28 nm,2,64,DDR4,Boxed,0,False,65
850de815-7c76-48e5-8097-a009109be14b,AMD Ryzen 5 7600X3D,AMD,Ryzen 5 7000,7600X3D,2024,Ryzen 5 7000,AM5,850de815-7c76-48e5-8097-a009109be14b.json,6 × 64 KB Instruction + 6 × 32 KB Data (576 KB total),6,96,0,0,4.1,4.7,Raphael,0,0,12,6,B0F9XH8DBP,,https://www.amd.com/en/products/processors/desktops/ryzen/7000-series/amd-ryzen-5-7600x3d.html,9SIC3DRKN77445,16609711257,,100-000001721,Zen 4,True,False,400,2200,AMD Radeon Graphics,128,"TSMC 5nm FinFET, TSMC 6nm FinFET",2,128,DDR5,Boxed,88,True,65
85614f1f-2102-4099-ab88-7ff3af4d5b16,Intel Xeon E5-2620 v4,Intel,Xeon E5 2600 v4,2620 v4,2016,Xeon E5 2600 v4,LGA 2011-3,85614f1f-2102-4099-ab88-7ff3af4d5b16.json,8 × 32 KB Instruction + 8 × 32 KB Data (512 KB total),2,20,0,0,2.1,3,Broadwell-EP,0,0,16,8,B01CNKEY8S,,https://www.intel.com/content/www/us/en/products/sku/92986/intel-xeon-processor-e52620-v4-20m-cache-2-10-ghz/specifications.html,N82E16819117629,197443190,,BX80660E52620V4,Broadwell,True,False,0,0,,0,14 nm,4,1536,DDR4,Boxed,0,True,85
868feebe-9c5d-47c2-b0e9-4aa78708b574,Intel Core i7 12700,Intel,Core i7 12000,12700,2022,Core i7 12000,LGA 1700,868feebe-9c5d-47c2-b0e9-4aa78708b574.json,"768 KB total (8 P-cores × 32 KB I + 32 KB D, 4 E-cores × 64 KB per core)",12,25,1.6,3.6,2.1,4.9,Alder Lake-S,4,8,20,12,B09NPHHSZ1,,https://www.intel.com/content/www/us/en/products/sku/134591/intel-core-i712700-processor-25m-cache-up-to-4-90-ghz/specifications.html,N82E16819118368,175042101,,BX8071512700,Alder Lake,True,True,300,1500,Intel UHD Graphics 770,256,Intel 7,2,128,DDR5 | DDR4,Boxed,180,True,65
87a598a3-432b-4481-8f6a-5eb95e18fff1,Intel Xeon E5-2690 v2,Intel,Xeon E5 2600 v2,2690 v2,2013,Xeon E5 2600 v2,LGA 2011,87a598a3-432b-4481-8f6a-5eb95e18fff1.json,10 × 32 KB Instruction + 10 × 32 KB Data (640 KB total),2.5,25,0,0,3,3.6,Ivy Bridge-EP,0,0,20,10,B00F0R730S,,https://www.intel.com/content/www/us/en/products/sku/75279/intel-xeon-processor-e52690-v2-25m-cache-3-00-ghz/specifications.html,N82E16819116927,,,BX80635E52690V2,Ivy Bridge EP,True,False,0,0,,0,22 nm,4,768,DDR3,Boxed,0,True,130
8812a7c2-002c-4940-ad5d-93b62a1e3348,Intel Core i5 6600T OEM/Tray,Intel,Core i5 6000,6600T,2015,Core i5 6000,LGA 1151,8812a7c2-002c-4940-ad5d-93b62a1e3348.json,4 × 32 KB Instruction + 4 × 32 KB Data (256 KB total),1,6,0,0,2.7,3.5,Skylake,0,4,4,4,B0150OM01W,,https://www.intel.com/content/www/us/en/products/sku/88189/intel-core-i56600t-processor-6m-cache-up-to-3-50-ghz/specifications.html,N82E16819117837,,,CM8066201920601,Skylake,False,False,350,1100,Intel HD Graphics 530,192,14 nm,2,64,DDR3 | DDR4,OEM/Tray,0,False,35
88180f38-a27a-4c37-8022-5aeb06d158fe,Intel Xeon E3-1241 v3,Intel,Xeon E3 1200 v3,1241 v3,2014,Xeon E3 1200 v3,LGA 1150,88180f38-a27a-4c37-8022-5aeb06d158fe.json,4 × 32 KB Instruction + 4 × 32 KB Data (256 KB total),1,8,0,0,3.5,3.9,Haswell-WS,0,0,8,4,B00KB4A7HG,,https://www.intel.com/content/www/us/en/products/sku/80909/intel-xeon-processor-e31241-v3-8m-cache-3-50-ghz/specifications.html,,5061149894,,BX80646E31241V3,Haswell,True,True,0,0,,0,22 nm,2,32,DDR3,Boxed,0,True,80
88218b9c-2925-42c9-b551-cf3bb6529e2f,AMD FX 9370 4.4 GHz 8-Core AM3+ OEM/Tray,AMD,AMD FX,,,AMD FX,AM3+,88218b9c-2925-42c9-b551-cf3bb6529e2f.json,,8,8,,,4.4,4.7,Vishera,,8,8,8,,,,,,,FD9370FHW8KHK,Piledriver,False,False,,,,,32 nm,,0,,OEM/Tray,,False,220
88335ff6-ffb7-4410-87d0-2b28cf7b1008,AMD Ryzen 9 5900X,AMD,Ryzen 9 5000,5900X,2020,Ryzen 9 5000,AM4,88335ff6-ffb7-4410-87d0-2b28cf7b1008.json,64KB (32KB I + 32KB D) per core,6,64,0,0,3.7,4.8,Vermeer,0,0,24,12,B08164VTWH,6438942,https://www.amd.com/en/products/processors/desktops/ryzen/5000-series/amd-ryzen-9-5900x.html,N82E16819113664,647899167,,100-100000061WOF | AMD Ryzen 9 5900X,Zen 3,False,False,0,0,,0,TSMC 7nm FinFET,2,128,DDR4,Boxed,142,True,105
886af34a-4161-4ee6-a034-59746d3b57a2,Intel Xeon E3-1240 v5,Intel,Xeon E3 1200 v5,1240 v5,2015,Xeon E3 1200 v5,LGA 1151,886af34a-4161-4ee6-a034-59746d3b57a2.json,4 × 32 KB Instruction + 4 × 32 KB Data (256 KB total),1,8,0,0,3.5,3.9,Skylake-DT,0,0,8,4,B015T35K0C,,https://www.intel.com/content/www/us/en/products/sku/88176/intel-xeon-processor-e31240-v5-8m-cache-3-50-ghz/specifications.html,N82E16819117614,,,BX80662E31240V5,Skylake,True,False,0,0,,0,14 nm,2,64,DDR4 | DDR3,Boxed,0,True,80
891fb125-0c86-4ea2-ab5a-85bf033d8c6b,Intel Xeon E5-2698 v4 OEM/Tray,Intel,E5-2600 v4,E5-2698 v4,2016,E5-2600 v4,LGA 2011-3,891fb125-0c86-4ea2-ab5a-85bf033d8c6b.json,20 × 32 KB Instruction + 20 × 32 KB Data (1280 KB total),5,50,0,0,2.2,3.6,Broadwell-EP,0,0,40,20,B01DTYQHTG,,https://www.intel.com/content/www/us/en/products/sku/91753/intel-xeon-processor-e52698-v4-50m-cache-2-20-ghz/specifications.html,,,,CM8066002024000,Broadwell,True,False,0,0,,0,14 nm,4,1536,DDR4,OEM/Tray,0,True,135
8937791f-331b-4887-9847-82f6b047c59b,AMD Athlon X4 950,AMD,Athlon X4 900,950,2017,Athlon X4 900,AM4,8937791f-331b-4887-9847-82f6b047c59b.json,2 × 96 KB Instruction + 4 × 32 KB Data (320 KB total),2,0,0,0,3.5,3.8,Bristol Ridge,0,0,4,4,B074CL7JWL,,,,456095175,,116749 | B961020,Excavator,False,False,0,0,,0,28 nm,2,64,DDR4,Boxed,0,False,65
894887e4-ef92-4a69-a9c0-757340b8f6e6,Intel Core Ultra 7 265F,Intel,Core Ultra 7 200,265F,2025,Core Ultra 7 200,LGA 1851,894887e4-ef92-4a69-a9c0-757340b8f6e6.json,P-cores: 8×64 KB + 8×48 KB; E-cores: 12×64 KB + 12×32 KB,36,30,1.8,4.6,2.4,5.3,Arrow Lake-S,12,8,20,20,B0DTRPWBTV,,https://www.intel.com/content/www/us/en/products/sku/241064/intel-core-ultra-7-processor-265f-30m-cache-up-to-5-30-ghz/specifications.html,N82E16819118576,14866570347,,BX80768265F | BX80768265F dup,Arrow Lake,False,False,0,0,,0,TSMC N3B,2,256,DDR5,Boxed,182,False,65
8974c323-a771-45c8-ab96-48a386e83de1,Intel Core i5 9600K,Intel,Core i5 9000,9600K,2018,Core i5 9000,LGA 1151,8974c323-a771-45c8-ab96-48a386e83de1.json,384 KB total (6 cores × 32 KB Instruction + 32 KB Data per core),1.5,9,0,0,3.7,4.6,Coffee Lake Refresh,0,0,6,6,B07JHZXSQP,6302020,https://www.intel.com/content/www/us/en/products/sku/134896/intel-core-i59600k-processor-9m-cache-up-to-4-60-ghz/specifications.html,N82E16819117959,838867177,,BX80684I59600K,Coffee Lake Refresh,False,False,350,1150,Intel UHD Graphics 630,192,14 nm,2,128,DDR4,Boxed,0,False,95
89eeefbe-a6d6-4f77-9c4d-025df2f10a3e,AMD Ryzen 7 3700X,AMD,Ryzen 7 3000,3700X,2019,Ryzen 7 3000,AM4,89eeefbe-a6d6-4f77-9c4d-025df2f10a3e.json,8 × 64 KB (32 KB L1I + 32 KB L1D),4,32,0,0,3.6,4.4,Matisse,0,0,16,8,B07SXMZLPK,6356277,https://www.amd.com/en/support/downloads/drivers.html/processors/ryzen/ryzen-3000-series/amd-ryzen-7-3700x.html,N82E16819113567,431501281,,Ryzen 7 3700X | 100-100000071BOX,Zen 2,False,True,0,0,,0,TSMC 7nm FinFET,2,128,DDR4,Boxed,88,True,65
8a042a3a-8c29-4599-8be6-b93f55830e54,Intel Core i7 13700KF,Intel,Core i7 13000,13700KF,2022,Core i7 13000,LGA 1700,8a042a3a-8c29-4599-8be6-b93f55830e54.json,8 × 32 KB Instruction + 8 × 48 KB Data (P-cores) + 8 × 64 KB Instruction + 8 × 32 KB Data (E-cores),24,30,2.5,4.2,3.4,5.4,Raptor Cove / Gracemont,8,8,24,16,B0BCDL7F5W,6521195,https://www.intel.com/content/www/us/en/products/sku/230489/intel-core-i713700kf-processor-30m-cache-up-to-5-40-ghz/specifications.html,N82E16819118415,1885221436,,BX8071513700KF | Lago Raptor 13700 | i7-13700KF,Raptor Lake Refresh,False,False,0,0,,0,Intel 7,2,192,DDR5 | DDR4,Boxed,253,True,125
8a185318-6ca2-4a53-93b1-f01d9d5dbad1,Intel Core i9 12900KS,Intel,Core i9 12000,12900KS,2022,Core i9 12000,LGA 1700,8a185318-6ca2-4a53-93b1-f01d9d5dbad1.json,8 × 80 KB + 8 × 64 KB (L1 per-core totals),14,30,2.5,4,3.4,5.5,Alder Lake (Golden Cove / Gracemont),8,8,24,16,B09RWL74GY,6501867,https://www.intel.com/content/www/us/en/products/sku/225916/intel-core-i912900ks-processor-30m-cache-up-to-5-50-ghz/specifications.html,N82E16819118392,828289486,,BX8071512900KS,Alder Lake,True,False,300,1550,Intel UHD Graphics 770,256,Intel 7,2,128,DDR5 | DDR4,Boxed,241,True,150
8a75e218-1c37-4639-9945-59d320271ffc,Intel Core i9 12900KF,Intel,Core i9 12000,12900KF,2021,Core i9 12000,LGA 1700,8a75e218-1c37-4639-9945-59d320271ffc.json,P-cores: 8×80 KB (L1I+L1D); E-cores: 8×64 KB (L1I+L1D),14,30,2.4,3.9,3.2,5.2,Alder Lake-S,8,8,24,16,B09FWYK5M9,6483666,https://www.intel.com/content/www/us/en/products/sku/134600/intel-core-i912900kf-processor-30m-cache-up-to-5-20-ghz/specifications.html,N82E16819118341,477850730,,BX8071512900KF,Alder Lake,False,False,0,0,,0,Intel 7,2,128,DDR5 | DDR4,Boxed,241,True,125
8ab31f9c-94f6-4b90-92b3-1f7cccf87d06,Intel Xeon E3-1275 v6,Intel,Xeon E3 1200 v6,1275 v6,2017,Xeon E3 1200 v6,LGA 1151,8ab31f9c-94f6-4b90-92b3-1f7cccf87d06.json,4 × 32 KB Instruction + 4 × 32 KB Data (256 KB total),1,8,0,0,3.8,4.2,Kaby Lake-S,0,0,8,4,B06XKMHK7K,,https://www.intel.com/content/www/us/en/products/sku/97478/intel-xeon-processor-e31275-v6-8m-cache-3-80-ghz/specifications.html,,104557067,,BX80677E31275V6,Kaby Lake,True,False,350,1150,Intel HD Graphics P630,192,14 nm,2,64,DDR4 | DDR3,Boxed,0,True,73
8af911b8-c83c-4f4f-90a0-67581e682702,AMD Athlon X4 970,AMD,Athlon X4 900,970,2017,Athlon X4 900,AM4,8af911b8-c83c-4f4f-90a0-67581e682702.json,2 × 96 KB Instruction + 4 × 32 KB Data (320 KB total),2,0,0,0,3.8,4,Bristol Ridge,0,0,4,4,B0042LBBQ0,,,,,,AD970XAUM44AB,Excavator,False,False,0,0,,0,28 nm,4,64,DDR4,Boxed,0,False,65
8b3369aa-e320-4777-ba00-61cc17ec5bac,Intel Core i5 6400,Intel,Core i5 6000,6400,2015,Core i5 6000,LGA 1151,8b3369aa-e320-4777-ba00-61cc17ec5bac.json,4 × 32 KB Instruction + 4 × 32 KB Data (256 KB total),1,6,0,0,2.7,3.3,Skylake,0,0,4,4,B015XEW6FY,,https://www.intel.com/content/www/us/en/products/sku/88185/intel-core-i56400-processor-6m-cache-up-to-3-30-ghz/specifications.html,N82E16819117564,4843,,BX80662I56400,Skylake,False,True,350,950,Intel HD Graphics 530,192,14 nm,2,64,DDR3 | DDR4,Boxed,0,False,65
8bc6e602-918f-4438-bf87-1e6e2a9311cc,Intel Xeon E5 2620 V2,Intel,Xeon E5 2600 v2,2620 v2,2013,Xeon E5 2600 v2,LGA 2011,8bc6e602-918f-4438-bf87-1e6e2a9311cc.json,6 × 32 KB Instruction + 6 × 32 KB Data (384 KB total),1.5,15,0,0,2.1,2.6,Ivy Bridge-EP,0,0,12,6,B00F3TZJS6,,https://www.intel.com/content/www/us/en/products/sku/75789/intel-xeon-processor-e52620-v2-15m-cache-2-10-ghz/specifications.html,N82E16819117377,147232218,,BX80635E52620V2,Ivy Bridge EP,True,False,0,0,,0,22 nm,4,768,DDR3,Boxed,0,True,80
8bcc853a-761a-4446-920c-5f9fd9450f57,Intel Xeon E5 2683 V3,Intel,Xeon E5 2600 v3,2683 v3,2014,Xeon E5 2600 v3,LGA 2011-3,8bcc853a-761a-4446-920c-5f9fd9450f57.json,14 × 32 KB Instruction + 14 × 32 KB Data (896 KB total),3.5,35,0,0,2,3,Haswell-EP,0,0,28,14,B00TUVMSDM,,https://www.intel.com/content/www/us/en/products/sku/81055/intel-xeon-processor-e52683-v3-35m-cache-2-00-ghz/specifications.html,N82E16819117662,,,CM8064401609728,Haswell,True,False,0,0,,0,22 nm,4,768,DDR4,Boxed,0,True,120
8bcd138c-f058-4ccb-8bb1-a0803b7067a5,Intel Xeon E3-1235L v5 OEM/Tray,Intel,Xeon E3 1200 v5,1235L v5,2015,Xeon E3 1200 v5,LGA 1151,8bcd138c-f058-4ccb-8bb1-a0803b7067a5.json,4 × 32 KB Instruction + 4 × 32 KB Data (256 KB total),1,8,0,0,2,3,Skylake-DT,0,0,4,4,,,https://www.intel.com/content/www/us/en/products/sku/88170/intel-xeon-processor-e31235l-v5-8m-cache-2-00-ghz/specifications.html,,,,CM8066201935807,Skylake,True,False,400,1150,Intel HD Graphics P530,192,14 nm,2,64,DDR4 | DDR3,OEM/Tray,0,False,25
8bd90c74-e901-47b9-b83e-7688b912290b,AMD Athlon X4 860K,AMD,Athlon X4 800,860K,2014,Athlon X4 800,FM2+,8bd90c74-e901-47b9-b83e-7688b912290b.json,2 × 64 KB Instruction + 4 × 16 KB Data (192 KB total),4,0,0,0,3.7,4,Kaveri,0,0,4,4,B00MU00IOQ,,,N82E16819113410,,,AD860KXBJASBX,Steamroller,False,True,0,0,,0,28 nm,2,64,DDR3,Boxed,0,False,95
8bdf245c-1a7d-498d-bde4-eecc1c2d0015,Intel Xeon E5-1660 3.3 GHz 6-Core LGA2011,Intel,Intel Xeon E5,,,Intel Xeon E5,LGA 2011,8bdf245c-1a7d-498d-bde4-eecc1c2d0015.json,,5,15,,,3.3,3.9,Sandy Bridge-EP,,6,12,6,,,,,,,BX80621E51660,Sandy Bridge,True,False,,,,,32 nm,,0,,Boxed,,True,130
8bee943b-fbf9-4a79-8eca-57014707ba44,Intel Xeon E 2278G 3.4 GHz 8-Core LGA1151,Intel,Intel Xeon E,,,Intel Xeon E,LGA 1151,8bee943b-fbf9-4a79-8eca-57014707ba44.json,,2,16,,,3.4,5,Coffee Lake Refresh,,8,16,8,,,,,,,CM8068404225303,Coffee Lake Refresh,True,False,,,Intel HD Graphics P630,,14 nm,,128,,OEM/Tray,,True,80
8bff3723-fbb9-4ad3-b97c-4750c1c37dc9,AMD Ryzen 5 3600 OEM/Tray,AMD,Ryzen 5 3000,3600,2019,Ryzen 5 3000,AM4,8bff3723-fbb9-4ad3-b97c-4750c1c37dc9.json,6 × 64 KB Instruction + 6 × 32 KB Data (576 KB total),3,32,0,0,3.6,4.2,Matisse,0,0,12,6,B08924TQJ3,,https://www.amd.com/en/support/downloads/drivers.html/processors/ryzen/ryzen-3000-series/amd-ryzen-5-3600.html,N82E16819113576,566127657,,100-100000031MPK,Zen 2,False,False,0,0,,0,TSMC 7nm FinFET,2,128,DDR4,OEM/Tray,88,True,65
8c135700-ba0d-4b26-a9f8-ec7b33acb47e,Intel Xeon E5 2690 2.9 GHz 8-Core LGA2011,Intel,Intel Xeon E5,,,Intel Xeon E5,LGA 2011,8c135700-ba0d-4b26-a9f8-ec7b33acb47e.json,,2,20,,,2.9,3.8,Sandy Bridge-EP,,8,16,8,,,,,,,BX80621E52690,Sandy Bridge,True,False,,,,,32 nm,,0,,Boxed,,True,135
8c59fccb-f3ae-4cd5-b96b-fd7d3b47a9c6,Intel Core i3 9350K OEM/Tray,Intel,Core i3 9000,9350K,2019,Core i3 9000,LGA 1151,8c59fccb-f3ae-4cd5-b96b-fd7d3b47a9c6.json,4 × 32 KB Instruction + 4 × 32 KB Data (256 KB total),1,8,0,0,4,4.6,Coffee Lake Refresh,0,0,4,4,B093Z5MN46,,https://www.intel.com/content/www/us/en/products/sku/186606/intel-core-i39350k-processor-8m-cache-up-to-4-60-ghz/specifications.html,9SIBZW0KFS8094,,,CM8068403376821,Coffee Lake,True,False,350,1150,Intel HD Graphics 630,192,14 nm,2,64,DDR4,OEM/Tray,0,False,91
8ce055e1-4fd0-4f7b-8bc7-fa9f226e6b3d,Intel Xeon E5 1680 V3 OEM/Tray,Intel,Xeon E5 1600 v3,1680 v3,2014,Xeon E5 1600 v3,LGA 2011-3,8ce055e1-4fd0-4f7b-8bc7-fa9f226e6b3d.json,8 × 32 KB Instruction + 8 × 32 KB Data (512 KB total),2,20,0,0,3.2,3.8,Haswell-EP,0,0,16,8,B00PDD1K9O,,https://www.intel.com/content/www/us/en/products/sku/82767/intel-xeon-processor-e51680-v3-20m-cache-3-20-ghz/specifications.html,9SIB33YKY18900,,,CM8064401547809,Haswell,True,False,0,0,,0,22 nm,4,768,DDR4,OEM/Tray,0,True,140
8d8b2fcb-8a7b-4355-9235-b90ee7d0416d,Intel Core i7 11700K,Intel,Core i7 11000,11700K,2021,Core i7 11000,LGA 1200,8d8b2fcb-8a7b-4355-9235-b90ee7d0416d.json,8 × 64 KB (32 KB L1I + 32 KB L1D),4,16,0,0,3.6,5,Cypress Cove,0,0,16,8,B08X6ND3WP,6452221,https://www.intel.com/content/www/us/en/products/sku/212047/intel-core-i711700k-processor-16m-cache-up-to-5-00-ghz/specifications.html,9SIA2W0DXW7671,3583551302,,BX8070811700K,Rocket Lake,False,False,350,1300,Intel UHD Graphics 750,256,14 nm,2,128,DDR4,Boxed,0,True,125
8d8fc082-483c-4e5a-980f-d6191a73f946,Intel Core i5 10400,Intel,Core i5 10000,10400,2020,Core i5 10000,LGA 1200,8d8fc082-483c-4e5a-980f-d6191a73f946.json,6 × 64 KB (32 KB L1I + 32 KB L1D),5,12,0,0,2.9,4.3,Comet Lake,0,0,12,6,B086MN38Q2,6411498,https://www.intel.com/content/www/us/en/products/sku/199271/intel-core-i510400-processor-12m-cache-up-to-4-30-ghz/specifications.html,N82E16819118135,838833207,,BX8070110400,Comet Lake,False,True,350,1100,Intel UHD Graphics 630,192,14 nm,2,128,DDR4,Boxed,134,True,65
8dbf139b-a0a0-40e3-b62d-687eb16b964e,Intel Xeon E-2146G,Intel,Xeon E 2100,2146G,2018,Xeon E 2100,LGA 1151,8dbf139b-a0a0-40e3-b62d-687eb16b964e.json,6 × 32 KB Instruction + 6 × 32 KB Data (384 KB total),1.5,12,0,0,3.5,4.5,Coffee Lake-S WS,0,0,12,6,B07KNM3FRM,,https://www.intel.com/content/www/us/en/products/sku/134866/intel-xeon-e2146g-processor-12m-cache-up-to-4-50-ghz/specifications.html,,346542329,,BX80684E2146G,Coffee Lake,True,True,350,1150,Intel HD Graphics P630,192,14 nm,2,128,DDR4,Boxed,0,True,80
8f4be642-fc35-4ec2-aa3d-e06c5eb21b10,AMD Ryzen 7 5800X,AMD,Ryzen 7 5000,5800X,2020,Ryzen 7 5000,AM4,8f4be642-fc35-4ec2-aa3d-e06c5eb21b10.json,8 × 64 KB (32 KB I-cache + 32 KB D-cache),4,32,0,0,3.8,4.7,Vermeer,0,0,16,8,B0815XFSGK,6439000,https://www.amd.com/en/products/processors/desktops/ryzen/5000-series/amd-ryzen-7-5800x.html,N82E16819113665,950625545,,100-100000063WOF | AMD Ryzen 7 5800X | 100100000063WOF,Zen 3,False,False,0,0,,0,TSMC 7nm FinFET,2,128,DDR4,Boxed,142,True,105
8f586be2-4905-46b3-9334-8b28cfa5d9a4,Intel Core i5 5675C OEM/Tray,Intel,Core i5 5000,5675C,2015,Core i5 5000,LGA 1150,8f586be2-4905-46b3-9334-8b28cfa5d9a4.json,4 × 32 KB Instruction + 4 × 32 KB Data (256 KB total),1,4,0,0,3.1,3.6,Broadwell,0,0,4,4,B010B6HXZC,,https://www.intel.com/content/www/us/en/products/sku/88095/intel-core-i55675c-processor-4m-cache-up-to-3-60-ghz/specifications.html,,,,CM8065802483201,Broadwell,False,False,300,1100,Intel Iris Pro Graphics 6200,384,14 nm,2,32,DDR3,OEM/Tray,0,False,65
8f7f7070-4e2f-458f-803e-d4558ed5a3c3,Intel Xeon E5 2695 V3 2.3 GHz 14-Core LGA2011-3,Intel,Intel Xeon E5,,,Intel Xeon E5,LGA 2011-3,8f7f7070-4e2f-458f-803e-d4558ed5a3c3.json,,5,35,,,2.3,3.3,Haswell-EP,,14,28,14,,,,,,,BX80644E52695V3,Haswell,True,False,,,,,22 nm,,0,,Boxed,,True,120
8f887239-9d8c-4991-ab07-f9d7dda9cf81,Intel Core i7 8700K OEM/Tray,Intel,Core i7 8000,8700K,2017,Core i7 8000,LGA 1151,8f887239-9d8c-4991-ab07-f9d7dda9cf81.json,6 × 32 KB Instruction + 6 × 32 KB Data (384 KB total),1.5,12,0,0,3.7,4.7,Coffee Lake,0,0,12,6,B076PMBMFP,,https://www.intel.com/content/www/us/en/products/sku/126684/intel-core-i78700k-processor-12m-cache-up-to-4-70-ghz/specifications.html,,764323811,,CM8068403358220,Coffee Lake,False,False,350,1200,Intel UHD Graphics 630,192,14 nm,2,128,DDR4,OEM/Tray,0,True,95
8fa3e52f-5fef-48ff-bba6-0f81708ccacf,AMD Ryzen 3 3200G,AMD,Ryzen 3 3000,3200G,2019,Ryzen 3 3000,AM4,8fa3e52f-5fef-48ff-bba6-0f81708ccacf.json,4 × 96 KB (64 KB L1I + 32 KB L1D),2,4,0,0,3.6,4,Picasso,0,0,4,4,B07STGHZK8,6356279,https://www.amd.com/en/support/downloads/drivers.html/processors/ryzen/ryzen-3000-series/amd-ryzen-3-3200g.html,9SIAGBAKDG5754,833577841,,Ryzen 3 3200G | YD3200C5FHBOX,Zen+,False,True,300,1250,AMD Radeon Vega 8 Graphics,512,12nm FinFET,2,64,DDR4,Boxed,0,False,65
8fc4b00d-bab9-40e6-b277-bc8d77bea153,AMD Ryzen 7 5700G,AMD,Ryzen 7 5000,5700G,2021,Ryzen 7 5000,AM4,8fc4b00d-bab9-40e6-b277-bc8d77bea153.json,512 KB (8 x 64 KB),4,16,0,0,3.8,4.6,Cezanne,0,0,16,8,B091J3NYVF,6474406,https://www.amd.com/en/support/downloads/drivers.html/processors/ryzen/ryzen-5000-series/amd-ryzen-7-5700g.html,N82E16819113682,981199214,2025-05-05T01:21:53.921Z,100-100000263BOX | AMD Ryzen 7 5700G | 100100000263BOX | 100-000000263-ABS,Zen 3,False,True,400,2000,AMD Radeon Vega 8,512,TSMC 7nm FinFET,2,128,DDR4,Boxed,88,True,65
8fcefb4e-6fa9-4b70-8fa7-5679a9e15e9c,AMD Ryzen 9 9900X3D,AMD,Ryzen 9 9000,9900X3D,2025,Ryzen 9 9000,AM5,8fcefb4e-6fa9-4b70-8fa7-5679a9e15e9c.json,12 × 64 KB (32 KB I-cache + 32 KB D-cache),12,128,0,0,4.4,5.5,Granite Ridge,0,0,24,12,B0DWGWN8GY,6621940,https://www.amd.com/en/products/processors/desktops/ryzen/9000-series/amd-ryzen-9-9900x3d.html,N82E16819113886,15487369763,,100-1000001368WOF | AMD-Ryzen-9-9900X3D | 100-100001368WOF,Zen 5,True,False,400,2200,AMD Radeon Graphics,128,"TSMC 4nm FinFET, TSMC 6nm FinFET",2,256,DDR5,Boxed,230,True,120
908c9770-d690-4831-a76c-dd596c151a5d,Intel Xeon E3-1220 v3,Intel,Xeon E3-1200 v3,E3-1220 v3,2013,Xeon E3-1200 v3,LGA 1150,908c9770-d690-4831-a76c-dd596c151a5d.json,4 × 32 KB Instruction + 4 × 32 KB Data (256 KB total),1,8,0,0,3.1,3.5,Haswell-WS,0,0,4,4,B00D697OEW,,https://www.intel.com/content/www/us/en/products/sku/75052/intel-xeon-processor-e31220-v3-8m-cache-3-10-ghz/specifications.html,N82E16819116907,183009495,,BX80646E31220V3,Haswell,True,True,0,0,,0,22 nm,2,32,DDR3,Boxed,0,False,80
91fcaece-91d8-4e65-9150-12e2d032539c,Intel Xeon E5 2695 V2,Intel,Xeon E5 2600 v2,2695 v2,2013,Xeon E5 2600 v2,LGA 2011,91fcaece-91d8-4e65-9150-12e2d032539c.json,12 × 32 KB Instruction + 12 × 32 KB Data (768 KB total),3,30,0,0,2.4,3.2,Ivy Bridge-EP,0,0,24,12,B00F42GWL0,,https://www.intel.com/content/www/us/en/products/sku/75281/intel-xeon-processor-e52695-v2-30m-cache-2-40-ghz/specifications.html,,,,BX80635E52695V2,Ivy Bridge EP,True,False,0,0,,0,22 nm,4,768,DDR3,Boxed,0,True,115
92e90c8a-4ba7-4bab-934c-67cc037a9568,AMD Ryzen Threadripper PRO 7975WX,AMD,Ryzen Threadripper PRO 7000 WX,7975WX,2023,AMD Ryzen Threadripper PRO 7000 WX,sTR5,92e90c8a-4ba7-4bab-934c-67cc037a9568.json,32 × 64 KB (32 KB L1I + 32 KB L1D),32,128,0,0,4,5.3,Storm Peak,0,0,64,32,B0CK2TZWZX,12250337,https://www.amd.com/en/support/downloads/drivers.html/processors/ryzen-threadripper-pro/amd-ryzen-threadripper-pro-7000-wx-series/amd-ryzen-threadripper-pro-7975wx.html,N82E16819113807,5220203466,,100-100000453WOF,Zen 4,True,False,0,0,,0,"TSMC 5nm FinFET, TSMC 6nm FinFET",8,2048,DDR5,Boxed,0,True,350
92f76877-d37d-4026-a930-e71d0880d506,AMD A10-9700,AMD,A-Series A10 9000,9700,2017,A-Series A10 9000,AM4,92f76877-d37d-4026-a930-e71d0880d506.json,4 × 64 KB Instruction + 4 × 32 KB Data (384 KB total),2,0,0,0,3.5,3.8,Bristol Ridge,0,0,4,4,B074B856CD,,https://www.amd.com/en/support/downloads/drivers.html/processors/a-series/a10-series-apu-for-desktops/7th-gen-a10-9700-apu.html,N82E16819113451,,,AD9700AGABBOX | 114949 | B961026,Excavator,False,True,384,1029,AMD Radeon R7 Graphics,192,28 nm,2,64,DDR4,Boxed,0,False,65
93785a7d-3236-4698-8780-0a7451871913,Intel Core i9-13900F,Intel,Core i9 13000,13900F,2023,Core i9 13000,LGA 1700,93785a7d-3236-4698-8780-0a7451871913.json,8 × 64 KB Instruction + 8 × 48 KB Data + 16 × 64 KB Instruction + 16 × 32 KB Data (2432 KB total),32,36,1.5,4.2,2,5.2,Raptor Lake-S,16,8,32,24,B0BN5ZTG66,6530245,https://www.intel.com/content/www/us/en/products/sku/230502/intel-core-i913900f-processor-36m-cache-up-to-5-60-ghz/specifications.html,N82E16819118426,2067622493,,BX8071513900F,Raptor Lake,True,False,0,0,,0,Intel 7,2,192,DDR5 | DDR4,Boxed,219,True,65
939fdb63-6331-4459-87ab-6810fd7c72eb,Intel Core i3 10105,Intel,Core i3 10000,10105,2021,Core i3 10000,LGA 1200,939fdb63-6331-4459-87ab-6810fd7c72eb.json,4 × 32 KB Instruction + 4 × 32 KB Data (256 KB total),1,6,0,0,3.7,4.4,Comet Lake,0,0,8,4,B092ZGRHB5,,https://www.intel.com/content/www/us/en/products/sku/201894/intel-core-i310105-processor-6m-cache-up-to-4-40-ghz/specifications.html,N82E16819118248,539378364,,BX8070110105,Comet Lake,False,True,350,1100,Intel UHD Graphics 630,192,14 nm,2,128,DDR4,Boxed,0,True,65
93f48bd1-4813-4331-a8f0-276bdf6c5a51,Intel Core i7 9700F OEM / Tray,Intel,Core i7 9000,9700F,2019,Core i7 9000,LGA 1151,93f48bd1-4813-4331-a8f0-276bdf6c5a51.json,8 × 32 KB Instruction + 8 × 32 KB Data (512 KB total),2,12,0,0,3,4.7,Coffee Lake Refresh,0,0,8,8,B07YCY3P46,,https://www.intel.com/content/www/us/en/products/sku/193738/intel-core-i79700f-processor-12m-cache-up-to-4-70-ghz/specifications.html,N82E16819118058,701173354,,CM8068403874523,Coffee Lake,False,False,0,0,,0,14 nm,2,128,DDR4,OEM/Tray,0,False,65
94839eda-ee77-49d2-897c-c216fcc87911,Intel Xeon E3-1230 v3,Intel,Xeon E3-1200 v3,E3-1230 v3,2013,Xeon E3-1200 v3,LGA 1150,94839eda-ee77-49d2-897c-c216fcc87911.json,4 × 32 KB Instruction + 4 × 32 KB Data (256 KB total),1,8,0,0,3.3,3.7,Haswell-WS,0,0,8,4,B00D697PEG,,https://www.intel.com/content/www/us/en/products/sku/75054/intel-xeon-processor-e31230-v3-8m-cache-3-30-ghz/specifications.html,N82E16819116984,,,BX80646E31230V3,Haswell,True,True,0,0,,0,22 nm,2,32,DDR3,Boxed,0,True,80
94ed8079-1344-48d2-8ead-ec54d42b9c21,Intel Core i5 4690K,Intel,Core i5 4000,4690K,2014,Core i5 4000,LGA 1150,94ed8079-1344-48d2-8ead-ec54d42b9c21.json,4 × 32 KB Instruction + 4 × 32 KB Data (256 KB total),1,6,0,0,3.5,3.9,Haswell,0,0,4,4,B00KPRWB9G,,https://www.intel.com/content/www/us/en/products/sku/80811/intel-core-i54690k-processor-6m-cache-up-to-3-90-ghz/specifications.html,N82E16819117372,41996623,,BXF80646I54690K,Haswell,False,False,350,1200,Intel HD Graphics 4600,160,22 nm,2,32,DDR3,Boxed,0,False,88
954f813a-ea12-440d-9159-854a65bcbde3,Intel Core Ultra 7 265,Intel,Core Ultra 7 200,265,2025,Core Ultra 7 200,LGA 1851,954f813a-ea12-440d-9159-854a65bcbde3.json,8×64 KB + 8×48 KB (P-cores); 12×64 KB + 12×32 KB (E-cores),36,30,1.8,4.6,2.4,5.3,Lion Cove,12,8,20,20,B0DTRYQ6B1,,https://www.intel.com/content/www/us/en/products/sku/241068/intel-core-ultra-7-processor-265-30m-cache-up-to-5-30-ghz/specifications.html,N82E16819118575,14795710949,,BX80768265,Arrow Lake,True,False,300,1950,Intel Xe Graphics,512,TSMC N3B,2,256,DDR5,Boxed,182,False,65
9614e97c-cd22-4d17-8533-8ce8651d9348,Intel Xeon E5 1620 V2 OEM/Tray,Intel,Xeon E5 1600 v2,1620 v2,2013,Xeon E5 1600 v2,LGA 2011,9614e97c-cd22-4d17-8533-8ce8651d9348.json,4 × 32 KB Instruction + 4 × 32 KB Data (256 KB total),1,10,0,0,3.7,3.9,Ivy Bridge-E,0,0,8,4,B00F3U00FM,,https://www.intel.com/content/www/us/en/products/sku/75779/intel-xeon-processor-e51620-v2-10m-cache-3-70-ghz/specifications.html,N82E16819116982,,,CM8063501292405,Ivy Bridge EP,True,False,0,0,,0,22 nm,4,256,DDR3,OEM/Tray,0,True,130
968b85d5-ba51-42ca-9bb0-e469f5132898,Intel Xeon E5 2665 2.4 GHz 8-Core LGA2011 OEM/Tray,Intel,Intel Xeon E5,,,Intel Xeon E5,LGA 2011,968b85d5-ba51-42ca-9bb0-e469f5132898.json,,2,20,,,2.4,3.1,Sandy Bridge-EP,,8,16,8,,,,,,,CM8062101143101,Sandy Bridge,True,False,,,,,32 nm,,0,,OEM/Tray,,True,115
96adc181-a445-4ce5-8a40-c6dd28e5ca6e,AMD Ryzen Threadripper PRO 7945WX,AMD,Ryzen Threadripper PRO 7000,7945WX,2023,Ryzen Threadripper PRO 7000,sTR5,96adc181-a445-4ce5-8a40-c6dd28e5ca6e.json,12 × 64 KB Instruction + 12 × 32 KB Data (1152 KB total),12,64,0,0,4.7,5.3,Storm Peak,0,0,24,12,,,https://www.amd.com/en/support/downloads/drivers.html/processors/ryzen-threadripper-pro/amd-ryzen-threadripper-pro-7000-wx-series/amd-ryzen-threadripper-pro-7945wx.html,,,,100-100000887WOF,Zen 4,True,False,0,0,,0,"TSMC 5nm FinFET, TSMC 6nm FinFET",8,2048,DDR5,Boxed,0,True,350
96c51703-09ad-4260-8125-fa3b7185abe8,Intel Xeon E5-2643 v4,Intel,Xeon E5 2600 v4,E5-2643 v4,2016,Xeon E5 2600 v4,LGA 2011-3,96c51703-09ad-4260-8125-fa3b7185abe8.json,6 × 32 KB Instruction + 6 × 32 KB Data (384 KB total),1.5,20,0,0,3.4,3.7,Broadwell-EP,0,0,12,6,B01DZG2O6S,,https://www.intel.com/content/www/us/en/products/sku/92989/intel-xeon-processor-e52643-v4-20m-cache-3-40-ghz/specifications.html,N82E16819117658,176217369,,CM8066002041500,Broadwell,True,False,0,0,,0,14 nm,4,1536,DDR4,OEM/Tray,0,True,135
96da2a48-87d8-48b6-b4df-93e10546be5f,AMD A4-6320,AMD,A-Series A4 6000,6320,2013,A-Series A4 6000,FM2,96da2a48-87d8-48b6-b4df-93e10546be5f.json,1 × 64 KB Instruction + 2 × 16 KB Data (96 KB total),1,0,0,0,3.8,4,Richland,0,0,2,2,B00IOMFAJC,,https://www.amd.com/en/support/downloads/drivers.html/processors/a-series/a4-series-apu-for-desktops/a4-6320-with-radeon-hd-8370d.html,N82E16819113362,,,AD6320OKA23HL,Piledriver,False,False,760,0,AMD Radeon HD 8370D,128,32nm SOI,2,64,DDR3,Boxed,0,False,65
978c6a6e-24b6-4a23-b063-86a699eff902,Intel Core i7 9700KF,Intel,Core i7 9000,9700KF,2019,Core i7 9000,LGA 1151,978c6a6e-24b6-4a23-b063-86a699eff902.json,8 × 32 KB Instruction + 8 × 32 KB Data (512 KB total),2,12,0,0,3.6,4.9,Coffee Lake Refresh,0,0,8,8,B07MJXYX62,,https://www.intel.com/content/www/us/en/products/sku/190885/intel-core-i79700kf-processor-12m-cache-up-to-4-90-ghz/specifications.html,N82E16819118085,601258379,,BX80684I79700KF,Coffee Lake Refresh,False,False,0,0,,0,14 nm,2,128,DDR4,Boxed,0,False,95
9797d1e5-06e8-4048-bbb8-9743603ff6c2,Intel Xeon E5 2430 V2,Intel,Xeon E5 2400 v2,2430 v2,2013,Xeon E5 2400 v2,LGA 1356,9797d1e5-06e8-4048-bbb8-9743603ff6c2.json,6 × 32 KB Instruction + 6 × 32 KB Data (384 KB total),1.5,15,0,0,2.5,3,Ivy Bridge-EN,0,0,12,6,B00HTL2B7S,,https://www.intel.com/content/www/us/en/products/sku/75785/intel-xeon-processor-e52430-v2-15m-cache-2-50-ghz/specifications.html,N82E16819117511,39105847,,BX80634E52430V2,Ivy Bridge EN,True,False,0,0,,0,22 nm,3,384,DDR3,Boxed,0,True,80
97a1b424-136f-4c5b-9b7f-fd7a63bccc81,Intel Core i9 9920X 3.5 GHz 12-Core LGA2066 OEM/Tray,Intel,Intel Core i9,,,Intel Core i9,LGA 2066,97a1b424-136f-4c5b-9b7f-fd7a63bccc81.json,,12,25,,,3.5,4.4,Skylake-X,,12,24,12,,,,,,,CD8067304126300,Skylake,False,False,,,,,14 nm,,128,,OEM/Tray,,True,165
9851fef5-0cae-4ff8-91b4-67448fe260c9,Intel Xeon E 2144G OEM/Tray,Intel,Xeon E 2100,2144G,2018,Xeon E 2100,LGA 1151,9851fef5-0cae-4ff8-91b4-67448fe260c9.json,4 × 32 KB Instruction + 4 × 32 KB Data (256 KB total),1,8,0,0,3.6,4.5,Coffee Lake-S WS,0,0,8,4,B07GLJRV6H,,https://www.intel.com/content/www/us/en/products/sku/134862/intel-xeon-e2144g-processor-8m-cache-up-to-4-50-ghz/specifications.html,,,,CM8068403654220,Coffee Lake,True,False,350,1150,Intel HD Graphics P630,192,14 nm,2,128,DDR4,OEM/Tray,0,True,71
99464443-aee0-4b34-bb27-dc7e2594943c,AMD Ryzen 9 5900XT,AMD,Ryzen 9 5000,5900XT,2024,Ryzen 9 5000,AM4,99464443-aee0-4b34-bb27-dc7e2594943c.json,64KB per core (32KB Instruction + 32KB Data),8,64,0,0,3.3,4.8,Vermeer,0,0,32,16,B0D6NMCZG1,6589133,https://www.amd.com/en/products/processors/desktops/ryzen/5000-series/amd-ryzen-9-5900xt.html,N82E16819113845,8861422318,,100-100001581WOF | AMD Ryzen™ 9 5900XT,Zen 3,True,False,0,0,,0,TSMC 7nm FinFET,2,128,DDR4,Boxed,142,True,105
9a7ca5bd-0c01-4f16-ae1f-f2b5f50d2021,Intel Pentium Gold G5400,Intel,Pentium Gold G5000,G5400,2018,Pentium Gold G5000,LGA 1151,9a7ca5bd-0c01-4f16-ae1f-f2b5f50d2021.json,2 × 32 KB Instruction + 2 × 32 KB Data (128 KB total),0.5,4,0,0,3.7,0,Coffee Lake,0,0,4,2,B0793BQS3R,,https://www.intel.com/content/www/us/en/products/sku/129951/intel-pentium-gold-g5400-processor-4m-cache-3-70-ghz/specifications.html,N82E16819117875,171726365,,BX80684G5400,Coffee Lake,True,False,350,1050,Intel UHD Graphics 610,192,14 nm,2,64,DDR4,Boxed,0,True,58
9af7e95a-b33e-42ba-b962-a52b981c1777,Intel Xeon E5-2640 v3 OEM/Tray,Intel,Xeon E5 2600 v3,2640 v3,2014,Xeon E5 2600 v3,LGA 2011-3,9af7e95a-b33e-42ba-b962-a52b981c1777.json,8 × 32 KB Instruction + 8 × 32 KB Data (512 KB total),2,20,0,0,2.6,3.4,Haswell-EP,0,0,16,8,B00PDD24FI,,https://www.intel.com/content/www/us/en/products/sku/83359/intel-xeon-processor-e52640-v3-20m-cache-2-60-ghz/specifications.html,N82E16819117506,196073870,,CM8064401830901,Haswell,True,False,0,0,,0,22 nm,4,768,DDR4,OEM/Tray,0,True,90
9b2f142a-6a8f-46bd-a0aa-4b842a20fa18,Intel Core Ultra 7 270K Plus,Intel,Core Ultra 7 200,270K Plus,2026,Core Ultra 7 200,LGA 1851,9b2f142a-6a8f-46bd-a0aa-4b842a20fa18.json,8 × 80 KB + 12 × 64 KB (L1 per-core totals),40,36,3.2,4.7,3.7,5.5,Lion Cove / Skymont,16,8,24,24,B0GMLJCBBM,6676679,https://www.intel.com/content/www/us/en/products/sku/245692/intel-core-ultra-7-processor-270k-plus-36m-cache-up-to-5-50-ghz/specifications.html,N82E16819118628,20004805080,,BX80768270K | Intel Core Ultra 7 270K Plus,Arrow Lake Refresh,True,False,300,2000,Intel Graphics,512,TSMC N3B,2,256,DDR5,Boxed,250,False,125
9b42806a-944e-401b-9081-77071dc8ea85,AMD FX-8310,AMD,FX 8000,8310,2014,FX 8000,AM3+,9b42806a-944e-401b-9081-77071dc8ea85.json,4 × 64 KB Instruction + 8 × 16 KB Data (384 KB total),8,8,0,0,3.4,4.3,Vishera,0,0,8,8,,,,,,,FD8310WMHKSBX,Piledriver,False,True,0,0,,0,32 nm,2,32,DDR3,Boxed,0,False,95
9ba01056-5190-4d7b-ade4-e930eeddd24c,Intel Core i7 7800X,Intel,Core i7 7000,7800X,2017,Core i7 7000,LGA 2066,9ba01056-5190-4d7b-ade4-e930eeddd24c.json,6 × 32 KB Instruction + 6 × 32 KB Data (384 KB total),6,8.25,0,0,3.5,4,Skylake-X,0,0,12,6,B071H1B3Z1,,https://www.intel.com/content/www/us/en/products/sku/123589/intel-core-i77800x-xseries-processor-8-25m-cache-up-to-4-00-ghz/specifications.html,N82E16819117793,929643082,,BX80673I77800X,Skylake,False,False,0,0,,0,14 nm,4,128,DDR4,Boxed,0,True,140
9bbefd0a-08e7-4675-8ac4-7680ac600df7,AMD Athlon X2 450 OEM/Tray,AMD,Athlon X2 400,450,2014,Athlon X2 400,FM2+,9bbefd0a-08e7-4675-8ac4-7680ac600df7.json,1 × 64 KB Instruction + 2 × 16 KB Data (96 KB total),1,0,0,0,3.5,3.9,Kaveri,0,0,2,2,,,,,,,AD450XYBI23JA,Steamroller,False,False,0,0,,0,28 nm,2,64,DDR3,OEM/Tray,0,False,65
9be9d04a-4d1a-4e06-a9ad-4dacd17cc8f1,Intel Core i3 10100T OEM/Tray,Intel,Core i3 10000,10100T,2020,Core i3 10000,LGA 1200,9be9d04a-4d1a-4e06-a9ad-4dacd17cc8f1.json,4 × 32 KB Instruction + 4 × 32 KB Data (256 KB total),1,6,0,0,3,3.8,Comet Lake,0,0,8,4,B08G56XBXK,,https://www.intel.com/content/www/us/en/products/sku/199284/intel-core-i310100t-processor-6m-cache-up-to-3-80-ghz/specifications.html,,,,CM8070104291412 | SRH3Q,Comet Lake,False,False,350,1100,Intel UHD Graphics 630,192,14 nm,2,128,DDR4,OEM/Tray,0,True,35
9cf38b8e-4736-454a-a3f2-8adf9a3ea139,Intel Xeon E-2176G,Intel,Xeon E 2100,2176G,2018,Xeon E 2100,LGA 1151,9cf38b8e-4736-454a-a3f2-8adf9a3ea139.json,6 × 32 KB Instruction + 6 × 32 KB Data (384 KB total),1.5,12,0,0,3.7,4.7,Coffee Lake-S WS,0,0,12,6,B07KNP3ZFX,,https://www.intel.com/content/www/us/en/products/sku/134860/intel-xeon-e2176g-processor-12m-cache-up-to-4-70-ghz/specifications.html,9SIAAEEKM87332,302634940,,BX80684E2176G,Coffee Lake,True,False,350,1200,Intel HD Graphics P630,192,14 nm,2,128,DDR4,Boxed,0,True,80
9e33d743-2658-4a95-b0ea-4ce4a8c137bd,AMD Ryzen Threadripper 2920X OEM/Tray,AMD,Ryzen Threadripper 2000,2920X,2018,Ryzen Threadripper 2000,sTR4,9e33d743-2658-4a95-b0ea-4ce4a8c137bd.json,12 × 64 KB Instruction + 12 × 32 KB Data (1152 KB total),6,32,0,0,3.5,4.3,Colfax,0,0,24,12,B086697PP2,,https://www.amd.com/en/support/downloads/drivers.html/processors/ryzen-threadripper/ryzen-threadripper-2000-series/amd-ryzen-threadripper-2920x.html,N82E16819113545R,,,YD292XA8UC9AF,Zen+,False,False,0,0,,0,12 nm,4,1024,DDR4,OEM/Tray,0,True,180
9e6a18b0-8ea6-4cfc-a135-84a6c6819faa,Intel Core i7 6700T OEM/Tray,Intel,Core i7 6000,6700T,2015,Core i7 6000,LGA 1151,9e6a18b0-8ea6-4cfc-a135-84a6c6819faa.json,4 × 32 KB Instruction + 4 × 32 KB Data (256 KB total),1,8,0,0,2.8,3.6,Skylake,0,0,8,4,B015XEWPDC,,https://www.intel.com/content/www/us/en/products/sku/88200/intel-core-i76700t-processor-8m-cache-up-to-3-60-ghz/specifications.html,9SIA4REAMP1406,,,BXC80662I76700T,Skylake,False,False,350,1100,Intel HD Graphics 530,192,14 nm,2,64,DDR4 | DDR3,OEM/Tray,0,True,35
9ea982fe-1d3e-4600-b608-279496b2fedb,Intel Core i3 13100T OEM/Tray,Intel,Core i3 13000,13100T,2023,Core i3 13000,LGA 1700,9ea982fe-1d3e-4600-b608-279496b2fedb.json,4 × 64 KB Instruction + 4 × 48 KB Data (448 KB total),5,12,0,0,2.5,4.2,Raptor Cove,0,4,8,4,,,https://www.intel.com/content/www/us/en/products/sku/230579/intel-core-i313100t-processor-12m-cache-up-to-4-20-ghz/specifications.html,9SIA4REKG11898,,,CM8071505092101,Raptor Lake,False,False,300,1500,Intel UHD Graphics 730,192,Intel 7,2,192,DDR5 | DDR4,OEM/Tray,69,True,35
9ee0dbe7-c96f-45ef-a814-8c7d6c8b49a1,Intel Core i9 7980XE,Intel,Core i9 7000,7980XE,2017,Core i9 7000,LGA 2066,9ee0dbe7-c96f-45ef-a814-8c7d6c8b49a1.json,1.125 MB (18×32 KB L1 Data + 18×32 KB L1 Instruction),18,24.75,0,0,2.6,4.4,Skylake-X,0,0,36,18,B075XRYMDR,,https://www.intel.com/content/www/us/en/products/sku/126699/intel-core-i97980xe-extreme-edition-processor-24-75m-cache-up-to-4-20-ghz/specifications.html,N82E16819117836,267995409,,BX80673I97980X,Skylake,False,False,0,0,,0,14 nm,4,128,DDR4,Boxed,0,True,165
9ee32220-f378-49ac-bf96-d6e2477e2063,Intel Core i7 7820X,Intel,Core i7 7000,7820X,20117,Core i7 7000,LGA 2066,9ee32220-f378-49ac-bf96-d6e2477e2063.json,8 × 32 KB Instruction + 8 × 32 KB Data (512 KB total),8,11,0,0,3.6,4.5,Skylake-X,0,0,16,8,B073CK2Q64,,https://www.intel.com/content/www/us/en/products/sku/123767/intel-core-i77820x-xseries-processor-11m-cache-up-to-4-30-ghz/specifications.html,N82E16819117794,475324333,,CD8067303611000,Skylake,False,False,0,0,,0,14 nm,4,128,DDR4,Boxed,0,True,140
9f02cb3b-f070-42cb-9fb0-79a5995c5fae,Intel Core i5 9500F OEM/Tray,Intel,Core i5 9000,9500F,2019,Core i5 9000,LGA 1151,9f02cb3b-f070-42cb-9fb0-79a5995c5fae.json,6 × 32 KB Instruction + 6 × 32 KB Data (384 KB total),1.5,9,0,0,3,4.4,Coffee Lake Refresh,0,0,6,6,,,https://www.intel.com/content/www/us/en/products/sku/190890/intel-core-i59500f-processor-9m-cache-up-to-4-40-ghz/specifications.html,N82E16819118065,,,CM8068403362616,Coffee Lake,False,False,0,0,,0,14 nm,2,128,DDR4,OEM/Tray,0,False,65
9f192a62-7a9d-4fb1-8e2c-9e3b6c8610f2,AMD Ryzen 5 3600XT 3.8 GHz 6-Core AM4,AMD,AMD Ryzen 5,,,AMD Ryzen 5,AM4,9f192a62-7a9d-4fb1-8e2c-9e3b6c8610f2.json,,3,32,,,3.8,4.5,Matisse,,6,12,6,B089WC4VWF,6422513,,N82E16819113653,,,100-100000281BOX | AMD Ryzen 5 3600XT,Zen 2,False,True,,,,,7 nm,,128,DDR4,Boxed,,True,95
9f7d0407-954b-492f-86cf-20f0c0150aed,Intel Core i3 14100F,Intel,Core i3 14000,14100F,2024,Core i3 14000,LGA 1700,9f7d0407-954b-492f-86cf-20f0c0150aed.json,4 × 32 KB Instruction Cache + 4 × 48 KB Data Cache,5,12,0,0,3.5,4.7,Raptor Cove,0,0,8,4,B0CQ1MN1Y2,,https://www.intel.com/content/www/us/en/products/sku/236786/intel-core-i3-processor-14100f-12m-cache-up-to-4-70-ghz/specifications.html,N82E16819118492,5323211868,,BX8071514100F | 14100F,Raptor Lake Refresh,False,True,0,0,,0,Intel 7,2,192,DDR5 | DDR4,Boxed,110,True,58
a020be7c-91fe-4ac1-b304-a9f2ba8268c4,Intel Core i3 9350KF,Intel,Core i3 9000,9350KF,2019,Core i3 9000,LGA 1151,a020be7c-91fe-4ac1-b304-a9f2ba8268c4.json,4 × 32 KB Instruction + 4 × 32 KB Data (256 KB total),1,8,0,0,4,4.6,Coffee Lake Refresh,0,0,4,4,B07NC419VF,,https://www.intel.com/content/www/us/en/products/sku/191126/intel-core-i39350kf-processor-8m-cache-up-to-4-60-ghz/specifications.html,N82E16819117998,,,BX80684I39350KF,Coffee Lake,True,True,0,0,,0,14 nm,2,64,DDR4,Boxed,0,False,91
a0415d5e-2c30-4133-873e-92a5f37ae9da,Intel Core Ultra 5 250KF Plus,Intel,Core Ultra 5 200,250K Plus,2026,Core Ultra 5 200,LGA 1851,a0415d5e-2c30-4133-873e-92a5f37ae9da.json,"192KB per P-core, 96KB per E-core cluster",30,30,3.3,4.6,4.2,5.3,Lion Cove / Skymont,12,6,18,18,B0GMLFFHS1,12527151,https://www.intel.com/content/www/us/en/products/sku/245694/intel-core-ultra-5-processor-250k-plus-30m-cache-up-to-5-30-ghz/specifications.html,N82E16819118630,19949371519,,BX80768250KF | Intel Core Ultra 5 250KF Plus,Arrow Lake Refresh,False,True,0,0,,0,TSMC N3B,2,256,DDR5,Boxed,159,False,125
a0535313-5457-4b3a-8ff3-a7550e458406,Intel Core i9 12900K,Intel,Core i9 12000,12900K,2021,Core i9 12000,LGA 1700,a0535313-5457-4b3a-8ff3-a7550e458406.json,"80KB per P-core, 96KB per E-core",14,30,2.4,3.9,3.2,5.2,Golden Cove / Gracemont,8,8,24,16,B09FXDLX95,6483663,https://www.intel.com/content/www/us/en/products/sku/134599/intel-core-i912900k-processor-30m-cache-up-to-5-20-ghz/specifications.html,N82E16819118339,896914815,,BX8071512900K,Alder Lake,True,False,300,1.55,Intel UHD 770,256,Intel 7,2,128,DDR5 | DDR4,Boxed,241,True,125
a0b0d13b-626c-4dd2-a253-5ddbd67dba37,Intel Xeon E5 2687W V3 3.1 GHz 10-Core LGA2011-3 OEM/Tray,Intel,Intel Xeon E5,,,Intel Xeon E5,LGA 2011-3,a0b0d13b-626c-4dd2-a253-5ddbd67dba37.json,,5,25,,,3.1,3.5,Haswell-EP,,10,20,10,,,,,,,CM8064401613502,Haswell,True,False,,,,,22 nm,,0,,OEM/Tray,,True,160
a10c71dc-1015-4bac-b802-ae04e70d487e,AMD FX-4320 OEM/Tray,AMD,FX 4000,4320,2012,FX 4000,AM3+,a10c71dc-1015-4bac-b802-ae04e70d487e.json,2 × 64 KB Instruction + 4 × 16 KB Data (192 KB total),4,4,0,0,4,4.2,Vishera,0,0,4,4,,,,,,,FD4320WMW4MHK,Piledriver,False,False,0,0,,0,32 nm,2,32,DDR3,OEM/Tray,0,False,95
a1272cd8-f01a-47d7-b41b-0381c2fd4ece,AMD FX-8350,AMD,FX 8000,8350,2012,FX 8000,AM3+,a1272cd8-f01a-47d7-b41b-0381c2fd4ece.json,4 × 64 KB Instruction + 8 × 16 KB Data (384 KB total),8,8,0,0,4,4.2,Piledriver,0,0,8,8,B01F4ZOB3C,,,N82E16819113284,51987916,,FD8350FRHKHBX,Vishera,False,True,0,0,,0,32 nm,2,0,DDR3,Boxed,0,False,125
a1839f54-8d05-4b94-b1ab-6dcc43705dcd,AMD Ryzen Threadripper PRO 9955WX,AMD,Threadripper 9000,9955WX,2025,Ryzen PRO 9000,sTR5,a1839f54-8d05-4b94-b1ab-6dcc43705dcd.json,24 × 64 KB Instruction Cache + 24 × 32 KB Data Cache,16,64,0,0,4.5,5.4,Shimada Peak,0,0,32,16,B0FJ6KPGGV,,https://www.amd.com/en/products/processors/workstations/ryzen-threadripper/9000-wx-series/amd-ryzen-threadripper-pro-9955wx.html,N82E16819113913,17363204582,,Ryzen Threadripper PRO 9955WX | 100-100000725WOF,Zen 5,True,False,0,0,,0,"TSMC 4nm FinFET, TSMC 6nm FinFET",8,2048,DDR5,Boxed,0,True,350
a1f1291c-5477-4a75-969c-cdda9ff681a1,Intel Core i9 7900X 3.3 GHz 10-Core LGA2066,Intel,Intel Core i9,,,Intel Core i9,LGA 2066,a1f1291c-5477-4a75-969c-cdda9ff681a1.json,,10,75,,,3.3,4.5,Skylake-X,,10,20,10,,,,,,,BXC80673I97900X,Skylake,False,False,,,,,14 nm,,128,,Boxed,,True,140
a23a5235-8ab4-4dd1-b48d-ca1fbbf25a94,Intel Xeon E5-1620 v3,Intel,Xeon E5 1600 v3,1620 v3,2014,Xeon E5 1600 v3,LGA 2011-3,a23a5235-8ab4-4dd1-b48d-ca1fbbf25a94.json,4 × 32 KB Instruction + 4 × 32 KB Data (256 KB total),1,10,0,0,3.5,3.6,Haswell-EP,0,0,8,4,B00MU046J4,,https://www.intel.com/content/www/us/en/products/sku/82763/intel-xeon-processor-e51620-v3-10m-cache-3-50-ghz/specifications.html,N82E16819117512,41192925,,BX80644E51620V3,Haswell,True,False,0,0,,0,22 nm,4,768,DDR4,Boxed,0,True,140
a317493e-ab39-47e0-80c1-dc7f8643d77c,AMD A6-9500E,AMD,A-Series A6 9000,9500E,2016,A-Series A6 9000,AM4,a317493e-ab39-47e0-80c1-dc7f8643d77c.json,1 × 96 KB Instruction + 2 × 32 KB Data (160 KB total),1,0,0,0,3,3.4,Bristol Ridge,0,0,2,2,B074B9233D,,,,,,AD9500AHABBOX,Excavator,False,True,200,800,AMD Radeon R5 Graphics,384,28 nm,2,64,DDR4,Boxed,0,False,35
a35f20cb-82a9-49e3-b4a1-00ae22467f64,Intel Core i5 4590,Intel,Core i5 4000,4590,2014,Core i5 4000,LGA 1150,a35f20cb-82a9-49e3-b4a1-00ae22467f64.json,4 × 64 KB (32 KB L1I + 32 KB L1D),1,6,0,0,3.3,3.7,Haswell Refresh,0,0,4,4,B00J2LIFBY,,https://www.intel.com/content/www/us/en/products/sku/80815/intel-core-i54590-processor-6m-cache-up-to-3-70-ghz/specifications.html,N82E16819116991,39128144,,BX80646I54590 | FBA_BX80646I54590,Haswell Refresh,False,True,350,1150,Intel HD Graphics 4600,160,22 nm,2,32,DDR3,Boxed,0,False,84
a3f20a4b-2357-4700-afad-9f284e8240d7,Intel Core i9-9900KF,Intel,Core i9 9000,9900KF,2019,Core i9 9000,LGA 1151,a3f20a4b-2357-4700-afad-9f284e8240d7.json,8 × 32 KB Instruction + 8 × 32 KB Data (512 KB total),2,16,0,0,3.6,5,Coffee Lake Refresh,0,0,16,8,B07MGBZWDZ,6368066,https://www.intel.com/content/www/us/en/products/sku/190887/intel-core-i99900kf-processor-16m-cache-up-to-5-00-ghz/specifications.html,N82E16819117993,479927485,,BX80684I99900KF,Coffee Lake Refresh,False,False,0,0,,0,14 nm,2,128,DDR4,Boxed,0,True,95
a44808fb-30a8-420c-8ddc-c8cb2645d89e,Intel Core i9-9900K,Intel,Core i9 9000,9900K,2018,Core i9 9000,LGA 1151,a44808fb-30a8-420c-8ddc-c8cb2645d89e.json,8 × 64 KB (32 KB L1I + 32 KB L1D),2,16,0,0,3.6,5,Coffee Lake Refresh,0,0,16,8,B07KC6V4YF,,https://www.intel.com/content/www/us/en/products/sku/186605/intel-core-i99900k-processor-16m-cache-up-to-5-00-ghz/specifications.html,9SIBZW0KFS8090,402971448,,BX80684I99900K | BX80684I99900KSRG19,Coffee Lake Refresh,False,False,350,1200,Intel UHD Graphics 630,192,14 nm,2,128,DDR4,Boxed,119,True,95
a48616b6-d2db-4efe-bfd6-1d82e093d64a,Intel Core i7 5960X OEM/Tray,Intel,Core i7 5000,5960X,2014,Core i7 5000,LGA 2011-3,a48616b6-d2db-4efe-bfd6-1d82e093d64a.json,8 × 32 KB Instruction + 8 × 32 KB Data (512 KB total),2,20,0,0,3,3.5,Haswell-E,0,0,16,8,B00MMLXIHM,,https://www.intel.com/content/www/us/en/products/sku/82930/intel-core-i75960x-processor-extreme-edition-20m-cache-up-to-3-50-ghz/specifications.html,,,,CM8064801547964,Haswell E,False,False,0,0,,0,22 nm,4,64,DDR4,OEM/Tray,0,True,140
a50400bf-d4b1-4f5d-a4e6-1dda7d69e352,AMD Athlon 240GE,AMD,Athlon 200GE,240GE,2018,Athlon 200GE,AM4,a50400bf-d4b1-4f5d-a4e6-1dda7d69e352.json,2 × 64 KB Instruction + 2 × 32 KB Data (192 KB total),1,4,0,0,3.5,0,Raven Ridge,0,0,4,2,B07L9V9F6H,,https://www.amd.com/en/support/downloads/drivers.html/processors/athlon/athlon-200-series/amd-athlon-240ge.html,,,,YD240GC6FBBOX | YD220GC6FBBOX,Zen,False,False,0,1000,AMD Radeon Vega 3 Graphics,192,14 nm,2,64,DDR4,Boxed,0,True,35
a514d358-1a2c-42fa-a594-14fceee9643e,Intel Xeon E 2274G 4 GHz 4-Core LGA1151,Intel,Intel Xeon E,,,Intel Xeon E,LGA 1151,a514d358-1a2c-42fa-a594-14fceee9643e.json,,1,8,,,4,4.9,Coffee Lake Refresh,,4,8,4,,,,,,,BX80684E2274G,Coffee Lake Refresh,True,False,,,Intel HD Graphics P630,,14 nm,,128,,Boxed,,True,83
a52d0c10-ee31-46cc-a2d7-1c27e66ce467,Intel Xeon E3-1245 v6,Intel,Xeon E3 1200 v6,1245 v6,2017,Xeon E3 1200 v6,LGA 1151,a52d0c10-ee31-46cc-a2d7-1c27e66ce467.json,4 × 32 KB Instruction + 4 × 32 KB Data (256 KB total),1,8,0,0,3.7,4.1,Kaby Lake-S,0,0,8,4,B06XXFGYFZ,,https://www.intel.com/content/www/us/en/products/sku/97473/intel-xeon-processor-e31245-v6-8m-cache-3-70-ghz/specifications.html,N82E16819117786,,,BX80677E31245V6,Kaby Lake,True,True,350,1150,Intel HD Graphics P630,192,14 nm,2,64,DDR3 | DDR4,Boxed,0,True,73
a54959e6-8f3f-4658-a71a-96e323d3de21,Intel Xeon E3-1240 v3,Intel,Xeon E3 1200 v3,1240 v3,2013,Xeon E3 1200 v3,LGA 1150,a54959e6-8f3f-4658-a71a-96e323d3de21.json,4 × 32 KB Instruction + 4 × 32 KB Data (256 KB total),1,8,0,0,3.4,3.8,Haswell-WS,0,0,8,4,B0DLK1FRZR,,https://www.intel.com/content/www/us/en/products/sku/75055/intel-xeon-processor-e31240-v3-8m-cache-3-40-ghz/specifications.html,N82E16819116905,,,BX80646E31240V3,Haswell,True,True,0,0,,0,22 nm,2,32,DDR3,Boxed,0,True,80
a58188f8-e9da-4ead-8d52-74117306545c,Intel Core i5 13600KF,Intel,Core i5 13000,13600KF,2022,i5 13000,LGA 1700,a58188f8-e9da-4ead-8d52-74117306545c.json,"80KB per P-core, 96KB per E-core",20,24,2.6,3.9,3.5,5.1,Raptor Cove / Gracemont,8,6,20,14,B0BCF5CZ16,6521198,https://www.intel.com/content/www/us/en/products/sku/230494/intel-core-i513600kf-processor-24m-cache-up-to-5-10-ghz/specifications.html,N82E16819118423,1329007255,,BX8071513600KF | i5-13600KF | CM8071504821006,Raptor Lake,False,False,0,0,,0,Intel 7,2,192,DDR5 | DDR4,Boxed,181,True,125
a5cbfd80-bea2-4dd1-ac95-3f2735e29165,AMD Athlon X4 870K,AMD,Athlon X4 800,870K,2015,Athlon X4 800,FM2+,a5cbfd80-bea2-4dd1-ac95-3f2735e29165.json,2 × 96 KB Instruction + 4 × 16 KB Data (256 KB total),4,0,0,0,3.9,4.1,Godaveri,0,0,4,4,B01BIWL1MY,,,N82E16819113409,107409270,,AD870KXBJCSBX | HB30C3A1CFS | Black | B960956,Steamroller,False,True,0,0,,0,28 nm,2,64,DDR3,Boxed,0,False,95
a64b6cda-9cd9-44c3-bd43-380990a95e94,Intel Xeon E5 2650 V3 2.3 GHz 10-Core LGA2011-3 OEM/Tray,Intel,Intel Xeon E5,,,Intel Xeon E5,LGA 2011-3,a64b6cda-9cd9-44c3-bd43-380990a95e94.json,,5,25,,,2.3,3,Haswell-EP,,10,20,10,,,,,,,CM8064401723701,Haswell,True,False,,,,,22 nm,,0,,OEM/Tray,,True,105
a6fe3c8d-4bf6-49ef-887b-9d53b8c635e8,Intel Core i9 12900,Intel,Core i9 12000,12900,2022,Core i9 12000,LGA 1700,a6fe3c8d-4bf6-49ef-887b-9d53b8c635e8.json,"16 × 32 KB Instruction + 16 × 48 KB Data (1,280 KB total)",14,30,1.8,3.8,2.4,5.1,Alder Lake-S,8,8,24,16,B09RPF28CG,,https://www.intel.com/content/www/us/en/products/sku/134597/intel-core-i912900-processor-30m-cache-up-to-5-10-ghz/specifications.html,N82E16819118366,221943526,,BX8071512900,Alder Lake,True,True,300,1550,Intel UHD Graphics 770,256,Intel 7,2,128,DDR5 | DDR4,Boxed,202,True,65
a7181913-9094-4594-a2bf-dba15ff73710,Intel Core i5 11600K,Intel,Core i5 11000,11600K,2021,Core i5 11000,LGA 1200,a7181913-9094-4594-a2bf-dba15ff73710.json,384 KB (6×32 KB L1 Data + 6×32 KB L1 Instruction),3,12,0,0,3.9,4.9,Rocket Lake,0,0,12,6,B08X67YZBL,6452220,https://www.intel.com/content/www/us/en/products/sku/212275/intel-core-i511600k-processor-12m-cache-up-to-4-90-ghz/specifications.html,N82E16819118235,157045431,,BX8070811600K | i5-11600K,Rocket Lake,False,False,350,1300,Intel UHD Graphics 750,256,14 nm,2,128,DDR4,Boxed,0,True,125
a7bb0908-5696-4d44-8a95-16a2575ec4c9,Intel Core i5 6400T OEM/Tray,Intel,Core i5 6000,6400T,2015,Core i5 6000,LGA 1151,a7bb0908-5696-4d44-8a95-16a2575ec4c9.json,4 × 32 KB Instruction + 4 × 32 KB Data (256 KB total),1,6,0,0,2.2,2.8,Skylake-S,0,0,4,4,B015XEWM4E,,https://www.intel.com/content/www/us/en/products/sku/88187/intel-core-i56400t-processor-6m-cache-up-to-2-80-ghz/specifications.html,9SIC3VHKU66105,,,BXC80662I56400T,Skylake,False,True,350,950,Intel HD Graphics 530,192,14 nm,2,64,DDR3 | DDR4,OEM/Tray,0,False,35
a7dbea73-5f60-47a4-abc7-1195c54d62a5,Intel Core i9-7960X X,Intel,Core i9 7000,7960X,2017,Core i9 7000,LGA 2066,a7dbea73-5f60-47a4-abc7-1195c54d62a5.json,16 × 32 KB Instruction + 16 × 32 KB Data (1024 KB total),16,22,0,0,2.8,4.2,Skylake-X,0,0,32,16,B075XRYMDS,,https://www.intel.com/content/www/us/en/products/sku/126697/intel-core-i97960x-xseries-processor-22m-cache-up-to-4-20-ghz/specifications.html,N82E16819117835,272379344,,BX80673I97960X,Skylake,False,True,0,0,,0,14 nm,4,128,DDR4,Boxed,0,True,165
a8cd0239-10f5-4e57-be79-c3540e17cafc,AMD Ryzen 5 5600X3D,AMD,Ryzen 5 5000,5600X3D,2023,Ryzen 5 5000,AM4,a8cd0239-10f5-4e57-be79-c3540e17cafc.json,6 × 32 KB Instruction + 6 × 32 KB Data (384 KB total),3,96,0,0,3.3,4.4,Vermeer,0,0,12,6,,,https://www.amd.com/en/support/downloads/drivers.html/processors/ryzen/ryzen-5000-series/amd-ryzen-5-5600x3d.html,,,,100-100001176WO | 100-100001176WOF,Zen 3,True,False,0,0,,0,"TSMC 7nm FinFET, 12nm (Globalfoundries)",2,128,DDR4,Boxed,142,True,105
a9090593-4871-4fc2-ba94-33ede34e8d85,Intel Core i9 9960X,Intel,Core i9 9000,9960X,2018,Core i9 9000,LGA 2066,a9090593-4871-4fc2-ba94-33ede34e8d85.json,16 × 64 KB (32 KB L1I + 32 KB L1D),16,22,0,0,3.1,4.4,Skylake-X,0,0,32,16,B07LB25C9T,,https://www.intel.com/content/www/us/en/products/sku/189123/intel-core-i99960x-xseries-processor-22m-cache-up-to-4-50-ghz/specifications.html,N82E16819117978,,,CD8067304126500,Skylake,False,False,0,0,,0,14 nm,4,128,DDR4,OEM/Tray,0,True,165
a98f71a3-5470-4333-b8f9-8bbfe03536b7,Intel Core i3-8350K,Intel,Core i3 8000,8350K,2017,Core i3 8000,LGA 1151,a98f71a3-5470-4333-b8f9-8bbfe03536b7.json,4 × 32 KB Instruction + 4 × 32 KB Data (256 KB total),1,8,0,0,4,0,Coffee Lake,0,0,4,4,B0759FWJDK,,https://www.intel.com/content/www/us/en/products/sku/126689/intel-core-i38350k-processor-8m-cache-4-00-ghz/specifications.html,N82E16819117823,685920652,,BX80684I38350K,Coffee Lake,True,True,350,1150,Intel UHD Graphics 630,192,14 nm,2,64,DDR4,Boxed,0,False,91
a9fc2c82-bbfc-4267-bcd6-2bcefbd5a033,AMD Ryzen 5 1500X,AMD,Ryzen 5 1000,1500X,2017,Ryzen 5 1000,AM4,a9fc2c82-bbfc-4267-bcd6-2bcefbd5a033.json,4 × (32 KB Data + 64 KB Instruction) = 384 KB total,2,16,0,0,3.5,3.7,Summit Ridge,0,0,8,4,B06XKVNRSM,,https://www.amd.com/en/support/downloads/drivers.html/processors/ryzen/ryzen-1000-series/amd-ryzen-5-1500x.html,N82E16819113436,965872061,,YD150XBBAEBOX | 116737,Zen,False,True,0,0,,0,14 nm,2,64,DDR4,Boxed,0,True,65
aa55c16e-e71e-45f9-a1ba-b11d9056b691,Intel Core i7 4790K,Intel,Core i7 4000,4790K,2014,Core i7 4000,LGA 1150,aa55c16e-e71e-45f9-a1ba-b11d9056b691.json,"32 KB I-cache + 32 KB D-cache per core (4 cores, 256 KB total)",1,8,0,0,4,4.4,Haswell Refresh,0,0,8,4,B00KPRWAX8,,https://www.intel.com/content/www/us/en/products/sku/80807/intel-core-i74790k-processor-8m-cache-up-to-4-40-ghz/specifications.html,N82E16819117369,39363188,,BX80646I74790K,Haswell,False,True,350,1250,Intel HD Graphics 4600,160,22 nm,2,32,DDR3,Boxed,0,True,88
aacfe6be-24a9-453c-b20e-983cee9d748c,Intel Xeon E3-1225 v6 OEM/Tray,Intel,Xeon E3 1200 v6,1225 v6,2017,Xeon E3 1200 v6,LGA 1151,aacfe6be-24a9-453c-b20e-983cee9d748c.json,4 × 32 KB Instruction + 4 × 32 KB Data (256 KB total),1,8,0,0,3.3,3.7,Kaby Lake-S,0,0,4,4,B06Y418X7B,,https://www.intel.com/content/www/us/en/products/sku/97476/intel-xeon-processor-e31225-v6-8m-cache-3-30-ghz/specifications.html,9SIC3VHKU66962,,,CM8067702871024,Kaby Lake,True,False,350,1150,Intel HD Graphics P630,192,14 nm,2,64,DDR3 | DDR4,OEM/Tray,0,False,73
aad5b799-7f73-4eee-aad0-8de1cd9d111e,AMD A10-7800,AMD,A-Series A10 7000,7800,2014,A-Series A10 7000,FM2+,aad5b799-7f73-4eee-aad0-8de1cd9d111e.json,2 × 96 KB Instruction + 4 × 16 KB Data (256 KB total),4,0,0,0,3.5,3.9,Kaveri,0,0,4,4,B00LM5PDBS,,https://www.amd.com/en/support/downloads/drivers.html/processors/a-series/a10-series-apu-for-desktops/a10-7800-with-radeon-r7-series.html,N82E16819113372,145200291,,AD7800YBJABOX,Steamroller,False,True,0,720,AMD Radeon R7 Graphics,512,28 nm,2,64,DDR3,Boxed,0,False,65
aae12377-27f2-4a1d-89fc-c86e3556e79e,Intel Core i5 7500,Intel,Core i5 7000,7500,2017,Core i5 7000,LGA 1151,aae12377-27f2-4a1d-89fc-c86e3556e79e.json,256 KB total (4 cores × 32 KB Instruction + 32 KB Data per core),1,6,0,0,3.4,3.8,Kaby Lake,0,0,4,4,B01MZZJ1P0,,https://www.intel.com/content/www/us/en/products/sku/97123/intel-core-i57500-processor-6m-cache-up-to-3-80-ghz/specifications.html,N82E16819117730,,,BX80677I57500,Kaby Lake,False,True,350,1100,Intel HD Graphics 630,192,14 nm,2,64,DDR4 | DDR3,Boxed,0,False,65
ab2ec942-57d3-436a-b041-30103c882842,AMD Ryzen 7 7700,AMD,Ryzen 7 7000,7700,2023,Ryzen 7 7000,AM5,ab2ec942-57d3-436a-b041-30103c882842.json,512 KB (8 x 64 KB),8,32,0,0,3.8,5.3,Raphael,0,0,16,8,B0C3T39N6P,,https://www.amd.com/en/products/processors/desktops/ryzen/7000-series/amd-ryzen-7-7700.html,,2077352031,,100-000000592,Zen 4,True,True,400,2200,AMD Radeon,128,"TSMC 5nm FinFET, TSMC 6nm FinFET",2,128,DDR5,OEM/Tray,88,True,65
ab4fadad-e3a1-41ff-82fd-e16e5af8a324,AMD Ryzen 7 7700,AMD,Ryzen 7 7000,7700,2023,Ryzen 7 7000,AM5,ab4fadad-e3a1-41ff-82fd-e16e5af8a324.json,64KB per core (32KB Instruction + 32KB Data),8,32,0,0,3.8,5.3,Raphael,0,0,16,8,B0BMQHSCVF,6530447,https://www.amd.com/en/products/processors/desktops/ryzen/7000-series/amd-ryzen-7-7700.html,N82E16819113786,2207938977,,100-100000592BOX | 100-00000592BOX,Zen 4,True,True,400,2200,AMD Radeon Graphics,128,"TSMC 5nm FinFET, TSMC 6nm FinFET",2,128,DDR5,Boxed,88,True,65
ab615c47-1702-4853-8ebb-f4879f693a9a,Intel Xeon E3-1270 v3 OEM/Tray,Intel,Xeon E3 1200 v3,1270 v3,2013,Xeon E3 1200 v3,LGA 1150,ab615c47-1702-4853-8ebb-f4879f693a9a.json,4 × 32 KB Instruction + 4 × 32 KB Data (256 KB total),1,8,0,0,3.5,3.9,Haswell-WS,0,0,8,4,B0DHV3NVZD,,https://www.intel.com/content/www/us/en/products/sku/75056/intel-xeon-processor-e31270-v3-8m-cache-3-50-ghz/specifications.html,N82E16819117453,,,CM8064601467101,Haswell,True,False,0,0,,0,22 nm,2,32,DDR3,OEM/Tray,0,True,80
ab6f4801-06f7-4d96-a9f4-0a84de527f54,AMD Ryzen 7 3800XT,AMD,Ryzen 7 3000,3800XT,2020,Ryzen 7 3000,AM4,ab6f4801-06f7-4d96-a9f4-0a84de527f54.json,8 × 32 KB Instruction + 8 × 32 KB Data (512 KB total),4,32,0,0,3.9,4.7,Matisse 2,0,0,16,8,B089WCXZJC,6422511,https://www.amd.com/en/support/downloads/drivers.html/processors/ryzen/ryzen-3000-series/amd-ryzen-7-3800xt.html,N82E16819113652,,,AMD Ryzen 7 3800XT | 100-100000279WOF,Zen 2,False,False,0,0,,0,TSMC 7nm FinFET,2,128,DDR4,Boxed,142,True,105
ab9e5786-c671-4a4f-a240-e911e0bfbed6,AMD Ryzen 7 PRO 4750G,AMD,Ryzen 7 4000,4750G,2020,Ryzen 7 4000,AM4,ab9e5786-c671-4a4f-a240-e911e0bfbed6.json,8 × 32 KB Instruction + 8 × 32 KB Data (512 KB total),4,8,0,0,3.6,4.4,Renoir,0,0,16,8,B08XYTM5QS,,https://www.amd.com/en/support/downloads/drivers.html/processors/ryzen-pro/ryzen-pro-4000-series/amd-ryzen-7-pro-4750g.html,,,,100-100000145MPK,Zen 2,True,True,0,2100,AMD Radeon Graphics,512,TSMC 7nm FinFET,2,128,DDR4,Boxed,88,True,65
abb105be-38f4-44d8-a670-c6e93935b938,Intel Core i7 6800K OEM/Tray,Intel,Core i7 6000,6800K,2016,Core i7 6000,LGA 2011-3,abb105be-38f4-44d8-a670-c6e93935b938.json,6 × 32 KB Instruction + 6 × 32 KB Data (384 KB total),1.5,15,0,0,3.4,3.8,Broadwell-E,0,0,12,6,B01GILRYYE,,https://www.intel.com/content/www/us/en/products/sku/94189/intel-core-i76800k-processor-15m-cache-up-to-3-60-ghz/specifications.html,,52364227,,CM8067102056201,Broadwell E,False,False,0,0,,0,14 nm,4,128,DDR4,OEM/Tray,0,True,140
abbabb54-67d1-46f3-b43e-6ca80c844001,Intel Core i5 9400F OEM/Tray,Intel,Core i5 9000,9400F,2019,Core i5 9000,LGA 1151,abbabb54-67d1-46f3-b43e-6ca80c844001.json,6 × 32 KB Instruction + 6 × 32 KB Data (384 KB total),1.5,9,0,0,2.9,4.1,Coffee Lake Refresh,0,0,6,6,B07MRCGQQ4,,https://www.intel.com/content/www/us/en/products/sku/190883/intel-core-i59400f-processor-9m-cache-up-to-4-10-ghz/specifications.html,N82E16819117982,1033330858,,CM8068403358819,Coffee Lake,False,False,0,0,,0,14 nm,2,128,DDR4,OEM/Tray,0,False,65
ac833b07-53eb-4d59-8be5-bcd20ad26e79,AMD Ryzen 5 8600G,AMD,Ryzen 5 8000,8600G,2024,Ryzen 5 8000,AM5,ac833b07-53eb-4d59-8be5-bcd20ad26e79.json,64KB per core (32KB Instruction + 48KB Data),6,16,0,0,4.3,5,Phoenix,0,0,12,6,B0CQ4GYTTX,,https://www.amd.com/en/products/processors/desktops/ryzen/8000-series/amd-ryzen-5-8600g.html,N82E16819113814,5295336778,,100-100001237BOX | AMD Ryzen™ 5 8600G | Ryzen 5 8600G | 100100001237BOX,Zen 4,False,True,,2800,AMD Radeon 760M,512,TSMC 4nm FinFET,2,256,DDR5,Boxed,88,True,65
accc32b4-39ce-4bdb-9d71-680dfe3c14f8,AMD FX-9590,AMD,FX 9000,9590,2013,FX 9000,AM3+,accc32b4-39ce-4bdb-9d71-680dfe3c14f8.json,4 × 64 KB Instruction + 8 × 16 KB Data (384 KB total),8,8,0,0,4.7,5,Vishera,0,0,8,8,,,,N82E16819113347,39116017,,FD9590FHHKWOX,Piledriver,True,True,0,0,,0,32 nm,2,64,DDR3,Boxed,0,False,220
ace4672b-d3d9-4695-bac3-d76b4283cf3a,AMD Ryzen Threadripper 2990WX,AMD,Ryzen Threadripper 2000,2990WX,2018,Ryzen Threadripper 2000,sTR4,ace4672b-d3d9-4695-bac3-d76b4283cf3a.json,32 × 64 KB Instruction + 32 × 32 KB Data (3072 KB total),16,64,0,0,3,4.2,Colfax,0,0,64,32,B07G25SD1P,,https://www.amd.com/en/support/downloads/drivers.html/processors/ryzen-threadripper/ryzen-threadripper-2000-series/amd-ryzen-threadripper-2990wx.html,N82E16819113541,511419014,,YD299XAZAFWOF,Zen+,True,False,0,0,,0,12 nm,4,2048,DDR4,Boxed,0,True,250
acea06d7-82cb-496f-9ee6-172c9105d86a,Intel Core i5 8500 OEM/Tray,Intel,Core i5 8000,8500,2018,Core i5 8000,LGA 1151,acea06d7-82cb-496f-9ee6-172c9105d86a.json,6 × 32 KB Instruction + 6 × 32 KB Data (384 KB total),1.5,9,0,0,3,4.1,Coffee Lake,0,0,6,6,B07BZ2SSNF,,https://www.intel.com/content/www/us/en/products/sku/129939/intel-core-i58500-processor-9m-cache-up-to-4-10-ghz/specifications.html,N82E16819117882,1429031814,,CM8068403362607,Coffee Lake,False,False,350,1100,Intel UHD Graphics 630,192,14 nm,2,128,DDR4,OEM/Tray,0,False,65
ad06f564-5ce6-4b63-89bf-ea3d1bac569d,Intel Core i3 10305,Intel,Core i3 10000,10305,2021,Core i3 10000,LGA 1200,ad06f564-5ce6-4b63-89bf-ea3d1bac569d.json,4 × 32 KB Instruction + 4 × 32 KB Data (256 KB total),1,8,0,0,3.8,4.5,Comet Lake-R,0,0,8,4,B093BMJ16V,,https://www.intel.com/content/www/us/en/products/sku/201893/intel-core-i310305-processor-8m-cache-up-to-4-50-ghz/specifications.html,N82E16819118247,492019747,,BX8070110305,Comet Lake,False,False,350,1150,Intel UHD Graphics 630,192,14 nm,2,128,DDR4,Boxed,0,True,65
ad2f57e1-6be7-4064-a331-412256955e97,AMD Ryzen Threadripper 1950X,AMD,Ryzen Threadripper 1000,1950X,2017,Ryzen Threadripper 1000,sTR4,ad2f57e1-6be7-4064-a331-412256955e97.json,16 × 64 KB Instruction + 16 × 32 KB Data (1536 KB total),8,32,0,0,3.4,4,Whitehaven,0,0,32,16,B074CBH3R4,,https://www.amd.com/en/support/downloads/drivers.html/processors/ryzen-threadripper/ryzen-threadripper-1000-series/amd-ryzen-threadripper-1950x.html,N82E16819113447R,741472132,,YD195XA8AEWOF,Zen,False,False,0,0,,0,14 nm,4,1024,DDR4,Boxed,0,True,180
ad3ca29b-9c97-48fc-83fc-e24f00e2b6df,Intel Xeon E 2246G 3.6 GHz 6-Core LGA1151 OEM/Tray,Intel,Intel Xeon E,,,Intel Xeon E,LGA 1151,ad3ca29b-9c97-48fc-83fc-e24f00e2b6df.json,,5,12,,,3.6,4.8,Coffee Lake Refresh,,6,12,6,,,,,,,CM8068404227903,Coffee Lake Refresh,True,False,,,Intel HD Graphics P630,,14 nm,,128,,OEM/Tray,,True,80
ad46c8d7-41a5-44a7-a89a-3bab491e25c3,Intel Core i7 9700F,Intel,Core i7 9000,9700F,2019,Core i7 9000,LGA 1151,ad46c8d7-41a5-44a7-a89a-3bab491e25c3.json,512 KB total (8 cores × 32 KB Instruction + 32 KB Data per core),2,12,0,0,3,4.7,Coffee Lake Refresh,0,0,8,8,B07S8DWXT3,,https://www.intel.com/content/www/us/en/products/sku/193738/intel-core-i79700f-processor-12m-cache-up-to-4-70-ghz/specifications.html,N82E16819118058,610828040,,BX80684I79700F,Coffee Lake Refresh,False,True,0,0,,0,14 nm,2,128,DDR4,Boxed,0,False,65
ad4d37df-831c-4272-a8f2-3a32615a1bf6,Intel Core i7 8700,Intel,Core i7 8000,8700,2017,Core i7 8000,LGA 1151,ad4d37df-831c-4272-a8f2-3a32615a1bf6.json,6 × 32 KB Instruction + 6 × 32 KB Data (384 KB total),1.5,12,0,0,3.2,4.6,Coffee Lake,0,0,12,6,B07598HLB4,,https://www.intel.com/content/www/us/en/products/sku/126686/intel-core-i78700-processor-12m-cache-up-to-4-60-ghz/specifications.html,9SIAM4SHPD6889,377720492,,BX80684I78700,Coffee Lake,False,True,350,1200,Intel UHD Graphics 630,192,14 nm,2,128,DDR4,Boxed,0,True,65
ad4d4d76-63fc-47a4-b88a-01280d59bb9d,AMD FX 8140 OEM/Tray,AMD,FX 8000,8140,2012,FX 8000,AM3+,ad4d4d76-63fc-47a4-b88a-01280d59bb9d.json,4 × 64 KB Instruction + 8 × 16 KB Data (384 KB total),8,8,0,0,3.2,4.1,Zambezi,0,0,8,8,B0DF25GVYY,,https://www.techpowerup.com/cpu-specs/fx-8140.c1203,,,,FD8140WMW8KGU,Bulldozer,False,False,0,0,,0,32 nm,2,32,DDR3,OEM/Tray,0,False,95
ad7033fb-9b2b-4a2a-9668-8c892e141feb,Intel Xeon E 2136 OEM/Tray,Intel,Xeon E 2100,2136,2018,Xeon E 2100,LGA 1151,ad7033fb-9b2b-4a2a-9668-8c892e141feb.json,6 × 32 KB Instruction + 6 × 32 KB Data (384 KB total),1.5,12,0,0,3.3,4.5,Coffee Lake-S WS,0,0,12,6,B07KHNNQWZ,,https://www.intel.com/content/www/us/en/products/sku/134857/intel-xeon-e2136-processor-12m-cache-up-to-4-50-ghz/specifications.html,,160928828,,CM8068403654318,Coffee Lake,True,False,0,0,,0,14 nm,2,128,DDR4,OEM/Tray,0,True,80
adc4a3fa-6770-4561-9432-f5c105eedb5e,Intel Pentium Gold G5600,Intel,Pentium Gold G5000,G5600,2018,Pentium Gold G5000,LGA 1151,adc4a3fa-6770-4561-9432-f5c105eedb5e.json,2 × 32 KB Instruction + 2 × 32 KB Data (128 KB total),0.5,4,0,0,3.9,0,Coffee Lake,0,0,4,2,B0793GW74J,,https://www.intel.com/content/www/us/en/products/sku/129945/intel-pentium-gold-g5600-processor-4m-cache-3-90-ghz/specifications.html,N82E16819117879,298239854,,BX80684G5600,Coffee Lake,True,True,350,1100,Intel UHD Graphics 630,192,14 nm,2,64,DDR4,Boxed,0,True,54
adddbc6a-7456-41c0-b5fd-2aa326c284b6,Intel Xeon E5-4620,Intel,Xeon E5-4600,E5-4620,2012,Xeon E5-4600,LGA 2011,adddbc6a-7456-41c0-b5fd-2aa326c284b6.json,8 × 32 KB Instruction + 8 × 32 KB Data (512 KB total),2,16,0,0,2.2,2.6,Sandy Bridge-EP,0,0,16,8,B0085SEF1E,,https://www.intel.com/content/www/us/en/products/sku/64607/intel-xeon-processor-e54620-16m-cache-2-20-ghz-7-20-gts-intel-qpi/specifications.html,,44610255,,BX80621E54620,Sandy Bridge EP,True,False,0,0,,0,32 nm,4,384,DDR3,Boxed,0,True,95
ae3450ca-6510-47c6-bb10-3d40dd861263,Intel Core i5 7400T,Intel,Core i5 7000,7400T,2017,Core i5 7000,LGA 1151,ae3450ca-6510-47c6-bb10-3d40dd861263.json,4 × 32 KB Instruction + 4 × 32 KB Data (256 KB total),1,6,0,0,2.4,3,Kaby Lake,0,0,4,4,B01MZ9GJ1N,,https://www.intel.com/content/www/us/en/products/sku/97184/intel-core-i57400t-processor-6m-cache-up-to-3-00-ghz/specifications.html,,119689732,,BXC80677I57400T,Kaby Lake,False,True,350,1000,Intel HD Graphics 630,192,14 nm,2,64,DDR3 | DDR4,Boxed,0,False,35
ae53c927-1b48-4f59-86d7-47443af1fbc1,Intel Core i5-8600K OEM/Tray,Intel,Core i5 8000,8600K,2017,Core i5 8000,LGA 1151,ae53c927-1b48-4f59-86d7-47443af1fbc1.json,6 × 32 KB Instruction + 6 × 32 KB Data (384 KB total),1.5,9,0,0,3.6,4.3,Coffee Lake,0,0,6,6,B0D29212QL,,https://www.intel.com/content/www/us/en/products/sku/126685/intel-core-i58600k-processor-9m-cache-up-to-4-30-ghz/specifications.html,9SIBZW0KFT6218,358420321,,CM8068403358508,Coffee Lake,False,False,350,1150,Intel UHD Graphics 630,192,14 nm,2,128,DDR4,OEM/Tray,0,False,95
ae9507b0-cdbc-489b-b39a-46b12687d53d,Intel Core i5 6400,Intel,Core i5 6000,6400,2015,Core i5 6000,LGA 1151,ae9507b0-cdbc-489b-b39a-46b12687d53d.json,256 KB (4×32 KB L1D + 4×32 KB L1I),1,6,0,0,2.7,3.3,Skylake,0,0,4,4,B010T6CG7E,,https://www.intel.com/content/www/us/en/products/sku/88185/intel-core-i56400-processor-6m-cache-up-to-3-30-ghz/specifications.html,,3421349764,,CM8066201920506 | BX80662I56400,Skylake,False,False,350,950,Intel HD Graphics 530,192,14 nm,2,64,DDR4 | DDR3,OEM/Tray,0,False,65
aeecd375-1ad6-4931-aaf1-f1073687a711,Intel Xeon E5-2630 v4,Intel,Xeon E5 2600 v4,E5-2630 v4,2012,Xeon E5 2600 v4,LGA 2011,aeecd375-1ad6-4931-aaf1-f1073687a711.json,10 × 32 KB Instruction + 10 × 32 KB Data (640 KB total),2.5,25,0,0,2.2,3.1,Broadwell-EP,0,0,20,10,B01D5AGOE2,,https://www.intel.com/content/www/us/en/products/sku/92981/intel-xeon-processor-e52630-v4-25m-cache-2-20-ghz/specifications.html,N82E16819117630,174645342,,BX80660E52630V4,Broadwell,True,False,0,0,,0,14 nm,4,1536,DDR4,Boxed,0,True,85
af402682-92b0-4c17-9228-19b9b5c6dcdd,Intel Core i5 14400,Intel,Core i5 14000,14400,2024,Core i5 14000,LGA 1700,af402682-92b0-4c17-9228-19b9b5c6dcdd.json,"80KB per P-core, 96KB per E-core",9.5,20,1.8,3.5,2.5,4.7,Raptor Cove / Gracemont,4,6,16,10,B0CQ1M1YXM,,https://www.intel.com/content/www/us/en/products/sku/236788/intel-core-i5-processor-14400-20m-cache-up-to-4-70-ghz/specifications.html,N82E16819118480,5319158082,,BX8071514400 | 14400,Raptor Lake Refresh,False,True,300,1.55,Intel UHD Graphics 730,192,Intel 7,2,192,DDR5 | DDR4,Boxed,148,True,65
af8ed8d9-6678-4f1b-a6f1-1e0a75821f57,AMD Ryzen 7 5800XT,AMD,Ryzen 7 5000,5800XT,2024,Ryzen 7 5000,AM4,af8ed8d9-6678-4f1b-a6f1-1e0a75821f57.json,8 × 64 KB (32 KB I-cache + 32 KB D-cache),4,32,0,0,3.8,4.8,Vermeer,0,0,16,8,B0D6NNDQ92,6589129,https://www.amd.com/en/products/processors/desktops/ryzen/5000-series/amd-ryzen-7-5800xt.html,N82E16819113846,8863357442,,100-100001582BOX | AMD Ryzen™ 7 5800XT | 100100001582BOX,Zen 3,False,False,0,0,,0,"TSMC 7nm FinFET, 12nm (Globalfoundries)",2,128,DDR4,Boxed,142,True,105
b096b381-c81d-46bc-b2f7-ec0f8a600bf1,Intel Xeon E5 2637 V3 OEM/Tray 3.5 GHz 4-Core LGA2011-3,Intel,Intel Xeon E5,,,Intel Xeon E5,LGA 2011-3,b096b381-c81d-46bc-b2f7-ec0f8a600bf1.json,,1,15,,,3.5,3.7,Haswell-EP,,4,8,4,,,,,,,CM8064401724101,Haswell,True,False,,,,,22 nm,,0,,OEM/Tray,,True,135
b0ff6516-30cb-42fa-a1df-cb23c9029448,Intel Core i7 4790S,Intel,Core i7 4000,4790S,2014,Core i7 4000,LGA 1150,b0ff6516-30cb-42fa-a1df-cb23c9029448.json,4 × 32 KB Instruction + 4 × 32 KB Data (256 KB total),1,8,0,0,3.2,4,Haswell,0,0,8,4,B00J6F5LR2,,https://www.intel.com/content/www/us/en/products/sku/80808/intel-core-i74790s-processor-8m-cache-up-to-4-00-ghz/specifications.html,N82E16819116988,39105828,,BX80646I74790S,Haswell,False,True,350,1200,Intel HD Graphics 4600,160,22 nm,2,32,DDR3,Boxed,0,True,65
b118e697-2205-4c0c-b124-5aa24e9adc33,Intel Core i5 7600 OEM/Tray,Intel,Core i5 7000,7600,2017,Core i5 7000,LGA 1151,b118e697-2205-4c0c-b124-5aa24e9adc33.json,4 × 32 KB Instruction + 4 × 32 KB Data (256 KB total),1,6,0,0,3.5,4.1,Kaby Lake,0,0,4,4,B06XQ4KP9J,,https://www.intel.com/content/www/us/en/products/sku/97150/intel-core-i57600-processor-6m-cache-up-to-4-10-ghz/specifications.html,9SIBZW0KFS7406,,,CM8067702868011,Kaby Lake,False,False,350,1150,Intel HD Graphics 630,192,14 nm,2,64,DDR4 | DDR3,OEM/Tray,0,False,65
b16f5647-6509-42e3-ac3f-3f86e8d21e05,Intel Core i5 6600,Intel,Core i5 6000,6600,2015,Core i5 6000,LGA 1151,b16f5647-6509-42e3-ac3f-3f86e8d21e05.json,256 KB (4×32 KB L1 Data + 4×32 KB L1 Instruction),1,6,0,0,3.3,3.9,Skylake,0,0,4,4,B010T6D39O,,,N82E16819117562,,,CM8066201920401 | BX80662I56600,Skylake,False,False,350,1150,Intel HD Graphics 530,192,14 nm,2,64,DDR4 | DDR3,OEM/Tray,0,False,65
b1b42049-0a9c-431b-a545-9deefbbefc6f,Intel Core i3 10105F,Intel,Core i3 10000,10105F,2021,Core i3 10000,LGA 1200,b1b42049-0a9c-431b-a545-9deefbbefc6f.json,256 KB (4×32 KB L1 Data + 4×32 KB L1 Instruction),1,6,0,0,3.7,4.4,Comet Lake,0,0,8,4,B092CCJ2GZ,,https://www.intel.com/content/www/us/en/products/sku/203474/intel-core-i310105f-processor-6m-cache-up-to-4-40-ghz/specifications.html,N82E16819118249,482512405,,BX8070110105F | 5091902,Comet Lake,False,True,0,0,,0,14 nm,2,128,DDR4,Boxed,0,True,65
b202d601-c009-46b0-9218-c6090c8403d0,Intel Core i7 4790,Intel,Core i7 4000,4790,2014,Core i7 4000,LGA 1150,b202d601-c009-46b0-9218-c6090c8403d0.json,4 × (32 KB Data + 32 KB Instruction) = 256 KB total,1,8,0,0,3.6,4,Haswell,0,0,8,4,B00KASFZTI,,https://www.intel.com/content/www/us/en/products/sku/80806/intel-core-i74790-processor-8m-cache-up-to-4-00-ghz/specifications.html,,,,CM8064601560113,Haswell Refresh,False,False,350,1200,Intel HD Graphics 4600,160,22 nm,2,32,DDR3,OEM/Tray,0,True,84
b20e3cca-2a76-407d-9a2b-a8d191215899,Intel Core i5 13400,Intel,Core i5 13000,13400,2023,Core i5 13000,LGA 1700,b20e3cca-2a76-407d-9a2b-a8d191215899.json,6 × 80 KB + 4 × 64 KB (L1 per-core totals),9.5,20,1.8,3.3,2.5,4.6,Raptor Cove / Gracemont,4,6,16,10,B0BQ68QB6R,6530250,https://www.intel.com/content/www/us/en/products/sku/230495/intel-core-i513400-processor-20m-cache-up-to-4-60-ghz/specifications.html,N82E16819118430,2957629951,,BX8071513400,Raptor Lake,False,True,300,1550,Intel UHD Graphics 730,192,Intel 7,2,192,DDR5 | DDR4,Boxed,148,True,65
b37f76e3-9f60-4f99-a71e-468bcfe93058,Intel Xeon E5-2680 v2,Intel,Xeon E5 2600 v2,2680 v2,2013,Xeon E5 2600 v2,LGA 2011,b37f76e3-9f60-4f99-a71e-468bcfe93058.json,10 × 32 KB Instruction + 10 × 32 KB Data (640 KB total),2.5,25,0,0,2.8,3.6,Ivy Bridge-EP,0,0,20,10,B00F29WN4U,,https://www.intel.com/content/www/us/en/products/sku/75277/intel-xeon-processor-e52680-v2-25m-cache-2-80-ghz/specifications.html,,,,BX80635E52680V2 | INT-BX80635E52680V2,Ivy Bridge EP,True,False,0,0,,0,22 nm,4,768,DDR3,Boxed,0,True,115
b3b4fd2c-5a52-4eb6-9167-8b54e778934e,AMD Ryzen 3 3200G OEM/Tray,AMD,Ryzen 3 3000,3200G,2019,Ryzen 3 3000,AM4,b3b4fd2c-5a52-4eb6-9167-8b54e778934e.json,4 × 64 KB Instruction + 4 × 32 KB Data (384 KB total),2,4,0,0,3.6,4,Picasso,0,0,4,4,,,https://www.amd.com/en/support/downloads/drivers.html/processors/ryzen/ryzen-3000-series/amd-ryzen-3-3200g.html,N82E16819113578,,,YD3200C5M4MFH,Zen+,False,False,0,1250,AMD Radeon Vega 8 Graphics,512,12nm FinFET,2,64,DDR4,OEM/Tray,0,False,65
b3e699b9-ffb8-4244-9aa2-c5c1c10d5ec3,Intel Xeon E 2288G OEM/Tray,Intel,Xeon E 2200,2288G,2019,Xeon E 2200,LGA 1151,b3e699b9-ffb8-4244-9aa2-c5c1c10d5ec3.json,8 × 32 KB Instruction + 8 × 32 KB Data (512 KB total),2,16,0,0,3.7,5,Coffee Lake-S WS,0,0,16,8,B0866CWXGL,,https://www.intel.com/content/www/us/en/products/sku/193743/intel-xeon-e2288g-processor-16m-cache-3-70-ghz/specifications.html,9SIA88FJS12086,,,CM8068404224102,Coffee Lake,True,False,350,1200,Intel HD Graphics P630,192,14 nm,2,128,DDR4,OEM/Tray,0,True,95
b3e855a0-64fe-48fc-88fb-0898e4deb440,Intel Xeon E5-2697 v4,Intel,Xeon E5 2600 v4,2697 v4,2016,Xeon E5 2600 v4,LGA 2011-3,b3e855a0-64fe-48fc-88fb-0898e4deb440.json,18 × 32 KB Instruction + 18 × 32 KB Data (1152 KB total),4.5,45,0,0,2.3,3.6,Broadwell-EP,0,0,36,18,B01DTYQIN6,,https://www.intel.com/content/www/us/en/products/sku/91755/intel-xeon-processor-e52697-v4-45m-cache-2-30-ghz/specifications.html,2HE-000B-003S5,,,BX80660E52697V4 | SR2JV,Broadwell,True,False,0,0,,0,14 nm,4,1536,DDR4,Boxed,0,True,145
b40dd0a7-820e-4e05-b51b-a149e5572ff9,AMD Ryzen Threadripper PRO 7955WX,AMD,Threadripper PRO 7000,7955WX,2023,Threadripper PRO 7000,sTR5,b40dd0a7-820e-4e05-b51b-a149e5572ff9.json,1 MB (16 × 32 KB Data + 16 × 32 KB Instruction),16,64,0,0,4.5,5.3,Storm Peak,0,0,32,16,B0H5M554W4,12369767,https://www.amd.com/en/support/downloads/drivers.html/processors/ryzen-threadripper-pro/amd-ryzen-threadripper-pro-7000-wx-series/amd-ryzen-threadripper-pro-7955wx.html,9SIA0ZXKSZ3845,5087737980,,100-100000886WOF,Zen 4,True,False,0,0,,0,"TSMC 5nm FinFET, TSMC 6nm FinFET",8,2048,DDR5,Boxed,0,True,350
b41a8d44-f02d-41b5-aedb-f267b0450a23,Intel Core i9-9940X OEM/Tray,Intel,Core i9 9000,9940X,2018,Core i9 9000,LGA 2066,b41a8d44-f02d-41b5-aedb-f267b0450a23.json,14 × 32 KB Instruction + 14 × 32 KB Data (896 KB total),14,19.25,0,0,3.3,4.5,Skylake-X,0,0,28,14,B07LB3MLBL,,https://www.intel.com/content/www/us/en/products/sku/189125/intel-core-i99940x-xseries-processor-19-25m-cache-up-to-4-50-ghz/specifications.html,N82E16819117964,,,CD8067304175600,Skylake,False,False,0,0,,0,14 nm,4,128,DDR4,OEM/Tray,0,True,165
b45ae860-da73-4917-b3ab-82f3f5fb4088,AMD FX FX 8370E 3.3 GHz 8-Core AM3+ OEM/Tray,AMD,AMD FX,,,AMD FX,AM3+,b45ae860-da73-4917-b3ab-82f3f5fb4088.json,,8,8,,,3.3,4.3,Vishera,,8,8,8,,,,,,,FD837EWMW8KHK,Piledriver,False,False,,,,,32 nm,,0,,OEM/Tray,,False,95
b47b7945-792d-4d3f-82c8-e4852a1738c3,AMD Ryzen Threadripper 2950X,AMD,Ryzen Threadripper 2000,2950X,2018,Ryzen Threadripper 2000,sTR4,b47b7945-792d-4d3f-82c8-e4852a1738c3.json,16 × 64 KB Instruction + 16 × 32 KB Data (1536 KB total),8,32,0,0,3.5,4.4,Colfax,0,0,32,16,B07GFN6CVF,,https://www.amd.com/en/support/downloads/drivers.html/processors/ryzen-threadripper/ryzen-threadripper-2000-series/amd-ryzen-threadripper-2950x.html,N82E16819113542,465673464,,YD295XA8AFWOF,Zen+,False,False,0,0,,0,12 nm,4,2048,DDR4,Boxed,0,True,180
b4ae2fc5-129a-4af3-82f3-77f01bfb9e29,Intel Xeon E-2174G,Intel,Xeon E 2100,2174G,2018,Xeon E 2100,LGA 1151,b4ae2fc5-129a-4af3-82f3-77f01bfb9e29.json,4 × 32 KB Instruction + 4 × 32 KB Data (256 KB total),1,8,0,0,3.8,4.7,Coffee Lake,0,0,8,4,B07KYX5416,,https://www.intel.com/content/www/us/en/products/sku/134864/intel-xeon-e2174g-processor-8m-cache-up-to-4-70-ghz/specifications.html,,458799359,,CM8068403654221,Coffee Lake,True,False,350,1200,Intel HD Graphics P630,192,14 nm,2,128,DDR4,OEM/Tray,0,True,71
b512a75c-37dc-4f6a-88b1-e6ab35f2256d,Intel Xeon E3-1220 v5,Intel,Xeon E3 1200 v5,1220 v5,2015,Xeon E3 1200 v5,LGA 1151,b512a75c-37dc-4f6a-88b1-e6ab35f2256d.json,4 × 32 KB Instruction + 4 × 32 KB Data (256 KB total),1,8,0,0,3,3.5,Skylake-DT,0,0,4,4,B01740QQHE,,https://www.intel.com/content/www/us/en/products/sku/88172/intel-xeon-processor-e31220-v5-8m-cache-3-00-ghz/specifications.html,9SIC025KVK4481,47932551,,BX80662E31220V5,Skylake,True,False,0,0,,0,14 nm,2,64,DDR4 | DDR3,Boxed,0,False,80
b5af1355-01e2-44a3-8708-5f488001b29e,AMD Ryzen 5 1400,AMD,Ryzen 5 1000,1400,2017,Ryzen 5 1000,AM4,b5af1355-01e2-44a3-8708-5f488001b29e.json,4 × 64 KB Instruction + 4 × 32 KB Data (384 KB total),2,8,0,0,3.2,3.4,Summit Ridge,0,0,8,4,B06XKWT8J4,,https://www.amd.com/en/support/downloads/drivers.html/processors/ryzen/ryzen-1000-series/amd-ryzen-5-1400.html,N82E16819113437,105316938,,YD1400BBAEBOX,Zen,True,True,0,0,,0,14 nm,2,64,DDR4,Boxed,0,True,65
b5cbaa67-8991-4ab6-9a7c-8fbcb1609861,AMD Ryzen Threadripper PRO 9965WX,AMD,Ryzen Threadripper PRO 9000,9965WX,2025,Ryzen Threadripper PRO 9000,sTR5,b5cbaa67-8991-4ab6-9a7c-8fbcb1609861.json,24 × (32 KB Instruction + 48 KB Data) Cache,24,128,0,0,4.2,5.4,Shimada Peak,0,0,48,24,B0FJ6L3Y66,,https://www.amd.com/en/products/processors/workstations/ryzen-threadripper/9000-wx-series/amd-ryzen-threadripper-pro-9965wx.html,N82E16819113912,17333219352,,Ryzen Threadripper PRO 9965WX | 100-100000724WOF,Zen 5,True,False,0,0,,0,"TSMC 4nm FinFET, TSMC 6nm FinFET",8,2,DDR5,Boxed,0,True,350
b627dda3-f372-4f5d-9a39-e5127bcce49e,AMD A10-7850K,AMD,A10 7000,7850K,2014,A10 7000,FM2+,b627dda3-f372-4f5d-9a39-e5127bcce49e.json,64 KB Instruction per module + 16 KB Data per core (192 KB total),4,0,0,0,3.7,4,Kaveri,0,0,4,4,B00H7Z7YMI,,https://www.amd.com/en/support/downloads/drivers.html/processors/a-series/a10-series-apu-for-desktops/a10-7850k-with-radeon-r7-series.html,N82E16819113359,,,AD785KXBJABOX,Steamroller,False,True,0,720,AMD Radeon R7 Graphics,512,28 nm,2,64,DDR3,Boxed,0,False,95
b64d77f2-654a-4d5a-872f-a85c232900a8,AMD FX 8320E,AMD,FX 8000,8320E,2014,FX 8000,AM3+,b64d77f2-654a-4d5a-872f-a85c232900a8.json,64 KB Instruction per module + 16 KB Data per core (384 KB total),8,8,0,0,3.2,4,Vishera,0,0,8,8,B00MUTWEM6,,,,,,FD832EWMHKBOX | B960925,Piledriver,False,True,0,0,,0,32 nm,2,32,DDR3,Boxed,0,False,95
b6ccf9c4-58e4-4c14-8dbd-82454da31ce8,Intel Xeon E5-2687W v4,Intel,Xeon E5 2600 v4,2687W v4,2016,Xeon E5 2600 v4,LGA 2011-3,b6ccf9c4-58e4-4c14-8dbd-82454da31ce8.json,12 × 32 KB Instruction + 12 × 32 KB Data (768 KB total),3,30,0,0,3,3.5,Broadwell-EP,0,0,24,12,B01CNKF1P8,,https://www.intel.com/content/www/us/en/products/sku/91750/intel-xeon-processor-e52687w-v4-30m-cache-3-00-ghz/specifications.html,N82E16819117633,50615411,,BX80660E52687V4,Broadwell,True,False,0,0,,0,14 nm,4,1536,DDR4,Boxed,0,True,160
b6daa5b6-8e64-438a-8893-274c85715758,Intel Core i5 13600,Intel,Core i5 13000,13600,2023,Core i5 13000,LGA 1700,b6daa5b6-8e64-438a-8893-274c85715758.json,6 × 64 KB Instruction + 6 × 48 KB Data + 8 × 64 KB Instruction + 8 × 32 KB Data (1440 KB total),11.5,24,2,3.7,2.7,5,Raptor Cove,8,6,20,14,,,https://www.intel.com/content/www/us/en/products/sku/230574/intel-core-i513600-processor-24m-cache-up-to-5-00-ghz/specifications.html,,,,BX8071513600,Raptor Lake,False,True,300,1550,Intel UHD Graphics 770,256,Intel 7,2,192,DDR5 | DDR4,Boxed,154,True,65
b6f5b046-0856-4ef3-9689-5d75ddc92608,AMD Ryzen 9 9900X,AMD,Ryzen 9 9000,9900X,2024,Ryzen 9 9000,AM5,b6f5b046-0856-4ef3-9689-5d75ddc92608.json,12 × 64 KB (32 KB I-cache + 32 KB D-cache),12,64,0,0,4.4,5.6,Granite Ridge,0,0,24,12,B0D6NN87T8,6589135,https://www.amd.com/en/products/processors/desktops/ryzen/9000-series/amd-ryzen-9-9900x.html,N82E16819113842,8875755088,,100-100000662WOF | AMD Ryzen™ 9 9900X,Zen 5,True,False,400,2200,AMD Radeon Graphics,0,"TSMC 4nm FinFET, TSMC 6nm FinFET",2,256,DDR5,Boxed,162,True,120
b713ae1d-0b74-49a5-866d-808a684ddb4b,AMD A 6 7470K 3.7 GHz 2-Core FM2+,AMD,AMD A6,,,AMD A6,FM2+,b713ae1d-0b74-49a5-866d-808a684ddb4b.json,,1,0,,,3.7,4,Godavari,,2,2,2,,,,,,,AD747KYBJCBOX,Steamroller,False,True,,,AMD Radeon R5 (on-die),,28 nm,,0,,Boxed,,False,65
b733dd80-4683-45fa-9047-844eebedd6c8,Intel Core i5 7400T,Intel,Core i5 7000,7400T,2017,Core i5 7000,LGA 1151,b733dd80-4683-45fa-9047-844eebedd6c8.json,4 × 32 KB Instruction + 4 × 32 KB Data (256 KB total),1,6,0,0,2.4,3,Kaby Lake,0,0,4,4,B01MZ9GJ1N,,https://www.intel.com/content/www/us/en/products/sku/97184/intel-core-i57400t-processor-6m-cache-up-to-3-00-ghz/specifications.html,,119689732,,BX80677I57400T,Kaby Lake,False,True,350,1000,Intel HD Graphics 630,192,14 nm,2,64,DDR3 | DDR4,Boxed,0,False,35
b7d6999e-97a3-4ca1-b9d4-f266e4d60135,AMD Ryzen 5 8400F,AMD,Ryzen 5 8000,8400F,2024,Ryzen 5 8000,AM5,b7d6999e-97a3-4ca1-b9d4-f266e4d60135.json,6 × 64 KB (32 KB L1I + 32 KB L1D),6,16,0,0,4.2,4.7,Phoenix,0,0,12,6,B0D2JD6P86,,https://www.amd.com/en/products/processors/desktops/ryzen/8000-series/amd-ryzen-5-8400f.html,N82E16819113826,5501146968,,100-100001591BOX | Ryzen™ 5 8400F | AMD Ryzen™ 5 8400F,Zen 4,False,False,0,0,,0,TSMC 4nm FinFET,2,256,DDR5,Boxed,88,True,65
b7e510f1-0c89-4747-b8c1-459041432009,Intel Core i3 9100T OEM/Tray,Intel,Core i3 9000,9100T,2018,Core i3 9000,LGA 1151,b7e510f1-0c89-4747-b8c1-459041432009.json,4 × 32 KB Instruction + 4 × 32 KB Data (256 KB total),1,6,0,0,3.1,3.7,Coffee Lake Refresh,0,0,4,4,,,https://www.intel.com/content/www/us/en/products/sku/134871/intel-core-i39100t-processor-6m-cache-up-to-3-70-ghz/specifications.html,9SIAGBAKCV7285,,,CM8068403377425,Coffee Lake,True,False,350,1100,Intel UHD Graphics 630,192,14 nm,2,64,DDR4,OEM/Tray,0,False,35
b8259316-63cb-41f2-8504-88cd43f69a8e,AMD Ryzen Threadripper PRO 7995WX,AMD,Ryzen Threadripper PRO 7000,7995WX,2023,Ryzen Threadripper PRO 7000,sTR5,b8259316-63cb-41f2-8504-88cd43f69a8e.json,64 KB (32 KB Instruction + 32 KB Data),96,384,0,0,2.5,5.1,Storm Peak,0,0,192,96,B0CK2ZQJZ6,12550420,https://www.amd.com/en/support/downloads/drivers.html/processors/ryzen-threadripper-pro/amd-ryzen-threadripper-pro-7000-wx-series/amd-ryzen-threadripper-pro-7995wx.html,N82E16819113810,5226863590,,100-100000884WOF,Zen 4,True,False,0,0,,0,"TSMC 5nm FinFET, TSMC 6nm FinFET",8,2048,DDR5,Boxed,0,True,350
b8349625-b815-468f-a4dc-32aba8a8f84d,Intel Core i3 10320,Intel,Intel Core i3Core i3 10000,10320,2020,Core i3 10000,LGA 1200,b8349625-b815-468f-a4dc-32aba8a8f84d.json,4 × 32 KB Instruction + 4 × 32 KB Data (256 KB total),1,8,0,0,3.8,4.6,Comet Lake,0,0,8,4,B086M4KSMW,,https://www.intel.com/content/www/us/en/products/sku/199280/intel-core-i310320-processor-8m-cache-up-to-4-60-ghz/specifications.html,N82E16819118136,,,BX8070110320,Comet Lake,False,True,350,1150,Intel UHD Graphics 630,192,14 nm,2,128,DDR4,Boxed,0,True,65
b85e7f24-b42a-49e4-8e50-db62ccaaaff1,Intel Xeon E5 2650L V2 OEM/Tray,Intel,Xeon E5 2600 v2,2650L v2,2013,Xeon E5 2600 v2,LGA 2011,b85e7f24-b42a-49e4-8e50-db62ccaaaff1.json,10 × 32 KB Instruction + 10 × 32 KB Data (640 KB total),2.5,25,0,0,1.7,2.1,Ivy Bridge-EP,0,0,20,10,B00UOL2U1C,,https://www.intel.com/content/www/us/en/products/sku/75270/intel-xeon-processor-e52650l-v2-25m-cache-1-70-ghz/specifications.html,2HE-0008-00252,,,CM8063501287602 | 94Y5275,Ivy Bridge,True,False,0,0,,0,22 nm,4,768,DDR3,OEM/Tray,0,True,70
b89d067d-d88e-4525-9460-6054d5033b4c,Intel Core i9 10850K OEM/Tray,Intel,Core i9 10000,10850K,2020,Core i9 10000,LGA 1200,b89d067d-d88e-4525-9460-6054d5033b4c.json,10 × 32 KB Instruction + 10 × 32 KB Data (640 KB total),2.5,20,0,0,3.6,5.2,Comet Lake,0,0,20,10,B08DRN56BK,,https://www.intel.com/content/www/us/en/products/sku/205904/intel-core-i910850k-processor-20m-cache-up-to-5-20-ghz/specifications.html,N82E16819118177,,,CM8070104608302,Comet Lake,False,False,350,1200,Intel UHD Graphics 630,192,14 nm,2,128,DDR4,OEM/Tray,0,True,125
b93f8e5b-7352-44bc-9a3c-966a3e7cc603,Intel Core i5 3340S,Intel,Core i5 3000,3340S,2013,Core i5 3000,LGA 1155,b93f8e5b-7352-44bc-9a3c-966a3e7cc603.json,4 × 32 KB Instruction + 4 × 32 KB Data (256 KB total),1,6,0,0,2.8,3.3,Ivy Bridge,0,0,4,4,B00EUXRPWY,,https://www.intel.com/content/www/us/en/products/sku/76343/intel-core-i53340s-processor-6m-cache-up-to-3-30-ghz/specifications.html,N82E16819116954,,,BX80637I53340S,Ivy Bridge,False,True,650,1050,Intel HD Graphics 2500,48,22 nm,2,32,DDR3,Boxed,0,False,65
b9d94d66-3b82-42bc-ab7a-e2e14c2e94a7,AMD Ryzen 5 5600GT,AMD,Ryzen 5 5000,5600GT,2024,Ryzen 5 5000,AM4,b9d94d66-3b82-42bc-ab7a-e2e14c2e94a7.json,6 × 64 KB (32 KB I-cache + 32 KB D-cache),3,16,0,0,3.6,4.6,Cezanne,0,0,12,6,B0CQ4DTJYX,,https://www.amd.com/en/support/downloads/drivers.html/processors/ryzen/ryzen-5000-series/amd-ryzen-5-5600gt.html,N82E16819113816,5354511828,,100-100001488BOX | AMD Ryzen™ 5 5600GT | Ryzen 5 5600GT | 100100001488BOX,Zen 3,False,True,0,1900,AMD Radeon Vega 7,448,TSMC 7nm FinFET,2,128,DDR4,Boxed,88,True,65
b9eb8074-bccb-4de8-b65f-8a1d7231d014,Intel Core i7 7740X OEM/Tray,Intel,Core i7 7000,7740X,2017,Core i7 7000,LGA 2066,b9eb8074-bccb-4de8-b65f-8a1d7231d014.json,4 × 32 KB Instruction + 4 × 32 KB Data (256 KB total),1,8,0,0,4.3,4.5,Kaby Lake-X,0,0,8,4,B073VMLJVV,,https://www.intel.com/content/www/us/en/products/sku/121499/intel-core-i77740x-xseries-processor-8m-cache-up-to-4-50-ghz/specifications.html,9SIBZW0KFS7941,,,CM8067702868631,Kaby Lake,False,False,0,0,,0,14 nm,2,64,DDR4,OEM/Tray,0,True,112
ba099e65-8148-4937-aa16-80927792778e,AMD Ryzen 5 7600X3D,AMD,Ryzen 5 7000,7600X3D,2024,Ryzen 5 7000,AM5,ba099e65-8148-4937-aa16-80927792778e.json,6 × 64 KB Instruction + 6 × 32 KB Data (576 KB total),6,96,0,0,4.1,4.7,Raphael,0,0,12,6,B0F9XH8DBP,,https://www.amd.com/en/products/processors/desktops/ryzen/7000-series/amd-ryzen-5-7600x3d.html,9SIC3DRKN77445,16609711257,,100-100001721WOF,Zen 4,True,False,400,2200,AMD Radeon Graphics,128,"TSMC 5nm FinFET, TSMC 6nm FinFET",2,128,DDR5,Boxed,88,True,65
bb1d31e6-d4c2-4385-a58e-ac653ae9c319,Intel Xeon E5-2667 v3,Intel,Xeon E5 2600 v3,E5-2667 v3,2014,Xeon E5 2600 v3,LGA 2011-3,bb1d31e6-d4c2-4385-a58e-ac653ae9c319.json,8 × 32 KB Instruction + 8 × 32 KB Data (512 KB total),2,20,0,0,3.2,3.6,Haswell-EP,0,0,16,8,B00PDD1W10,,https://www.intel.com/content/www/us/en/products/sku/83361/intel-xeon-processor-e52667-v3-20m-cache-3-20-ghz/specifications.html,,,,CM8064401724301,Haswell,True,False,0,0,,0,22 nm,4,768,DDR4,OEM/Tray,0,True,135
bb27044e-0b30-4e45-b56e-27932e97cab9,Intel Core i5 7640X 4 GHz 4-Core LGA2066,Intel,Intel Core i5,,,Intel Core i5,LGA 2066,bb27044e-0b30-4e45-b56e-27932e97cab9.json,,1,6,,,4,4.2,Kaby Lake-X,,4,4,4,,,,,,,BXC80677I57640X,Kaby Lake,False,False,,,,,14 nm,,64,,Boxed,,False,112
bba255ea-d82d-4cfd-a74b-fbce700520ba,Intel Core i5 7600,Intel,Core i5 7000,7600,2017,Core i5 7000,LGA 1151,bba255ea-d82d-4cfd-a74b-fbce700520ba.json,256 KB (4 × 32 KB Data + 4 × 32 KB Instruction),1,6,0,0,3.5,4.1,Kaby Lake,0,0,4,4,B01MYTYSMK,,https://www.intel.com/content/www/us/en/products/sku/97150/intel-core-i57600-processor-6m-cache-up-to-4-10-ghz/specifications.html,N82E16819117729,55428261,,BX80677I57600,Kaby Lake,False,True,350,1150,Intel HD Graphics 630,192,14 nm,2,64,DDR4 | DDR3,Boxed,0,False,65
bbd9ce5b-e78d-45ab-90ec-e993c71832dc,Intel Xeon E5 2685 V3 2.6 GHz 12-Core LGA2011-3 OEM/Tray,Intel,Intel Xeon E5,,,Intel Xeon E5,LGA 2011-3,bbd9ce5b-e78d-45ab-90ec-e993c71832dc.json,,3,30,,,2.6,3.3,Haswell-EP,,12,24,12,,,,,,,CM8064401684201,Haswell,True,False,,,,,22 nm,,0,,OEM/Tray,,True,120
bc402f45-f3cd-43cc-b3e4-e184effd929d,Intel Xeon E 2176G OEM/Tray,Intel,Xeon E 2100,2176G,2018,Xeon E 2100,LGA 1151,bc402f45-f3cd-43cc-b3e4-e184effd929d.json,6 × 32 KB Instruction + 6 × 32 KB Data (384 KB total),1.5,12,0,0,3.7,4.7,Coffee Lake-S WS,0,0,12,6,B07DYN2ZMK,,https://www.intel.com/content/www/us/en/products/sku/134860/intel-xeon-e2176g-processor-12m-cache-up-to-4-70-ghz/specifications.html,9SIAAEEKM87332,302634940,,CM8068403380018,Coffee Lake,True,False,350,1200,Intel HD Graphics P630,192,14 nm,2,128,DDR4,OEM/Tray,0,True,80
bc44a11f-518d-412f-9221-ff43d804dd39,Intel Core i5 7500T,Intel,Core i5 7000,7500T,2017,Core i5 7000,LGA 1151,bc44a11f-518d-412f-9221-ff43d804dd39.json,4 × 32 KB Instruction + 4 × 32 KB Data (256 KB total),1,6,0,0,2.7,3.3,Kaby Lake,0,0,4,4,B079QLSP4L,,https://www.intel.com/content/www/us/en/products/sku/97121/intel-core-i57500t-processor-6m-cache-up-to-3-30-ghz/specifications.html,9SIA4REKGN5530,,,CM8067702868115,Kaby Lake,False,False,350,1100,Intel HD Graphics 630,192,14 nm,2,64,DDR4 | DDR3,OEM/Tray,0,False,35
bc962501-eb68-418a-bd69-d51512b1e3ca,Intel Core i7 10700K,Intel,Core i7 10000,10700K,2020,Core i7 10000,LGA 1200,bc962501-eb68-418a-bd69-d51512b1e3ca.json,8 × 64 KB (32 KB L1I + 32 KB L1D),2,16,0,0,3.8,5.1,Comet Lake,0,0,16,8,B086ML4XSB,6411488,https://www.intel.com/content/www/us/en/products/sku/199335/intel-core-i710700k-processor-16m-cache-up-to-5-10-ghz/specifications.html,N82E16819118123,434262980,,BX8070110700K | i7-10700K,Comet Lake,False,False,350,1200,Intel UHD Graphics 630,192,14 nm,2,128,DDR4,Boxed,0,True,125
bd1d91f7-22df-4ecf-9460-6330256a1ca2,Intel Xeon E5-2630L v3 OEM/Tray,Intel,Xeon E5 2600 v3,2630L v3,2014,Xeon E5 2600 v3,LGA 2011-3,bd1d91f7-22df-4ecf-9460-6330256a1ca2.json,8 × 32 KB Instruction + 8 × 32 KB Data (512 KB total),2,20,0,0,1.8,2.9,Haswell-EP,0,0,16,8,B00PDD2BS8,,https://www.intel.com/content/www/us/en/products/sku/83357/intel-xeon-processor-e52630l-v3-20m-cache-1-80-ghz/specifications.html,9SIBT5SK7A5497,,,CM8064401832100,Haswell,True,False,0,0,,0,22 nm,4,768,DDR4,OEM/Tray,0,True,55
bd3ccb89-8d76-4e73-98d9-44e8582d077a,AMD Athlon 3000G,AMD,Athlon 3000,3000G,2019,Athlon 3000,AM4,bd3ccb89-8d76-4e73-98d9-44e8582d077a.json,2 × 64 KB Instruction + 2 × 32 KB Data (192 KB total),1,4,0,0,3.5,0,Picasso,0,0,4,2,B0815JGFQ8,,https://www.amd.com/en/support/downloads/drivers.html/processors/athlon/athlon-3000-series/amd-athlon-3000g.html,274-000M-001B8,263345704,,YD3000C6FHBOX | YD220GC6FBBOX,Zen,True,True,0,1100,AMD Radeon Vega 3,192,14 nm,2,64,DDR4,Boxed,0,True,35
bd9997e8-9d7e-4fe7-92c9-59e47addba4a,AMD FX-9370 OEM/Tray,AMD,FX 9000,9370,2013,FX 9000,AM3+,bd9997e8-9d7e-4fe7-92c9-59e47addba4a.json,4 × 64 KB Instruction + 8 × 16 KB Data (384 KB total),8,8,0,0,4.4,4.7,Vishera,0,0,8,8,B00DGHD2TA,,https://www.techpowerup.com/cpu-specs/fx-9370.c1649,N82E16819113346,28969054,,FD9370FHHKWOF,Piledriver,True,False,0,0,,0,32 nm,2,64,DDR3,OEM/Tray,0,False,220
bdacccac-3d03-4436-8ebe-3de176024c18,AMD Ryzen 7 1800X,AMD,Ryzen 7 1000,1800X,2017,Ryzen 7 1000,AM4,bdacccac-3d03-4436-8ebe-3de176024c18.json,8 × 64 KB Instruction + 8 × 32 KB Data (768 KB total),4,16,0,0,3.6,4,Summit Ridge,0,0,16,8,B08QVDGLRK,,https://www.amd.com/en/support/downloads/drivers.html/processors/ryzen/ryzen-1000-series/amd-ryzen-7-1800x.html,N82E16819113438,55577373,,YD180XBCAEMPK,Zen,True,True,0,0,,0,14 nm,2,64,DDR4,Boxed,0,True,95
be5042d0-19ca-483b-8502-7d1dfb2d549e,Intel Core i7 5930K,Intel,Core i7 5000,5930K,2014,Core i7 5000,LGA 2011-3,be5042d0-19ca-483b-8502-7d1dfb2d549e.json,6 × 32 KB Instruction + 6 × 32 KB Data (384 KB total),1.5,15,0,0,3.5,3.7,Haswell-E,0,0,12,6,B00MMLXMM8,,https://www.intel.com/content/www/us/en/products/sku/82931/intel-core-i75930k-processor-15m-cache-up-to-3-70-ghz/specifications.html,9SIBZW0KFS7934,,,BX80648I75930K,Haswell E,False,False,0,0,,0,22 nm,4,64,DDR4,Boxed,0,True,140
bf21533b-baba-409f-aa43-c5f3eab64c5f,AMD Ryzen 7 3800XT,AMD,Ryzen 7 3000,3800XT,2020,Ryzen 7 3000,AM4,bf21533b-baba-409f-aa43-c5f3eab64c5f.json,8 × 64 KB Instruction + 8 × 32 KB Data (768 KB total),4,32,0,0,3.9,4.7,Matisse,0,0,16,8,B089WCXZJC,,https://www.amd.com/en/support/downloads/drivers.html/processors/ryzen/ryzen-3000-series/amd-ryzen-7-3800xt.html,N82E16819113652,,,100-100000279WOF,Zen 2,False,False,0,0,,0,TSMC 7nm FinFET,2,128,DDR4,Boxed,142,True,105
bf36a706-491a-45e8-ba4a-8529d3ef91e9,AMD Ryzen 5 5500,AMD,Ryzen 5 5000,5500,2022,Ryzen 5 5000,AM4,bf36a706-491a-45e8-ba4a-8529d3ef91e9.json,384 KB (6 x 32 KB I-Cache + 6 x 32 KB D-Cache),3,16,0,0,3.6,4.2,Cezanne,0,0,12,6,B09VCJ171S,6510779,https://www.amd.com/en/support/downloads/drivers.html/processors/ryzen/ryzen-5000-series/amd-ryzen-5-5500.html,N82E16819113737,222589536,,100-100000457BOX | AMD Ryzen 5 5500,Zen 3,False,True,0,0,,0,TSMC 7nm FinFET,2,128,DDR4,Boxed,0,True,65
bf3ebca8-dd6a-470b-b47b-cea77447bc68,Intel Core i5 9400 OEM/Tray,Intel,Core i5 9000,9400,2018,Core i5 9000,LGA 1151,bf3ebca8-dd6a-470b-b47b-cea77447bc68.json,6 × 32 KB Instruction + 6 × 32 KB Data (384 KB total),1.5,9,0,0,2.9,4.1,Coffee Lake Refresh,0,0,6,6,,,https://www.intel.com/content/www/us/en/products/sku/134898/intel-core-i59400-processor-9m-cache-up-to-4-10-ghz/specifications.html,,,,CM8068403875504,Coffee Lake,False,False,350,1050,Intel UHD Graphics 630,192,14 nm,2,128,DDR4,OEM/Tray,0,False,65
bf57d7f5-cb98-4b27-8299-941a55164857,Intel Core i9 9900,Intel,Core i9 9000,9900,2019,Core i9 9000,LGA 1151,bf57d7f5-cb98-4b27-8299-941a55164857.json,8 × 32 KB Instruction + 8 × 32 KB Data (512 KB total),2,16,0,0,3.1,5,Coffee Lake Refresh,0,0,16,8,B07TFXBQ7K,,https://www.intel.com/content/www/us/en/products/sku/191789/intel-core-i99900-processor-16m-cache-up-to-5-00-ghz/specifications.html,,389733135,,CM8068403874032 | BX80684I99900,Coffee Lake,False,False,350,1200,Intel UHD Graphics 630,192,14 nm,2,128,DDR4,Boxed,0,True,65
bf7825af-47b2-42ad-bba9-25ef34da4988,AMD A-Series A4 6300,AMD,A-Series A4 6000,6300,2013,A-Series A4 6000,FM2,bf7825af-47b2-42ad-bba9-25ef34da4988.json,1 × 64 KB Instruction + 2 × 16 KB Data (96 KB total),1,0,0,0,3.7,3.9,Richland,0,0,2,2,B00GOPI4BW,,https://www.amd.com/en/support/downloads/drivers.html/processors/a-series/a4-series-apu-for-desktops/a4-6300-with-radeon-hd-8370d.html,N82E16819113349,,,AD6300OKHLBOX,Piledriver,False,True,760,0,AMD Radeon HD 8370D,128,32 nm,2,64,DDR3,Boxed,0,False,65
bf7fc4c0-d83f-490d-b833-b0cba84785f6,Intel Xeon E3-1245 v5,Intel,Xeon E3 1200 v5,1245 v5,2015,Xeon E3 1200 v5,LGA 1151,bf7fc4c0-d83f-490d-b833-b0cba84785f6.json,4 × 32 KB Instruction + 4 × 32 KB Data (256 KB total),1,8,0,0,3.5,3.9,Skylake-DT,0,0,8,4,B015T3YEZ4,,https://www.intel.com/content/www/us/en/products/sku/88173/intel-xeon-processor-e31245-v5-8m-cache-3-50-ghz/specifications.html,N82E16819117615CVF,47932544,,BX80662E31245V5,Skylake,True,True,400,1150,Intel HD Graphics P530,192,14 nm,2,64,DDR4 | DDR3,Boxed,0,True,80
bfd0c295-9f75-4edd-9381-90f88dceb2f7,Intel Core i5 3340,Intel,Core i5 3000,3340,2013,Core i5 3000,LGA 1155,bfd0c295-9f75-4edd-9381-90f88dceb2f7.json,4 × 32 KB Instruction + 4 × 32 KB Data (256 KB total),1,6,0,0,3.1,3.3,Ivy Bridge,0,0,4,4,B00EY3Z3BA,,https://www.intel.com/content/www/us/en/products/sku/76342/intel-core-i53340-processor-6m-cache-up-to-3-30-ghz/specifications.html,N82E16819116943,,,BX80637I53340,Ivy Bridge,False,True,650,1050,Intel HD Graphics 2500,48,22 nm,2,32,DDR3,Boxed,0,False,77
c009a13a-76ea-47e3-b908-89c690705b20,AMD Ryzen 3 2200G,AMD,Ryzen 3 2000,2200G,2018,Ryzen 3 2000,AM4,c009a13a-76ea-47e3-b908-89c690705b20.json,4 × 64 KB Instruction + 4 × 32 KB Data (384 KB total),2,4,0,0,3.5,3.7,Raven Ridge,0,0,4,4,B079D3DBNM,,https://www.amd.com/en/support/downloads/drivers.html/processors/ryzen/ryzen-2000-series/amd-ryzen-3-2200g.html,N82E16819113481,669827271,,YD2200C4M4MFB,Zen,False,True,0,1100,AMD Radeon Vega 8 Graphics,512,14nm FinFET,2,64,DDR4,Boxed,0,False,65
c0406a8f-3026-4468-a2d9-322c8206ed69,Intel Core i9 13900F,Intel,Core i9 13000,13900F,2023,Core i9 13000,LGA 1700,c0406a8f-3026-4468-a2d9-322c8206ed69.json,8 × 64 KB Instruction + 8 × 48 KB Data + 16 × 64 KB Instruction + 16 × 32 KB Data (2432 KB total),32,36,1.5,4.2,2,5.6,Raptor Lake-S,16,8,32,24,B0BN5ZTG66,,https://www.intel.com/content/www/us/en/products/sku/230502/intel-core-i913900f-processor-36m-cache-up-to-5-60-ghz/specifications.html,N82E16819118426,2067622493,,BX8071513900F,Raptor Lake,True,True,0,0,,0,Intel 7,2,192,DDR5 | DDR4,Boxed,219,True,65
c0c9ae6f-6eac-4740-8b6c-06db912c1ff8,AMD EPYC 4484PX OEM/Tray,AMD,EPYC 4000,4484PX,2024,EPYC 4000,AM5,c0c9ae6f-6eac-4740-8b6c-06db912c1ff8.json,12 × 64 KB Instruction + 12 × 32 KB Data (1152 KB total),12,128,0,0,4.4,5.6,Raphael,0,0,24,12,B0GLGCHXY1,,https://www.amd.com/en/products/processors/server/epyc/4004-series/amd-epyc-4484px.html,9SIB5PPKMW8696,,,100-100001482WOF,Zen 4,True,False,400,2200,AMD Radeon Graphics,128,5 nm,2,192,DDR5,OEM/Tray,162,True,120
c10315ba-abf2-4d45-98b7-43b321f9861c,Intel Core i5 4690,Intel,Core i5 4600,4690,2014,Core i5 4000,LGA 1150,c10315ba-abf2-4d45-98b7-43b321f9861c.json,4 × 64 KB (32 KB L1I + 32 KB L1D),1,6,0,0,3.5,3.9,Haswell,0,0,4,4,B00JST2QEW,,https://www.intel.com/content/www/us/en/products/sku/80810/intel-core-i54690-processor-6m-cache-up-to-3-90-ghz/specifications.html,N82E16819116989,39105833,,BX80646I54690,Haswell Refresh,False,False,350,1200,Intel HD Graphics 4600,160,22 nm,2,32,DDR3,OEM/Tray,0,False,84
c14d84a3-7c13-4611-a367-7e034693266f,Intel Core i5 12600K,Intel,Core i5 12000,12600K,2021,Core i5 12000,LGA 1700,c14d84a3-7c13-4611-a367-7e034693266f.json,864 KB (6 x 80 KB + 4 x 96 KB),9.5,20,2.8,3.6,3.7,4.9,Golden Cove / Gracemont,4,6,16,10,B09FX4D72T,6483676,https://www.intel.com/content/www/us/en/products/sku/134589/intel-core-i512600k-processor-20m-cache-up-to-4-90-ghz/specifications.html,N82E16819118347,627027412,,BX8071512600K,Alder Lake,False,False,300,1.45,Intel UHD Graphics 770,256,Intel 7,2,128,DDR5 | DDR4,Boxed,150,True,125
c1adfe4a-66ad-45f3-a9e7-d750390d34e7,Intel Xeon E3 1225 V5 3.3 GHz 4-Core LGA1151,Intel,Intel Xeon E3,,,Intel Xeon E3,LGA 1151,c1adfe4a-66ad-45f3-a9e7-d750390d34e7.json,,1,8,,,3.3,3.7,Skylake-H,,4,4,4,,,,,,,BX80662E31225V5,Skylake,True,True,,,Intel HD Graphics P530,,14 nm,,64,,Boxed,,False,80
c1f517e7-9b47-409c-9f03-dc80a329275f,AMD A6-7480,AMD,A-Series A6 7000,7480,2018,A-Series A6 7000,FM2+,c1f517e7-9b47-409c-9f03-dc80a329275f.json,1 × 96 KB Instruction + 2 × 16 KB Data (128 KB total),1,0,0,0,3.5,3.8,Carrizo,0,0,2,2,B07M6D7XC9,,https://www.techpowerup.com/cpu-specs/a6-7480.c2614,N82E16819113547,,,AD7480ACABBOX,Excavator,False,True,0,0,AMD Radeon R5 Graphics,384,28 nm,2,64,DDR3,Boxed,0,False,45
c2900762-11b6-49bc-a728-566b56db3638,Intel Core i7 14700F,Intel,Core i7 14000,14700F,2024,Core i7 14000,LGA 1700,c2900762-11b6-49bc-a728-566b56db3638.json,80 KB per core (48 KB data + 32 KB instruction),28,33,1.5,4.2,2.1,5.4,Raptor Cove / Gracemont,12,8,28,20,B0CQ1P2TRN,,https://www.intel.com/content/www/us/en/products/sku/236854/intel-core-i7-processor-14700f-33m-cache-up-to-5-40-ghz/specifications.html,N82E16819118487,5266285745,,BX8071514700F,Raptor Lake Refresh,True,True,0,0,,0,Intel 7,2,192,DDR5 | DDR4,Boxed,219,True,65
c2933afd-f5c7-4c46-aab4-37da272972e0,Intel Core i7 6700,Intel,Core i7 6000,6700,2015,Core i7 6000,LGA 1151,c2933afd-f5c7-4c46-aab4-37da272972e0.json,4 × 64 KB (32 KB L1I + 32 KB L1D),1,8,0,0,3.4,4,Skylake,0,0,8,4,B0136JONG8,,https://www.intel.com/content/www/us/en/products/sku/88196/intel-core-i76700-processor-8m-cache-up-to-4-00-ghz/specifications.html,N82E16819117560,46927674,,BX80662I76700,Skylake,False,True,350,1150,Intel HD Graphics 530,192,14 nm,2,64,DDR4 | DDR3,Boxed,0,True,65
c29c9a98-338e-48dc-9160-da4c0cabab8e,Intel Core i5 4440S,Intel,Core i5 4000,4440S,2013,Core i5 4000,LGA 1150,c29c9a98-338e-48dc-9160-da4c0cabab8e.json,4 × 32 KB Instruction + 4 × 32 KB Data (256 KB total),1,6,0,0,2.8,3.3,Haswell,0,0,4,4,B00EUUJPJ8,,https://www.intel.com/content/www/us/en/products/sku/75040/intel-core-i54440s-processor-6m-cache-up-to-3-30-ghz/specifications.html,N82E16819116953,,,BX80646I54440S,Haswell,False,True,350,1100,Intel HD Graphics 4600,160,22 nm,2,32,DDR3,Boxed,0,False,65
c2d5377e-bf6e-42e7-a19e-87a8df32dac5,AMD EPYC 4244P,AMD,EPYC 4004,4244P,2024,EPYC 4004,AM5,c2d5377e-bf6e-42e7-a19e-87a8df32dac5.json,6 × 64 KB Instruction + 6 × 32 KB Data (576 KB total),6,32,0,0,3.8,5.1,Raphael,0,0,12,6,B0GLNSBJ8J,,https://www.amd.com/en/products/processors/server/epyc/4004-series/amd-epyc-4244p.html,N82E16819113837,,,100-100001480WOF,Zen 4,True,False,0,0,AMD Radeon Graphics,0,5 nm,2,192,DDR5,Boxed,88,True,65
c315b361-a062-410e-9108-de12a2e800d0,AMD EPYC 4364P,AMD,EPYC 4004,4364P,2024,EPYC 4004,AM5,c315b361-a062-410e-9108-de12a2e800d0.json,6 × 64 KB Instruction + 6 × 32 KB Data (576 KB total),8,32,0,0,4.5,5.4,Raphael,0,0,16,8,B0FT8525TF,,https://www.amd.com/en/products/processors/server/epyc/4004-series/amd-epyc-4364p.html,N82E16819113833,6531321746,,100-100001477WOF | 4364P,Zen 4,True,False,400,2200,AMD Radeon Graphics,128,5 nm,2,192,DDR5,Boxed,142,True,105
c33e2129-22d5-4028-96b1-cecd899555d7,Intel Core i9 7940X 3.1 GHz 14-Core LGA2066 OEM/Tray,Intel,Intel Core i9,,,Intel Core i9,LGA 2066,c33e2129-22d5-4028-96b1-cecd899555d7.json,,14,25,,,3.1,4.4,Skylake-X,,14,28,14,,,,,,,CD8067303734701,Skylake,False,False,,,,,14 nm,,128,,OEM/Tray,,True,165
c3695c8d-2775-4eed-91b1-fdfd90e5ff7e,AMD A8-7600 OEM/Tray,AMD,A-Series A8 7000,7600,2014,A-Series A8 7000,FM2+,c3695c8d-2775-4eed-91b1-fdfd90e5ff7e.json,2 × 96 KB Instruction + 4 × 16 KB Data (256 KB total),4,0,0,0,3.1,3.8,Kaveri,0,0,4,4,B0BHR4HX9X,,https://www.amd.com/en/support/downloads/drivers.html/processors/a-series/a8-series-apu-for-desktops/a8-7600-with-radeon-r7-series.html,,,,AD7600YBI44JA,Steamroller,False,False,720,0,AMD Radeon R7 Graphics,384,28 nm,2,64,DDR3,OEM/Tray,0,False,65
c3be1736-fa24-4af3-9c56-3c6fb9761fef,Intel Core i5-8400T OEM/Tray,Intel,Core i5 8000,8400T,2018,Core i5 8000,LGA 1151,c3be1736-fa24-4af3-9c56-3c6fb9761fef.json,6 × 32 KB Instruction + 6 × 32 KB Data (384 KB total),1.5,9,0,0,1.7,3.3,Coffee Lake,0,0,6,6,B079FYL3S2,,https://www.intel.com/content/www/us/en/products/sku/129940/intel-core-i58400t-processor-9m-cache-up-to-3-30-ghz/specifications.html,9SIBR2DKGH4321,356694235,,CM8068403358913,Coffee Lake,False,False,350,1050,Intel UHD Graphics 630,184,14 nm,2,128,DDR4,OEM/Tray,0,False,35
c50a5824-b6d0-400b-9de8-d4b1128a0c0d,Intel Xeon E3 1230 V5 3.4 GHz 4-Core LGA1151 OEM/Tray,Intel,Intel Xeon E3,,,Intel Xeon E3,LGA 1151,c50a5824-b6d0-400b-9de8-d4b1128a0c0d.json,,1,8,,,3.4,3.8,Skylake-H,,4,8,4,,,,,,,CM8066201921713,Skylake,True,False,,,,,14 nm,,64,,OEM/Tray,,True,80
c570f209-ac54-4bd8-b603-c8f49812279c,Intel Xeon E3 1275 V5 3.6 GHz 4-Core LGA1151 OEM/Tray,Intel,Intel Xeon E3,,,Intel Xeon E3,LGA 1151,c570f209-ac54-4bd8-b603-c8f49812279c.json,,1,8,,,3.6,4,Skylake-H,,4,8,4,,,,,,,CM8066201934909,Skylake,True,False,,,Intel HD Graphics P530,,14 nm,,64,,OEM/Tray,,True,80
c626e388-0f46-47d3-a5b2-a219c80c6f5d,Intel Xeon E5 2670,Intel,Xeon E5 2600,2670,2012,Xeon E5 2600,LGA 2011,c626e388-0f46-47d3-a5b2-a219c80c6f5d.json,8 × 32 KB Instruction + 8 × 32 KB Data (512 KB total),2,20,0,0,2.6,3.3,Sandy Bridge-EP,0,0,16,8,B007H29FRS,,https://www.intel.com/content/www/us/en/products/sku/64595/intel-xeon-processor-e52670-20m-cache-2-60-ghz-8-00-gts-intel-qpi/specifications.html,N82E16819117263,23140936,,BX80621E52670,Sandy Bridge EP,True,False,0,0,,0,32 nm,4,384,DDR3,Boxed,0,True,115
c77c8f8d-5e71-4b20-a8a4-3226f294a4e7,Intel Core i5 7600K,Intel,Core i5 7000,7600K,2017,Core i5 7000,LGA 1151,c77c8f8d-5e71-4b20-a8a4-3226f294a4e7.json,4 × 32 KB Instruction + 4 × 32 KB Data (256 KB total),1,6,0,0,3.8,4.2,Kaby Lake,0,0,4,4,B01MRRPPQS,,https://www.intel.com/content/www/us/en/products/sku/97144/intel-core-i57600k-processor-6m-cache-up-to-4-20-ghz/specifications.html,N82E16819117728,,,BX80677I57600K,Kaby Lake,False,False,350,1150,Intel HD Graphics 630,192,14 nm,2,64,DDR3 | DDR4,Boxed,0,False,91
c7a71298-3005-4abb-a7dc-ec038dc16a43,Intel Xeon E5-2670 v3,Intel,Xeon E5 2600 v3,E5-2670 v3,2014,Xeon E5 2600 v3,LGA 2011-3,c7a71298-3005-4abb-a7dc-ec038dc16a43.json,12 × 32 KB Instruction + 12 × 32 KB Data (768 KB total),3,30,0,0,2.3,3.1,Haswell-EP,0,0,24,12,B00NFA7ILQ,,https://www.intel.com/content/www/us/en/products/sku/81709/intel-xeon-processor-e52670-v3-30m-cache-2-30-ghz/specifications.html,,,,CM8064401544801 | BX80644E52670V3,Haswell,True,False,0,0,,0,22 nm,4,768,DDR4,OEM/Tray,0,True,120
c7d21bb9-7688-49bd-ac6c-f5730c2a5b7f,Intel Core i7 9700,Intel,Core i7 9000,9700,2019,Core i7 9000,LGA 1151,c7d21bb9-7688-49bd-ac6c-f5730c2a5b7f.json,8 × 32 KB Instruction + 8 × 32 KB Data (512 KB total),2,12,0,0,3,4.7,Coffee Lake Refresh,0,0,8,8,B07T7GHT9Q,,https://www.intel.com/content/www/us/en/products/sku/191792/intel-core-i79700-processor-12m-cache-up-to-4-70-ghz/specifications.html,,675410578,,CM8068403874521,Coffee Lake Refresh,False,True,350,1200,Intel HD Graphics 630,192,14 nm,2,128,DDR4,Boxed,0,False,65
c7dddf76-bd30-401f-881d-4d83a7446ccd,Intel Xeon E5 2660 2.2 GHz 8-Core LGA2011 OEM/Tray,Intel,Intel Xeon E5,,,Intel Xeon E5,LGA 2011,c7dddf76-bd30-401f-881d-4d83a7446ccd.json,,2,20,,,2.2,3,Sandy Bridge-EP,,8,16,8,,,,,,,SR0KK,Sandy Bridge,True,False,,,,,32 nm,,0,,OEM/Tray,,True,95
c8516eef-ba79-437e-a169-bdb0610a1875,AMD Ryzen Threadripper 2970WX,AMD,Ryzen Threadripper 2000,2970WX,2018,Ryzen Threadripper 2000,sTR4,c8516eef-ba79-437e-a169-bdb0610a1875.json,24 × 32 KB Instruction + 24 × 32 KB Data (1536 KB total),12,64,0,0,3,4.2,Colfax,0,0,48,24,B07JBQJ1D9,,https://www.amd.com/en/support/downloads/drivers.html/processors/ryzen-threadripper/ryzen-threadripper-2000-series/amd-ryzen-threadripper-2970wx.html,,466620458,,YD297XAZAFWOF | 116960,Zen+,False,False,0,0,,0,12 nm,4,1024,DDR4,Boxed,0,True,250
c8610822-8988-491e-9ecc-28aeb55987f1,AMD Ryzen Threadripper 2950X,AMD,Ryzen Threadripper 2000,2950X,2018,Ryzen Threadripper 2000,TR4,c8610822-8988-491e-9ecc-28aeb55987f1.json,16 × 64 KB Instruction + 16 × 32 KB Data (1536 KB total),8,32,0,0,3.5,4.4,Colfax,0,0,32,16,B07GFN6CVF,,https://www.amd.com/en/support/downloads/drivers.html/processors/ryzen-threadripper/ryzen-threadripper-2000-series/amd-ryzen-threadripper-2950x.html,N82E16819113542,465673464,,116594 | YD295XA8AFWOF,Zen+,False,False,0,0,,0,12 nm,4,2048,DDR4,Boxed,0,True,180
c8c88c3f-1f07-486c-9713-d621eec3c032,Intel Xeon E5 1660 V2 OEM/Tray,Intel,Xeon E5 1600 v2,1660 v2,2013,Xeon E5 1600 v2,LGA 2011,c8c88c3f-1f07-486c-9713-d621eec3c032.json,6 × 32 KB Instruction + 6 × 32 KB Data (384 KB total),1.5,15,0,0,3.7,4,Ivy Bridge-E,0,0,12,6,B00F28QKBS,,https://www.intel.com/content/www/us/en/products/sku/75781/intel-xeon-processor-e51660-v2-15m-cache-3-70-ghz/specifications.html,,,,BX80635E51660V2 | INT-BX80635E51660V2,Ivy Bridge EP,True,False,0,0,,0,22 nm,4,256,DDR3,OEM/Tray,0,True,130
c94676f9-71ba-4fde-aab0-e6227ae80965,Intel Core i5 8400,Intel,Core i5 8000,8400,2017,Core i5 8000,LGA 1151,c94676f9-71ba-4fde-aab0-e6227ae80965.json,6 × 32 KB Instruction + 6 × 32 KB Data (384 KB total),1.5,9,0,0,2.8,4,Coffee Lake,0,0,6,6,B0DCZCB4WL,,https://www.intel.com/content/www/us/en/products/sku/126687/intel-core-i58400-processor-9m-cache-up-to-4-00-ghz/specifications.html,,867590268,,CM8068403358811,Coffee Lake,False,False,350,1050,Intel UHD Graphics 630,192,14 nm,2,128,DDR4,OEM/Tray,0,False,65
cbbbe76c-fdcf-49bf-8aa9-f04962e659f3,Intel Core Ultra 5 225,Intel,Core Ultra 5 200,225,2025,Core Ultra 5 200,LGA 1851,cbbbe76c-fdcf-49bf-8aa9-f04962e659f3.json,P-cores: 6×64 KB + 6×48 KB; E-cores: 4×64 KB + 4×32 KB,22,20,2.7,4.4,3.3,4.9,Arrow Lake-S,4,6,10,10,B0DT7DXXJT,,https://www.intel.com/content/www/us/en/products/sku/241070/intel-core-ultra-5-processor-225-20m-cache-up-to-4-90-ghz/specifications.html,N82E16819118577,14733822342,,BX80768225,Arrow Lake,False,True,300,1800,Intel Xe Graphics,192,TSMC N3B,2,256,DDR5,Boxed,121,False,65
cc0a0e08-bc25-4539-af92-952cced58623,AMD Ryzen 5 9600X,AMD,Ryzen 5 9000,9600X,2024,Ryzen 5 9000,AM5,cc0a0e08-bc25-4539-af92-952cced58623.json,6 × 64 KB (32 KB L1I + 32 KB L1D),6,32,0,0,3.9,5.4,Granite Ridge,0,0,12,6,B0D6NN6TM7,6589140,https://www.amd.com/en/products/processors/desktops/ryzen/9000-series/amd-ryzen-5-9600x.html,N82E16819113844,8880762821,,100-100001405WOF | AMD Ryzen™ 5 9600X | 100100001405WOF,Zen 5,True,False,400,2200,AMD Radeon Graphics,128,"TSMC 4nm FinFET, TSMC 6nm FinFET",2,256,DDR5,Boxed,88,True,65
cc329b1a-917a-4b50-b652-36eb4a6b5789,Intel Xeon E3-1275 v6 OEM/Tray,Intel,Xeon E3 1200 v6,1275 v6,2017,Xeon E3 1200 v6,LGA 1151,cc329b1a-917a-4b50-b652-36eb4a6b5789.json,4 × 32 KB Instruction + 4 × 32 KB Data (256 KB total),1,8,0,0,3.8,4.2,Kaby Lake-S,0,0,8,4,B06Y42CRV8,,https://www.intel.com/content/www/us/en/products/sku/97478/intel-xeon-processor-e31275-v6-8m-cache-3-80-ghz/specifications.html,9SIAMW5JXK3142,884256655,,CM8067702870931,Kaby Lake,True,False,350,1150,Intel HD Graphics P630,192,14 nm,2,64,DDR4 | DDR3,OEM/Tray,0,True,73
cc3a29bc-0e7a-4351-9a87-f56eba3a0d75,AMD Ryzen 7 1700,AMD,Ryzen 7 1000,1700,2017,Ryzen 7 1000,AM4,cc3a29bc-0e7a-4351-9a87-f56eba3a0d75.json,8 × 64 KB Instruction + 8 × 32 KB Data (768 KB total),4,16,0,0,3,3.7,Summit Ridge,0,0,16,8,B06WP5YCX6,,https://www.amd.com/en/support/downloads/drivers.html/processors/ryzen/ryzen-1000-series/amd-ryzen-7-1700.html,N82E16819113428,55577371,,YD1700BBAEBOX,Zen,True,True,0,0,,0,14nm,2,64,DDR4,Boxed,0,True,65
ccc69dff-328d-4467-8ba5-5364ca8c4a32,AMD FX FX-4150 OEM/Tray,AMD,FX 4000,4150,2012,FX 4000,AM3+,ccc69dff-328d-4467-8ba5-5364ca8c4a32.json,2 × 64 KB Instruction + 4 × 16 KB Data (192 KB total),4,4,0,0,3.8,4,Zambezi,0,0,4,4,,,,,,,FD4150WMW4KGU,Bulldozer,False,False,0,0,,0,32 nm,2,32,DDR3,OEM/Tray,0,False,95
cd030ee7-8539-4b8a-8fa8-1738ad51e50b,AMD Ryzen Threadripper 7970X,,,,0,Ryzen Threadripper,sTR5,cd030ee7-8539-4b8a-8fa8-1738ad51e50b.json,,32,128,0,0,4,5.3,Storm Peak,0,0,64,32,B0CK2W3WFP,,,N82E16819113806,5177043337,,AMD Ryzen™ Threadripper™ 7970X | 100-100001351WOF,Zen 4,True,False,0,0,,0,5 nm,4,1,DDR5,Boxed,,True,350
cd3ac87c-a75d-48dc-a278-802ab659d14b,Intel Core i3 10325,Intel,Core i3 10000,10325,2021,Core i3 10000,LGA 1200,cd3ac87c-a75d-48dc-a278-802ab659d14b.json,4 × 32 KB Instruction + 4 × 32 KB Data (256 KB total),1,8,0,0,3.9,4.7,Comet Lake-R,0,0,8,4,,,https://www.intel.com/content/www/us/en/products/sku/201889/intel-core-i310325-processor-8m-cache-up-to-4-70-ghz/specifications.html,N82E16819118252,,,BX8070110325,Comet Lake,False,True,350,1150,Intel UHD Graphics 630,192,14 nm,2,128,DDR4,Boxed,0,True,65
cd3ba45d-4a3b-4df5-bf0f-f70e28209bc1,Intel Core i5 11500,Intel,Core i5 11000,11500,2021,Core i5 11000,LGA 1200,cd3ba45d-4a3b-4df5-bf0f-f70e28209bc1.json,6 × 32 KB Instruction + 6 × 32 KB Data (384 KB total),3,12,0,0,2.7,4.6,Rocket Lake-S,0,0,12,6,B08X6BCPGD,,https://www.intel.com/content/www/us/en/products/sku/212277/intel-core-i511500-processor-12m-cache-up-to-4-60-ghz/specifications.html,N82E16819118234,903637053,,BX8070811500 | i5-11500,Rocket Lake,False,True,350,1300,Intel UHD Graphics 750,256,14 nm,2,128,DDR4,Boxed,0,True,65
cef1cc38-a03c-4e5c-8222-6d103934e291,Intel Core i5 9600K OEM/Tray,Intel,Core i5 9000,9600K,2018,Core i5 9000,LGA 1151,cef1cc38-a03c-4e5c-8222-6d103934e291.json,6 × 32 KB Instruction + 6 × 32 KB Data (384 KB total),1.5,9,0,0,3.7,4.6,Coffee Lake Refresh,0,0,6,6,B07KK9CM9V,,https://www.intel.com/content/www/us/en/products/sku/134896/intel-core-i59600k-processor-9m-cache-up-to-4-60-ghz/specifications.html,N82E16819118086,,,CM8068403874405,Coffee Lake,False,False,350,1150,Intel UHD Graphics 630,192,14 nm,2,128,DDR4,OEM/Tray,0,False,95
cf33502b-5930-4faa-b387-835d0c65efc1,AMD Ryzen 9 9950X3D,AMD,Ryzen 9 9000,9950X3D,2025,Ryzen 9 9000,AM5,cf33502b-5930-4faa-b387-835d0c65efc1.json,16 × 64 KB (32 KB L1I + 32 KB L1D),16,128,0,0,4.3,5.7,Granite Ridge,0,0,32,16,B0DVZSG8D5,6621941,https://www.amd.com/en/products/processors/desktops/ryzen/9000-series/amd-ryzen-9-9950x3d.html,N82E16819113884,15496104257,2026-03-23T15:01:46.213Z,100-100000719WOF | Ryzen ™ 9 9950X 3D | 100-000000719,Zen 5,True,False,400,2200,AMD Radeon Graphics,128,"TSMC 4nm FinFET, TSMC 6nm FinFET",2,256,DDR5,Boxed,230,True,170
cf60f167-fee9-48fc-a3c3-91a1c3af275e,AMD Ryzen Threadripper 3990X,AMD,Threadripper 3000,3990X,2020,Ryzen Threadripper 3000,sTRX4,cf60f167-fee9-48fc-a3c3-91a1c3af275e.json,32 KB instruction + 32 KB data per core (64 KB L1 per core),32,256,0,0,2.9,4.3,Castle Peak,0,0,128,64,B0815SBQ9W,6404153,https://www.amd.com/en/support/downloads/drivers.html/processors/ryzen-threadripper/ryzen-threadripper-3000-series/amd-ryzen-threadripper-3990x.html,N82E16819113620,,,100-100000163WOF | AMD Ryzen Threadripper 3990X,Zen 2,True,False,0,0,,0,"TSMC 7nm FinFET, 12nm (Globalfoundries)",4,256,DDR4,Boxed,280,True,280
cfb0a043-2448-43d1-9cad-2497eae78d11,Intel Core i5 9600,Intel,Core i5 9000,9600,2018,Core i5 9000,LGA 1151,cfb0a043-2448-43d1-9cad-2497eae78d11.json,6 × 32 KB Instruction + 6 × 32 KB Data (384 KB total),1.5,9,0,0,3.1,4.6,Coffee Lake,0,0,6,6,B07S1Q396F,,https://www.intel.com/content/www/us/en/products/sku/134900/intel-core-i59600-processor-9m-cache-up-to-4-60-ghz/specifications.html,N82E16819118060,680564201,,BX80684I59600,Coffee Lake Refresh,False,True,350,1150,Intel UHD Graphics 630,192,14 nm,2,128,DDR4,Boxed,0,False,65
d0417de1-fcf0-4a60-b8e6-a4406159e80a,AMD Ryzen 3 1200,AMD,Ryzen 3 1000,1200,2017,Ryzen 3 1000,AM4,d0417de1-fcf0-4a60-b8e6-a4406159e80a.json,4 × 64 KB Instruction + 4 × 32 KB Data (384 KB total),2,8,0,0,3.1,3.4,Summit Ridge,0,0,4,4,B0741DN383,,https://www.amd.com/en/support/downloads/drivers.html/processors/ryzen/ryzen-1000-series/amd-ryzen-3-1200.html,N82E16819113446,725039934,,YD1200BBAEBOX | 116742,Zen,False,True,0,0,,0,14 nm,2,64,DDR4,Boxed,0,False,65
d0a9a88a-e191-44de-8678-ad32c2d2e4bb,AMD Ryzen 5 5500GT,AMD,Ryzen 5 5000,5500GT,2024,Ryzen 5 5000,AM4,d0a9a88a-e191-44de-8678-ad32c2d2e4bb.json,6 × 64 KB (32 KB L1I + 32 KB L1D),3,16,0,0,3.6,4.4,Cezanne,0,0,12,6,B0CQ4H1B5B,6573564,https://www.amd.com/en/support/downloads/drivers.html/processors/ryzen/ryzen-5000-series/amd-ryzen-5-5500gt.html,N82E16819113817,5367159112,,100-100001489BOX | AMD Ryzen™ 5 5500GT | Ryzen 5 5500GT,Zen 3,False,True,1900,0,AMD Radeon Vega 7,448,7 nm,2,128,DDR4,Boxed,88,True,65
d0aae8f6-4eb6-4d6e-8363-92ae20078686,Intel Xeon E5-2640 v2 OEM/Tray,Intel,Xeon E5 2600 v2,2640 v2,2013,Xeon E5 2600 v2,LGA 2011,d0aae8f6-4eb6-4d6e-8363-92ae20078686.json,8 × 32 KB Instruction + 8 × 32 KB Data (512 KB total),2,20,0,0,2,2.5,Ivy Bridge-EP,0,0,16,8,B00F29JKGY,,https://www.intel.com/content/www/us/en/products/sku/75267/intel-xeon-processor-e52640-v2-20m-cache-2-00-ghz/specifications.html,9SIC472KVC1410,36626213,,BX80635E52640V2,Ivy Bridge EP,True,False,0,0,,0,22 nm,4,768,DDR3,OEM/Tray,0,True,95
d1484f85-583b-4f02-91ed-01076806c268,Intel Xeon E5 1630 V3 3.7 GHz 4-Core LGA2011-3 OEM/Tray,Intel,Intel Xeon E5,,,Intel Xeon E5,LGA 2011-3,d1484f85-583b-4f02-91ed-01076806c268.json,,1,10,,,3.7,3.8,Haswell-EP,,4,8,4,,,,,,,CM8064401614501,Haswell,True,False,,,,,22 nm,,0,,OEM/Tray,,True,140
d1637479-7ebd-497c-b976-37b6af116db9,AMD Opteron 6328 3.2 GHz 8-Core G34,AMD,AMD Opteron,,,AMD Opteron,G34,d1637479-7ebd-497c-b976-37b6af116db9.json,,8,16,,,3.2,3.8,Abu Dhabi,,8,8,8,,,,,,,OS6328WKT8GHKWOF,Piledriver,False,False,,,,,32 nm,,0,,Boxed,,False,115
d16d9c6a-2f9d-4310-a243-b3852976fc11,Intel Core i3 10100F,Intel,Core i3 10000,10100F,2020,Core i3 10000,LGA 1200,d16d9c6a-2f9d-4310-a243-b3852976fc11.json,4 × 32 KB Instruction Cache + 4 × 32 KB Data Cache,1,6,0,0,3.6,4.3,Comet Lake,0,0,8,4,B08LKJPR5X,,https://www.intel.com/content/www/us/en/products/sku/203473/intel-core-i310100f-processor-6m-cache-up-to-4-30-ghz/specifications.html,N82E16819118223,801678407,,BX8070110100F,Comet Lake,False,True,0,0,,0,14 nm,2,128,DDR4,Boxed,0,True,65
d17da031-a70f-4dce-91bf-1b29d8aca3a8,AMD Ryzen 7 7800X3D OEM/Tray,AMD,Ryzen 7 7000,7800X3D,2023,Ryzen 7 7000,AM5,d17da031-a70f-4dce-91bf-1b29d8aca3a8.json,8 × 64 KB Instruction + 8 × 32 KB Data (768 KB total),8,96,0,0,4.2,5,Raphael,0,0,16,8,B0FJRY2K75,,https://www.amd.com/en/products/processors/desktops/ryzen/7000-series/amd-ryzen-7-7800x3d.html,9SIC513KT34563,14965215951,,100-000000910,Zen 4,True,False,400,2200,AMD Radeon Graphics,128,"TSMC 5nm FinFET, TSMC 6nm FinFET",2,128,DDR5,OEM/Tray,162,True,120
d19e2b2c-c5ec-4329-8c7d-b695a93ee164,Intel Core i7-7820X,Intel,Core i7 7000,7820X,2017,Core i7 7000,LGA 2066,d19e2b2c-c5ec-4329-8c7d-b695a93ee164.json,8 × 32 KB Instruction + 8 × 32 KB Data (512 KB total),8,11,0,0,3.6,4.5,Skylake-X,0,0,16,8,B072NF4BY3,,https://www.intel.com/content/www/us/en/products/sku/123767/intel-core-i77820x-xseries-processor-11m-cache-up-to-4-30-ghz/specifications.html,N82E16819117794,475324333,,BX80673I77820X,Skylake,False,False,0,0,,0,14 nm,4,128,DDR4,Boxed,0,True,140
d282c5c7-eeb1-4082-aa63-b582afc15062,Intel Core i9-10850K,Intel,Core i9 10000,10850K,2020,Core i9 10000,LGA 1200,d282c5c7-eeb1-4082-aa63-b582afc15062.json,10 × 32 KB Instruction + 10 × 32 KB Data (640 KB total),2.5,20,0,0,3.6,5.2,Comet Lake,0,0,20,10,B08DRN56BK,,https://www.intel.com/content/www/us/en/products/sku/205904/intel-core-i910850k-processor-20m-cache-up-to-5-20-ghz/specifications.html,N82E16819118177,17059466754,,BX8070110850KA,Comet Lake,False,False,350,1200,Intel UHD Graphics 630,192,14 nm,2,128,DDR4,Boxed,0,True,125
d2b28545-9993-4854-beee-5270d907d800,Intel Core i5 9600 OEM/Tray,Intel,Core i5 9000,9600,2018,Core i5 9000,LGA 1151,d2b28545-9993-4854-beee-5270d907d800.json,6 × 32 KB Instruction + 6 × 32 KB Data (384 KB total),1.5,9,0,0,3.1,4.6,Coffee Lake Refresh,0,0,6,6,B0GJK3RGFD,,https://www.intel.com/content/www/us/en/products/sku/134900/intel-core-i59600-processor-9m-cache-up-to-4-60-ghz/specifications.html,N82E16819118061,,,CM8068403358610,Coffee Lake,False,False,350,1150,Intel UHD Graphics 630,192,14 nm,2,128,DDR4,OEM/Tray,0,False,65
d2e54c6a-4407-48cd-8266-761219fc89c3,Intel Core i9-10920X,Intel,Core i9 10000,10920X,2019,Core i9 10000,LGA 2066,d2e54c6a-4407-48cd-8266-761219fc89c3.json,12 × 32 KB Instruction + 12 × 32 KB Data (768 KB total),12,19.25,0,0,3.5,4.8,Cascade Lake-X,0,0,24,12,B07YP6Y9VY,6387656,https://www.intel.com/content/www/us/en/products/sku/198012/intel-core-i910920x-xseries-processor-19-25m-cache-3-50-ghz/specifications.html,N82E16819118110,299575499,,BX8069510920X,Cascade Lake,False,False,0,0,,0,14 nm,4,256,DDR4,Boxed,0,True,165
d31f3d8e-564d-47b9-8e72-4fa231e7c696,AMD Opteron 6378 2.4 GHz 16-Core G34 OEM/Tray,AMD,AMD Opteron,,,AMD Opteron,G34,d31f3d8e-564d-47b9-8e72-4fa231e7c696.json,,16,16,,,2.4,3.3,Abu Dhabi,,16,16,16,,,,,,,OS6378WKTGGHK,Piledriver,False,False,,,,,32 nm,,0,,OEM/Tray,,False,115
d3c01e6a-3c9b-4660-af6f-824423153dc9,AMD A10-7800 OEM/Tray,AMD,A-Series A10 7000,7800,2014,A-Series A10 7000,FM2+,d3c01e6a-3c9b-4660-af6f-824423153dc9.json,2 × 96 KB Instruction + 4 × 16 KB Data (256 KB total),4,0,0,0,3.5,3.9,Kaveri,0,0,4,4,B0DFT73XSY,,https://www.amd.com/en/support/downloads/drivers.html/processors/a-series/a10-series-apu-for-desktops/a10-7800-with-radeon-r7-series.html,,,,AD7800YBI44JA,Steamroller,False,False,720,0,AMD Radeon R7 Graphics,512,28 nm,2,64,DDR3,OEM/Tray,0,False,65
d3e5a050-6322-4d23-ab24-4d429dae60a0,AMD Ryzen 3 1300X,AMD,Ryzen 3 1000,1300X,2017,Ryzen 3 1000,AM4,d3e5a050-6322-4d23-ab24-4d429dae60a0.json,4 × 64 KB Instruction + 4 × 32 KB Data (384 KB total),2,8,0,0,3.5,3.7,Summit Ridge,0,0,4,4,B0741DLVL7,,https://www.amd.com/en/support/downloads/drivers.html/processors/ryzen/ryzen-1000-series/amd-ryzen-3-1300x.html,N82E16819113445,176486459,,YD130XBBAEBOX,Zen,True,True,0,0,,0,14nm,2,64,DDR4,Boxed,0,False,65
d47b30db-de48-4806-95bb-f3ee27d254bf,AMD Ryzen 9 5950X,AMD,Ryzen 9 5000,5950X,2020,Ryzen 9 5000,AM4,d47b30db-de48-4806-95bb-f3ee27d254bf.json,16 × 64 KB (32 KB L1I + 32 KB L1D),8,64,0,0,3.4,4.9,Vermeer,0,0,32,16,B0815Y8J9N,6438941,https://www.amd.com/en/products/processors/desktops/ryzen/5000-series/amd-ryzen-9-5950x.html,N82E16819113663,159710953,,100-100000059WOF | AMD Ryzen 9 5950X,Zen 3,False,False,0,0,,0,TSMC 7nm FinFET,2,128,DDR4,Boxed,142,True,105
d4f192f2-115a-4821-9510-369615c4b0a4,AMD Ryzen 5 2600,AMD,Ryzen 5 2000,2600,2018,Ryzen 5 2000,AM4,d4f192f2-115a-4821-9510-369615c4b0a4.json,6 × 64 KB Instruction Cache + 6 × 32 KB Data Cache,3,16,0,0,3.4,3.9,Pinnacle Ridge,0,0,12,6,B07B41WS48,,https://www.amd.com/en/support/downloads/drivers.html/processors/ryzen/ryzen-2000-series/amd-ryzen-5-2600.html,N82E16819113496,312473574,,YD2600BBAFBOX,Zen+,False,True,0,0,,0,12 nm,2,64,DDR4,Boxed,88,True,65
d57ff10c-517c-4e94-acba-36b52dae0898,Intel Xeon E3 1230 V3 OEM/Tray,Intel,Xeon E3 1200 v3,1230 v3,2013,Xeon E3 1200 v3,LGA 1150,d57ff10c-517c-4e94-acba-36b52dae0898.json,4 × 32 KB Instruction + 4 × 32 KB Data (256 KB total),1,8,0,0,3.3,3.7,Haswell-WS,0,0,8,4,B0GTN27ZHB,,https://www.intel.com/content/www/us/en/products/sku/75054/intel-xeon-processor-e31230-v3-8m-cache-3-30-ghz/specifications.html,N82E16819116984,,,CM8064601467202,Haswell,True,False,0,0,,0,22 nm,2,32,DDR3,OEM/Tray,0,True,80
d59fa7b6-066f-42cb-b1dd-d7a6b8b758fc,Intel Core i9 9940X,Intel,Core i9 9000,9940X,2018,Core i9 9000,LGA 2066,d59fa7b6-066f-42cb-b1dd-d7a6b8b758fc.json,14 × 32 KB Instruction + 14 × 32 KB Data (896 KB total),14,19.25,,0,3.3,4.5,Skylake-X,0,0,28,14,B07JFH771Y,,https://www.intel.com/content/www/us/en/products/sku/189125/intel-core-i99940x-xseries-processor-19-25m-cache-up-to-4-50-ghz/specifications.html,N82E16819117964,,,BX80673I99940X,Skylake,False,False,0,0,,0,14 nm,4,128,DDR4,Boxed,0,True,165
d5cfa1f8-e34f-4ebf-ae22-ee0f5d169183,AMD A6-9500,AMD,A-Series A6 9000,9500,2016,A-Series A6 9000,AM4,d5cfa1f8-e34f-4ebf-ae22-ee0f5d169183.json,1 × 96 KB Instruction + 2 × 32 KB Data (160 KB total),1,0,0,0,3.5,3.8,Bristol Ridge,0,0,2,2,B074BGXW9T,,https://www.techpowerup.com/cpu-specs/a6-9500.c1959,N82E16819113454,267523240,,AD9500AGABBOX | 114952 | B961024,Excavator,False,True,384,1029,AMD Radeon R5 Graphics,384,28 nm,2,64,DDR4,Boxed,0,False,65
d5e71ac9-fc29-414f-a17a-8be4823aeb7a,AMD Ryzen Threadripper 2970WX,AMD,Ryzen Threadripper 2000,2970WX,2018,Ryzen Threadripper 2000,sTR4,d5e71ac9-fc29-414f-a17a-8be4823aeb7a.json,24 × 64 KB Instruction + 24 × 32 KB Data (2304 KB total),12,64,0,0,3,4.2,Colfax,0,0,48,24,B07JBQJ1D9,,https://www.amd.com/en/support/downloads/drivers.html/processors/ryzen-threadripper/ryzen-threadripper-2000-series/amd-ryzen-threadripper-2970wx.html,,466620458,,YD297XAZUHCAF,Zen+,False,False,0,0,,0,12 nm,4,2048,DDR4,Boxed,0,True,250
d5ff7ec3-4b2e-42a5-a0b2-155034f8b3c3,AMD Ryzen Threadripper 7970X,AMD,Threadripper 7000,7970X,2023,Ryzen Threadripper 7000 Series,sTR5,d5ff7ec3-4b2e-42a5-a0b2-155034f8b3c3.json,64KB (32KB I + 32KB D),32,128,0,0,4,5.3,Storm Peak,0,0,64,32,B0CK2W3WFP,,https://www.amd.com/en/support/downloads/drivers.html/processors/ryzen-threadripper/ryzen-threadripper-7000-series/amd-ryzen-threadripper-7970x.html,N82E16819113806,5177043337,,100-100001351WOF,Zen 4,True,False,0,0,,0,"TSMC 5nm FinFET, TSMC 6nm FinFET",4,1024,DDR5,Boxed,0,True,350
d6381db4-468a-419a-acfc-0fbc5e60a956,Intel Core i7 9700T OEM/Tray,Intel,Core i7 9000,9700T,2019,Core i7 9000,LGA 1151,d6381db4-468a-419a-acfc-0fbc5e60a956.json,8 × 32 KB Instruction + 8 × 32 KB Data (512 KB total),2,12,0,0,2,4.3,Coffee Lake Refresh,0,0,8,8,B07Z9QKS1K,,https://www.intel.com/content/www/us/en/products/sku/191048/intel-core-i79700t-processor-12m-cache-up-to-4-30-ghz/specifications.html,9SIA4REK9P1386,,,CM8068403874912,Coffee Lake,False,False,350,1200,Intel HD Graphics 630,192,14 nm,2,128,DDR4,OEM/Tray,0,False,35
d63c7fcb-36f6-422e-b796-e938b3096d55,Intel Xeon E5-2698 v3,Intel,Xeon E5 2600 v3,E5-2698 v3,2014,Xeon E5 2600 v3,LGA 2011,d63c7fcb-36f6-422e-b796-e938b3096d55.json,16 × 32 KB Instruction + 16 × 32 KB Data (1024 KB total),4,40,0,0,2.3,3.6,Haswell-EP,0,0,32,16,B08MLNFJSD,,https://www.intel.com/content/www/us/en/products/sku/81060/intel-xeon-processor-e52698-v3-40m-cache-2-30-ghz/specifications.html,,,,CM8064401609800 | E5-2698 V3 | SR1XE,Haswell,True,False,0,0,,0,22 nm,4,768,DDR4,OEM/Tray,0,True,135
d6b635ef-b9db-43df-a5a0-339a87215449,AMD A10-7890K OEM/Tray,AMD,A-Series A10 7000,7890K,2016,A-Series A10 7000,FM2+,d6b635ef-b9db-43df-a5a0-339a87215449.json,2 × 96 KB Instruction + 4 × 16 KB Data (256 KB total),4,0,0,0,4.1,4.3,Godavari,0,0,4,4,B0891ZT2C5,,https://www.amd.com/en/support/downloads/drivers.html/processors/a-series/a10-series-apu-for-desktops/a10-7890k-with-radeon-r7-graphics.html,,,,AD789KXDJCHBX | e6fengyux2942,Steamroller,False,False,866,1029,AMD Radeon R7 Graphics,512,28 nm,2,64,DDR3,OEM/Tray,0,False,95
d71a770f-6ff6-4174-97c8-d7995a70e339,Intel Core Ultra 9 285,Intel,Core Ultra 9 200,285,2025,Core Ultra 9 200,LGA 1851,d71a770f-6ff6-4174-97c8-d7995a70e339.json,"P-core: 80KB (32KB I + 48KB D), E-core: 96KB (64KB I + 32KB D)",40,36,1.9,4.6,2.5,5.6,Lion Cove / Skymont,16,8,24,24,B0DT7JDLDH,,https://www.intel.com/content/www/us/en/products/sku/241061/intel-core-ultra-9-processor-285-36m-cache-up-to-5-60-ghz/specifications.html,274-000A-01P71,14795860936,,BX80768285,Arrow Lake,True,False,300,2,Intel Graphics,512,TSMC N3B,2,256,DDR5,Boxed,182,False,65
d71d4d9b-6a93-4315-b7ec-bad412fdbf57,AMD Ryzen 9 3950X OEM/Tray,AMD,Ryzen 9 3000,3950X,2019,Ryzen 9 3000,AM4,d71d4d9b-6a93-4315-b7ec-bad412fdbf57.json,16 × 64 KB Instruction + 16 × 32 KB Data (1536 KB total),8,64,0,0,3.5,4.7,Matisse,0,0,32,16,B0DFXS267T,,https://www.amd.com/en/support/downloads/drivers.html/processors/ryzen/ryzen-3000-series/amd-ryzen-9-3950x.html,,,,100-000000051,Zen 2,True,False,0,0,,0,"TSMC 7nm FinFET, 12nm (Globalfoundries)",2,128,DDR4,OEM/Tray,142,True,105
d75e09af-2936-4948-a778-afce5f7eb432,AMD Opteron 6378,AMD,Opteron 6300,6378,2012,Opteron 6300,G34,d75e09af-2936-4948-a778-afce5f7eb432.json,8 × 64 KB Instruction + 16 × 16 KB Data (768 KB total),16,16,0,0,2.4,3.3,Abu Dhabi,0,0,16,16,,,,N82E16819113320,,,OS6378WKTGGHKWOF,Piledriver,True,False,0,0,,0,32 nm,4,384,DDR3,Boxed,0,False,115
d795c07c-c7fe-487f-ac3f-e57ff35d572d,AMD Ryzen 7 1700 OEM/Tray,AMD,Ryzen 7 1000,1700,2017,Ryzen 7 1000,AM4,d795c07c-c7fe-487f-ac3f-e57ff35d572d.json,8 × 64 KB Instruction + 8 × 32 KB Data (768 KB total),4,16,0,0,3,3.7,Summit Ridge,0,0,16,8,B07F5LLKBX,,https://www.amd.com/en/support/downloads/drivers.html/processors/ryzen/ryzen-1000-series/amd-ryzen-7-1700.html,,857915318,,YD1700BBM88AE,Zen,True,False,0,0,,0,14 nm,2,64,DDR4,OEM/Tray,0,True,65
d7975cc5-5f56-4edc-8781-72cd1ed3ec04,AMD FX-8370E,AMD,FX 8000,8370E,2014,FX 8000,AM3+,d7975cc5-5f56-4edc-8781-72cd1ed3ec04.json,4 × 64 KB Instruction + 8 × 16 KB Data (384 KB total),8,8,0,0,3.3,4.3,Vishera,0,0,8,8,B00MUTW6F6,,,N82E16819113375R,40137901,,FD837EWMHKBOX,Piledriver,False,True,0,0,,0,32 nm,2,32,DDR3,Boxed,0,False,95
d7c087f6-665f-4158-82fe-2521e0616c46,AMD Ryzen 7 2700,AMD,Ryzen 7 2000,2700,2018,Ryzen 7 2000,AM4,d7c087f6-665f-4158-82fe-2521e0616c46.json,8 × 64 KB Instruction + 8 × 32 KB Data (768 KB total),4,16,0,0,3.2,4.1,Pinnacle Ridge,0,0,16,8,B07B41717Z,,https://www.amd.com/en/support/downloads/drivers.html/processors/ryzen/ryzen-2000-series/amd-ryzen-7-2700.html,N82E16819113498,254586925,,YD2700BBAFBOX | 115931,Zen+,False,True,0,0,,0,12nm FinFET,2,64,DDR4,Boxed,0,True,65
d8408406-f4b2-4f18-9dd2-c75b71dceea3,Intel Core i9 9900X,Intel,Core i9 9000,9900X,2018,Core i9 9000,LGA 2066,d8408406-f4b2-4f18-9dd2-c75b71dceea3.json,10 × 32 KB Instruction + 10 × 32 KB Data (640 KB total),10,19.25,0,0,3.5,4.5,Skylake-X,0,0,20,10,B07L5Q7K8N,,https://www.intel.com/content/www/us/en/products/sku/189124/intel-core-i99900x-xseries-processor-19-25m-cache-up-to-4-50-ghz/specifications.html,N82E16819117975,,,CD8067304126200,Skylake,False,False,0,0,,0,14 nm,4,128,DDR4,Boxed,0,True,165
d86a9762-f320-42c7-bfa0-dd92f41d286c,AMD Ryzen 3 1200 OEM/Tray,AMD,Ryzen 3 1000,1200,2017,Ryzen 3 1000,AM4,d86a9762-f320-42c7-bfa0-dd92f41d286c.json,4 × 64 KB Instruction + 4 × 32 KB Data (384 KB total),2,8,0,0,3.1,3.4,Summit Ridge,0,0,4,4,B0741DN383,,https://www.amd.com/en/support/downloads/drivers.html/processors/ryzen/ryzen-1000-series/amd-ryzen-3-1200.html,,,,YD1200BBM4KAF,Zen,True,False,0,0,,0,14nm,2,64,DDR4,OEM/Tray,0,False,65
d879b11a-cc6c-488e-bfa8-9bab0eb1959d,Intel Core i7 6700K OEM/Tray,Intel,Core i7 6000,6700K,2015,Core i7 6000,LGA 1151,d879b11a-cc6c-488e-bfa8-9bab0eb1959d.json,4 × 32 KB Instruction + 4 × 32 KB Data (256 KB total),1,8,0,0,4,4.2,Skylake,0,0,8,4,B018QZJ6HI,,https://www.intel.com/content/www/us/en/products/sku/88195/intel-core-i76700k-processor-8m-cache-up-to-4-20-ghz/specifications.html,N82E16819117582,154419543,,CM8066201919901,Skylake,False,False,350,1150,Intel HD Graphics 530,192,14 nm,2,64,DDR4 | DDR3,OEM/Tray,0,True,91
d879b83e-b826-46ad-b008-a51b9674da07,Intel Core i7 3770T OEM/Tray,Intel,Core i7 3000,3770T,2012,Core i7 3000,LGA 1155,d879b83e-b826-46ad-b008-a51b9674da07.json,4 × 32 KB Instruction + 4 × 32 KB Data (256 KB total),1,8,0,0,2.5,3.7,Ivy Bridge,0,0,8,4,B008ACVF9A,,https://www.intel.com/content/www/us/en/products/sku/65525/intel-core-i73770t-processor-8m-cache-up-to-3-70-ghz/specifications.html,,,,CM8063701212200,Ivy Bridge,False,False,650,1150,Intel HD Graphics 4000,128,22 nm,2,32,DDR3,OEM/Tray,0,True,45
d95fc453-27c6-4e83-80d6-4a4e40ca46ed,AMD Ryzen 7 1800X,AMD,Ryzen 7 1000,1800X,2017,Ryzen 7 1000,AM4,d95fc453-27c6-4e83-80d6-4a4e40ca46ed.json,8 × 32 KB Instruction + 8 × 32 KB Data (512 KB total),4,16,0,0,3.6,4,Summit Ridge,0,0,16,8,B06W9JXK4G,,https://www.amd.com/en/support/downloads/drivers.html/processors/ryzen/ryzen-1000-series/amd-ryzen-7-1800x.html,,,,YD180XBCAEWOF,Zen,True,True,0,0,,0,14 nm,2,128,DDR4,Boxed,0,True,95
d991d8bb-9681-4308-8c42-efdc003a84cd,Intel Core i7 9700K,Intel,Core i7 9000,9700K,2018,Core i7 9000,LGA 1151,d991d8bb-9681-4308-8c42-efdc003a84cd.json,8 × 32 KB Instruction + 8 × 32 KB Data (512 KB total),2,12,0,0,3.6,4.9,Coffee Lake Refresh,0,0,8,8,B07HHN6KBZ,6302021,https://www.intel.com/content/www/us/en/products/sku/186604/intel-core-i79700k-processor-12m-cache-up-to-4-90-ghz/specifications.html,N82E16819117958,212182102,,BX80684I79700K,Coffee Lake,False,False,350,1200,Intel UHD Graphics 630,192,14 nm,2,128,DDR4,Boxed,0,False,95
d9ec7e79-51e4-4763-8f51-d72ecd8feba0,AMD Ryzen 5 1600,AMD,Ryzen 5 1000,1600,2017,Ryzen 5 1000,AM4,d9ec7e79-51e4-4763-8f51-d72ecd8feba0.json,6 × 96 KB (64 KB L1I + 32 KB L1D),3,16,0,0,3.2,3.6,Pinnacle Ridge,0,0,12,6,B06XNRQHG4,,https://www.amd.com/en/support/downloads/drivers.html/processors/ryzen/ryzen-1000-series/amd-ryzen-5-1600.html,N82E16819113435,706956560,,YD1600BBAFBOX,Zen+,False,True,0,0,,0,12 nm,2,64,DDR4,Boxed,0,True,65
daa867ce-12d7-4220-94d7-1e5a9d8fdcc9,Intel Xeon E 2134 3.5 GHz 4-Core LGA1151 OEM/Tray,Intel,Intel Xeon E,,,Intel Xeon E,LGA 1151,daa867ce-12d7-4220-94d7-1e5a9d8fdcc9.json,,1,8,,,3.5,4.5,Coffee Lake,,4,8,4,,,asdasd,,,,CM8068403654319,Coffee Lake,True,False,,,,,14 nm,,64,,OEM/Tray,,True,71
dafb6535-1bc8-445d-9d65-69b71f1b56f6,Intel Xeon E5-2420 v2,Intel,Xeon E5 2400 v2,2420 v2,2013,Xeon E5 2400 v2,LGA 1356,dafb6535-1bc8-445d-9d65-69b71f1b56f6.json,6 × 32 KB Instruction + 6 × 32 KB Data (384 KB total),1.5,15,0,0,2.2,2.7,Ivy Bridge-EN,0,0,12,6,,,https://www.intel.com/content/www/us/en/products/sku/75784/intel-xeon-processor-e52420-v2-15m-cache-2-20-ghz/specifications.html,,,,BX80634E52420V2,Ivy Bridge EN,True,False,0,0,,0,22 nm,3,384,DDR3,Boxed,0,True,80
db4323ce-e076-423a-8065-e19cb05254fe,AMD A10-7890K OEM/Tray,AMD,A-Series A10 7000,7890K,2016,A-Series A10 7000,FM2+,db4323ce-e076-423a-8065-e19cb05254fe.json,2 × 96 KB Instruction + 4 × 16 KB Data (256 KB total),4,0,0,0,4.1,4.3,Godavari,0,0,4,4,B0DFB86416,,https://www.amd.com/en/support/downloads/drivers.html/processors/a-series/a10-series-apu-for-desktops/a10-7890k-with-radeon-r7-graphics.html,,,,AD789KXDI44JC,Steamroller,False,False,866,0,AMD Radeon R7 Graphics,512,28 nm,2,64,DDR3,OEM/Tray,0,False,95
db5bc5ba-9324-44d3-941d-4b16ee067fed,Intel Core i7 4770K,Intel,Core i7 4000,4770K,2013,Core i7 4000,LGA 1150,db5bc5ba-9324-44d3-941d-4b16ee067fed.json,4 × 32 KB Instruction + 4 × 32 KB Data (256 KB total),1,8,0,0,3.5,3.9,Haswell,0,0,8,4,B00DT5WV6E,,https://www.intel.com/content/www/us/en/products/sku/75123/intel-core-i74770k-processor-8m-cache-up-to-3-90-ghz/specifications.html,N82E16819116901,612130461,,BXF80646I74770K,Haswell,False,False,350,1250,Intel HD Graphics 4600,160,22 nm,2,32,DDR3,Boxed,0,True,84
db77fdca-69c7-43b0-85a9-b8289663ea80,Intel Xeon E5-2697 v3 OEM/Tray,Intel,Xeon E5 2600 v3,2697 v3,2014,Xeon E5 2600 v3,LGA 2011-3,db77fdca-69c7-43b0-85a9-b8289663ea80.json,14 × 32 KB Instruction + 14 × 32 KB Data (896 KB total),3.5,35,0,0,2.6,3.6,Haswell-EP,0,0,28,14,B07JND5X7G,,https://www.intel.com/content/www/us/en/products/sku/81059/intel-xeon-processor-e52697-v3-35m-cache-2-60-ghz/specifications.html,,,,CM8064401807100 | VV4742,Haswell,True,False,0,0,,0,22 nm,4,768,DDR4,OEM/Tray,0,True,145
db93651a-7128-433b-8ba0-7a127134fe64,AMD Ryzen 7 3700X,AMD,Ryzen 7 3000,3700X,2019,Ryzen 7 3000,AM4,db93651a-7128-433b-8ba0-7a127134fe64.json,8 × 64 KB Instruction + 8 × 32 KB Data (768 KB total),4,32,0,0,3.6,4.4,Matisse,0,0,16,8,B07SXMZLPK,,https://www.amd.com/en/support/downloads/drivers.html/processors/ryzen/ryzen-3000-series/amd-ryzen-7-3700x.html,N82E16819113567,431501281,,100-000000071,Zen 2,False,False,0,0,,0,TSMC 7nm FinFET,2,128,DDR4,OEM/Tray,88,True,65
dba60dc9-b1bb-4d29-83fd-66cfea3249f5,Intel Xeon E5 2687W v2,Intel,Xeon E5 2600 v2,2687W v2,2013,Xeon E5 2600 v2,LGA 2011,dba60dc9-b1bb-4d29-83fd-66cfea3249f5.json,8 × 32 KB Instruction + 8 × 32 KB Data (512 KB total),2,20,0,0,3.4,4,Ivy Bridge-EP,0,0,16,8,B00F28T7ZY,,https://www.intel.com/content/www/us/en/products/sku/76161/intel-xeon-processor-e52687w-v2-25m-cache-3-40-ghz/specifications.html,N82E16819116937,,,BX80635E52687V2,Ivy Bridge EP,True,False,0,0,,0,22 nm,4,256,DDR3,Boxed,0,True,150
dc20cdd2-9335-4ca2-ad53-0a03d3faff01,Intel Xeon E3-1245 v3,Intel,Xeon E3 1200 v3,1245 v3,2013,Xeon E3 1200 v3,LGA 1150,dc20cdd2-9335-4ca2-ad53-0a03d3faff01.json,4 × 32 KB Instruction + 4 × 32 KB Data (256 KB total),1,8,0,0,3.4,3.8,Haswell-WS,0,0,8,4,B00D697QGI,,https://www.intel.com/content/www/us/en/products/sku/75462/intel-xeon-processor-e31245-v3-8m-cache-3-40-ghz/specifications.html,N82E16819116909,,,BX80646E31245V3,Haswell,True,True,350,1200,Intel HD Graphics P4600,160,22 nm,2,32,DDR3,Boxed,0,True,84
dc4bbdf2-b48b-4cff-956f-f54e90623ddb,AMD Ryzen Threadripper 2950X OEM/Tray,AMD,Ryzen Threadripper 2000,2950X,2018,Ryzen Threadripper 2000,sTR4,dc4bbdf2-b48b-4cff-956f-f54e90623ddb.json,16 × 64 KB Instruction + 16 × 32 KB Data (1536 KB total),8,32,0,0,3.5,4.4,Colfax,0,0,32,16,,,https://www.amd.com/en/support/downloads/drivers.html/processors/ryzen-threadripper/ryzen-threadripper-2000-series/amd-ryzen-threadripper-2950x.html,,,,YD295XA8UGAAF,Zen+,False,False,0,0,,0,12 nm,4,256,DDR4,OEM/Tray,0,True,180
dcd1ccf1-319a-4d55-8b6a-d88840b5d83c,Intel Xeon E5-2650 v2,Intel,Xeon E5 2600 v2,2650 v2,2013,Xeon E5 2600 v2,LGA 2011,dcd1ccf1-319a-4d55-8b6a-d88840b5d83c.json,8 × 32 KB Instruction + 8 × 32 KB Data (512 KB total),2,20,0,0,2.6,3.4,Ivy Bridge-EP,0,0,16,8,B00OVAPV6I,,https://www.intel.com/content/www/us/en/products/sku/75269/intel-xeon-processor-e52650-v2-20m-cache-2-60-ghz/specifications.html,,39105834,,BX80635E52650V2,Ivy Bridge EP,True,False,0,0,,0,22 nm,4,768,DDR3,Boxed,0,True,95
dd073712-0a1f-4e7f-a7e0-40f40aea600c,AMD Ryzen 3 3300X,AMD,Ryzen 3 3000,3300X,2020,Ryzen 3 3000,AM4,dd073712-0a1f-4e7f-a7e0-40f40aea600c.json,4 × 64 KB Instruction + 4 × 32 KB Data (384 KB total),2,16,0,0,3.8,4.3,Matisse,0,0,8,4,B0876YS2T4,6423070,https://www.amd.com/en/support/downloads/drivers.html/processors/ryzen/ryzen-3000-series/amd-ryzen-3-3300x.html,N82E16819113648,87624,,100-100000159BOX,Zen 2,False,True,0,0,,0,TSMC 7nm FinFET,2,128,DDR4,Boxed,88,True,65
dd189a32-3a7b-4c4f-b1e5-2790593ce27f,Intel Core i5 8500T,Intel,Core i5 8000,8500T,2018,Core i5 8000,LGA 1151,dd189a32-3a7b-4c4f-b1e5-2790593ce27f.json,6 × 32 KB Instruction + 6 × 32 KB Data (384 KB total),1.5,9,0,0,2.1,3.5,Coffee Lake,0,0,6,6,B079G2PK7D,,https://www.intel.com/content/www/us/en/products/sku/129941/intel-core-i58500t-processor-9m-cache-up-to-3-50-ghz/specifications.html,,324827519,,CM8068403362509,Coffee Lake,False,False,350,1100,Intel UHD Graphics 630,192,14 nm,2,128,DDR4,OEM/Tray,0,False,35
dd9aee45-754e-484a-873d-8158babd1216,Intel Xeon E5-1650 v4,Intel,Xeon E5 1600 v4,E5-1650 v4,2016,Xeon E5 1600 v4,LGA 2011-3,dd9aee45-754e-484a-873d-8158babd1216.json,6 × 32 KB Instruction + 6 × 32 KB Data (384 KB total),1.5,15,0,0,3.6,4,Broadwell-EP,0,0,12,6,B01HK3W8CM,,https://www.intel.com/content/www/us/en/products/sku/92994/intel-xeon-processor-e51650-v4-15m-cache-3-60-ghz/specifications.html,N82E16819117763,52725174,,CM8066002044306,Broadwell,True,False,0,0,,0,14 nm,4,1536,DDR4,OEM/Tray,0,True,140
de6cb598-bcbb-42cc-9a25-546bcf8dc2d4,Intel Core i7 5775C OEM/Tray,Intel,Core i7 5000,5775C,2015,Core i7 5000,LGA 1150,de6cb598-bcbb-42cc-9a25-546bcf8dc2d4.json,4 × 32 KB Instruction + 4 × 32 KB Data (256 KB total),1,6,0,0,3.3,3.7,Broadwell,0,0,8,4,B09NPX2JX3,,https://www.intel.com/content/www/us/en/products/sku/88040/intel-core-i75775c-processor-6m-cache-up-to-3-70-ghz/specifications.html,9SIAAEEHUP1590,,,CM8065802483301,Broadwell,False,False,300,1150,Intel Iris Pro Graphics 6200,384,14 nm,2,32,DDR3,OEM/Tray,0,True,65
ded20bd3-aaf0-42d7-83ce-501679fb8363,Intel Core i3 13100,Intel,Core i3 13000,13100,2023,Core i3 13000,LGA 1700,ded20bd3-aaf0-42d7-83ce-501679fb8363.json,4 × 64 KB Instruction + 4 × 48 KB Data (448 KB total),5,12,0,0,3.4,4.5,Raptor Lake-S,0,4,8,4,B0BQ6CTTMK,6530252,https://www.intel.com/content/www/us/en/products/sku/230575/intel-core-i313100-processor-12m-cache-up-to-4-50-ghz/specifications.html,N82E16819118432,1516606336,,BX8071513100,Raptor Lake,False,True,300,1500,Intel UHD Graphics 730,192,Intel 7,2,192,DDR5 | DDR4,Boxed,110,True,60
e050c200-1450-48e6-9f04-a4c50fe52621,Intel Core i7-5775C,Intel,Core i7 5000,5775C,2015,Core i7 5000,LGA 1150,e050c200-1450-48e6-9f04-a4c50fe52621.json,4 × 32 KB Instruction + 4 × 32 KB Data (256 KB total),1,6,0,0,3.3,3.7,Broadwell,0,0,8,4,B00YAEA0U2,,https://www.intel.com/content/www/us/en/products/sku/88040/intel-core-i75775c-processor-6m-cache-up-to-3-70-ghz/specifications.html,N82E16819117553,,,BX80658I75775C | BX80658i75775C,Broadwell,False,True,300,1150,Intel Iris Pro Graphics 6200,384,14 nm,2,32,DDR3,Boxed,0,True,65
e084ff48-c984-4c49-b788-4efa7eb7e6fb,Intel Xeon E3 1240 V5,Intel,Xeon E3 1200 v5,1240 v5,2015,Xeon E3 1200 v5,LGA 1151,e084ff48-c984-4c49-b788-4efa7eb7e6fb.json,4 × 32 KB Instruction + 4 × 32 KB Data (256 KB total),1,8,0,0,3.5,3.9,Skylake-DT,0,0,8,4,B015T35K0C,,https://www.intel.com/content/www/us/en/products/sku/88176/intel-xeon-processor-e31240-v5-8m-cache-3-50-ghz/specifications.html,N82E16819117614,,,CM8066201921715,Skylake,True,False,0,0,,0,14 nm,2,64,DDR3 | DDR4,Boxed,0,True,80
e11970e8-4f2c-426d-872c-92c0f4160ec4,AMD Ryzen 7 5700X3D,AMD,Ryzen 7 5000,5700X3D,2024,Ryzen 7 5000,AM4,e11970e8-4f2c-426d-872c-92c0f4160ec4.json,8 × 64 KB (32 KB L1I + 32 KB L1D),4,96,0,0,3,4.1,Vermeer,0,0,16,8,B0CQ4H4H7X,6573560,https://www.amd.com/en/support/downloads/drivers.html/processors/ryzen/ryzen-5000-series/amd-ryzen-7-5700x3d.html,,5354511874,,100-100001503WOF | AMD Ryzen™ 5 5700X3D | Ryzen 7 5700X3D,Zen 3,True,False,0,0,,0,"TSMC 7nm FinFET, 12nm (Globalfoundries)",2,128,DDR4,Boxed,142,True,105
e1349e21-4451-45b8-ac9b-f1b44457fb97,Intel Core i5 4460,Intel,Core i5 4000,4460,2014,Core i5 4000,LGA 1150,e1349e21-4451-45b8-ac9b-f1b44457fb97.json,256 KB total (4 cores × 32 KB Instruction + 32 KB Data per core),1,6,0,0,3.2,3.4,Haswell,0,0,4,4,B00JIJUBAS,,https://www.intel.com/content/www/us/en/products/sku/80817/intel-core-i54460-processor-6m-cache-up-to-3-40-ghz/specifications.html,,39148163,,BX80646I54460,Haswell,False,True,350,1100,Intel HD Graphics 4600,160,22 nm,2,32,DDR3,Boxed,0,False,84
e155f7cf-5720-4f15-bf3c-96a1dfca8ac0,AMD Ryzen Threadripper 3970X,AMD,Ryzen Threadripper 3970X,3970X,2019,Ryzen Threadripper 3970X,sTRX4,e155f7cf-5720-4f15-bf3c-96a1dfca8ac0.json,32 × (32 KB Data + 32 KB Instruction) = 2 MB total,16,128,0,0,3.7,4.5,Castle Peak,0,0,64,32,B0815JJQQ8,6395993,https://www.amd.com/en/support/downloads/drivers.html/processors/ryzen-threadripper/ryzen-threadripper-3000-series/amd-ryzen-threadripper-3970x.html,N82E16819113618,399581334,,100-100000011WOF | AMD Ryzen Threadripper 3970X,Zen 2,False,False,0,0,,0,TSMC 7nm FinFET,4,256,DDR4,Boxed,0,True,280
e16a10af-3e6e-4d60-8f7b-96f054281fa6,Intel Core i3 13100F,Intel,Core i3 13000,13100F,2023,Core i3 13000,LGA 1700,e16a10af-3e6e-4d60-8f7b-96f054281fa6.json,4 × 32 KB L1D + 4 × 48 KB L1I,5,12,0,0,3.4,4.5,Raptor Cove,0,4,8,4,B0BQ6BCWC4,6530253,https://www.intel.com/content/www/us/en/products/sku/230576/intel-core-i313100f-processor-12m-cache-up-to-4-50-ghz/specifications.html,N82E16819118433,1268038340,,BX8071513100F,Raptor Lake,False,True,0,0,,0,Intel 7,2,192,DDR5 | DDR4,Boxed,110,True,58
e1be4a9d-de07-4275-9237-44972f76de7b,AMD Ryzen Threadripper 7980X,AMD,Ryzen Threadripper 7000,7980X,2023,Ryzen Threadripper 7000,sTR5,e1be4a9d-de07-4275-9237-44972f76de7b.json,64 × 64 KB (32 KB L1I + 32 KB L1D),64,256,0,0,3.2,5.1,Storm Peak,0,0,128,64,B0CK2R6DVS,12153249,https://www.amd.com/en/support/downloads/drivers.html/processors/ryzen-threadripper/ryzen-threadripper-7000-series/amd-ryzen-threadripper-7980x.html,N82E16819113808,5182595267,2025-07-28T23:24:06.287Z,100-100001350WOF,Zen 4,True,False,0,0,,0,"TSMC 5nm FinFET, TSMC 6nm FinFET",4,1024,DDR5,Boxed,0,True,350
e1e6d389-471c-4bdb-844d-be5582c6e337,AMD Opteron Opteron 6328 3.2 GHz 8-Core G34 OEM/Tray,AMD,AMD Opteron,,,AMD Opteron,G34,e1e6d389-471c-4bdb-844d-be5582c6e337.json,,8,16,,,3.2,3.8,Abu Dhabi,,8,8,8,,,,,,,OS6328WKT8GHK,Piledriver,False,False,,,,,32 nm,,0,,OEM/Tray,,False,115
e1fa5b6c-184b-4350-8063-790f31e19789,Intel Core i5 7400T OEM/Tray,Intel,Core i5 7000,7400T,2017,Core i5 7000,LGA 1151,e1fa5b6c-184b-4350-8063-790f31e19789.json,4 × 32 KB Instruction + 4 × 32 KB Data (256 KB total),1,6,0,0,2.4,3,Kaby Lake,0,0,4,4,B06XPXZ1VN,,https://www.intel.com/content/www/us/en/products/sku/97184/intel-core-i57400t-processor-6m-cache-up-to-3-00-ghz/specifications.html,N82E16819117760,,,CM8067702867915,Kaby Lake,False,False,350,1000,Intel HD Graphics 630,192,14 nm,2,64,DDR4 | DDR3,OEM/Tray,0,False,35
e272b2ff-aed0-41ec-8094-08c21df362c0,AMD A10-6790K OEM/Tray,AMD,A-Series A10 6000,6790K,2013,A-Series A10 6000,FM2,e272b2ff-aed0-41ec-8094-08c21df362c0.json,2 × 64 KB Instruction + 4 × 16 KB Data (192 KB total),4,0,0,0,4,4.3,Richland,0,0,4,4,B0DF21QH7Z,,https://www.amd.com/en/support/downloads/drivers.html/processors/a-series/a10-series-apu-for-desktops/a10-6790k-with-radeon-hd-8670d.html,,,,AD679KWOA44HL,Piledriver,False,False,844,0,AMD Radeon HD 8670D,384,32nm SOI,2,64,DDR3,OEM/Tray,0,False,100
e2b2709c-9788-4eb9-a25f-9092cb59f3d9,Intel Core i5 10500,Intel,Core i5 10000,10500,2020,Core i5 10000,LGA 1200,e2b2709c-9788-4eb9-a25f-9092cb59f3d9.json,6 × 32 KB Instruction + 6 × 32 KB Data (384 KB total),1.5,12,0,0,3.1,4.5,Comet Lake,0,0,12,6,B086MW76DW,,,N82E16819118134,598530374,,BX8070110500,Comet Lake,False,True,350,1150,Intel UHD Graphics 630,192,14 nm,2,128,DDR4,Boxed,134,True,65
e2bee5b7-77a4-40d8-8477-44d0cd0aceec,AMD Ryzen 5 2400G,AMD,Ryzen 5 2000,2400G,2018,Ryzen 5 2000,AM4,e2bee5b7-77a4-40d8-8477-44d0cd0aceec.json,4 × 64 KB Instruction + 4 × 32 KB Data (384 KB total),2,4,0,0,3.6,3.9,Raven Ridge,0,0,8,4,B079D8FD28,,https://www.amd.com/en/support/downloads/drivers.html/processors/ryzen/ryzen-2000-series/amd-ryzen-5-2400g.html,N82E16819113513,486170872,,YD2400C5FBBOX | 116738,Zen,False,True,0,1250,AMD Radeon Vega 11,704,14nm FinFET,2,64,DDR4,Boxed,0,True,65
e2cf2532-8c57-4ec2-96fb-4aaa846c8ca6,Intel Core Ultra 9 285K,Intel,Core Ultra 9 200,285K,2024,Core Ultra 9 200,LGA 1851,e2cf2532-8c57-4ec2-96fb-4aaa846c8ca6.json,8 × 80 KB + 16 × 64 KB (L1 per-core totals),40,36,3.2,4.6,3.7,5.5,Lion Cove / Skymont,16,8,24,24,B0DFKC99VL,6602200,https://www.intel.com/content/www/us/en/products/sku/241060/intel-core-ultra-9-processor-285k-36m-cache-up-to-5-70-ghz/specifications.html,N82E16819118505,13622659098,,BX80768285K | Intel® Core™ Ultra 9,Arrow Lake,True,False,300,2000,Intel Graphics,128,TSMC N3B,2,256,DDR5,Boxed,250,False,125
e36d7473-1150-4097-a96b-3dfd5837ce75,AMD Ryzen Threadripper PRO 9975WX,AMD,Threadripper 9000,9975WX,2025,Ryzen Threadripper PRO 9000,sTR5,e36d7473-1150-4097-a96b-3dfd5837ce75.json,32 × 64 KB Instruction Cache + 32 × 32 KB Data Cache,32,128,0,0,4,5.4,Shimada Peak,0,0,64,32,B0FJ6K1FMP,,https://www.amd.com/en/products/processors/workstations/ryzen-threadripper/9000-wx-series/amd-ryzen-threadripper-pro-9975wx.html,N82E16819113911,17365812462,,Ryzen Threadripper PRO 9975WX | 100-100000723WOF,Zen 5,True,False,0,0,,0,"TSMC 4nm FinFET, TSMC 6nm FinFET",8,2048,DDR5,Boxed,0,True,350
e3f597e3-0a3d-44dd-89ee-292ccb9767a4,Intel Xeon E5-2665,Intel,Xeon E5 2600,2665,2012,Xeon E5 2600,LGA 2011,e3f597e3-0a3d-44dd-89ee-292ccb9767a4.json,8 × 32 KB Instruction + 8 × 32 KB Data (512 KB total),2,20,0,0,2.4,3.1,Sandy Bridge-EP,0,0,16,8,B007H29F28,,https://www.intel.com/content/www/us/en/products/sku/64597/intel-xeon-processor-e52665-20m-cache-2-40-ghz-8-00-gts-intel-qpi/specifications.html,N82E16819117361,1138226592,,BX80621E52665,Sandy Bridge EP,True,False,0,0,,0,32 nm,4,384,DDR3,Boxed,0,True,115
e417d251-50aa-4744-99d2-7075d2b60732,Intel Xeon E3-1226 v3,Intel,Xeon E3 1200 v3,1226 v3,2014,Xeon E3 1200 v3,LGA 1150,e417d251-50aa-4744-99d2-7075d2b60732.json,4 × 32 KB Instruction + 4 × 32 KB Data (256 KB total),1,8,0,0,3.3,3.7,Haswell-WS,0,0,4,4,B00K8SLVTS,,https://www.intel.com/content/www/us/en/products/sku/80917/intel-xeon-processor-e31226-v3-8m-cache-3-30-ghz/specifications.html,N82E16819117319,,,BX80646E31226V3,Haswell,True,True,350,1200,Intel HD Graphics P4600,160,22 nm,2,32,DDR3,Boxed,0,False,84
e4385f8f-8c55-4b4d-a10d-d457897d2062,Intel Core i7 8700K,Intel,Core i7 8700,8700K,2017,Core i7 8700,LGA 1151,e4385f8f-8c55-4b4d-a10d-d457897d2062.json,6 × 64 KB (32 KB L1I + 32 KB L1D),1.5,12,0,0,3.7,4.7,Coffee Lake,0,0,12,6,B07598VZR8,6162997,https://www.intel.com/content/www/us/en/products/sku/126684/intel-core-i78700k-processor-12m-cache-up-to-4-70-ghz/specifications.html,N82E16819117827,496825171,,BX80684I78700K,Coffee Lake,False,False,350,1200,Intel UHD Graphics 630,192,14 nm,2,128,DDR4,Boxed,0,True,95
e44c434a-a394-4360-a930-b8eaf77ab427,Intel Core i5 7400,Intel,Core i5 7400,7400,2017,Core i5 7400,LGA 1151,e44c434a-a394-4360-a930-b8eaf77ab427.json,256 KB total (4 cores × 32 KB Instruction + 32 KB Data per core),1,6,0,0,3,3.5,Kaby Lake,0,0,4,4,B01MSTDS3N,,https://www.intel.com/content/www/us/en/products/sku/97147/intel-core-i57400-processor-6m-cache-up-to-3-50-ghz/specifications.html,N82E16819117731,424070600,,BX80677I57400,Kaby Lake,False,True,350,1000,Intel HD Graphics 630,192,14 nm,2,64,DDR4 | DDR3,Boxed,0,False,65
e4765a2c-84c4-4e01-9b32-bae40a0b1ebe,Intel Xeon E3-1275 v3,Intel,Xeon E3 1200 v3,1275 v3,2013,Xeon E3 1200 v3,LGA 1150,e4765a2c-84c4-4e01-9b32-bae40a0b1ebe.json,4 × 32 KB Instruction + 4 × 32 KB Data (256 KB total),1,8,0,0,3.5,3.9,Haswell-WS,0,0,8,4,B00D69PZ7U,,https://www.intel.com/content/www/us/en/products/sku/75464/intel-xeon-processor-e31275-v3-8m-cache-3-50-ghz/specifications.html,N82E16819116908,,,BX80646E31275V3,Haswell,True,True,350,1250,Intel HD Graphics P4600,160,22 nm,2,32,DDR3,Boxed,0,True,84
e4a66aac-5c74-4833-958d-32719b9ad077,AMD Ryzen 7 9850X3D,AMD,Ryzen 7 9000,9850X3D,2026,Ryzen 7 9000,AM5,e4a66aac-5c74-4833-958d-32719b9ad077.json,8 × 64 KB (32 KB L1I + 32 KB L1D),8,96,0,0,4.7,5.6,Granite Ridge,0,0,16,8,B0G8JMLXNQ,6669037,https://www.amd.com/en/products/processors/desktops/ryzen/9000-series/amd-ryzen-7-9850x3d.html,N82E16819113934,19435522691,2026-01-29T13:30:19.653Z,100-100001973WOF,Zen 5,True,False,400,2200,AMD Radeon Graphics,128,"TSMC 4nm FinFET, TSMC 6nm FinFET",2,256,DDR5,Boxed,162,True,120
e4d7a46e-b403-43a3-96cd-ed0b963077a3,Intel Xeon E 2124 3.3 GHz 4-Core LGA1151,Intel,Intel Xeon E,,,Intel Xeon E,LGA 1151,e4d7a46e-b403-43a3-96cd-ed0b963077a3.json,,1,8,,,3.3,4.3,Coffee Lake,,4,4,4,,,,,,,BX80684E2124,Coffee Lake,True,False,,,,,14 nm,,64,,Boxed,,False,71
e53fd77d-8083-4243-8739-a8ec2311b25a,Intel Core i5 14500,Intel,Core i5 14000,14500,2024,Core i5 14000,LGA 1700,e53fd77d-8083-4243-8739-a8ec2311b25a.json,6 × 80 KB + 8 × 64 KB (L1 per-core totals),11.5,24,1.9,3.7,2.6,5,Raptor Cove / Gracemont,8,6,20,14,B0CQ27H8VY,,https://www.intel.com/content/www/us/en/products/sku/236784/intel-core-i5-processor-14500-24m-cache-up-to-5-00-ghz/specifications.html,N82E16819118478,5332423277,,BX8071514500 | 14500,Raptor Lake Refresh,True,True,300,1550,Intel UHD Graphics 770,256,Intel 7,2,192,DDR5 | DDR4,Boxed,154,True,65
e55945ee-a67a-4207-846c-64a148641e2e,Intel Core i9 9820X 3.3 GHz 10-Core LGA2066,Intel,Intel Core i9,,,Intel Core i9,LGA 2066,e55945ee-a67a-4207-846c-64a148641e2e.json,,10,5,,,3.3,4.1,Skylake-X,,10,20,10,,,,,,,CD8067304126901,Skylake,False,False,,,,,14 nm,,128,,OEM/Tray,,True,165
e5b3a5b6-4a78-4643-a729-01056c846f75,Intel Core i7 11700KF,Intel,Core i7 11000,11700KF,2021,Core i7 11000,LGA 1200,e5b3a5b6-4a78-4643-a729-01056c846f75.json,8 × 64 KB (32 KB L1I + 32 KB L1D),4,16,0,0,3.6,5,Rocket Lake-S,0,0,16,8,B08X6NXNX7,,https://www.intel.com/content/www/us/en/products/sku/212048/intel-core-i711700kf-processor-16m-cache-up-to-5-00-ghz/specifications.html,N82E16819118260,436462644,,BX8070811700KF,Rocket Lake,False,False,0,0,,0,14 nm,2,128,DDR4,Boxed,0,True,125
e5cfe8e9-61ec-49b0-9292-7a56aed758aa,Intel Core i5 10600K,Intel,Core i5 10000,10600K,2020,Core i5 10000,LGA 1200,e5cfe8e9-61ec-49b0-9292-7a56aed758aa.json,6 × 64 KB (32 KB L1I + 32 KB L1D),1.5,12,0,0,4.1,4.8,Comet Lake,0,0,12,6,B086MHSH2C,6411493,https://www.intel.com/content/www/us/en/products/sku/199311/intel-core-i510600k-processor-12m-cache-up-to-4-80-ghz/specifications.html,N82E16819118124,816787736,,BX8070110600K | PK8071305129200,Comet Lake,False,False,350,1200,Intel UHD Graphics 630,192,14 nm,2,128,DDR4,Boxed,0,True,125
e5fdda36-15df-414f-8c27-3e350a7da299,Intel Core i5 9600T OEM/Tray,Intel,Core i5 9000,9600T,2019,Core i5 9000,LGA 1151,e5fdda36-15df-414f-8c27-3e350a7da299.json,6 × 32 KB Instruction + 6 × 32 KB Data (384 KB total),1.5,9,0,0,2.3,3.9,Coffee Lake,0,0,6,6,,,https://www.intel.com/content/www/us/en/products/sku/191051/intel-core-i59600t-processor-9m-cache-up-to-3-90-ghz/specifications.html,,,,CM8068403358709,Coffee Lake,False,False,350,1150,Intel UHD Graphics 630,192,14 nm,2,128,DDR4,OEM/Tray,0,False,35
e60e50a8-3fa6-4816-aeb2-6943258f8c76,AMD Athlon X4 940,AMD,Athlon X4 900,940,2017,Athlon X4 900,AM4,e60e50a8-3fa6-4816-aeb2-6943258f8c76.json,2 × 96 KB Instruction + 4 × 32 KB Data (320 KB total),2,0,0,0,3.2,3.6,Bristol Ridge,0,0,4,4,,,,,,,AD940XAGABBOX,Excavator,False,False,0,0,,0,28 nm,2,64,DDR4,Boxed,0,False,65
e66470af-b6ba-4900-99a9-bfc4e9906cec,Intel Xeon E5 1620 V4 3.5 GHz 4-Core LGA2011-3,Intel,Intel Xeon E5,,,Intel Xeon E5,LGA 2011-3,e66470af-b6ba-4900-99a9-bfc4e9906cec.json,,1,10,,,3.5,3.8,Broadwell-EP,,4,8,4,,,,,,,BX80660E51620V4,Broadwell,True,False,,,,,14 nm,,1536,,Boxed,,True,140
e67e945b-0f69-4567-ab8e-0e2a0ff97756,Intel Core i5 11600KF,Intel,Core i5 11000,11600KF,2021,Core i5 11000,LGA 1200,e67e945b-0f69-4567-ab8e-0e2a0ff97756.json,6 × 32 KB Instruction + 6 × 48 KB Data (480 KB total),3,12,0,0,3.9,4.9,Cypress Cove,0,0,12,6,B08X62BTJD,,https://www.intel.com/content/www/us/en/products/sku/212276/intel-core-i511600kf-processor-12m-cache-up-to-4-90-ghz/specifications.html,N82E16819118261,301256908,,BX8070811600KF,Rocket Lake,False,False,0,0,,0,14 nm,2,128,DDR4,Boxed,0,True,125
e729304a-edb5-4009-8c21-e348da959fda,Intel Core i5 3330S,Intel,Core i5 3000,3330S,2012,Core i5 3000,LGA 1155,e729304a-edb5-4009-8c21-e348da959fda.json,4 × 64 KB (32 KB L1I + 32 KB L1D),1,6,0,0,2.7,3.2,Ivy Bridge,0,0,4,4,B00A98S57S,,https://www.intel.com/content/www/us/en/products/sku/65510/intel-core-i53330s-processor-6m-cache-up-to-3-20-ghz/specifications.html,N82E16819117810,103798381,,CM8063701159804,Ivy Bridge,False,False,650,1050,Intel HD Graphics 2500,16,22 nm,2,32,DDR3,OEM/Tray,0,False,65
e80823a0-6dd5-47d0-b69b-852e92acf964,Intel Core i9-14900K,Intel,Core i9 14000,14900KS,2023,Core i9 14000,LGA 1700,e80823a0-6dd5-47d0-b69b-852e92acf964.json,8 × 80 KB + 16 × 64 KB (L1 per-core totals),32,36,2.4,4.4,3.2,5.6,Raptor Cove / Gracemont,16,8,32,24,B0CGJDKLB8,6560418,https://www.intel.com/content/www/us/en/products/sku/236773/intel-core-i9-processor-14900k-36m-cache-up-to-6-00-ghz/specifications.html,N82E16819118496,5508660228,,BX8071514900K,Raptor Lake Refresh,True,False,300,1650,Intel UHD Graphics 770,256,Intel 7,2,192,DDR5 | DDR4,Boxed,253,True,125
e8545714-9fb7-4869-bd97-93cfeff34a0b,Intel Core i7-11700,Intel,Core i7 11000,11700,2021,Core i7 11000,LGA 1200,e8545714-9fb7-4869-bd97-93cfeff34a0b.json,8 × 32 KB Instruction + 8 × 48 KB Data (640 KB total),4,16,0,0,2.5,4.9,Cypress Cove,0,0,16,8,B08X6QHYDL,,https://www.intel.com/content/www/us/en/products/sku/212279/intel-core-i711700-processor-16m-cache-up-to-4-90-ghz/specifications.html,N82E16819118237,261589911,,BX8070811700,Rocket Lake,False,True,350,1300,Intel UHD Graphics 750,256,14 nm,2,128,DDR4,Boxed,0,True,65
e878479c-338f-470a-a79b-f15f86debcd9,Intel Xeon E3-1220 v6,Intel,Xeon E3 1200 v6,1220,2011,Xeon E3 1200 v6,LGA 1151,e878479c-338f-470a-a79b-f15f86debcd9.json,4 × 32 KB Instruction + 4 × 32 KB Data (256 KB total),1,8,0,0,3,3.5,Sandy Bridge,0,0,4,4,B06XX2KWCX,,https://www.intel.com/content/www/us/en/products/sku/97470/intel-xeon-processor-e31220-v6-8m-cache-3-00-ghz/specifications.html,,515065257,,BX80677E31220V6,Kaby Lake,True,True,0,0,,0,14 nm,2,64,DDR4 | DDR3,Boxed,0,False,72
e87a8cc3-f2aa-4f44-8d56-0f8877023c95,AMD Opteron 6320 OEM/Tray,AMD,Opteron 6300,6320,2012,Opteron 6300,G34,e87a8cc3-f2aa-4f44-8d56-0f8877023c95.json,4 × 64 KB Instruction + 8 × 16 KB Data (384 KB total),8,16,0,0,2.8,3.3,Abu Dhabi,0,0,8,8,B00B86PP1E,,,N82E16819113315,,,OS6320WKT8GHK,Piledriver,True,False,0,0,,0,32 nm,4,256,DDR3,OEM/Tray,0,False,115
e88d12fe-6384-4d97-befc-3a0ec16a9e5b,AMD Ryzen 7 5700X,AMD,Ryzen 7 5000,5700X,2022,Ryzen 7 5000,AM4,e88d12fe-6384-4d97-befc-3a0ec16a9e5b.json,8 × 64 KB (32 KB L1I + 32 KB L1D),4,32,0,0,3.4,4.6,Vermeer,0,0,16,8,B09VCHQHZ6,6510770,https://www.amd.com/en/support/downloads/drivers.html/processors/ryzen/ryzen-5000-series/amd-ryzen-7-5700x.html,N82E16819113735,765713065,,100-100000926WOF | AMD Ryzen 7 5700X,Zen 3,True,False,0,0,,0,"TSMC 7nm FinFET, 12nm (Globalfoundries)",2,128,DDR4,Boxed,88,True,65
e88eb56d-8a6b-44d4-87c4-7846f12dbe0b,AMD Ryzen 9 9950X3D2,AMD,Ryzen 9 9000,9950X3D2,2026,Ryzen 9 9000,AM5,e88eb56d-8a6b-44d4-87c4-7846f12dbe0b.json,16 × 64 KB (32 KB L1I + 32 KB L1D),16,192,0,0,4.3,5.6,Granite Ridge,0,0,32,16,B0GTRTJSNZ,6676711,https://www.amd.com/en/products/processors/desktops/ryzen/9000-series/amd-ryzen-9-9950x3d2-dual-edition.html,N82E16819113938,20132856115,2026-04-26T12:59:30.000Z,100-100001978WOF | 100-000001978 | AMD Ryzen 9 9950X3D2 Dual Edition,Zen 5,True,False,400,2200,AMD Radeon Graphics,128,"TSMC 4nm FinFET, TSMC 6nm FinFET",2,256,DDR5,Boxed,270,True,200
e94bcdb0-a842-447e-9c20-6d7db68e8e85,AMD Ryzen 7 PRO 7745 OEM/Tray,AMD,Ryzen 7 PRO 7000,7745,2023,Ryzen 7 PRO 7000,AM5,e94bcdb0-a842-447e-9c20-6d7db68e8e85.json,8 × 64 KB Instruction + 8 × 32 KB Data (768 KB total),8,32,0,0,3.8,5.3,Raphael,0,0,16,8,B0D1CL2T85,,https://www.amd.com/en/support/downloads/drivers.html/processors/ryzen-pro/ryzen-pro-7000-series/amd-ryzen-7-pro-7745.html,,,,100-000000599,Zen 4,True,False,400,2200,AMD Radeon Graphics,128,"TSMC 5nm FinFET, TSMC 6nm FinFET",2,128,DDR5,OEM/Tray,88,True,65
e965f4ea-3d0e-4804-9364-309370fbb503,Intel Core i5 10600,Intel,Core i5 10000,10600,2020,Core i5 10000,LGA 1200,e965f4ea-3d0e-4804-9364-309370fbb503.json,6 × 32 KB Instruction + 6 × 32 KB Data (384 KB total),1.5,12,0,0,3.3,4.8,Comet Lake,0,0,12,6,B086MG2B41,,https://www.intel.com/content/www/us/en/products/sku/199273/intel-core-i510600-processor-12m-cache-up-to-4-80-ghz/specifications.html,,492720636,,BX8070110600,Comet Lake,False,False,350,1200,Intel UHD Graphics 630,192,14 nm,2,128,DDR4,Boxed,0,True,65
e9838ef9-6acf-46da-bbb4-3c36bebfa002,Intel Core i9 9980XE,Intel,Core i9 9000,9980XE,2018,Core i9 9000,LGA 2066,e9838ef9-6acf-46da-bbb4-3c36bebfa002.json,32 KB L1I + 32 KB L1D per core (64 KB per core total),18,24.75,0,0,3,4.4,Skylake-X,0,0,36,18,B07LBWWLG8,,https://www.intel.com/content/www/us/en/products/sku/189126/intel-core-i99980xe-extreme-edition-processor-24-75m-cache-up-to-4-50-ghz/specifications.html,,977030870,,CD8067304126600,Skylake,False,False,0,0,,0,14 nm,4,128,DDR4,OEM/Tray,0,True,165
e983fd48-8cf2-464d-9848-7b2045214c23,Intel Xeon E3-1270 v6 OEM/Tray,Intel,Xeon E3 1200 v6,1270 v6,2017,Xeon E3 1200 v6,LGA 1151,e983fd48-8cf2-464d-9848-7b2045214c23.json,4 × 32 KB Instruction + 4 × 32 KB Data (256 KB total),1,8,0,0,3.8,4.2,Kaby Lake-S,0,0,8,4,B06Y3P9BLS,,https://www.intel.com/content/www/us/en/products/sku/97479/intel-xeon-processor-e31270-v6-8m-cache-3-80-ghz/specifications.html,9SIBDKWKFB2022,,,CM8067702870648,Kaby Lake,True,False,0,0,,0,14 nm,2,64,DDR3 | DDR4,OEM/Tray,0,True,72
e9852639-3a1e-4d6b-af8e-f9f4ed6f7a09,Intel Core i5 7500T,Intel,Core i5 7000,7500T,2017,Core i5 7000,LGA 1151,e9852639-3a1e-4d6b-af8e-f9f4ed6f7a09.json,4 × 64 KB (32 KB L1I + 32 KB L1D),1,6,0,0,2.7,3.3,Kaby Lake,0,0,4,4,B01MS73QK5,,https://www.intel.com/content/www/us/en/products/sku/97121/intel-core-i57500t-processor-6m-cache-up-to-3-30-ghz/specifications.html,,,,BX80677I57500T,Kaby Lake,False,True,350,1100,Intel HD Graphics 630,192,14 nm,2,64,DDR4 | DDR3,Boxed,0,False,35
ea28e46f-dc70-4547-9701-eca335890462,AMD Ryzen 5 7500F,AMD,Ryzen 5 7000,7500F,2020,Ryzen 5 7000,AM5,ea28e46f-dc70-4547-9701-eca335890462.json,6 × 64 KB Instruction + 6 × 32 KB Data (576 KB total),6,32,0,0,3.7,5,Raphael,0,0,12,6,B0D2RWZ2LK,,https://www.amd.com/en/products/processors/desktops/ryzen/7000-series/amd-ryzen-5-7500f.html,N82E16819113827,10690255858,,100-100000597BOX,Zen 4,True,True,0,0,0,0,"TSMC 5nm FinFET, TSMC 6nm FinFET",2,128,DDR5,Boxed,88,True,65
ea572259-ac1a-4233-9294-5981726af669,Intel Xeon E-2236 OEM/Tray,Intel,Xeon E 2200,2236,2019,Xeon E 2200,LGA 1151,ea572259-ac1a-4233-9294-5981726af669.json,6 × 32 KB Instruction + 6 × 32 KB Data (384 KB total),1.5,12,0,0,3.4,4.8,Coffee Lake-S WS,0,0,12,6,B088WL697P,,https://www.intel.com/content/www/us/en/products/sku/191040/intel-xeon-e2236-processor-12m-cache-3-40-ghz/specifications.html,,10692270066,,CM8068404174603,Coffee Lake,True,False,0,0,,0,14 nm,2,128,DDR4,OEM/Tray,0,True,80
ea7fa8f8-bef5-4783-8b21-c7548bb46dd6,Intel Xeon E5-2690 v4,Intel,Xeon E5 2600 v4,2690 v4,2016,Xeon E5 2600 v4,LGA 2011-3,ea7fa8f8-bef5-4783-8b21-c7548bb46dd6.json,14 × 32 KB Instruction + 14 × 32 KB Data (896 KB total),3.5,35,0,0,2.6,3.5,Broadwell-EP,0,0,28,14,B01BRCKNWY,,https://www.intel.com/content/www/us/en/products/sku/91770/intel-xeon-processor-e52690-v4-35m-cache-2-60-ghz/specifications.html,N82E16819117636,50972854,,BX80660E52690V4,Broadwell,True,False,0,0,,0,14 nm,4,1536,DDR4,Boxed,0,True,135
ea92e2c9-afa9-4c7a-8f25-df4083b0680f,AMD Ryzen 5 1600,AMD,Ryzen 5 1000,1600,2017,Ryzen 5 1000,AM4,ea92e2c9-afa9-4c7a-8f25-df4083b0680f.json,6 × 96 KB (64 KB L1I + 32 KB L1D),3,16,0,0,3.2,3.6,Summit Ridge,0,0,12,6,B06XNRQHG4,,https://www.amd.com/en/support/downloads/drivers.html/processors/ryzen/ryzen-1000-series/amd-ryzen-5-1600.html,N82E16819113435,706956560,,YD1600BBAEBOX,Zen,False,True,0,0,,0,12 nm,2,64,DDR4,Boxed,0,True,65
eabc2ad4-eb1b-4f10-b613-a15219a79c80,Intel Xeon E 2276G 3.8 GHz 6-Core LGA1151 (OEM/Tray),Intel,Intel Xeon E,,,Intel Xeon E,LGA 1151,eabc2ad4-eb1b-4f10-b613-a15219a79c80.json,,5,12,,,3.8,4.9,Coffee Lake Refresh,,6,12,6,,,,,,,CM8068404227703,Coffee Lake Refresh,True,False,,,Intel HD Graphics P630,,14 nm,,128,,OEM/Tray,,True,80
eae7a655-d281-44a8-8f12-3c6a577bf1c0,Intel Core i5 6402P,Intel,Core i5 6000,6402P,2015,Core i5 6000,LGA 1151,eae7a655-d281-44a8-8f12-3c6a577bf1c0.json,4 × 32 KB Instruction + 4 × 32 KB Data (256 KB total),1,6,0,0,2.8,3.4,Skylake-S,0,0,4,4,B01B2PJRN2,,https://www.intel.com/content/www/us/en/products/sku/93277/intel-core-i56402p-processor-6m-cache-up-to-3-40-ghz/specifications.html,9SIAAEEHUK9463,50513001,,BX80662I56402P,Skylake,False,True,350,950,Intel HD Graphics 510,96,14 nm,2,64,DDR4 | DDR3,Boxed,0,False,65
eb0118de-42da-4093-8249-2c8fc889ba85,Intel Core i7 5820K,Intel,Core i7 5000,5820K,2014,Core i7 5000,LGA 2011-3,eb0118de-42da-4093-8249-2c8fc889ba85.json,6 × 32 KB Instruction + 6 × 32 KB Data (384 KB total),1.5,15,0,0,3.3,3.6,Haswell-E,0,0,12,6,B00PDD3IX0,,https://www.intel.com/content/www/us/en/products/sku/82932/intel-core-i75820k-processor-15m-cache-up-to-3-60-ghz/specifications.html,,478717631,,CM8064801548435,Haswell-E,False,False,0,0,,0,22 nm,4,64,DDR4,OEM/Tray,0,True,140
ebb0e539-2265-4e3f-bb05-960429116b4b,Intel Core i7 13700F,Intel,Core i7 13000,13700F,2023,Core i7 13000,LGA 1700,ebb0e539-2265-4e3f-bb05-960429116b4b.json,8 × 80 KB + 8 × 64 KB (L1 per-core totals),24,30,1.5,4.1,2.1,5.2,Raptor Cove / Gracemont,8,8,24,16,B0BQ6CSY9C,6530248,https://www.intel.com/content/www/us/en/products/sku/230491/intel-core-i713700f-processor-30m-cache-up-to-5-20-ghz/specifications.html,N82E16819118428,2396027096,,BX8071513700F,Raptor Lake,False,True,0,0,,0,Intel 7,2,192,DDR5 | DDR4,Boxed,219,True,65
ebda4b33-5256-4f3a-9c7f-b2701c84da71,AMD Ryzen 5 3600X OEM/Tray,AMD,Ryzen 5 3000,3600X,2019,Ryzen 5 3000,AM4,ebda4b33-5256-4f3a-9c7f-b2701c84da71.json,6 × 64 KB Instruction + 6 × 32 KB Data (576 KB total),3,32,0,0,3.8,4.4,Matisse,0,0,12,6,B0893LPYCQ,,https://www.amd.com/en/support/downloads/drivers.html/processors/ryzen/ryzen-3000-series/amd-ryzen-5-3600x.html,N82E16819113575,,,100-000000022,Zen 2,False,False,0,0,,0,TSMC 7nm FinFET,2,128,DDR4,OEM/Tray,128,True,95
ebff2be8-3870-47b5-ac0e-a09f3bece51a,Intel Core i7 7800X,Intel,Core i7 7000,7800X,2017,Core i7 7000,LGA 2066,ebff2be8-3870-47b5-ac0e-a09f3bece51a.json,6 × 32 KB Instruction + 6 × 32 KB Data (384 KB total),6,8.25,0,0,3.5,4,Skylake-X,0,0,12,6,B071H1B3Z1,,https://www.intel.com/content/www/us/en/products/sku/123589/intel-core-i77800x-xseries-processor-8-25m-cache-up-to-4-00-ghz/specifications.html,N82E16819117793,321572929,,BXC80673I77800X,Skylake,False,False,0,0,,0,14 nm,4,128,DDR4,Boxed,0,True,140
ec460ae9-d125-4d92-ac76-87645aedf616,Intel Core i7 10700,Intel,Core i7 10000,10700,2020,Core i7 10000,LGA 1200,ec460ae9-d125-4d92-ac76-87645aedf616.json,512 KB (8×32 KB L1 Data + 8×32 KB L1 Instruction),2,16,0,0,2.9,4.8,Comet Lake,0,0,16,8,B086MG1C7C,6411495,https://www.intel.com/content/www/us/en/products/sku/199316/intel-core-i710700-processor-16m-cache-up-to-4-80-ghz/specifications.html,N82E16819118126,256445278,,BX8070110700 | BX8070110700-2,Comet Lake,False,True,350,1200,Intel UHD Graphics 630,192,14 nm,2,128,DDR4,Boxed,0,True,65
ecae0aef-42a1-40e1-8740-e63f81d02042,Intel Core i5 8600,Intel,Core i5 8000,8600,2018,Core i5 8000,LGA 1151,ecae0aef-42a1-40e1-8740-e63f81d02042.json,6 × 32 KB Instruction + 6 × 32 KB Data (384 KB total),1.5,9,0,0,3.1,4.3,Coffee Lake,0,0,6,6,B0793CD3V2,,https://www.intel.com/content/www/us/en/products/sku/129937/intel-core-i58600-processor-9m-cache-up-to-4-30-ghz/specifications.html,N82E16819117885,959373704,,BX80684I58600,Coffee Lake,False,True,350,1150,Intel UHD Graphics 630,192,14 nm,2,128,DDR4,Boxed,0,False,65
ecebadb2-f535-4dbf-a847-9d92971e2b00,Intel Core i5-12600,Intel,Core i5 12000,12600,2022,Core i5 12000,LGA 1700,ecebadb2-f535-4dbf-a847-9d92971e2b00.json,6 × 64 KB Instruction + 6 × 48 KB Data (672 KB total),7.5,18,0,0,3.3,4.8,Golden Cove,0,6,12,6,B09MSLG944,,https://www.intel.com/content/www/us/en/products/sku/96149/intel-core-i512600-processor-18m-cache-up-to-4-80-ghz/specifications.html,N82E16819118371,182825416,,BX8071512600,Alder Lake,True,True,300,1450,Intel UHD Graphics 770,256,Intel 7,2,128,DDR5 | DDR4,Boxed,117,True,65
ed3c1bda-9520-40b5-bb05-e7e44ae7bfc1,Intel Core i5 13600K,Intel,Core i5 13000,13600K,2022,Core i5 13000,LGA 1700,ed3c1bda-9520-40b5-bb05-e7e44ae7bfc1.json,"80KB per P-core, 96KB per E-core",20,24,2.6,3.9,3.5,5.1,Raptor Cove / Gracemont,8,6,20,14,B0BCDR9M33,6521196,https://www.intel.com/content/www/us/en/products/sku/230493/intel-core-i513600k-processor-24m-cache-up-to-5-10-ghz/specifications.html,,1768427646,,BX8071513600K | i5-13600K,Raptor Lake Refresh,True,False,300,1.5,Intel UHD Graphics 770,256,Intel 7,2,192,DDR5 | DDR4,Boxed,181,True,125
eda463d1-d4b6-4f1a-96dd-0416efe84381,AMD Ryzen 9 7900X,AMD,Ryzen 9 7000,7900X,2022,Ryzen 9 7000,AM5,eda463d1-d4b6-4f1a-96dd-0416efe84381.json,12 × 64 KB (32 KB Instruction + 32 KB Data),12,64,0,0,4.7,5.6,Raphael,0,0,24,12,B0BBJ59WJ4,6519473,https://www.amd.com/en/products/processors/desktops/ryzen/7000-series/amd-ryzen-9-7900x.html,N82E16819113769,1679137132,,100-100000589WOF | RYZEN 9 7900X | 100100000589WOF,Zen 4,True,False,400,2200,AMD Radeon Graphics,0,"TSMC 5nm FinFET, TSMC 6nm FinFET",2,128,DDR5,Boxed,230,True,170
ee10268f-5b1a-4d1b-b4de-0ff59423fea9,Intel Core i9 7940X,Intel,Core i9 7000,7940X,2017,Core i9 7000,LGA 2066,ee10268f-5b1a-4d1b-b4de-0ff59423fea9.json,14 × 32 KB Instruction + 14 × 32 KB Data (896 KB total),14,19.25,0,0,3.1,4.4,Skylake-X,0,0,28,14,B07NSYV5R7,,https://www.intel.com/content/www/us/en/products/sku/126695/intel-core-i97940x-xseries-processor-19-25m-cache-up-to-4-30-ghz/specifications.html,N82E16819117834,841944474,,BX80673I97960X,Skylake,False,False,0,0,,0,14 nm,4,128,DDR4,Boxed,0,True,165
ee2ac384-a2d9-4324-88af-d4765e604bcf,AMD Ryzen 9 9950X,AMD,AMD Ryzen 9 9000,9950X,2024,Ryzen 9 9000,AM5,ee2ac384-a2d9-4324-88af-d4765e604bcf.json,1280 KB,16,64,,,4.3,5.7,Granite Ridge,,,32,16,B0D6NNRBGP,6589134,https://www.amd.com/en/products/processors/desktops/ryzen/9000-series/amd-ryzen-9-9950x.html,N82E16819113841,8876505058,,100-100001277WOF | AMD Ryzen™ 9 9950X,Zen 5,True,False,400,2200,AMD Radeon Graphics,128,"TSMC 4nm FinFET, TSMC 6nm FinFET",2,256,DDR5,Boxed,230,True,170
ee44b97d-f489-4f09-8d7b-2a3f8668a4c8,Intel Core i5 4440,Intel,Core i5 4000,4440,2013,Core i5 4000,LGA 1150,ee44b97d-f489-4f09-8d7b-2a3f8668a4c8.json,4 × 32 KB Instruction + 4 × 32 KB Data (256 KB total),1,6,0,0,3.1,3.3,Haswell,0,0,4,4,B00EUUIWZ6,,https://www.intel.com/content/www/us/en/products/sku/75038/intel-core-i54440-processor-6m-cache-up-to-3-30-ghz/specifications.html,N82E16819116942,39105813,,BX80646I54440,Haswell,False,False,350,1100,Intel HD Graphics 4600,160,22 nm,2,32,DDR3,Boxed,0,False,84
ef051311-c91d-425d-a91c-585ea31b63fd,Intel Core i7 12700KF,Intel,Core i7 12000,12700KF,2021,Core i7 12000,LGA 1700,ef051311-c91d-425d-a91c-585ea31b63fd.json,80 KB per P-core; 96 KB per E-core cluster,12,25,2.7,3.8,3.6,5,Golden Cove / Gracemont,4,8,20,12,B09FXKHN7M,6483674,https://www.intel.com/content/www/us/en/products/sku/134595/intel-core-i712700kf-processor-25m-cache-up-to-5-00-ghz/specifications.html,N82E16819118345,664508244,,BX8071512700KF,Alder Lake,False,False,0,0,,0,Intel 7,2,128,DDR5 | DDR4,Boxed,190,True,125
ef55d969-f601-4c8c-8b9c-3ce22de029e0,AMD A10-7870K OEM/Tray,AMD,A-Series A10 7000,7870K,2015,A-Series A10 7000,FM2+,ef55d969-f601-4c8c-8b9c-3ce22de029e0.json,2 × 96 KB Instruction + 4 × 16 KB Data (256 KB total),4,0,0,0,3.9,4.1,Kaveri,0,0,4,4,B01CO2JDLI,,https://www.amd.com/en/support/downloads/drivers.html/processors/a-series/a10-series-apu-for-desktops/a10-7870k-with-radeon-r7-series.html,,178763920,,AD787KXDI44JC,Steamroller,False,False,866,0,AMD Radeon R7 Graphics,512,28 nm,2,64,DDR3,OEM/Tray,0,False,95
ef5ac632-1bbc-4b85-8291-ab61b16e0cae,AMD Ryzen 5 5600XT OEM/Tray,AMD,Ryzen 5 5000,5600XT,2024,Ryzen 5 5000,AM4,ef5ac632-1bbc-4b85-8291-ab61b16e0cae.json,6 × 32 KB Instruction + 6 × 32 KB Data (384 KB total),3,32,0,0,3.7,4.7,Vermeer,0,0,12,6,,,https://www.amd.com/en/products/processors/desktops/ryzen/5000-series/amd-ryzen-5-5600xt.html,,,,100-000001585,Zen 3,True,False,0,0,,0,"TSMC 7nm FinFET, 12nm (Globalfoundries)",2,128,DDR4,OEM/Tray,88,True,65
ef919fd3-b02f-414b-987f-7fea17ff8d82,Intel Core i7 7740X,Intel,Core i7 7000,7740X,2017,Core i7 7000,LGA 2066,ef919fd3-b02f-414b-987f-7fea17ff8d82.json,4 × 32 KB Instruction + 4 × 32 KB Data (256 KB total),1,8,0,0,4.3,4.5,Kaby Lake-X,0,0,8,4,B072KTRQ9G,,https://www.intel.com/content/www/us/en/products/sku/121499/intel-core-i77740x-xseries-processor-8m-cache-up-to-4-50-ghz/specifications.html,N82E16819117792,303078782,,BX80677I77740X | i7-7740X,Kaby Lake,False,False,0,0,,0,14 nm,2,64,DDR4,Boxed,0,True,112
efc2e6bd-7bde-483b-829f-ad07e632c5b9,Intel Xeon E5-2650 v3,Intel,Xeon E5 2600 v3,2650 v3,2014,Xeon E5 2600 v3,LGA 2011-3,efc2e6bd-7bde-483b-829f-ad07e632c5b9.json,10 × 32 KB Instruction + 10 × 32 KB Data (640 KB total),2.5,25,0,0,2.3,3,Haswell-EP,0,0,20,10,B00QNIOKI6,,https://www.intel.com/content/www/us/en/products/sku/81705/intel-xeon-processor-e52650-v3-25m-cache-2-30-ghz/specifications.html,09Z-01R3-00009,,,BX80644E52650V3 | CM8064401723701,Haswell,True,False,0,0,,0,22 nm,4,768,DDR4,Boxed,0,True,105
efca94bc-ba7e-4149-a633-7d3f548f7ed8,Intel Core i5 11400F,Intel,Core i5 11000,11400F,2021,Core i5 11000,LGA 1200,efca94bc-ba7e-4149-a633-7d3f548f7ed8.json,L1I 32KB/core + L1D 48KB/core (Total 480KB),3,12,0,0,2.6,4.4,Rocket Lake-S,0,0,12,6,B08X6SZ184,,https://www.intel.com/content/www/us/en/products/sku/212271/intel-core-i511400f-processor-12m-cache-up-to-4-40-ghz/specifications.html,N82E16819118246,367606829,,BX8070811400F | BX8070811400 | BXC8070811400F | BX8070110400F,Rocket Lake,False,True,0,0,,0,14 nm,2,128,DDR4,Boxed,0,True,65
efff71a9-9435-46f2-9195-3f5a6e452494,Intel Xeon E3 1225 V3,Intel,Xeon E3 1200 v3,1225 v3,2013,Xeon E3 1200 v3,LGA 1150,efff71a9-9435-46f2-9195-3f5a6e452494.json,4 × 32 KB Instruction + 4 × 32 KB Data (256 KB total),1,8,0,0,3.2,3.6,Haswell-WS,0,0,4,4,B00D69Q0GK,,https://www.intel.com/content/www/us/en/products/sku/75461/intel-xeon-processor-e31225-v3-8m-cache-3-20-ghz/specifications.html,N82E16819116910,,,BX80646E31225V3,Haswell,True,True,350,1200,Intel HD Graphics P4600,160,22 nm,2,32,DDR3,Boxed,0,False,84
f048e8d4-a34d-425e-b64b-1a5c848d3c12,Intel Xeon E3 1245 v3 OEM/Tray,Intel,Xeon E3 1200 v3,1245 v3,2013,Xeon E3 1200 v3,LGA 1150,f048e8d4-a34d-425e-b64b-1a5c848d3c12.json,4 × 32 KB Instruction + 4 × 32 KB Data (256 KB total),1,8,0,0,3.4,3.8,Haswell-WS,0,0,8,4,B0FPCDN739,,https://www.intel.com/content/www/us/en/products/sku/75462/intel-xeon-processor-e31245-v3-8m-cache-3-40-ghz/specifications.html,,,,CM8064601466509,Haswell,True,False,350,1200,Intel HD Graphics P4600,160,22 nm,2,32,DDR3,OEM/Tray,0,True,84
f0a97d97-78c0-4794-8dba-7d5f5e8917d8,AMD A-Series A10 6800B,AMD,A-Series A10 6000,6800B,2013,A-Series A10 6000,FM2,f0a97d97-78c0-4794-8dba-7d5f5e8917d8.json,2 × 64 KB Instruction + 4 × 16 KB Data (192 KB total),4,0,0,0,4.1,4.4,Richland,0,0,4,4,,,https://www.amd.com/en/support/downloads/drivers.html/processors/a-series/business-class---quad-core-a10-series-apu-for-desktops/a10-6800b-with-radeon-hd-8670d.html#amd_support_product_spec,,,,AD680BWOA44HL,Piledriver,False,False,0,844,AMD Radeon HD 8670D,384,32nm SOI,2,64,DDR3,OEM/Tray,0,False,45
f151e49a-c8ad-4f44-b2de-d44e3f37623a,AMD Athlon X4 845,AMD,Athlon X4 800,845,2016,Athlon X4 800,FM2+,f151e49a-c8ad-4f44-b2de-d44e3f37623a.json,2 × 96 KB Instruction + 4 × 32 KB Data (320 KB total),2,0,0,0,3.5,3.8,Carrizo,0,0,4,4,B01BF376EI,,https://www.techpowerup.com/cpu-specs/athlon-x4-845.c2600,,131311191,,AD845XACKASBX | B960961,Excavator,False,True,0,0,,0,28 nm,2,64,DDR3,Boxed,0,False,65
f165b2c9-fa32-4bfd-8ebe-2a0606dec25e,Intel Core i3 10100,Intel,Core i3 10000,10100,2020,Core i3 10000,LGA 1200,f165b2c9-fa32-4bfd-8ebe-2a0606dec25e.json,4 × 64 KB (32 KB L1I + 32 KB L1D),1,6,0,0,3.6,4.3,Comet Lake,0,0,8,4,B086MMRW87,6411497,,N82E16819118138,350273118,,BX8070110100,Comet Lake,False,False,350,1100,Intel UHD Graphics 630,192,14 nm,2,128,DDR4,Boxed,0,True,65
f1c3343b-8ea7-4a0c-9166-eaee8fc8d313,Intel Core i5 6600,Intel,Core i5 6000,6600,2015,Core i5 6000,LGA 1151,f1c3343b-8ea7-4a0c-9166-eaee8fc8d313.json,4 × 32 KB Instruction + 4 × 32 KB Data (256 KB total),1,6,0,0,3.3,3.9,Skylake,0,0,4,4,B010T6D39O,,https://www.intel.com/content/www/us/en/products/sku/88188/intel-core-i56600-processor-6m-cache-up-to-3-90-ghz/specifications.html,N82E16819117562,,,BX80662I56600,Skylake,False,True,350,1150,Intel HD Graphics 530,192,14 nm,2,64,DDR3 | DDR4,Boxed,0,False,65
f2133cc2-e9de-4068-b71a-ce19410393af,Intel Core i5 9600KF,Intel,Core i5 9000,9600KF,2019,Core i5 9000,LGA 1151,f2133cc2-e9de-4068-b71a-ce19410393af.json,6 × 32 KB Instruction + 6 × 32 KB Data (384 KB total),1.5,9,0,0,3.7,4.6,Coffee Lake,0,0,6,6,B07TF7KZVT,,https://www.intel.com/content/www/us/en/products/sku/190884/intel-core-i59600kf-processor-9m-cache-up-to-4-60-ghz/specifications.html,N82E16819117996,910210684,,CM8068403874410 | CM8068403874410S RG12,Coffee Lake Refresh,False,False,0,0,,0,14 nm,2,128,DDR4,Boxed,0,False,95
f2f956e6-c0df-4c3e-b2ad-5c3c57e2e13b,AMD Ryzen 9 3900X OEM/Tray,AMD,Ryzen 9 3000,3900X,2019,Ryzen 9 3000,AM4,f2f956e6-c0df-4c3e-b2ad-5c3c57e2e13b.json,12 × 64 KB Instruction + 12 × 32 KB Data (1152 KB total),6,64,0,0,3.8,4.6,Matisse,0,0,24,12,,,https://www.amd.com/en/support/downloads/drivers.html/processors/ryzen/ryzen-3000-series/amd-ryzen-9-3900x.html,9SIC4RPKRD4351,,,100-000000023,Zen 2,False,False,0,0,,0,TSMC 7nm FinFET,2,128,DDR4,OEM/Tray,142,True,105
f3142c81-331a-4117-b394-6206e39d789e,Intel Core i5 6500,Intel,Core i5 6000,6500,2015,Core i5 6000,LGA 1151,f3142c81-331a-4117-b394-6206e39d789e.json,4 × 64 KB (32 KB L1I + 32 KB L1D),1,6,0,0,3.2,3.6,Skylake,0,0,4,4,B01BWLMSFK,,https://www.intel.com/content/www/us/en/products/sku/88184/intel-core-i56500-processor-6m-cache-up-to-3-60-ghz/specifications.html,N82E16819117586,509978558,,CM8066201920404,Skylake,False,False,350,1050,Intel HD Graphics 530,192,14 nm,2,64,DDR4 | DDR3,OEM/Tray,0,False,65
f34f9bc1-0136-43ee-bd78-a9efbd0e5f17,AMD Ryzen 5 3600,AMD,Ryzen 5 3000,3600,2019,Ryzen 5 3000,AM4,f34f9bc1-0136-43ee-bd78-a9efbd0e5f17.json,6 × 64 KB (32 KB I-cache + 32 KB D-cache),3,32,0,0,3.6,4.2,Matisse,0,0,12,6,B07STGGQ18,6356278,https://www.amd.com/en/support/downloads/drivers.html/processors/ryzen/ryzen-3000-series/amd-ryzen-5-3600.html,N82E16819113569,1923977030,,100-100000031BOX | 100-100000031SBX | AMD Ryzen 5 3600,Zen 2,False,True,0,0,,0,TSMC 7nm FinFET,2,128,DDR4,Boxed,88,True,65
f3afc880-6bcf-43d3-95f1-8a63c88e1121,AMD Sempron X2 250 OEM/Tray,AMD,Sempron X2 200,250,2013,Sempron X2 200,FM2,f3afc880-6bcf-43d3-95f1-8a63c88e1121.json,1 × 64 KB Instruction + 2 × 16 KB Data (96 KB total),1,0,0,0,3.2,3.6,Richland,0,0,2,2,,,https://www.cpu-world.com/CPUs/Bulldozer/AMD-Sempron%20250%20-%20SD250XOKA23HL.html,,,,SD250XOKA23HL,Piledriver,False,False,0,0,,0,32 nm,2,64,DDR3,OEM/Tray,0,False,65
f3c2517b-1b7c-43e6-914a-ea55b0631cb4,AMD A10-6700T,AMD,A-Series A10 6000,6700T,2013,A-Series A10 6000,FM2,f3c2517b-1b7c-43e6-914a-ea55b0631cb4.json,2 × 64 KB Instruction + 4 × 16 KB Data (192 KB total),4,0,0,0,2.5,3.5,Richland,0,0,4,4,B00ENT56EE,,https://www.amd.com/en/support/downloads/drivers.html/processors/a-series/a10-series-apu-for-desktops/a10-6700t-with-radeon-hd-8650d.html,N82E16819113350,,,AD670TYHA44HL,Piledriver,False,True,720,844,AMD Radeon HD 8650D,384,32nm SOI,2,64,DDR3,Boxed,0,False,45
f49640cf-bfdf-43b7-924b-151451c38863,Intel Xeon E5-2667 v2 OEM/Tray,Intel,Xeon E5 2600 v2,2667 v2,2013,Xeon E5 2600 v2,LGA 2011,f49640cf-bfdf-43b7-924b-151451c38863.json,8 × 32 KB Instruction + 8 × 32 KB Data (512 KB total),2,20,0,0,3.3,4,Ivy Bridge-EP,0,0,16,8,B08NPX1X3S,,https://www.intel.com/content/www/us/en/products/sku/75273/intel-xeon-processor-e52667-v2-25m-cache-3-30-ghz/specifications.html,2NS-0006-06EW6,605336731,,CM8063501287304 | LSE-0A3F89993E5DFDA0A52DB0F63663A4E2,Ivy Bridge-EP,True,False,0,0,,0,22 nm,4,768,DDR3,OEM/Tray,0,True,130
f4fb1df0-143e-4951-90f9-25b8660b97f9,Intel Xeon E5 2650L V4 1.7 GHz 14-Core LGA2011-3,Intel,Intel Xeon E5,,,Intel Xeon E5,LGA 2011-3,f4fb1df0-143e-4951-90f9-25b8660b97f9.json,,5,35,,,1.7,2.5,Broadwell-EP,,14,28,14,,,,,,,CM8066002033006,Broadwell,True,False,,,,,14 nm,,1536,,OEM/Tray,,True,65
f4fcdf17-ee89-4728-a37f-3bb8350cc118,Intel Celeron G5900,Intel,Core Celeron 5000,G5900,2020,Core Celeron 5000,LGA 1200,f4fcdf17-ee89-4728-a37f-3bb8350cc118.json,128 KB (2×32 KB L1 Data + 2×32 KB L1 Instruction),0.5,2,0,0,3.4,0,Comet Lake,0,0,2,2,B086MW76F8,,https://www.intel.com/content/www/us/en/products/sku/199268/intel-celeron-processor-g5900-2m-cache-3-40-ghz/specifications.html,N82E16819118143,255507550,,BX80701G5900,Comet Lake,False,False,350,1050,Intel UHD Graphics 610,96,14 nm,2,128,DDR4,OEM/Tray,0,False,58
f59894ac-8315-443c-adb5-1967307e603d,Intel Xeon E3-1270 v5,Intel,Xeon E3 1200 v5,1270 v5,2015,Xeon E3 1200 v5,LGA 1151,f59894ac-8315-443c-adb5-1967307e603d.json,4 × 32 KB Instruction + 4 × 32 KB Data (256 KB total),1,8,0,0,3.6,4,Skylake-DT,0,0,8,4,B015T35R82,,https://www.intel.com/content/www/us/en/products/sku/88174/intel-xeon-processor-e31270-v5-8m-cache-3-60-ghz/specifications.html,,,,BX80662E31270V5,Skylake,True,False,0,0,,0,14 nm,2,64,DDR4 | DDR3,Boxed,0,True,80
f5b522d1-aeea-4809-ab0b-b57aec6ba58e,Intel Core Ultra 7 265KF,Intel,Core Ultra 7 200,265KF,2024,Core Ultra 7 200,LGA 1851,f5b522d1-aeea-4809-ab0b-b57aec6ba58e.json,"192 KB per P-core, 96KB per E-core",36,30,3.3,4.6,3.9,5.5,Lion Cove / Skymont,12,8,20,20,B0DFK2WHF8,,https://www.intel.com/content/www/us/en/products/sku/241062/intel-core-ultra-7-processor-265kf-30m-cache-up-to-5-50-ghz/specifications.html,N82E16819118507,13523623112,,BX80768265KF | Intel Core Ultra 7 265KF,Arrow Lake,False,False,0,0,,0,TSMC N3B,2,256,DDR5,Boxed,250,False,125
f5cb6fa2-042a-48ce-a09d-eaf41290a607,Intel Core i5 13500,Intel,Core i5 13000,13500,2023,Core i5 13000,LGA 1700,f5cb6fa2-042a-48ce-a09d-eaf41290a607.json,896 KB total (6 P-cores × 64 KB + 8 E-cores × 64 KB per core equivalent),11.5,24,1.8,3.5,2.5,4.8,Raptor Lake-S,8,6,20,14,B0BN5YLBRG,6530251,https://www.intel.com/content/www/us/en/products/sku/230580/intel-core-i513500-processor-24m-cache-up-to-4-80-ghz/specifications.html,,2066661668,,BX8071513500 | BX8071513400F,Raptor Lake,True,True,300,1550,Intel UHD Graphics 770,256,Intel 7,2,192,DDR5 | DDR4,Boxed,154,True,65
f5cd63b4-9aa1-4fbc-9ab5-b449aded063d,AMD A10 7850K 3.7 GHz 4-Core FM2+ OEM/Tray,AMD,AMD A10,,,AMD A10,FM2+,f5cd63b4-9aa1-4fbc-9ab5-b449aded063d.json,,4,0,,,3.7,4,Kaveri,,4,4,4,,,,,,,AD785KXBI44JA,Steamroller,False,False,,,AMD Radeon R7 (on-die),,28 nm,,0,,OEM/Tray,,False,95
f6275b5f-2489-472b-8246-58b1689cfeb8,Intel Core i7 6800K 3.4 GHz 6-Core LGA2011-3,Intel,Intel Core i7,,,Intel Core i7,LGA 2011-3,f6275b5f-2489-472b-8246-58b1689cfeb8.json,,5,15,,,3.4,3.6,Broadwell-E,,6,12,6,,,,,,,BXC80671I76800K,Broadwell,False,False,,,,,14 nm,,0,,Boxed,,True,140
f6b68476-baa6-4789-ba01-e34cb34567b3,Intel Core i5 9400F,Intel,Core i5 9000,9400F,2019,Core i5 9000,LGA 1151,f6b68476-baa6-4789-ba01-e34cb34567b3.json,6 × 32 KB L1I + 6 × 32 KB L1D,1.5,9,0,0,2.9,4.1,Coffee Lake Refresh,0,0,6,6,B07MRCGQQ4,6350570,https://www.intel.com/content/www/us/en/products/sku/190883/intel-core-i59400f-processor-9m-cache-up-to-4-10-ghz/specifications.html,N82E16819117981,944198509,,BX80684I59400F,Coffee Lake Refresh,False,True,0,0,,0,14 nm,2,128,DDR4,Boxed,0,False,65
f7447617-453a-4cb8-afd2-13f9fa5af31d,Intel Xeon E5 2695 v4,Intel,Xeon E5 2600 v4,2695 v4,2016,Xeon E5 2600 v4,LGA 2011-3,f7447617-453a-4cb8-afd2-13f9fa5af31d.json,18 × 32 KB Instruction + 18 × 32 KB Data (1152 KB total),4.5,45,0,0,2.1,3.3,Broadwell-EP,0,0,36,18,B01DTYQJHQ,,https://www.intel.com/content/www/us/en/products/sku/91316/intel-xeon-processor-e52695-v4-45m-cache-2-10-ghz/specifications.html,9SIC3VJKUJ6530,165567784,,BX80660E52695V4,Broadwell,True,False,0,0,,0,14 nm,4,1536,DDR4,Boxed,0,True,120
f7cfeb10-844d-4294-83b2-337ec8eef5f9,Intel Core i5 7600T 2.8 GHz 4-Core LGA1151,Intel,Intel Core i5,,,Intel Core i5,LGA 1151,f7cfeb10-844d-4294-83b2-337ec8eef5f9.json,,1,6,,,2.8,3.7,Kaby Lake-S,,4,4,4,,,,,,,BXC80677I57600T,Kaby Lake,False,True,,,Intel HD Graphics 630,,14 nm,,64,,Boxed,,False,35
f830b297-cdce-4cfd-b0c8-c6e49bcb86b0,Intel Core i5 10600K,Intel,Core i5 10000,10600K,2020,Core i5 10000,LGA 1200,f830b297-cdce-4cfd-b0c8-c6e49bcb86b0.json,6 × 32 KB Instruction + 6 × 32 KB Data (384 KB total),1.5,12,0,0,4.1,4.8,Comet Lake,0,0,12,6,B08DHS1MLS,,https://www.intel.com/content/www/us/en/products/sku/199311/intel-core-i510600k-processor-12m-cache-up-to-4-80-ghz/specifications.html,,433755124,,BX8070110600KA,Comet Lake,False,True,350,1200,Intel UHD Graphics 630,192,14 nm,2,128,DDR4,Boxed,0,True,125
f85cd926-f4bf-411a-a8bc-65aa393f297e,Intel Xeon E3-1230 v5,Intel,Xeon E3 1200 v5,1230 v5,2015,Xeon E3 1200 v5,LGA 1151,f85cd926-f4bf-411a-a8bc-65aa393f297e.json,4 × 32 KB Instruction + 4 × 32 KB Data (256 KB total),1,8,0,0,3.4,3.8,Skylake-DT,0,0,8,4,B01IRRECUG,,https://www.intel.com/content/www/us/en/products/sku/88182/intel-xeon-processor-e31230-v5-8m-cache-3-40-ghz/specifications.html,N82E16819117613,,,BX80662E31230V5,Skylake,True,False,0,0,,0,14 nm,2,64,DDR4 | DDR3,Boxed,0,True,80
f87a76eb-0de9-4f5a-9406-525f4294a9cb,Intel Xeon E 2124G 3.4 GHz 4-Core LGA1151,Intel,Intel Xeon E,,,Intel Xeon E,LGA 1151,f87a76eb-0de9-4f5a-9406-525f4294a9cb.json,,1,8,,,3.4,4.5,Coffee Lake,,4,4,4,,,,,,,BX80684E2124G,Coffee Lake,True,False,,,Intel HD Graphics P630,,14 nm,,64,,Boxed,,False,71
f8dce6ce-17aa-426d-a513-3d4c0136f180,Intel Core i9-9900K,Intel,Core i9 9900,9900K,2018,Core i9 9900,LGA 1151,f8dce6ce-17aa-426d-a513-3d4c0136f180.json,8 × 64 KB (32 KB L1I + 32 KB L1D),2,16,0,0,3.6,5,Coffee Lake Refresh,0,0,16,8,B005404P9I,6302019,https://www.intel.com/content/www/us/en/products/sku/186605/intel-core-i99900k-processor-16m-cache-up-to-5-00-ghz/specifications.html,N82E16819117957,248952912,,BX80684I99900K,Coffee Lake,False,False,350,1200,Intel UHD Graphics 630,192,14 nm,2,128,DDR4,Boxed,119,True,95
f9a8771a-0467-4f53-ac5c-0f5a95b9fa0b,Intel Core i5 13500T OEM/Tray,Intel,Core i5 13000,13500T,2023,Core i5 13000,LGA 1700,f9a8771a-0467-4f53-ac5c-0f5a95b9fa0b.json,6 × 64 KB Instruction + 6 × 48 KB Data + 8 × 64 KB Instruction + 8 × 32 KB Data (1440 KB total),11.5,24,1.2,3.2,1.6,4.6,Raptor Lake-S,8,6,20,14,B0CN7F273D,,https://www.intel.com/content/www/us/en/products/sku/230578/intel-core-i513500t-processor-24m-cache-up-to-4-60-ghz/specifications.html,9SIBZW0M081038,,,CM8071505092901,Raptor Lake,True,False,300,1550,Intel UHD Graphics 770,256,Intel 7,2,192,DDR5 | DDR4,OEM/Tray,92,True,35
fa08dbf6-6ab3-4d91-aad1-723ea4eb20fc,Intel Xeon E5-2650 v4,Intel,Xeon E5 2600 v4,2650 v4,2016,Xeon E5 2600 v4,LGA 2011-3,fa08dbf6-6ab3-4d91-aad1-723ea4eb20fc.json,12 × 32 KB Instruction + 12 × 32 KB Data (768 KB total),3,30,0,0,2.2,2.9,Broadwell-EP,0,0,24,12,B01DTYPHOW,,https://www.intel.com/content/www/us/en/products/sku/91767/intel-xeon-processor-e52650-v4-30m-cache-2-20-ghz/specifications.html,,289185785,,BX80660E52650V4 | CM8066002031103,Broadwell,True,False,0,0,,0,14 nm,4,1536,DDR4,Boxed,0,True,105
fa0b4f9e-1718-4ce4-a77c-a227144f7b6f,Intel Core i5 5675C,Intel,Core i5 5000,5675C,2015,Core i5 5000,LGA 1150,fa0b4f9e-1718-4ce4-a77c-a227144f7b6f.json,4 × 32 KB Instruction + 4 × 32 KB Data (256 KB total),1,4,0,0,3.1,3.6,Broadwell,0,0,4,4,B00XPE8SEI,,https://www.intel.com/content/www/us/en/products/sku/88095/intel-core-i55675c-processor-4m-cache-up-to-3-60-ghz/specifications.html,N82E16819117554,,,BX80658I55675C,Broadwell,False,True,300,1100,Intel Iris Pro Graphics 6200,384,14 nm,2,32,DDR3,Boxed,0,False,65
fa3fa848-a686-4c5d-a31e-eaa9f9914f3f,Intel Xeon E5-2690 v3,Intel,Xeon E5 2600 v3,2690 v3,2014,Xeon E5 2600 v3,LGA 2011-3,fa3fa848-a686-4c5d-a31e-eaa9f9914f3f.json,12 × 32 KB Instruction + 12 × 32 KB Data (768 KB total),3,30,0,0,2.6,3.5,Haswell-EP,0,0,24,12,B07N961SQ7,,https://www.intel.com/content/www/us/en/products/sku/81713/intel-xeon-processor-e52690-v3-30m-cache-2-60-ghz/specifications.html,N82E16819117474,192640073,,BX80644E52690V3 | 5032037064651-cr,Haswell,True,False,0,0,,0,22 nm,4,768,DDR4,Boxed,0,True,135
fa69f0d2-e648-4597-8fd7-634915f56004,AMD Athlon X4 950,AMD,Athlon X4 900,950,2017,Athlon X4 900,AM4,fa69f0d2-e648-4597-8fd7-634915f56004.json,2 × 96 KB Instruction + 4 × 32 KB Data (320 KB total),2,0,0,0,3.5,3.8,Bristol Ridge,0,0,4,4,B074CL7JWL,,,N82E16819113456,456095175,,AD950XAGABBOX,Excavator,False,False,0,0,,0,28 nm,2,64,DDR4,Boxed,0,False,65
fb80adb1-e45d-4f02-817c-9891a7058708,Intel Xeon E 2244G 3.8 GHz 4-Core LGA1151,Intel,Intel Xeon E,,,Intel Xeon E,LGA 1151,fb80adb1-e45d-4f02-817c-9891a7058708.json,,1,8,,,3.8,4.8,Coffee Lake Refresh,,4,8,4,,,,,,,CM8068404175105,Coffee Lake Refresh,True,False,,,Intel HD Graphics P630,,14 nm,,128,,OEM/Tray,,True,71
fbdbb84d-28f7-4e7e-afca-a24a848ee5c7,Intel Core i5 4690 OEM/Tray,Intel,Core i5 4000,4690,2014,Core i5 4000,LGA 1150,fbdbb84d-28f7-4e7e-afca-a24a848ee5c7.json,4 × 32 KB Instruction + 4 × 32 KB Data (256 KB total),1,6,0,0,3.5,3.9,Haswell,0,0,4,4,B00TO9ZD8M,,https://www.intel.com/content/www/us/en/products/sku/80810/intel-core-i54690-processor-6m-cache-up-to-3-90-ghz/specifications.html,,344072550,,CM8064601560516 | MFG CM8064601560516,Haswell,False,False,350,1200,Intel HD Graphics 4600,160,22 nm,2,32,DDR3,OEM/Tray,0,False,84
fc333293-e646-4317-be0f-84f0443e0bd3,Intel Xeon E-2286G OEM/Tray,Intel,Xeon E 2200,2286G,2019,Xeon E 2200,LGA 1151,fc333293-e646-4317-be0f-84f0443e0bd3.json,6 × 32 KB Instruction + 6 × 32 KB Data (384 KB total),1.5,12,0,0,4,4.9,Coffee Lake-S WS,0,0,12,6,B088WM9JNT,,https://www.intel.com/content/www/us/en/products/sku/191033/intel-xeon-e2286g-processor-12m-cache-4-00-ghz/specifications.html,9SIBDKWKBX6516,5263371006,,CM8068404173706,Coffee Lake,True,False,350,1200,Intel HD Graphics P630,192,14 nm,2,128,DDR4,OEM/Tray,0,True,95
fc64ff23-4f2b-440a-b309-26199f5ca9fa,AMD Ryzen 5 3600 OEM/Tray,AMD,Ryzen 5 3000,3600,2019,Ryzen 5 3000,AM4,fc64ff23-4f2b-440a-b309-26199f5ca9fa.json,6 × 64 KB Instruction + 6 × 32 KB Data (576 KB total),3,32,0,0,3.6,4.2,Matisse,0,0,12,6,B08924TQJ3,,https://www.amd.com/en/support/downloads/drivers.html/processors/ryzen/ryzen-3000-series/amd-ryzen-5-3600.html,N82E16819113576,,,100-000000031,Zen 2,False,False,0,0,,0,TSMC 7nm FinFET,2,128,DDR4,OEM/Tray,88,True,65
fc75239c-f287-4e6e-8b47-f58f9edf1890,Intel Xeon E5 2660 2.2 GHz 8-Core LGA2011 OEM/Tray,Intel,Intel Xeon E5,,,Intel Xeon E5,LGA 2011,fc75239c-f287-4e6e-8b47-f58f9edf1890.json,,2,20,,,2.2,3,Sandy Bridge-EP,,8,16,8,,,,,,,CM8062107184801,Sandy Bridge,True,False,,,,,32 nm,,0,,OEM/Tray,,True,95
fd74557a-9f22-4a60-b4b6-2dee85f759d4,AMD Ryzen 5 2600 OEM/Tray,AMD,Ryzen 5 2000,2600,2018,Ryzen 5 2000,AM4,fd74557a-9f22-4a60-b4b6-2dee85f759d4.json,6 × 64 KB Instruction + 6 × 32 KB Data (576 KB total),3,16,0,0,3.4,3.9,Pinnacle Ridge,0,0,12,6,,,https://www.amd.com/en/support/downloads/drivers.html/processors/ryzen/ryzen-2000-series/amd-ryzen-5-2600.html,,,,YD2600BBM6IAF,Zen+,False,False,0,0,,0,12nm FinFET,2,64,DDR4,OEM/Tray,0,True,65
fdbaa917-5ffa-4a2f-b37b-c40280dfe3dd,Intel Core i7 4820K,Intel,Core i7 4000,4820K,2013,Core i7 4000,LGA 2011,fdbaa917-5ffa-4a2f-b37b-c40280dfe3dd.json,4 × 32 KB Instruction + 4 × 32 KB Data (256 KB total),1,10,0,0,3.7,3.9,Ivy Bridge-E,0,0,8,4,B00EMHM672,,https://www.intel.com/content/www/us/en/products/sku/77781/intel-core-i74820k-processor-10m-cache-up-to-3-90-ghz/specifications.html,N82E16819116940,35119147,,BX80633I74820K,Ivy Bridge E,False,False,0,0,,0,22 nm,4,64,DDR3,Boxed,0,True,130
fdc95391-09e0-4289-999b-d50433445803,Intel Xeon E5-2670 v2,Intel,Xeon E5 2600 v2,2670 v2,2013,Xeon E5 2600 v2,LGA 2011,fdc95391-09e0-4289-999b-d50433445803.json,10 × 32 KB Instruction + 10 × 32 KB Data (640 KB total),2.5,25,0,0,2.5,3.3,Ivy Bridge-EP,0,0,20,10,B00J26ZCL0,,https://www.intel.com/content/www/us/en/products/sku/75275/intel-xeon-processor-e52670-v2-25m-cache-2-50-ghz/specifications.html,0X6-0004-003A8,,,BX80635E52670V2 | 0C19550,Ivy Bridge EP,True,False,0,0,,0,22 nm,4,768,DDR3,Boxed,0,True,115
fdcaea76-3ec0-4e78-af49-74cefd6ab24a,AMD Ryzen 5 3400G OEM/Tray,AMD,Ryzen 5 3000,3400G,2019,Ryzen 5 3000,AM4,fdcaea76-3ec0-4e78-af49-74cefd6ab24a.json,4 × 64 KB Instruction + 4 × 32 KB Data (384 KB total),2,4,0,0,3.7,4.2,Picasso,0,0,8,4,B087GX6J5T,,https://www.amd.com/en/support/downloads/drivers.html/processors/ryzen/ryzen-3000-series/amd-ryzen-5-3400g.html,N82E16819113577,,,YD3400C5M4MFH,Zen+,False,False,0,1400,AMD Radeon Vega 11 Graphics,704,12nm FinFET,2,64,DDR4,OEM/Tray,0,True,65
fe17fc34-748a-4961-bcca-f5cf2f9e0bd3,Intel Xeon E5-1650 OEM/Tray,Intel,Xeon E5 1600,1650,2012,Xeon E5 1600,LGA 2011,fe17fc34-748a-4961-bcca-f5cf2f9e0bd3.json,6 × 32 KB Instruction + 6 × 32 KB Data (384 KB total),1.5,12,0,0,3.2,3.8,Sandy Bridge-E,0,0,12,6,B00830SPE2,,https://www.intel.com/content/www/us/en/products/sku/64601/intel-xeon-processor-e51650-12m-cache-3-20-ghz-0-0-gts-intel-qpi/specifications.html,,,,CM8062101102002,Sandy Bridge EP,True,False,0,0,,0,32 nm,4,256,DDR3,OEM/Tray,0,True,130
fe2cf1aa-c66e-43ec-a55b-997584228dd1,AMD Ryzen 5 7600X,AMD,Ryzen 5 7000,7600X,2022,Ryzen 5 7000,AM5,fe2cf1aa-c66e-43ec-a55b-997584228dd1.json,6 × 64 KB (32 KB L1I + 32 KB L1D),6,32,0,0,4.7,5.3,Raphael,0,0,12,6,B0BBJDS62N,6519479,https://www.amd.com/en/products/processors/desktops/ryzen/7000-series/amd-ryzen-5-7600x.html,N82E16819113770,1693068603,,100-100000593WOF | RYZEN 5 7600X | 100100000593WOF,Zen 4,True,False,0,2200,AMD Radeon Graphics,128,"TSMC 5nm FinFET, TSMC 6nm FinFET",2,128,DDR5,Boxed,142,True,105
fe3d12e9-87eb-4701-8579-5c29d61437c6,AMD Ryzen 7 8700G,AMD,Ryzen 7 8000,8700G,2024,Ryzen 7 8000,AM5,fe3d12e9-87eb-4701-8579-5c29d61437c6.json,32 KB instruction + 32 KB data per core (64 KB L1 per core),8,16,0,0,4.2,5.1,Phoenix,0,0,16,8,B0CQ4JBKW3,,https://www.amd.com/en/products/processors/desktops/ryzen/8000-series/amd-ryzen-7-8700g.html,N82E16819113811,5293078784,,100-100001236BOX | AMD Ryzen™ 7 8700G | Ryzen 7 8700G,Zen 4,True,True,0,2900,AMD Radeon 780M,768,TSMC 4nm FinFET,2,256,DDR5,Boxed,88,True,65
feb20217-58e3-4490-aaf0-3470019c9e07,Intel Xeon E5-2690 OEM/Tray,Intel,Xeon E5 2600,2690,2012,Xeon E5 2600,LGA 2011,feb20217-58e3-4490-aaf0-3470019c9e07.json,8 × 32 KB Instruction + 8 × 32 KB Data (512 KB total),2,20,0,0,2.9,3.8,Sandy Bridge-EP,0,0,16,8,B007H29F14,,https://www.intel.com/content/www/us/en/products/sku/64596/intel-xeon-processor-e52690-20m-cache-2-90-ghz-8-00-gts-intel-qpi/specifications.html,,,,CM8062101122501,Sandy Bridge EP,True,False,0,0,,0,32 nm,4,384,DDR3,OEM/Tray,0,True,135
ff4b4766-4f58-4c17-915e-9881c50ed032,Intel Core i5 12400,Intel,Core i5 12000,12400,2022,Core i5 12000,LGA 1700,ff4b4766-4f58-4c17-915e-9881c50ed032.json,80KB per core,7.5,18,0,0,2.5,4.4,Golden Cove,0,0,12,6,B09NMPD8V2,6492599,https://www.intel.com/content/www/us/en/products/sku/134586/intel-core-i512400-processor-18m-cache-up-to-4-40-ghz/specifications.html,N82E16819118358,701068537,,BX8071512400,Alder Lake,False,True,300,1.45,Intel UHD Graphics 730,192,Intel 7,2,128,DDR5 | DDR4,Boxed,117,True,65
fffab94c-d43c-4b94-af4f-07f0c329ac0a,Intel Xeon E5-2699 v4,Intel,Xeon E5-2600 v4,E5-2699 v4,2016,Xeon E5-2600 v4,LGA 2011-3,fffab94c-d43c-4b94-af4f-07f0c329ac0a.json,22 × 32 KB Instruction + 22 × 32 KB Data (1408 KB total),5.5,55,0,0,2.2,3.6,Broadwell-EP,0,0,44,22,B01DTYQH4G,,https://www.intel.com/content/www/us/en/products/sku/91317/intel-xeon-processor-e52699-v4-55m-cache-2-20-ghz/specifications.html,,850952552,,CM8066002022506,Broadwell,True,False,0,0,,0,14 nm,4,1536,DDR4,OEM/Tray,0,True,145
