cooler_height,case_cooler_clearance,cooler_fan_size,cooler_fan_quantity,radiator_size,case_form_factor,height_difference,label
160.0,67.0,,,,Mini ITX Tower,-93.0,0
163.0,70.0,,,,Mini ITX Tower,-93.0,0
158.0,151.0,,,,Micro ATX Mini Tower,-7.0,0
168.0,165.0,,,,ATX Mid Tower,-3.0,0
154.0,185.0,,,,ATX Mid Tower,31.0,1
150.0,165.0,120.0,2,240.0,Micro ATX Mini Tower,15.0,1
150.0,210.0,,,,ATX Mid Tower,60.0,1
165.0,185.0,,,,ATX Mid Tower,20.0,1
137.0,67.0,120.0,3,360.0,Mini ITX Tower,-70.0,0
158.0,83.0,,,,Mini ITX Tower,-75.0,0
156.0,160.0,,,,ATX Mid Tower,4.0,1
158.0,67.0,,,,Mini ITX Tower,-91.0,0
30.0,160.0,,,,ATX Mid Tower,130.0,1
158.0,160.0,,,,ATX Mid Tower,2.0,1
47.6,160.0,120.0,2,240.0,Mini ITX Tower,112.4,1
170.0,166.0,,,,Micro ATX Mini Tower,-4.0,0
158.0,169.0,,,,ATX Mid Tower,11.0,1
168.0,155.0,120.0,,,Micro ATX Mini Tower,-13.0,0
54.0,168.0,,,360.0,ATX Mid Tower,114.0,1
123.0,170.0,120.0,3,360.0,ATX Mid Tower,47.0,1
165.0,70.0,,,,HTPC,-95.0,0
154.0,77.0,,,,Mini ITX Tower,-77.0,0
80.0,170.0,120.0,2,240.0,ATX Mid Tower,90.0,1
90.0,170.0,,,120.0,ATX Mid Tower,80.0,1
155.0,166.0,120.0,2,,Micro ATX Mini Tower,11.0,1
169.0,159.0,,,,Micro ATX Mini Tower,-10.0,0
165.0,162.0,,,,Micro ATX Mid Tower,-3.0,0
161.0,140.0,,,,Mini ITX Tower,-21.0,0
165.0,160.0,,,,Micro ATX Mid Tower,-5.0,0
148.0,163.5,120.0,,,Micro ATX Mid Tower,15.5,1
151.0,160.0,,,,ATX Mid Tower,9.0,1
165.0,165.0,,,,ATX Mid Tower,0.0,1
60.0,210.0,,,240.0,Micro ATX Mini Tower,150.0,1
67.0,187.0,,,,Micro ATX Mid Tower,120.0,1
157.0,160.0,,,,ATX Mid Tower,3.0,1
160.0,158.0,,,,ATX Mid Tower,-2.0,0
168.0,165.0,,,,ATX Mid Tower,-3.0,0
63.0,61.0,,,360.0,Mini ITX Tower,-2.0,0
155.0,180.0,,,,ATX Mid Tower,25.0,1
163.0,185.0,,,,ATX Mid Tower,22.0,1
39.0,190.0,,,,ATX Mid Tower,151.0,1
105.0,185.0,,,280.0,ATX Full Tower,80.0,1
159.0,190.0,,,,EATX Full Tower,31.0,1
160.0,185.0,,,,ATX Mid Tower,25.0,1
125.0,85.0,,,,Mini ITX Tower,-40.0,0
155.0,166.0,,,,ATX Mid Tower,11.0,1
154.0,95.0,,,,ATX Mid Tower,-59.0,0
138.0,70.0,,,,Mini ITX Tower,-68.0,0
152.0,61.0,120.0,1,,Mini ITX Tower,-91.0,0
156.0,165.0,,,,ATX Mid Tower,9.0,1
160.0,83.0,,,,Mini ITX Tower,-77.0,0
160.0,150.0,,,,Micro ATX Mid Tower,-10.0,0
160.0,110.0,,,,Mini ITX Tower,-50.0,0
134.0,65.0,,,,Mini ITX Tower,-69.0,0
169.0,160.0,,,,ATX Mid Tower,-9.0,0
77.7,48.0,120.0,3,360.0,Mini ITX Tower,-29.7,0
165.0,140.0,,,,Mini ITX Tower,-25.0,0
71.0,57.0,,,,Mini ITX Tower,-14.0,0
164.0,150.0,,,,Mini ITX Tower,-14.0,0
151.0,55.0,120.0,2,,Mini ITX Tower,-96.0,0
159.0,138.0,,,,HTPC,-21.0,0
159.0,160.0,,,,EATX Mid Tower,1.0,1
165.0,160.0,,,,ATX Mid Tower,-5.0,0
125.0,155.0,120.0,2,240.0,ATX Mid Tower,30.0,1
168.0,165.0,,,,ATX Mid Tower,-3.0,0
65.0,170.0,120.0,2,240.0,Micro ATX Mid Tower,105.0,1
116.0,170.0,120.0,2,240.0,ATX Mid Tower,54.0,1
162.0,145.0,,,,ATX Mid Tower,-17.0,0
159.0,161.0,,,,ATX Mid Tower,2.0,1
164.0,159.0,,,,ATX Mid Tower,-5.0,0
158.0,155.0,,,,Micro ATX Mid Tower,-3.0,0
157.0,88.2,,,,ATX Mid Tower,-68.8,0
28.0,165.0,,,,ATX Mid Tower,137.0,1
166.0,165.0,,,,ATX Mid Tower,-1.0,0
157.0,155.0,,,,Mini ITX Tower,-2.0,0
130.0,70.0,,,,HTPC,-60.0,0
38.0,178.0,,,240.0,ATX Mid Tower,140.0,1
47.0,83.0,,,360.0,Mini ITX Tower,36.0,1
160.0,150.0,,,,ATX Mid Tower,-10.0,0
135.0,174.0,,,,ATX Mid Tower,39.0,1
155.0,175.0,120.0,1,,ATX Mid Tower,20.0,1
160.0,68.0,,,,Mini ITX Tower,-92.0,0
161.0,61.0,,,,Mini ITX Tower,-100.0,0
62.0,185.0,120.0,3,360.0,ATX Mid Tower,123.0,1
397.0,175.0,120.0,3,360.0,ATX Mid Tower,-222.0,0
157.0,155.0,,,,ATX Mid Tower,-2.0,0
146.0,58.0,,,,HTPC,-88.0,0
165.0,155.0,,,,ATX Mid Tower,-10.0,0
52.0,173.0,120.0,3,360.0,ATX Mid Tower,121.0,1
155.0,48.0,120.0,,,Mini ITX Tower,-107.0,0
172.0,185.0,,,,ATX Mid Tower,13.0,1
165.0,67.0,,,,Mini ITX Tower,-98.0,0
52.0,160.0,,,240.0,ATX Mid Tower,108.0,1
155.0,195.0,120.0,1,,ATX Full Tower,40.0,1
154.0,165.0,,,,ATX Mid Tower,11.0,1
158.0,67.0,,,,Mini ITX Tower,-91.0,0
158.0,77.0,,,,Mini ITX Tower,-81.0,0
165.0,150.0,,,,ATX Mid Tower,-15.0,0
166.0,160.0,,,,ATX Mid Tower,-6.0,0
54.0,173.0,,,360.0,Micro ATX Mini Tower,119.0,1
155.0,155.0,,,,Micro ATX Mid Tower,0.0,1
52.0,180.0,140.0,2,280.0,ATX Mid Tower,128.0,1
67.0,185.0,,,360.0,EATX Mid Tower,118.0,1
170.0,169.0,,,,ATX Mid Tower,-1.0,0
160.0,210.0,,,,ATX Mid Tower,50.0,1
54.0,170.0,120.0,2,240.0,ATX Mid Tower,116.0,1
150.0,185.0,,,,ATX Mid Tower,35.0,1
66.0,185.0,,,360.0,ATX Mid Tower,119.0,1
150.0,145.0,,,,ATX Mid Tower,-5.0,0
48.0,165.0,,,240.0,ATX Mid Tower,117.0,1
134.0,170.0,,,,ATX Mid Tower,36.0,1
166.0,161.0,,,,ATX Mid Tower,-5.0,0
152.0,70.0,120.0,1,,HTPC,-82.0,0
157.0,175.0,,,,Micro ATX Mid Tower,18.0,1
157.0,178.0,,,,ATX Mid Tower,21.0,1
158.0,155.0,,,,ATX Mid Tower,-3.0,0
159.0,82.0,,,,Mini ITX Tower,-77.0,0
72.0,165.0,120.0,2,240.0,ATX Mid Tower,93.0,1
160.0,140.0,,,,Micro ATX Mini Tower,-20.0,0
158.0,170.0,,,,ATX Mid Tower,12.0,1
86.4,82.0,120.0,3,360.0,Micro ATX Mid Tower,-4.4,0
130.0,70.0,,,,Mini ITX Tower,-60.0,0
160.0,120.0,,,,Mini ITX Tower,-40.0,0
66.0,170.0,,,,Micro ATX Mid Tower,104.0,1
155.0,77.0,,,,Mini ITX Tower,-78.0,0
52.0,170.0,120.0,3,360.0,ATX Mid Tower,118.0,1
155.0,158.0,,,,ATX Mid Tower,3.0,1
154.0,167.0,,,,Micro ATX Mini Tower,13.0,1
164.0,163.0,,,,ATX Mid Tower,-1.0,0
127.0,175.0,,,,ATX Full Tower,48.0,1
172.0,155.0,,,,Micro ATX Mini Tower,-17.0,0
149.0,148.0,,,,ATX Mid Tower,-1.0,0
159.0,170.0,,,,ATX Mid Tower,11.0,1
68.0,193.0,,,,ATX Full Tower,125.0,1
158.0,120.0,,,,Mini ITX Tower,-38.0,0
155.0,67.0,120.0,1,,Mini ITX Tower,-88.0,0
38.0,180.0,140.0,2,280.0,ATX Mid Tower,142.0,1
89.8,165.0,120.0,3,360.0,ATX Mid Tower,75.2,1
161.0,167.0,,,,Mini ITX Tower,6.0,1
165.0,160.0,,,,ATX Mid Tower,-5.0,0
160.0,156.0,,,,ATX Mid Tower,-4.0,0
130.0,190.0,,,,ATX Mid Tower,60.0,1
159.0,70.0,120.0,1,,HTPC,-89.0,0
158.0,70.0,140.0,2,,Mini ITX Tower,-88.0,0
155.0,165.0,,,,Micro ATX Mini Tower,10.0,1
154.0,170.0,,,,ATX Mid Tower,16.0,1
157.0,68.0,,,,Mini ITX Tower,-89.0,0
49.0,160.0,,,360.0,ATX Mid Tower,111.0,1
166.0,170.0,,,,Micro ATX Mid Tower,4.0,1
159.0,170.0,,,,ATX Mid Tower,11.0,1
155.0,172.0,120.0,2,,ATX Mid Tower,17.0,1
66.0,171.0,120.0,2,240.0,ATX Mid Tower,105.0,1
56.0,114.0,,,,Mini ITX Tower,58.0,1
88.0,77.0,,,,Mini ITX Tower,-11.0,0
171.0,67.0,,,,Mini ITX Tower,-104.0,0
110.0,65.0,,,,Mini ITX Tower,-45.0,0
47.0,168.0,,,,ATX Mid Tower,121.0,1
155.0,68.0,,,,Mini ITX Tower,-87.0,0
155.0,170.0,120.0,1,,ATX Mid Tower,15.0,1
125.0,165.0,,,,ATX Mid Tower,40.0,1
69.0,190.0,120.0,2,240.0,ATX Mid Tower,121.0,1
58.0,175.0,,,,ATX Mid Tower,117.0,1
154.0,148.0,,,,ATX Mid Tower,-6.0,0
116.0,161.0,140.0,2,280.0,ATX Mid Tower,45.0,1
54.0,160.0,,,360.0,ATX Mid Tower,106.0,1
155.0,163.5,,,,Micro ATX Mid Tower,8.5,1
90.0,170.0,,,120.0,ATX Mid Tower,80.0,1
186.0,170.0,120.0,3,360.0,ATX Mid Tower,-16.0,0
156.0,155.0,,,,Micro ATX Mid Tower,-1.0,0
75.0,155.0,,,,ATX Mid Tower,80.0,1
171.0,210.0,,,,Micro ATX Mini Tower,39.0,1
156.0,70.0,,,,HTPC,-86.0,0
38.0,160.0,,,240.0,ATX Mini Tower,122.0,1
155.0,120.0,,,,Mini ITX Tower,-35.0,0
67.0,38.0,,,,Mini ITX Tower,-29.0,0
68.0,146.0,,,240.0,ATX Mid Tower,78.0,1
157.0,47.0,,,,Micro ATX Desktop,-110.0,0
42.0,38.0,,,280.0,Mini ITX Tower,-4.0,0
154.0,85.0,,,,Mini ITX Tower,-69.0,0
165.0,70.0,,,,Mini ITX Tower,-95.0,0
166.0,165.0,,,,ATX Mid Tower,-1.0,0
160.0,162.0,,,,ATX Mid Tower,2.0,1
17.0,150.0,,,,ATX Mid Tower,133.0,1
27.0,138.0,120.0,3,360.0,HTPC,111.0,1
150.0,38.0,,,,Mini ITX Tower,-112.0,0
68.0,180.0,,,240.0,ATX Mid Tower,112.0,1
150.0,138.0,,,,HTPC,-12.0,0
159.0,181.0,,,,ATX Full Tower,22.0,1
164.0,170.0,,,,ATX Mid Tower,6.0,1
81.0,120.0,,,,Mini ITX Tower,39.0,1
165.0,185.0,,,,ATX Mid Tower,20.0,1
127.0,58.0,100.0,2,,HTPC,-69.0,0
160.0,61.0,,,,Mini ITX Tower,-99.0,0
160.0,178.0,,,,ATX Mid Tower,18.0,1
160.0,159.0,,,,Micro ATX Mini Tower,-1.0,0
60.0,157.0,,,240.0,Micro ATX Mini Tower,97.0,1
186.0,165.0,120.0,3,360.0,ATX Mid Tower,-21.0,0
123.0,190.0,,,,Mini ITX Tower,67.0,1
110.0,48.0,,,,Mini ITX Tower,-62.0,0
148.0,85.0,,,,Mini ITX Tower,-63.0,0
135.0,160.0,,,,ATX Mini Tower,25.0,1
150.0,68.0,,,,Mini ITX Tower,-82.0,0
165.0,180.0,120.0,2,,ATX Mid Tower,15.0,1
42.0,165.0,,,120.0,Micro ATX Mini Tower,123.0,1
164.0,163.5,,,,Micro ATX Mini Tower,-0.5,0
130.0,120.0,,,,Mini ITX Tower,-10.0,0
165.0,164.0,,,,Micro ATX Mini Tower,-1.0,0
155.0,165.0,120.0,,,Mini ITX Tower,10.0,1
49.0,180.0,,,240.0,ATX Mid Tower,131.0,1
159.0,135.0,,,,Micro ATX Mid Tower,-24.0,0
155.0,110.0,,,,Mini ITX Tower,-45.0,0
153.0,70.0,,,,Micro ATX Desktop,-83.0,0
158.0,173.0,,,,ATX Mid Tower,15.0,1
162.0,185.0,,,,ATX Mid Tower,23.0,1
148.0,70.0,,,,Mini ITX Tower,-78.0,0
172.0,156.0,,,,ATX Mid Tower,-16.0,0
156.0,190.0,,,,ATX Mid Tower,34.0,1
66.0,170.0,,,,ATX Mid Tower,104.0,1
154.0,210.0,,,,Micro ATX Mid Tower,56.0,1
160.0,155.0,,,,Micro ATX Mini Tower,-5.0,0
58.0,47.0,,,,Micro ATX Desktop,-11.0,0
165.0,61.0,,,,Mini ITX Tower,-104.0,0
160.0,155.0,,,,ATX Mid Tower,-5.0,0
186.0,180.0,120.0,3,360.0,ATX Mid Tower,-6.0,0
167.0,156.0,,,,Micro ATX Mid Tower,-11.0,0
86.4,185.0,120.0,3,360.0,ATX Mid Tower,98.6,1
155.0,68.0,,,,Mini ITX Tower,-87.0,0
94.5,169.0,120.0,1,,ATX Mid Tower,74.5,1
142.0,176.0,,,,ATX Mid Tower,34.0,1
158.0,170.0,,,,ATX Mid Tower,12.0,1
137.0,165.0,,,,ATX Mid Tower,28.0,1
154.0,47.0,,,,Micro ATX Desktop,-107.0,0
69.0,164.0,,,240.0,ATX Mid Tower,95.0,1
159.0,155.0,,,,Micro ATX Mid Tower,-4.0,0
72.0,70.0,120.0,3,360.0,HTPC,-2.0,0
159.0,155.0,,,,ATX Mid Tower,-4.0,0
170.0,165.0,,,,ATX Mid Tower,-5.0,0
59.0,175.0,,,360.0,ATX Mid Tower,116.0,1
125.0,175.0,120.0,3,360.0,ATX Full Tower,50.0,1
162.0,159.0,,,,Micro ATX Mini Tower,-3.0,0
37.0,145.0,,,,ATX Mid Tower,108.0,1
84.0,65.0,,,,HTPC,-19.0,0
157.0,167.0,140.0,2,280.0,ATX Mid Tower,10.0,1
52.0,180.0,,,360.0,ATX Mid Tower,128.0,1
154.0,166.0,,,,Micro ATX Mini Tower,12.0,1
157.0,156.0,,,,Micro ATX Mid Tower,-1.0,0
75.0,190.0,,,,ATX Full Tower,115.0,1
60.0,175.0,,,360.0,Micro ATX Mini Tower,115.0,1
160.0,82.0,,,,Micro ATX Mid Tower,-78.0,0
165.0,205.0,,,,ATX Full Tower,40.0,1
125.0,190.0,120.0,3,360.0,ATX Mid Tower,65.0,1
165.0,180.0,,,,ATX Mid Tower,15.0,1
158.0,57.0,120.0,2,,Micro ATX Desktop,-101.0,0
158.0,70.0,,,,Mini ITX Tower,-88.0,0
154.0,160.0,,,,ATX Mid Tower,6.0,1
54.0,48.0,,,360.0,Mini ITX Tower,-6.0,0
165.0,160.0,,,,ATX Mid Tower,-5.0,0
53.0,155.0,120.0,2,240.0,Micro ATX Mid Tower,102.0,1
78.0,160.0,120.0,3,360.0,ATX Mid Tower,82.0,1
160.0,166.0,135.0,1,,Micro ATX Mini Tower,6.0,1
157.0,83.0,,,,Mini ITX Tower,-74.0,0
25.0,175.0,,,,Mini ITX Tower,150.0,1
160.0,58.0,,,,HTPC,-102.0,0
166.0,180.0,120.0,,,ATX Mid Tower,14.0,1
159.0,167.0,,,,Micro ATX Mini Tower,8.0,1
153.0,38.0,,,,Mini ITX Tower,-115.0,0
151.0,140.0,,,,Mini ITX Tower,-11.0,0
169.0,150.0,,,,ATX Mid Tower,-19.0,0
154.0,165.0,,,,Micro ATX Mini Tower,11.0,1
135.0,154.0,,,,Micro ATX Mid Tower,19.0,1
64.0,185.0,,,360.0,ATX Full Tower,121.0,1
161.0,157.0,120.0,3,360.0,Micro ATX Mini Tower,-4.0,0
71.0,68.0,,,,Mini ITX Tower,-3.0,0
159.0,70.0,,,,Mini ITX Tower,-89.0,0
159.0,156.0,,,,Micro ATX Mid Tower,-3.0,0
89.8,166.0,120.0,3,360.0,ATX Mid Tower,76.2,1
158.0,155.0,,,,ATX Mid Tower,-3.0,0
77.0,166.0,,,,ATX Mid Tower,89.0,1
62.0,156.0,,,240.0,ATX Mid Tower,94.0,1
158.0,166.0,,,,ATX Mid Tower,8.0,1
58.0,160.0,,,240.0,ATX Mid Tower,102.0,1
165.0,160.0,,,,ATX Mid Tower,-5.0,0
157.0,150.0,,,,Mini ITX Tower,-7.0,0
145.0,164.0,,,,Micro ATX Desktop,19.0,1
158.0,155.0,,,,ATX Mid Tower,-3.0,0
158.0,156.0,,,,ATX Mid Tower,-2.0,0
160.0,140.0,120.0,1,,Mini ITX Tower,-20.0,0
158.0,160.0,140.0,2,,Micro ATX Mini Tower,2.0,1
169.0,165.0,,,,ATX Mid Tower,-4.0,0
47.0,170.0,,,360.0,Micro ATX Mid Tower,123.0,1
47.0,155.0,,,,Micro ATX Mini Tower,108.0,1
158.0,155.0,,,,Mini ITX Tower,-3.0,0
154.0,180.0,,,,ATX Mid Tower,26.0,1
59.0,167.0,,,360.0,ATX Mid Tower,108.0,1
157.0,67.0,,,,Mini ITX Tower,-90.0,0
152.0,165.0,,,,ATX Mid Tower,13.0,1
166.0,160.0,,,,ATX Mid Tower,-6.0,0
125.0,170.0,,,240.0,ATX Mid Tower,45.0,1
160.0,163.0,,,,ATX Mid Tower,3.0,1
154.0,185.0,120.0,2,,ATX Mid Tower,31.0,1
148.0,174.0,,,,ATX Mid Tower,26.0,1
123.0,83.0,,,,Mini ITX Tower,-40.0,0
159.0,155.0,,,,Micro ATX Mini Tower,-4.0,0
68.0,165.0,,,240.0,Micro ATX Mid Tower,97.0,1
107.0,88.2,120.0,3,360.0,ATX Mid Tower,-18.8,0
123.0,162.0,,,,Micro ATX Mid Tower,39.0,1
69.0,65.0,120.0,3,360.0,Mini ITX Tower,-4.0,0
155.0,70.0,120.0,1,,Mini ITX Tower,-85.0,0
58.0,48.0,,,360.0,Mini ITX Tower,-10.0,0
157.0,110.0,,,,Mini ITX Tower,-47.0,0
157.0,155.0,,,,ATX Mid Tower,-2.0,0
52.0,165.0,,,240.0,ATX Mid Tower,113.0,1
148.0,145.0,,,,ATX Mid Tower,-3.0,0
150.0,169.0,,,,ATX Mid Tower,19.0,1
41.0,160.0,,,,ATX Mid Tower,119.0,1
121.0,160.0,,,,ATX Mid Tower,39.0,1
169.0,160.0,,,,ATX Mid Tower,-9.0,0
158.0,165.0,,,,ATX Mid Tower,7.0,1
148.0,140.0,,,,Mini ITX Tower,-8.0,0
163.0,85.0,,,,Mini ITX Tower,-78.0,0
135.0,170.0,,,,ATX Mid Tower,35.0,1
78.0,170.0,,,,ATX Mid Tower,92.0,1
155.0,65.0,,,,Mini ITX Tower,-90.0,0
56.0,48.0,,,240.0,Mini ITX Tower,-8.0,0
56.0,170.0,140.0,2,280.0,ATX Mid Tower,114.0,1
54.0,165.0,,,360.0,Micro ATX Mini Tower,111.0,1
67.0,58.0,,,,HTPC,-9.0,0
157.0,185.0,,,,ATX Full Tower,28.0,1
67.0,38.0,,,,Mini ITX Tower,-29.0,0
160.0,175.0,,,,ATX Mid Tower,15.0,1
165.0,160.0,,,,ATX Mid Tower,-5.0,0
69.0,185.0,,,,ATX Mid Tower,116.0,1
153.0,151.0,,,,ATX Mid Tower,-2.0,0
166.0,160.0,,,,ATX Mid Tower,-6.0,0
159.0,195.0,,,,ATX Mid Tower,36.0,1
158.0,156.0,,,,ATX Mid Tower,-2.0,0
150.0,159.0,,,,Micro ATX Mini Tower,9.0,1
56.0,165.0,,,280.0,ATX Mid Tower,109.0,1
159.0,88.2,,,,ATX Mid Tower,-70.8,0
75.0,183.0,120.0,2,240.0,ATX Mid Tower,108.0,1
169.0,165.0,120.0,2,,ATX Mid Tower,-4.0,0
142.0,195.0,,,,ATX Full Tower,53.0,1
157.0,150.0,,,,Micro ATX Mid Tower,-7.0,0
45.0,190.0,,,,ATX Full Tower,145.0,1
166.0,182.0,,,,ATX Mid Tower,16.0,1
160.0,170.0,,,,ATX Mid Tower,10.0,1
169.0,165.0,,,,ATX Mid Tower,-4.0,0
158.0,155.0,,,,ATX Mid Tower,-3.0,0
45.0,169.0,,,,ATX Mid Tower,124.0,1
160.0,157.0,,,,ATX Mid Tower,-3.0,0
94.0,83.0,120.0,3,360.0,Mini ITX Tower,-11.0,0
158.0,156.0,,,,ATX Mid Tower,-2.0,0
52.0,175.0,120.0,2,240.0,ATX Mid Tower,123.0,1
78.0,48.0,120.0,3,360.0,Mini ITX Tower,-30.0,0
95.0,77.0,,,,Mini ITX Tower,-18.0,0
73.0,166.0,120.0,3,360.0,ATX Mid Tower,93.0,1
153.0,150.0,,,,ATX Mid Tower,-3.0,0
30.0,169.0,,,,ATX Mid Tower,139.0,1
47.0,190.0,,,,ATX Full Tower,143.0,1
166.0,165.0,,,,ATX Mid Tower,-1.0,0
158.0,150.0,,,,ATX Mid Tower,-8.0,0
160.0,158.0,,,,ATX Full Tower,-2.0,0
159.0,70.0,,,,Mini ITX Tower,-89.0,0
153.0,61.0,,,,Mini ITX Tower,-92.0,0
155.0,82.0,,,,Micro ATX Desktop,-73.0,0
157.0,180.0,,,,ATX Mid Tower,23.0,1
69.0,190.0,,,,ATX Mid Tower,121.0,1
100.0,185.0,,,,Micro ATX Mid Tower,85.0,1
84.0,170.0,360.0,3,360.0,EATX Mid Tower,86.0,1
159.0,170.0,120.0,1,,ATX Mid Tower,11.0,1
77.0,95.0,,,,ATX Mid Tower,18.0,1
160.0,167.0,,,,ATX Mid Tower,7.0,1
150.0,160.0,,,,ATX Mid Tower,10.0,1
155.0,38.0,,,,Mini ITX Tower,-117.0,0
47.0,185.0,,,,ATX Mid Tower,138.0,1
157.0,174.0,,,,ATX Mid Tower,17.0,1
42.0,170.0,,,240.0,ATX Mid Tower,128.0,1
81.0,190.0,,,,ATX Mid Tower,109.0,1
160.0,210.0,,,,Micro ATX Mid Tower,50.0,1
160.0,175.0,,,,ATX Mid Tower,15.0,1
135.0,83.0,,,,Mini ITX Tower,-52.0,0
158.0,170.0,120.0,2,,ATX Mid Tower,12.0,1
159.0,70.0,,,,HTPC,-89.0,0
94.0,170.0,140.0,3,420.0,ATX Mid Tower,76.0,1
165.0,156.0,,,,ATX Mid Tower,-9.0,0
150.0,65.0,,,,HTPC,-85.0,0
60.0,163.0,120.0,3,360.0,ATX Mid Tower,103.0,1
157.0,156.0,,,,ATX Mid Tower,-1.0,0
26.0,155.0,,,,Micro ATX Mid Tower,129.0,1
158.0,151.0,,,,ATX Mid Tower,-7.0,0
157.0,75.0,,,,Mini ITX Tower,-82.0,0
160.0,70.0,135.0,1,,HTPC,-90.0,0
158.0,155.0,,,,ATX Mid Tower,-3.0,0
63.0,180.0,,,,ATX Mid Tower,117.0,1
157.0,148.0,,,,ATX Mid Tower,-9.0,0
47.0,165.0,,,,Micro ATX Mini Tower,118.0,1
166.0,160.0,,,,ATX Mid Tower,-6.0,0
153.0,68.0,,,,Mini ITX Tower,-85.0,0
171.0,160.0,,,,ATX Mini Tower,-11.0,0
166.0,160.0,120.0,,,ATX Mid Tower,-6.0,0
168.0,165.0,120.0,,,ATX Mid Tower,-3.0,0
170.0,168.0,,,,ATX Mid Tower,-2.0,0
30.4,155.0,120.0,2,240.0,Micro ATX Mini Tower,124.6,1
56.0,55.0,,,240.0,Mini ITX Tower,-1.0,0
160.0,70.0,,,,HTPC,-90.0,0
159.0,158.0,,,,ATX Mid Tower,-1.0,0
125.0,165.0,,,,ATX Mid Tower,40.0,1
38.0,168.0,140.0,2,240.0,ATX Mid Tower,130.0,1
107.0,67.0,120.0,3,360.0,Mini ITX Tower,-40.0,0
165.0,160.0,,,,ATX Mid Tower,-5.0,0
154.0,163.0,,,,ATX Mid Tower,9.0,1
123.0,160.0,120.0,3,360.0,ATX Mid Tower,37.0,1
94.0,165.0,140.0,3,420.0,ATX Mid Tower,71.0,1
165.0,57.0,,,,Micro ATX Desktop,-108.0,0
158.0,170.0,,,,ATX Mid Tower,12.0,1
160.0,156.0,,,,ATX Mid Tower,-4.0,0
52.0,167.0,120.0,3,360.0,ATX Mid Tower,115.0,1
172.0,157.0,,,,ATX Mid Tower,-15.0,0
158.0,157.0,,,,ATX Mid Tower,-1.0,0
157.0,160.0,,,,ATX Mid Tower,3.0,1
50.0,170.0,,,240.0,ATX Mid Tower,120.0,1
47.6,185.0,120.0,2,240.0,ATX Full Tower,137.4,1
149.0,175.0,,,,ATX Mid Tower,26.0,1
165.0,170.0,,,,ATX Mid Tower,5.0,1
140.0,70.0,,,,HTPC,-70.0,0
67.0,200.0,,,,Mini ITX Tower,133.0,1
166.0,165.0,120.0,,,ATX Mid Tower,-1.0,0
169.0,166.0,,,,Micro ATX Mini Tower,-3.0,0
67.0,164.0,,,,Micro ATX Desktop,97.0,1
53.0,155.0,120.0,3,360.0,ATX Mid Tower,102.0,1
168.0,70.0,,,,HTPC,-98.0,0
155.0,150.0,,,,Mini ITX Tower,-5.0,0
149.0,130.0,,,,Mini ITX Tower,-19.0,0
46.0,165.0,120.0,3,360.0,ATX Mid Tower,119.0,1
142.0,88.2,,,,ATX Mid Tower,-53.8,0
63.0,160.0,,,360.0,ATX Mid Tower,97.0,1
65.0,185.0,420.0,1,420.0,ATX Mid Tower,120.0,1
52.0,190.0,,,240.0,EATX Mid Tower,138.0,1
165.0,120.0,,,,Mini ITX Tower,-45.0,0
120.0,170.0,,,,ATX Mid Tower,50.0,1
165.0,160.0,,,,ATX Mid Tower,-5.0,0
56.0,188.0,,,360.0,ATX Full Tower,132.0,1
105.0,180.0,,,360.0,ATX Mid Tower,75.0,1
169.0,195.0,,,,ATX Mid Tower,26.0,1
160.0,167.0,,,,Mini ITX Tower,7.0,1
158.0,155.0,,,,ATX Mid Tower,-3.0,0
167.0,163.5,,,,Micro ATX Mini Tower,-3.5,0
159.0,178.0,,,,ATX Mid Tower,19.0,1
168.0,77.0,,,,Mini ITX Tower,-91.0,0
157.0,70.0,,,,Mini ITX Tower,-87.0,0
23.0,155.0,,,,Micro ATX Mid Tower,132.0,1
137.0,150.0,120.0,3,360.0,Micro ATX Mid Tower,13.0,1
147.0,165.0,,,,ATX Mid Tower,18.0,1
160.0,159.0,,,,Micro ATX Mid Tower,-1.0,0
154.0,138.0,,,,HTPC,-16.0,0
157.0,155.0,,,,Micro ATX Mid Tower,-2.0,0
165.0,155.0,,,,Micro ATX Mini Tower,-10.0,0
130.0,77.0,,,,Mini ITX Tower,-53.0,0
125.0,170.0,120.0,3,360.0,ATX Mid Tower,45.0,1
129.0,83.0,,,,Mini ITX Tower,-46.0,0
151.0,135.0,,,,Micro ATX Mid Tower,-16.0,0
154.0,57.0,,,,Micro ATX Desktop,-97.0,0
130.0,165.0,,,,ATX Mid Tower,35.0,1
158.0,150.0,,,,Mini ITX Tower,-8.0,0
137.0,170.0,,,,ATX Mid Tower,33.0,1
86.0,165.0,,,,Micro ATX Mini Tower,79.0,1
107.0,75.0,120.0,3,360.0,Micro ATX Mini Tower,-32.0,0
170.0,165.0,,,,Micro ATX Mini Tower,-5.0,0
157.0,155.0,,,,ATX Mid Tower,-2.0,0
155.0,170.0,120.0,1,,ATX Mid Tower,15.0,1
60.0,155.0,120.0,2,360.0,ATX Mid Tower,95.0,1
165.0,155.0,,,,ATX Mid Tower,-10.0,0
162.0,55.0,,,,Mini ITX Tower,-107.0,0
158.0,65.0,,,,Mini ITX Tower,-93.0,0
163.0,156.0,,,,ATX Mid Tower,-7.0,0
160.0,151.0,,,,Micro ATX Mini Tower,-9.0,0
165.0,158.0,,,,Micro ATX Mini Tower,-7.0,0
110.0,68.0,,,,Mini ITX Tower,-42.0,0
186.0,168.0,120.0,3,360.0,Micro ATX Mini Tower,-18.0,0
159.0,130.0,,,,Mini ITX Tower,-29.0,0
159.0,154.0,,,,Micro ATX Mid Tower,-5.0,0
168.0,167.0,120.0,,,ATX Full Tower,-1.0,0
186.0,165.0,120.0,3,360.0,Micro ATX Mini Tower,-21.0,0
154.0,170.0,,,,ATX Mid Tower,16.0,1
163.0,77.0,,,,HTPC,-86.0,0
125.0,95.0,,,,ATX Mid Tower,-30.0,0
160.0,165.0,,,,ATX Mid Tower,5.0,1
161.0,185.0,,,,ATX Mid Tower,24.0,1
159.0,185.0,,,,ATX Full Tower,26.0,1
166.0,164.0,,,,Micro ATX Desktop,-2.0,0
151.0,82.0,120.0,2,,Micro ATX Mini Tower,-69.0,0
154.0,164.0,120.0,2,,ATX Mid Tower,10.0,1
145.0,85.0,,,,Mini ITX Tower,-60.0,0
161.0,173.0,120.0,3,360.0,ATX Mid Tower,12.0,1
153.0,150.0,,,,Mini ITX Tower,-3.0,0
47.0,210.0,,,120.0,Micro ATX Mini Tower,163.0,1
163.0,167.0,,,,ATX Mid Tower,4.0,1
397.0,170.0,120.0,3,360.0,ATX Mid Tower,-227.0,0
154.0,210.0,,,,Micro ATX Mini Tower,56.0,1
136.0,50.0,,,,Mini ITX Tower,-86.0,0
65.0,57.0,280.0,1,280.0,Mini ITX Tower,-8.0,0
89.9,70.0,120.0,3,360.0,HTPC,-19.9,0
138.0,175.0,,,,ATX Mid Tower,37.0,1
113.0,160.0,,,,EATX Mid Tower,47.0,1
90.0,67.0,,,360.0,Mini ITX Tower,-23.0,0
150.0,48.0,,,,Mini ITX Tower,-102.0,0
155.0,138.0,,,,HTPC,-17.0,0
161.0,160.0,,,,Micro ATX Mini Tower,-1.0,0
63.0,58.0,,,,HTPC,-5.0,0
167.0,190.0,,,,EATX Full Tower,23.0,1
160.0,68.0,,,,Mini ITX Tower,-92.0,0
157.0,68.0,,,,Mini ITX Tower,-89.0,0
160.0,70.0,120.0,2,,Mini ITX Tower,-90.0,0
138.0,165.0,,,,EATX Mid Tower,27.0,1
125.0,175.0,120.0,2,240.0,ATX Mid Tower,50.0,1
165.0,135.0,,,,Micro ATX Mid Tower,-30.0,0
159.0,61.0,,,,Mini ITX Tower,-98.0,0
155.0,138.0,,,,HTPC,-17.0,0
68.0,190.0,,,240.0,ATX Mid Tower,122.0,1
169.0,160.0,,,,ATX Mid Tower,-9.0,0
166.0,163.5,,,,Micro ATX Mid Tower,-2.5,0
158.0,61.0,,,,Mini ITX Tower,-97.0,0
157.0,70.0,,,,Mini ITX Tower,-87.0,0
159.0,167.0,,,,ATX Mid Tower,8.0,1
162.0,180.0,,,,ATX Mid Tower,18.0,1
154.0,165.0,,,,ATX Mid Tower,11.0,1
26.0,165.0,,,,ATX Mid Tower,139.0,1
158.0,185.0,,,,ATX Full Tower,27.0,1
158.0,170.0,,,,Micro ATX Mini Tower,12.0,1
136.0,77.0,,,,Mini ITX Tower,-59.0,0
167.0,155.0,,,,Micro ATX Mid Tower,-12.0,0
169.0,160.0,,,,ATX Mid Tower,-9.0,0
68.0,180.0,,,,ATX Mid Tower,112.0,1
166.0,161.0,,,,ATX Mid Tower,-5.0,0
154.0,75.0,,,,Micro ATX Mini Tower,-79.0,0
169.0,165.0,,,,Micro ATX Mini Tower,-4.0,0
163.0,160.0,,,,ATX Mid Tower,-3.0,0
76.0,67.0,,,,Mini ITX Tower,-9.0,0
160.0,57.0,,,,Micro ATX Desktop,-103.0,0
60.0,167.0,,,,ATX Mid Tower,107.0,1
155.0,160.0,,,,ATX Mid Tower,5.0,1
152.0,82.0,,,,Micro ATX Mid Tower,-70.0,0
154.0,45.0,,,,Mini ITX Tower,-109.0,0
52.0,168.0,120.0,1,120.0,Micro ATX Mini Tower,116.0,1
130.0,190.0,,,,EATX Full Tower,60.0,1
158.0,70.0,,,,Micro ATX Desktop,-88.0,0
47.0,166.0,,,360.0,ATX Mid Tower,119.0,1
158.0,47.0,,,,Micro ATX Desktop,-111.0,0
162.0,160.0,,,,ATX Mid Tower,-2.0,0
153.0,150.0,,,,Micro ATX Mid Tower,-3.0,0
160.0,65.0,,,,HTPC,-95.0,0
66.1,170.0,120.0,1,,ATX Mid Tower,103.9,1
78.0,171.0,,,360.0,ATX Mid Tower,93.0,1
167.0,165.0,,,,ATX Mid Tower,-2.0,0
154.0,38.0,,,,Mini ITX Tower,-116.0,0
161.0,50.0,,,,Mini ITX Tower,-111.0,0
142.0,160.0,,,,Micro ATX Mini Tower,18.0,1
153.0,138.0,,,,HTPC,-15.0,0
159.0,145.0,,,,ATX Mid Tower,-14.0,0
160.0,77.0,,,,Mini ITX Tower,-83.0,0
73.0,158.75,120.0,3,360.0,ATX Mid Tower,85.75,1
137.0,180.0,,,,ATX Mid Tower,43.0,1
154.0,75.0,,,,Micro ATX Mini Tower,-79.0,0
60.0,180.0,,,,ATX Mid Tower,120.0,1
154.0,81.0,,,,Micro ATX Slim Tower,-73.0,0
159.0,155.0,120.0,,,ATX Mid Tower,-4.0,0
55.0,165.0,,,,Micro ATX Mini Tower,110.0,1
160.0,61.0,,,,Mini ITX Tower,-99.0,0
153.0,165.0,,,,ATX Mid Tower,12.0,1
155.0,154.0,,,,Micro ATX Mid Tower,-1.0,0
136.0,82.0,,,,Micro ATX Desktop,-54.0,0
78.0,70.0,120.0,3,360.0,HTPC,-8.0,0
158.0,170.0,,,,ATX Mid Tower,12.0,1
153.0,150.0,,,,Micro ATX Mid Tower,-3.0,0
148.0,61.0,,,,Mini ITX Tower,-87.0,0
159.0,140.0,,,,Mini ITX Tower,-19.0,0
136.0,77.0,,,,Mini ITX Tower,-59.0,0
65.0,160.0,240.0,1,240.0,ATX Mid Tower,95.0,1
135.0,67.0,,,,Mini ITX Tower,-68.0,0
150.0,138.0,,,,HTPC,-12.0,0
161.0,77.0,,,,Mini ITX Tower,-84.0,0
66.0,160.0,120.0,2,240.0,ATX Mid Tower,94.0,1
154.0,67.0,,,,Mini ITX Tower,-87.0,0
68.0,173.0,140.0,2,280.0,ATX Mid Tower,105.0,1
157.0,61.0,120.0,2,,Mini ITX Tower,-96.0,0
154.0,85.0,,,,Mini ITX Tower,-69.0,0
155.0,155.0,,,,ATX Mid Tower,0.0,1
47.0,185.0,,,120.0,ATX Full Tower,138.0,1
155.0,70.0,,,,Mini ITX Tower,-85.0,0
136.0,48.0,,,,Mini ITX Tower,-88.0,0
154.0,185.0,,,,ATX Mid Tower,31.0,1
160.0,82.0,,,,Micro ATX Desktop,-78.0,0
91.0,166.0,120.0,3,360.0,ATX Mid Tower,75.0,1
51.0,184.0,,,360.0,ATX Mid Tower,133.0,1
157.0,160.0,,,,ATX Mid Tower,3.0,1
139.0,67.0,,,,Mini ITX Tower,-72.0,0
160.0,180.0,,,,Micro ATX Mini Tower,20.0,1
56.0,173.0,120.0,3,360.0,ATX Mid Tower,117.0,1
91.0,160.0,120.0,3,360.0,ATX Mid Tower,69.0,1
158.0,138.0,140.0,2,,HTPC,-20.0,0
155.0,75.0,120.0,,,Micro ATX Mini Tower,-80.0,0
161.0,160.0,,,,ATX Mid Tower,-1.0,0
53.0,170.0,,,,ATX Mid Tower,117.0,1
139.0,70.0,,,,HTPC,-69.0,0
158.0,145.0,,,,ATX Mid Tower,-13.0,0
165.0,160.0,120.0,2,,Micro ATX Mini Tower,-5.0,0
158.0,150.0,140.0,2,,ATX Mid Tower,-8.0,0
158.0,163.0,,,,ATX Mid Tower,5.0,1
54.0,168.0,,,240.0,ATX Mid Tower,114.0,1
150.0,77.0,,,,Mini ITX Tower,-73.0,0
160.0,83.0,,,,Mini ITX Tower,-77.0,0
154.0,135.0,,,,Micro ATX Mid Tower,-19.0,0
45.0,163.0,120.0,2,240.0,ATX Mid Tower,118.0,1
65.0,170.0,,,360.0,ATX Mid Tower,105.0,1
67.0,175.0,,,,ATX Mid Tower,108.0,1
46.0,210.0,120.0,3,360.0,Micro ATX Mini Tower,164.0,1
154.0,210.0,120.0,2,,Mini ITX Tower,56.0,1
62.0,170.0,120.0,3,360.0,ATX Mid Tower,108.0,1
172.0,170.0,,,,ATX Mid Tower,-2.0,0
154.0,170.0,,,,ATX Mid Tower,16.0,1
166.0,164.0,,,,Micro ATX Desktop,-2.0,0
66.0,172.0,,,360.0,ATX Mid Tower,106.0,1
160.0,155.0,,,,Micro ATX Mini Tower,-5.0,0
159.0,146.0,,,,ATX Mid Tower,-13.0,0
37.0,279.0,,,,ATX Mid Tower,242.0,1
158.0,170.0,140.0,2,,ATX Mid Tower,12.0,1
164.0,83.0,,,,Mini ITX Tower,-81.0,0
157.0,140.0,,,,Mini ITX Tower,-17.0,0
167.0,165.0,,,,ATX Mid Tower,-2.0,0
152.0,185.0,,,,ATX Mid Tower,33.0,1
152.0,48.0,,,,Mini ITX Tower,-104.0,0
107.0,68.0,120.0,3,360.0,Mini ITX Tower,-39.0,0
65.0,170.0,240.0,1,240.0,ATX Mid Tower,105.0,1
125.0,67.0,,,240.0,Mini ITX Tower,-58.0,0
158.0,150.0,,,,Micro ATX Mid Tower,-8.0,0
65.0,165.0,,,,Micro ATX Mini Tower,100.0,1
168.0,170.0,,,,ATX Mid Tower,2.0,1
167.0,150.0,,,,Micro ATX Mid Tower,-17.0,0
67.0,167.0,,,360.0,ATX Full Tower,100.0,1
163.0,156.0,,,,ATX Mid Tower,-7.0,0
63.0,185.0,,,,ATX Mid Tower,122.0,1
125.0,70.0,,,,HTPC,-55.0,0
125.0,185.0,,,,ATX Mid Tower,60.0,1
164.0,180.0,,,,ATX Mid Tower,16.0,1
155.0,68.0,,,,Mini ITX Tower,-87.0,0
86.4,190.0,120.0,3,360.0,ATX Full Tower,103.6,1
62.0,165.0,,,360.0,ATX Mid Tower,103.0,1
166.0,165.0,,,,ATX Mid Tower,-1.0,0
68.0,61.0,,,240.0,Mini ITX Tower,-7.0,0
158.0,175.0,,,,ATX Mid Tower,17.0,1
161.0,155.0,120.0,3,360.0,ATX Mid Tower,-6.0,0
113.0,166.0,,,,ATX Mid Tower,53.0,1
116.0,160.0,120.0,3,360.0,ATX Mid Tower,44.0,1
168.0,160.0,120.0,,,ATX Mid Tower,-8.0,0
130.0,88.2,,,,ATX Mid Tower,-41.8,0
158.0,85.0,,,,Mini ITX Tower,-73.0,0
70.0,171.0,,,,ATX Mid Tower,101.0,1
160.0,155.0,,,,Micro ATX Mini Tower,-5.0,0
159.0,67.0,,,,Mini ITX Tower,-92.0,0
88.0,165.0,,,,ATX Mid Tower,77.0,1
157.0,155.0,,,,Mini ITX Tower,-2.0,0
156.0,160.0,,,,ATX Mid Tower,4.0,1
150.0,146.0,,,,ATX Mid Tower,-4.0,0
154.0,163.0,,,,ATX Mid Tower,9.0,1
154.0,150.0,,,,Micro ATX Mini Tower,-4.0,0
136.0,166.0,,,,ATX Mid Tower,30.0,1
161.0,160.0,,,,ATX Mid Tower,-1.0,0
153.0,61.0,,,,Mini ITX Tower,-92.0,0
165.0,160.0,,,,ATX Mid Tower,-5.0,0
93.0,70.0,,,,Mini ITX Tower,-23.0,0
154.0,167.0,,,,ATX Mid Tower,13.0,1
160.0,145.0,,,,ATX Mid Tower,-15.0,0
157.0,88.2,,,,ATX Mid Tower,-68.8,0
136.0,70.0,,,,Mini ITX Tower,-66.0,0
162.0,48.0,,,,Mini ITX Tower,-114.0,0
157.0,83.0,120.0,2,,Mini ITX Tower,-74.0,0
88.0,185.0,,,,ATX Mid Tower,97.0,1
165.0,195.0,,,,ATX Full Tower,30.0,1
123.0,70.0,,,,Mini ITX Tower,-53.0,0
155.0,185.0,120.0,1,,ATX Mid Tower,30.0,1
171.0,165.0,,,,ATX Mid Tower,-6.0,0
136.0,120.0,,,,Mini ITX Tower,-16.0,0
154.0,70.0,,,,HTPC,-84.0,0
162.0,160.0,,,,ATX Full Tower,-2.0,0
48.0,170.0,,,120.0,ATX Mid Tower,122.0,1
51.0,193.0,,,240.0,ATX Full Tower,142.0,1
162.0,138.0,135.0,2,,HTPC,-24.0,0
157.0,160.0,,,,Micro ATX Mid Tower,3.0,1
158.0,170.0,,,,ATX Mid Tower,12.0,1
75.0,156.0,,,,ATX Mid Tower,81.0,1
158.0,140.0,,,,Mini ITX Tower,-18.0,0
161.0,160.0,,,,Micro ATX Mini Tower,-1.0,0
166.0,183.0,,,,ATX Mid Tower,17.0,1
155.0,120.0,120.0,,,Mini ITX Tower,-35.0,0
37.0,205.0,,,,ATX Full Tower,168.0,1
136.0,120.0,,,,Mini ITX Tower,-16.0,0
137.0,120.0,,,,Mini ITX Tower,-17.0,0
148.0,45.0,,,,Mini ITX Tower,-103.0,0
155.0,138.0,,,,HTPC,-17.0,0
51.0,170.0,,,420.0,ATX Mid Tower,119.0,1
165.0,75.0,,,,Micro ATX Mini Tower,-90.0,0
136.0,165.0,,,,ATX Mid Tower,29.0,1
152.0,167.0,,,,ATX Mid Tower,15.0,1
155.0,175.0,120.0,2,,ATX Mid Tower,20.0,1
146.0,135.0,,,,Micro ATX Mid Tower,-11.0,0
170.0,165.0,,,,ATX Mid Tower,-5.0,0
120.0,55.0,,,,Mini ITX Tower,-65.0,0
148.0,185.0,,,,ATX Mid Tower,37.0,1
130.0,135.0,,,,Micro ATX Mid Tower,5.0,1
397.0,190.0,120.0,3,360.0,ATX Mid Tower,-207.0,0
157.0,180.0,,,,ATX Mid Tower,23.0,1
150.0,150.0,,,,Micro ATX Mini Tower,0.0,1
166.0,157.0,,,,Micro ATX Mini Tower,-9.0,0
52.0,175.0,,,120.0,ATX Mid Tower,123.0,1
60.0,160.0,,,,ATX Mid Tower,100.0,1
145.0,175.0,,,,ATX Mid Tower,30.0,1
60.0,156.0,,,,ATX Mid Tower,96.0,1
130.0,164.0,,,,Micro ATX Mini Tower,34.0,1
65.0,175.0,360.0,1,360.0,ATX Mid Tower,110.0,1
162.0,81.0,,,,Micro ATX Slim Tower,-81.0,0
158.0,151.0,,,,Micro ATX Mini Tower,-7.0,0
53.0,165.0,,,360.0,Micro ATX Mini Tower,112.0,1
161.0,70.0,,,,HTPC,-91.0,0
164.0,171.0,,,,ATX Mid Tower,7.0,1
154.0,83.0,,,,Mini ITX Tower,-71.0,0
152.0,70.0,,,,Mini ITX Tower,-82.0,0
65.0,168.0,,,,Micro ATX Mini Tower,103.0,1
155.0,165.0,,,,ATX Mid Tower,10.0,1
168.0,58.0,,,,HTPC,-110.0,0
37.0,170.0,,,,ATX Mid Tower,133.0,1
67.0,170.0,,,240.0,ATX Mid Tower,103.0,1
165.0,160.0,,,,ATX Mid Tower,-5.0,0
156.0,195.0,,,,ATX Full Tower,39.0,1
70.0,157.0,,,,ATX Mid Tower,87.0,1
67.0,55.0,,,,Mini ITX Tower,-12.0,0
68.0,165.0,,,,ATX Mid Tower,97.0,1
125.0,88.2,120.0,,,ATX Mid Tower,-36.8,0
165.0,38.0,,,,Mini ITX Tower,-127.0,0
158.0,170.0,,,,ATX Mid Tower,12.0,1
155.0,70.0,,,,Mini ITX Tower,-85.0,0
125.0,159.0,120.0,3,360.0,ATX Mid Tower,34.0,1
155.0,88.2,,,,ATX Mid Tower,-66.8,0
71.0,170.0,,,,ATX Mid Tower,99.0,1
165.0,67.0,120.0,2,,Mini ITX Tower,-98.0,0
166.0,68.0,,,,Mini ITX Tower,-98.0,0
80.0,170.0,120.0,1,120.0,ATX Mid Tower,90.0,1
53.0,180.0,120.0,2,240.0,ATX Mid Tower,127.0,1
151.0,75.0,,,,Micro ATX Mini Tower,-76.0,0
154.0,170.0,120.0,2,,ATX Mid Tower,16.0,1
123.0,279.0,,,,ATX Mid Tower,156.0,1
152.0,165.0,,,,ATX Mid Tower,13.0,1
60.0,170.0,,,360.0,ATX Mid Tower,110.0,1
155.0,150.0,,,,ATX Mid Tower,-5.0,0
30.0,120.0,,,,Mini ITX Tower,90.0,1
37.0,65.0,,,,Micro ATX Mini Tower,28.0,1
160.0,70.0,,,,Mini ITX Tower,-90.0,0
152.0,77.0,,,,Mini ITX Tower,-75.0,0
165.0,185.0,,,,ATX Mid Tower,20.0,1
159.0,172.0,,,,ATX Mid Tower,13.0,1
139.0,70.0,,,,HTPC,-69.0,0
162.0,155.0,,,,ATX Mid Tower,-7.0,0
135.0,160.0,,,,ATX Mid Tower,25.0,1
52.0,190.0,,,240.0,ATX Mid Tower,138.0,1
170.0,161.0,,,,Micro ATX Mid Tower,-9.0,0
158.0,70.0,,,,Mini ITX Tower,-88.0,0
130.0,154.0,,,,Micro ATX Mid Tower,24.0,1
52.0,50.0,,,240.0,Mini ITX Tower,-2.0,0
69.0,160.0,,,360.0,ATX Mid Tower,91.0,1
52.0,172.0,,,360.0,Mini ITX Tower,120.0,1
153.0,185.0,,,,ATX Full Tower,32.0,1
160.0,140.0,120.0,2,,Mini ITX Tower,-20.0,0
68.0,163.5,,,240.0,Micro ATX Mid Tower,95.5,1
161.0,150.0,120.0,2,,Micro ATX Mini Tower,-11.0,0
156.0,55.0,,,,Mini ITX Tower,-101.0,0
137.0,162.0,,,,ATX Mid Tower,25.0,1
159.0,160.0,,,,ATX Mid Tower,1.0,1
47.0,180.0,,,240.0,ATX Mid Tower,133.0,1
155.0,48.0,,,,Mini ITX Tower,-107.0,0
154.0,70.0,,,,HTPC,-84.0,0
158.0,154.0,,,,Micro ATX Mid Tower,-4.0,0
47.0,177.0,,,360.0,ATX Full Tower,130.0,1
168.0,175.0,,,,ATX Mid Tower,7.0,1
160.0,55.0,,,,Mini ITX Tower,-105.0,0
167.0,85.0,,,,Mini ITX Tower,-82.0,0
125.0,68.0,,,360.0,Mini ITX Tower,-57.0,0
166.0,45.0,,,,Mini ITX Tower,-121.0,0
59.0,155.0,,,360.0,ATX Mid Tower,96.0,1
160.0,180.0,,,,ATX Mid Tower,20.0,1
62.0,140.0,,,240.0,Mini ITX Tower,78.0,1
159.0,156.0,,,,Micro ATX Mini Tower,-3.0,0
148.0,180.0,120.0,,,ATX Mid Tower,32.0,1
166.0,165.0,,,,Micro ATX Mid Tower,-1.0,0
156.0,135.0,,,,Micro ATX Mid Tower,-21.0,0
154.0,150.0,,,,ATX Mid Tower,-4.0,0
163.0,148.0,,,,Micro ATX Mini Tower,-15.0,0
30.4,159.0,120.0,2,240.0,Micro ATX Mini Tower,128.6,1
165.0,163.0,,,,ATX Mid Tower,-2.0,0
116.0,190.0,120.0,2,240.0,ATX Full Tower,74.0,1
150.0,48.0,,,,Mini ITX Tower,-102.0,0
126.0,185.0,,,,ATX Mid Tower,59.0,1
89.9,185.0,120.0,3,360.0,ATX Mid Tower,95.1,1
154.0,160.0,120.0,2,,ATX Mid Tower,6.0,1
155.0,190.0,,,,ATX Full Tower,35.0,1
165.0,210.0,,,,Micro ATX Mini Tower,45.0,1
159.0,47.0,,,,Micro ATX Desktop,-112.0,0
158.0,67.0,,,,Mini ITX Tower,-91.0,0
52.0,165.0,,,240.0,ATX Mid Tower,113.0,1
66.0,70.0,,,,Mini ITX Tower,4.0,1
153.0,70.0,,,,HTPC,-83.0,0
77.0,48.0,,,,Mini ITX Tower,-29.0,0
62.0,185.0,,,240.0,ATX Mid Tower,123.0,1
57.0,163.0,,,,ATX Mid Tower,106.0,1
159.0,150.0,,,,ATX Mid Tower,-9.0,0
77.0,165.0,,,,ATX Mid Tower,88.0,1
68.4,182.0,120.0,3,360.0,ATX Mid Tower,113.6,1
47.0,170.0,,,240.0,Micro ATX Mid Tower,123.0,1
162.0,155.0,,,,Micro ATX Mini Tower,-7.0,0
150.0,114.0,,,,Mini ITX Tower,-36.0,0
155.0,175.0,,,,ATX Mid Tower,20.0,1
154.0,145.0,,,,ATX Mid Tower,-9.0,0
52.0,160.0,120.0,2,240.0,ATX Mid Tower,108.0,1
152.0,160.0,,,,Micro ATX Mini Tower,8.0,1
116.0,83.0,140.0,2,280.0,Mini ITX Tower,-33.0,0
30.4,160.0,120.0,3,360.0,ATX Mid Tower,129.6,1
162.0,160.0,,,,ATX Mid Tower,-2.0,0
69.0,156.0,120.0,2,240.0,Micro ATX Mini Tower,87.0,1
165.0,164.0,,,,Micro ATX Mini Tower,-1.0,0
148.0,65.0,,,,Mini ITX Tower,-83.0,0
65.0,170.0,,,,ATX Mid Tower,105.0,1
169.0,160.0,,,,ATX Mid Tower,-9.0,0
63.0,180.0,,,,ATX Mid Tower,117.0,1
161.0,158.0,,,,Micro ATX Desktop,-3.0,0
72.0,175.0,120.0,3,360.0,ATX Mid Tower,103.0,1
157.0,190.0,,,,ATX Full Tower,33.0,1
159.0,70.0,120.0,1,,Mini ITX Tower,-89.0,0
156.0,160.0,,,,Micro ATX Mini Tower,4.0,1
158.0,164.0,,,,Micro ATX Desktop,6.0,1
155.0,165.0,,,,ATX Mid Tower,10.0,1
63.0,48.0,,,240.0,Mini ITX Tower,-15.0,0
137.0,160.0,,,,ATX Mid Tower,23.0,1
158.0,157.0,,,,ATX Mid Tower,-1.0,0
156.0,70.0,,,,Mini ITX Tower,-86.0,0
47.0,170.0,,,360.0,ATX Mid Tower,123.0,1
155.0,90.0,120.0,,,Micro ATX Desktop,-65.0,0
166.0,165.0,120.0,,,ATX Mid Tower,-1.0,0
136.0,180.0,,,,ATX Mid Tower,44.0,1
157.0,57.0,,,,Micro ATX Desktop,-100.0,0
130.0,138.0,,,,HTPC,8.0,1
48.0,180.0,,,,ATX Mid Tower,132.0,1
156.0,70.0,,,,Mini ITX Tower,-86.0,0
136.0,70.0,,,,Micro ATX Desktop,-66.0,0
160.0,187.0,,,,Micro ATX Mid Tower,27.0,1
110.0,61.0,,,,Mini ITX Tower,-49.0,0
162.0,190.0,,,,ATX Mid Tower,28.0,1
160.0,138.0,,,,HTPC,-22.0,0
51.0,50.0,90.0,1,,Mini ITX Tower,-1.0,0
157.0,151.0,,,,Micro ATX Mini Tower,-6.0,0
135.0,57.0,,,,Mini ITX Tower,-78.0,0
56.0,175.0,,,120.0,ATX Mid Tower,119.0,1
163.0,162.0,120.0,,,ATX Mid Tower,-1.0,0
160.0,160.0,,,,ATX Mid Tower,0.0,1
169.0,160.0,,,,ATX Mid Tower,-9.0,0
155.0,82.0,,,,Micro ATX Desktop,-73.0,0
165.0,159.0,,,,Micro ATX Mid Tower,-6.0,0
158.0,155.0,,,,Micro ATX Mini Tower,-3.0,0
168.0,160.0,120.0,,,ATX Mid Tower,-8.0,0
69.0,165.0,140.0,3,420.0,Micro ATX Mid Tower,96.0,1
78.0,70.0,,,360.0,Mini ITX Tower,-8.0,0
161.0,160.0,120.0,2,,ATX Mid Tower,-1.0,0
58.0,180.0,,,240.0,ATX Mid Tower,122.0,1
62.0,150.0,,,360.0,ATX Mid Tower,88.0,1
154.0,165.0,,,,ATX Mid Tower,11.0,1
71.0,167.0,,,,Micro ATX Mid Tower,96.0,1
165.0,167.0,,,,ATX Mid Tower,2.0,1
154.0,67.0,,,,Mini ITX Tower,-87.0,0
160.0,170.0,,,,ATX Mid Tower,10.0,1
60.0,155.0,140.0,2,280.0,Micro ATX Mini Tower,95.0,1
69.0,165.0,,,360.0,ATX Mid Tower,96.0,1
159.0,120.0,120.0,1,,Mini ITX Tower,-39.0,0
156.0,190.0,,,,EATX Mid Tower,34.0,1
63.0,180.0,,,,ATX Mid Tower,117.0,1
159.0,190.0,,,,Mini ITX Tower,31.0,1
158.0,70.0,,,,Mini ITX Tower,-88.0,0
88.0,190.0,,,,ATX Full Tower,102.0,1
163.0,170.0,,,,Micro ATX Mini Tower,7.0,1
60.0,166.0,,,360.0,Micro ATX Mini Tower,106.0,1
145.0,138.0,,,,HTPC,-7.0,0
155.0,150.0,,,,ATX Mid Tower,-5.0,0
93.0,47.0,,,,Micro ATX Desktop,-46.0,0
132.0,114.0,,,,Mini ITX Tower,-18.0,0
159.0,110.0,,,,Mini ITX Tower,-49.0,0
151.0,160.0,,,,ATX Mini Tower,9.0,1
137.0,88.2,,,,ATX Mid Tower,-48.8,0
60.0,180.0,120.0,3,360.0,ATX Mid Tower,120.0,1
70.0,178.0,,,360.0,ATX Mid Tower,108.0,1
162.0,70.0,,,,HTPC,-92.0,0
154.0,160.0,,,,ATX Mid Tower,6.0,1
150.0,165.0,,,,ATX Mid Tower,15.0,1
156.0,140.0,,,,Mini ITX Tower,-16.0,0
69.0,160.0,,,,ATX Mini Tower,91.0,1
162.0,155.0,,,,ATX Mid Tower,-7.0,0
163.0,160.0,,,,Micro ATX Mini Tower,-3.0,0
158.0,70.0,,,,HTPC,-88.0,0
52.0,170.0,,,360.0,ATX Mid Tower,118.0,1
159.0,155.0,,,,Micro ATX Mid Tower,-4.0,0
67.0,47.0,,,,Micro ATX Desktop,-20.0,0
157.0,180.0,,,,ATX Mid Tower,23.0,1
161.0,158.0,120.0,3,360.0,ATX Mid Tower,-3.0,0
153.0,70.0,,,,HTPC,-83.0,0
150.0,180.5,,,,EATX Mid Tower,30.5,1
155.0,70.0,,,,HTPC,-85.0,0
27.0,165.0,,,,ATX Mid Tower,138.0,1
158.0,70.0,,,,Mini ITX Tower,-88.0,0
155.0,146.0,,,,HTPC,-9.0,0
158.0,55.0,,,,Mini ITX Tower,-103.0,0
158.0,154.0,,,,Micro ATX Mid Tower,-4.0,0
68.0,155.0,,,,ATX Mid Tower,87.0,1
168.0,165.0,,,,ATX Mid Tower,-3.0,0
150.0,75.0,120.0,1,,Mini ITX Tower,-75.0,0
133.0,61.0,,,,Mini ITX Tower,-72.0,0
151.0,120.0,120.0,2,,Mini ITX Tower,-31.0,0
48.0,185.0,,,240.0,ATX Mid Tower,137.0,1
135.0,160.0,,,,ATX Mid Tower,25.0,1
158.0,70.0,,,,Mini ITX Tower,-88.0,0
160.0,162.0,,,,Micro ATX Mid Tower,2.0,1
155.0,61.0,,,,Mini ITX Tower,-94.0,0
165.0,165.0,,,,Micro ATX Mid Tower,0.0,1
161.0,160.0,,,,ATX Mid Tower,-1.0,0
169.0,160.0,,,,ATX Mid Tower,-9.0,0
154.0,170.0,,,,ATX Mid Tower,16.0,1
160.0,88.2,,,,ATX Mid Tower,-71.8,0
158.0,183.0,,,,ATX Mid Tower,25.0,1
160.0,210.0,,,,Mini ITX Tower,50.0,1
37.0,167.0,,,,ATX Mid Tower,130.0,1
148.0,175.0,,,,ATX Mid Tower,27.0,1
155.0,85.0,,,,Mini ITX Tower,-70.0,0
158.0,170.0,140.0,2,,ATX Mid Tower,12.0,1
163.0,150.0,,,,ATX Mid Tower,-13.0,0
155.0,68.0,,,,Mini ITX Tower,-87.0,0
86.4,185.0,120.0,3,360.0,ATX Mid Tower,98.6,1
158.0,155.0,,,,Micro ATX Mini Tower,-3.0,0
154.0,50.0,,,,Mini ITX Tower,-104.0,0
128.0,210.0,,,,Mini ITX Tower,82.0,1
162.0,160.0,,,,ATX Mid Tower,-2.0,0
116.0,82.0,140.0,2,280.0,Mini ITX Tower,-34.0,0
50.0,175.0,,,240.0,ATX Mid Tower,125.0,1
158.0,156.0,,,,Micro ATX Mid Tower,-2.0,0
67.0,58.0,,,,HTPC,-9.0,0
160.0,175.0,,,,ATX Full Tower,15.0,1
145.0,165.0,,,,ATX Mid Tower,20.0,1
160.0,140.0,,,,Mini ITX Tower,-20.0,0
131.0,155.0,,,,Micro ATX Mini Tower,24.0,1
47.0,165.0,,,,ATX Mid Tower,118.0,1
148.0,145.0,,,,ATX Mid Tower,-3.0,0
154.0,85.0,,,,Mini ITX Tower,-69.0,0
154.0,83.0,,,,Mini ITX Tower,-71.0,0
154.0,77.0,,,,Mini ITX Tower,-77.0,0
158.0,185.0,,,,Micro ATX Mid Tower,27.0,1
135.0,173.0,,,,ATX Mid Tower,38.0,1
154.0,90.0,,,,Micro ATX Desktop,-64.0,0
166.0,148.0,,,,Micro ATX Mini Tower,-18.0,0
159.0,150.0,,,,Micro ATX Mid Tower,-9.0,0
155.0,138.0,,,,HTPC,-17.0,0
168.0,165.0,,,,ATX Mid Tower,-3.0,0
100.0,185.0,,,,ATX Full Tower,85.0,1
140.0,161.0,,,,ATX Mid Tower,21.0,1
157.0,165.0,,,,ATX Mid Tower,8.0,1
162.0,156.0,,,,Micro ATX Mini Tower,-6.0,0
162.0,180.0,,,,ATX Mid Tower,18.0,1
166.0,170.0,,,,ATX Mid Tower,4.0,1
164.0,61.0,,,,Mini ITX Tower,-103.0,0
160.0,180.0,,,,ATX Mid Tower,20.0,1
101.0,184.0,120.0,3,360.0,ATX Mid Tower,83.0,1
159.0,166.0,120.0,1,,ATX Mid Tower,7.0,1
53.0,85.0,120.0,3,360.0,Mini ITX Tower,32.0,1
47.6,166.0,120.0,2,240.0,ATX Mid Tower,118.4,1
155.0,57.0,120.0,,,Micro ATX Desktop,-98.0,0
159.0,160.0,,,,ATX Mid Tower,1.0,1
162.0,150.0,,,,ATX Mid Tower,-12.0,0
65.0,160.0,,,360.0,ATX Mid Tower,95.0,1
155.0,68.0,,,,Mini ITX Tower,-87.0,0
57.0,48.0,,,360.0,Mini ITX Tower,-9.0,0
148.0,155.0,,,,Micro ATX Mini Tower,7.0,1
126.0,168.0,,,,Micro ATX Mini Tower,42.0,1
157.0,155.0,120.0,2,,Mini ITX Tower,-2.0,0
56.0,160.0,,,120.0,Micro ATX Mini Tower,104.0,1
154.0,70.0,,,,Mini ITX Tower,-84.0,0
163.0,48.0,,,,Mini ITX Tower,-115.0,0
62.0,167.0,,,360.0,ATX Mid Tower,105.0,1
75.0,170.0,,,,ATX Mid Tower,95.0,1
158.0,90.0,,,,Micro ATX Desktop,-68.0,0
162.0,155.0,,,,Micro ATX Mid Tower,-7.0,0
154.0,67.0,120.0,2,,Mini ITX Tower,-87.0,0
65.0,168.0,120.0,2,240.0,ATX Mid Tower,103.0,1
72.0,160.0,120.0,3,360.0,ATX Mid Tower,88.0,1
151.0,110.0,120.0,2,,Mini ITX Tower,-41.0,0
69.0,175.0,,,360.0,ATX Mid Tower,106.0,1
154.0,148.0,,,,Micro ATX Mid Tower,-6.0,0
158.0,70.0,,,,Mini ITX Tower,-88.0,0
75.0,187.0,,,,ATX Mid Tower,112.0,1
37.0,171.0,,,,ATX Mid Tower,134.0,1
155.0,70.0,,,,Mini ITX Tower,-85.0,0
169.0,140.0,,,,Mini ITX Tower,-29.0,0
155.0,160.0,,,,ATX Mid Tower,5.0,1
148.0,70.0,,,,Mini ITX Tower,-78.0,0
170.0,162.0,,,,Micro ATX Mid Tower,-8.0,0
157.0,151.0,,,,Micro ATX Mini Tower,-6.0,0
110.0,163.5,,,,Micro ATX Mid Tower,53.5,1
160.0,159.0,,,,Micro ATX Mid Tower,-1.0,0
160.0,160.0,,,,ATX Mid Tower,0.0,1
60.0,190.0,,,,ATX Mid Tower,130.0,1
164.0,150.0,,,,ATX Mid Tower,-14.0,0
158.0,68.0,,,,Mini ITX Tower,-90.0,0
142.0,70.0,,,,Mini ITX Tower,-72.0,0
78.0,47.0,120.0,3,360.0,Micro ATX Desktop,-31.0,0
155.0,148.0,,,,Micro ATX Mini Tower,-7.0,0
154.0,160.0,,,,Micro ATX Mini Tower,6.0,1
169.0,166.0,,,,ATX Mid Tower,-3.0,0
60.0,179.0,,,360.0,ATX Mid Tower,119.0,1
162.0,187.0,,,,Micro ATX Mini Tower,25.0,1
150.0,83.0,,,,Mini ITX Tower,-67.0,0
161.0,160.0,,,,ATX Mid Tower,-1.0,0
163.0,170.0,,,,ATX Mid Tower,7.0,1
125.0,180.0,,,,ATX Mid Tower,55.0,1
152.0,120.0,120.0,1,,Mini ITX Tower,-32.0,0
123.0,88.2,,,,ATX Mid Tower,-34.8,0
156.0,146.0,,,,HTPC,-10.0,0
154.0,170.0,,,,ATX Mid Tower,16.0,1
150.0,180.0,,,,Micro ATX Mini Tower,30.0,1
154.0,138.0,,,,HTPC,-16.0,0
165.0,140.0,,,,Mini ITX Tower,-25.0,0
156.0,181.0,,,,ATX Mid Tower,25.0,1
155.0,166.0,120.0,2,,ATX Mid Tower,11.0,1
155.0,185.0,,,,ATX Mid Tower,30.0,1
64.24,180.0,120.0,3,360.0,ATX Mid Tower,115.76,1
139.0,167.0,,,,Micro ATX Mini Tower,28.0,1
147.0,155.0,,,,ATX Mid Tower,8.0,1
154.0,65.0,,,,Mini ITX Tower,-89.0,0
123.0,65.0,100.0,1,,Mini ITX Tower,-58.0,0
148.0,140.0,,,,Micro ATX Mini Tower,-8.0,0
27.0,166.0,,,,Micro ATX Mid Tower,139.0,1
68.0,170.0,,,240.0,ATX Mid Tower,102.0,1
37.0,175.0,,,,ATX Mid Tower,138.0,1
148.0,185.0,,,,ATX Mid Tower,37.0,1
397.0,163.0,120.0,3,360.0,ATX Mid Tower,-234.0,0
53.0,170.0,,,,ATX Full Tower,117.0,1
154.0,70.0,,,,HTPC,-84.0,0
148.0,77.0,,,,Mini ITX Tower,-71.0,0
57.0,148.0,120.0,3,360.0,Micro ATX Mid Tower,91.0,1
157.0,135.0,,,,Micro ATX Mid Tower,-22.0,0
155.0,88.2,,,,ATX Mid Tower,-66.8,0
156.0,138.0,,,,HTPC,-18.0,0
160.0,168.0,,,,EATX Mid Tower,8.0,1
69.0,190.0,,,240.0,ATX Full Tower,121.0,1
154.0,165.0,,,,Micro ATX Mini Tower,11.0,1
154.0,165.0,,,,ATX Mid Tower,11.0,1
163.0,170.0,,,,ATX Mid Tower,7.0,1
170.0,85.0,,,,Mini ITX Tower,-85.0,0
148.0,61.0,,,,Mini ITX Tower,-87.0,0
110.0,158.75,,,,ATX Mid Tower,48.75,1
139.0,160.0,,,,ATX Mid Tower,21.0,1
52.0,190.0,120.0,1,120.0,ATX Mid Tower,138.0,1
162.0,185.0,,,,ATX Mid Tower,23.0,1
155.0,165.0,120.0,,,EATX Mid Tower,10.0,1
162.0,167.0,,,,ATX Mid Tower,5.0,1
169.0,165.0,120.0,2,,ATX Mid Tower,-4.0,0
159.0,155.0,,,,Micro ATX Mid Tower,-4.0,0
116.0,85.0,140.0,2,280.0,Mini ITX Tower,-31.0,0
155.0,165.0,,,,Micro ATX Mini Tower,10.0,1
164.0,67.0,,,,Mini ITX Tower,-97.0,0
170.0,155.0,,,,ATX Mid Tower,-15.0,0
159.0,77.0,,,,HTPC,-82.0,0
163.0,190.0,,,,ATX Full Tower,27.0,1
171.0,70.0,,,,HTPC,-101.0,0
70.0,65.0,,,240.0,Mini ITX Tower,-5.0,0
155.0,150.0,120.0,,,ATX Mid Tower,-5.0,0
38.0,170.0,,,360.0,ATX Mid Tower,132.0,1
159.0,180.0,,,,ATX Mid Tower,21.0,1
155.0,170.0,,,,ATX Mid Tower,15.0,1
171.0,65.0,,,,Micro ATX Mini Tower,-106.0,0
160.0,173.0,,,,ATX Mid Tower,13.0,1
165.0,155.0,,,,ATX Mid Tower,-10.0,0
62.0,190.0,,,360.0,Mini ITX Tower,128.0,1
136.0,83.0,,,,Mini ITX Tower,-53.0,0
160.0,150.0,,,,ATX Mid Tower,-10.0,0
165.0,165.0,,,,ATX Mid Tower,0.0,1
142.0,175.0,,,,ATX Mid Tower,33.0,1
152.0,187.0,,,,ATX Mid Tower,35.0,1
63.0,165.0,,,,Micro ATX Mini Tower,102.0,1
54.0,170.0,,,120.0,ATX Mid Tower,116.0,1
154.0,180.0,,,,ATX Mid Tower,26.0,1
123.0,83.0,,,,Mini ITX Tower,-40.0,0
156.0,75.0,,,,Micro ATX Mini Tower,-81.0,0
100.0,170.0,,,,Mini ITX Tower,70.0,1
15.0,170.0,,,,ATX Mid Tower,155.0,1
77.7,160.0,120.0,3,360.0,ATX Mid Tower,82.3,1
159.0,183.0,,,,ATX Mid Tower,24.0,1
157.0,175.0,120.0,2,,ATX Mid Tower,18.0,1
133.0,165.0,,,,ATX Mid Tower,32.0,1
93.0,68.0,,,,Mini ITX Tower,-25.0,0
162.0,160.0,,,,ATX Mid Tower,-2.0,0
160.0,88.2,,,,ATX Mid Tower,-71.8,0
60.0,45.0,,,360.0,Mini ITX Tower,-15.0,0
64.0,168.0,,,,ATX Mid Tower,104.0,1
62.0,165.0,,,360.0,Micro ATX Mini Tower,103.0,1
166.0,58.0,,,,HTPC,-108.0,0
157.0,200.0,,,,EATX Full Tower,43.0,1
136.0,67.0,,,,Mini ITX Tower,-69.0,0
150.0,190.0,,,,ATX Full Tower,40.0,1
65.0,114.0,,,,Mini ITX Tower,49.0,1
66.0,180.0,,,360.0,ATX Mid Tower,114.0,1
166.0,155.0,,,,Micro ATX Mini Tower,-11.0,0
125.0,163.5,,,,Micro ATX Mid Tower,38.5,1
153.0,140.0,,,,Mini ITX Tower,-13.0,0
60.0,47.0,120.0,3,360.0,Micro ATX Desktop,-13.0,0
160.0,190.0,,,,ATX Mid Tower,30.0,1
153.0,146.0,,,,ATX Mid Tower,-7.0,0
53.0,88.2,95.0,2,,ATX Mid Tower,35.2,1
169.0,82.0,120.0,2,,Mini ITX Tower,-87.0,0
155.0,70.0,,,,Mini ITX Tower,-85.0,0
57.0,155.0,,,360.0,ATX Mid Tower,98.0,1
155.0,140.0,,,,Micro ATX Mini Tower,-15.0,0
150.0,183.0,,,,ATX Mid Tower,33.0,1
56.0,160.0,120.0,3,360.0,ATX Mid Tower,104.0,1
156.0,70.0,,,,Mini ITX Tower,-86.0,0
160.0,150.0,,,,ATX Mid Tower,-10.0,0
154.0,70.0,120.0,2,,Mini ITX Tower,-84.0,0
154.0,95.0,,,,ATX Mid Tower,-59.0,0
52.0,161.0,,,120.0,ATX Mid Tower,109.0,1
152.0,120.0,120.0,1,,Mini ITX Tower,-32.0,0
94.5,47.0,120.0,1,,Micro ATX Desktop,-47.5,0
158.0,155.0,,,,Micro ATX Mid Tower,-3.0,0
158.0,61.0,,,,Mini ITX Tower,-97.0,0
155.0,148.0,,,,Micro ATX Mid Tower,-7.0,0
160.0,88.2,,,,ATX Mid Tower,-71.8,0
101.0,165.0,120.0,2,240.0,ATX Full Tower,64.0,1
165.0,150.0,,,,ATX Mid Tower,-15.0,0
30.0,68.0,120.0,2,240.0,Mini ITX Tower,38.0,1
60.0,70.0,120.0,3,360.0,Mini ITX Tower,10.0,1
169.0,83.0,,,,Mini ITX Tower,-86.0,0
47.0,160.0,,,,Mini ITX Tower,113.0,1
150.0,160.0,,,,Micro ATX Mini Tower,10.0,1
69.0,180.0,,,,ATX Mid Tower,111.0,1
150.0,167.0,,,,Micro ATX Mid Tower,17.0,1
136.0,50.0,,,,Mini ITX Tower,-86.0,0
65.0,180.0,120.0,2,240.0,ATX Mid Tower,115.0,1
165.0,158.0,,,,Micro ATX Mini Tower,-7.0,0
135.0,50.0,92.0,,,Mini ITX Tower,-85.0,0
165.0,48.0,,,,Mini ITX Tower,-117.0,0
162.0,160.0,,,,Micro ATX Mini Tower,-2.0,0
53.0,159.0,95.0,2,,Micro ATX Mid Tower,106.0,1
65.0,158.0,420.0,1,420.0,ATX Mid Tower,93.0,1
68.5,70.0,120.0,3,360.0,Mini ITX Tower,1.5,1
51.0,185.0,,,420.0,ATX Mid Tower,134.0,1
150.0,140.0,,,,Mini ITX Tower,-10.0,0
155.0,160.0,,,,ATX Mid Tower,5.0,1
153.0,68.0,,,,Mini ITX Tower,-85.0,0
48.0,180.0,,,120.0,ATX Mid Tower,132.0,1
155.0,82.0,,,,Micro ATX Desktop,-73.0,0
167.0,165.0,,,,ATX Mid Tower,-2.0,0
156.0,150.0,,,,Micro ATX Mid Tower,-6.0,0
172.0,185.0,,,,ATX Mid Tower,13.0,1
30.5,160.0,120.0,2,240.0,Micro ATX Mini Tower,129.5,1
158.0,58.0,,,,HTPC,-100.0,0
100.0,155.0,,,360.0,ATX Mid Tower,55.0,1
159.0,135.0,120.0,1,,Micro ATX Mid Tower,-24.0,0
158.0,148.0,,,,Micro ATX Mini Tower,-10.0,0
156.0,170.0,,,,ATX Mid Tower,14.0,1
62.0,61.0,,,360.0,Mini ITX Tower,-1.0,0
160.0,158.0,,,,Micro ATX Mini Tower,-2.0,0
53.0,187.0,,,360.0,Micro ATX Mid Tower,134.0,1
74.0,47.0,,,,Micro ATX Desktop,-27.0,0
155.0,165.0,,,,Micro ATX Mini Tower,10.0,1
51.0,165.0,,,360.0,ATX Mid Tower,114.0,1
68.0,185.0,,,,ATX Mid Tower,117.0,1
54.0,173.0,,,420.0,ATX Mid Tower,119.0,1
58.0,185.0,,,,ATX Mid Tower,127.0,1
51.0,45.0,,,240.0,Mini ITX Tower,-6.0,0
67.0,159.0,,,360.0,ATX Mid Tower,92.0,1
47.0,210.0,,,360.0,Mini ITX Tower,163.0,1
158.0,155.0,,,,Micro ATX Mid Tower,-3.0,0
68.0,55.0,,,360.0,Mini ITX Tower,-13.0,0
160.0,175.0,,,,EATX Full Tower,15.0,1
150.0,140.0,,,,Mini ITX Tower,-10.0,0
163.0,155.0,,,,Micro ATX Mid Tower,-8.0,0
161.0,158.0,120.0,3,360.0,Micro ATX Desktop,-3.0,0
25.0,157.0,,,,Micro ATX Mini Tower,132.0,1
163.0,160.0,,,,ATX Mid Tower,-3.0,0
158.0,85.0,,,,Mini ITX Tower,-73.0,0
155.0,187.0,,,,ATX Mid Tower,32.0,1
55.0,160.0,120.0,1,,EATX Mid Tower,105.0,1
160.0,170.0,,,,Micro ATX Mid Tower,10.0,1
160.0,67.0,120.0,2,,Mini ITX Tower,-93.0,0
165.0,160.0,,,,ATX Mid Tower,-5.0,0
155.0,156.0,,,,ATX Mid Tower,1.0,1
135.0,88.2,,,,ATX Mid Tower,-46.8,0
65.0,168.0,,,,Micro ATX Mini Tower,103.0,1
165.0,185.0,,,,ATX Mid Tower,20.0,1
53.0,166.0,120.0,2,240.0,Micro ATX Mini Tower,113.0,1
54.0,160.0,,,,ATX Mid Tower,106.0,1
151.0,160.0,,,,Micro ATX Mini Tower,9.0,1
47.0,160.0,,,,Micro ATX Mid Tower,113.0,1
165.0,61.0,,,,Mini ITX Tower,-104.0,0
157.0,210.0,,,,Mini ITX Tower,53.0,1
159.0,180.0,,,,ATX Mid Tower,21.0,1
152.0,148.0,120.0,1,,ATX Mid Tower,-4.0,0
155.0,170.0,120.0,1,,ATX Mid Tower,15.0,1
158.0,185.0,,,,ATX Mid Tower,27.0,1
30.0,175.0,120.0,2,240.0,ATX Mid Tower,145.0,1
158.0,165.0,,,,ATX Mid Tower,7.0,1
82.0,178.0,,,,ATX Mid Tower,96.0,1
168.0,155.0,,,,ATX Full Tower,-13.0,0
154.0,163.5,120.0,2,,Micro ATX Mid Tower,9.5,1
160.0,61.0,,,,Mini ITX Tower,-99.0,0
156.0,82.0,,,,Mini ITX Tower,-74.0,0
155.0,70.0,,,,Mini ITX Tower,-85.0,0
136.0,173.0,,,,ATX Mid Tower,37.0,1
152.0,163.5,,,,Micro ATX Mid Tower,11.5,1
153.0,160.0,,,,ATX Mini Tower,7.0,1
53.0,165.0,120.0,2,240.0,ATX Mid Tower,112.0,1
154.0,148.0,,,,Micro ATX Mini Tower,-6.0,0
160.0,75.0,,,,Micro ATX Mini Tower,-85.0,0
65.0,45.0,,,,Mini ITX Tower,-20.0,0
159.0,155.0,,,,Micro ATX Mid Tower,-4.0,0
159.0,58.0,,,,HTPC,-101.0,0
125.0,165.0,,,,ATX Mid Tower,40.0,1
155.0,85.0,,,,Mini ITX Tower,-70.0,0
133.0,45.0,,,,Mini ITX Tower,-88.0,0
156.0,77.0,,,,Mini ITX Tower,-79.0,0
158.0,77.0,,,,Mini ITX Tower,-81.0,0
166.0,165.0,,,,ATX Mid Tower,-1.0,0
53.0,47.0,94.5,1,,Micro ATX Desktop,-6.0,0
53.0,160.0,,,,ATX Mid Tower,107.0,1
60.0,165.0,120.0,1,240.0,ATX Mid Tower,105.0,1
63.0,61.0,,,,Mini ITX Tower,-2.0,0
155.0,148.0,,,,ATX Mid Tower,-7.0,0
163.0,61.0,,,,Mini ITX Tower,-102.0,0
137.0,180.0,,,,ATX Mid Tower,43.0,1
158.0,210.0,,,,ATX Mid Tower,52.0,1
82.0,173.0,,,,ATX Mid Tower,91.0,1
48.0,178.0,,,240.0,ATX Mid Tower,130.0,1
397.0,165.0,120.0,3,360.0,ATX Mid Tower,-232.0,0
75.6,170.0,130.0,1,,ATX Mid Tower,94.4,1
116.0,85.0,140.0,2,280.0,Mini ITX Tower,-31.0,0
60.0,170.0,,,240.0,Micro ATX Mini Tower,110.0,1
135.0,151.0,,,,ATX Mid Tower,16.0,1
60.0,175.0,120.0,2,240.0,ATX Mid Tower,115.0,1
65.0,185.0,,,,ATX Mid Tower,120.0,1
78.0,185.0,,,,ATX Mid Tower,107.0,1
161.0,67.0,120.0,2,,Mini ITX Tower,-94.0,0
37.0,180.0,,,,ATX Mid Tower,143.0,1
397.0,165.0,120.0,3,360.0,ATX Mid Tower,-232.0,0
84.0,61.0,,,,Mini ITX Tower,-23.0,0
164.0,160.0,,,,ATX Mid Tower,-4.0,0
160.0,155.0,,,,ATX Mid Tower,-5.0,0
45.0,163.0,120.0,2,240.0,ATX Mid Tower,118.0,1
80.6,170.0,120.0,2,240.0,ATX Mid Tower,89.4,1
166.0,165.0,,,,Micro ATX Mini Tower,-1.0,0
146.0,185.0,,,,ATX Mid Tower,39.0,1
55.0,157.0,,,360.0,Micro ATX Mini Tower,102.0,1
153.0,190.0,,,,EATX Mid Tower,37.0,1
137.0,165.0,,,,ATX Mid Tower,28.0,1
68.0,185.0,140.0,2,280.0,ATX Mid Tower,117.0,1
160.0,156.0,,,,Micro ATX Mid Tower,-4.0,0
172.0,170.0,,,,ATX Mid Tower,-2.0,0
130.0,175.0,,,,EATX Full Tower,45.0,1
186.0,160.0,120.0,3,360.0,ATX Mid Tower,-26.0,0
66.0,160.0,,,,ATX Mid Tower,94.0,1
156.0,70.0,,,,HTPC,-86.0,0
157.0,70.0,,,,HTPC,-87.0,0
166.0,165.0,,,,ATX Mid Tower,-1.0,0
125.0,180.0,120.0,,,ATX Mid Tower,55.0,1
41.0,185.0,,,,ATX Mid Tower,144.0,1
70.0,180.0,,,,ATX Mid Tower,110.0,1
160.0,82.0,,,,Micro ATX Mid Tower,-78.0,0
54.0,180.0,,,360.0,ATX Mid Tower,126.0,1
62.0,162.0,,,360.0,ATX Mid Tower,100.0,1
159.0,75.0,,,,Mini ITX Tower,-84.0,0
160.0,180.0,,,,ATX Mid Tower,20.0,1
160.0,200.0,,,,Mini ITX Tower,40.0,1
157.0,75.0,,,,Micro ATX Mini Tower,-82.0,0
56.0,155.0,,,360.0,ATX Mid Tower,99.0,1
70.0,185.0,,,,ATX Mid Tower,115.0,1
126.0,70.0,,,,HTPC,-56.0,0
68.0,61.0,,,360.0,Mini ITX Tower,-7.0,0
77.7,168.0,120.0,3,360.0,EATX Mid Tower,90.3,1
136.0,48.0,,,,Mini ITX Tower,-88.0,0
126.0,160.0,,,,ATX Mid Tower,34.0,1
158.0,154.0,,,,Micro ATX Mid Tower,-4.0,0
125.0,83.0,,,360.0,Mini ITX Tower,-42.0,0
69.0,175.0,120.0,2,240.0,ATX Mid Tower,106.0,1
160.0,70.0,,,,Mini ITX Tower,-90.0,0
161.0,180.0,,,,ATX Mid Tower,19.0,1
60.0,187.0,,,240.0,Micro ATX Mini Tower,127.0,1
155.0,193.0,,1,,ATX Full Tower,38.0,1
164.0,156.0,,,,Micro ATX Mid Tower,-8.0,0
66.1,165.0,120.0,3,360.0,ATX Mid Tower,98.9,1
159.0,155.0,,,,Micro ATX Mini Tower,-4.0,0
162.0,150.0,,,,ATX Mid Tower,-12.0,0
155.0,178.0,,1,,ATX Mid Tower,23.0,1
166.0,70.0,,,,Mini ITX Tower,-96.0,0
158.0,146.0,,,,ATX Mid Tower,-12.0,0
160.0,175.0,,,,EATX Full Tower,15.0,1
153.0,180.0,,,,ATX Mid Tower,27.0,1
156.0,57.0,,,,Mini ITX Tower,-99.0,0
94.0,65.0,100.0,1,,HTPC,-29.0,0
77.0,61.0,,,,Mini ITX Tower,-16.0,0
150.0,138.0,,,,HTPC,-12.0,0
146.0,138.0,,,,HTPC,-8.0,0
150.0,165.0,,,,ATX Mid Tower,15.0,1
158.0,70.0,,,,Mini ITX Tower,-88.0,0
155.0,170.0,,,,ATX Mid Tower,15.0,1
154.0,186.0,,,,ATX Full Tower,32.0,1
156.0,170.0,,,,Micro ATX Mid Tower,14.0,1
172.0,155.0,,,,ATX Mid Tower,-17.0,0
157.0,154.0,,,,Micro ATX Mid Tower,-3.0,0
155.0,55.0,,,,Mini ITX Tower,-100.0,0
163.0,185.0,120.0,,,ATX Mid Tower,22.0,1
137.0,170.0,,,,ATX Mid Tower,33.0,1
157.0,165.0,,,,Micro ATX Mini Tower,8.0,1
45.0,160.0,,,,ATX Mini Tower,115.0,1
160.0,58.0,,,,HTPC,-102.0,0
92.0,160.0,120.0,,240.0,ATX Mid Tower,68.0,1
161.0,165.0,,,,Mini ITX Tower,4.0,1
155.0,160.0,,,,ATX Mid Tower,5.0,1
154.0,150.0,,,,ATX Mid Tower,-4.0,0
135.0,163.0,,,,ATX Mid Tower,28.0,1
65.0,167.0,,,360.0,ATX Full Tower,102.0,1
158.0,185.0,,,,ATX Mid Tower,27.0,1
94.5,77.0,120.0,1,,Mini ITX Tower,-17.5,0
62.0,160.0,,,360.0,ATX Mid Tower,98.0,1
65.0,170.0,420.0,1,420.0,ATX Mid Tower,105.0,1
159.0,150.0,,,,ATX Mid Tower,-9.0,0
45.0,165.0,,,,Micro ATX Mini Tower,120.0,1
167.0,165.0,,,,ATX Mid Tower,-2.0,0
63.0,170.0,,,,Micro ATX Mid Tower,107.0,1
155.0,47.0,,,,Micro ATX Desktop,-108.0,0
159.0,58.0,,,,HTPC,-101.0,0
63.0,120.0,,,240.0,Mini ITX Tower,57.0,1
157.0,154.0,120.0,2,,Micro ATX Mid Tower,-3.0,0
62.0,171.0,,,360.0,ATX Mid Tower,109.0,1
54.0,48.0,,,240.0,Mini ITX Tower,-6.0,0
68.0,210.0,,,240.0,Micro ATX Mini Tower,142.0,1
100.0,168.0,,,,ATX Mid Tower,68.0,1
158.0,82.0,,,,Micro ATX Desktop,-76.0,0
49.0,166.0,,,360.0,ATX Mid Tower,117.0,1
165.0,156.0,,,,ATX Mid Tower,-9.0,0
150.0,160.0,,,,ATX Mid Tower,10.0,1
154.0,170.0,,,,ATX Mid Tower,16.0,1
64.0,170.0,,,,ATX Mid Tower,106.0,1
152.0,82.0,,,,Mini ITX Tower,-70.0,0
155.0,120.0,,,,Mini ITX Tower,-35.0,0
134.0,159.0,120.0,,,Micro ATX Mid Tower,25.0,1
156.0,170.0,,,,Micro ATX Mid Tower,14.0,1
56.0,170.0,,,360.0,Micro ATX Mini Tower,114.0,1
164.0,162.0,,,,Micro ATX Mid Tower,-2.0,0
155.0,180.5,,,,EATX Mid Tower,25.5,1
158.0,170.0,,,,ATX Mid Tower,12.0,1
165.0,160.0,,,,Micro ATX Mini Tower,-5.0,0
150.0,82.0,,,,Micro ATX Desktop,-68.0,0
165.0,185.0,,,,ATX Mid Tower,20.0,1
93.0,67.0,,,,Mini ITX Tower,-26.0,0
159.0,156.0,,,,Micro ATX Mini Tower,-3.0,0
159.0,151.0,,,,ATX Mid Tower,-8.0,0
28.0,170.0,,,,ATX Mid Tower,142.0,1
155.0,172.0,,,,ATX Mid Tower,17.0,1
154.0,160.0,,,,ATX Mini Tower,6.0,1
67.0,150.0,,,,ATX Mid Tower,83.0,1
154.0,164.0,,,,ATX Mid Tower,10.0,1
170.0,160.0,,,,ATX Mid Tower,-10.0,0
157.0,165.0,,,,ATX Mid Tower,8.0,1
155.0,61.0,,,,Mini ITX Tower,-94.0,0
157.0,155.0,,,,ATX Mid Tower,-2.0,0
157.0,156.0,,,,ATX Mid Tower,-1.0,0
48.0,178.0,,,120.0,ATX Mid Tower,130.0,1
165.0,55.0,,,,Mini ITX Tower,-110.0,0
94.5,175.0,140.0,2,280.0,ATX Mid Tower,80.5,1
170.0,120.0,,,,Mini ITX Tower,-50.0,0
169.0,168.0,,,,Micro ATX Mini Tower,-1.0,0
154.0,166.0,,,,ATX Mid Tower,12.0,1
160.0,170.0,,,,ATX Mid Tower,10.0,1
68.0,82.0,,,,Micro ATX Desktop,14.0,1
156.0,70.0,,,,Mini ITX Tower,-86.0,0
157.0,160.0,,,,ATX Mid Tower,3.0,1
154.0,165.0,,,,Micro ATX Mini Tower,11.0,1
54.0,180.0,,,360.0,ATX Mid Tower,126.0,1
156.0,70.0,,,,Mini ITX Tower,-86.0,0
170.0,210.0,,,,Mini ITX Tower,40.0,1
166.0,163.5,120.0,,,Micro ATX Mini Tower,-2.5,0
72.0,165.0,120.0,2,240.0,ATX Mid Tower,93.0,1
116.0,82.0,140.0,2,280.0,Mini ITX Tower,-34.0,0
165.0,160.0,,,,Micro ATX Mini Tower,-5.0,0
155.0,58.0,120.0,1,,HTPC,-97.0,0
154.0,170.0,120.0,2,,ATX Mid Tower,16.0,1
157.0,165.0,,,,Micro ATX Mid Tower,8.0,1
162.0,155.0,,,,ATX Mid Tower,-7.0,0
159.0,140.0,,,,Mini ITX Tower,-19.0,0
165.0,155.0,,,,Micro ATX Mid Tower,-10.0,0
170.0,151.0,,,,Micro ATX Mini Tower,-19.0,0
47.0,160.0,,,360.0,ATX Mid Tower,113.0,1
158.0,155.0,,,,Micro ATX Mini Tower,-3.0,0
169.0,160.0,,,,ATX Mid Tower,-9.0,0
165.0,47.0,,,,Micro ATX Desktop,-118.0,0
158.0,150.0,,,,Mini ITX Tower,-8.0,0
160.0,150.0,140.0,2,280.0,Mini ITX Tower,-10.0,0
169.0,165.0,,,,ATX Mid Tower,-4.0,0
155.0,173.0,,,,ATX Mid Tower,18.0,1
160.0,170.0,,,,ATX Mid Tower,10.0,1
148.0,77.0,,,,Mini ITX Tower,-71.0,0
113.0,190.0,,,,ATX Full Tower,77.0,1
135.0,61.0,,,,Mini ITX Tower,-74.0,0
159.0,155.0,,,,Micro ATX Mid Tower,-4.0,0
156.0,85.0,,,,Mini ITX Tower,-71.0,0
160.0,138.0,140.0,2,280.0,HTPC,-22.0,0
159.0,180.0,,,,ATX Mid Tower,21.0,1
69.0,190.0,,,360.0,EATX Full Tower,121.0,1
160.0,88.2,,,,ATX Mid Tower,-71.8,0
159.0,180.0,,,,ATX Mid Tower,21.0,1
165.0,160.0,,,,ATX Mid Tower,-5.0,0
165.0,159.0,,,,Micro ATX Mid Tower,-6.0,0
161.0,170.0,,,,ATX Mid Tower,9.0,1
155.0,160.0,,,,ATX Mid Tower,5.0,1
158.0,138.0,,,,HTPC,-20.0,0
131.0,170.0,,,,EATX Mid Tower,39.0,1
154.0,180.0,,,,ATX Mid Tower,26.0,1
158.0,210.0,,,,Micro ATX Mini Tower,52.0,1
171.0,166.0,,,,ATX Mid Tower,-5.0,0
163.0,180.0,,,,HTPC,17.0,1
157.0,170.0,,,,ATX Mid Tower,13.0,1
160.0,173.0,,,,ATX Mid Tower,13.0,1
170.0,160.0,,,,ATX Mid Tower,-10.0,0
51.0,190.0,,,360.0,ATX Full Tower,139.0,1
125.0,77.0,,,240.0,Mini ITX Tower,-48.0,0
158.0,150.0,,,,ATX Mid Tower,-8.0,0
78.0,190.0,,,,ATX Mid Tower,112.0,1
137.0,82.0,120.0,3,360.0,Micro ATX Desktop,-55.0,0
165.0,173.0,,,,ATX Mid Tower,8.0,1
152.0,65.0,,,,Micro ATX Mini Tower,-87.0,0
158.0,160.0,120.0,2,,Micro ATX Mid Tower,2.0,1
151.0,75.0,,,,Mini ITX Tower,-76.0,0
152.0,150.0,,,,Micro ATX Mini Tower,-2.0,0
156.0,170.0,,,,ATX Mid Tower,14.0,1
125.0,75.0,,,,Micro ATX Mini Tower,-50.0,0
137.0,180.0,,,,ATX Mid Tower,43.0,1
166.0,165.0,,,,Micro ATX Mini Tower,-1.0,0
155.0,58.0,,,,HTPC,-97.0,0
163.0,162.0,,,,ATX Mid Tower,-1.0,0
65.0,156.0,,,240.0,ATX Mid Tower,91.0,1
157.0,180.0,,,,EATX Mid Tower,23.0,1
158.0,150.0,,,,ATX Mid Tower,-8.0,0
158.0,58.0,,,,HTPC,-100.0,0
72.0,180.0,120.0,3,360.0,HTPC,108.0,1
158.0,150.0,,,,Mini ITX Tower,-8.0,0
154.0,70.0,,,,HTPC,-84.0,0
157.0,155.0,,,,Micro ATX Mid Tower,-2.0,0
153.0,160.0,,,,ATX Mid Tower,7.0,1
123.0,67.0,,,,Mini ITX Tower,-56.0,0
166.0,163.0,,,,ATX Mid Tower,-3.0,0
157.0,175.0,,,,ATX Mid Tower,18.0,1
124.0,77.0,,,,HTPC,-47.0,0
72.0,68.0,120.0,3,360.0,Mini ITX Tower,-4.0,0
60.0,47.0,,,360.0,Micro ATX Desktop,-13.0,0
155.0,140.0,,,,Mini ITX Tower,-15.0,0
159.0,90.0,,,,Micro ATX Desktop,-69.0,0
65.0,150.0,,,240.0,ATX Mid Tower,85.0,1
155.0,81.0,,,,Micro ATX Slim Tower,-74.0,0
60.0,155.0,,,360.0,ATX Mid Tower,95.0,1
155.0,148.0,,,,Micro ATX Mini Tower,-7.0,0
159.0,140.0,,,,Mini ITX Tower,-19.0,0
152.0,70.0,,,,Mini ITX Tower,-82.0,0
125.0,68.0,120.0,2,240.0,Mini ITX Tower,-57.0,0
160.0,150.0,,,,Mini ITX Tower,-10.0,0
152.0,70.0,,,,HTPC,-82.0,0
136.0,70.0,,,,HTPC,-66.0,0
155.0,81.0,,,,Micro ATX Slim Tower,-74.0,0
165.0,148.0,,,,Micro ATX Mid Tower,-17.0,0
160.0,88.2,,,,ATX Mid Tower,-71.8,0
137.0,81.0,120.0,3,360.0,Micro ATX Slim Tower,-56.0,0
68.0,47.0,,,360.0,Micro ATX Desktop,-21.0,0
53.0,70.0,95.0,2,,Mini ITX Tower,17.0,1
80.0,70.0,120.0,2,240.0,Mini ITX Tower,-10.0,0
155.0,150.0,,,,Micro ATX Mid Tower,-5.0,0
135.0,65.0,,,,Micro ATX Mini Tower,-70.0,0
158.0,210.0,140.0,2,,Micro ATX Mini Tower,52.0,1
53.0,185.0,120.0,2,240.0,ATX Mid Tower,132.0,1
164.0,160.0,,,,ATX Mid Tower,-4.0,0
26.0,180.0,,,,ATX Mid Tower,154.0,1
146.0,180.0,,,,ATX Mid Tower,34.0,1
159.0,140.0,,,,Mini ITX Tower,-19.0,0
146.0,140.0,,,,Mini ITX Tower,-6.0,0
49.0,165.0,,,360.0,ATX Mid Tower,116.0,1
72.0,61.0,,,240.0,Mini ITX Tower,-11.0,0
63.0,160.0,,,,Micro ATX Mini Tower,97.0,1
37.0,170.0,,,,ATX Mid Tower,133.0,1
159.0,156.0,,,,ATX Mid Tower,-3.0,0
145.0,160.0,,,,ATX Mid Tower,15.0,1
159.0,156.0,,,,ATX Mid Tower,-3.0,0
47.0,190.0,,,360.0,ATX Full Tower,143.0,1
154.0,150.0,,,,ATX Mid Tower,-4.0,0
155.0,138.0,120.0,,,HTPC,-17.0,0
60.0,190.0,,,,ATX Full Tower,130.0,1
156.0,154.0,,,,Micro ATX Mid Tower,-2.0,0
150.0,180.0,,,,ATX Mid Tower,30.0,1
154.0,67.0,,,,Mini ITX Tower,-87.0,0
52.0,38.0,,,240.0,Mini ITX Tower,-14.0,0
159.0,175.0,,,,Micro ATX Mini Tower,16.0,1
157.0,150.0,,,,ATX Mid Tower,-7.0,0
155.0,85.0,,,,Mini ITX Tower,-70.0,0
159.0,83.0,,,,Mini ITX Tower,-76.0,0
157.0,145.0,,,,ATX Mid Tower,-12.0,0
26.0,165.0,,,,ATX Mid Tower,139.0,1
167.0,210.0,,,,ATX Mid Tower,43.0,1
169.0,150.0,120.0,2,,Micro ATX Mini Tower,-19.0,0
52.0,170.0,120.0,2,240.0,ATX Mid Tower,118.0,1
56.0,185.0,,,360.0,ATX Full Tower,129.0,1
135.0,160.0,,,,Micro ATX Mid Tower,25.0,1
127.0,170.0,,,,ATX Mid Tower,43.0,1
166.0,159.0,,,,Micro ATX Mini Tower,-7.0,0
125.0,170.0,,,,ATX Mid Tower,45.0,1
160.0,155.0,,,,ATX Mid Tower,-5.0,0
138.0,55.0,,,,Mini ITX Tower,-83.0,0
148.0,140.0,120.0,,,Mini ITX Tower,-8.0,0
152.0,165.0,,,,ATX Mid Tower,13.0,1
66.0,190.0,,,360.0,ATX Mid Tower,124.0,1
157.0,180.0,,,,ATX Mid Tower,23.0,1
123.0,68.0,120.0,3,360.0,Mini ITX Tower,-55.0,0
168.0,162.0,,,,ATX Mid Tower,-6.0,0
71.0,168.0,,,,ATX Mid Tower,97.0,1
161.0,175.0,,,,ATX Mid Tower,14.0,1
77.0,70.0,,,,Mini ITX Tower,-7.0,0
76.0,158.0,,,,ATX Full Tower,82.0,1
165.0,180.0,,,,ATX Mid Tower,15.0,1
161.0,180.5,,,,EATX Mid Tower,19.5,1
163.0,160.0,120.0,,,ATX Mid Tower,-3.0,0
160.0,158.75,,,,ATX Mid Tower,-1.25,0
155.0,83.0,120.0,1,,Mini ITX Tower,-72.0,0
135.0,57.0,,,,Micro ATX Desktop,-78.0,0
125.0,170.0,,,,ATX Mid Tower,45.0,1
160.0,157.0,,,,Micro ATX Mini Tower,-3.0,0
172.0,167.0,,,,Mini ITX Tower,-5.0,0
125.0,61.0,,,,Mini ITX Tower,-64.0,0
62.0,160.0,120.0,3,360.0,ATX Mid Tower,98.0,1
91.0,165.0,120.0,3,360.0,ATX Mid Tower,74.0,1
75.0,70.0,120.0,3,360.0,Mini ITX Tower,-5.0,0
156.0,75.0,,,,Mini ITX Tower,-81.0,0
159.0,157.0,,,,ATX Mid Tower,-2.0,0
158.0,167.0,,,,ATX Full Tower,9.0,1
63.0,150.0,,,,ATX Mid Tower,87.0,1
165.0,61.0,120.0,2,,Mini ITX Tower,-104.0,0
165.0,160.0,,,,ATX Mini Tower,-5.0,0
160.0,165.0,,,,ATX Mid Tower,5.0,1
155.0,175.0,,,,ATX Mid Tower,20.0,1
156.0,48.0,,,,Mini ITX Tower,-108.0,0
152.0,165.0,,,,ATX Mid Tower,13.0,1
60.0,48.0,,,360.0,Mini ITX Tower,-12.0,0
140.0,190.0,,,,EATX Mid Tower,50.0,1
153.0,165.0,,,,Micro ATX Mini Tower,12.0,1
160.0,82.0,,,,Micro ATX Desktop,-78.0,0
56.0,61.0,,,,Mini ITX Tower,5.0,1
134.0,160.0,,,,ATX Mini Tower,26.0,1
58.0,160.0,,,360.0,ATX Mid Tower,102.0,1
159.0,171.0,,,,ATX Mid Tower,12.0,1
158.0,48.0,,,,Mini ITX Tower,-110.0,0
47.0,170.0,,,,EATX Mid Tower,123.0,1
159.0,173.0,,,,ATX Mid Tower,14.0,1
160.0,200.0,,,,Mini ITX Tower,40.0,1
69.0,185.0,,,,ATX Mid Tower,116.0,1
158.0,165.0,,,,ATX Mid Tower,7.0,1
166.0,140.0,,,,Micro ATX Mini Tower,-26.0,0
158.0,150.0,,,,Micro ATX Mid Tower,-8.0,0
154.0,180.0,,,,ATX Mid Tower,26.0,1
153.0,83.0,,,,Mini ITX Tower,-70.0,0
160.0,157.0,,,,Micro ATX Mini Tower,-3.0,0
154.0,65.0,,,,Micro ATX Mini Tower,-89.0,0
148.0,146.0,,,,HTPC,-2.0,0
155.0,180.0,,,,ATX Mid Tower,25.0,1
52.0,161.0,,,120.0,Micro ATX Mid Tower,109.0,1
159.0,70.0,,,,Mini ITX Tower,-89.0,0
161.0,77.0,120.0,3,360.0,HTPC,-84.0,0
155.0,70.0,120.0,,,Mini ITX Tower,-85.0,0
157.0,48.0,,,,Mini ITX Tower,-109.0,0
160.0,170.0,,,,ATX Mid Tower,10.0,1
125.0,90.0,,,,Micro ATX Desktop,-35.0,0
158.0,155.0,,,,ATX Mid Tower,-3.0,0
166.0,155.0,,,,ATX Mid Tower,-11.0,0
46.0,173.0,120.0,3,360.0,ATX Mid Tower,127.0,1
166.0,165.0,,,,ATX Mid Tower,-1.0,0
170.0,165.0,,,,ATX Mid Tower,-5.0,0
73.0,170.0,120.0,3,360.0,ATX Mid Tower,97.0,1
77.0,68.0,,,,Mini ITX Tower,-9.0,0
159.0,156.0,,,,ATX Mid Tower,-3.0,0
158.0,160.0,,,,ATX Mid Tower,2.0,1
152.0,68.0,,,,Mini ITX Tower,-84.0,0
56.0,70.0,,,,HTPC,14.0,1
38.0,170.0,140.0,2,240.0,ATX Mid Tower,132.0,1
150.0,170.0,,,,ATX Mid Tower,20.0,1
82.0,70.0,,,,Micro ATX Desktop,-12.0,0
158.0,50.0,,,,Mini ITX Tower,-108.0,0
154.0,110.0,,,,Mini ITX Tower,-44.0,0
153.0,185.0,,,,ATX Mid Tower,32.0,1
158.0,47.0,,,,Micro ATX Desktop,-111.0,0
157.0,67.0,120.0,2,,Mini ITX Tower,-90.0,0
155.0,48.0,,,,Mini ITX Tower,-107.0,0
52.0,170.0,140.0,2,280.0,Micro ATX Mid Tower,118.0,1
51.0,70.0,90.0,1,,Mini ITX Tower,19.0,1
125.0,61.0,,,240.0,Mini ITX Tower,-64.0,0
158.0,48.0,,,,Mini ITX Tower,-110.0,0
47.0,170.0,,,,ATX Mid Tower,123.0,1
158.0,68.0,,,,Mini ITX Tower,-90.0,0
164.0,210.0,,,,ATX Mid Tower,46.0,1
161.0,160.0,,,,ATX Mid Tower,-1.0,0
158.0,155.0,,,,Micro ATX Mid Tower,-3.0,0
48.0,185.0,,,240.0,ATX Mid Tower,137.0,1
158.0,169.0,,,,ATX Mid Tower,11.0,1
38.0,158.75,,,360.0,ATX Mid Tower,120.75,1
56.0,160.0,,,360.0,ATX Mid Tower,104.0,1
69.0,61.0,,,240.0,Mini ITX Tower,-8.0,0
159.0,138.0,,,,HTPC,-21.0,0
159.0,158.0,,,,ATX Full Tower,-1.0,0
158.0,150.0,,,,ATX Mid Tower,-8.0,0
147.0,210.0,,,,Micro ATX Mini Tower,63.0,1
155.0,185.0,,,,ATX Mid Tower,30.0,1
107.0,180.5,120.0,3,360.0,EATX Mid Tower,73.5,1
116.0,167.0,140.0,2,280.0,EATX Mid Tower,51.0,1
52.0,176.0,,,360.0,ATX Mid Tower,124.0,1
172.0,163.0,,,,ATX Mid Tower,-9.0,0
158.0,160.0,,,,Micro ATX Mini Tower,2.0,1
168.0,165.0,,,,ATX Mid Tower,-3.0,0
155.0,167.0,,,,Micro ATX Mini Tower,12.0,1
154.0,61.0,,,,Mini ITX Tower,-93.0,0
69.0,155.0,120.0,3,360.0,Micro ATX Mini Tower,86.0,1
62.0,180.0,,,360.0,ATX Mid Tower,118.0,1
60.0,210.0,120.0,3,360.0,Mini ITX Tower,150.0,1
165.0,160.0,,,,ATX Mid Tower,-5.0,0
154.0,170.0,,,,ATX Mid Tower,16.0,1
158.0,155.0,,,,Micro ATX Mini Tower,-3.0,0
155.0,165.0,,,,ATX Mid Tower,10.0,1
158.0,160.0,,,,Micro ATX Mini Tower,2.0,1
160.0,180.0,,,,ATX Mid Tower,20.0,1
54.0,70.0,120.0,3,360.0,Mini ITX Tower,16.0,1
90.0,68.0,,,360.0,Mini ITX Tower,-22.0,0
167.0,155.0,,,,ATX Mid Tower,-12.0,0
167.0,150.0,,,,ATX Mid Tower,-17.0,0
65.0,180.0,,,240.0,ATX Mid Tower,115.0,1
159.0,83.0,120.0,,,Mini ITX Tower,-76.0,0
134.0,175.0,120.0,,,ATX Mid Tower,41.0,1
158.0,75.0,,,,Micro ATX Mini Tower,-83.0,0
52.0,165.0,120.0,3,360.0,ATX Mid Tower,113.0,1
139.0,114.0,,,,Mini ITX Tower,-25.0,0
53.0,180.0,,,240.0,ATX Mid Tower,127.0,1
116.0,165.0,140.0,2,280.0,ATX Mid Tower,49.0,1
165.0,162.0,,,,ATX Mid Tower,-3.0,0
158.0,155.0,,,,Micro ATX Mid Tower,-3.0,0
160.0,150.0,,,,ATX Mid Tower,-10.0,0
38.0,170.0,140.0,2,280.0,ATX Mid Tower,132.0,1
148.0,165.0,,,,Mini ITX Tower,17.0,1
168.0,158.0,,,,ATX Mid Tower,-10.0,0
56.0,170.0,140.0,2,280.0,ATX Mid Tower,114.0,1
140.0,114.0,,,,Mini ITX Tower,-26.0,0
162.0,160.0,,,,EATX Mid Tower,-2.0,0
110.0,150.0,,,,ATX Mid Tower,40.0,1
151.0,150.0,,,,Micro ATX Mini Tower,-1.0,0
30.5,170.0,120.0,2,240.0,ATX Mid Tower,139.5,1
65.0,170.0,420.0,1,420.0,ATX Mid Tower,105.0,1
57.0,166.0,,,360.0,Micro ATX Mini Tower,109.0,1
123.0,187.0,,,,ATX Mid Tower,64.0,1
162.0,160.0,,,,Micro ATX Mini Tower,-2.0,0
28.0,170.0,,,,ATX Mid Tower,142.0,1
157.0,165.0,,,,ATX Mid Tower,8.0,1
63.0,195.0,,,,ATX Mid Tower,132.0,1
151.0,75.0,,,,Micro ATX Mini Tower,-76.0,0
131.0,172.0,,,,ATX Mid Tower,41.0,1
160.0,70.0,,,,HTPC,-90.0,0
137.0,180.0,,,,EATX Full Tower,43.0,1
150.0,167.0,,,,ATX Full Tower,17.0,1
116.0,70.0,120.0,2,240.0,HTPC,-46.0,0
68.4,167.0,120.0,3,360.0,ATX Mid Tower,98.6,1
79.0,170.0,,,,Micro ATX Mini Tower,91.0,1
157.0,165.0,120.0,2,,Micro ATX Mini Tower,8.0,1
159.0,180.0,,,,ATX Mid Tower,21.0,1
157.0,85.0,,,,Mini ITX Tower,-72.0,0
167.0,165.0,,,,ATX Mid Tower,-2.0,0
91.0,68.0,120.0,3,360.0,Mini ITX Tower,-23.0,0
125.0,170.0,,,,ATX Mid Tower,45.0,1
169.0,158.75,,,,ATX Mid Tower,-10.25,0
152.0,70.0,,,,HTPC,-82.0,0
60.0,173.0,,,360.0,ATX Mid Tower,113.0,1
69.0,67.0,,,360.0,Mini ITX Tower,-2.0,0
155.0,180.0,,,,ATX Mid Tower,25.0,1
60.0,167.0,120.0,2,240.0,EATX Full Tower,107.0,1
64.0,83.0,,,,Mini ITX Tower,19.0,1
159.0,155.0,120.0,,,ATX Mid Tower,-4.0,0
65.0,61.0,,,,Mini ITX Tower,-4.0,0
154.0,150.0,,,,Micro ATX Mid Tower,-4.0,0
158.0,160.0,,,,ATX Mid Tower,2.0,1
148.0,67.0,,,,Mini ITX Tower,-81.0,0
167.0,165.0,,,,ATX Mid Tower,-2.0,0
135.0,47.0,,,,Micro ATX Desktop,-88.0,0
158.0,120.0,,,,Mini ITX Tower,-38.0,0
158.0,165.0,,,,Micro ATX Mini Tower,7.0,1
94.0,70.0,120.0,2,240.0,Mini ITX Tower,-24.0,0
60.0,170.0,120.0,1,240.0,ATX Full Tower,110.0,1
167.0,160.0,,,,Micro ATX Mini Tower,-7.0,0
155.0,155.0,,,,Micro ATX Mini Tower,0.0,1
160.0,75.0,,,,Micro ATX Mini Tower,-85.0,0
165.0,158.0,,,,Micro ATX Desktop,-7.0,0
68.0,170.0,,,240.0,ATX Mid Tower,102.0,1
159.0,155.0,,,,ATX Mid Tower,-4.0,0
155.0,67.0,,,,Mini ITX Tower,-88.0,0
160.0,145.0,,,,ATX Mid Tower,-15.0,0
156.0,148.0,,,,Micro ATX Mini Tower,-8.0,0
81.0,55.0,,,,Mini ITX Tower,-26.0,0
159.0,57.0,,,,Mini ITX Tower,-102.0,0
158.0,68.0,,,,Mini ITX Tower,-90.0,0
163.0,47.0,,,,Micro ATX Desktop,-116.0,0
28.0,163.5,,,,Micro ATX Mini Tower,135.5,1
158.0,82.0,,,,Micro ATX Mid Tower,-76.0,0
158.0,155.0,,,,ATX Mid Tower,-3.0,0
37.0,165.0,,,,ATX Mid Tower,128.0,1
68.0,150.0,140.0,3,420.0,Micro ATX Mini Tower,82.0,1
135.0,160.0,,,,Micro ATX Mid Tower,25.0,1
118.0,90.0,120.0,3,360.0,Micro ATX Desktop,-28.0,0
164.0,156.0,,,,Micro ATX Mid Tower,-8.0,0
134.0,163.0,120.0,,,ATX Mid Tower,29.0,1
150.0,170.0,,,,ATX Mid Tower,20.0,1
158.0,167.0,,,,Micro ATX Mini Tower,9.0,1
124.0,182.0,,,,ATX Full Tower,58.0,1
145.0,48.0,,,,Mini ITX Tower,-97.0,0
160.0,170.0,,,,ATX Mid Tower,10.0,1
148.0,160.0,,,,ATX Mid Tower,12.0,1
68.5,67.0,140.0,2,280.0,Mini ITX Tower,-1.5,0
158.0,70.0,,,,Mini ITX Tower,-88.0,0
154.0,77.0,,,,Mini ITX Tower,-77.0,0
65.0,195.0,,,,ATX Full Tower,130.0,1
49.0,170.0,,,360.0,ATX Mid Tower,121.0,1
156.0,77.0,,,,Mini ITX Tower,-79.0,0
170.0,160.0,,,,ATX Mini Tower,-10.0,0
65.0,210.0,,,,ATX Mid Tower,145.0,1
165.0,110.0,,,,Mini ITX Tower,-55.0,0
146.0,140.0,,,,Mini ITX Tower,-6.0,0
152.0,70.0,,,,Mini ITX Tower,-82.0,0
157.0,170.0,,,,Micro ATX Mid Tower,13.0,1
156.0,61.0,,,,Mini ITX Tower,-95.0,0
157.0,156.0,,,,ATX Mid Tower,-1.0,0
166.0,165.0,,,,Micro ATX Mini Tower,-1.0,0
154.0,160.0,,,,ATX Mid Tower,6.0,1
53.0,180.0,120.0,3,360.0,ATX Mid Tower,127.0,1
165.0,160.0,,,,ATX Mid Tower,-5.0,0
123.0,68.0,92.0,1,,Mini ITX Tower,-55.0,0
159.0,165.0,,,,ATX Mid Tower,6.0,1
154.0,135.0,120.0,2,,Micro ATX Mid Tower,-19.0,0
65.0,85.0,,,360.0,Mini ITX Tower,20.0,1
159.0,82.0,,,,Micro ATX Mini Tower,-77.0,0
42.0,190.0,,,360.0,EATX Mid Tower,148.0,1
154.0,160.0,,,,ATX Mid Tower,6.0,1
158.0,183.0,,,,ATX Mid Tower,25.0,1
63.0,48.0,,,360.0,Mini ITX Tower,-15.0,0
397.0,57.0,120.0,3,360.0,Micro ATX Desktop,-340.0,0
158.0,82.0,,,,Micro ATX Mini Tower,-76.0,0
140.0,178.0,,,,ATX Mid Tower,38.0,1
159.0,82.0,,,,Mini ITX Tower,-77.0,0
158.0,61.0,,,,Mini ITX Tower,-97.0,0
48.0,190.0,,,120.0,ATX Mid Tower,142.0,1
157.0,155.0,,,,Micro ATX Mini Tower,-2.0,0
65.0,150.0,,,,ATX Mid Tower,85.0,1
60.0,167.0,,,,ATX Mid Tower,107.0,1
158.0,47.0,,,,Micro ATX Desktop,-111.0,0
164.0,155.0,,,,ATX Mid Tower,-9.0,0
154.0,180.0,,,,ATX Mid Tower,26.0,1
141.0,170.0,,,,ATX Mid Tower,29.0,1
60.0,198.0,140.0,3,420.0,ATX Full Tower,138.0,1
155.0,55.0,120.0,,,Mini ITX Tower,-100.0,0
81.0,164.0,,,,ATX Mid Tower,83.0,1
54.0,170.0,,,360.0,Micro ATX Mini Tower,116.0,1
159.0,191.0,,,,ATX Full Tower,32.0,1
85.0,138.0,,,360.0,HTPC,53.0,1
100.0,180.0,,,,ATX Mid Tower,80.0,1
62.0,67.0,,,240.0,Mini ITX Tower,5.0,1
172.0,70.0,,,,Mini ITX Tower,-102.0,0
114.0,68.0,,,,Mini ITX Tower,-46.0,0
155.0,190.0,120.0,,,ATX Mid Tower,35.0,1
154.0,61.0,,,,Mini ITX Tower,-93.0,0
159.0,90.0,,,,Micro ATX Desktop,-69.0,0
154.0,160.0,,,,ATX Mid Tower,6.0,1
159.0,70.0,,,,HTPC,-89.0,0
151.0,85.0,,,,Mini ITX Tower,-66.0,0
154.0,70.0,,,,HTPC,-84.0,0
65.0,185.0,360.0,1,360.0,ATX Full Tower,120.0,1
157.0,180.0,,,,ATX Mid Tower,23.0,1
159.0,150.0,,,,ATX Mid Tower,-9.0,0
134.0,279.0,,,,ATX Mid Tower,145.0,1
154.0,180.0,,,,ATX Mid Tower,26.0,1
155.0,170.0,,,,ATX Mid Tower,15.0,1
148.0,160.0,,,,Micro ATX Mini Tower,12.0,1
72.0,187.0,,,240.0,ATX Mid Tower,115.0,1
140.0,120.0,,,,Mini ITX Tower,-20.0,0
123.0,48.0,,,,Mini ITX Tower,-75.0,0
114.0,184.0,,,,ATX Mid Tower,70.0,1
68.0,165.0,,,360.0,ATX Mid Tower,97.0,1
166.0,155.0,,,,Micro ATX Mid Tower,-11.0,0
160.0,88.2,,,,ATX Mid Tower,-71.8,0
52.0,50.0,,,360.0,Mini ITX Tower,-2.0,0
158.0,155.0,,,,ATX Mid Tower,-3.0,0
65.0,168.0,420.0,1,420.0,ATX Mid Tower,103.0,1
81.0,67.0,,,,Mini ITX Tower,-14.0,0
110.0,88.2,,,360.0,ATX Mid Tower,-21.8,0
154.0,200.0,,,,ATX Full Tower,46.0,1
157.0,150.0,,,,ATX Mid Tower,-7.0,0
52.0,165.0,,,120.0,ATX Mid Tower,113.0,1
59.0,185.0,,,,ATX Mid Tower,126.0,1
155.0,68.0,,,,Mini ITX Tower,-87.0,0
159.0,158.0,,,,ATX Full Tower,-1.0,0
107.0,75.0,120.0,3,360.0,Mini ITX Tower,-32.0,0
136.0,170.0,,,,ATX Mid Tower,34.0,1
154.0,160.0,,,,Micro ATX Mid Tower,6.0,1
158.0,190.0,,,,ATX Mid Tower,32.0,1
68.0,170.0,,,240.0,ATX Mid Tower,102.0,1
51.0,160.0,,,240.0,ATX Mid Tower,109.0,1
152.0,88.2,,,,ATX Mid Tower,-63.8,0
165.0,164.0,,,,ATX Mid Tower,-1.0,0
165.0,150.0,,,,Micro ATX Mid Tower,-15.0,0
155.0,150.0,120.0,2,,ATX Mid Tower,-5.0,0
167.0,156.0,,,,ATX Mid Tower,-11.0,0
155.0,145.0,,,,ATX Mid Tower,-10.0,0
158.0,155.0,,,,ATX Mid Tower,-3.0,0
164.0,160.0,,,,ATX Mid Tower,-4.0,0
135.0,77.0,,,,Mini ITX Tower,-58.0,0
143.0,178.0,,,,ATX Mid Tower,35.0,1
69.0,175.0,,,,ATX Mid Tower,106.0,1
67.0,160.0,,,,ATX Mid Tower,93.0,1
154.0,162.0,,,,ATX Mid Tower,8.0,1
159.0,61.0,,,,Mini ITX Tower,-98.0,0
27.0,167.0,,,,ATX Mid Tower,140.0,1
158.0,210.0,,,,ATX Mid Tower,52.0,1
55.0,160.0,,,,ATX Mid Tower,105.0,1
154.0,95.0,,,,ATX Mid Tower,-59.0,0
145.0,175.0,,,,Micro ATX Mini Tower,30.0,1
159.0,155.0,,,,ATX Mid Tower,-4.0,0
165.0,190.0,,,,ATX Full Tower,25.0,1
160.0,159.0,,,,Micro ATX Mini Tower,-1.0,0
161.0,160.0,,,,ATX Mid Tower,-1.0,0
165.0,146.0,,,,HTPC,-19.0,0
162.0,158.75,,,,ATX Mid Tower,-3.25,0
158.0,156.0,,,,ATX Mid Tower,-2.0,0
162.0,195.0,,,,ATX Full Tower,33.0,1
140.0,165.0,,,,ATX Mid Tower,25.0,1
125.0,169.0,120.0,3,360.0,ATX Mid Tower,44.0,1
155.0,175.0,,,,ATX Mid Tower,20.0,1
154.0,165.0,,,,ATX Mid Tower,11.0,1
161.0,155.0,,,,Micro ATX Mini Tower,-6.0,0
152.0,185.0,,,,ATX Mid Tower,33.0,1
155.0,170.0,,,,ATX Mid Tower,15.0,1
136.0,120.0,,,,Mini ITX Tower,-16.0,0
166.0,155.0,120.0,,,Micro ATX Mid Tower,-11.0,0
159.0,155.0,,,,ATX Mid Tower,-4.0,0
165.0,163.0,,,,ATX Mid Tower,-2.0,0
165.0,190.0,120.0,2,,ATX Mid Tower,25.0,1
156.0,150.0,,,,Micro ATX Mid Tower,-6.0,0
162.0,156.0,,,,Micro ATX Mid Tower,-6.0,0
169.0,61.0,,,,Mini ITX Tower,-108.0,0
140.0,165.0,,,,ATX Mid Tower,25.0,1
159.0,160.0,,,,Micro ATX Mid Tower,1.0,1
163.0,160.0,120.0,,,ATX Mid Tower,-3.0,0
153.0,83.0,,,,Mini ITX Tower,-70.0,0
148.0,185.0,,,,ATX Mid Tower,37.0,1
66.1,170.0,120.0,3,360.0,ATX Mid Tower,103.9,1
150.0,185.0,120.0,1,,ATX Mid Tower,35.0,1
172.0,160.0,,,,ATX Mid Tower,-12.0,0
60.0,183.0,,,,ATX Mid Tower,123.0,1
159.0,174.0,,,,ATX Mid Tower,15.0,1
47.0,180.0,,,360.0,EATX Mid Tower,133.0,1
155.0,138.0,,,,HTPC,-17.0,0
155.0,55.0,,,,Mini ITX Tower,-100.0,0
47.0,160.0,,,,ATX Mid Tower,113.0,1
61.85,57.0,120.0,3,360.0,Mini ITX Tower,-4.85,0
152.0,210.0,120.0,1,,Micro ATX Mini Tower,58.0,1
69.0,187.0,,,240.0,ATX Mid Tower,118.0,1
155.0,160.0,,,,ATX Mid Tower,5.0,1
164.0,155.0,,,,Mini ITX Tower,-9.0,0
136.0,75.0,,,,Micro ATX Mini Tower,-61.0,0
146.0,88.2,,,,ATX Mid Tower,-57.8,0
155.0,165.0,,,,ATX Mid Tower,10.0,1
66.0,180.0,,,,ATX Mid Tower,114.0,1
158.0,160.0,,,,ATX Mid Tower,2.0,1
47.0,165.0,,,,Mini ITX Tower,118.0,1
154.0,85.0,,,,Mini ITX Tower,-69.0,0
155.0,85.0,,,,Mini ITX Tower,-70.0,0
157.0,180.0,,,,ATX Mid Tower,23.0,1
154.0,167.0,,,,Mini ITX Tower,13.0,1
84.0,160.0,120.0,2,240.0,ATX Mid Tower,76.0,1
166.0,158.0,,,,ATX Mid Tower,-8.0,0
126.0,165.0,,,,ATX Mid Tower,39.0,1
160.0,67.0,,,,Mini ITX Tower,-93.0,0
65.0,162.0,,,360.0,ATX Mid Tower,97.0,1
159.0,158.75,,,,ATX Mid Tower,-0.25,0
65.0,114.0,,,,Mini ITX Tower,49.0,1
148.0,140.0,,,,Mini ITX Tower,-8.0,0
56.0,180.0,120.0,3,360.0,ATX Mid Tower,124.0,1
153.0,170.0,,,,ATX Mid Tower,17.0,1
153.0,183.0,,,,ATX Mid Tower,30.0,1
55.0,185.0,,,360.0,ATX Full Tower,130.0,1
137.0,159.0,120.0,3,360.0,ATX Mid Tower,22.0,1
154.0,180.5,,,,EATX Mid Tower,26.5,1
38.0,154.0,,,360.0,Micro ATX Mid Tower,116.0,1
158.0,95.0,140.0,2,,ATX Mid Tower,-63.0,0
159.0,150.0,120.0,1,,Mini ITX Tower,-9.0,0
168.0,65.0,,,,HTPC,-103.0,0
166.0,190.0,,,,ATX Full Tower,24.0,1
154.0,174.0,,,,ATX Mid Tower,20.0,1
157.0,65.0,,,,Mini ITX Tower,-92.0,0
134.0,48.0,,,,Mini ITX Tower,-86.0,0
56.0,154.0,120.0,3,360.0,Micro ATX Mid Tower,98.0,1
114.0,81.0,,,,Micro ATX Slim Tower,-33.0,0
163.0,167.0,,,,Mini ITX Tower,4.0,1
133.0,61.0,,,,Mini ITX Tower,-72.0,0
130.0,70.0,,,,HTPC,-60.0,0
154.0,70.0,,,,Mini ITX Tower,-84.0,0
57.0,170.0,120.0,3,360.0,ATX Mid Tower,113.0,1
42.0,180.0,,,280.0,EATX Mid Tower,138.0,1
159.0,95.0,,,,ATX Mid Tower,-64.0,0
172.0,140.0,,,,Micro ATX Mini Tower,-32.0,0
154.0,173.0,,,,ATX Mid Tower,19.0,1
158.0,165.0,,,,ATX Mid Tower,7.0,1
62.0,180.0,,,240.0,ATX Mid Tower,118.0,1
47.0,48.0,,,,Mini ITX Tower,1.0,1
155.0,178.0,,,,ATX Mid Tower,23.0,1
157.0,155.0,,,,Micro ATX Mid Tower,-2.0,0
165.0,180.0,,,,ATX Mid Tower,15.0,1
154.0,170.0,120.0,2,,ATX Mid Tower,16.0,1
146.0,200.0,,,,ATX Full Tower,54.0,1
72.0,160.0,120.0,2,240.0,ATX Mid Tower,88.0,1
160.0,180.0,,,,ATX Mid Tower,20.0,1
157.0,165.0,,,,Micro ATX Mid Tower,8.0,1
155.0,170.0,120.0,2,,ATX Mid Tower,15.0,1
150.0,166.0,,,,ATX Mid Tower,16.0,1
155.0,185.0,,,,ATX Mid Tower,30.0,1
33.0,161.0,,,120.0,ATX Mid Tower,128.0,1
146.0,88.2,,,,ATX Mid Tower,-57.8,0
158.0,58.0,,,,HTPC,-100.0,0
158.0,165.0,,,,ATX Mid Tower,7.0,1
154.0,77.0,,,,Mini ITX Tower,-77.0,0
46.0,170.0,120.0,3,360.0,ATX Mid Tower,124.0,1
45.0,145.0,,,,ATX Mid Tower,100.0,1
102.0,210.0,120.0,3,360.0,Mini ITX Tower,108.0,1
157.0,210.0,,,,ATX Mid Tower,53.0,1
52.0,170.0,140.0,2,280.0,ATX Mid Tower,118.0,1
53.0,165.0,120.0,2,240.0,Micro ATX Mini Tower,112.0,1
54.0,170.0,120.0,3,360.0,ATX Mid Tower,116.0,1
63.0,70.0,,,360.0,HTPC,7.0,1
72.0,70.0,,,240.0,Mini ITX Tower,-2.0,0
45.0,175.0,,,,ATX Mid Tower,130.0,1
79.0,61.0,,,360.0,Mini ITX Tower,-18.0,0
47.0,83.0,,,,Mini ITX Tower,36.0,1
154.0,70.0,120.0,2,,HTPC,-84.0,0
70.0,65.0,,,360.0,HTPC,-5.0,0
21.0,170.0,,,,ATX Mid Tower,149.0,1
164.0,160.0,,,,ATX Mid Tower,-4.0,0
158.0,165.0,,,,ATX Mid Tower,7.0,1
52.0,165.0,,,240.0,ATX Mid Tower,113.0,1
157.0,70.0,,,,Mini ITX Tower,-87.0,0
154.0,145.0,,,,ATX Mid Tower,-9.0,0
55.0,170.0,,,240.0,ATX Mid Tower,115.0,1
160.0,182.0,,,,ATX Mid Tower,22.0,1
125.0,164.0,,,,ATX Mid Tower,39.0,1
69.0,166.0,,,,ATX Mid Tower,97.0,1
155.0,85.0,,,,Mini ITX Tower,-70.0,0
162.0,167.0,,,,ATX Mid Tower,5.0,1
165.0,155.0,,,,Micro ATX Mid Tower,-10.0,0
118.0,170.0,120.0,,,ATX Mid Tower,52.0,1
150.0,195.0,,,,ATX Mid Tower,45.0,1
165.0,165.0,,,,ATX Mid Tower,0.0,1
101.0,70.0,120.0,3,360.0,Mini ITX Tower,-31.0,0
136.0,85.0,,,,Mini ITX Tower,-51.0,0
156.0,55.0,,,,Mini ITX Tower,-101.0,0
161.0,70.0,,,,Mini ITX Tower,-91.0,0
69.0,168.0,120.0,2,240.0,EATX Mid Tower,99.0,1
154.0,170.0,,,,ATX Mid Tower,16.0,1
65.0,175.0,,,,ATX Mid Tower,110.0,1
168.0,160.0,,,,EATX Mid Tower,-8.0,0
159.0,166.0,,,,Micro ATX Mini Tower,7.0,1
168.0,163.5,,,,Micro ATX Mini Tower,-4.5,0
126.0,165.0,,,,Mini ITX Tower,39.0,1
47.0,166.0,,,360.0,ATX Mid Tower,119.0,1
53.0,165.0,,,360.0,Micro ATX Mini Tower,112.0,1
155.0,88.2,120.0,1,,ATX Mid Tower,-66.8,0
70.0,151.0,,,,Micro ATX Mini Tower,81.0,1
100.0,150.0,,,360.0,Micro ATX Mini Tower,50.0,1
52.0,165.0,120.0,2,240.0,EATX Mid Tower,113.0,1
48.0,165.0,,,240.0,Micro ATX Mini Tower,117.0,1
116.0,77.0,140.0,2,280.0,Mini ITX Tower,-39.0,0
157.0,165.0,,,,Micro ATX Mini Tower,8.0,1
158.0,160.0,,,,Micro ATX Mini Tower,2.0,1
51.0,166.0,,,360.0,ATX Mid Tower,115.0,1
154.0,170.0,,,,ATX Mid Tower,16.0,1
94.5,163.0,120.0,1,,ATX Mid Tower,68.5,1
135.0,75.0,,,,Micro ATX Mini Tower,-60.0,0
160.0,154.0,,,,Micro ATX Mid Tower,-6.0,0
159.0,70.0,,,,HTPC,-89.0,0
157.0,75.0,120.0,2,,Mini ITX Tower,-82.0,0
155.0,185.0,,,,ATX Mid Tower,30.0,1
165.0,163.0,,,,ATX Mid Tower,-2.0,0
165.0,160.0,,,,ATX Mid Tower,-5.0,0
160.0,82.0,120.0,1,,Mini ITX Tower,-78.0,0
158.0,138.0,,,,HTPC,-20.0,0
122.0,175.0,,,,ATX Mid Tower,53.0,1
168.0,165.0,,,,ATX Mid Tower,-3.0,0
163.0,85.0,,,,Mini ITX Tower,-78.0,0
133.0,61.0,,,,Mini ITX Tower,-72.0,0
160.0,145.0,,,,ATX Mid Tower,-15.0,0
150.0,67.0,,,,Mini ITX Tower,-83.0,0
142.0,170.0,,,,ATX Mid Tower,28.0,1
159.0,157.0,,,,Micro ATX Mini Tower,-2.0,0
110.0,165.0,,,,ATX Mid Tower,55.0,1
160.0,61.0,,,,Mini ITX Tower,-99.0,0
158.0,138.0,140.0,2,,HTPC,-20.0,0
152.0,170.0,120.0,1,,Micro ATX Mini Tower,18.0,1
155.0,150.0,120.0,,,ATX Mid Tower,-5.0,0
134.0,167.0,,,,ATX Mid Tower,33.0,1
159.0,158.0,,,,ATX Mid Tower,-1.0,0
158.0,160.0,,,,Micro ATX Mid Tower,2.0,1
116.0,61.0,140.0,2,280.0,Mini ITX Tower,-55.0,0
153.0,70.0,,,,Mini ITX Tower,-83.0,0
53.0,160.0,120.0,3,360.0,ATX Mid Tower,107.0,1
56.0,150.0,,,360.0,ATX Mid Tower,94.0,1
155.0,138.0,,,,HTPC,-17.0,0
156.0,210.0,,,,Mini ITX Tower,54.0,1
160.0,159.0,,,,Micro ATX Mid Tower,-1.0,0
158.0,67.0,,,,Mini ITX Tower,-91.0,0
54.0,182.0,,,360.0,Mini ITX Tower,128.0,1
162.0,70.0,,,,Mini ITX Tower,-92.0,0
397.0,160.0,120.0,3,360.0,ATX Mid Tower,-237.0,0
168.0,190.0,,,,ATX Mid Tower,22.0,1
166.0,165.0,120.0,,,ATX Mid Tower,-1.0,0
68.0,82.0,,,,Micro ATX Mid Tower,14.0,1
145.0,67.0,,,,Mini ITX Tower,-78.0,0
52.0,160.0,,,240.0,ATX Mini Tower,108.0,1
155.0,164.0,,,,ATX Mid Tower,9.0,1
63.0,185.0,,,,ATX Mid Tower,122.0,1
158.0,190.0,140.0,2,,ATX Full Tower,32.0,1
130.0,75.0,,,,Micro ATX Mini Tower,-55.0,0
156.0,175.0,,,,ATX Mid Tower,19.0,1
154.0,185.0,,,,EATX Mid Tower,31.0,1
158.0,156.0,120.0,2,,ATX Mid Tower,-2.0,0
67.0,160.0,,,360.0,ATX Mid Tower,93.0,1
42.0,160.0,,,360.0,ATX Mid Tower,118.0,1
158.0,155.0,,,,ATX Mid Tower,-3.0,0
127.0,68.0,,,,Mini ITX Tower,-59.0,0
160.0,157.0,,,,ATX Mid Tower,-3.0,0
155.0,148.0,,,,ATX Mid Tower,-7.0,0
54.0,180.0,,,,ATX Mid Tower,126.0,1
155.0,182.0,,,,ATX Mid Tower,27.0,1
70.0,163.0,,,240.0,ATX Mid Tower,93.0,1
165.0,168.0,,,,ATX Mid Tower,3.0,1
89.9,88.2,120.0,3,360.0,ATX Mid Tower,-1.7,0
160.0,65.0,,,,Mini ITX Tower,-95.0,0
160.0,190.0,,,,ATX Full Tower,30.0,1
157.0,163.5,,,,Micro ATX Mid Tower,6.5,1
27.0,175.0,,,,ATX Mid Tower,148.0,1
114.0,65.0,,,,Micro ATX Mini Tower,-49.0,0
45.0,165.0,,,,EATX Mid Tower,120.0,1
167.0,70.0,,,,Mini ITX Tower,-97.0,0
42.0,180.0,,,360.0,ATX Mid Tower,138.0,1
186.0,110.0,120.0,3,360.0,Mini ITX Tower,-76.0,0
163.0,210.0,,,,Micro ATX Mini Tower,47.0,1
157.0,140.0,,,,Mini ITX Tower,-17.0,0
110.0,75.0,,,,Micro ATX Mini Tower,-35.0,0
151.0,160.0,120.0,2,,ATX Mid Tower,9.0,1
154.0,148.0,,,,Micro ATX Mini Tower,-6.0,0
69.0,67.0,140.0,2,280.0,Mini ITX Tower,-2.0,0
130.0,170.0,,,,Micro ATX Mid Tower,40.0,1
166.0,165.0,120.0,,,ATX Mid Tower,-1.0,0
156.0,65.0,,,,Mini ITX Tower,-91.0,0
165.0,65.0,,,,Mini ITX Tower,-100.0,0
66.1,61.0,120.0,3,360.0,Mini ITX Tower,-5.1,0
27.0,186.0,120.0,3,360.0,ATX Full Tower,159.0,1
164.0,175.0,,,,Micro ATX Mid Tower,11.0,1
158.0,150.0,,,,Mini ITX Tower,-8.0,0
110.0,165.0,,,,ATX Mid Tower,55.0,1
150.0,77.0,,,,Mini ITX Tower,-73.0,0
139.0,82.0,,,,Micro ATX Mini Tower,-57.0,0
169.0,77.0,,,,Mini ITX Tower,-92.0,0
158.0,160.0,,,,Micro ATX Mid Tower,2.0,1
67.0,160.0,,,,ATX Mid Tower,93.0,1
89.8,170.0,120.0,3,360.0,ATX Mid Tower,80.2,1
160.0,70.0,,,,Mini ITX Tower,-90.0,0
160.0,70.0,,,,HTPC,-90.0,0
160.0,170.0,,,,ATX Mid Tower,10.0,1
157.0,70.0,120.0,2,,HTPC,-87.0,0
94.5,166.0,120.0,1,,ATX Mid Tower,71.5,1
156.0,151.0,,,,Micro ATX Mini Tower,-5.0,0
63.0,185.0,,,,ATX Full Tower,122.0,1
57.0,185.0,120.0,3,360.0,ATX Mid Tower,128.0,1
160.0,120.0,,,,Mini ITX Tower,-40.0,0
56.0,170.0,,,,ATX Mid Tower,114.0,1
64.0,180.0,,,,ATX Mid Tower,116.0,1
168.0,165.0,120.0,,,Micro ATX Mini Tower,-3.0,0
157.0,48.0,,,,Mini ITX Tower,-109.0,0
69.0,170.0,,,360.0,ATX Mid Tower,101.0,1
158.0,83.0,,,,Mini ITX Tower,-75.0,0
159.0,70.0,,,,HTPC,-89.0,0
153.0,170.0,,,,ATX Mid Tower,17.0,1
57.0,180.0,,,360.0,ATX Mid Tower,123.0,1
60.0,57.0,120.0,2,360.0,Mini ITX Tower,-3.0,0
164.0,150.0,,,,Micro ATX Mini Tower,-14.0,0
169.0,160.0,,,,Micro ATX Mid Tower,-9.0,0
72.0,160.0,,,,ATX Mid Tower,88.0,1
136.0,83.0,,,,Mini ITX Tower,-53.0,0
45.0,279.0,120.0,2,240.0,ATX Mid Tower,234.0,1
154.0,83.0,,,,Mini ITX Tower,-71.0,0
36.0,170.0,92.0,1,,ATX Mid Tower,134.0,1
157.0,170.0,,,,ATX Mid Tower,13.0,1
114.0,70.0,,,,HTPC,-44.0,0
159.0,190.0,,,,ATX Full Tower,31.0,1
158.0,160.0,,,,ATX Mid Tower,2.0,1
160.0,83.0,,,,Mini ITX Tower,-77.0,0
75.0,160.0,120.0,3,360.0,ATX Mid Tower,85.0,1
135.0,82.0,,,,Micro ATX Mini Tower,-53.0,0
135.0,81.0,,,,Micro ATX Slim Tower,-54.0,0
155.0,70.0,,,,HTPC,-85.0,0
143.0,185.0,,,,ATX Mid Tower,42.0,1
161.0,160.0,120.0,3,360.0,ATX Mid Tower,-1.0,0
144.0,165.0,,,,ATX Mid Tower,21.0,1
45.0,180.0,,,,ATX Mid Tower,135.0,1
110.0,70.0,,,,HTPC,-40.0,0
154.0,85.0,,,,Mini ITX Tower,-69.0,0
146.0,68.0,,,,Mini ITX Tower,-78.0,0
135.0,182.0,,,,ATX Mid Tower,47.0,1
93.0,65.0,,,,Mini ITX Tower,-28.0,0
156.0,67.0,,,,Mini ITX Tower,-89.0,0
159.0,170.0,,,,ATX Mid Tower,11.0,1
68.0,170.0,,,360.0,ATX Mid Tower,102.0,1
125.0,210.0,,,240.0,Mini ITX Tower,85.0,1
159.0,82.0,120.0,,,Micro ATX Mini Tower,-77.0,0
150.0,68.0,,,,Mini ITX Tower,-82.0,0
171.0,165.0,,,,ATX Mid Tower,-6.0,0
62.0,180.0,,,360.0,ATX Mid Tower,118.0,1
157.0,170.0,,,,ATX Mid Tower,13.0,1
150.0,170.0,,,,ATX Mid Tower,20.0,1
165.0,159.0,,,,Micro ATX Mini Tower,-6.0,0
145.0,162.0,,,,Micro ATX Mid Tower,17.0,1
136.0,180.0,,,,ATX Mid Tower,44.0,1
166.0,160.0,,,,Micro ATX Mini Tower,-6.0,0
155.0,135.0,120.0,1,,Micro ATX Mid Tower,-20.0,0
168.0,165.0,120.0,,,ATX Mid Tower,-3.0,0
157.0,70.0,,,,Mini ITX Tower,-87.0,0
69.0,190.0,140.0,3,420.0,ATX Full Tower,121.0,1
158.0,175.0,,,,ATX Mid Tower,17.0,1
158.0,170.0,,,,ATX Mid Tower,12.0,1
165.0,160.0,,,,ATX Mid Tower,-5.0,0
154.0,170.0,,,,ATX Mid Tower,16.0,1
165.0,67.0,,,,Mini ITX Tower,-98.0,0
151.0,88.2,,,,ATX Mid Tower,-62.8,0
88.0,75.0,,,,Micro ATX Mini Tower,-13.0,0
70.0,165.0,,,,ATX Mid Tower,95.0,1
165.0,173.0,,,,ATX Mid Tower,8.0,1
145.0,170.0,,,,ATX Mid Tower,25.0,1
57.0,184.0,,,,ATX Mid Tower,127.0,1
158.0,150.0,140.0,2,,ATX Mid Tower,-8.0,0
166.0,165.0,,,,ATX Mid Tower,-1.0,0
150.0,185.0,,,,ATX Mid Tower,35.0,1
164.0,75.0,,,,Micro ATX Mini Tower,-89.0,0
66.0,47.0,,,360.0,Micro ATX Desktop,-19.0,0
154.0,83.0,,,,Mini ITX Tower,-71.0,0
155.0,161.0,,,,ATX Mid Tower,6.0,1
155.0,167.0,,,,ATX Mid Tower,12.0,1
163.0,173.0,,,,ATX Mid Tower,10.0,1
62.0,210.0,,,240.0,Mini ITX Tower,148.0,1
72.0,176.0,,,240.0,ATX Full Tower,104.0,1
155.0,150.0,,,,Micro ATX Mini Tower,-5.0,0
154.0,75.0,,,,Mini ITX Tower,-79.0,0
154.0,170.0,,,,ATX Mid Tower,16.0,1
58.0,210.0,,,,Micro ATX Mini Tower,152.0,1
67.0,90.0,,,,Micro ATX Desktop,23.0,1
157.0,82.0,,,,Mini ITX Tower,-75.0,0
59.0,57.0,,,,Micro ATX Desktop,-2.0,0
169.0,162.0,,,,ATX Mid Tower,-7.0,0
146.0,170.0,,,,ATX Mid Tower,24.0,1
160.0,155.0,120.0,2,,ATX Mid Tower,-5.0,0
166.0,170.0,,,,ATX Mid Tower,4.0,1
148.0,61.0,,,,Mini ITX Tower,-87.0,0
155.0,156.0,120.0,2,,ATX Mid Tower,1.0,1
62.0,180.0,,,240.0,ATX Mid Tower,118.0,1
158.0,160.0,,,,ATX Mid Tower,2.0,1
160.0,155.0,,,,Micro ATX Mid Tower,-5.0,0
32.0,170.0,,,,ATX Mid Tower,138.0,1
69.0,170.0,,,360.0,ATX Mid Tower,101.0,1
100.0,155.0,,,240.0,Micro ATX Mid Tower,55.0,1
158.0,168.0,,,,ATX Mid Tower,10.0,1
166.0,160.0,,,,ATX Mid Tower,-6.0,0
73.0,70.0,,,,HTPC,-3.0,0
159.0,48.0,,,,Mini ITX Tower,-111.0,0
101.0,45.0,120.0,3,360.0,Mini ITX Tower,-56.0,0
49.0,175.0,,,360.0,ATX Mid Tower,126.0,1
157.0,83.0,120.0,2,,Mini ITX Tower,-74.0,0
77.0,180.0,,,,HTPC,103.0,1
155.0,138.0,,,,HTPC,-17.0,0
166.0,159.0,,,,Micro ATX Mini Tower,-7.0,0
157.0,170.0,120.0,2,,ATX Mid Tower,13.0,1
67.0,77.0,,,,Mini ITX Tower,10.0,1
75.0,170.0,,,,ATX Mid Tower,95.0,1
86.4,160.0,120.0,3,360.0,Micro ATX Mini Tower,73.6,1
63.0,175.0,,,,ATX Mid Tower,112.0,1
141.0,185.0,,,,ATX Mid Tower,44.0,1
160.0,67.0,,,,Mini ITX Tower,-93.0,0
168.0,160.0,,,,ATX Mid Tower,-8.0,0
155.0,155.0,,,,Micro ATX Mid Tower,0.0,1
102.0,70.0,120.0,3,360.0,HTPC,-32.0,0
155.0,163.5,,,,Micro ATX Mini Tower,8.5,1
156.0,70.0,,,,Mini ITX Tower,-86.0,0
60.0,185.0,,,,ATX Mid Tower,125.0,1
155.0,173.0,,,,Micro ATX Mini Tower,18.0,1
166.0,163.0,,,,ATX Mid Tower,-3.0,0
165.0,150.0,,,,Micro ATX Mid Tower,-15.0,0
54.0,173.0,,,360.0,ATX Mid Tower,119.0,1
123.0,138.0,,,,HTPC,15.0,1
55.0,148.0,,,240.0,ATX Mid Tower,93.0,1
136.0,68.0,,,,Mini ITX Tower,-68.0,0
159.0,185.0,,,,ATX Mid Tower,26.0,1
152.0,170.0,,,,ATX Mid Tower,18.0,1
151.0,160.0,,,,ATX Mid Tower,9.0,1
67.0,45.0,,,240.0,Mini ITX Tower,-22.0,0
167.0,180.0,,,,ATX Mid Tower,13.0,1
397.0,180.0,120.0,3,360.0,ATX Mid Tower,-217.0,0
165.0,160.0,,,,ATX Mid Tower,-5.0,0
155.0,70.0,,,,HTPC,-85.0,0
158.0,82.0,,,,Micro ATX Desktop,-76.0,0
37.0,166.0,,,,ATX Mid Tower,129.0,1
65.0,170.0,,,240.0,ATX Mid Tower,105.0,1
155.0,151.0,,,,Micro ATX Mini Tower,-4.0,0
135.0,70.0,,,,Mini ITX Tower,-65.0,0
55.0,160.0,,,,ATX Mid Tower,105.0,1
65.0,175.0,420.0,1,420.0,ATX Mid Tower,110.0,1
125.0,168.0,,,,ATX Mid Tower,43.0,1
133.0,170.0,,,,ATX Mid Tower,37.0,1
155.0,57.0,,,,Micro ATX Desktop,-98.0,0
154.0,150.0,,,,Mini ITX Tower,-4.0,0
55.0,168.0,,,360.0,EATX Mid Tower,113.0,1
158.0,167.0,,,,Micro ATX Mini Tower,9.0,1
116.0,85.0,120.0,2,240.0,Mini ITX Tower,-31.0,0
92.0,190.0,120.0,,240.0,ATX Mid Tower,98.0,1
100.0,185.0,,,,ATX Full Tower,85.0,1
148.0,170.0,,,,ATX Mid Tower,22.0,1
108.0,160.0,120.0,3,360.0,ATX Mid Tower,52.0,1
155.0,70.0,,,,Mini ITX Tower,-85.0,0
54.0,173.0,,,360.0,ATX Mid Tower,119.0,1
170.0,120.0,,,,Mini ITX Tower,-50.0,0
154.0,67.0,,,,Mini ITX Tower,-87.0,0
159.0,155.0,,,,ATX Mid Tower,-4.0,0
38.0,180.0,140.0,2,240.0,ATX Mid Tower,142.0,1
154.0,57.0,,,,Mini ITX Tower,-97.0,0
150.0,200.0,120.0,2,240.0,Mini ITX Tower,50.0,1
154.0,190.0,,,,ATX Mid Tower,36.0,1
160.0,165.0,,,,ATX Mid Tower,5.0,1
154.0,38.0,,,,Mini ITX Tower,-116.0,0
158.0,140.0,,,,Mini ITX Tower,-18.0,0
47.0,170.0,,,240.0,ATX Mid Tower,123.0,1
155.0,172.0,,,,ATX Mid Tower,17.0,1
150.0,170.0,,,,ATX Mid Tower,20.0,1
145.0,170.0,,,,ATX Mid Tower,25.0,1
120.0,70.0,,,,Mini ITX Tower,-50.0,0
155.0,172.0,,,,ATX Mid Tower,17.0,1
67.0,161.0,,,,ATX Mid Tower,94.0,1
165.0,146.0,,,,HTPC,-19.0,0
81.0,61.0,120.0,3,360.0,Mini ITX Tower,-20.0,0
154.0,120.0,120.0,1,,Mini ITX Tower,-34.0,0
165.0,155.0,,,,Micro ATX Mid Tower,-10.0,0
66.1,165.0,120.0,3,360.0,ATX Mid Tower,98.9,1
163.0,70.0,,,,Micro ATX Desktop,-93.0,0
158.0,150.0,,,,ATX Mid Tower,-8.0,0
153.0,85.0,,,,Mini ITX Tower,-68.0,0
64.24,175.0,120.0,3,360.0,ATX Mid Tower,110.76,1
161.0,160.0,,,,ATX Mid Tower,-1.0,0
143.0,85.0,,,,Mini ITX Tower,-58.0,0
68.0,178.0,,,360.0,ATX Mid Tower,110.0,1
158.0,165.0,,,,ATX Mid Tower,7.0,1
53.0,185.0,95.0,2,,ATX Mid Tower,132.0,1
157.0,173.0,,,,ATX Mid Tower,16.0,1
156.0,140.0,,,,Micro ATX Mini Tower,-16.0,0
68.4,187.0,120.0,3,360.0,ATX Mid Tower,118.6,1
161.0,155.0,,,,Micro ATX Mini Tower,-6.0,0
158.0,155.0,,,,Micro ATX Mid Tower,-3.0,0
59.0,47.0,,,360.0,Micro ATX Desktop,-12.0,0
84.0,70.0,120.0,2,240.0,Mini ITX Tower,-14.0,0
128.0,175.0,,,,EATX Full Tower,47.0,1
137.0,67.0,,,,Mini ITX Tower,-70.0,0
110.0,155.0,,,,Micro ATX Mid Tower,45.0,1
66.0,158.0,,,360.0,ATX Mid Tower,92.0,1
134.0,175.0,,,,ATX Mid Tower,41.0,1
159.0,161.0,,,,Micro ATX Mid Tower,2.0,1
154.0,175.0,,,,ATX Mid Tower,21.0,1
155.0,145.0,,,,ATX Mid Tower,-10.0,0
150.0,160.0,,,,ATX Mid Tower,10.0,1
169.0,165.0,,,,ATX Mid Tower,-4.0,0
158.0,155.0,,,,ATX Mid Tower,-3.0,0
158.0,155.0,,,,ATX Mid Tower,-3.0,0
151.0,150.0,120.0,2,,Mini ITX Tower,-1.0,0
56.0,167.0,,,360.0,ATX Mid Tower,111.0,1
158.0,155.0,,,,Micro ATX Mid Tower,-3.0,0
62.0,170.0,,,240.0,ATX Mid Tower,108.0,1
155.0,67.0,,,,Mini ITX Tower,-88.0,0
160.0,170.0,,,,ATX Mid Tower,10.0,1
28.0,181.0,,,,ATX Mid Tower,153.0,1
158.0,184.0,,,,ATX Mid Tower,26.0,1
156.0,180.0,,,,ATX Mid Tower,24.0,1
160.0,114.0,,,,Mini ITX Tower,-46.0,0
93.0,185.0,,,,ATX Mid Tower,92.0,1
131.0,156.0,,,,ATX Mid Tower,25.0,1
42.0,162.0,,,360.0,ATX Mid Tower,120.0,1
163.0,169.0,,,,ATX Mid Tower,6.0,1
159.0,70.0,120.0,1,,Micro ATX Desktop,-89.0,0
77.0,165.0,,,,ATX Mid Tower,88.0,1
160.0,155.0,,,,ATX Mid Tower,-5.0,0
167.0,165.0,,,,ATX Mid Tower,-2.0,0
37.0,160.0,,,,ATX Mid Tower,123.0,1
68.0,65.0,,,240.0,HTPC,-3.0,0
101.0,158.75,120.0,3,360.0,ATX Mid Tower,57.75,1
130.0,65.0,,,,Mini ITX Tower,-65.0,0
165.0,57.0,,,,Micro ATX Desktop,-108.0,0
166.0,167.0,,,,ATX Mid Tower,1.0,1
145.0,170.0,,,,ATX Mid Tower,25.0,1
166.0,55.0,,,,Mini ITX Tower,-111.0,0
158.0,183.0,,,,ATX Mid Tower,25.0,1
155.0,47.0,,,,Micro ATX Desktop,-108.0,0
62.0,45.0,,,240.0,Mini ITX Tower,-17.0,0
162.0,120.0,,,,Mini ITX Tower,-42.0,0
160.0,61.0,,,,Mini ITX Tower,-99.0,0
154.0,170.0,,,,ATX Mid Tower,16.0,1
155.0,151.0,,,,Micro ATX Mini Tower,-4.0,0
155.0,165.0,,,,ATX Mid Tower,10.0,1
160.0,170.0,,,,ATX Mid Tower,10.0,1
159.0,70.0,,,,Mini ITX Tower,-89.0,0
159.0,190.0,,,,ATX Mid Tower,31.0,1
70.0,47.0,,,,Micro ATX Desktop,-23.0,0
159.0,55.0,,,,Mini ITX Tower,-104.0,0
125.0,70.0,120.0,2,240.0,Micro ATX Desktop,-55.0,0
164.0,70.0,,,,HTPC,-94.0,0
123.0,176.0,,,,ATX Full Tower,53.0,1
163.0,155.0,,,,Micro ATX Mid Tower,-8.0,0
162.0,120.0,,,,Mini ITX Tower,-42.0,0
155.0,185.0,,,,ATX Mid Tower,30.0,1
155.0,154.0,,,,Micro ATX Mid Tower,-1.0,0
155.0,169.0,,,,ATX Mid Tower,14.0,1
47.0,165.0,,,,ATX Mid Tower,118.0,1
154.0,193.0,,,,ATX Full Tower,39.0,1
165.0,155.0,,,,Micro ATX Mid Tower,-10.0,0
157.0,182.0,,,,ATX Mid Tower,25.0,1
110.0,160.0,,,,ATX Mid Tower,50.0,1
160.0,135.0,,,,Micro ATX Mid Tower,-25.0,0
79.0,171.0,,,,ATX Mid Tower,92.0,1
161.0,47.0,,,,Micro ATX Desktop,-114.0,0
135.0,68.0,,,,Mini ITX Tower,-67.0,0
154.0,55.0,,,,Mini ITX Tower,-99.0,0
155.0,165.0,,,,ATX Mid Tower,10.0,1
159.0,120.0,,,,Mini ITX Tower,-39.0,0
110.0,70.0,,,,Mini ITX Tower,-40.0,0
55.0,165.0,,,360.0,Micro ATX Mini Tower,110.0,1
170.0,158.0,,,,Micro ATX Mini Tower,-12.0,0
163.0,156.0,,,,ATX Mid Tower,-7.0,0
130.0,95.0,,,,ATX Mid Tower,-35.0,0
152.0,70.0,,,,HTPC,-82.0,0
161.0,145.0,,,,ATX Mid Tower,-16.0,0
79.0,57.0,,,,Micro ATX Desktop,-22.0,0
89.8,77.0,120.0,3,360.0,Mini ITX Tower,-12.8,0
160.0,156.0,,,,ATX Mid Tower,-4.0,0
157.0,156.0,,,,ATX Mid Tower,-1.0,0
397.0,185.0,120.0,3,360.0,ATX Mid Tower,-212.0,0
47.0,160.0,,,,ATX Mid Tower,113.0,1
159.0,182.0,,,,ATX Full Tower,23.0,1
157.0,83.0,120.0,2,,Mini ITX Tower,-74.0,0
154.0,146.0,,,,ATX Mid Tower,-8.0,0
70.0,185.0,,,420.0,ATX Mid Tower,115.0,1
165.0,160.0,,,,ATX Mid Tower,-5.0,0
142.0,170.0,,,,ATX Mid Tower,28.0,1
137.0,83.0,,,,Mini ITX Tower,-54.0,0
154.0,163.0,,,,ATX Mid Tower,9.0,1
158.0,170.0,140.0,2,,ATX Mid Tower,12.0,1
65.0,170.0,,,,Micro ATX Mini Tower,105.0,1
157.0,85.0,,,,Mini ITX Tower,-72.0,0
64.24,170.0,120.0,3,360.0,ATX Mid Tower,105.76,1
125.0,170.0,,,,Micro ATX Mid Tower,45.0,1
171.0,168.0,,,,ATX Mid Tower,-3.0,0
166.0,70.0,,,,HTPC,-96.0,0
67.0,186.0,,,,ATX Full Tower,119.0,1
162.0,82.0,,,,Micro ATX Desktop,-80.0,0
155.0,172.0,,,,ATX Mid Tower,17.0,1
146.0,70.0,,,,HTPC,-76.0,0
172.0,170.0,,,,ATX Mid Tower,-2.0,0
140.0,167.0,,,,Micro ATX Mini Tower,27.0,1
168.0,160.0,,,,ATX Mini Tower,-8.0,0
53.0,182.0,,,240.0,ATX Full Tower,129.0,1
68.0,48.0,,,240.0,Mini ITX Tower,-20.0,0
100.0,180.0,,,,ATX Mid Tower,80.0,1
159.0,70.0,,,,Mini ITX Tower,-89.0,0
158.0,160.0,,,,ATX Mid Tower,2.0,1
166.0,165.0,,,,ATX Mid Tower,-1.0,0
51.0,185.0,,,360.0,EATX Mid Tower,134.0,1
57.0,155.0,,,240.0,ATX Mid Tower,98.0,1
160.0,180.0,,,,ATX Mid Tower,20.0,1
169.0,161.0,120.0,2,,ATX Mid Tower,-8.0,0
165.0,160.0,,,,ATX Mid Tower,-5.0,0
62.0,170.0,,,240.0,ATX Mid Tower,108.0,1
135.0,85.0,,,,Mini ITX Tower,-50.0,0
160.0,75.0,,,,Mini ITX Tower,-85.0,0
58.0,172.0,,,,Mini ITX Tower,114.0,1
113.0,110.0,,,,Mini ITX Tower,-3.0,0
160.0,160.0,,,,ATX Mid Tower,0.0,1
154.0,180.0,,,,ATX Mid Tower,26.0,1
160.0,170.0,,,,ATX Mid Tower,10.0,1
158.0,190.0,,,,EATX Mid Tower,32.0,1
52.0,160.0,,,240.0,ATX Mid Tower,108.0,1
84.0,70.0,120.0,2,240.0,HTPC,-14.0,0
162.0,155.0,,,,Mini ITX Tower,-7.0,0
166.0,165.0,,,,Micro ATX Mini Tower,-1.0,0
140.0,185.0,,,,ATX Mid Tower,45.0,1
51.0,185.0,90.0,1,,ATX Full Tower,134.0,1
157.0,180.0,120.0,2,,Micro ATX Mini Tower,23.0,1
161.0,110.0,120.0,2,,Mini ITX Tower,-51.0,0
154.0,165.0,120.0,2,,Micro ATX Mini Tower,11.0,1
165.0,160.0,,,,ATX Mid Tower,-5.0,0
157.0,65.0,140.0,2,280.0,HTPC,-92.0,0
150.0,182.0,,,,ATX Mid Tower,32.0,1
166.0,165.0,,,,ATX Mid Tower,-1.0,0
159.0,185.0,,,,ATX Mid Tower,26.0,1
136.0,70.0,,,,Mini ITX Tower,-66.0,0
166.0,157.0,120.0,,,Micro ATX Mini Tower,-9.0,0
160.0,155.0,,,,ATX Mid Tower,-5.0,0
158.0,82.0,,,,Micro ATX Mini Tower,-76.0,0
155.0,190.0,,,,ATX Mid Tower,35.0,1
62.0,180.0,120.0,3,360.0,EATX Mid Tower,118.0,1
118.0,210.0,120.0,3,360.0,ATX Mid Tower,92.0,1
89.8,83.0,120.0,3,360.0,Mini ITX Tower,-6.8,0
122.0,155.0,,,,ATX Mid Tower,33.0,1
164.0,156.0,,,,ATX Mid Tower,-8.0,0
158.0,155.0,,,,ATX Mid Tower,-3.0,0
143.0,170.0,,,,ATX Mid Tower,27.0,1
65.0,48.0,,,360.0,Mini ITX Tower,-17.0,0
154.0,77.0,,,,Mini ITX Tower,-77.0,0
165.0,160.0,,,,ATX Mid Tower,-5.0,0
51.0,175.0,,,360.0,ATX Mid Tower,124.0,1
59.0,176.0,,,,ATX Mid Tower,117.0,1
155.0,165.0,,,,Micro ATX Mini Tower,10.0,1
154.0,88.2,,,,ATX Mid Tower,-65.8,0
160.0,48.0,,,,Mini ITX Tower,-112.0,0
168.0,160.0,,,,Micro ATX Mini Tower,-8.0,0
153.0,160.0,,,,ATX Mid Tower,7.0,1
118.0,162.0,,,,ATX Mid Tower,44.0,1
160.0,160.0,,,,ATX Mini Tower,0.0,1
56.0,170.0,120.0,2,240.0,ATX Mid Tower,114.0,1
69.0,61.0,,,,Mini ITX Tower,-8.0,0
69.0,48.0,,,360.0,Mini ITX Tower,-21.0,0
166.0,155.0,,,,Micro ATX Mini Tower,-11.0,0
160.0,155.0,135.0,1,,ATX Mid Tower,-5.0,0
159.0,67.0,,,,Mini ITX Tower,-92.0,0
160.0,166.0,,,,ATX Mid Tower,6.0,1
75.6,173.0,130.0,1,,ATX Mid Tower,97.4,1
145.0,70.0,,,,HTPC,-75.0,0
150.0,170.0,,,,ATX Mid Tower,20.0,1
65.0,166.0,,,360.0,Micro ATX Mini Tower,101.0,1
146.0,170.0,,,,ATX Mid Tower,24.0,1
157.0,61.0,,,,Mini ITX Tower,-96.0,0
156.0,210.0,,,,Mini ITX Tower,54.0,1
145.0,88.2,,,,ATX Mid Tower,-56.8,0
160.0,156.0,,,,ATX Mid Tower,-4.0,0
142.0,77.0,,,,Mini ITX Tower,-65.0,0
150.0,140.0,,,,Mini ITX Tower,-10.0,0
155.0,138.0,,,,HTPC,-17.0,0
161.0,160.0,120.0,2,,ATX Mid Tower,-1.0,0
156.0,182.0,,,,ATX Mid Tower,26.0,1
49.0,170.0,,,240.0,ATX Mid Tower,121.0,1
169.0,163.0,,,,ATX Mid Tower,-6.0,0
47.0,68.0,,,,Mini ITX Tower,21.0,1
69.0,170.0,,,360.0,ATX Mid Tower,101.0,1
159.0,155.0,,,,Micro ATX Mid Tower,-4.0,0
156.0,155.0,,,,ATX Mid Tower,-1.0,0
186.0,176.0,120.0,3,360.0,ATX Full Tower,-10.0,0
147.0,145.0,,,,ATX Mid Tower,-2.0,0
81.0,170.0,120.0,3,360.0,ATX Mid Tower,89.0,1
41.0,165.0,,,,ATX Mid Tower,124.0,1
127.0,190.0,100.0,,,ATX Mid Tower,63.0,1
141.0,165.0,,,,ATX Mid Tower,24.0,1
158.0,70.0,,,,Mini ITX Tower,-88.0,0
154.0,61.0,,,,Mini ITX Tower,-93.0,0
62.0,138.0,,,360.0,HTPC,76.0,1
54.0,190.0,,,240.0,EATX Mid Tower,136.0,1
155.0,166.0,120.0,1,,ATX Mid Tower,11.0,1
52.0,190.0,120.0,1,120.0,ATX Full Tower,138.0,1
60.0,175.0,120.0,3,360.0,ATX Mid Tower,115.0,1
137.0,90.0,,,,Micro ATX Desktop,-47.0,0
154.0,150.0,,,,Micro ATX Mid Tower,-4.0,0
160.0,170.0,,,,ATX Mid Tower,10.0,1
157.0,150.0,,,,ATX Mid Tower,-7.0,0
152.0,180.0,,,,ATX Mid Tower,28.0,1
94.0,187.0,100.0,1,,Micro ATX Mid Tower,93.0,1
155.0,150.0,,,,Micro ATX Mini Tower,-5.0,0
146.0,166.0,,,,ATX Mid Tower,20.0,1
64.0,61.0,,,240.0,Mini ITX Tower,-3.0,0
160.0,130.0,,,,Mini ITX Tower,-30.0,0
169.0,165.0,120.0,2,,ATX Mid Tower,-4.0,0
158.0,130.0,,,,Mini ITX Tower,-28.0,0
94.0,165.0,100.0,1,,ATX Mid Tower,71.0,1
65.0,170.0,240.0,1,240.0,ATX Mid Tower,105.0,1
160.0,155.0,,,,ATX Mid Tower,-5.0,0
130.0,210.0,,,,Mini ITX Tower,80.0,1
53.0,187.0,,,120.0,ATX Mid Tower,134.0,1
159.0,170.0,,,,ATX Mid Tower,11.0,1
53.0,168.0,,,120.0,ATX Mid Tower,115.0,1
54.0,155.0,,,420.0,ATX Mid Tower,101.0,1
157.0,155.0,,,,Micro ATX Mini Tower,-2.0,0
170.0,83.0,,,,Mini ITX Tower,-87.0,0
152.0,140.0,120.0,1,,Mini ITX Tower,-12.0,0
157.0,155.0,,,,Mini ITX Tower,-2.0,0
63.0,163.0,,,360.0,ATX Mid Tower,100.0,1
116.0,170.0,120.0,2,240.0,ATX Mid Tower,54.0,1
47.0,165.0,,,,ATX Mid Tower,118.0,1
154.0,61.0,,,,Mini ITX Tower,-93.0,0
70.0,170.0,,,,ATX Mid Tower,100.0,1
165.0,160.0,,,,Micro ATX Mini Tower,-5.0,0
56.0,154.0,,,360.0,Micro ATX Mid Tower,98.0,1
151.0,190.0,120.0,2,,EATX Mid Tower,39.0,1
57.0,61.0,,,240.0,Mini ITX Tower,4.0,1
112.0,95.0,,,,ATX Mid Tower,-17.0,0
94.0,162.0,120.0,3,360.0,Micro ATX Mid Tower,68.0,1
65.0,190.0,,,360.0,ATX Mid Tower,125.0,1
65.0,160.0,360.0,1,360.0,ATX Mid Tower,95.0,1
165.0,58.0,,,,HTPC,-107.0,0
137.0,75.0,,,,Micro ATX Mini Tower,-62.0,0
153.0,188.0,120.0,1,,ATX Mid Tower,35.0,1
163.0,160.0,,,,Micro ATX Mini Tower,-3.0,0
53.0,170.0,,,240.0,ATX Mid Tower,117.0,1
60.0,176.0,120.0,1,240.0,ATX Full Tower,116.0,1
155.0,160.0,,,,Micro ATX Mini Tower,5.0,1
60.0,180.0,120.0,,240.0,ATX Mid Tower,120.0,1
67.0,169.0,,,,ATX Mid Tower,102.0,1
163.0,160.0,,,,ATX Full Tower,-3.0,0
158.0,190.0,,,,ATX Full Tower,32.0,1
157.0,155.0,,,,ATX Mid Tower,-2.0,0
150.0,165.0,,,,Mini ITX Tower,15.0,1
158.0,146.0,,,,ATX Mid Tower,-12.0,0
148.0,83.0,,,,Mini ITX Tower,-65.0,0
161.0,150.0,,,,Micro ATX Mid Tower,-11.0,0
100.0,176.0,,,240.0,ATX Full Tower,76.0,1
165.0,160.0,,,,ATX Mid Tower,-5.0,0
80.0,77.0,120.0,2,240.0,HTPC,-3.0,0
69.0,164.0,120.0,2,240.0,Micro ATX Mini Tower,95.0,1
150.0,70.0,,,,HTPC,-80.0,0
81.0,170.0,,,,ATX Mid Tower,89.0,1
135.0,169.0,,,,ATX Mid Tower,34.0,1
154.0,65.0,,,,Micro ATX Mini Tower,-89.0,0
162.0,70.0,,,,Mini ITX Tower,-92.0,0
154.0,180.0,,,,ATX Mid Tower,26.0,1
160.0,82.0,,,,Mini ITX Tower,-78.0,0
171.0,145.0,,,,ATX Mid Tower,-26.0,0
125.0,173.0,,,,Micro ATX Mini Tower,48.0,1
129.0,167.0,,,,ATX Mid Tower,38.0,1
153.0,185.0,,,,ATX Mid Tower,32.0,1
166.0,180.0,,,,ATX Mid Tower,14.0,1
80.0,180.0,120.0,2,240.0,ATX Mid Tower,100.0,1
169.0,161.0,120.0,2,,ATX Mid Tower,-8.0,0
163.0,166.0,,,,Micro ATX Mid Tower,3.0,1
57.0,180.0,,,240.0,ATX Mid Tower,123.0,1
163.0,170.0,,,,ATX Mid Tower,7.0,1
45.0,159.0,92.0,,,Micro ATX Mid Tower,114.0,1
52.0,170.0,,,360.0,ATX Mid Tower,118.0,1
56.0,185.0,140.0,2,280.0,ATX Mid Tower,129.0,1
110.0,190.0,,,,ATX Mid Tower,80.0,1
168.0,45.0,120.0,,,Mini ITX Tower,-123.0,0
155.0,160.0,120.0,2,,ATX Mid Tower,5.0,1
186.0,158.0,120.0,3,360.0,ATX Mid Tower,-28.0,0
158.0,158.0,,,,Micro ATX Mini Tower,0.0,1
94.0,180.0,120.0,3,360.0,ATX Mid Tower,86.0,1
166.0,160.0,120.0,,,ATX Mini Tower,-6.0,0
158.0,165.0,,,,ATX Mid Tower,7.0,1
168.0,160.0,120.0,,,ATX Mid Tower,-8.0,0
171.0,170.0,,,,ATX Mid Tower,-1.0,0
136.0,67.0,,,,Mini ITX Tower,-69.0,0
68.5,150.0,120.0,3,360.0,ATX Mid Tower,81.5,1
155.0,65.0,,,,Mini ITX Tower,-90.0,0
167.0,170.0,,,,ATX Mid Tower,3.0,1
166.0,138.0,120.0,,,HTPC,-28.0,0
148.0,170.0,120.0,,,ATX Mid Tower,22.0,1
162.0,185.0,,,,ATX Mid Tower,23.0,1
48.0,162.0,,,,ATX Mid Tower,114.0,1
158.0,156.0,,,,ATX Mid Tower,-2.0,0
159.0,156.0,,,,ATX Mid Tower,-3.0,0
160.0,110.0,,,,Mini ITX Tower,-50.0,0
100.0,178.0,,,240.0,ATX Mid Tower,78.0,1
52.0,174.0,140.0,3,420.0,ATX Mid Tower,122.0,1
158.0,150.0,,,,Mini ITX Tower,-8.0,0
151.0,150.0,120.0,2,,Micro ATX Mini Tower,-1.0,0
158.0,68.0,,,,Mini ITX Tower,-90.0,0
160.0,172.0,,,,ATX Mid Tower,12.0,1
156.0,138.0,,,,HTPC,-18.0,0
79.0,165.0,,,,Mini ITX Tower,86.0,1
149.0,48.0,,,,Mini ITX Tower,-101.0,0
53.0,163.0,120.0,2,240.0,ATX Mid Tower,110.0,1
60.0,193.0,,,360.0,ATX Full Tower,133.0,1
154.0,70.0,,,,Mini ITX Tower,-84.0,0
153.0,70.0,,,,HTPC,-83.0,0
165.0,83.0,,,,Mini ITX Tower,-82.0,0
159.0,150.0,,,,Mini ITX Tower,-9.0,0
157.0,150.0,,,,ATX Mid Tower,-7.0,0
137.0,170.0,,,,ATX Mid Tower,33.0,1
158.0,61.0,,,,Mini ITX Tower,-97.0,0
154.0,190.0,,,,ATX Full Tower,36.0,1
154.0,50.0,,,,Mini ITX Tower,-104.0,0
158.0,85.0,,,,Mini ITX Tower,-73.0,0
58.0,160.0,,,360.0,ATX Mid Tower,102.0,1
68.0,75.0,,,240.0,Micro ATX Mini Tower,7.0,1
158.0,160.0,,,,ATX Mid Tower,2.0,1
73.0,70.0,120.0,2,240.0,Mini ITX Tower,-3.0,0
53.0,120.0,120.0,3,360.0,Mini ITX Tower,67.0,1
165.0,160.0,,,,ATX Mid Tower,-5.0,0
159.0,158.0,,,,Micro ATX Mini Tower,-1.0,0
68.0,170.0,140.0,2,280.0,Micro ATX Mid Tower,102.0,1
154.0,160.0,,,,ATX Mid Tower,6.0,1
165.0,160.0,,,,ATX Mid Tower,-5.0,0
148.0,70.0,,,,HTPC,-78.0,0
110.0,162.0,,,,ATX Mid Tower,52.0,1
41.0,185.0,,,,Micro ATX Mid Tower,144.0,1
155.0,168.0,120.0,,,ATX Mid Tower,13.0,1
75.0,160.0,120.0,3,360.0,ATX Mid Tower,85.0,1
153.0,77.0,,,,HTPC,-76.0,0
154.0,190.0,,,,ATX Mid Tower,36.0,1
158.0,170.0,,,,ATX Mid Tower,12.0,1
160.0,85.0,,,,Mini ITX Tower,-75.0,0
168.0,148.0,,,,Micro ATX Mid Tower,-20.0,0
158.0,65.0,,,,Mini ITX Tower,-93.0,0
65.0,170.0,420.0,1,420.0,ATX Mid Tower,105.0,1
168.0,70.0,,,,Mini ITX Tower,-98.0,0
63.0,169.0,,,360.0,ATX Mid Tower,106.0,1
163.0,160.0,120.0,,,ATX Mid Tower,-3.0,0
155.0,185.0,,,,ATX Mid Tower,30.0,1
159.0,155.0,,,,Micro ATX Mini Tower,-4.0,0
157.0,120.0,,,,Mini ITX Tower,-37.0,0
144.0,160.0,,,,ATX Mid Tower,16.0,1
160.0,155.0,,,,Micro ATX Mini Tower,-5.0,0
151.0,146.0,,,,ATX Mid Tower,-5.0,0
94.5,185.0,140.0,2,280.0,ATX Mid Tower,90.5,1
68.0,48.0,,,240.0,Mini ITX Tower,-20.0,0
166.0,155.0,,,,ATX Mid Tower,-11.0,0
116.0,165.0,,,,ATX Mid Tower,49.0,1
164.0,70.0,,,,HTPC,-94.0,0
101.0,68.0,120.0,3,360.0,Mini ITX Tower,-33.0,0
157.0,61.0,,,,Mini ITX Tower,-96.0,0
55.0,160.0,,,360.0,ATX Mid Tower,105.0,1
130.0,67.0,,,,Mini ITX Tower,-63.0,0
153.0,82.0,,,,Mini ITX Tower,-71.0,0
136.0,165.0,,,,ATX Mid Tower,29.0,1
37.0,170.0,,,,ATX Mid Tower,133.0,1
158.0,180.0,,,,ATX Mid Tower,22.0,1
59.0,188.0,,,360.0,ATX Full Tower,129.0,1
166.0,82.0,120.0,,,Micro ATX Mini Tower,-84.0,0
130.0,114.0,,,,Mini ITX Tower,-16.0,0
157.0,145.0,,,,ATX Mid Tower,-12.0,0
168.0,164.0,120.0,,,Micro ATX Desktop,-4.0,0
170.0,166.0,,,,ATX Mid Tower,-4.0,0
65.0,170.0,,,240.0,ATX Mid Tower,105.0,1
65.0,160.0,,,360.0,Micro ATX Mid Tower,95.0,1
84.0,175.0,120.0,2,240.0,ATX Full Tower,91.0,1
158.0,180.0,,,,ATX Mid Tower,22.0,1
136.0,85.0,,,,Mini ITX Tower,-51.0,0
159.0,68.0,,,,Mini ITX Tower,-91.0,0
158.0,190.0,,,,EATX Full Tower,32.0,1
62.0,47.0,,,360.0,Micro ATX Desktop,-15.0,0
156.0,67.0,,,,Mini ITX Tower,-89.0,0
135.0,55.0,,,,Mini ITX Tower,-80.0,0
155.0,68.0,,,,Mini ITX Tower,-87.0,0
154.0,170.0,,,,ATX Mid Tower,16.0,1
155.0,83.0,,,,Mini ITX Tower,-72.0,0
158.0,155.0,,,,ATX Mid Tower,-3.0,0
136.0,165.0,,,,ATX Mid Tower,29.0,1
166.0,160.0,,,,ATX Mid Tower,-6.0,0
170.0,165.0,,,,ATX Mid Tower,-5.0,0
78.0,168.0,,,,ATX Mid Tower,90.0,1
90.0,85.0,,,120.0,Mini ITX Tower,-5.0,0
69.0,170.0,,,360.0,EATX Mid Tower,101.0,1
155.0,210.0,120.0,2,,Mini ITX Tower,55.0,1
152.0,70.0,,,,Micro ATX Desktop,-82.0,0
54.0,181.0,,,420.0,ATX Mid Tower,127.0,1
157.0,165.0,,,,ATX Mid Tower,8.0,1
165.0,162.0,,,,ATX Mid Tower,-3.0,0
133.0,38.0,,,,Mini ITX Tower,-95.0,0
160.0,190.0,,,,ATX Full Tower,30.0,1
148.0,168.0,,,,Micro ATX Mini Tower,20.0,1
157.0,155.0,,,,ATX Mid Tower,-2.0,0
158.0,82.0,,,,Micro ATX Mid Tower,-76.0,0
54.0,168.0,,,360.0,ATX Mid Tower,114.0,1
123.0,170.0,,,,ATX Mid Tower,47.0,1
160.0,200.0,,,,Mini ITX Tower,40.0,1
45.0,185.0,,,,ATX Full Tower,140.0,1
135.0,180.0,,,,ATX Mid Tower,45.0,1
136.0,70.0,,,,HTPC,-66.0,0
168.0,165.0,,,,ATX Mid Tower,-3.0,0
140.0,82.0,,,,Mini ITX Tower,-58.0,0
137.0,70.0,,,,Mini ITX Tower,-67.0,0
57.0,170.0,120.0,2,240.0,ATX Mid Tower,113.0,1
158.0,58.0,,,,HTPC,-100.0,0
145.0,82.0,,,,Micro ATX Mid Tower,-63.0,0
90.0,82.0,,,120.0,Micro ATX Desktop,-8.0,0
52.0,70.0,,,360.0,HTPC,18.0,1
135.0,70.0,,,,Mini ITX Tower,-65.0,0
78.0,77.0,,,,Mini ITX Tower,-1.0,0
158.0,160.0,,,,Micro ATX Mid Tower,2.0,1
158.0,155.0,,,,Micro ATX Mini Tower,-3.0,0
136.0,135.0,,,,Micro ATX Mid Tower,-1.0,0
165.0,160.0,,,,ATX Mid Tower,-5.0,0
161.0,85.0,,,,Mini ITX Tower,-76.0,0
164.0,70.0,,,,HTPC,-94.0,0
142.0,178.0,,,,ATX Mid Tower,36.0,1
60.0,110.0,,,360.0,Mini ITX Tower,50.0,1
156.0,165.0,,,,ATX Mid Tower,9.0,1
27.0,155.0,,,,Mini ITX Tower,128.0,1
158.0,190.0,,,,ATX Full Tower,32.0,1
159.0,138.0,,,,HTPC,-21.0,0
159.0,70.0,,,,HTPC,-89.0,0
64.24,61.0,120.0,3,360.0,Mini ITX Tower,-3.24,0
158.0,180.0,,,,ATX Mid Tower,22.0,1
164.0,200.0,,,,ATX Full Tower,36.0,1
105.0,188.0,,,280.0,EATX Mid Tower,83.0,1
155.0,185.0,120.0,2,,ATX Mid Tower,30.0,1
170.0,160.0,,,,ATX Mini Tower,-10.0,0
155.0,140.0,,,,Mini ITX Tower,-15.0,0
162.0,160.0,,,,ATX Mid Tower,-2.0,0
163.0,154.0,,,,Micro ATX Mid Tower,-9.0,0
154.0,185.0,,,,ATX Mid Tower,31.0,1
159.0,170.0,,,,ATX Mid Tower,11.0,1
165.0,68.0,,,,Mini ITX Tower,-97.0,0
147.0,77.0,,,,Mini ITX Tower,-70.0,0
158.0,83.0,,,,Mini ITX Tower,-75.0,0
162.0,160.0,,,,Micro ATX Mini Tower,-2.0,0
37.0,190.0,,,,ATX Full Tower,153.0,1
158.0,160.0,,,,Micro ATX Mid Tower,2.0,1
157.0,70.0,120.0,2,,Mini ITX Tower,-87.0,0
150.0,114.0,,,,Mini ITX Tower,-36.0,0
161.0,160.0,,,,EATX Mid Tower,-1.0,0
158.0,155.0,,,,Micro ATX Mini Tower,-3.0,0
81.0,155.0,,,,Micro ATX Mini Tower,74.0,1
160.0,160.0,,,,EATX Mid Tower,0.0,1
154.0,155.0,,,,Micro ATX Mini Tower,1.0,1
55.0,165.0,,,,ATX Mid Tower,110.0,1
160.0,81.0,,,,Micro ATX Slim Tower,-79.0,0
159.0,166.0,,,,ATX Mid Tower,7.0,1
123.0,82.0,,,,Micro ATX Desktop,-41.0,0
163.0,210.0,,,,Micro ATX Mini Tower,47.0,1
66.0,160.0,,,360.0,ATX Mid Tower,94.0,1
53.0,185.0,120.0,3,240.0,ATX Mid Tower,132.0,1
159.0,170.0,,,,ATX Mid Tower,11.0,1
171.0,184.0,,,,ATX Mid Tower,13.0,1
160.0,185.0,,,,ATX Mid Tower,25.0,1
172.0,166.0,,,,ATX Mid Tower,-6.0,0
49.0,180.0,,,240.0,ATX Mid Tower,131.0,1
47.0,210.0,,,240.0,ATX Mid Tower,163.0,1
154.0,170.0,,,,ATX Mid Tower,16.0,1
165.0,70.0,,,,Mini ITX Tower,-95.0,0
135.0,110.0,120.0,1,,Mini ITX Tower,-25.0,0
69.0,61.0,,,360.0,Mini ITX Tower,-8.0,0
152.0,67.0,,,,Mini ITX Tower,-85.0,0
154.0,70.0,,,,Mini ITX Tower,-84.0,0
62.0,165.0,,,360.0,ATX Mid Tower,103.0,1
155.0,67.0,,,,Mini ITX Tower,-88.0,0
143.0,77.0,,,,Mini ITX Tower,-66.0,0
160.0,156.0,,,,Micro ATX Mid Tower,-4.0,0
156.0,120.0,,,,Mini ITX Tower,-36.0,0
157.0,167.0,,,,Micro ATX Mini Tower,10.0,1
62.0,190.0,,,,ATX Mid Tower,128.0,1
155.0,148.0,,,,Micro ATX Mini Tower,-7.0,0
116.0,180.0,,,,ATX Mid Tower,64.0,1
158.0,173.0,,,,ATX Mid Tower,15.0,1
50.0,160.0,,,360.0,ATX Mid Tower,110.0,1
159.0,165.0,,,,ATX Mid Tower,6.0,1
155.0,65.0,,,,Mini ITX Tower,-90.0,0
133.0,185.0,,,,ATX Mid Tower,52.0,1
135.0,120.0,92.0,,,Mini ITX Tower,-15.0,0
155.0,190.0,120.0,1,,ATX Full Tower,35.0,1
159.0,138.0,,,,HTPC,-21.0,0
123.0,160.0,,,,ATX Mid Tower,37.0,1
158.0,165.0,,,,ATX Mid Tower,7.0,1
165.0,68.0,,,,Mini ITX Tower,-97.0,0
110.0,68.0,,,,Mini ITX Tower,-42.0,0
155.0,82.0,,,,Micro ATX Desktop,-73.0,0
135.0,180.0,,,,ATX Mid Tower,45.0,1
150.0,68.0,,,,Mini ITX Tower,-82.0,0
160.0,140.0,,,,Mini ITX Tower,-20.0,0
162.0,50.0,135.0,2,,Mini ITX Tower,-112.0,0
130.0,175.0,,,,Mini ITX Tower,45.0,1
154.0,140.0,,,,Mini ITX Tower,-14.0,0
63.0,165.0,,,360.0,ATX Mid Tower,102.0,1
47.0,170.0,,,,ATX Mid Tower,123.0,1
166.0,187.0,120.0,,,ATX Mid Tower,21.0,1
158.0,190.0,,,,ATX Mid Tower,32.0,1
156.0,165.0,,,,Micro ATX Mini Tower,9.0,1
165.0,155.0,,,,Mini ITX Tower,-10.0,0
155.0,140.0,,,,Micro ATX Mini Tower,-15.0,0
160.0,160.0,,,,ATX Mid Tower,0.0,1
166.0,165.0,,,,ATX Mid Tower,-1.0,0
160.0,158.0,,,,Micro ATX Desktop,-2.0,0
116.0,90.0,120.0,2,240.0,Micro ATX Desktop,-26.0,0
165.0,162.0,,,,Micro ATX Mid Tower,-3.0,0
158.0,180.0,,,,ATX Mid Tower,22.0,1
150.0,160.0,,,,Micro ATX Mini Tower,10.0,1
65.0,163.0,,,,ATX Mid Tower,98.0,1
68.0,180.0,,,240.0,ATX Mid Tower,112.0,1
154.0,160.0,,,,ATX Mid Tower,6.0,1
125.0,180.0,,,,ATX Mid Tower,55.0,1
165.0,158.75,120.0,2,,ATX Mid Tower,-6.25,0
69.0,67.0,,,360.0,Mini ITX Tower,-2.0,0
152.0,140.0,120.0,1,,Mini ITX Tower,-12.0,0
164.0,70.0,,,,Mini ITX Tower,-94.0,0
152.0,210.0,,,,ATX Mid Tower,58.0,1
66.0,150.0,,,360.0,ATX Mid Tower,84.0,1
160.0,138.0,,,,HTPC,-22.0,0
154.0,170.0,,,,ATX Mid Tower,16.0,1
78.0,77.0,,,360.0,Mini ITX Tower,-1.0,0
59.0,170.0,,,360.0,ATX Mid Tower,111.0,1
155.0,168.0,,,,ATX Mid Tower,13.0,1
62.0,185.0,,,360.0,ATX Mid Tower,123.0,1
54.0,155.0,,,420.0,ATX Mid Tower,101.0,1
55.0,210.0,,,,ATX Mid Tower,155.0,1
158.0,70.0,,,,HTPC,-88.0,0
160.0,180.0,,,,ATX Mid Tower,20.0,1
154.0,70.0,,,,Mini ITX Tower,-84.0,0
165.0,158.75,,,,ATX Mid Tower,-6.25,0
94.0,81.0,100.0,1,,Micro ATX Slim Tower,-13.0,0
40.0,150.0,,,,Micro ATX Mini Tower,110.0,1
45.0,164.0,,,,Micro ATX Mini Tower,119.0,1
157.0,174.0,,,,ATX Mid Tower,17.0,1
150.0,170.0,,,,ATX Mid Tower,20.0,1
47.0,171.0,,,,ATX Mid Tower,124.0,1
154.0,200.0,,,,Mini ITX Tower,46.0,1
157.0,85.0,,,,Mini ITX Tower,-72.0,0
125.0,178.0,,,,ATX Mid Tower,53.0,1
159.0,154.0,,,,Micro ATX Mid Tower,-5.0,0
141.0,185.0,,,,Micro ATX Mid Tower,44.0,1
163.0,279.0,,,,ATX Mid Tower,116.0,1
168.0,165.0,,,,ATX Mid Tower,-3.0,0
137.0,75.0,,,,Mini ITX Tower,-62.0,0
158.0,157.0,,,,ATX Mid Tower,-1.0,0
165.0,160.0,,,,Micro ATX Mini Tower,-5.0,0
169.0,160.0,,,,ATX Mid Tower,-9.0,0
50.0,160.0,,,360.0,ATX Mid Tower,110.0,1
160.0,61.0,,,,Mini ITX Tower,-99.0,0
158.0,155.0,,,,Micro ATX Mid Tower,-3.0,0
159.0,150.0,,,,Micro ATX Mini Tower,-9.0,0
62.0,165.0,,,240.0,ATX Mid Tower,103.0,1
152.0,70.0,,,,Mini ITX Tower,-82.0,0
154.0,190.0,,,,ATX Mid Tower,36.0,1
133.0,70.0,,,,Mini ITX Tower,-63.0,0
130.0,70.0,,,,Mini ITX Tower,-60.0,0
69.0,65.0,,,240.0,HTPC,-4.0,0
161.0,160.0,,,,ATX Mid Tower,-1.0,0
162.0,155.0,,,,ATX Full Tower,-7.0,0
51.0,190.0,,,240.0,ATX Mid Tower,139.0,1
159.0,83.0,,,,Mini ITX Tower,-76.0,0
158.0,160.0,,,,Micro ATX Mid Tower,2.0,1
47.6,170.0,120.0,2,240.0,ATX Mid Tower,122.4,1
172.0,67.0,,,,Mini ITX Tower,-105.0,0
164.0,161.0,,,,ATX Mid Tower,-3.0,0
62.0,167.0,,,,Mini ITX Tower,105.0,1
60.0,165.0,,,280.0,Micro ATX Mini Tower,105.0,1
93.0,210.0,,,,ATX Mid Tower,117.0,1
159.0,160.0,,,,Micro ATX Mini Tower,1.0,1
47.0,170.0,,,360.0,ATX Mid Tower,123.0,1
152.0,70.0,120.0,1,,HTPC,-82.0,0
169.0,165.0,120.0,2,,ATX Mid Tower,-4.0,0
168.0,170.0,,,,ATX Mid Tower,2.0,1
157.0,120.0,,,,Mini ITX Tower,-37.0,0
81.0,165.0,,,,ATX Mid Tower,84.0,1
158.0,70.0,140.0,2,,HTPC,-88.0,0
157.0,140.0,,,,Mini ITX Tower,-17.0,0
100.0,67.0,,,,Mini ITX Tower,-33.0,0
171.0,190.0,,,,Mini ITX Tower,19.0,1
155.0,187.0,,,,ATX Mid Tower,32.0,1
84.0,185.0,,,,ATX Mid Tower,101.0,1
161.0,146.0,,,,ATX Mid Tower,-15.0,0
150.0,180.0,,,,ATX Mid Tower,30.0,1
70.0,188.0,,,360.0,ATX Mid Tower,118.0,1
165.0,160.0,120.0,2,,ATX Mid Tower,-5.0,0
157.0,165.0,,,,ATX Mid Tower,8.0,1
54.0,210.0,,,,Mini ITX Tower,156.0,1
47.0,156.0,,,,ATX Mid Tower,109.0,1
164.0,163.0,,,,ATX Mid Tower,-1.0,0
110.0,177.0,,,,ATX Full Tower,67.0,1
63.0,178.0,,,,ATX Mid Tower,115.0,1
160.0,159.0,,,,Micro ATX Mini Tower,-1.0,0
157.0,170.0,,,,ATX Mid Tower,13.0,1
166.0,166.0,,,,ATX Mid Tower,0.0,1
159.0,58.0,,,,HTPC,-101.0,0
165.0,160.0,,,,EATX Mid Tower,-5.0,0
150.0,70.0,,,,Micro ATX Desktop,-80.0,0
156.0,185.0,,,,ATX Mid Tower,29.0,1
38.0,165.0,,,240.0,ATX Mid Tower,127.0,1
131.0,195.0,,,,ATX Full Tower,64.0,1
67.0,182.0,,,,ATX Mid Tower,115.0,1
156.0,162.0,,,,ATX Mid Tower,6.0,1
160.0,159.0,,,,ATX Mid Tower,-1.0,0
164.0,68.0,,,,Mini ITX Tower,-96.0,0
63.0,61.0,,,,Mini ITX Tower,-2.0,0
155.0,190.0,120.0,2,,ATX Mid Tower,35.0,1
77.0,155.0,,,,Micro ATX Mini Tower,78.0,1
123.0,172.0,,,,ATX Mid Tower,49.0,1
155.0,70.0,120.0,2,,Mini ITX Tower,-85.0,0
165.0,159.0,,,,Micro ATX Mid Tower,-6.0,0
154.0,120.0,,,,Mini ITX Tower,-34.0,0
155.0,190.0,,,,ATX Full Tower,35.0,1
157.0,85.0,,,,Mini ITX Tower,-72.0,0
130.0,165.0,,,,Micro ATX Mini Tower,35.0,1
68.0,165.0,,,,ATX Mid Tower,97.0,1
157.0,83.0,,,,Mini ITX Tower,-74.0,0
27.0,175.0,120.0,3,360.0,ATX Mid Tower,148.0,1
158.0,155.0,,,,ATX Mid Tower,-3.0,0
94.0,38.0,120.0,3,360.0,Mini ITX Tower,-56.0,0
37.0,190.0,92.0,1,,ATX Full Tower,153.0,1
160.0,140.0,120.0,2,,Mini ITX Tower,-20.0,0
154.0,83.0,,,,Mini ITX Tower,-71.0,0
77.7,70.0,120.0,3,360.0,HTPC,-7.7,0
153.0,67.0,,,,Mini ITX Tower,-86.0,0
160.0,145.0,,,,ATX Mid Tower,-15.0,0
125.0,175.0,,,,ATX Mid Tower,50.0,1
169.0,50.0,,,,Mini ITX Tower,-119.0,0
159.0,168.0,,,,ATX Mid Tower,9.0,1
158.0,61.0,,,,Mini ITX Tower,-97.0,0
58.0,190.0,,,360.0,ATX Mid Tower,132.0,1
154.0,82.0,,,,Micro ATX Mini Tower,-72.0,0
166.0,160.0,,,,Micro ATX Mini Tower,-6.0,0
158.0,67.0,,,,Mini ITX Tower,-91.0,0
169.0,165.0,,,,ATX Mid Tower,-4.0,0
134.0,160.0,,,,Micro ATX Mini Tower,26.0,1
163.0,160.0,,,,Micro ATX Mini Tower,-3.0,0
165.0,150.0,,,,ATX Mid Tower,-15.0,0
165.0,170.0,,,,ATX Mid Tower,5.0,1
156.0,155.0,,,,ATX Mid Tower,-1.0,0
158.0,170.0,,,,ATX Mid Tower,12.0,1
155.0,67.0,,,,Mini ITX Tower,-88.0,0
166.0,160.0,,,,ATX Mid Tower,-6.0,0
159.0,155.0,120.0,1,,ATX Mid Tower,-4.0,0
159.0,61.0,,,,Mini ITX Tower,-98.0,0
46.0,165.0,120.0,3,360.0,ATX Mid Tower,119.0,1
125.0,83.0,,,,Mini ITX Tower,-42.0,0
161.0,67.0,,,,Mini ITX Tower,-94.0,0
154.0,70.0,,,,Mini ITX Tower,-84.0,0
158.0,155.0,,,,Micro ATX Mid Tower,-3.0,0
68.5,168.0,140.0,2,280.0,Micro ATX Mini Tower,99.5,1
52.0,160.0,,,,Micro ATX Mini Tower,108.0,1
135.0,82.0,,,,Micro ATX Desktop,-53.0,0
68.0,57.0,,,,Micro ATX Desktop,-11.0,0
162.0,170.0,,,,ATX Mid Tower,8.0,1
164.0,158.0,,,,ATX Mid Tower,-6.0,0
68.5,161.0,140.0,2,280.0,ATX Mid Tower,92.5,1
160.0,120.0,,,,Mini ITX Tower,-40.0,0
159.0,180.0,,,,Micro ATX Mini Tower,21.0,1
52.0,48.0,,,240.0,Mini ITX Tower,-4.0,0
162.0,185.0,,,,ATX Mid Tower,23.0,1
166.0,155.0,,,,ATX Mid Tower,-11.0,0
161.0,180.0,,,,ATX Mid Tower,19.0,1
163.0,70.0,,,,Mini ITX Tower,-93.0,0
160.0,65.0,,,,Mini ITX Tower,-95.0,0
60.0,165.0,120.0,3,360.0,Micro ATX Mini Tower,105.0,1
144.0,180.0,,,,ATX Mid Tower,36.0,1
186.0,180.0,120.0,3,360.0,ATX Mid Tower,-6.0,0
153.0,75.0,,,,Micro ATX Mini Tower,-78.0,0
162.0,160.0,,,,Micro ATX Mini Tower,-2.0,0
165.0,61.0,,,,Mini ITX Tower,-104.0,0
164.0,160.0,,,,Micro ATX Mid Tower,-4.0,0
160.0,70.0,,,,Mini ITX Tower,-90.0,0
59.0,173.0,,,360.0,ATX Mid Tower,114.0,1
156.0,140.0,,,,Micro ATX Mini Tower,-16.0,0
158.0,57.0,,,,Micro ATX Desktop,-101.0,0
158.0,167.0,,,,ATX Mid Tower,9.0,1
154.0,193.0,,,,ATX Full Tower,39.0,1
151.0,165.0,120.0,2,,Micro ATX Mini Tower,14.0,1
73.0,187.0,120.0,3,360.0,ATX Mid Tower,114.0,1
45.0,170.0,,,,ATX Full Tower,125.0,1
155.0,165.0,,,,ATX Mid Tower,10.0,1
161.0,161.0,,,,ATX Mid Tower,0.0,1
90.0,178.0,,,120.0,ATX Mid Tower,88.0,1
159.0,68.0,,,,Mini ITX Tower,-91.0,0
136.0,57.0,,,,Mini ITX Tower,-79.0,0
155.0,178.0,,,,ATX Mid Tower,23.0,1
158.0,156.0,140.0,2,,ATX Mid Tower,-2.0,0
62.0,175.0,,,240.0,ATX Full Tower,113.0,1
68.5,158.0,120.0,3,360.0,ATX Full Tower,89.5,1
72.0,160.0,120.0,3,360.0,ATX Mid Tower,88.0,1
164.0,70.0,,,,Mini ITX Tower,-94.0,0
130.0,65.0,,,,Micro ATX Mini Tower,-65.0,0
157.0,150.0,,,,Micro ATX Mini Tower,-7.0,0
166.0,165.0,,,,ATX Mid Tower,-1.0,0
160.0,83.0,,,,Mini ITX Tower,-77.0,0
58.0,165.0,,,,ATX Mid Tower,107.0,1
160.0,155.0,,,,Micro ATX Mid Tower,-5.0,0
60.0,158.0,140.0,2,280.0,ATX Mid Tower,98.0,1
154.0,138.0,,,,HTPC,-16.0,0
157.0,138.0,,,,HTPC,-19.0,0
72.0,38.0,,,240.0,Mini ITX Tower,-34.0,0
67.0,200.0,,,,Mini ITX Tower,133.0,1
36.0,160.0,92.0,1,,ATX Mid Tower,124.0,1
157.0,173.0,120.0,2,,ATX Mid Tower,16.0,1
157.0,155.0,,,,Micro ATX Mid Tower,-2.0,0
82.0,165.0,,,,ATX Mid Tower,83.0,1
168.0,77.0,,,,Mini ITX Tower,-91.0,0
162.0,180.0,,,,ATX Mid Tower,18.0,1
158.0,61.0,,,,Mini ITX Tower,-97.0,0
159.0,155.0,,,,ATX Mid Tower,-4.0,0
166.0,165.0,,,,ATX Mid Tower,-1.0,0
155.0,176.0,,,,ATX Mid Tower,21.0,1
65.0,166.0,,,240.0,ATX Mid Tower,101.0,1
167.0,160.0,,,,Micro ATX Mini Tower,-7.0,0
163.0,77.0,120.0,,,Mini ITX Tower,-86.0,0
46.0,170.0,120.0,3,360.0,EATX Mid Tower,124.0,1
159.0,157.0,,,,Micro ATX Mini Tower,-2.0,0
69.0,180.0,,,,ATX Mid Tower,111.0,1
155.0,190.0,,,,ATX Full Tower,35.0,1
158.0,178.0,,,,,20.0,1
79.0,61.0,,,360.0,Mini ITX Tower,-18.0,0
154.0,150.0,,,,ATX Mid Tower,-4.0,0
158.0,150.0,,,,ATX Mid Tower,-8.0,0
155.0,135.0,,,,Micro ATX Mid Tower,-20.0,0
157.0,120.0,,,,Mini ITX Tower,-37.0,0
167.0,165.0,,,,ATX Mid Tower,-2.0,0
171.0,185.0,,,,ATX Full Tower,14.0,1
155.0,140.0,,,,Mini ITX Tower,-15.0,0
160.0,155.0,,,,Micro ATX Mini Tower,-5.0,0
68.4,82.0,120.0,3,360.0,Micro ATX Mini Tower,13.6,1
164.0,160.0,,,,ATX Mini Tower,-4.0,0
125.0,70.0,,,,Micro ATX Desktop,-55.0,0
165.0,155.0,,,,Mini ITX Tower,-10.0,0
150.0,82.0,,,,Mini ITX Tower,-68.0,0
165.0,156.0,,,,ATX Mid Tower,-9.0,0
159.0,190.0,,,,EATX Mid Tower,31.0,1
165.0,70.0,,,,Mini ITX Tower,-95.0,0
159.0,180.0,120.0,1,,ATX Mid Tower,21.0,1
160.0,151.0,,,,Micro ATX Mini Tower,-9.0,0
152.0,146.0,,,,ATX Mid Tower,-6.0,0
160.0,85.0,,,,Mini ITX Tower,-75.0,0
165.0,160.0,,,,ATX Mid Tower,-5.0,0
60.0,45.0,120.0,2,240.0,Mini ITX Tower,-15.0,0
131.0,67.0,,,,Mini ITX Tower,-64.0,0
125.0,83.0,,,,Mini ITX Tower,-42.0,0
150.0,68.0,,,,Mini ITX Tower,-82.0,0
160.0,158.0,,,,Micro ATX Mini Tower,-2.0,0
127.0,165.0,,,,Micro ATX Mini Tower,38.0,1
158.0,160.0,,,,ATX Mid Tower,2.0,1
155.0,150.0,,,,Mini ITX Tower,-5.0,0
155.0,166.0,,,,ATX Mid Tower,11.0,1
51.0,160.0,,,240.0,ATX Mid Tower,109.0,1
150.0,67.0,,,,Mini ITX Tower,-83.0,0
166.0,58.0,,,,HTPC,-108.0,0
146.0,70.0,,,,Mini ITX Tower,-76.0,0
165.0,180.0,,,,ATX Mid Tower,15.0,1
116.0,38.0,140.0,2,280.0,Mini ITX Tower,-78.0,0
154.0,175.0,,,,ATX Mid Tower,21.0,1
56.0,156.0,,,,Micro ATX Mid Tower,100.0,1
157.0,185.0,,,,EATX Mid Tower,28.0,1
154.0,185.0,,,,ATX Full Tower,31.0,1
36.0,166.0,,,,ATX Mid Tower,130.0,1
122.0,58.0,,,,HTPC,-64.0,0
64.0,170.0,,,,ATX Mid Tower,106.0,1
150.0,175.0,,,,EATX Full Tower,25.0,1
55.0,173.0,,,360.0,Micro ATX Mini Tower,118.0,1
55.0,130.0,,,240.0,Mini ITX Tower,75.0,1
156.0,190.0,,,,ATX Full Tower,34.0,1
169.0,65.0,,,,Micro ATX Mini Tower,-104.0,0
125.0,77.0,,,,Mini ITX Tower,-48.0,0
155.0,135.0,,,,Micro ATX Mid Tower,-20.0,0
52.0,176.0,120.0,2,240.0,ATX Mid Tower,124.0,1
159.0,155.0,120.0,1,,ATX Mid Tower,-4.0,0
73.0,160.0,120.0,2,240.0,ATX Mid Tower,87.0,1
148.0,166.0,,,,ATX Mid Tower,18.0,1
116.0,165.0,,,,ATX Mid Tower,49.0,1
62.0,47.0,,,360.0,Micro ATX Desktop,-15.0,0
159.0,185.0,,,,ATX Mid Tower,26.0,1
129.0,175.0,,,,Micro ATX Mid Tower,46.0,1
155.0,158.75,,,,ATX Mid Tower,3.75,1
82.0,65.0,,3,360.0,Mini ITX Tower,-17.0,0
65.0,190.0,,,,EATX Mid Tower,125.0,1
42.0,165.0,,,360.0,ATX Mid Tower,123.0,1
155.0,185.0,,,,ATX Mid Tower,30.0,1
63.0,190.0,,,360.0,ATX Full Tower,127.0,1
157.0,155.0,,,,Micro ATX Mid Tower,-2.0,0
126.0,48.0,,,,Mini ITX Tower,-78.0,0
101.0,190.0,120.0,3,360.0,EATX Full Tower,89.0,1
155.0,185.0,,,,ATX Mid Tower,30.0,1
154.0,67.0,,,,Mini ITX Tower,-87.0,0
158.0,180.0,,,,ATX Mid Tower,22.0,1
157.0,158.0,,,,ATX Mid Tower,1.0,1
155.0,175.0,120.0,1,,EATX Full Tower,20.0,1
56.0,170.0,,,240.0,ATX Full Tower,114.0,1
136.0,83.0,,,,Mini ITX Tower,-53.0,0
154.0,148.0,,,,ATX Mid Tower,-6.0,0
162.0,160.0,,,,ATX Mid Tower,-2.0,0
158.0,180.5,,,,EATX Mid Tower,22.5,1
154.0,67.0,,,,Mini ITX Tower,-87.0,0
158.0,146.0,,,,HTPC,-12.0,0
157.0,155.0,,,,Micro ATX Mid Tower,-2.0,0
56.0,160.0,,,360.0,Micro ATX Mini Tower,104.0,1
170.0,163.0,,,,ATX Mid Tower,-7.0,0
148.0,187.0,,,,Micro ATX Mid Tower,39.0,1
154.0,151.0,,,,Micro ATX Mini Tower,-3.0,0
160.0,159.0,,,,Micro ATX Mid Tower,-1.0,0
155.0,160.0,120.0,2,,ATX Mid Tower,5.0,1
45.0,90.0,,,,Micro ATX Desktop,45.0,1
155.0,190.0,,,,ATX Full Tower,35.0,1
157.0,156.0,,,,ATX Mid Tower,-1.0,0
60.0,210.0,,,240.0,ATX Mid Tower,150.0,1
157.0,210.0,,,,Mini ITX Tower,53.0,1
45.0,180.0,,,,HTPC,135.0,1
147.0,160.0,,,,Micro ATX Mid Tower,13.0,1
65.0,170.0,,,,ATX Mid Tower,105.0,1
168.0,165.0,,,,ATX Mid Tower,-3.0,0
158.0,184.0,,,,ATX Mid Tower,26.0,1
93.0,170.0,,,,ATX Mid Tower,77.0,1
55.0,190.0,120.0,2,240.0,ATX Full Tower,135.0,1
157.0,156.0,,,,ATX Mid Tower,-1.0,0
86.4,175.0,120.0,3,360.0,ATX Mid Tower,88.6,1
105.0,210.0,,,280.0,ATX Mid Tower,105.0,1
50.0,179.0,,,360.0,ATX Mid Tower,129.0,1
171.0,156.0,,,,ATX Mid Tower,-15.0,0
159.0,155.0,,,,Micro ATX Mini Tower,-4.0,0
166.0,180.0,120.0,,,ATX Mid Tower,14.0,1
41.0,164.0,,,,Micro ATX Mini Tower,123.0,1
168.0,165.0,120.0,,,ATX Mid Tower,-3.0,0
159.0,165.0,,,,Micro ATX Mini Tower,6.0,1
163.0,155.0,,,,ATX Full Tower,-8.0,0
164.0,55.0,,,,Mini ITX Tower,-109.0,0
168.0,155.0,,,,ATX Full Tower,-13.0,0
154.0,160.0,,,,Micro ATX Mid Tower,6.0,1
55.0,186.0,,,360.0,ATX Full Tower,131.0,1
53.0,180.0,120.0,3,360.0,ATX Mid Tower,127.0,1
160.0,158.75,,,,ATX Mid Tower,-1.25,0
131.0,173.0,,,,Micro ATX Mini Tower,42.0,1
155.0,150.0,120.0,,,ATX Mid Tower,-5.0,0
74.0,175.0,,,,ATX Mid Tower,101.0,1
68.0,180.0,140.0,3,420.0,ATX Mid Tower,112.0,1
56.0,171.0,,,360.0,ATX Mid Tower,115.0,1
37.0,158.0,,,,ATX Mid Tower,121.0,1
155.0,163.5,120.0,,,Micro ATX Mid Tower,8.5,1
77.0,50.0,,,,Mini ITX Tower,-27.0,0
158.0,170.0,,,,ATX Mid Tower,12.0,1
37.0,160.0,,,,ATX Mid Tower,123.0,1
152.0,185.0,,,,ATX Mid Tower,33.0,1
171.0,160.0,,,,ATX Mid Tower,-11.0,0
52.0,165.0,,,240.0,Mini ITX Tower,113.0,1
167.0,50.0,,,,Mini ITX Tower,-117.0,0
159.0,162.0,,,,Micro ATX Mid Tower,3.0,1
52.0,45.0,140.0,2,280.0,Mini ITX Tower,-7.0,0
151.0,70.0,,,,Micro ATX Desktop,-81.0,0
94.0,82.0,100.0,1,,Micro ATX Desktop,-12.0,0
118.0,185.0,,,,ATX Mid Tower,67.0,1
162.0,160.0,,,,ATX Mid Tower,-2.0,0
170.0,65.0,,,,Mini ITX Tower,-105.0,0
116.0,160.0,120.0,2,240.0,ATX Mid Tower,44.0,1
68.0,173.0,120.0,3,360.0,ATX Mid Tower,105.0,1
154.0,180.5,,,,EATX Mid Tower,26.5,1
54.0,165.0,,,120.0,ATX Mid Tower,111.0,1
60.0,160.0,,,,ATX Mid Tower,100.0,1
154.0,187.0,,,,ATX Mid Tower,33.0,1
55.0,170.0,,,,ATX Mid Tower,115.0,1
153.0,155.0,,,,ATX Mid Tower,2.0,1
158.0,155.0,,,,ATX Mid Tower,-3.0,0
125.0,170.0,,,,Mini ITX Tower,45.0,1
153.0,165.0,,,,Micro ATX Mini Tower,12.0,1
164.0,163.5,,,,Micro ATX Mid Tower,-0.5,0
154.0,150.0,,,,ATX Mid Tower,-4.0,0
154.0,110.0,,,,Mini ITX Tower,-44.0,0
70.0,180.0,,,360.0,ATX Mid Tower,110.0,1
159.0,70.0,,,,Mini ITX Tower,-89.0,0
170.0,167.0,,,,Mini ITX Tower,-3.0,0
154.0,67.0,,,,Mini ITX Tower,-87.0,0
63.0,160.0,,,,ATX Mid Tower,97.0,1
148.0,173.0,,,,ATX Mid Tower,25.0,1
69.0,160.0,,,,ATX Mid Tower,91.0,1
125.0,166.0,,,240.0,ATX Mid Tower,41.0,1
159.0,163.0,,,,ATX Mid Tower,4.0,1
158.0,148.0,,,,Micro ATX Mid Tower,-10.0,0
70.0,185.0,,,,ATX Mid Tower,115.0,1
114.0,166.0,,,,ATX Mid Tower,52.0,1
123.0,190.0,,,,ATX Mid Tower,67.0,1
168.0,163.0,120.0,,,ATX Mid Tower,-5.0,0
153.0,70.0,,,,Mini ITX Tower,-83.0,0
60.0,158.75,,,,ATX Mid Tower,98.75,1
122.0,178.0,,,,ATX Mid Tower,56.0,1
63.0,61.0,,,360.0,Mini ITX Tower,-2.0,0
154.0,151.0,,,,Micro ATX Mini Tower,-3.0,0
158.0,61.0,,,,Mini ITX Tower,-97.0,0
156.0,65.0,,,,HTPC,-91.0,0
155.0,170.0,120.0,1,,ATX Mid Tower,15.0,1
48.0,187.0,,,,ATX Mid Tower,139.0,1
52.0,48.0,,,120.0,Mini ITX Tower,-4.0,0
40.0,83.0,120.0,2,240.0,Mini ITX Tower,43.0,1
155.0,156.0,,,,ATX Mid Tower,1.0,1
52.0,150.0,,,240.0,ATX Mid Tower,98.0,1
157.0,110.0,120.0,2,,Mini ITX Tower,-47.0,0
64.0,170.0,,,,ATX Mid Tower,106.0,1
155.0,85.0,,,,Mini ITX Tower,-70.0,0
154.0,165.0,,,,ATX Mid Tower,11.0,1
165.0,160.0,,,,Micro ATX Mid Tower,-5.0,0
154.0,138.0,,,,HTPC,-16.0,0
59.0,138.0,,,,HTPC,79.0,1
164.0,170.0,,,,ATX Mid Tower,6.0,1
160.0,155.0,,,,Micro ATX Mid Tower,-5.0,0
171.0,160.0,,,,ATX Mid Tower,-11.0,0
153.0,151.0,,,,Micro ATX Mini Tower,-2.0,0
166.0,77.0,,,,Mini ITX Tower,-89.0,0
101.0,173.0,120.0,3,360.0,Micro ATX Mini Tower,72.0,1
138.0,169.0,,,,ATX Mid Tower,31.0,1
167.0,160.0,,,,ATX Mid Tower,-7.0,0
160.0,180.0,,,,ATX Mid Tower,20.0,1
66.0,48.0,,,,Mini ITX Tower,-18.0,0
107.0,61.0,120.0,3,360.0,Mini ITX Tower,-46.0,0
30.0,165.0,120.0,2,360.0,ATX Mid Tower,135.0,1
150.0,180.0,,,,ATX Mid Tower,30.0,1
60.0,160.0,,,,ATX Mid Tower,100.0,1
90.0,165.0,,,240.0,Micro ATX Mini Tower,75.0,1
69.0,180.0,,,,ATX Mid Tower,111.0,1
68.0,170.0,,,420.0,ATX Mid Tower,102.0,1
68.0,181.0,,,360.0,ATX Mid Tower,113.0,1
160.0,145.0,,,,ATX Mid Tower,-15.0,0
125.0,180.0,,,,ATX Mid Tower,55.0,1
158.0,156.0,,,,Micro ATX Mid Tower,-2.0,0
169.0,161.0,,,,ATX Mid Tower,-8.0,0
153.0,61.0,,,,Mini ITX Tower,-92.0,0
154.0,95.0,,,,ATX Mid Tower,-59.0,0
154.0,170.0,,,,ATX Mid Tower,16.0,1
65.0,158.0,,,360.0,Micro ATX Mini Tower,93.0,1
69.0,170.0,120.0,2,240.0,ATX Mid Tower,101.0,1
155.0,180.0,,,,ATX Mid Tower,25.0,1
157.0,173.0,,,,Micro ATX Mini Tower,16.0,1
55.0,187.0,,,,ATX Mid Tower,132.0,1
158.0,176.0,140.0,2,,ATX Full Tower,18.0,1
163.0,171.0,,,,ATX Mid Tower,8.0,1
28.0,155.0,,,,ATX Mid Tower,127.0,1
164.0,75.0,,,,Micro ATX Mini Tower,-89.0,0
159.0,67.0,120.0,,,Mini ITX Tower,-92.0,0
154.0,190.0,,,,EATX Full Tower,36.0,1
155.0,85.0,,,,Mini ITX Tower,-70.0,0
157.0,70.0,,,,Micro ATX Desktop,-87.0,0
144.0,83.0,,,,Mini ITX Tower,-61.0,0
60.0,157.0,120.0,,360.0,ATX Mid Tower,97.0,1
125.0,160.0,,,,ATX Mid Tower,35.0,1
172.0,82.0,,,,Micro ATX Desktop,-90.0,0
62.0,185.0,,,360.0,ATX Mid Tower,123.0,1
154.0,145.0,,,,ATX Mid Tower,-9.0,0
71.0,170.0,,,,ATX Mid Tower,99.0,1
136.0,165.0,,,,ATX Mid Tower,29.0,1
94.0,170.0,100.0,1,,ATX Mid Tower,76.0,1
122.0,170.0,,,,ATX Mid Tower,48.0,1
155.0,140.0,,,,Mini ITX Tower,-15.0,0
166.0,160.0,,,,ATX Mid Tower,-6.0,0
165.0,180.0,,,,ATX Mid Tower,15.0,1
154.0,200.0,,,,ATX Full Tower,46.0,1
153.0,50.0,,,,Mini ITX Tower,-103.0,0
159.0,82.0,,,,Micro ATX Desktop,-77.0,0
159.0,180.0,,,,ATX Mid Tower,21.0,1
165.0,70.0,,,,Mini ITX Tower,-95.0,0
158.0,155.0,,,,Micro ATX Mini Tower,-3.0,0
137.0,180.5,,,,EATX Mid Tower,43.5,1
148.0,166.0,,,,ATX Mid Tower,18.0,1
157.0,77.0,,,,HTPC,-80.0,0
164.0,162.0,,,,Micro ATX Mid Tower,-2.0,0
154.0,165.0,,,,ATX Mid Tower,11.0,1
146.0,175.0,,,,ATX Mid Tower,29.0,1
154.0,67.0,,,,Mini ITX Tower,-87.0,0
165.0,170.0,,,,ATX Mid Tower,5.0,1
47.0,150.0,,,240.0,Micro ATX Mid Tower,103.0,1
156.0,160.0,,,,ATX Mid Tower,4.0,1
162.0,165.0,,,,ATX Mid Tower,3.0,1
77.0,205.0,,,,ATX Full Tower,128.0,1
60.0,155.0,,,280.0,ATX Mid Tower,95.0,1
154.0,168.0,,,,Micro ATX Mini Tower,14.0,1
160.0,175.0,,,,EATX Full Tower,15.0,1
166.0,162.0,,,,Micro ATX Mid Tower,-4.0,0
155.0,70.0,,,,HTPC,-85.0,0
157.0,67.0,,,,Mini ITX Tower,-90.0,0
166.0,168.0,,,,ATX Mid Tower,2.0,1
55.0,170.0,,,240.0,ATX Mid Tower,115.0,1
36.0,175.0,,,240.0,ATX Mid Tower,139.0,1
162.0,82.0,,,,Micro ATX Mid Tower,-80.0,0
65.0,165.0,,,,ATX Mid Tower,100.0,1
53.0,157.0,95.0,2,,Micro ATX Mini Tower,104.0,1
52.0,65.0,,,360.0,Micro ATX Mini Tower,13.0,1
156.0,155.0,,,,ATX Mid Tower,-1.0,0
135.0,170.0,,,,ATX Mid Tower,35.0,1
62.0,190.0,,,240.0,ATX Full Tower,128.0,1
62.0,210.0,120.0,3,360.0,ATX Mid Tower,148.0,1
110.0,83.0,,,,Mini ITX Tower,-27.0,0
158.0,135.0,,,,Micro ATX Mid Tower,-23.0,0
154.0,145.0,,,,ATX Mid Tower,-9.0,0
79.0,150.0,,,360.0,Micro ATX Mid Tower,71.0,1
70.0,156.0,,,,ATX Mid Tower,86.0,1
56.0,170.0,,,,ATX Mid Tower,114.0,1
148.0,77.0,,,,Mini ITX Tower,-71.0,0
47.0,163.0,,,240.0,ATX Mid Tower,116.0,1
154.0,185.0,,,,Micro ATX Mini Tower,31.0,1
161.0,158.0,,,,ATX Mid Tower,-3.0,0
73.0,166.0,,,,ATX Mid Tower,93.0,1
77.0,170.0,,,,ATX Mid Tower,93.0,1
136.0,70.0,,,,HTPC,-66.0,0
155.0,163.0,,,,ATX Mid Tower,8.0,1
152.0,190.0,,,,ATX Mid Tower,38.0,1
136.0,166.0,,,,Micro ATX Mini Tower,30.0,1
125.0,165.0,,,,ATX Mid Tower,40.0,1
155.0,70.0,120.0,,,Mini ITX Tower,-85.0,0
155.0,161.0,,,,ATX Mid Tower,6.0,1
163.0,140.0,,,,Mini ITX Tower,-23.0,0
47.0,188.0,,,,ATX Mid Tower,141.0,1
158.0,170.0,,,,ATX Mid Tower,12.0,1
139.0,130.0,,,,Mini ITX Tower,-9.0,0
105.0,155.0,,,280.0,Micro ATX Mini Tower,50.0,1
165.0,159.0,,,,ATX Mid Tower,-6.0,0
148.0,166.0,,,,ATX Mid Tower,18.0,1
163.0,190.0,120.0,,,EATX Mid Tower,27.0,1
156.0,165.0,,,,Micro ATX Mini Tower,9.0,1
69.0,165.0,,,360.0,Micro ATX Mini Tower,96.0,1
397.0,160.0,120.0,3,360.0,ATX Mid Tower,-237.0,0
52.0,170.0,,,120.0,ATX Mid Tower,118.0,1
164.0,82.0,,,,Mini ITX Tower,-82.0,0
165.0,160.0,,,,ATX Mid Tower,-5.0,0
159.0,155.0,,,,ATX Mid Tower,-4.0,0
70.0,65.0,,,420.0,Mini ITX Tower,-5.0,0
157.0,170.0,,,,ATX Mid Tower,13.0,1
157.0,170.0,,,,ATX Mid Tower,13.0,1
167.0,159.0,,,,ATX Mid Tower,-8.0,0
68.0,210.0,,,360.0,Mini ITX Tower,142.0,1
154.0,65.0,,,,HTPC,-89.0,0
145.0,174.0,,,,ATX Mid Tower,29.0,1
154.0,77.0,,,,HTPC,-77.0,0
101.0,70.0,120.0,2,240.0,Mini ITX Tower,-31.0,0
160.0,68.0,,,,Mini ITX Tower,-92.0,0
71.0,170.0,,,,ATX Mid Tower,99.0,1
159.0,77.0,,,,Mini ITX Tower,-82.0,0
158.0,185.0,,,,ATX Full Tower,27.0,1
101.0,68.0,120.0,3,360.0,Mini ITX Tower,-33.0,0
137.0,90.0,120.0,3,360.0,Micro ATX Desktop,-47.0,0
155.0,160.0,,,,ATX Mid Tower,5.0,1
49.0,175.0,,,360.0,ATX Mid Tower,126.0,1
150.0,170.0,,,,Mini ITX Tower,20.0,1
145.0,190.0,,,,ATX Full Tower,45.0,1
186.0,185.0,120.0,3,360.0,ATX Full Tower,-1.0,0
159.0,150.0,120.0,1,,Mini ITX Tower,-9.0,0
52.0,175.0,,,240.0,ATX Full Tower,123.0,1
157.0,65.0,,,,Mini ITX Tower,-92.0,0
68.0,170.0,,,240.0,ATX Mid Tower,102.0,1
155.0,95.0,,,,ATX Mid Tower,-60.0,0
160.0,135.0,120.0,1,,Micro ATX Mid Tower,-25.0,0
55.0,138.0,,,,HTPC,83.0,1
155.0,70.0,,,,Mini ITX Tower,-85.0,0
158.0,175.0,,,,EATX Full Tower,17.0,1
149.0,145.0,,,,ATX Mid Tower,-4.0,0
130.0,70.0,,,,Micro ATX Desktop,-60.0,0
158.0,70.0,,,,Mini ITX Tower,-88.0,0
158.0,182.0,,,,ATX Full Tower,24.0,1
65.0,57.0,,,240.0,Mini ITX Tower,-8.0,0
51.0,88.2,,,240.0,ATX Mid Tower,37.2,1
162.0,161.0,,,,ATX Mid Tower,-1.0,0
152.0,165.0,,,,ATX Mid Tower,13.0,1
165.0,155.0,,,,ATX Mid Tower,-10.0,0
165.0,160.0,,,,Micro ATX Mini Tower,-5.0,0
158.0,150.0,,,,Micro ATX Mini Tower,-8.0,0
155.0,70.0,,,,HTPC,-85.0,0
154.0,170.0,,,,ATX Mid Tower,16.0,1
100.0,188.0,,,240.0,ATX Full Tower,88.0,1
170.0,165.0,,,,Micro ATX Mid Tower,-5.0,0
166.0,178.0,,,,ATX Mid Tower,12.0,1
157.0,155.0,,,,ATX Mid Tower,-2.0,0
151.0,210.0,,,,Micro ATX Mini Tower,59.0,1
165.0,160.0,,,,ATX Mid Tower,-5.0,0
160.0,110.0,120.0,1,,Mini ITX Tower,-50.0,0
170.0,165.0,,,,ATX Mid Tower,-5.0,0
165.0,155.0,,,,ATX Mid Tower,-10.0,0
163.0,185.0,,,,ATX Mid Tower,22.0,1
155.0,146.0,,,,HTPC,-9.0,0
148.0,70.0,,,,Micro ATX Desktop,-78.0,0
158.0,70.0,,,,Mini ITX Tower,-88.0,0
170.0,165.0,,,,ATX Mid Tower,-5.0,0
148.0,68.0,,,,Mini ITX Tower,-80.0,0
153.0,160.0,,,,ATX Mid Tower,7.0,1
36.0,187.0,,,,Micro ATX Mini Tower,151.0,1
159.0,158.0,,,,ATX Full Tower,-1.0,0
160.0,155.0,,,,ATX Mid Tower,-5.0,0
53.0,175.0,95.0,2,,ATX Mid Tower,122.0,1
158.0,178.0,,,,ATX Mid Tower,20.0,1
155.0,45.0,,,,Mini ITX Tower,-110.0,0
37.0,187.0,,,,ATX Mid Tower,150.0,1
155.0,170.0,120.0,,,ATX Mid Tower,15.0,1
135.0,45.0,,,,Mini ITX Tower,-90.0,0
54.0,170.0,,,240.0,ATX Mid Tower,116.0,1
116.0,161.0,120.0,3,360.0,ATX Mid Tower,45.0,1
45.0,210.0,,,,Mini ITX Tower,165.0,1
157.0,155.0,140.0,2,280.0,ATX Mid Tower,-2.0,0
40.0,190.0,120.0,2,240.0,ATX Mid Tower,150.0,1
54.0,165.0,,,240.0,Micro ATX Mini Tower,111.0,1
157.0,159.0,,,,ATX Mid Tower,2.0,1
168.0,160.0,,,,ATX Mid Tower,-8.0,0
157.0,154.0,,,,Micro ATX Mid Tower,-3.0,0
34.0,171.0,,,,ATX Mid Tower,137.0,1
90.0,160.0,,,240.0,ATX Mid Tower,70.0,1
160.0,155.0,,,,Mini ITX Tower,-5.0,0
157.0,150.0,,,,ATX Mid Tower,-7.0,0
110.0,70.0,,,,Mini ITX Tower,-40.0,0
157.0,110.0,,,,Mini ITX Tower,-47.0,0
158.0,155.0,,,,Micro ATX Mini Tower,-3.0,0
158.0,155.0,140.0,2,,ATX Full Tower,-3.0,0
160.0,160.0,120.0,2,,Mini ITX Tower,0.0,1
60.0,47.0,,,240.0,Micro ATX Desktop,-13.0,0
114.0,160.0,,,,ATX Mid Tower,46.0,1
162.0,61.0,,,,Mini ITX Tower,-101.0,0
159.0,160.0,,,,ATX Mid Tower,1.0,1
135.0,155.0,,,,ATX Mid Tower,20.0,1
165.0,120.0,,,,Mini ITX Tower,-45.0,0
125.0,165.0,120.0,,,Micro ATX Mini Tower,40.0,1
60.0,38.0,140.0,2,280.0,Mini ITX Tower,-22.0,0
58.0,160.0,,,,Micro ATX Mini Tower,102.0,1
153.0,61.0,,,,Mini ITX Tower,-92.0,0
86.0,170.0,,,,ATX Mid Tower,84.0,1
163.0,162.0,120.0,,,ATX Mid Tower,-1.0,0
68.0,61.0,120.0,2,240.0,Mini ITX Tower,-7.0,0
160.0,61.0,,,,Mini ITX Tower,-99.0,0
155.0,61.0,,,,Mini ITX Tower,-94.0,0
169.0,150.0,,,,Micro ATX Mid Tower,-19.0,0
169.0,156.0,,,,ATX Mid Tower,-13.0,0
160.0,77.0,,,,Mini ITX Tower,-83.0,0
69.0,160.0,,,,ATX Mid Tower,91.0,1
67.0,150.0,,,,Micro ATX Mini Tower,83.0,1
167.0,160.0,,,,ATX Mid Tower,-7.0,0
158.0,170.0,,,,ATX Mid Tower,12.0,1
154.0,120.0,120.0,2,,Mini ITX Tower,-34.0,0
60.0,180.0,120.0,2,240.0,ATX Mid Tower,120.0,1
53.0,180.0,120.0,2,240.0,ATX Mid Tower,127.0,1
163.0,155.0,,,,Mini ITX Tower,-8.0,0
165.0,170.0,,,,ATX Mid Tower,5.0,1
158.0,165.0,,,,ATX Mid Tower,7.0,1
63.0,70.0,,,,HTPC,7.0,1
155.0,68.0,,,,Mini ITX Tower,-87.0,0
160.0,70.0,,,,Mini ITX Tower,-90.0,0
141.0,151.0,,,,ATX Mid Tower,10.0,1
56.0,47.0,120.0,3,360.0,Micro ATX Desktop,-9.0,0
165.0,163.0,,,,ATX Mid Tower,-2.0,0
158.0,172.0,,,,ATX Mid Tower,14.0,1
130.0,165.0,,,,ATX Mid Tower,35.0,1
165.0,160.0,,,,ATX Mid Tower,-5.0,0
166.0,160.0,,,,ATX Mid Tower,-6.0,0
71.0,164.0,,,,ATX Mid Tower,93.0,1
156.0,140.0,,,,Mini ITX Tower,-16.0,0
85.0,82.0,,,360.0,Micro ATX Mini Tower,-3.0,0
159.0,83.0,,,,Mini ITX Tower,-76.0,0
151.0,70.0,,,,Mini ITX Tower,-81.0,0
155.0,82.0,,,,Micro ATX Mid Tower,-73.0,0
155.0,164.0,,,,Micro ATX Desktop,9.0,1
166.0,135.0,,,,Micro ATX Mid Tower,-31.0,0
158.0,138.0,120.0,1,,HTPC,-20.0,0
158.0,70.0,,,,HTPC,-88.0,0
186.0,168.0,120.0,3,360.0,ATX Mid Tower,-18.0,0
160.0,155.0,,,,Micro ATX Mini Tower,-5.0,0
159.0,162.0,,,,ATX Mid Tower,3.0,1
158.0,173.0,,,,ATX Mid Tower,15.0,1
125.0,48.0,,,,Mini ITX Tower,-77.0,0
68.0,145.0,,,360.0,ATX Mid Tower,77.0,1
148.0,68.0,,,,Mini ITX Tower,-80.0,0
158.0,150.0,,,,ATX Mid Tower,-8.0,0
125.0,65.0,120.0,3,360.0,Micro ATX Mini Tower,-60.0,0
155.0,170.0,,,,ATX Mid Tower,15.0,1
165.0,160.0,,,,ATX Mid Tower,-5.0,0
156.0,160.0,,,,ATX Mid Tower,4.0,1
164.0,159.0,,,,Micro ATX Mini Tower,-5.0,0
135.0,165.0,,,,Mini ITX Tower,30.0,1
116.0,180.0,,,,ATX Mid Tower,64.0,1
162.0,160.0,,,,Micro ATX Mini Tower,-2.0,0
157.0,156.0,120.0,2,,ATX Mid Tower,-1.0,0
165.0,145.0,,,,ATX Mid Tower,-20.0,0
148.0,77.0,,,,HTPC,-71.0,0
130.0,185.0,,,,ATX Mid Tower,55.0,1
94.5,180.5,120.0,1,,EATX Mid Tower,86.0,1
162.0,160.0,,,,Micro ATX Mini Tower,-2.0,0
148.0,180.0,,,,ATX Mid Tower,32.0,1
155.0,184.0,,,,ATX Mid Tower,29.0,1
54.0,178.0,,,360.0,ATX Mid Tower,124.0,1
150.0,190.0,,,,ATX Full Tower,40.0,1
160.0,160.0,,,,ATX Mid Tower,0.0,1
157.0,160.0,120.0,2,,ATX Mini Tower,3.0,1
60.0,170.0,,,,ATX Full Tower,110.0,1
165.0,145.0,,,,ATX Mid Tower,-20.0,0
82.0,165.0,,,,ATX Mid Tower,83.0,1
165.0,160.0,,,,ATX Mini Tower,-5.0,0
150.0,190.0,,,,ATX Mid Tower,40.0,1
155.0,160.0,,,,ATX Mid Tower,5.0,1
145.0,185.0,,,,ATX Full Tower,40.0,1
158.0,185.0,,,,Micro ATX Desktop,27.0,1
160.0,155.0,,,,ATX Mid Tower,-5.0,0
163.0,160.0,,,,ATX Mid Tower,-3.0,0
163.0,88.2,,,,ATX Mid Tower,-74.8,0
155.0,83.0,,,,Mini ITX Tower,-72.0,0
157.0,95.0,120.0,2,,ATX Mid Tower,-62.0,0
157.0,185.0,120.0,2,120.0,ATX Mid Tower,28.0,1
155.0,67.0,,,,Mini ITX Tower,-88.0,0
158.0,175.0,,,,ATX Mid Tower,17.0,1
155.0,185.0,,,,ATX Mid Tower,30.0,1
168.0,165.0,120.0,,,ATX Mid Tower,-3.0,0
155.0,163.5,,,,Micro ATX Mini Tower,8.5,1
160.0,155.0,,,,ATX Mid Tower,-5.0,0
163.0,161.0,,,,ATX Mid Tower,-2.0,0
160.0,158.0,,,,ATX Mid Tower,-2.0,0
166.0,165.0,,,,ATX Mid Tower,-1.0,0
131.0,67.0,,,,Mini ITX Tower,-64.0,0
155.0,55.0,,,,Mini ITX Tower,-100.0,0
159.0,68.0,,,,Mini ITX Tower,-91.0,0
166.0,165.0,,,,ATX Mid Tower,-1.0,0
54.0,176.0,120.0,3,360.0,ATX Full Tower,122.0,1
160.0,180.0,,,,Micro ATX Mini Tower,20.0,1
57.0,50.0,,,360.0,Mini ITX Tower,-7.0,0
54.0,180.0,,,360.0,ATX Mid Tower,126.0,1
53.0,155.0,120.0,2,240.0,ATX Mid Tower,102.0,1
158.0,155.0,,,,ATX Mid Tower,-3.0,0
91.0,210.0,120.0,3,360.0,ATX Mid Tower,119.0,1
70.0,61.0,,,,Mini ITX Tower,-9.0,0
158.0,159.0,140.0,2,,Micro ATX Mid Tower,1.0,1
123.0,90.0,,,,Micro ATX Desktop,-33.0,0
159.0,159.0,,,,Micro ATX Mini Tower,0.0,1
165.0,155.0,,,,Mini ITX Tower,-10.0,0
74.0,163.0,,,,ATX Mid Tower,89.0,1
155.0,75.0,120.0,2,,Micro ATX Mini Tower,-80.0,0
159.0,155.0,,,,Mini ITX Tower,-4.0,0
107.0,210.0,120.0,3,360.0,Micro ATX Mini Tower,103.0,1
148.0,68.0,,,,Mini ITX Tower,-80.0,0
164.0,95.0,,,,ATX Mid Tower,-69.0,0
61.85,191.0,120.0,3,360.0,ATX Full Tower,129.15,1
154.0,150.0,,,,ATX Mid Tower,-4.0,0
154.0,57.0,,,,Mini ITX Tower,-97.0,0
150.0,45.0,,,,Mini ITX Tower,-105.0,0
125.0,170.0,,,,ATX Mid Tower,45.0,1
159.0,156.0,,,,ATX Mid Tower,-3.0,0
171.0,168.0,,,,ATX Mid Tower,-3.0,0
153.0,180.0,,,,ATX Mid Tower,27.0,1
158.0,170.0,,,,ATX Mid Tower,12.0,1
155.0,185.0,,,,ATX Mid Tower,30.0,1
170.0,61.0,,,,Mini ITX Tower,-109.0,0
161.0,155.0,,,,Mini ITX Tower,-6.0,0
155.0,150.0,120.0,1,,ATX Mid Tower,-5.0,0
154.0,164.0,,,,ATX Mid Tower,10.0,1
160.0,140.0,,,,Mini ITX Tower,-20.0,0
60.0,47.0,120.0,2,240.0,Micro ATX Desktop,-13.0,0
158.0,148.0,,,,Micro ATX Mini Tower,-10.0,0
59.0,180.0,,,360.0,ATX Mid Tower,121.0,1
157.0,170.0,,,,ATX Mid Tower,13.0,1
65.0,180.0,240.0,1,240.0,ATX Mid Tower,115.0,1
136.0,210.0,90.0,1,,Micro ATX Mini Tower,74.0,1
155.0,150.0,,,,ATX Mid Tower,-5.0,0
58.0,167.0,,,240.0,ATX Full Tower,109.0,1
155.0,185.0,,,,ATX Mid Tower,30.0,1
54.0,50.0,,,240.0,Mini ITX Tower,-4.0,0
157.0,148.0,,,,Micro ATX Mini Tower,-9.0,0
70.0,160.0,,,,ATX Mid Tower,90.0,1
137.0,148.0,120.0,3,360.0,Micro ATX Mid Tower,11.0,1
68.0,195.0,,,,ATX Mid Tower,127.0,1
145.0,176.0,,,,ATX Mid Tower,31.0,1
150.0,75.0,,,,Micro ATX Mini Tower,-75.0,0
118.0,180.0,,,,ATX Mid Tower,62.0,1
159.0,158.0,,,,ATX Mid Tower,-1.0,0
160.0,77.0,,,,HTPC,-83.0,0
160.0,155.0,,,,ATX Mid Tower,-5.0,0
160.0,180.0,,,,ATX Mid Tower,20.0,1
45.0,170.0,120.0,2,240.0,ATX Mid Tower,125.0,1
59.0,168.0,,,,ATX Mid Tower,109.0,1
148.0,188.0,,,,EATX Mid Tower,40.0,1
59.0,162.0,,,360.0,ATX Mid Tower,103.0,1
138.0,180.0,,,,ATX Mid Tower,42.0,1
42.0,205.0,,,360.0,ATX Full Tower,163.0,1
47.0,180.0,,,,ATX Mid Tower,133.0,1
65.0,190.0,120.0,2,240.0,ATX Full Tower,125.0,1
59.0,155.0,,,,ATX Mid Tower,96.0,1
162.0,65.0,,,,Mini ITX Tower,-97.0,0
171.0,169.0,,,,ATX Mid Tower,-2.0,0
123.0,65.0,,,,HTPC,-58.0,0
160.0,160.0,,,,ATX Mid Tower,0.0,1
157.0,140.0,,,,Mini ITX Tower,-17.0,0
145.0,48.0,,,,Mini ITX Tower,-97.0,0
165.0,140.0,,,,Mini ITX Tower,-25.0,0
53.0,190.0,,,240.0,EATX Mid Tower,137.0,1
158.0,130.0,,,,Mini ITX Tower,-28.0,0
157.0,155.0,,,,Micro ATX Mid Tower,-2.0,0
85.0,200.0,,,360.0,Mini ITX Tower,115.0,1
68.0,210.0,,,,Micro ATX Mini Tower,142.0,1
135.0,170.0,,,,ATX Mid Tower,35.0,1
118.0,70.0,,,,Mini ITX Tower,-48.0,0
164.0,85.0,,,,Mini ITX Tower,-79.0,0
168.0,175.0,,,,ATX Mid Tower,7.0,1
160.0,186.0,,,,ATX Full Tower,26.0,1
155.0,190.0,120.0,2,,ATX Full Tower,35.0,1
14.0,165.0,,,,ATX Mid Tower,151.0,1
65.0,169.0,,,,ATX Mid Tower,104.0,1
155.0,166.0,,,,ATX Mid Tower,11.0,1
59.0,180.5,,,360.0,EATX Mid Tower,121.5,1
162.0,160.0,,,,Micro ATX Mini Tower,-2.0,0
170.0,167.0,,,,EATX Full Tower,-3.0,0
47.0,180.0,,,,ATX Mid Tower,133.0,1
158.0,65.0,,,,Micro ATX Mini Tower,-93.0,0
135.0,70.0,,,,Mini ITX Tower,-65.0,0
64.24,167.0,120.0,2,240.0,ATX Mid Tower,102.76,1
165.0,88.2,,,,ATX Mid Tower,-76.8,0
157.0,170.0,,,,ATX Mid Tower,13.0,1
166.0,140.0,,,,Mini ITX Tower,-26.0,0
155.0,185.0,,,,ATX Mid Tower,30.0,1
154.0,140.0,,,,Micro ATX Mini Tower,-14.0,0
154.0,175.0,,,,ATX Mid Tower,21.0,1
45.0,170.0,,,,ATX Mid Tower,125.0,1
154.0,162.0,,,,ATX Mid Tower,8.0,1
160.0,83.0,,,,Mini ITX Tower,-77.0,0
141.0,120.0,,,,Mini ITX Tower,-21.0,0
48.0,120.0,,,240.0,Mini ITX Tower,72.0,1
55.0,165.0,,,360.0,Micro ATX Mid Tower,110.0,1
157.0,70.0,120.0,2,,Mini ITX Tower,-87.0,0
153.0,67.0,,,,Mini ITX Tower,-86.0,0
162.0,160.0,,,,ATX Mid Tower,-2.0,0
30.0,180.0,,,,ATX Mid Tower,150.0,1
47.0,170.0,,,,ATX Mid Tower,123.0,1
157.0,190.0,,,,ATX Mid Tower,33.0,1
157.0,65.0,,,,Mini ITX Tower,-92.0,0
142.0,190.0,,,,ATX Full Tower,48.0,1
159.0,68.0,,,,Mini ITX Tower,-91.0,0
158.0,164.0,,,,Micro ATX Desktop,6.0,1
165.0,159.0,120.0,2,,ATX Mid Tower,-6.0,0
158.0,82.0,140.0,2,,Micro ATX Desktop,-76.0,0
145.0,85.0,,,,Mini ITX Tower,-60.0,0
155.0,70.0,,,,Mini ITX Tower,-85.0,0
64.0,75.0,,,240.0,Mini ITX Tower,11.0,1
155.0,190.0,,,,ATX Mid Tower,35.0,1
160.0,77.0,,,,Mini ITX Tower,-83.0,0
141.0,210.0,,,,ATX Mid Tower,69.0,1
163.0,156.0,,,,Micro ATX Mid Tower,-7.0,0
60.0,58.0,,,360.0,HTPC,-2.0,0
154.0,110.0,,,,Mini ITX Tower,-44.0,0
166.0,167.0,120.0,,,ATX Mid Tower,1.0,1
78.0,185.0,,,,ATX Mid Tower,107.0,1
69.0,195.0,,,240.0,ATX Full Tower,126.0,1
54.0,67.0,,,240.0,Mini ITX Tower,13.0,1
163.0,150.0,,,,Micro ATX Mid Tower,-13.0,0
161.0,160.0,120.0,2,,ATX Mid Tower,-1.0,0
165.0,156.0,,,,Micro ATX Mini Tower,-9.0,0
160.0,120.0,,,,Mini ITX Tower,-40.0,0
94.0,67.0,120.0,3,360.0,Mini ITX Tower,-27.0,0
158.0,145.0,,,,ATX Mid Tower,-13.0,0
101.0,160.0,120.0,3,360.0,Micro ATX Mid Tower,59.0,1
65.0,175.0,,,,ATX Mid Tower,110.0,1
154.0,65.0,,,,HTPC,-89.0,0
149.0,110.0,,,,Mini ITX Tower,-39.0,0
160.0,77.0,,,,HTPC,-83.0,0
56.0,170.0,,,240.0,ATX Mid Tower,114.0,1
70.0,188.0,,,280.0,ATX Mid Tower,118.0,1
154.0,68.0,,,,Mini ITX Tower,-86.0,0
38.0,163.5,140.0,2,240.0,Micro ATX Mini Tower,125.5,1
165.0,166.0,,,,ATX Mid Tower,1.0,1
147.0,65.0,,,,Mini ITX Tower,-82.0,0
157.0,61.0,,,,Mini ITX Tower,-96.0,0
156.0,155.0,,,,ATX Mid Tower,-1.0,0
158.0,70.0,,,,HTPC,-88.0,0
165.0,50.0,,,,Mini ITX Tower,-115.0,0
130.0,163.5,,,,Micro ATX Mini Tower,33.5,1
53.0,38.0,95.0,2,,Mini ITX Tower,-15.0,0
155.0,82.0,,,,Mini ITX Tower,-73.0,0
60.0,165.0,,,240.0,ATX Mid Tower,105.0,1
165.0,161.0,,,,ATX Mid Tower,-4.0,0
90.0,68.0,,,,Mini ITX Tower,-22.0,0
60.0,180.0,120.0,,240.0,ATX Mid Tower,120.0,1
152.0,85.0,,,,Mini ITX Tower,-67.0,0
66.0,170.0,,,360.0,ATX Mid Tower,104.0,1
162.0,155.0,,,,Micro ATX Mini Tower,-7.0,0
135.0,180.0,,,,ATX Mid Tower,45.0,1
58.0,185.0,,,240.0,ATX Mid Tower,127.0,1
75.0,67.0,120.0,2,240.0,Mini ITX Tower,-8.0,0
116.0,70.0,120.0,2,240.0,Mini ITX Tower,-46.0,0
155.0,180.0,,,,ATX Mid Tower,25.0,1
55.0,180.5,,,360.0,EATX Mid Tower,125.5,1
65.0,180.0,240.0,1,240.0,ATX Mid Tower,115.0,1
47.0,170.0,,,240.0,EATX Mid Tower,123.0,1
165.0,82.0,,,,Micro ATX Mid Tower,-83.0,0
75.0,190.0,120.0,2,240.0,ATX Mid Tower,115.0,1
159.0,47.0,,,,Micro ATX Desktop,-112.0,0
107.0,171.0,120.0,3,360.0,ATX Mid Tower,64.0,1
161.0,148.0,,,,Micro ATX Mid Tower,-13.0,0
70.0,180.0,,,240.0,ATX Mid Tower,110.0,1
158.0,164.0,,,,Micro ATX Mini Tower,6.0,1
100.0,165.0,,,,ATX Mid Tower,65.0,1
160.0,190.0,120.0,2,,ATX Mid Tower,30.0,1
158.0,190.0,,,,ATX Mid Tower,32.0,1
125.0,61.0,,,360.0,Mini ITX Tower,-64.0,0
150.0,163.0,,,,ATX Mid Tower,13.0,1
77.0,185.0,,,,EATX Mid Tower,108.0,1
157.0,160.0,,,,ATX Mid Tower,3.0,1
150.0,170.0,,,,Micro ATX Mini Tower,20.0,1
155.0,175.0,,,,ATX Mid Tower,20.0,1
54.0,185.0,,,360.0,ATX Full Tower,131.0,1
167.0,155.0,,,,Micro ATX Mid Tower,-12.0,0
154.0,61.0,,,,Mini ITX Tower,-93.0,0
155.0,85.0,,,,Mini ITX Tower,-70.0,0
170.0,160.0,,,,ATX Mid Tower,-10.0,0
158.0,156.0,,,,Micro ATX Mid Tower,-2.0,0
156.0,170.0,,,,Micro ATX Mid Tower,14.0,1
158.0,70.0,,,,Mini ITX Tower,-88.0,0
165.0,163.5,,,,Micro ATX Mid Tower,-1.5,0
157.0,70.0,,,,HTPC,-87.0,0
70.0,61.0,,,360.0,Mini ITX Tower,-9.0,0
82.0,70.0,,3,360.0,Mini ITX Tower,-12.0,0
108.0,67.0,120.0,3,360.0,Mini ITX Tower,-41.0,0
154.0,160.0,,,,ATX Mid Tower,6.0,1
397.0,55.0,120.0,3,360.0,Mini ITX Tower,-342.0,0
168.0,77.0,,,,Mini ITX Tower,-91.0,0
165.0,164.0,,,,Micro ATX Mini Tower,-1.0,0
154.0,120.0,,,,Mini ITX Tower,-34.0,0
159.0,61.0,,,,Mini ITX Tower,-98.0,0
168.0,160.0,,,,ATX Mid Tower,-8.0,0
40.0,165.0,,,,ATX Mid Tower,125.0,1
159.0,70.0,,,,Mini ITX Tower,-89.0,0
34.0,185.0,,,,ATX Full Tower,151.0,1
72.0,200.0,,,240.0,ATX Full Tower,128.0,1
60.0,185.0,,,280.0,ATX Mid Tower,125.0,1
159.0,156.0,,,,Micro ATX Mid Tower,-3.0,0
107.0,185.0,120.0,3,360.0,ATX Mid Tower,78.0,1
158.0,45.0,,,,Mini ITX Tower,-113.0,0
168.0,167.0,120.0,,,EATX Full Tower,-1.0,0
169.0,160.0,,,,ATX Mid Tower,-9.0,0
125.0,190.0,,,,ATX Full Tower,65.0,1
86.4,67.0,120.0,3,360.0,Mini ITX Tower,-19.4,0
156.0,190.0,,,,ATX Mid Tower,34.0,1
160.0,180.0,,,,ATX Mid Tower,20.0,1
160.0,155.0,,,,ATX Mid Tower,-5.0,0
36.0,170.0,,,,Mini ITX Tower,134.0,1
148.0,83.0,,,,Mini ITX Tower,-65.0,0
154.0,188.0,,,,ATX Mid Tower,34.0,1
65.0,165.0,240.0,1,240.0,ATX Mid Tower,100.0,1
158.0,156.0,,,,Micro ATX Mid Tower,-2.0,0
163.0,184.0,,,,ATX Mid Tower,21.0,1
53.0,45.0,,,360.0,Mini ITX Tower,-8.0,0
157.0,180.0,120.0,2,,ATX Mid Tower,23.0,1
110.0,160.0,,,,ATX Mid Tower,50.0,1
54.0,158.0,120.0,3,360.0,Micro ATX Desktop,104.0,1
70.0,45.0,,,,Mini ITX Tower,-25.0,0
158.0,120.0,,,,Mini ITX Tower,-38.0,0
60.0,190.0,,,,ATX Full Tower,130.0,1
123.0,61.0,100.0,1,,Mini ITX Tower,-62.0,0
140.0,70.0,,,,Mini ITX Tower,-70.0,0
155.0,167.0,,,,ATX Mid Tower,12.0,1
150.0,165.0,,,,ATX Mid Tower,15.0,1
153.0,185.0,,,,ATX Mid Tower,32.0,1
145.0,85.0,,,,Mini ITX Tower,-60.0,0
158.0,114.0,,,,Mini ITX Tower,-44.0,0
153.0,57.0,,,,Mini ITX Tower,-96.0,0
159.0,167.0,,,,ATX Mid Tower,8.0,1
154.0,165.0,,,,ATX Mid Tower,11.0,1
165.0,185.0,,,,ATX Mid Tower,20.0,1
154.0,150.0,,,,Micro ATX Mid Tower,-4.0,0
159.0,82.0,,,,Mini ITX Tower,-77.0,0
160.0,65.0,,,,Mini ITX Tower,-95.0,0
159.0,75.0,120.0,1,,Mini ITX Tower,-84.0,0
169.0,82.0,,,,Mini ITX Tower,-87.0,0
166.0,70.0,,,,Micro ATX Desktop,-96.0,0
155.0,181.0,,,,ATX Mid Tower,26.0,1
158.0,150.0,,,,Micro ATX Mid Tower,-8.0,0
159.0,61.0,120.0,,,Mini ITX Tower,-98.0,0
65.0,183.0,,,360.0,ATX Mid Tower,118.0,1
155.0,150.0,,,,Micro ATX Mid Tower,-5.0,0
158.0,200.0,,,,ATX Full Tower,42.0,1
151.0,166.0,,,,ATX Mid Tower,15.0,1
68.0,77.0,,,240.0,Mini ITX Tower,9.0,1
159.0,67.0,,,,Mini ITX Tower,-92.0,0
126.0,165.0,,,,Micro ATX Mini Tower,39.0,1
15.0,151.0,,,,Micro ATX Mini Tower,136.0,1
68.0,195.0,,,420.0,ATX Mid Tower,127.0,1
154.0,70.0,,,,HTPC,-84.0,0
154.0,180.0,,,,ATX Mid Tower,26.0,1
150.0,170.0,,,,ATX Full Tower,20.0,1
160.0,154.0,,,,Micro ATX Mid Tower,-6.0,0
155.0,65.0,,,,Mini ITX Tower,-90.0,0
162.0,165.0,,,,Micro ATX Mini Tower,3.0,1
100.0,170.0,,,,ATX Mid Tower,70.0,1
69.0,165.0,,,360.0,ATX Mid Tower,96.0,1
160.0,176.0,,,,ATX Full Tower,16.0,1
161.0,155.0,,,,Mini ITX Tower,-6.0,0
154.0,170.0,,,,ATX Mid Tower,16.0,1
57.0,180.0,,,,ATX Mid Tower,123.0,1
153.0,135.0,,,,Micro ATX Mid Tower,-18.0,0
56.0,165.0,120.0,,240.0,ATX Mid Tower,109.0,1
28.0,175.0,,,,ATX Mid Tower,147.0,1
161.0,158.0,,,,ATX Mid Tower,-3.0,0
69.0,138.0,,,360.0,HTPC,69.0,1
157.0,140.0,,,,Mini ITX Tower,-17.0,0
164.0,155.0,,,,Micro ATX Mid Tower,-9.0,0
157.0,155.0,,,,ATX Mid Tower,-2.0,0
154.0,150.0,,,,Micro ATX Mid Tower,-4.0,0
107.0,169.0,120.0,3,360.0,ATX Full Tower,62.0,1
60.0,165.0,120.0,3,360.0,Micro ATX Mini Tower,105.0,1
81.0,165.0,120.0,3,360.0,Micro ATX Mini Tower,84.0,1
163.0,165.0,,,,ATX Mid Tower,2.0,1
123.0,165.0,,,,Micro ATX Mini Tower,42.0,1
164.0,160.0,,,,ATX Mid Tower,-4.0,0
154.0,47.0,,,,Micro ATX Desktop,-107.0,0
159.0,158.0,,,,ATX Mid Tower,-1.0,0
148.0,70.0,,,,Mini ITX Tower,-78.0,0
159.0,67.0,,,,Mini ITX Tower,-92.0,0
154.0,67.0,,,,Mini ITX Tower,-87.0,0
156.0,90.0,,,,Micro ATX Desktop,-66.0,0
160.0,180.0,,,,Micro ATX Mini Tower,20.0,1
132.0,70.0,,,,Mini ITX Tower,-62.0,0
155.0,162.0,,,,ATX Mid Tower,7.0,1
155.0,167.0,,,,ATX Mid Tower,12.0,1
68.0,165.0,,,,ATX Mid Tower,97.0,1
121.0,195.0,120.0,3,360.0,ATX Mid Tower,74.0,1
160.0,160.0,,,,ATX Mid Tower,0.0,1
112.0,180.0,,,,ATX Mid Tower,68.0,1
136.0,190.0,,,,ATX Mid Tower,54.0,1
152.0,190.0,120.0,1,,ATX Mid Tower,38.0,1
165.0,160.0,,,,Micro ATX Mini Tower,-5.0,0
153.0,166.0,120.0,1,,ATX Mid Tower,13.0,1
135.0,110.0,,,,Mini ITX Tower,-25.0,0
159.0,70.0,,,,HTPC,-89.0,0
63.0,180.0,,,360.0,ATX Mid Tower,117.0,1
36.0,170.0,92.0,1,,ATX Mid Tower,134.0,1
127.0,65.0,100.0,,,HTPC,-62.0,0
153.0,160.0,,,,ATX Mid Tower,7.0,1
155.0,77.0,120.0,,,Mini ITX Tower,-78.0,0
94.0,81.0,100.0,1,,Micro ATX Slim Tower,-13.0,0
53.0,166.0,120.0,2,240.0,ATX Mid Tower,113.0,1
164.0,160.0,,,,ATX Mid Tower,-4.0,0
158.0,156.0,140.0,2,,ATX Mid Tower,-2.0,0
133.0,166.0,,,,ATX Mid Tower,33.0,1
155.0,165.0,,,,ATX Mid Tower,10.0,1
130.0,48.0,,,,Mini ITX Tower,-82.0,0
164.0,155.0,,,,ATX Mid Tower,-9.0,0
60.0,165.0,,,360.0,Micro ATX Mini Tower,105.0,1
156.0,155.0,,,,Micro ATX Mid Tower,-1.0,0
170.0,165.0,,,,Micro ATX Mini Tower,-5.0,0
63.0,170.0,,,,Mini ITX Tower,107.0,1
158.0,165.0,,,,Micro ATX Mini Tower,7.0,1
63.0,156.0,,,360.0,ATX Mid Tower,93.0,1
152.0,48.0,,,,Mini ITX Tower,-104.0,0
56.0,160.0,,,240.0,ATX Mid Tower,104.0,1
143.0,83.0,,,,Mini ITX Tower,-60.0,0
153.0,165.0,,,,Mini ITX Tower,12.0,1
53.0,175.0,95.0,2,,Micro ATX Mid Tower,122.0,1
116.0,155.0,140.0,2,280.0,Micro ATX Mid Tower,39.0,1
155.0,70.0,,,,Micro ATX Desktop,-85.0,0
100.0,61.0,,,,Mini ITX Tower,-39.0,0
64.0,185.0,,,,ATX Mid Tower,121.0,1
164.0,181.0,,,,ATX Mid Tower,17.0,1
154.0,150.0,,,,ATX Mid Tower,-4.0,0
157.0,138.0,120.0,2,120.0,HTPC,-19.0,0
148.0,168.0,,,,Micro ATX Mini Tower,20.0,1
163.0,157.0,,,,ATX Mid Tower,-6.0,0
163.0,155.0,,,,ATX Mid Tower,-8.0,0
82.0,166.0,,,,ATX Mid Tower,84.0,1
160.0,155.0,,,,ATX Mid Tower,-5.0,0
130.0,83.0,,,,Mini ITX Tower,-47.0,0
155.0,65.0,,,,Mini ITX Tower,-90.0,0
157.0,170.0,,,,ATX Mid Tower,13.0,1
67.0,185.0,,,,ATX Mid Tower,118.0,1
159.0,168.0,,,,EATX Mid Tower,9.0,1
68.0,61.0,,,,Mini ITX Tower,-7.0,0
163.0,190.0,,,,ATX Full Tower,27.0,1
148.0,150.0,,,,Micro ATX Mini Tower,2.0,1
125.0,67.0,,,360.0,Mini ITX Tower,-58.0,0
160.0,158.0,,,,ATX Mid Tower,-2.0,0
161.0,156.0,,,,ATX Mid Tower,-5.0,0
62.0,165.0,,,360.0,ATX Mid Tower,103.0,1
123.0,190.0,,,,ATX Mid Tower,67.0,1
155.0,148.0,120.0,1,,Micro ATX Mini Tower,-7.0,0
68.5,170.0,120.0,2,240.0,ATX Mid Tower,101.5,1
68.0,165.0,,,,Micro ATX Mini Tower,97.0,1
160.0,180.0,,,,EATX Full Tower,20.0,1
118.0,166.0,,,,ATX Mid Tower,48.0,1
150.0,190.0,,,,ATX Full Tower,40.0,1
158.0,154.0,,,,Micro ATX Mid Tower,-4.0,0
155.0,159.0,,,,Micro ATX Mid Tower,4.0,1
157.0,174.0,,,,ATX Mid Tower,17.0,1
60.0,210.0,,,,ATX Mid Tower,150.0,1
65.0,180.0,360.0,1,360.0,ATX Mid Tower,115.0,1
77.0,68.0,,,,Mini ITX Tower,-9.0,0
137.0,68.0,,,,Mini ITX Tower,-69.0,0
158.0,155.0,120.0,2,,Micro ATX Mid Tower,-3.0,0
158.0,155.0,,,,Mini ITX Tower,-3.0,0
155.0,45.0,,,,Mini ITX Tower,-110.0,0
164.0,150.0,,,,ATX Mid Tower,-14.0,0
53.0,210.0,120.0,3,360.0,Micro ATX Mini Tower,157.0,1
160.0,175.0,,,,ATX Mid Tower,15.0,1
148.0,65.0,,,,Mini ITX Tower,-83.0,0
156.0,165.0,,,,Micro ATX Mini Tower,9.0,1
158.0,168.0,,,,ATX Mid Tower,10.0,1
143.0,70.0,,,,HTPC,-73.0,0
65.0,180.0,,,360.0,ATX Mid Tower,115.0,1
166.0,161.0,,,,ATX Mid Tower,-5.0,0
166.0,160.0,,,,Micro ATX Mid Tower,-6.0,0
166.0,165.0,,,,ATX Mid Tower,-1.0,0
165.0,58.0,,,,HTPC,-107.0,0
59.0,162.0,,,360.0,ATX Mid Tower,103.0,1
157.0,140.0,,,,Mini ITX Tower,-17.0,0
155.0,61.0,,,,Mini ITX Tower,-94.0,0
69.0,182.0,,,360.0,ATX Mid Tower,113.0,1
60.0,160.0,,,360.0,ATX Mid Tower,100.0,1
160.0,176.0,,,,ATX Full Tower,16.0,1
148.0,45.0,120.0,,,Mini ITX Tower,-103.0,0
46.0,170.0,120.0,3,360.0,ATX Mid Tower,124.0,1
110.0,210.0,,,,ATX Mid Tower,100.0,1
116.0,190.0,140.0,2,280.0,EATX Mid Tower,74.0,1
63.0,170.0,,,360.0,Micro ATX Mid Tower,107.0,1
52.0,175.0,,,240.0,ATX Mid Tower,123.0,1
158.0,55.0,,,,Mini ITX Tower,-103.0,0
131.0,190.0,,,,ATX Mid Tower,59.0,1
152.0,140.0,120.0,1,,Mini ITX Tower,-12.0,0
45.0,175.0,,,,ATX Mid Tower,130.0,1
133.0,160.0,,,,ATX Mid Tower,27.0,1
157.0,70.0,,,,HTPC,-87.0,0
150.0,190.0,,,,ATX Mid Tower,40.0,1
123.0,163.0,,,,ATX Mid Tower,40.0,1
158.0,83.0,,,,Mini ITX Tower,-75.0,0
156.0,155.0,,,,ATX Mid Tower,-1.0,0
140.0,174.0,,,,ATX Mid Tower,34.0,1
114.0,165.0,,,,ATX Mid Tower,51.0,1
164.0,156.0,,,,ATX Mid Tower,-8.0,0
156.0,154.0,,,,Micro ATX Mid Tower,-2.0,0
161.0,148.0,,,,Micro ATX Mini Tower,-13.0,0
160.0,148.0,,,,Micro ATX Mid Tower,-12.0,0
155.0,114.0,,,,Mini ITX Tower,-41.0,0
162.0,150.0,,,,Micro ATX Mid Tower,-12.0,0
53.0,180.0,120.0,3,360.0,ATX Mid Tower,127.0,1
138.0,162.0,,,,ATX Mid Tower,24.0,1
151.0,68.0,,,,Mini ITX Tower,-83.0,0
154.0,180.5,,,,EATX Mid Tower,26.5,1
165.0,148.0,,,,ATX Mid Tower,-17.0,0
168.0,160.0,120.0,,,Micro ATX Mid Tower,-8.0,0
51.0,170.0,90.0,1,,Mini ITX Tower,119.0,1
156.0,279.0,,,,ATX Mid Tower,123.0,1
49.0,183.0,,,240.0,ATX Mid Tower,134.0,1
52.0,162.0,120.0,3,360.0,Micro ATX Mid Tower,110.0,1
134.0,82.0,,,,Micro ATX Mid Tower,-52.0,0
167.0,160.0,,,,Micro ATX Mid Tower,-7.0,0
155.0,170.0,120.0,2,,ATX Mid Tower,15.0,1
68.0,165.0,,,240.0,Micro ATX Mini Tower,97.0,1
163.0,160.0,,,,Mini ITX Tower,-3.0,0
159.0,47.0,,,,Micro ATX Desktop,-112.0,0
160.0,180.0,,,,ATX Mid Tower,20.0,1
158.0,150.0,,,,Mini ITX Tower,-8.0,0
167.0,151.0,,,,Micro ATX Mini Tower,-16.0,0
165.0,156.0,,,,Micro ATX Mid Tower,-9.0,0
86.0,168.0,,,,ATX Mid Tower,82.0,1
59.0,170.0,,,,ATX Mid Tower,111.0,1
60.0,205.0,120.0,1,240.0,ATX Full Tower,145.0,1
397.0,185.0,120.0,3,360.0,ATX Mid Tower,-212.0,0
75.0,161.0,,,,ATX Mid Tower,86.0,1
157.0,187.0,,,,ATX Mid Tower,30.0,1
159.0,70.0,,,,Mini ITX Tower,-89.0,0
68.0,45.0,,,,Mini ITX Tower,-23.0,0
135.0,70.0,,,,Micro ATX Desktop,-65.0,0
165.0,57.0,,,,Micro ATX Desktop,-108.0,0
48.0,160.0,,,120.0,ATX Mini Tower,112.0,1
166.0,68.0,120.0,,,Mini ITX Tower,-98.0,0
53.0,182.0,,,,ATX Mid Tower,129.0,1
165.0,138.0,,,,HTPC,-27.0,0
157.0,58.0,,,,HTPC,-99.0,0
160.0,150.0,120.0,2,,Micro ATX Mini Tower,-10.0,0
153.0,187.0,,,,ATX Mid Tower,34.0,1
156.0,190.0,,,,ATX Mid Tower,34.0,1
150.0,57.0,,,,Micro ATX Desktop,-93.0,0
154.0,178.0,,,,ATX Mid Tower,24.0,1
154.0,161.0,,,,ATX Mid Tower,7.0,1
165.0,75.0,,,,Mini ITX Tower,-90.0,0
155.0,70.0,120.0,1,,Mini ITX Tower,-85.0,0
69.0,166.0,120.0,2,240.0,ATX Mid Tower,97.0,1
53.0,167.0,,,240.0,ATX Mid Tower,114.0,1
158.0,160.0,,,,ATX Mid Tower,2.0,1
135.0,166.0,,,,ATX Mid Tower,31.0,1
160.0,88.2,,,,ATX Mid Tower,-71.8,0
158.0,160.0,,,,Micro ATX Mini Tower,2.0,1
159.0,70.0,,,,Micro ATX Desktop,-89.0,0
129.0,210.0,,,,Micro ATX Mini Tower,81.0,1
161.0,47.0,,,,Micro ATX Desktop,-114.0,0
65.0,180.0,,,,ATX Mid Tower,115.0,1
153.0,159.0,,,,Micro ATX Mini Tower,6.0,1
159.0,68.0,,,,Mini ITX Tower,-91.0,0
125.0,175.0,120.0,3,360.0,ATX Mid Tower,50.0,1
94.5,58.0,140.0,2,280.0,HTPC,-36.5,0
158.0,165.0,,,,ATX Mid Tower,7.0,1
155.0,77.0,,,,Mini ITX Tower,-78.0,0
63.0,163.0,,,360.0,ATX Mid Tower,100.0,1
157.0,120.0,,,,Mini ITX Tower,-37.0,0
167.0,135.0,,,,Micro ATX Mid Tower,-32.0,0
135.0,173.0,,,,ATX Mid Tower,38.0,1
66.0,48.0,,,,Mini ITX Tower,-18.0,0
159.0,67.0,,,,Mini ITX Tower,-92.0,0
160.0,170.0,,,,Micro ATX Mid Tower,10.0,1
145.0,175.0,,,,ATX Mid Tower,30.0,1
79.0,190.0,,,,ATX Full Tower,111.0,1
168.0,165.0,120.0,,,ATX Mid Tower,-3.0,0
64.0,185.0,,,,EATX Mid Tower,121.0,1
60.0,170.0,,,,ATX Mid Tower,110.0,1
158.0,165.0,,,,ATX Mid Tower,7.0,1
134.0,164.0,120.0,,,ATX Mid Tower,30.0,1
160.0,68.0,,,,Mini ITX Tower,-92.0,0
155.0,160.0,120.0,2,,ATX Mid Tower,5.0,1
116.0,166.0,120.0,2,240.0,Micro ATX Mid Tower,50.0,1
160.0,158.0,,,,ATX Mid Tower,-2.0,0
63.0,67.0,,,,Mini ITX Tower,4.0,1
125.0,165.0,,,,Micro ATX Mini Tower,40.0,1
158.0,168.0,,,,ATX Mid Tower,10.0,1
165.0,160.0,,,,ATX Mid Tower,-5.0,0
130.0,67.0,,,,Mini ITX Tower,-63.0,0
86.0,175.0,,,,ATX Mid Tower,89.0,1
63.0,48.0,,,,Mini ITX Tower,-15.0,0
161.0,65.0,,,,Micro ATX Mini Tower,-96.0,0
53.0,165.0,120.0,2,240.0,Micro ATX Mini Tower,112.0,1
123.0,58.0,120.0,3,360.0,HTPC,-65.0,0
160.0,83.0,,,,Mini ITX Tower,-77.0,0
140.0,65.0,,,,HTPC,-75.0,0
68.5,171.0,120.0,3,360.0,ATX Mid Tower,102.5,1
159.0,185.0,,,,ATX Full Tower,26.0,1
47.0,181.0,,,,ATX Full Tower,134.0,1
160.0,70.0,,,,Micro ATX Desktop,-90.0,0
148.0,180.0,,,,ATX Mid Tower,32.0,1
158.0,167.0,,,,ATX Full Tower,9.0,1
157.0,55.0,,,,Mini ITX Tower,-102.0,0
168.0,164.0,120.0,,,ATX Mid Tower,-4.0,0
116.0,95.0,120.0,3,360.0,ATX Mid Tower,-21.0,0
45.0,210.0,,,,ATX Mid Tower,165.0,1
158.0,85.0,,,,Mini ITX Tower,-73.0,0
155.0,70.0,,,,HTPC,-85.0,0
58.0,200.0,,,,Mini ITX Tower,142.0,1
159.0,68.0,120.0,1,,Mini ITX Tower,-91.0,0
130.0,83.0,,,,Mini ITX Tower,-47.0,0
159.0,148.0,120.0,1,,ATX Mid Tower,-11.0,0
66.0,170.0,,,360.0,ATX Mid Tower,104.0,1
163.0,182.0,,,,ATX Mid Tower,19.0,1
128.0,45.0,,,,Mini ITX Tower,-83.0,0
161.0,65.0,,,,Mini ITX Tower,-96.0,0
158.0,75.0,,,,Micro ATX Mini Tower,-83.0,0
156.0,180.0,,,,ATX Mid Tower,24.0,1
137.0,70.0,,,,HTPC,-67.0,0
159.0,61.0,,,,Mini ITX Tower,-98.0,0
125.0,177.0,,,240.0,ATX Full Tower,52.0,1
157.0,68.0,,,,Mini ITX Tower,-89.0,0
78.0,168.0,120.0,3,360.0,ATX Mid Tower,90.0,1
165.0,160.0,,,,ATX Mid Tower,-5.0,0
120.0,82.0,,,,Mini ITX Tower,-38.0,0
162.0,160.0,,,,Micro ATX Mid Tower,-2.0,0
135.0,160.0,,,,Micro ATX Mid Tower,25.0,1
167.0,155.0,,,,Mini ITX Tower,-12.0,0
72.0,158.0,120.0,2,240.0,ATX Mid Tower,86.0,1
170.0,161.0,,,,ATX Mid Tower,-9.0,0
34.0,165.0,,,,ATX Mid Tower,131.0,1
166.0,135.0,,,,Micro ATX Mid Tower,-31.0,0
68.0,155.0,,,240.0,ATX Mid Tower,87.0,1
153.0,184.0,,,,ATX Mid Tower,31.0,1
65.0,195.0,,,,ATX Full Tower,130.0,1
155.0,70.0,,,,Mini ITX Tower,-85.0,0
161.0,160.0,120.0,3,360.0,ATX Mid Tower,-1.0,0
120.0,38.0,,,,Mini ITX Tower,-82.0,0
155.0,157.0,120.0,2,,ATX Mid Tower,2.0,1
155.0,130.0,,,,Mini ITX Tower,-25.0,0
118.0,70.0,,,,Mini ITX Tower,-48.0,0
149.0,85.0,,,,Mini ITX Tower,-64.0,0
138.0,181.0,,,,ATX Mid Tower,43.0,1
165.0,164.0,,,,Micro ATX Desktop,-1.0,0
166.0,155.0,120.0,,,Micro ATX Mini Tower,-11.0,0
172.0,163.0,,,,ATX Mid Tower,-9.0,0
30.0,170.0,,,,ATX Mid Tower,140.0,1
125.0,165.0,,,360.0,ATX Mid Tower,40.0,1
153.0,61.0,,,,Mini ITX Tower,-92.0,0
60.0,162.0,,,240.0,ATX Mid Tower,102.0,1
59.0,160.0,,,360.0,Micro ATX Mid Tower,101.0,1
159.0,155.0,,,,ATX Mid Tower,-4.0,0
162.0,160.0,,,,ATX Mid Tower,-2.0,0
69.0,47.0,120.0,,360.0,Micro ATX Desktop,-22.0,0
60.0,55.0,,,240.0,Mini ITX Tower,-5.0,0
60.0,158.75,120.0,3,360.0,ATX Mid Tower,98.75,1
45.0,166.0,,,,ATX Mid Tower,121.0,1
163.0,160.0,,,,ATX Mid Tower,-3.0,0
159.0,145.0,,,,ATX Mid Tower,-14.0,0
162.0,155.0,135.0,2,,ATX Mid Tower,-7.0,0
68.0,185.0,,,,ATX Mid Tower,117.0,1
167.0,160.0,,,,ATX Mini Tower,-7.0,0
162.0,188.0,,,,ATX Mid Tower,26.0,1
155.0,130.0,,,,Mini ITX Tower,-25.0,0
54.0,159.0,,,240.0,ATX Mid Tower,105.0,1
160.0,165.0,,,,ATX Mid Tower,5.0,1
66.0,172.0,,,,Mini ITX Tower,106.0,1
171.0,165.0,,,,ATX Mid Tower,-6.0,0
168.0,165.0,,,,Micro ATX Mini Tower,-3.0,0
186.0,175.0,120.0,3,360.0,EATX Full Tower,-11.0,0
154.0,210.0,,,,ATX Mid Tower,56.0,1
153.0,170.0,,,,ATX Mid Tower,17.0,1
158.0,190.0,,,,ATX Full Tower,32.0,1
155.0,167.0,,,,ATX Full Tower,12.0,1
159.0,156.0,,,,ATX Mid Tower,-3.0,0
165.0,164.0,,,,Micro ATX Mini Tower,-1.0,0
165.0,75.0,,,,Micro ATX Mini Tower,-90.0,0
172.0,160.0,,,,ATX Mid Tower,-12.0,0
155.0,75.0,,,,Mini ITX Tower,-80.0,0
159.0,158.75,,,,ATX Mid Tower,-0.25,0
45.0,170.0,,,,ATX Mid Tower,125.0,1
158.0,67.0,,,,Mini ITX Tower,-91.0,0
162.0,85.0,,,,Mini ITX Tower,-77.0,0
165.0,138.0,,,,HTPC,-27.0,0
136.0,81.0,,,,Micro ATX Slim Tower,-55.0,0
154.0,70.0,,,,HTPC,-84.0,0
168.0,158.0,,,,Micro ATX Mini Tower,-10.0,0
58.0,57.0,,,360.0,Mini ITX Tower,-1.0,0
80.0,193.0,120.0,2,240.0,ATX Full Tower,113.0,1
162.0,158.0,,,,ATX Full Tower,-4.0,0
169.0,156.0,,,,ATX Mid Tower,-13.0,0
148.0,138.0,,,,HTPC,-10.0,0
154.0,138.0,120.0,2,,HTPC,-16.0,0
32.0,160.0,,,,ATX Mid Tower,128.0,1
47.0,170.0,,,240.0,ATX Mid Tower,123.0,1
67.0,170.0,,,,ATX Mid Tower,103.0,1
155.0,65.0,,,,Mini ITX Tower,-90.0,0
158.0,182.0,,,,ATX Full Tower,24.0,1
158.0,155.0,,,,ATX Mid Tower,-3.0,0
58.0,180.5,,,,EATX Mid Tower,122.5,1
123.0,67.0,,,,Mini ITX Tower,-56.0,0
158.0,140.0,120.0,2,,Mini ITX Tower,-18.0,0
77.0,178.0,,,,,101.0,1
158.0,70.0,,,,Mini ITX Tower,-88.0,0
63.0,160.0,,,360.0,ATX Mid Tower,97.0,1
157.0,155.0,,,,Micro ATX Mid Tower,-2.0,0
166.0,162.0,120.0,,,ATX Mid Tower,-4.0,0
159.0,150.0,,,,ATX Mid Tower,-9.0,0
161.0,160.0,,,,Micro ATX Mini Tower,-1.0,0
159.0,48.0,,,,Mini ITX Tower,-111.0,0
158.0,155.0,140.0,2,,Mini ITX Tower,-3.0,0
155.0,180.0,,,,ATX Mid Tower,25.0,1
152.0,140.0,,,,Mini ITX Tower,-12.0,0
160.0,158.75,,,,ATX Mid Tower,-1.25,0
158.0,170.0,,,,ATX Mid Tower,12.0,1
65.0,180.0,240.0,1,240.0,ATX Mid Tower,115.0,1
78.0,67.0,120.0,3,360.0,Mini ITX Tower,-11.0,0
136.0,70.0,,,,HTPC,-66.0,0
117.0,130.0,,,,Mini ITX Tower,13.0,1
154.0,77.0,,,,Mini ITX Tower,-77.0,0
397.0,75.0,120.0,3,360.0,Micro ATX Mini Tower,-322.0,0
153.0,170.0,,,,ATX Mid Tower,17.0,1
123.0,67.0,,,,Mini ITX Tower,-56.0,0
62.0,166.0,,,360.0,ATX Mid Tower,104.0,1
162.0,160.0,,,,ATX Mid Tower,-2.0,0
148.0,77.0,,,,HTPC,-71.0,0
186.0,167.0,120.0,3,360.0,ATX Mid Tower,-19.0,0
169.0,168.0,,,,ATX Mid Tower,-1.0,0
133.0,160.0,,,,ATX Mid Tower,27.0,1
155.0,70.0,,1,,HTPC,-85.0,0
161.0,160.0,,,,ATX Mid Tower,-1.0,0
152.0,68.0,,,,Mini ITX Tower,-84.0,0
130.0,82.0,,,,Micro ATX Desktop,-48.0,0
59.0,45.0,,,,Mini ITX Tower,-14.0,0
45.0,180.0,,,,ATX Mid Tower,135.0,1
160.0,145.0,,,,ATX Mid Tower,-15.0,0
160.0,164.0,,,,ATX Mid Tower,4.0,1
165.0,158.0,,,,ATX Full Tower,-7.0,0
160.0,140.0,,,,Micro ATX Mini Tower,-20.0,0
151.0,165.0,120.0,2,,ATX Mid Tower,14.0,1
156.0,162.0,,,,Micro ATX Mid Tower,6.0,1
158.0,156.0,,,,ATX Mid Tower,-2.0,0
66.0,165.0,,,360.0,ATX Mid Tower,99.0,1
145.0,88.2,,,,ATX Mid Tower,-56.8,0
154.0,151.0,,,,ATX Mid Tower,-3.0,0
168.0,148.0,,,,Micro ATX Mini Tower,-20.0,0
130.0,70.0,,,,Mini ITX Tower,-60.0,0
53.0,163.0,,,120.0,ATX Mid Tower,110.0,1
165.0,160.0,,,,ATX Mid Tower,-5.0,0
160.0,70.0,,,,HTPC,-90.0,0
159.0,170.0,120.0,1,,ATX Mid Tower,11.0,1
160.0,170.0,,,,ATX Mid Tower,10.0,1
153.0,77.0,,,,HTPC,-76.0,0
26.0,160.0,,,,Micro ATX Mini Tower,134.0,1
154.0,85.0,,,,Mini ITX Tower,-69.0,0
150.0,170.0,,,,ATX Mid Tower,20.0,1
53.0,165.0,95.0,2,,ATX Mid Tower,112.0,1
154.0,120.0,,,,Mini ITX Tower,-34.0,0
167.0,156.0,,,,ATX Mid Tower,-11.0,0
158.0,155.0,,,,Mini ITX Tower,-3.0,0
160.0,38.0,,,,Mini ITX Tower,-122.0,0
137.0,114.0,,,,Mini ITX Tower,-23.0,0
157.0,168.0,,,,Micro ATX Mini Tower,11.0,1
52.0,170.0,,,240.0,ATX Mid Tower,118.0,1
169.0,157.0,,,,ATX Mid Tower,-12.0,0
65.0,185.0,120.0,3,360.0,Micro ATX Mini Tower,120.0,1
155.0,65.0,,,,Micro ATX Mini Tower,-90.0,0
49.0,162.0,,,360.0,ATX Mid Tower,113.0,1
159.0,165.0,,,,ATX Mid Tower,6.0,1
163.0,155.0,,,,ATX Mid Tower,-8.0,0
34.0,160.0,,,,ATX Mid Tower,126.0,1
160.0,184.0,,,,ATX Mid Tower,24.0,1
140.0,170.0,,,,Micro ATX Mid Tower,30.0,1
157.0,145.0,,,,ATX Mid Tower,-12.0,0
66.0,185.0,,,360.0,ATX Mid Tower,119.0,1
158.0,150.0,,,,Micro ATX Mini Tower,-8.0,0
150.0,185.0,,,,ATX Mid Tower,35.0,1
160.0,160.0,,,,ATX Mid Tower,0.0,1
57.0,173.0,120.0,2,240.0,ATX Mid Tower,116.0,1
156.0,151.0,,,,Micro ATX Mini Tower,-5.0,0
153.0,65.0,,,,Micro ATX Mini Tower,-88.0,0
52.0,160.0,,,360.0,ATX Mid Tower,108.0,1
78.0,148.0,120.0,3,360.0,ATX Mid Tower,70.0,1
56.0,169.0,140.0,,280.0,ATX Mid Tower,113.0,1
116.0,180.0,120.0,2,240.0,ATX Full Tower,64.0,1
155.0,138.0,,,,HTPC,-17.0,0
158.0,180.0,,,,ATX Mid Tower,22.0,1
48.0,176.0,,,240.0,ATX Mid Tower,128.0,1
40.0,146.0,,,,ATX Mid Tower,106.0,1
154.0,190.0,,,,ATX Mid Tower,36.0,1
158.0,155.0,140.0,2,,ATX Mid Tower,-3.0,0
158.0,155.0,,,,ATX Mid Tower,-3.0,0
165.0,110.0,,,,Mini ITX Tower,-55.0,0
125.0,181.0,,,,ATX Mid Tower,56.0,1
171.0,150.0,,,,ATX Mid Tower,-21.0,0
165.0,48.0,,,,Mini ITX Tower,-117.0,0
60.0,160.0,140.0,,280.0,ATX Mid Tower,100.0,1
45.0,161.0,,,,Micro ATX Mid Tower,116.0,1
148.0,170.0,,,,ATX Mid Tower,22.0,1
158.0,70.0,,,,HTPC,-88.0,0
159.0,170.0,,,,ATX Mid Tower,11.0,1
155.0,175.0,120.0,,,ATX Mid Tower,20.0,1
165.0,155.0,,,,Micro ATX Mini Tower,-10.0,0
158.0,83.0,,,,Mini ITX Tower,-75.0,0
157.0,175.0,,,,Micro ATX Mini Tower,18.0,1
155.0,170.0,,,,Micro ATX Mid Tower,15.0,1
77.0,67.0,,,,Mini ITX Tower,-10.0,0
160.0,175.0,,,,ATX Mid Tower,15.0,1
159.0,70.0,,,,Micro ATX Desktop,-89.0,0
160.0,159.0,,,,Micro ATX Mini Tower,-1.0,0
158.0,175.0,,,,ATX Mid Tower,17.0,1
133.0,181.0,,,,ATX Mid Tower,48.0,1
158.0,155.0,,,,ATX Mid Tower,-3.0,0
127.0,185.0,100.0,2,,ATX Mid Tower,58.0,1
158.0,150.0,,,,ATX Mid Tower,-8.0,0
157.0,145.0,120.0,2,,ATX Mid Tower,-12.0,0
68.0,170.0,,,,ATX Mid Tower,102.0,1
52.0,82.0,140.0,2,280.0,Micro ATX Desktop,30.0,1
105.0,70.0,,,360.0,Mini ITX Tower,-35.0,0
154.0,90.0,120.0,2,,Micro ATX Desktop,-64.0,0
163.0,158.0,,,,ATX Mid Tower,-5.0,0
155.0,175.0,,,,Micro ATX Mid Tower,20.0,1
60.0,184.0,120.0,,240.0,ATX Mid Tower,124.0,1
155.0,166.0,,,,ATX Mid Tower,11.0,1
165.0,163.5,,,,Micro ATX Mid Tower,-1.5,0
77.0,185.0,,,,ATX Mid Tower,108.0,1
135.0,110.0,,,,Mini ITX Tower,-25.0,0
158.0,160.0,,,,ATX Mid Tower,2.0,1
156.0,180.0,,,,ATX Mid Tower,24.0,1
143.0,67.0,,,,Mini ITX Tower,-76.0,0
68.0,185.0,,,420.0,Micro ATX Desktop,117.0,1
63.0,55.0,,,360.0,Mini ITX Tower,-8.0,0
155.0,150.0,,,,Micro ATX Mid Tower,-5.0,0
110.0,61.0,,,,Mini ITX Tower,-49.0,0
156.0,187.0,,,,Micro ATX Mini Tower,31.0,1
165.0,155.0,,,,ATX Mid Tower,-10.0,0
166.0,160.0,,,,ATX Mid Tower,-6.0,0
165.0,156.0,,,,ATX Mid Tower,-9.0,0
161.0,160.0,,,,Micro ATX Mini Tower,-1.0,0
53.0,57.0,120.0,2,240.0,Mini ITX Tower,4.0,1
130.0,61.0,,,,Mini ITX Tower,-69.0,0
156.0,155.0,,,,ATX Mid Tower,-1.0,0
81.0,165.0,120.0,3,360.0,ATX Mid Tower,84.0,1
150.0,70.0,,,,Micro ATX Desktop,-80.0,0
154.0,61.0,,,,Mini ITX Tower,-93.0,0
159.0,170.0,,,,ATX Mid Tower,11.0,1
60.0,167.0,120.0,2,240.0,Mini ITX Tower,107.0,1
166.0,160.0,,,,ATX Mid Tower,-6.0,0
81.0,67.0,,,,Mini ITX Tower,-14.0,0
158.0,174.0,,,,ATX Mid Tower,16.0,1
165.0,155.0,,,,ATX Mid Tower,-10.0,0
63.0,161.0,,,360.0,Micro ATX Mid Tower,98.0,1
163.0,161.0,,,,ATX Mid Tower,-2.0,0
150.0,166.0,,,,ATX Mid Tower,16.0,1
154.0,198.0,,,,ATX Full Tower,44.0,1
146.0,145.0,,,,ATX Mid Tower,-1.0,0
160.0,114.0,,,,Mini ITX Tower,-46.0,0
70.0,175.0,,,360.0,Micro ATX Mini Tower,105.0,1
169.0,158.0,,,,ATX Mid Tower,-11.0,0
78.0,170.0,,,,ATX Mid Tower,92.0,1
155.0,165.0,,,,ATX Mid Tower,10.0,1
153.0,170.0,,,,ATX Mid Tower,17.0,1
154.0,185.0,,,,ATX Full Tower,31.0,1
155.0,61.0,,,,Mini ITX Tower,-94.0,0
150.0,114.0,,,,Mini ITX Tower,-36.0,0
57.0,48.0,,,360.0,Mini ITX Tower,-9.0,0
159.0,155.0,,,,Micro ATX Mid Tower,-4.0,0
162.0,160.0,,,,ATX Mid Tower,-2.0,0
160.0,156.0,,,,Micro ATX Mid Tower,-4.0,0
54.0,166.0,120.0,2,240.0,ATX Mid Tower,112.0,1
42.0,171.0,,,280.0,ATX Mid Tower,129.0,1
37.0,170.0,,,,ATX Mid Tower,133.0,1
110.0,82.0,,,,Micro ATX Mini Tower,-28.0,0
51.0,174.0,,,360.0,ATX Mid Tower,123.0,1
125.0,171.0,,,,ATX Mid Tower,46.0,1
68.5,55.0,140.0,2,280.0,Mini ITX Tower,-13.5,0
155.0,205.0,,,,ATX Full Tower,50.0,1
150.0,65.0,120.0,2,240.0,Mini ITX Tower,-85.0,0
166.0,168.0,,,,ATX Mid Tower,2.0,1
155.0,170.0,,,,ATX Mid Tower,15.0,1
148.0,160.0,,,,ATX Mid Tower,12.0,1
152.0,151.0,,,,ATX Mid Tower,-1.0,0
154.0,138.0,,,,HTPC,-16.0,0
64.0,58.0,,,360.0,HTPC,-6.0,0
153.0,85.0,,,,Mini ITX Tower,-68.0,0
170.0,156.0,,,,ATX Mid Tower,-14.0,0
157.0,160.0,,,,ATX Mid Tower,3.0,1
150.0,70.0,,,,HTPC,-80.0,0
163.0,68.0,,,,Mini ITX Tower,-95.0,0
137.0,170.0,,,,ATX Mid Tower,33.0,1
154.0,82.0,,,,Micro ATX Mid Tower,-72.0,0
163.0,114.0,120.0,,,Mini ITX Tower,-49.0,0
163.0,162.0,120.0,,,Micro ATX Mid Tower,-1.0,0
165.0,160.0,,,,ATX Mid Tower,-5.0,0
158.0,175.0,,,,ATX Mid Tower,17.0,1
63.0,165.0,,,,ATX Mid Tower,102.0,1
157.0,120.0,,,,Mini ITX Tower,-37.0,0
110.0,75.0,,,,Mini ITX Tower,-35.0,0
159.0,173.0,,,,ATX Mid Tower,14.0,1
158.0,81.0,,,,Micro ATX Slim Tower,-77.0,0
164.0,160.0,,,,ATX Mid Tower,-4.0,0
149.0,160.0,,,,ATX Mid Tower,11.0,1
110.0,183.0,,,,ATX Mid Tower,73.0,1
86.4,138.0,120.0,3,360.0,HTPC,51.6,1
145.0,167.0,,,,ATX Mid Tower,22.0,1
62.0,160.0,120.0,3,360.0,ATX Mid Tower,98.0,1
60.0,165.0,120.0,3,360.0,ATX Mid Tower,105.0,1
153.0,175.0,,,,EATX Full Tower,22.0,1
162.0,155.0,,,,Micro ATX Mini Tower,-7.0,0
60.0,171.0,,,360.0,ATX Mid Tower,111.0,1
153.0,61.0,,,,Mini ITX Tower,-92.0,0
153.0,170.0,,,,EATX Mid Tower,17.0,1
150.0,83.0,,,,Mini ITX Tower,-67.0,0
165.0,120.0,,,,Mini ITX Tower,-45.0,0
153.0,65.0,,,,Micro ATX Mini Tower,-88.0,0
110.0,154.0,,,,Micro ATX Mid Tower,44.0,1
158.0,165.0,120.0,1,,ATX Mid Tower,7.0,1
62.0,165.0,,,240.0,Micro ATX Mini Tower,103.0,1
160.0,150.0,,,,ATX Mid Tower,-10.0,0
136.0,170.0,,,,ATX Mid Tower,34.0,1
116.0,165.0,120.0,2,240.0,Micro ATX Mini Tower,49.0,1
68.0,160.0,,,,Micro ATX Mini Tower,92.0,1
163.0,58.0,120.0,,,HTPC,-105.0,0
153.0,175.0,,,,ATX Mid Tower,22.0,1
157.0,138.0,,,,HTPC,-19.0,0
155.0,150.0,,,,Mini ITX Tower,-5.0,0
90.0,88.2,,,360.0,ATX Mid Tower,-1.8,0
166.0,160.0,,,,ATX Mid Tower,-6.0,0
165.0,154.0,,,,Micro ATX Mid Tower,-11.0,0
160.0,135.0,,,,Micro ATX Mid Tower,-25.0,0
155.0,138.0,,,,HTPC,-17.0,0
150.0,120.0,,,,Mini ITX Tower,-30.0,0
52.0,180.5,,,360.0,EATX Mid Tower,128.5,1
165.0,180.0,,,,ATX Mid Tower,15.0,1
158.0,82.0,,,,Micro ATX Desktop,-76.0,0
51.0,165.0,,,360.0,ATX Mid Tower,114.0,1
160.0,187.0,,,,Micro ATX Mid Tower,27.0,1
53.0,165.0,95.0,2,,Micro ATX Mini Tower,112.0,1
62.0,185.0,120.0,3,360.0,ATX Full Tower,123.0,1
167.0,160.0,,,,ATX Mid Tower,-7.0,0
166.0,67.0,,,,Mini ITX Tower,-99.0,0
155.0,165.0,,,,ATX Mid Tower,10.0,1
62.0,175.0,,,360.0,ATX Mid Tower,113.0,1
136.0,68.0,,,,Mini ITX Tower,-68.0,0
155.0,160.0,,,,Micro ATX Mini Tower,5.0,1
62.0,190.0,,,360.0,ATX Mid Tower,128.0,1
150.0,140.0,,,,Mini ITX Tower,-10.0,0
158.0,180.0,,,,ATX Mid Tower,22.0,1
154.0,180.0,,,,ATX Mid Tower,26.0,1
94.0,170.0,100.0,1,,ATX Mid Tower,76.0,1
154.0,138.0,,,,HTPC,-16.0,0
159.0,68.0,,,,Mini ITX Tower,-91.0,0
161.0,190.0,,,,ATX Full Tower,29.0,1
27.0,180.0,,,,ATX Mid Tower,153.0,1
169.0,166.0,,,,ATX Mid Tower,-3.0,0
154.0,82.0,,,,Micro ATX Mid Tower,-72.0,0
154.0,85.0,,,,Mini ITX Tower,-69.0,0
157.0,150.0,,,,Micro ATX Mid Tower,-7.0,0
166.0,165.0,120.0,,,Micro ATX Mini Tower,-1.0,0
158.0,170.0,120.0,2,,ATX Mid Tower,12.0,1
130.0,165.0,,,,Micro ATX Mini Tower,35.0,1
159.0,155.0,,,,ATX Mid Tower,-4.0,0
155.0,77.0,,,,Mini ITX Tower,-78.0,0
101.0,180.0,120.0,3,360.0,ATX Mid Tower,79.0,1
155.0,70.0,,,,Mini ITX Tower,-85.0,0
150.0,170.0,,,,ATX Mid Tower,20.0,1
165.0,160.0,,,,ATX Mid Tower,-5.0,0
162.0,170.0,,,,ATX Mid Tower,8.0,1
134.0,75.0,,,,Micro ATX Mini Tower,-59.0,0
135.0,67.0,92.0,,,Mini ITX Tower,-68.0,0
155.0,146.0,,,,ATX Mid Tower,-9.0,0
156.0,83.0,,,,Mini ITX Tower,-73.0,0
158.0,156.0,,,,Micro ATX Mini Tower,-2.0,0
157.0,45.0,,,,Mini ITX Tower,-112.0,0
156.0,165.0,,,,ATX Mid Tower,9.0,1
160.0,150.0,,,,Micro ATX Mid Tower,-10.0,0
68.0,61.0,,,360.0,Mini ITX Tower,-7.0,0
116.0,170.0,120.0,3,360.0,ATX Mid Tower,54.0,1
165.0,70.0,,,,Mini ITX Tower,-95.0,0
154.0,70.0,,,,Mini ITX Tower,-84.0,0
154.0,190.0,,,,ATX Mid Tower,36.0,1
77.0,70.0,,,,HTPC,-7.0,0
169.0,165.0,,,,Micro ATX Mini Tower,-4.0,0
159.0,114.0,,,,Mini ITX Tower,-45.0,0
157.0,155.0,,,,Mini ITX Tower,-2.0,0
160.0,161.0,,,,ATX Mid Tower,1.0,1
157.0,185.0,120.0,2,,ATX Mid Tower,28.0,1
155.0,138.0,,,,HTPC,-17.0,0
30.4,160.0,120.0,2,240.0,Micro ATX Mini Tower,129.6,1
167.0,156.0,,,,ATX Mid Tower,-11.0,0
116.0,162.0,140.0,2,280.0,ATX Mid Tower,46.0,1
156.0,83.0,,,,Mini ITX Tower,-73.0,0
163.0,179.0,,,,ATX Mid Tower,16.0,1
75.6,47.0,130.0,1,,Micro ATX Desktop,-28.6,0
49.0,180.0,,,360.0,ATX Mid Tower,131.0,1
158.0,155.0,,,,ATX Mid Tower,-3.0,0
169.0,164.0,,,,ATX Mid Tower,-5.0,0
78.0,170.0,,,360.0,ATX Mid Tower,92.0,1
160.0,150.0,,,,ATX Mid Tower,-10.0,0
157.0,160.0,,,,ATX Mid Tower,3.0,1
55.0,190.0,,,360.0,Mini ITX Tower,135.0,1
62.0,175.0,120.0,3,360.0,ATX Mid Tower,113.0,1
157.0,75.0,,,,Micro ATX Mini Tower,-82.0,0
56.0,168.0,,,240.0,ATX Mid Tower,112.0,1
154.0,150.0,,,,ATX Mid Tower,-4.0,0
81.0,169.0,,,,ATX Mid Tower,88.0,1
166.0,180.0,,,,ATX Mid Tower,14.0,1
155.0,55.0,,,,Mini ITX Tower,-100.0,0
136.0,167.0,,,,ATX Mid Tower,31.0,1
158.0,150.0,,,,ATX Mid Tower,-8.0,0
155.0,154.0,,,,Micro ATX Mid Tower,-1.0,0
160.0,70.0,,,,Mini ITX Tower,-90.0,0
78.0,180.0,,,360.0,EATX Mid Tower,102.0,1
107.0,170.0,120.0,3,360.0,ATX Mid Tower,63.0,1
50.0,186.0,,,360.0,ATX Full Tower,136.0,1
168.0,155.0,,,,ATX Mid Tower,-13.0,0
137.0,110.0,120.0,3,360.0,Mini ITX Tower,-27.0,0
170.0,165.0,,,,ATX Mid Tower,-5.0,0
166.0,150.0,120.0,,,Mini ITX Tower,-16.0,0
157.0,155.0,,,,ATX Mid Tower,-2.0,0
161.0,47.0,,,,Micro ATX Desktop,-114.0,0
150.0,55.0,,,,Mini ITX Tower,-95.0,0
160.0,70.0,,,,Mini ITX Tower,-90.0,0
165.0,160.0,,,,ATX Mid Tower,-5.0,0
158.0,85.0,,,,Mini ITX Tower,-73.0,0
125.0,70.0,,,,HTPC,-55.0,0
167.0,160.0,,,,ATX Mid Tower,-7.0,0
133.0,165.0,,,,ATX Mid Tower,32.0,1
154.0,182.0,,,,ATX Mid Tower,28.0,1
135.0,167.0,,,,ATX Mid Tower,32.0,1
70.0,161.0,,,,Micro ATX Mid Tower,91.0,1
159.0,138.0,120.0,,,HTPC,-21.0,0
158.0,154.0,,,,Micro ATX Mid Tower,-4.0,0
166.0,160.0,,,,ATX Mid Tower,-6.0,0
143.0,210.0,,,,ATX Mid Tower,67.0,1
155.0,68.0,,,,Mini ITX Tower,-87.0,0
135.0,38.0,,,,Mini ITX Tower,-97.0,0
135.0,70.0,,,,Micro ATX Desktop,-65.0,0
158.0,70.0,,,,Mini ITX Tower,-88.0,0
167.0,156.0,,,,ATX Mid Tower,-11.0,0
158.0,77.0,,,,Mini ITX Tower,-81.0,0
154.0,140.0,,,,Mini ITX Tower,-14.0,0
159.0,160.0,,,,ATX Mid Tower,1.0,1
154.0,160.0,120.0,2,,ATX Mid Tower,6.0,1
157.0,68.0,,,,Mini ITX Tower,-89.0,0
172.0,180.0,,,,ATX Mid Tower,8.0,1
154.0,148.0,,,,Micro ATX Mini Tower,-6.0,0
155.0,160.0,,,,ATX Mid Tower,5.0,1
52.0,166.0,140.0,3,420.0,ATX Mid Tower,114.0,1
150.0,165.0,,,,ATX Mid Tower,15.0,1
53.0,175.0,120.0,3,360.0,Micro ATX Mini Tower,122.0,1
135.0,170.0,,,,Mini ITX Tower,35.0,1
154.0,57.0,120.0,2,,Micro ATX Desktop,-97.0,0
160.0,155.0,,,,ATX Mid Tower,-5.0,0
168.0,160.0,,,,ATX Mid Tower,-8.0,0
166.0,83.0,120.0,,,Mini ITX Tower,-83.0,0
158.0,157.0,,,,ATX Mid Tower,-1.0,0
160.0,157.0,,,,Micro ATX Mini Tower,-3.0,0
168.0,58.0,120.0,,,HTPC,-110.0,0
135.0,173.0,,,,ATX Mid Tower,38.0,1
165.0,160.0,,,,ATX Mid Tower,-5.0,0
54.0,166.0,,,360.0,ATX Mid Tower,112.0,1
123.0,165.0,,,,ATX Mid Tower,42.0,1
137.0,58.0,,,,HTPC,-79.0,0
161.0,155.0,120.0,2,,Mini ITX Tower,-6.0,0
135.0,155.0,,,,ATX Mid Tower,20.0,1
130.0,163.5,,,,Micro ATX Mid Tower,33.5,1
67.0,170.0,,,,ATX Mid Tower,103.0,1
155.0,185.0,,,,ATX Mid Tower,30.0,1
151.0,85.0,,,,Mini ITX Tower,-66.0,0
169.0,166.0,,,,ATX Mid Tower,-3.0,0
101.0,85.0,120.0,2,240.0,Mini ITX Tower,-16.0,0
116.0,168.0,140.0,2,280.0,Micro ATX Mini Tower,52.0,1
154.0,170.0,,,,ATX Mid Tower,16.0,1
161.0,88.2,120.0,2,,ATX Mid Tower,-72.8,0
154.0,165.0,,,,ATX Mid Tower,11.0,1
143.0,155.0,,,,ATX Mid Tower,12.0,1
397.0,170.0,120.0,3,360.0,ATX Mid Tower,-227.0,0
160.0,168.0,,,,ATX Mid Tower,8.0,1
134.0,178.0,,,,ATX Mid Tower,44.0,1
142.0,110.0,,,,Mini ITX Tower,-32.0,0
158.0,57.0,,,,Mini ITX Tower,-101.0,0
159.0,57.0,,,,Mini ITX Tower,-102.0,0
155.0,150.0,,,,Micro ATX Mini Tower,-5.0,0
47.0,170.0,,,,ATX Mid Tower,123.0,1
68.0,170.0,140.0,2,280.0,Micro ATX Mid Tower,102.0,1
36.0,157.0,,,,Micro ATX Mini Tower,121.0,1
153.0,165.0,,,,ATX Mid Tower,12.0,1
160.0,150.0,,,,Micro ATX Mid Tower,-10.0,0
155.0,175.0,120.0,,,ATX Mid Tower,20.0,1
156.0,68.0,,,,Mini ITX Tower,-88.0,0
53.0,45.0,120.0,3,240.0,Mini ITX Tower,-8.0,0
160.0,150.0,,,,Micro ATX Mini Tower,-10.0,0
165.0,160.0,,,,ATX Mid Tower,-5.0,0
154.0,145.0,120.0,2,,ATX Mid Tower,-9.0,0
155.0,165.0,,,,ATX Mid Tower,10.0,1
160.0,158.75,,,,ATX Mid Tower,-1.25,0
154.0,150.0,,,,Micro ATX Mini Tower,-4.0,0
155.0,175.0,,1,,Micro ATX Mid Tower,20.0,1
72.0,160.0,120.0,2,240.0,ATX Mini Tower,88.0,1
154.0,77.0,,,,Mini ITX Tower,-77.0,0
160.0,158.0,,,,ATX Mid Tower,-2.0,0
27.0,165.0,120.0,3,360.0,ATX Mid Tower,138.0,1
57.0,168.0,,,240.0,ATX Mid Tower,111.0,1
155.0,83.0,,,,Mini ITX Tower,-72.0,0
159.0,68.0,,,,Mini ITX Tower,-91.0,0
158.0,58.0,,,,HTPC,-100.0,0
154.0,165.0,,,,ATX Mid Tower,11.0,1
135.0,188.0,120.0,1,,ATX Mid Tower,53.0,1
162.0,160.0,,,,ATX Mid Tower,-2.0,0
55.0,175.0,,,360.0,ATX Full Tower,120.0,1
136.0,170.0,,,,ATX Mid Tower,34.0,1
54.0,155.0,,,240.0,ATX Mid Tower,101.0,1
110.0,165.0,,,,ATX Mid Tower,55.0,1
65.0,160.0,,,240.0,Micro ATX Mini Tower,95.0,1
153.0,170.0,,,,ATX Mid Tower,17.0,1
160.0,180.0,,,,ATX Mid Tower,20.0,1
155.0,165.0,,,,Micro ATX Mini Tower,10.0,1
157.0,68.0,,,,Mini ITX Tower,-89.0,0
66.1,165.0,120.0,3,360.0,Micro ATX Mini Tower,98.9,1
158.0,185.0,,,,ATX Mid Tower,27.0,1
159.0,195.0,,,,ATX Mid Tower,36.0,1
148.0,95.0,,,,ATX Mid Tower,-53.0,0
133.0,114.0,,,,Mini ITX Tower,-19.0,0
54.0,164.0,,,,Micro ATX Mini Tower,110.0,1
158.0,165.0,,,,ATX Mid Tower,7.0,1
54.0,155.0,,,360.0,ATX Mid Tower,101.0,1
47.0,160.0,,,240.0,ATX Mid Tower,113.0,1
155.0,160.0,,,,ATX Mid Tower,5.0,1
117.0,166.0,,,,ATX Mid Tower,49.0,1
158.0,45.0,,,,Mini ITX Tower,-113.0,0
158.0,184.0,,,,ATX Mid Tower,26.0,1
155.0,163.5,,,,Micro ATX Mini Tower,8.5,1
57.0,180.0,,,240.0,Micro ATX Mini Tower,123.0,1
160.0,155.0,140.0,2,280.0,Mini ITX Tower,-5.0,0
160.0,138.0,,,,HTPC,-22.0,0
148.0,210.0,,,,ATX Mid Tower,62.0,1
69.0,165.0,120.0,2,240.0,ATX Mid Tower,96.0,1
154.0,150.0,,,,Micro ATX Mid Tower,-4.0,0
154.0,180.0,,,,ATX Mid Tower,26.0,1
155.0,170.0,,,,ATX Mid Tower,15.0,1
125.0,85.0,120.0,3,360.0,Mini ITX Tower,-40.0,0
73.0,70.0,,,,Mini ITX Tower,-3.0,0
154.0,167.0,,,,Mini ITX Tower,13.0,1
140.0,57.0,,,,Micro ATX Desktop,-83.0,0
52.0,178.0,,,,ATX Mid Tower,126.0,1
166.0,165.0,,,,ATX Mid Tower,-1.0,0
110.0,175.0,,,,ATX Mid Tower,65.0,1
169.0,160.0,,,,Micro ATX Mid Tower,-9.0,0
160.0,165.0,135.0,1,,Micro ATX Mini Tower,5.0,1
160.0,67.0,,,,Mini ITX Tower,-93.0,0
154.0,180.0,120.0,2,,ATX Mid Tower,26.0,1
46.0,170.0,120.0,3,360.0,ATX Mid Tower,124.0,1
75.0,175.0,,,,ATX Mid Tower,100.0,1
160.0,70.0,,,,HTPC,-90.0,0
157.0,185.0,120.0,2,,ATX Mid Tower,28.0,1
155.0,170.0,,,,ATX Mid Tower,15.0,1
135.0,82.0,92.0,,,Micro ATX Mid Tower,-53.0,0
94.0,155.0,120.0,2,240.0,ATX Mid Tower,61.0,1
157.0,110.0,,,,Mini ITX Tower,-47.0,0
165.0,160.0,,,,Micro ATX Mini Tower,-5.0,0
157.0,156.0,120.0,2,,ATX Mid Tower,-1.0,0
154.0,55.0,,,,Mini ITX Tower,-99.0,0
158.0,68.0,120.0,2,,Mini ITX Tower,-90.0,0
133.0,174.0,,,,ATX Mid Tower,41.0,1
155.0,160.0,120.0,1,,ATX Mid Tower,5.0,1
155.0,68.0,,,,Mini ITX Tower,-87.0,0
100.0,180.0,,,360.0,Micro ATX Mini Tower,80.0,1
157.0,48.0,,,,Mini ITX Tower,-109.0,0
158.0,68.0,140.0,2,,Mini ITX Tower,-90.0,0
54.0,164.0,,,360.0,Micro ATX Mini Tower,110.0,1
158.0,140.0,,,,Mini ITX Tower,-18.0,0
154.0,170.0,,,,ATX Mid Tower,16.0,1
52.0,138.0,,,120.0,HTPC,86.0,1
47.0,190.0,,,,ATX Mid Tower,143.0,1
136.0,135.0,,,,Micro ATX Mid Tower,-1.0,0
155.0,90.0,,,,Micro ATX Desktop,-65.0,0
156.0,165.0,,,,ATX Mid Tower,9.0,1
155.0,145.0,,,,ATX Mid Tower,-10.0,0
155.0,61.0,120.0,1,,Mini ITX Tower,-94.0,0
68.4,67.0,120.0,3,360.0,Mini ITX Tower,-1.4,0
157.0,195.0,,,,ATX Full Tower,38.0,1
157.0,145.0,,,,ATX Mid Tower,-12.0,0
162.0,160.0,,,,ATX Mid Tower,-2.0,0
60.0,180.0,,,240.0,ATX Mid Tower,120.0,1
155.0,47.0,120.0,2,,Micro ATX Desktop,-108.0,0
90.0,190.0,,,,ATX Mid Tower,100.0,1
143.0,210.0,,,,Micro ATX Mini Tower,67.0,1
78.0,180.0,,,,ATX Mid Tower,102.0,1
160.0,160.0,,,,ATX Mid Tower,0.0,1
137.0,190.0,,,,ATX Mid Tower,53.0,1
75.0,173.0,,,,Micro ATX Mini Tower,98.0,1
52.0,135.0,,,,Micro ATX Mid Tower,83.0,1
163.0,156.0,,,,Micro ATX Mid Tower,-7.0,0
70.0,170.0,,,240.0,ATX Mid Tower,100.0,1
164.0,48.0,,,,Mini ITX Tower,-116.0,0
112.0,75.0,,,,Micro ATX Mini Tower,-37.0,0
158.0,169.0,,,,ATX Mid Tower,11.0,1
154.0,120.0,,,,Mini ITX Tower,-34.0,0
169.0,167.0,,,,ATX Mid Tower,-2.0,0
158.0,170.0,,,,Micro ATX Mid Tower,12.0,1
65.0,170.0,,,,ATX Mid Tower,105.0,1
52.0,180.0,120.0,2,240.0,ATX Mid Tower,128.0,1
154.0,190.0,,,,EATX Mid Tower,36.0,1
110.0,175.0,,,,ATX Mid Tower,65.0,1
155.0,185.0,,,,ATX Mid Tower,30.0,1
141.0,159.0,,,,ATX Mid Tower,18.0,1
136.0,82.0,,,,Micro ATX Mid Tower,-54.0,0
165.0,160.0,,,,ATX Mid Tower,-5.0,0
72.0,88.2,120.0,2,240.0,ATX Mid Tower,16.2,1
172.0,170.0,,,,ATX Mid Tower,-2.0,0
162.0,114.0,135.0,2,,Mini ITX Tower,-48.0,0
58.0,190.0,,,360.0,Mini ITX Tower,132.0,1
169.0,158.0,,,,Micro ATX Mini Tower,-11.0,0
158.0,83.0,,,,Mini ITX Tower,-75.0,0
168.0,165.0,,,,ATX Mid Tower,-3.0,0
163.0,161.0,120.0,,,ATX Mid Tower,-2.0,0
150.0,167.0,,,,ATX Mid Tower,17.0,1
155.0,155.0,,,,Micro ATX Mini Tower,0.0,1
150.0,160.0,,,,ATX Mid Tower,10.0,1
157.0,178.0,,,,ATX Mid Tower,21.0,1
37.0,82.0,,,,Micro ATX Mini Tower,45.0,1
172.0,169.0,,,,ATX Mid Tower,-3.0,0
160.0,185.0,,,,ATX Full Tower,25.0,1
67.0,165.0,,,240.0,ATX Mid Tower,98.0,1
154.0,185.0,,,,ATX Full Tower,31.0,1
126.0,185.0,,,,ATX Full Tower,59.0,1
148.0,70.0,,,,Mini ITX Tower,-78.0,0
150.0,174.0,,,,ATX Mid Tower,24.0,1
150.0,180.0,,,,ATX Mid Tower,30.0,1
165.0,160.0,,,,EATX Mid Tower,-5.0,0
94.0,180.0,120.0,2,240.0,ATX Mid Tower,86.0,1
68.0,160.0,,,,ATX Mid Tower,92.0,1
125.0,75.0,,,,Mini ITX Tower,-50.0,0
58.0,190.0,,,240.0,ATX Mid Tower,132.0,1
151.0,162.0,,,,ATX Mid Tower,11.0,1
126.0,156.0,,,,ATX Mid Tower,30.0,1
28.0,160.0,,,,ATX Mid Tower,132.0,1
55.0,178.0,,,360.0,ATX Mid Tower,123.0,1
82.0,172.0,,,,ATX Mid Tower,90.0,1
166.0,170.0,,,,ATX Mid Tower,4.0,1
160.0,160.0,,,,ATX Mid Tower,0.0,1
158.0,165.0,120.0,2,,ATX Mid Tower,7.0,1
137.0,88.2,120.0,3,360.0,ATX Mid Tower,-48.8,0
159.0,175.0,120.0,1,,ATX Mid Tower,16.0,1
155.0,70.0,,,,Mini ITX Tower,-85.0,0
75.0,160.0,,,,ATX Mid Tower,85.0,1
158.0,145.0,,,,ATX Mid Tower,-13.0,0
157.0,61.0,,,,Mini ITX Tower,-96.0,0
158.0,38.0,,,,Mini ITX Tower,-120.0,0
105.0,140.0,,,280.0,Mini ITX Tower,35.0,1
116.0,159.0,120.0,2,240.0,Micro ATX Mid Tower,43.0,1
154.0,70.0,,,,HTPC,-84.0,0
155.0,85.0,,,,Mini ITX Tower,-70.0,0
157.0,48.0,,,,Mini ITX Tower,-109.0,0
60.0,167.0,,,,Micro ATX Mini Tower,107.0,1
160.0,150.0,,,,ATX Mid Tower,-10.0,0
68.0,70.0,,,420.0,Mini ITX Tower,2.0,1
15.0,160.0,,,,Micro ATX Mini Tower,145.0,1
75.0,165.0,,,,ATX Mid Tower,90.0,1
160.0,165.0,,,,ATX Mid Tower,5.0,1
150.0,210.0,,,,Micro ATX Mini Tower,60.0,1
158.0,67.0,,,,Mini ITX Tower,-91.0,0
65.0,158.75,240.0,1,240.0,ATX Mid Tower,93.75,1
64.24,175.0,120.0,2,240.0,ATX Mid Tower,110.76,1
165.0,160.0,,,,ATX Mid Tower,-5.0,0
155.0,70.0,120.0,1,,Mini ITX Tower,-85.0,0
165.0,170.0,,,,ATX Mid Tower,5.0,1
154.0,162.0,,,,ATX Mid Tower,8.0,1
165.0,160.0,,,,ATX Mid Tower,-5.0,0
155.0,61.0,120.0,1,,Mini ITX Tower,-94.0,0
159.0,82.0,120.0,1,,Micro ATX Desktop,-77.0,0
158.0,165.0,,,,ATX Mid Tower,7.0,1
164.0,148.0,,,,Micro ATX Mini Tower,-16.0,0
65.0,159.0,,,240.0,Micro ATX Mini Tower,94.0,1
165.0,158.75,,,,ATX Mid Tower,-6.25,0
159.0,114.0,120.0,,,Mini ITX Tower,-45.0,0
154.0,47.0,120.0,2,,Micro ATX Desktop,-107.0,0
160.0,81.0,,,,Micro ATX Slim Tower,-79.0,0
126.0,154.0,,,,Micro ATX Mid Tower,28.0,1
158.0,140.0,140.0,2,,Mini ITX Tower,-18.0,0
160.0,70.0,,,,Mini ITX Tower,-90.0,0
72.0,160.0,,,,Micro ATX Mini Tower,88.0,1
146.0,165.0,,,,Micro ATX Mini Tower,19.0,1
155.0,120.0,,,,Mini ITX Tower,-35.0,0
163.0,160.0,120.0,,,Micro ATX Mini Tower,-3.0,0
160.0,70.0,,,,HTPC,-90.0,0
58.0,180.0,,,,ATX Mid Tower,122.0,1
169.0,180.0,120.0,2,,ATX Mid Tower,11.0,1
55.0,170.0,120.0,2,240.0,ATX Mid Tower,115.0,1
158.0,156.0,,,,Micro ATX Mini Tower,-2.0,0
67.0,190.0,,,,ATX Mid Tower,123.0,1
164.0,155.0,,,,Mini ITX Tower,-9.0,0
158.0,83.0,,,,Mini ITX Tower,-75.0,0
161.0,180.0,,,,ATX Mid Tower,19.0,1
157.0,145.0,,,,ATX Mid Tower,-12.0,0
162.0,160.0,,,,ATX Mid Tower,-2.0,0
159.0,57.0,,,,Micro ATX Desktop,-102.0,0
56.0,168.0,140.0,,280.0,ATX Mid Tower,112.0,1
159.0,180.0,,,,ATX Mid Tower,21.0,1
165.0,160.0,,,,ATX Mid Tower,-5.0,0
125.0,170.0,,,,ATX Mid Tower,45.0,1
161.0,155.0,,,,ATX Mid Tower,-6.0,0
125.0,68.0,,,,Mini ITX Tower,-57.0,0
160.0,180.0,,,,ATX Mid Tower,20.0,1
166.0,138.0,,,,HTPC,-28.0,0
152.0,110.0,120.0,1,,Mini ITX Tower,-42.0,0
169.0,70.0,,,,HTPC,-99.0,0
160.0,155.0,,,,Micro ATX Mini Tower,-5.0,0
166.0,158.0,,,,ATX Mid Tower,-8.0,0
68.5,190.0,120.0,3,360.0,ATX Full Tower,121.5,1
52.0,190.0,,,360.0,EATX Full Tower,138.0,1
167.0,162.0,,,,ATX Mid Tower,-5.0,0
155.0,167.0,,,,ATX Full Tower,12.0,1
45.0,182.0,,,,ATX Full Tower,137.0,1
155.0,135.0,,,,Micro ATX Mid Tower,-20.0,0
49.0,168.0,,,360.0,ATX Mid Tower,119.0,1
162.0,160.0,,,,ATX Mid Tower,-2.0,0
160.0,138.0,,,,HTPC,-22.0,0
62.0,48.0,,,240.0,Mini ITX Tower,-14.0,0
68.5,160.0,120.0,2,240.0,Micro ATX Mini Tower,91.5,1
157.0,83.0,,,,Mini ITX Tower,-74.0,0
150.0,160.0,,,,Micro ATX Mid Tower,10.0,1
154.0,150.0,,,,ATX Mid Tower,-4.0,0
148.0,58.0,,,,HTPC,-90.0,0
60.0,175.0,120.0,2,240.0,Micro ATX Mini Tower,115.0,1
154.0,145.0,,,,ATX Mid Tower,-9.0,0
158.0,140.0,,,,Mini ITX Tower,-18.0,0
160.0,190.0,,,,ATX Mid Tower,30.0,1
53.0,155.0,120.0,2,240.0,ATX Mid Tower,102.0,1
159.0,155.0,,,,Mini ITX Tower,-4.0,0
155.0,82.0,,,,Mini ITX Tower,-73.0,0
160.0,82.0,,,,Mini ITX Tower,-78.0,0
168.0,167.0,,,,Mini ITX Tower,-1.0,0
134.0,159.0,,,,ATX Mid Tower,25.0,1
155.0,190.0,120.0,1,,ATX Full Tower,35.0,1
158.0,138.0,,,,HTPC,-20.0,0
155.0,165.0,120.0,1,,ATX Mid Tower,10.0,1
158.0,148.0,,,,Micro ATX Mini Tower,-10.0,0
78.0,67.0,,,240.0,Mini ITX Tower,-11.0,0
135.0,85.0,,,,Mini ITX Tower,-50.0,0
148.0,85.0,,,,Mini ITX Tower,-63.0,0
155.0,180.0,,,,ATX Full Tower,25.0,1
60.0,190.0,120.0,,360.0,ATX Mid Tower,130.0,1
158.0,150.0,,,,Mini ITX Tower,-8.0,0
134.0,82.0,,,,Mini ITX Tower,-52.0,0
46.0,167.0,120.0,3,360.0,ATX Full Tower,121.0,1
154.0,70.0,,,,Mini ITX Tower,-84.0,0
159.0,85.0,,,,Mini ITX Tower,-74.0,0
155.0,160.0,120.0,,,ATX Mid Tower,5.0,1
158.0,156.0,,,,Micro ATX Mid Tower,-2.0,0
154.0,57.0,,,,Micro ATX Desktop,-97.0,0
156.0,82.0,,,,Micro ATX Desktop,-74.0,0
148.0,160.0,120.0,,,Micro ATX Mid Tower,12.0,1
154.0,70.0,,,,HTPC,-84.0,0
71.0,70.0,,,,Mini ITX Tower,-1.0,0
48.0,185.0,,,240.0,ATX Mid Tower,137.0,1
157.0,150.0,,,,ATX Mid Tower,-7.0,0
153.0,188.0,,,,ATX Mid Tower,35.0,1
68.0,58.0,,,,HTPC,-10.0,0
160.0,165.0,,,,ATX Mid Tower,5.0,1
133.0,65.0,,,,Mini ITX Tower,-68.0,0
150.0,162.0,,,,Micro ATX Mid Tower,12.0,1
159.0,68.0,,,,Mini ITX Tower,-91.0,0
69.0,114.0,120.0,,360.0,Mini ITX Tower,45.0,1
59.0,175.0,,,240.0,ATX Mid Tower,116.0,1
64.0,61.0,,,360.0,Mini ITX Tower,-3.0,0
165.0,154.0,,,,Micro ATX Mid Tower,-11.0,0
100.0,160.0,,,,ATX Mid Tower,60.0,1
150.0,159.0,,,,Micro ATX Mini Tower,9.0,1
52.0,210.0,140.0,2,280.0,Mini ITX Tower,158.0,1
133.0,162.0,,,,ATX Mid Tower,29.0,1
159.0,165.0,,,,Micro ATX Mini Tower,6.0,1
157.0,154.0,,,,Micro ATX Mid Tower,-3.0,0
158.0,68.0,,,,Mini ITX Tower,-90.0,0
70.0,148.0,,,,ATX Mid Tower,78.0,1
49.0,185.0,,,240.0,ATX Mid Tower,136.0,1
158.0,110.0,,,,Mini ITX Tower,-48.0,0
159.0,150.0,,,,Micro ATX Mid Tower,-9.0,0
150.0,179.0,,,,ATX Mid Tower,29.0,1
155.0,70.0,,,,Mini ITX Tower,-85.0,0
160.0,154.0,,,,Micro ATX Mid Tower,-6.0,0
172.0,151.0,,,,Micro ATX Mini Tower,-21.0,0
157.0,58.0,,,,HTPC,-99.0,0
38.0,156.0,,,,Micro ATX Mid Tower,118.0,1
53.0,165.0,120.0,3,360.0,Micro ATX Mini Tower,112.0,1
158.0,180.0,,,,ATX Mid Tower,22.0,1
165.0,164.0,,,,ATX Mid Tower,-1.0,0
161.0,83.0,120.0,2,,Mini ITX Tower,-78.0,0
157.0,174.0,,,,ATX Mid Tower,17.0,1
158.0,70.0,,,,Mini ITX Tower,-88.0,0
158.0,61.0,,,,Mini ITX Tower,-97.0,0
65.0,50.0,,,360.0,Mini ITX Tower,-15.0,0
69.0,70.0,,,360.0,HTPC,1.0,1
166.0,156.0,,,,ATX Mid Tower,-10.0,0
155.0,47.0,,,,Micro ATX Desktop,-108.0,0
156.0,70.0,,,,Mini ITX Tower,-86.0,0
53.0,167.0,,,360.0,ATX Full Tower,114.0,1
158.0,170.0,,,,ATX Mid Tower,12.0,1
162.0,155.0,,,,ATX Mid Tower,-7.0,0
162.0,151.0,,,,Micro ATX Mini Tower,-11.0,0
159.0,161.0,,,,ATX Mid Tower,2.0,1
136.0,174.0,,,,ATX Mid Tower,38.0,1
163.0,158.75,,,,ATX Mid Tower,-4.25,0
148.0,65.0,,,,Micro ATX Mini Tower,-83.0,0
135.0,163.5,,,,Micro ATX Mid Tower,28.5,1
157.0,150.0,,,,Mini ITX Tower,-7.0,0
63.0,170.0,,,,ATX Mid Tower,107.0,1
127.0,170.0,100.0,,,ATX Mid Tower,43.0,1
56.0,165.0,,,240.0,ATX Mid Tower,109.0,1
125.0,170.0,,,,ATX Mid Tower,45.0,1
154.0,67.0,,,,Mini ITX Tower,-87.0,0
137.0,170.0,,,,ATX Mid Tower,33.0,1
160.0,155.0,,,,ATX Mid Tower,-5.0,0
161.0,210.0,,,,Mini ITX Tower,49.0,1
64.0,173.0,,,240.0,ATX Mid Tower,109.0,1
158.0,180.0,,,,ATX Mid Tower,22.0,1
70.0,185.0,,,280.0,Micro ATX Mid Tower,115.0,1
165.0,156.0,,,,ATX Mid Tower,-9.0,0
73.0,65.0,120.0,2,240.0,Mini ITX Tower,-8.0,0
56.0,170.0,,,,ATX Mid Tower,114.0,1
154.0,150.0,,,,ATX Mid Tower,-4.0,0
158.0,156.0,140.0,2,,ATX Mid Tower,-2.0,0
158.0,57.0,,,,Micro ATX Desktop,-101.0,0
80.0,185.0,120.0,2,240.0,ATX Mid Tower,105.0,1
166.0,160.0,,,,Micro ATX Mid Tower,-6.0,0
125.0,48.0,,,,Mini ITX Tower,-77.0,0
160.0,58.0,,,,HTPC,-102.0,0
159.0,165.0,,,,ATX Mid Tower,6.0,1
150.0,61.0,120.0,1,,Mini ITX Tower,-89.0,0
136.0,61.0,,,,Mini ITX Tower,-75.0,0
153.0,166.0,,,,ATX Mid Tower,13.0,1
136.0,164.0,,,,Micro ATX Desktop,28.0,1
159.0,170.0,,,,ATX Full Tower,11.0,1
36.0,163.0,92.0,1,,ATX Mid Tower,127.0,1
162.0,138.0,135.0,2,,HTPC,-24.0,0
168.0,165.0,,,,ATX Mid Tower,-3.0,0
153.0,165.0,120.0,1,,ATX Mid Tower,12.0,1
158.0,68.0,,,,Mini ITX Tower,-90.0,0
75.0,70.0,,,,Mini ITX Tower,-5.0,0
47.0,187.0,,,240.0,ATX Mid Tower,140.0,1
159.0,175.0,,,,ATX Mid Tower,16.0,1
72.0,170.0,120.0,3,360.0,ATX Mid Tower,98.0,1
70.0,70.0,,,,HTPC,0.0,1
159.0,82.0,,,,Mini ITX Tower,-77.0,0
158.0,61.0,,,,Mini ITX Tower,-97.0,0
152.0,65.0,,,,HTPC,-87.0,0
168.0,160.0,,,,ATX Mini Tower,-8.0,0
154.0,210.0,,,,Mini ITX Tower,56.0,1
164.0,155.0,,,,ATX Mid Tower,-9.0,0
116.0,165.0,140.0,2,280.0,Micro ATX Mini Tower,49.0,1
148.0,185.0,120.0,,,ATX Mid Tower,37.0,1
161.0,70.0,,,,Mini ITX Tower,-91.0,0
49.0,170.0,,,240.0,ATX Mid Tower,121.0,1
159.0,75.0,,,,Mini ITX Tower,-84.0,0
155.0,150.0,,,,Micro ATX Mid Tower,-5.0,0
168.0,165.0,,,,ATX Mid Tower,-3.0,0
160.0,65.0,,,,Mini ITX Tower,-95.0,0
125.0,70.0,,,,Mini ITX Tower,-55.0,0
155.0,150.0,120.0,2,,ATX Mid Tower,-5.0,0
52.0,175.0,,,360.0,ATX Full Tower,123.0,1
159.0,175.0,,,,ATX Mid Tower,16.0,1
52.0,182.0,,,120.0,ATX Mid Tower,130.0,1
154.0,77.0,,,,Mini ITX Tower,-77.0,0
54.0,180.0,120.0,3,360.0,ATX Full Tower,126.0,1
154.0,138.0,,,,HTPC,-16.0,0
125.0,165.0,,,,ATX Mid Tower,40.0,1
60.0,170.0,,,,ATX Mid Tower,110.0,1
158.0,160.0,,,,ATX Mid Tower,2.0,1
133.0,48.0,,,,Mini ITX Tower,-85.0,0
157.0,210.0,,,,Mini ITX Tower,53.0,1
146.0,70.0,,,,Mini ITX Tower,-76.0,0
52.0,185.0,,,240.0,ATX Full Tower,133.0,1
78.0,70.0,120.0,3,360.0,Mini ITX Tower,-8.0,0
158.0,61.0,,,,Mini ITX Tower,-97.0,0
58.0,170.0,,,360.0,ATX Mid Tower,112.0,1
118.0,160.0,120.0,3,360.0,ATX Mid Tower,42.0,1
68.0,55.0,,,360.0,Mini ITX Tower,-13.0,0
48.0,148.0,,,240.0,Micro ATX Mini Tower,100.0,1
162.0,175.0,,,,ATX Mid Tower,13.0,1
154.0,150.0,,,,Micro ATX Mini Tower,-4.0,0
131.0,185.0,,,,ATX Full Tower,54.0,1
166.0,160.0,,,,ATX Mid Tower,-6.0,0
55.0,175.0,,,,ATX Mid Tower,120.0,1
130.0,170.0,,,,ATX Mid Tower,40.0,1
160.0,160.0,,,,ATX Mid Tower,0.0,1
159.0,150.0,,,,Mini ITX Tower,-9.0,0
125.0,169.0,,,,ATX Full Tower,44.0,1
63.0,188.0,,,360.0,ATX Mid Tower,125.0,1
159.0,190.0,120.0,1,,ATX Full Tower,31.0,1
130.0,184.0,,,,ATX Mid Tower,54.0,1
158.0,70.0,,,,Mini ITX Tower,-88.0,0
158.0,160.0,,,,Micro ATX Mini Tower,2.0,1
157.0,156.0,,,,ATX Mid Tower,-1.0,0
159.0,168.0,,,,Micro ATX Mini Tower,9.0,1
165.0,160.0,,,,ATX Mini Tower,-5.0,0
145.0,61.0,,,,Mini ITX Tower,-84.0,0
166.0,150.0,,,,Micro ATX Mid Tower,-16.0,0
171.0,70.0,,,,HTPC,-101.0,0
116.0,162.0,140.0,2,280.0,Micro ATX Mid Tower,46.0,1
166.0,165.0,,,,Micro ATX Mini Tower,-1.0,0
172.0,160.0,,,,ATX Mid Tower,-12.0,0
68.0,165.0,140.0,2,280.0,EATX Mid Tower,97.0,1
154.0,83.0,,,,Mini ITX Tower,-71.0,0
155.0,166.0,,,,ATX Mid Tower,11.0,1
69.0,160.0,,,360.0,ATX Mid Tower,91.0,1
157.0,82.0,,,,Mini ITX Tower,-75.0,0
165.0,81.0,,,,Micro ATX Slim Tower,-84.0,0
160.0,158.75,,,,ATX Mid Tower,-1.25,0
159.0,158.0,120.0,1,,ATX Mid Tower,-1.0,0
161.0,61.0,,,,Mini ITX Tower,-100.0,0
70.0,184.0,,,,ATX Mid Tower,114.0,1
145.0,135.0,,,,Micro ATX Mid Tower,-10.0,0
157.0,155.0,,,,ATX Mid Tower,-2.0,0
130.0,160.0,,,,ATX Mini Tower,30.0,1
68.0,65.0,,,420.0,Mini ITX Tower,-3.0,0
27.0,200.0,120.0,3,360.0,ATX Full Tower,173.0,1
166.0,165.0,,,,ATX Mid Tower,-1.0,0
141.0,114.0,,,,Mini ITX Tower,-27.0,0
60.0,184.0,,,240.0,ATX Mid Tower,124.0,1
63.0,210.0,,,,ATX Mid Tower,147.0,1
158.0,82.0,,,,Mini ITX Tower,-76.0,0
168.0,165.0,120.0,,,ATX Mid Tower,-3.0,0
135.0,173.0,,,,ATX Mid Tower,38.0,1
160.0,159.0,,,,Micro ATX Mid Tower,-1.0,0
28.0,176.0,,,,ATX Mid Tower,148.0,1
131.0,120.0,,,,Mini ITX Tower,-11.0,0
154.0,61.0,120.0,2,,Mini ITX Tower,-93.0,0
123.0,210.0,,,,ATX Mid Tower,87.0,1
155.0,170.0,120.0,2,,ATX Mid Tower,15.0,1
154.0,77.0,,,,Mini ITX Tower,-77.0,0
135.0,55.0,,,,Mini ITX Tower,-80.0,0
133.0,67.0,,,,Mini ITX Tower,-66.0,0
52.0,165.0,140.0,2,280.0,ATX Mid Tower,113.0,1
54.0,190.0,,,,ATX Full Tower,136.0,1
73.0,70.0,,,,HTPC,-3.0,0
160.0,57.0,,,,Micro ATX Desktop,-103.0,0
172.0,160.0,,,,ATX Mid Tower,-12.0,0
159.0,200.0,,,,Mini ITX Tower,41.0,1
134.0,193.0,,,,ATX Full Tower,59.0,1
157.0,55.0,,,,Mini ITX Tower,-102.0,0
161.0,140.0,,,,Mini ITX Tower,-21.0,0
161.0,160.0,,,,ATX Mid Tower,-1.0,0
164.0,180.0,,,,EATX Mid Tower,16.0,1
125.0,57.0,,,,Micro ATX Desktop,-68.0,0
159.0,190.0,,,,ATX Mid Tower,31.0,1
68.0,170.0,,,,ATX Mid Tower,102.0,1
125.0,170.0,,,,ATX Mid Tower,45.0,1
45.0,170.0,120.0,2,240.0,ATX Mid Tower,125.0,1
155.0,95.0,,,,ATX Mid Tower,-60.0,0
91.0,70.0,120.0,3,360.0,HTPC,-21.0,0
158.0,68.0,140.0,2,,Mini ITX Tower,-90.0,0
155.0,120.0,120.0,1,,Mini ITX Tower,-35.0,0
116.0,70.0,140.0,2,280.0,Mini ITX Tower,-46.0,0
158.0,155.0,,,,ATX Mid Tower,-3.0,0
53.0,110.0,120.0,2,240.0,Mini ITX Tower,57.0,1
75.0,160.0,120.0,2,240.0,Micro ATX Mini Tower,85.0,1
170.0,162.0,,,,ATX Mid Tower,-8.0,0
30.0,190.0,,,,ATX Mid Tower,160.0,1
155.0,170.0,,,,ATX Mid Tower,15.0,1
162.0,70.0,,,,HTPC,-92.0,0
150.0,180.0,,,,ATX Mid Tower,30.0,1
92.0,90.0,120.0,,240.0,Micro ATX Desktop,-2.0,0
135.0,163.0,120.0,1,,ATX Mid Tower,28.0,1
158.0,77.0,,,,Mini ITX Tower,-81.0,0
158.0,180.0,,,,ATX Mid Tower,22.0,1
134.0,180.0,,,,ATX Mid Tower,46.0,1
153.0,165.0,,,,ATX Mid Tower,12.0,1
155.0,162.0,,,,ATX Mid Tower,7.0,1
56.0,140.0,120.0,2,240.0,Mini ITX Tower,84.0,1
136.0,198.0,,,,ATX Full Tower,62.0,1
159.0,47.0,,,,Micro ATX Desktop,-112.0,0
169.0,155.0,,,,ATX Full Tower,-14.0,0
38.0,145.0,140.0,2,240.0,ATX Mid Tower,107.0,1
69.0,181.0,,,,ATX Full Tower,112.0,1
28.0,160.0,,,,ATX Mid Tower,132.0,1
151.0,95.0,120.0,2,,ATX Mid Tower,-56.0,0
157.0,83.0,,,,Mini ITX Tower,-74.0,0
158.0,150.0,,,,ATX Mid Tower,-8.0,0
163.0,162.0,120.0,,,ATX Mid Tower,-1.0,0
154.0,120.0,,,,Mini ITX Tower,-34.0,0
160.0,155.0,140.0,2,280.0,Micro ATX Mid Tower,-5.0,0
162.0,175.0,,,,EATX Full Tower,13.0,1
167.0,166.0,,,,ATX Mid Tower,-1.0,0
152.0,65.0,,,,Micro ATX Mini Tower,-87.0,0
70.0,181.0,,,420.0,ATX Full Tower,111.0,1
155.0,120.0,120.0,,,Mini ITX Tower,-35.0,0
155.0,140.0,120.0,,,Mini ITX Tower,-15.0,0
135.0,185.0,,,,ATX Mid Tower,50.0,1
135.0,175.0,,,,Micro ATX Mid Tower,40.0,1
162.0,85.0,,,,Mini ITX Tower,-77.0,0
163.0,162.0,,,,ATX Mid Tower,-1.0,0
165.0,160.0,,,,ATX Mid Tower,-5.0,0
125.0,190.0,120.0,3,360.0,EATX Mid Tower,65.0,1
130.0,48.0,,,,Mini ITX Tower,-82.0,0
154.0,170.0,,,,ATX Mid Tower,16.0,1
69.0,180.0,,,240.0,ATX Mid Tower,111.0,1
160.0,187.0,,,,Micro ATX Mini Tower,27.0,1
70.0,185.0,,,,ATX Mid Tower,115.0,1
154.0,150.0,,,,Micro ATX Mini Tower,-4.0,0
52.0,180.0,,,360.0,Micro ATX Mini Tower,128.0,1
157.0,154.0,,,,Micro ATX Mid Tower,-3.0,0
163.0,184.0,,,,ATX Mid Tower,21.0,1
154.0,176.0,,,,ATX Mid Tower,22.0,1
164.0,160.0,,,,ATX Mid Tower,-4.0,0
150.0,77.0,,,,Mini ITX Tower,-73.0,0
48.0,170.0,,,360.0,ATX Mid Tower,122.0,1
168.0,158.0,120.0,,,Micro ATX Desktop,-10.0,0
125.0,90.0,,,,Micro ATX Desktop,-35.0,0
154.0,190.0,120.0,1,,ATX Mid Tower,36.0,1
137.0,169.0,120.0,3,360.0,ATX Full Tower,32.0,1
157.0,140.0,,,,Mini ITX Tower,-17.0,0
159.0,155.0,,,,Micro ATX Mid Tower,-4.0,0
157.0,160.0,,,,ATX Mid Tower,3.0,1
158.0,68.0,120.0,1,,Mini ITX Tower,-90.0,0
72.0,61.0,120.0,3,360.0,Mini ITX Tower,-11.0,0
158.0,160.0,,,,ATX Mid Tower,2.0,1
149.0,162.0,,,,ATX Mid Tower,13.0,1
69.0,165.0,,,360.0,ATX Mid Tower,96.0,1
170.0,157.0,,,,Micro ATX Mini Tower,-13.0,0
186.0,165.0,120.0,3,360.0,ATX Mid Tower,-21.0,0
150.0,165.0,,,,ATX Mid Tower,15.0,1
47.0,166.0,,,360.0,ATX Mid Tower,119.0,1
60.0,166.0,120.0,2,240.0,Micro ATX Mini Tower,106.0,1
169.0,165.0,120.0,2,,Micro ATX Mini Tower,-4.0,0
66.0,181.0,,,,ATX Full Tower,115.0,1
45.0,70.0,,,,HTPC,25.0,1
132.0,165.0,,,,Micro ATX Mid Tower,33.0,1
142.0,198.0,,,,ATX Full Tower,56.0,1
159.0,160.0,,,,Micro ATX Mini Tower,1.0,1
155.0,70.0,,,,Mini ITX Tower,-85.0,0
151.0,175.0,,,,Micro ATX Mid Tower,24.0,1
150.0,180.0,,,,ATX Mid Tower,30.0,1
397.0,138.0,120.0,3,360.0,HTPC,-259.0,0
125.0,67.0,,,240.0,Mini ITX Tower,-58.0,0
118.0,160.0,,,,ATX Mid Tower,42.0,1
159.0,165.0,,,,ATX Mid Tower,6.0,1
165.0,157.0,,,,ATX Mid Tower,-8.0,0
160.0,57.0,,,,Micro ATX Desktop,-103.0,0
40.0,167.0,,,,ATX Mid Tower,127.0,1
55.0,170.0,,,240.0,EATX Mid Tower,115.0,1
155.0,166.0,,,,ATX Mid Tower,11.0,1
151.0,114.0,,,,Mini ITX Tower,-37.0,0
151.0,38.0,,,,Mini ITX Tower,-113.0,0
93.0,77.0,,,,Mini ITX Tower,-16.0,0
166.0,170.0,120.0,,,ATX Mid Tower,4.0,1
70.0,140.0,,,,Mini ITX Tower,70.0,1
135.0,77.0,,,,HTPC,-58.0,0
165.0,61.0,,,,Mini ITX Tower,-104.0,0
47.0,150.0,,,,Mini ITX Tower,103.0,1
52.0,155.0,,,120.0,Micro ATX Mini Tower,103.0,1
160.0,70.0,,,,Mini ITX Tower,-90.0,0
158.0,155.0,,,,ATX Mid Tower,-3.0,0
160.0,165.0,,,,ATX Mid Tower,5.0,1
159.0,120.0,,,,Mini ITX Tower,-39.0,0
155.0,176.0,120.0,1,,ATX Full Tower,21.0,1
157.0,180.0,140.0,2,280.0,ATX Mid Tower,23.0,1
159.0,155.0,,,,Micro ATX Mid Tower,-4.0,0
172.0,165.0,,,,ATX Mid Tower,-7.0,0
45.0,170.0,120.0,2,240.0,ATX Mid Tower,125.0,1
163.0,83.0,,,,Mini ITX Tower,-80.0,0
158.0,156.0,,,,Micro ATX Mid Tower,-2.0,0
155.0,61.0,,,,Mini ITX Tower,-94.0,0
130.0,160.0,,,,ATX Mid Tower,30.0,1
170.0,120.0,,,,Mini ITX Tower,-50.0,0
157.0,140.0,,,,Mini ITX Tower,-17.0,0
155.0,82.0,,,,Micro ATX Desktop,-73.0,0
143.0,164.0,,,,Micro ATX Desktop,21.0,1
155.0,88.2,,,,ATX Mid Tower,-66.8,0
160.0,120.0,,,,Mini ITX Tower,-40.0,0
155.0,70.0,,,,Mini ITX Tower,-85.0,0
164.0,161.0,,,,ATX Mid Tower,-3.0,0
55.0,180.0,,,360.0,ATX Mid Tower,125.0,1
155.0,170.0,,,,Micro ATX Mid Tower,15.0,1
125.0,178.0,,,,ATX Mid Tower,53.0,1
51.0,185.0,,,360.0,Micro ATX Mid Tower,134.0,1
156.0,55.0,,,,Mini ITX Tower,-101.0,0
162.0,82.0,,,,Micro ATX Mini Tower,-80.0,0
172.0,170.0,,,,ATX Mid Tower,-2.0,0
158.0,155.0,,,,Micro ATX Mid Tower,-3.0,0
166.0,165.0,,,,ATX Mid Tower,-1.0,0
69.0,170.0,,,360.0,ATX Mid Tower,101.0,1
134.0,170.0,,,,ATX Mid Tower,36.0,1
160.0,165.0,,,,Micro ATX Mini Tower,5.0,1
70.0,70.0,,,,Mini ITX Tower,0.0,1
110.0,82.0,,,,Micro ATX Desktop,-28.0,0
62.0,55.0,,,360.0,Mini ITX Tower,-7.0,0
158.0,168.0,120.0,2,,Micro ATX Mini Tower,10.0,1
155.0,160.0,120.0,,,ATX Mid Tower,5.0,1
155.0,168.0,,,,ATX Mid Tower,13.0,1
158.0,154.0,,,,Micro ATX Mid Tower,-4.0,0
165.0,155.0,120.0,2,,Micro ATX Mini Tower,-10.0,0
60.0,175.0,,,360.0,ATX Mid Tower,115.0,1
153.0,160.0,,,,Micro ATX Mini Tower,7.0,1
48.0,160.0,,,360.0,ATX Mid Tower,112.0,1
155.0,165.0,120.0,,,ATX Mid Tower,10.0,1
166.0,160.0,,,,ATX Mid Tower,-6.0,0
155.0,173.0,,,,ATX Mid Tower,18.0,1
160.0,155.0,,,,ATX Mid Tower,-5.0,0
159.0,185.0,,,,ATX Mid Tower,26.0,1
165.0,70.0,,,,Micro ATX Desktop,-95.0,0
158.0,114.0,,,,Mini ITX Tower,-44.0,0
160.0,48.0,,,,Mini ITX Tower,-112.0,0
71.0,165.0,,,,Micro ATX Mini Tower,94.0,1
154.0,48.0,,,,Mini ITX Tower,-106.0,0
155.0,70.0,,,,Mini ITX Tower,-85.0,0
154.0,165.0,,,,Micro ATX Mini Tower,11.0,1
125.0,180.0,,,,ATX Mid Tower,55.0,1
157.0,165.0,,,,ATX Mid Tower,8.0,1
158.0,156.0,,,,ATX Mid Tower,-2.0,0
159.0,165.0,,,,ATX Mid Tower,6.0,1
155.0,188.0,,,,EATX Mid Tower,33.0,1
159.0,120.0,,,,Mini ITX Tower,-39.0,0
148.0,38.0,,,,Mini ITX Tower,-110.0,0
139.0,184.0,,,,ATX Mid Tower,45.0,1
152.0,165.0,120.0,1,,ATX Mid Tower,13.0,1
63.0,175.0,,,,ATX Mid Tower,112.0,1
158.0,110.0,,,,Mini ITX Tower,-48.0,0
166.0,160.0,,,,ATX Mid Tower,-6.0,0
153.0,148.0,,,,Micro ATX Mid Tower,-5.0,0
158.0,150.0,,,,Micro ATX Mid Tower,-8.0,0
154.0,170.0,,,,ATX Mid Tower,16.0,1
160.0,45.0,,,,Mini ITX Tower,-115.0,0
148.0,58.0,,,,HTPC,-90.0,0
57.0,185.0,120.0,2,240.0,ATX Mid Tower,128.0,1
165.0,155.0,,,,ATX Mid Tower,-10.0,0
159.0,140.0,,,,Mini ITX Tower,-19.0,0
156.0,185.0,,,,ATX Mid Tower,29.0,1
27.0,185.0,,,,Micro ATX Desktop,158.0,1
158.0,155.0,,,,Micro ATX Mid Tower,-3.0,0
154.0,138.0,,,,HTPC,-16.0,0
161.0,167.0,120.0,3,360.0,Mini ITX Tower,6.0,1
68.0,67.0,,,420.0,Mini ITX Tower,-1.0,0
165.0,160.0,,,,ATX Mid Tower,-5.0,0
160.0,82.0,120.0,2,,Micro ATX Desktop,-78.0,0
158.0,155.0,,,,ATX Mid Tower,-3.0,0
154.0,170.0,,,,ATX Mid Tower,16.0,1
63.0,61.0,,,360.0,Mini ITX Tower,-2.0,0
147.0,70.0,,,,Mini ITX Tower,-77.0,0
150.0,180.0,,,,ATX Mid Tower,30.0,1
166.0,150.0,,,,Mini ITX Tower,-16.0,0
47.0,81.0,,,,Micro ATX Slim Tower,34.0,1
153.0,82.0,,,,Micro ATX Mid Tower,-71.0,0
155.0,180.0,,,,ATX Mid Tower,25.0,1
166.0,160.0,120.0,,,ATX Mid Tower,-6.0,0
131.0,45.0,,,,Mini ITX Tower,-86.0,0
158.0,170.0,,,,Micro ATX Mini Tower,12.0,1
160.0,155.0,,,,Micro ATX Mini Tower,-5.0,0
155.0,165.0,,,,ATX Mid Tower,10.0,1
105.0,171.0,,,360.0,ATX Mid Tower,66.0,1
62.0,165.0,,,240.0,ATX Mid Tower,103.0,1
62.0,163.0,,,360.0,ATX Mid Tower,101.0,1
160.0,175.0,,,,ATX Full Tower,15.0,1
135.0,65.0,,,,Micro ATX Mini Tower,-70.0,0
152.0,170.0,,,,ATX Mid Tower,18.0,1
154.0,68.0,,,,Mini ITX Tower,-86.0,0
155.0,190.0,,,,ATX Mid Tower,35.0,1
51.0,45.0,,,360.0,Mini ITX Tower,-6.0,0
159.0,155.0,,,,ATX Full Tower,-4.0,0
397.0,170.0,120.0,3,360.0,ATX Mid Tower,-227.0,0
59.0,166.0,,,360.0,Micro ATX Mini Tower,107.0,1
155.0,154.0,,,,Micro ATX Mid Tower,-1.0,0
165.0,150.0,,,,ATX Mid Tower,-15.0,0
148.0,70.0,,,,Mini ITX Tower,-78.0,0
155.0,150.0,,,,ATX Mid Tower,-5.0,0
160.0,77.0,,,,HTPC,-83.0,0
161.0,160.0,,,,ATX Mid Tower,-1.0,0
58.0,170.0,,,240.0,ATX Mid Tower,112.0,1
133.0,185.0,,,,ATX Mid Tower,52.0,1
66.0,48.0,,,360.0,Mini ITX Tower,-18.0,0
150.0,200.0,,,,ATX Full Tower,50.0,1
65.0,210.0,,,360.0,Micro ATX Mini Tower,145.0,1
155.0,120.0,120.0,,,Mini ITX Tower,-35.0,0
38.0,155.0,,,360.0,ATX Mid Tower,117.0,1
170.0,58.0,,,,HTPC,-112.0,0
172.0,170.0,,,,ATX Mid Tower,-2.0,0
158.0,160.0,,,,ATX Mid Tower,2.0,1
136.0,61.0,,,,Mini ITX Tower,-75.0,0
68.0,200.0,,,360.0,ATX Full Tower,132.0,1
125.0,77.0,,,,HTPC,-48.0,0
155.0,61.0,,,,Mini ITX Tower,-94.0,0
72.0,55.0,120.0,2,240.0,Mini ITX Tower,-17.0,0
93.0,164.0,,,,Micro ATX Desktop,71.0,1
165.0,48.0,,,,Mini ITX Tower,-117.0,0
164.0,156.0,,,,ATX Mid Tower,-8.0,0
156.0,65.0,,,,Mini ITX Tower,-91.0,0
27.0,167.0,,,,Mini ITX Tower,140.0,1
154.0,145.0,,,,ATX Mid Tower,-9.0,0
81.0,175.0,,,,Mini ITX Tower,94.0,1
155.0,170.0,120.0,,,ATX Mid Tower,15.0,1
93.0,175.0,,,,ATX Mid Tower,82.0,1
129.0,55.0,,,,Mini ITX Tower,-74.0,0
135.0,175.0,,,,Micro ATX Mid Tower,40.0,1
150.0,150.0,120.0,2,240.0,ATX Mid Tower,0.0,1
126.0,180.0,,,,ATX Mid Tower,54.0,1
158.0,156.0,,,,ATX Mid Tower,-2.0,0
62.0,170.0,,,240.0,ATX Mid Tower,108.0,1
59.0,172.0,,,360.0,Mini ITX Tower,113.0,1
77.0,165.0,,,,ATX Mid Tower,88.0,1
155.0,114.0,,,,Mini ITX Tower,-41.0,0
169.0,160.0,,,,Micro ATX Mini Tower,-9.0,0
90.0,68.0,,,240.0,Mini ITX Tower,-22.0,0
162.0,114.0,,,,Mini ITX Tower,-48.0,0
154.0,185.0,,,,ATX Mid Tower,31.0,1
163.0,160.0,,,,ATX Mid Tower,-3.0,0
156.0,165.0,,,,ATX Mid Tower,9.0,1
165.0,160.0,,,,ATX Mid Tower,-5.0,0
148.0,170.0,,,,ATX Mid Tower,22.0,1
163.0,161.0,,,,ATX Mid Tower,-2.0,0
158.0,68.0,,,,Mini ITX Tower,-90.0,0
167.0,65.0,,,,HTPC,-102.0,0
165.0,155.0,,,,Micro ATX Mid Tower,-10.0,0
135.0,120.0,,,,Mini ITX Tower,-15.0,0
54.0,67.0,120.0,3,360.0,Mini ITX Tower,13.0,1
162.0,140.0,,,,Mini ITX Tower,-22.0,0
158.0,156.0,,,,ATX Mid Tower,-2.0,0
168.0,165.0,120.0,,,ATX Mid Tower,-3.0,0
167.0,138.0,,,,HTPC,-29.0,0
116.0,180.0,140.0,2,280.0,ATX Mid Tower,64.0,1
130.0,48.0,,,,Mini ITX Tower,-82.0,0
154.0,279.0,,,,ATX Mid Tower,125.0,1
66.1,190.0,120.0,1,,ATX Mid Tower,123.9,1
165.0,67.0,,,,Mini ITX Tower,-98.0,0
160.0,158.75,,,,ATX Mid Tower,-1.25,0
165.0,170.0,,,,Micro ATX Mid Tower,5.0,1
52.0,160.0,,,240.0,Micro ATX Mini Tower,108.0,1
70.0,165.0,,,,ATX Mid Tower,95.0,1
130.0,184.0,,,,ATX Mid Tower,54.0,1
156.0,170.0,,,,ATX Mid Tower,14.0,1
136.0,180.0,,,,ATX Mid Tower,44.0,1
110.0,185.0,,,,EATX Mid Tower,75.0,1
172.0,166.0,,,,ATX Mid Tower,-6.0,0
102.0,55.0,120.0,3,360.0,Mini ITX Tower,-47.0,0
155.0,70.0,,,,Mini ITX Tower,-85.0,0
155.0,170.0,,,,ATX Mid Tower,15.0,1
165.0,148.0,,,,Micro ATX Mini Tower,-17.0,0
160.0,151.0,,,,ATX Mid Tower,-9.0,0
151.0,167.0,,,,ATX Full Tower,16.0,1
159.0,70.0,,,,Mini ITX Tower,-89.0,0
159.0,156.0,,,,ATX Mid Tower,-3.0,0
186.0,168.0,120.0,3,360.0,ATX Mid Tower,-18.0,0
158.0,67.0,,,,Mini ITX Tower,-91.0,0
165.0,160.0,,,,ATX Mid Tower,-5.0,0
65.0,160.0,,,240.0,ATX Mid Tower,95.0,1
156.0,155.0,,,,Micro ATX Mini Tower,-1.0,0
152.0,165.0,,,,ATX Mid Tower,13.0,1
148.0,85.0,120.0,,,Mini ITX Tower,-63.0,0
154.0,190.0,,,,ATX Full Tower,36.0,1
130.0,58.0,,,,HTPC,-72.0,0
160.0,70.0,,,,Mini ITX Tower,-90.0,0
75.0,70.0,,,,Mini ITX Tower,-5.0,0
157.0,168.0,,,,ATX Mid Tower,11.0,1
170.0,146.0,,,,ATX Mid Tower,-24.0,0
158.0,182.0,,,,ATX Full Tower,24.0,1
153.0,150.0,,,,ATX Mid Tower,-3.0,0
158.0,47.0,,,,Micro ATX Desktop,-111.0,0
68.0,155.0,,,360.0,ATX Mid Tower,87.0,1
116.0,65.0,140.0,2,280.0,Mini ITX Tower,-51.0,0
160.0,150.0,,,,Micro ATX Mid Tower,-10.0,0
157.0,155.0,,,,Micro ATX Mini Tower,-2.0,0
30.0,158.75,,,,ATX Mid Tower,128.75,1
167.0,160.0,,,,ATX Mid Tower,-7.0,0
160.0,158.0,,,,ATX Mid Tower,-2.0,0
39.0,170.0,,,,ATX Mid Tower,131.0,1
160.0,130.0,,,,Mini ITX Tower,-30.0,0
153.0,61.0,,,,Mini ITX Tower,-92.0,0
157.0,190.0,120.0,2,120.0,ATX Full Tower,33.0,1
166.0,175.0,120.0,,,ATX Mid Tower,9.0,1
158.0,61.0,120.0,2,,Mini ITX Tower,-97.0,0
156.0,170.0,,,,ATX Mid Tower,14.0,1
154.0,160.0,,,,ATX Mid Tower,6.0,1
100.0,57.0,,,,Mini ITX Tower,-43.0,0
158.0,145.0,120.0,2,,ATX Mid Tower,-13.0,0
125.0,70.0,120.0,3,360.0,Mini ITX Tower,-55.0,0
155.0,185.0,,,,ATX Full Tower,30.0,1
65.0,38.0,280.0,1,280.0,Mini ITX Tower,-27.0,0
135.0,170.0,,,,ATX Mid Tower,35.0,1
101.0,210.0,120.0,3,360.0,Mini ITX Tower,109.0,1
158.0,138.0,,,,HTPC,-20.0,0
123.0,68.0,,,,Mini ITX Tower,-55.0,0
165.0,160.0,,,,ATX Mid Tower,-5.0,0
67.0,55.0,,,,Mini ITX Tower,-12.0,0
154.0,165.0,,,,Micro ATX Mini Tower,11.0,1
137.0,168.0,120.0,3,360.0,ATX Mid Tower,31.0,1
160.0,70.0,,,,Micro ATX Desktop,-90.0,0
166.0,165.0,,,,Micro ATX Mini Tower,-1.0,0
68.0,55.0,140.0,2,280.0,Mini ITX Tower,-13.0,0
166.0,163.5,,,,Micro ATX Mid Tower,-2.5,0
105.0,95.0,,,360.0,ATX Mid Tower,-10.0,0
116.0,85.0,140.0,2,280.0,Mini ITX Tower,-31.0,0
158.0,160.0,,,,ATX Mid Tower,2.0,1
159.0,156.0,,,,Micro ATX Mid Tower,-3.0,0
47.0,180.0,,,240.0,ATX Mid Tower,133.0,1
155.0,70.0,,,,HTPC,-85.0,0
161.0,160.0,,,,ATX Mid Tower,-1.0,0
137.0,190.0,120.0,,360.0,ATX Full Tower,53.0,1
82.0,160.0,,3,360.0,ATX Mid Tower,78.0,1
158.0,166.0,,,,ATX Mid Tower,8.0,1
158.0,155.0,,,,ATX Mid Tower,-3.0,0
133.0,70.0,,,,Micro ATX Desktop,-63.0,0
107.0,61.0,120.0,3,360.0,Mini ITX Tower,-46.0,0
141.0,180.0,,,,ATX Mid Tower,39.0,1
157.0,155.0,,,,ATX Mid Tower,-2.0,0
125.0,170.0,,,,Micro ATX Mid Tower,45.0,1
47.0,165.0,,,240.0,ATX Mid Tower,118.0,1
158.0,138.0,,,,HTPC,-20.0,0
160.0,135.0,,,,Micro ATX Mid Tower,-25.0,0
147.0,172.0,,,,ATX Mid Tower,25.0,1
158.0,155.0,,,,ATX Mid Tower,-3.0,0
59.0,55.0,,,360.0,Mini ITX Tower,-4.0,0
158.0,171.0,,,,ATX Mid Tower,13.0,1
158.0,110.0,,,,Mini ITX Tower,-48.0,0
130.0,160.0,,,,ATX Mid Tower,30.0,1
156.0,70.0,,,,Mini ITX Tower,-86.0,0
171.0,160.0,,,,ATX Mid Tower,-11.0,0
152.0,148.0,,,,Micro ATX Mid Tower,-4.0,0
168.0,160.0,120.0,,,ATX Mid Tower,-8.0,0
160.0,77.0,,,,HTPC,-83.0,0
166.0,168.0,,,,ATX Mid Tower,2.0,1
63.0,170.0,,,,ATX Mid Tower,107.0,1
158.0,156.0,,,,ATX Mid Tower,-2.0,0
125.0,70.0,,,,HTPC,-55.0,0
163.0,146.0,,,,HTPC,-17.0,0
164.0,170.0,,,,ATX Mid Tower,6.0,1
125.0,47.0,,,,Micro ATX Desktop,-78.0,0
157.0,167.0,,,,ATX Full Tower,10.0,1
155.0,160.0,,,,ATX Mid Tower,5.0,1
60.0,195.0,140.0,2,280.0,ATX Full Tower,135.0,1
72.0,175.0,,,,ATX Mid Tower,103.0,1
156.0,167.0,,,,EATX Full Tower,11.0,1
159.0,148.0,,,,ATX Mid Tower,-11.0,0
155.0,185.0,,,,ATX Full Tower,30.0,1
127.0,57.0,100.0,2,,Mini ITX Tower,-70.0,0
153.0,167.0,,,,ATX Mid Tower,14.0,1
118.0,55.0,,,,Mini ITX Tower,-63.0,0
155.0,158.0,,,,Micro ATX Mini Tower,3.0,1
70.0,68.0,,,,Mini ITX Tower,-2.0,0
158.0,200.0,,,,Mini ITX Tower,42.0,1
42.0,190.0,,,360.0,EATX Mid Tower,148.0,1
70.0,68.0,,,,Mini ITX Tower,-2.0,0
157.0,180.0,,,,ATX Mid Tower,23.0,1
156.0,163.5,,,,Micro ATX Mid Tower,7.5,1
47.0,165.0,,,,Micro ATX Mini Tower,118.0,1
136.0,55.0,,,,Mini ITX Tower,-81.0,0
162.0,145.0,135.0,2,,ATX Mid Tower,-17.0,0
159.0,57.0,,,,Mini ITX Tower,-102.0,0
157.0,67.0,,,,Mini ITX Tower,-90.0,0
161.0,170.0,,,,ATX Mid Tower,9.0,1
154.0,150.0,,,,ATX Mid Tower,-4.0,0
71.0,185.0,,,,ATX Mid Tower,114.0,1
130.0,155.0,,,,ATX Mid Tower,25.0,1
148.0,182.0,,,,ATX Mid Tower,34.0,1
65.0,57.0,240.0,1,240.0,Micro ATX Desktop,-8.0,0
154.0,160.0,,,,ATX Mid Tower,6.0,1
54.0,160.0,120.0,2,240.0,EATX Mid Tower,106.0,1
170.0,165.0,,,,ATX Mid Tower,-5.0,0
154.0,82.0,,,,Micro ATX Desktop,-72.0,0
145.0,75.0,,,,Mini ITX Tower,-70.0,0
32.0,162.0,,,,ATX Mid Tower,130.0,1
69.0,145.0,,,360.0,ATX Mid Tower,76.0,1
157.0,156.0,,,,Micro ATX Mini Tower,-1.0,0
158.0,159.0,,,,Micro ATX Mid Tower,1.0,1
142.0,165.0,,,,ATX Mid Tower,23.0,1
154.0,150.0,,,,ATX Mid Tower,-4.0,0
60.0,195.0,,,,ATX Mid Tower,135.0,1
165.0,190.0,,,,ATX Full Tower,25.0,1
166.0,70.0,,,,HTPC,-96.0,0
152.0,167.0,,,,ATX Full Tower,15.0,1
162.0,81.0,,,,Micro ATX Slim Tower,-81.0,0
158.0,45.0,,,,Mini ITX Tower,-113.0,0
154.0,160.0,,,,ATX Mid Tower,6.0,1
158.0,70.0,,,,Mini ITX Tower,-88.0,0
137.0,83.0,,,,Mini ITX Tower,-54.0,0
153.0,170.0,,,,ATX Mid Tower,17.0,1
52.0,170.0,,,240.0,ATX Mid Tower,118.0,1
72.0,175.0,,,240.0,ATX Mid Tower,103.0,1
164.0,110.0,,,,Mini ITX Tower,-54.0,0
86.4,155.0,120.0,3,360.0,ATX Mid Tower,68.6,1
160.0,85.0,,,,Mini ITX Tower,-75.0,0
70.0,55.0,,,240.0,Mini ITX Tower,-15.0,0
157.0,148.0,,,,Micro ATX Mid Tower,-9.0,0
160.0,67.0,,,,Mini ITX Tower,-93.0,0
160.0,70.0,,,,HTPC,-90.0,0
158.0,156.0,,,,Micro ATX Mini Tower,-2.0,0
165.0,77.0,,,,Mini ITX Tower,-88.0,0
163.0,65.0,,,,Micro ATX Mini Tower,-98.0,0
154.0,140.0,120.0,2,,Mini ITX Tower,-14.0,0
163.0,165.0,120.0,,,ATX Mid Tower,2.0,1
158.0,85.0,,,,Mini ITX Tower,-73.0,0
55.0,180.0,,,240.0,EATX Mid Tower,125.0,1
150.0,135.0,,,,Micro ATX Mid Tower,-15.0,0
48.0,165.0,,,360.0,ATX Mid Tower,117.0,1
159.0,151.0,,,,Micro ATX Mini Tower,-8.0,0
155.0,173.0,,,,ATX Mid Tower,18.0,1
68.0,175.0,,,360.0,Micro ATX Mid Tower,107.0,1
158.0,167.0,,,,ATX Full Tower,9.0,1
160.0,160.0,,,,ATX Mid Tower,0.0,1
82.0,70.0,,3,360.0,Mini ITX Tower,-12.0,0
66.1,170.0,120.0,1,,Mini ITX Tower,103.9,1
159.0,155.0,,,,ATX Mid Tower,-4.0,0
154.0,165.0,,,,Micro ATX Mini Tower,11.0,1
160.0,75.0,,,,Micro ATX Mini Tower,-85.0,0
155.0,155.0,120.0,2,,Micro ATX Mini Tower,0.0,1
158.0,170.0,,,,ATX Mid Tower,12.0,1
152.0,120.0,,,,Mini ITX Tower,-32.0,0
397.0,165.0,120.0,3,360.0,ATX Mid Tower,-232.0,0
160.0,65.0,,,,Micro ATX Mini Tower,-95.0,0
162.0,68.0,,,,Mini ITX Tower,-94.0,0
159.0,85.0,,,,Mini ITX Tower,-74.0,0
143.0,160.0,,,,ATX Mid Tower,17.0,1
169.0,165.0,,,,ATX Mid Tower,-4.0,0
110.0,58.0,,,,HTPC,-52.0,0
134.0,180.0,,,,ATX Mid Tower,46.0,1
186.0,182.0,120.0,3,360.0,ATX Full Tower,-4.0,0
165.0,156.0,,,,ATX Mid Tower,-9.0,0
17.0,174.0,,,,ATX Mid Tower,157.0,1
166.0,165.0,,,,Micro ATX Mini Tower,-1.0,0
162.0,195.0,135.0,2,,ATX Full Tower,33.0,1
166.0,165.0,,,,ATX Mid Tower,-1.0,0
36.0,180.0,92.0,1,,ATX Mid Tower,144.0,1
159.0,170.0,,,,ATX Mid Tower,11.0,1
63.0,180.0,,,,ATX Mid Tower,117.0,1
154.0,81.0,,,,Micro ATX Slim Tower,-73.0,0
158.0,157.0,,,,Micro ATX Mini Tower,-1.0,0
157.0,180.0,,,,EATX Mid Tower,23.0,1
47.0,160.0,,,,Micro ATX Mini Tower,113.0,1
110.0,58.0,,,,HTPC,-52.0,0
157.0,155.0,120.0,2,,ATX Mid Tower,-2.0,0
53.0,170.0,120.0,3,240.0,ATX Mid Tower,117.0,1
159.0,155.0,,,,Micro ATX Mid Tower,-4.0,0
150.0,65.0,,,,HTPC,-85.0,0
169.0,67.0,120.0,2,,Mini ITX Tower,-102.0,0
160.0,150.0,,,,Micro ATX Mid Tower,-10.0,0
159.0,155.0,,,,ATX Mid Tower,-4.0,0
163.0,58.0,,,,HTPC,-105.0,0
157.0,155.0,120.0,2,,ATX Mid Tower,-2.0,0
160.0,158.0,,,,ATX Mid Tower,-2.0,0
156.0,167.0,,,,ATX Mid Tower,11.0,1
61.85,190.0,120.0,3,360.0,ATX Full Tower,128.15,1
153.0,83.0,,,,Mini ITX Tower,-70.0,0
126.0,185.0,,,,ATX Mid Tower,59.0,1
152.0,150.0,,,,ATX Mid Tower,-2.0,0
165.0,160.0,,,,ATX Mid Tower,-5.0,0
157.0,70.0,,,,Mini ITX Tower,-87.0,0
162.0,145.0,,,,ATX Mid Tower,-17.0,0
163.0,140.0,,,,Mini ITX Tower,-23.0,0
125.0,190.0,,,,ATX Full Tower,65.0,1
150.0,57.0,,,,Micro ATX Desktop,-93.0,0
160.0,180.0,,,,ATX Mid Tower,20.0,1
60.0,170.0,120.0,2,240.0,ATX Mid Tower,110.0,1
55.0,170.0,,,,ATX Mid Tower,115.0,1
65.0,166.0,,,,Micro ATX Mini Tower,101.0,1
52.0,210.0,120.0,3,360.0,Micro ATX Mini Tower,158.0,1
81.0,170.0,120.0,3,360.0,ATX Mid Tower,89.0,1
161.0,110.0,,,,Mini ITX Tower,-51.0,0
148.0,47.0,,,,Micro ATX Desktop,-101.0,0
30.0,190.0,,,,ATX Mid Tower,160.0,1
154.0,146.0,,,,ATX Mid Tower,-8.0,0
77.7,170.0,120.0,3,360.0,ATX Mid Tower,92.3,1
62.0,190.0,,,240.0,ATX Full Tower,128.0,1
101.0,165.0,120.0,3,360.0,ATX Mid Tower,64.0,1
158.0,75.0,,,,Mini ITX Tower,-83.0,0
152.0,180.0,120.0,1,,ATX Mid Tower,28.0,1
160.0,160.0,,,,ATX Mid Tower,0.0,1
154.0,175.0,,,,ATX Mid Tower,21.0,1
126.0,165.0,,,,ATX Mid Tower,39.0,1
165.0,160.0,,,,ATX Mid Tower,-5.0,0
59.0,140.0,,,360.0,Mini ITX Tower,81.0,1
170.0,193.0,,,,ATX Full Tower,23.0,1
135.0,165.0,,,,ATX Mid Tower,30.0,1
154.0,50.0,,,,Mini ITX Tower,-104.0,0
149.0,167.0,,,,ATX Mid Tower,18.0,1
51.0,210.0,,,240.0,Micro ATX Mini Tower,159.0,1
154.0,170.0,,,,ATX Mid Tower,16.0,1
65.0,160.0,,,,ATX Mid Tower,95.0,1
151.0,170.0,,,,ATX Mid Tower,19.0,1
163.0,70.0,120.0,,,HTPC,-93.0,0
64.4,173.0,120.0,3,360.0,ATX Mid Tower,108.6,1
138.0,85.0,,,,Mini ITX Tower,-53.0,0
137.0,165.0,,,,Micro ATX Mini Tower,28.0,1
139.0,165.0,,,,Micro ATX Mini Tower,26.0,1
158.0,68.0,,,,Mini ITX Tower,-90.0,0
154.0,167.0,,,,ATX Mid Tower,13.0,1
154.0,65.0,,,,HTPC,-89.0,0
84.0,70.0,360.0,3,360.0,Mini ITX Tower,-14.0,0
67.0,160.0,,,,ATX Mid Tower,93.0,1
170.0,160.0,,,,Micro ATX Mini Tower,-10.0,0
155.0,170.0,,,,ATX Mid Tower,15.0,1
150.0,145.0,120.0,1,,ATX Mid Tower,-5.0,0
161.0,183.0,,,,ATX Mid Tower,22.0,1
135.0,110.0,,,,Mini ITX Tower,-25.0,0
166.0,68.0,120.0,,,Mini ITX Tower,-98.0,0
68.0,160.0,,,240.0,ATX Mid Tower,92.0,1
155.0,83.0,,,,Mini ITX Tower,-72.0,0
165.0,167.0,,,,Mini ITX Tower,2.0,1
161.0,65.0,,,,Micro ATX Mini Tower,-96.0,0
154.0,170.0,,,,ATX Mid Tower,16.0,1
159.0,61.0,,,,Mini ITX Tower,-98.0,0
136.0,168.0,,,,ATX Mid Tower,32.0,1
155.0,140.0,,1,,Micro ATX Mini Tower,-15.0,0
60.0,165.0,,,360.0,ATX Mid Tower,105.0,1
64.0,185.0,,,,ATX Mid Tower,121.0,1
163.0,158.75,,,,ATX Mid Tower,-4.25,0
157.0,173.0,,,,ATX Mid Tower,16.0,1
165.0,185.0,,,,EATX Mid Tower,20.0,1
158.0,70.0,,,,HTPC,-88.0,0
155.0,58.0,,,,HTPC,-97.0,0
63.0,178.0,,,,,115.0,1
68.0,180.0,,,240.0,ATX Mid Tower,112.0,1
37.0,210.0,,,,ATX Mid Tower,173.0,1
160.0,175.0,,,,Micro ATX Mid Tower,15.0,1
155.0,150.0,,,,Micro ATX Mini Tower,-5.0,0
30.0,165.0,,,,Micro ATX Mini Tower,135.0,1
170.0,163.5,,,,Micro ATX Mid Tower,-6.5,0
56.0,110.0,140.0,,280.0,Mini ITX Tower,54.0,1
171.0,170.0,,,,ATX Mid Tower,-1.0,0
162.0,162.0,,,,ATX Mid Tower,0.0,1
59.0,155.0,,,360.0,ATX Mid Tower,96.0,1
135.0,83.0,,,,Mini ITX Tower,-52.0,0
155.0,279.0,,,,ATX Mid Tower,124.0,1
154.0,70.0,,,,Mini ITX Tower,-84.0,0
158.0,82.0,,,,Mini ITX Tower,-76.0,0
158.0,170.0,,,,ATX Mid Tower,12.0,1
67.0,70.0,,,,Mini ITX Tower,3.0,1
58.0,185.0,,,,ATX Mid Tower,127.0,1
159.0,45.0,,,,Mini ITX Tower,-114.0,0
123.0,67.0,120.0,3,360.0,Mini ITX Tower,-56.0,0
70.0,170.0,,,240.0,ATX Mid Tower,100.0,1
155.0,184.0,,,,ATX Mid Tower,29.0,1
159.0,88.2,,,,ATX Mid Tower,-70.8,0
130.0,167.0,,,,Mini ITX Tower,37.0,1
153.0,179.0,,,,ATX Mid Tower,26.0,1
54.0,175.0,,,,ATX Mid Tower,121.0,1
141.0,50.0,,,,Mini ITX Tower,-91.0,0
160.0,167.0,,,,ATX Mid Tower,7.0,1
60.0,160.0,,,280.0,ATX Mini Tower,100.0,1
78.0,75.0,,,,Micro ATX Mini Tower,-3.0,0
159.0,70.0,,,,HTPC,-89.0,0
56.0,185.0,,,280.0,ATX Mid Tower,129.0,1
155.0,175.0,,,,EATX Full Tower,20.0,1
56.0,175.0,,,360.0,ATX Mid Tower,119.0,1
148.0,68.0,,,,Mini ITX Tower,-80.0,0
156.0,67.0,,,,Mini ITX Tower,-89.0,0
88.0,68.0,,,,Mini ITX Tower,-20.0,0
158.0,170.0,,,,Micro ATX Mid Tower,12.0,1
159.0,67.0,,,,Mini ITX Tower,-92.0,0
159.0,77.0,,,,Mini ITX Tower,-82.0,0
58.0,185.0,,,,ATX Mid Tower,127.0,1
155.0,83.0,120.0,2,,Mini ITX Tower,-72.0,0
155.0,70.0,,,,HTPC,-85.0,0
159.0,167.0,,,,ATX Mid Tower,8.0,1
164.0,163.0,,,,ATX Mid Tower,-1.0,0
56.0,162.0,,,280.0,ATX Mid Tower,106.0,1
65.0,70.0,,,240.0,HTPC,5.0,1
155.0,70.0,,,,HTPC,-85.0,0
160.0,159.0,,,,Micro ATX Mini Tower,-1.0,0
155.0,190.0,,,,ATX Full Tower,35.0,1
161.0,75.0,,,,Micro ATX Mini Tower,-86.0,0
162.0,185.0,,,,ATX Full Tower,23.0,1
168.0,160.0,,,,ATX Mid Tower,-8.0,0
151.0,61.0,,,,Mini ITX Tower,-90.0,0
157.0,138.0,,,,HTPC,-19.0,0
154.0,138.0,,,,HTPC,-16.0,0
101.0,77.0,120.0,3,360.0,Mini ITX Tower,-24.0,0
166.0,38.0,,,,Mini ITX Tower,-128.0,0
150.0,65.0,,,,Micro ATX Mini Tower,-85.0,0
125.0,65.0,,,,Mini ITX Tower,-60.0,0
158.0,156.0,,,,Micro ATX Mid Tower,-2.0,0
53.0,38.0,120.0,2,240.0,Mini ITX Tower,-15.0,0
55.0,170.0,,,,ATX Mid Tower,115.0,1
120.0,70.0,,,,HTPC,-50.0,0
165.0,150.0,,,,Mini ITX Tower,-15.0,0
126.0,38.0,,,,Mini ITX Tower,-88.0,0
165.0,160.0,,,,ATX Mid Tower,-5.0,0
158.0,210.0,140.0,2,,Mini ITX Tower,52.0,1
160.0,140.0,,,,Mini ITX Tower,-20.0,0
160.0,70.0,,,,HTPC,-90.0,0
158.0,182.0,,,,ATX Mid Tower,24.0,1
142.0,45.0,,,,Mini ITX Tower,-97.0,0
155.0,165.0,120.0,2,,Micro ATX Mini Tower,10.0,1
160.0,158.0,,,,Micro ATX Mini Tower,-2.0,0
136.0,161.0,,,,ATX Mid Tower,25.0,1
62.0,170.0,,,240.0,ATX Mid Tower,108.0,1
62.0,190.0,,,360.0,ATX Mid Tower,128.0,1
160.0,157.0,,,,ATX Mid Tower,-3.0,0
156.0,70.0,,,,Mini ITX Tower,-86.0,0
62.0,180.0,,,360.0,ATX Mid Tower,118.0,1
163.0,70.0,,,,Mini ITX Tower,-93.0,0
68.0,55.0,,,,Mini ITX Tower,-13.0,0
150.0,168.0,,,,ATX Mid Tower,18.0,1
157.0,185.0,,,,ATX Full Tower,28.0,1
154.0,67.0,,,,Mini ITX Tower,-87.0,0
110.0,61.0,,,,Mini ITX Tower,-49.0,0
165.0,160.0,,,,Micro ATX Mini Tower,-5.0,0
161.0,47.0,,,,Micro ATX Desktop,-114.0,0
160.0,70.0,,,,Mini ITX Tower,-90.0,0
61.85,170.0,120.0,3,360.0,ATX Mid Tower,108.15,1
85.0,170.0,,,360.0,ATX Mid Tower,85.0,1
63.0,45.0,,,,Mini ITX Tower,-18.0,0
146.0,146.0,,,,ATX Mid Tower,0.0,1
136.0,82.0,90.0,1,,Mini ITX Tower,-54.0,0
155.0,170.0,,,,Mini ITX Tower,15.0,1
60.0,170.0,,,240.0,ATX Mid Tower,110.0,1
159.0,160.0,,,,ATX Mid Tower,1.0,1
163.0,181.0,,,,ATX Mid Tower,18.0,1
165.0,150.0,,,,Micro ATX Mini Tower,-15.0,0
155.0,171.0,,,,ATX Mid Tower,16.0,1
69.0,70.0,,,240.0,Micro ATX Desktop,1.0,1
159.0,150.0,,,,Micro ATX Mini Tower,-9.0,0
160.0,82.0,,,,Micro ATX Mid Tower,-78.0,0
60.0,167.0,,,,ATX Mid Tower,107.0,1
84.0,181.0,360.0,3,360.0,ATX Mid Tower,97.0,1
154.0,180.0,120.0,2,,ATX Mid Tower,26.0,1
52.0,210.0,,,240.0,Micro ATX Mini Tower,158.0,1
157.0,68.0,,,,Mini ITX Tower,-89.0,0
154.0,170.0,,,,ATX Mid Tower,16.0,1
30.4,170.0,120.0,3,360.0,ATX Mid Tower,139.6,1
60.0,55.0,,,360.0,Mini ITX Tower,-5.0,0
52.0,160.0,120.0,3,360.0,ATX Mid Tower,108.0,1
133.0,70.0,,,,Mini ITX Tower,-63.0,0
157.0,70.0,,,,Mini ITX Tower,-87.0,0
157.0,70.0,,,,HTPC,-87.0,0
60.0,50.0,120.0,2,360.0,Mini ITX Tower,-10.0,0
92.0,180.0,120.0,,240.0,ATX Mid Tower,88.0,1
66.0,160.0,120.0,3,360.0,ATX Mid Tower,94.0,1
135.0,179.0,,,,ATX Mid Tower,44.0,1
157.0,85.0,,,,Mini ITX Tower,-72.0,0
156.0,155.0,,,,ATX Mid Tower,-1.0,0
153.0,140.0,,,,Mini ITX Tower,-13.0,0
154.0,138.0,,,,HTPC,-16.0,0
156.0,165.0,,,,ATX Mid Tower,9.0,1
66.0,167.0,,,360.0,ATX Mid Tower,101.0,1
165.0,170.0,,,,ATX Mid Tower,5.0,1
65.0,170.0,,,240.0,ATX Mid Tower,105.0,1
47.0,165.0,,,360.0,Micro ATX Mini Tower,118.0,1
65.0,83.0,,,360.0,Mini ITX Tower,18.0,1
160.0,174.0,,,,ATX Mid Tower,14.0,1
148.0,165.0,,,,Micro ATX Mini Tower,17.0,1
51.0,180.0,,,420.0,ATX Mid Tower,129.0,1
160.0,145.0,,,,ATX Mid Tower,-15.0,0
47.0,45.0,,,,Mini ITX Tower,-2.0,0
145.0,179.0,,,,ATX Mid Tower,34.0,1
70.0,180.5,,,,EATX Mid Tower,110.5,1
136.0,70.0,,,,Mini ITX Tower,-66.0,0
167.0,120.0,,,,Mini ITX Tower,-47.0,0
136.0,188.0,,,,ATX Mid Tower,52.0,1
171.0,160.0,,,,ATX Mid Tower,-11.0,0
155.0,169.0,,,,ATX Mid Tower,14.0,1
158.0,85.0,,,,Mini ITX Tower,-73.0,0
53.0,180.0,,,,ATX Mid Tower,127.0,1
150.0,75.0,,,,Micro ATX Mini Tower,-75.0,0
65.0,170.0,,,360.0,ATX Mid Tower,105.0,1
166.0,163.5,,,,Micro ATX Mid Tower,-2.5,0
168.0,160.0,120.0,,,Micro ATX Mid Tower,-8.0,0
160.0,155.0,,,,Mini ITX Tower,-5.0,0
165.0,140.0,,,,Mini ITX Tower,-25.0,0
64.0,58.0,,,240.0,HTPC,-6.0,0
159.0,173.0,,,,ATX Mid Tower,14.0,1
154.0,70.0,,,,HTPC,-84.0,0
160.0,85.0,140.0,2,280.0,Mini ITX Tower,-75.0,0
127.0,160.0,100.0,2,,Micro ATX Mini Tower,33.0,1
42.0,70.0,,,360.0,Mini ITX Tower,28.0,1
155.0,70.0,,,,Mini ITX Tower,-85.0,0
158.0,70.0,140.0,2,,HTPC,-88.0,0
165.0,138.0,,,,HTPC,-27.0,0
127.0,70.0,,,,HTPC,-57.0,0
157.0,165.0,,,,ATX Mid Tower,8.0,1
65.0,200.0,280.0,1,280.0,ATX Full Tower,135.0,1
158.0,70.0,,,,HTPC,-88.0,0
78.0,70.0,120.0,3,360.0,Mini ITX Tower,-8.0,0
154.0,140.0,,,,Mini ITX Tower,-14.0,0
54.0,160.0,,,240.0,ATX Mid Tower,106.0,1
160.0,175.0,,,,ATX Mid Tower,15.0,1
158.0,172.0,,,,Mini ITX Tower,14.0,1
158.0,155.0,,,,Mini ITX Tower,-3.0,0
160.0,170.0,,,,Mini ITX Tower,10.0,1
79.0,210.0,,,,Micro ATX Mini Tower,131.0,1
157.0,38.0,,,,Mini ITX Tower,-119.0,0
159.0,165.0,,,,ATX Mid Tower,6.0,1
135.0,160.0,,,,Micro ATX Mini Tower,25.0,1
160.0,165.0,,,,ATX Mid Tower,5.0,1
160.0,155.0,,,,Micro ATX Mini Tower,-5.0,0
137.0,171.0,,,,ATX Mid Tower,34.0,1
160.0,159.0,,,,Micro ATX Mid Tower,-1.0,0
165.0,160.0,,,,ATX Mid Tower,-5.0,0
149.0,65.0,,,,Micro ATX Mini Tower,-84.0,0
63.0,190.0,,,360.0,ATX Mid Tower,127.0,1
45.0,160.0,,,,ATX Mid Tower,115.0,1
62.0,165.0,,,240.0,ATX Mid Tower,103.0,1
156.0,151.0,,,,ATX Mid Tower,-5.0,0
166.0,160.0,,,,ATX Mid Tower,-6.0,0
137.0,135.0,,,,Micro ATX Mid Tower,-2.0,0
165.0,70.0,,,,Mini ITX Tower,-95.0,0
159.0,184.0,,,,ATX Mid Tower,25.0,1
160.0,50.0,,,,Mini ITX Tower,-110.0,0
54.0,180.0,,,420.0,ATX Mid Tower,126.0,1
160.0,170.0,,,,ATX Mid Tower,10.0,1
152.0,150.0,,,,ATX Mid Tower,-2.0,0
116.0,85.0,120.0,3,360.0,Mini ITX Tower,-31.0,0
62.0,183.0,,,240.0,ATX Mid Tower,121.0,1
70.0,55.0,,,360.0,Mini ITX Tower,-15.0,0
157.0,163.5,,,,Micro ATX Mid Tower,6.5,1
168.0,163.5,,,,Micro ATX Mid Tower,-4.5,0
186.0,175.0,120.0,3,360.0,ATX Mid Tower,-11.0,0
145.0,190.0,,,,ATX Mid Tower,45.0,1
67.0,170.0,,,360.0,ATX Mid Tower,103.0,1
64.0,58.0,,,240.0,HTPC,-6.0,0
69.0,185.0,140.0,3,420.0,ATX Mid Tower,116.0,1
154.0,70.0,,,,HTPC,-84.0,0
155.0,165.0,,,,ATX Full Tower,10.0,1
166.0,160.0,120.0,,,EATX Mid Tower,-6.0,0
160.0,155.0,,,,ATX Mid Tower,-5.0,0
124.0,70.0,,,,Mini ITX Tower,-54.0,0
158.0,155.0,,,,Micro ATX Mini Tower,-3.0,0
155.0,160.0,120.0,1,,Micro ATX Mini Tower,5.0,1
65.0,180.0,,,360.0,ATX Mid Tower,115.0,1
158.0,185.0,140.0,2,,ATX Mid Tower,27.0,1
154.0,67.0,120.0,2,,Mini ITX Tower,-87.0,0
154.0,150.0,,,,Micro ATX Mid Tower,-4.0,0
79.0,210.0,,,,ATX Mid Tower,131.0,1
67.0,185.0,,,,ATX Mid Tower,118.0,1
63.0,70.0,,,360.0,Mini ITX Tower,7.0,1
158.0,180.0,140.0,2,,ATX Mid Tower,22.0,1
56.0,198.0,120.0,3,360.0,ATX Full Tower,142.0,1
158.0,184.0,,,,ATX Mid Tower,26.0,1
66.0,180.0,,,,ATX Mid Tower,114.0,1
68.0,183.0,120.0,3,360.0,ATX Mid Tower,115.0,1
165.0,70.0,,,,HTPC,-95.0,0
72.0,65.0,,,,HTPC,-7.0,0
159.0,157.0,,,,Micro ATX Mini Tower,-2.0,0
152.0,150.0,120.0,1,,Micro ATX Mini Tower,-2.0,0
161.0,160.0,,,,ATX Mid Tower,-1.0,0
156.0,178.0,,,,ATX Mid Tower,22.0,1
169.0,165.0,,,,ATX Mid Tower,-4.0,0
160.0,150.0,,,,Micro ATX Mini Tower,-10.0,0
116.0,165.0,140.0,2,280.0,ATX Mid Tower,49.0,1
160.0,138.0,,,,HTPC,-22.0,0
69.0,61.0,,,360.0,Mini ITX Tower,-8.0,0
159.0,55.0,,,,Mini ITX Tower,-104.0,0
167.0,82.0,,,,Micro ATX Mini Tower,-85.0,0
54.0,160.0,,,240.0,Micro ATX Mid Tower,106.0,1
169.0,165.0,,,,ATX Mid Tower,-4.0,0
47.0,68.0,,,,Mini ITX Tower,21.0,1
165.0,170.0,,,,ATX Mid Tower,5.0,1
166.0,160.0,120.0,,,ATX Mini Tower,-6.0,0
160.0,156.0,,,,Micro ATX Mid Tower,-4.0,0
165.0,162.0,,,,ATX Mid Tower,-3.0,0
160.0,168.0,,,,ATX Mid Tower,8.0,1
65.0,190.0,,,240.0,ATX Mid Tower,125.0,1
159.0,120.0,,,,Mini ITX Tower,-39.0,0
170.0,165.0,,,,Micro ATX Mini Tower,-5.0,0
156.0,210.0,,,,Micro ATX Mini Tower,54.0,1
157.0,68.0,,,,Mini ITX Tower,-89.0,0
166.0,165.0,120.0,,,Micro ATX Mini Tower,-1.0,0
158.0,158.0,,,,Micro ATX Mini Tower,0.0,1
154.0,150.0,120.0,2,,Micro ATX Mid Tower,-4.0,0
136.0,170.0,,,,Micro ATX Mid Tower,34.0,1
58.0,160.0,,,240.0,ATX Mid Tower,102.0,1
54.0,170.0,,,240.0,ATX Mid Tower,116.0,1
60.0,169.0,,,,ATX Mid Tower,109.0,1
166.0,146.0,120.0,,,HTPC,-20.0,0
94.5,45.0,140.0,2,280.0,Mini ITX Tower,-49.5,0
62.0,175.0,,,240.0,ATX Mid Tower,113.0,1
48.0,170.0,,,120.0,ATX Mid Tower,122.0,1
148.0,159.0,120.0,,,ATX Mid Tower,11.0,1
157.0,155.0,,,,ATX Mid Tower,-2.0,0
155.0,82.0,,,,Micro ATX Mid Tower,-73.0,0
162.0,160.0,,,,Micro ATX Mid Tower,-2.0,0
158.0,90.0,,,,Micro ATX Desktop,-68.0,0
63.0,188.0,,,,EATX Mid Tower,125.0,1
153.0,68.0,,,,Mini ITX Tower,-85.0,0
123.0,65.0,,,,HTPC,-58.0,0
165.0,148.0,,,,Micro ATX Mini Tower,-17.0,0
164.0,160.0,,,,ATX Mid Tower,-4.0,0
155.0,70.0,,,,HTPC,-85.0,0
157.0,163.5,,,,Micro ATX Mini Tower,6.5,1
160.0,155.0,,,,ATX Mid Tower,-5.0,0
158.0,114.0,,,,Mini ITX Tower,-44.0,0
160.0,140.0,,,,Mini ITX Tower,-20.0,0
150.0,68.0,,,,Mini ITX Tower,-82.0,0
166.0,157.0,,,,ATX Mid Tower,-9.0,0
70.0,195.0,,,,ATX Mid Tower,125.0,1
154.0,77.0,,,,HTPC,-77.0,0
84.0,195.0,,,,ATX Full Tower,111.0,1
166.0,165.0,,,,ATX Mid Tower,-1.0,0
155.0,68.0,,,,Mini ITX Tower,-87.0,0
30.4,175.0,120.0,3,360.0,ATX Mid Tower,144.6,1
153.0,77.0,,,,Mini ITX Tower,-76.0,0
136.0,185.0,,,,ATX Mid Tower,49.0,1
146.0,65.0,,,,Micro ATX Mini Tower,-81.0,0
160.0,156.0,,,,ATX Mid Tower,-4.0,0
116.0,171.0,140.0,2,280.0,ATX Mid Tower,55.0,1
155.0,160.0,,,,ATX Mid Tower,5.0,1
172.0,185.0,,,,ATX Mid Tower,13.0,1
137.0,160.0,,,,ATX Mid Tower,23.0,1
113.0,210.0,,,,Micro ATX Mini Tower,97.0,1
158.0,165.0,,,,ATX Mid Tower,7.0,1
157.0,156.0,,,,ATX Mid Tower,-1.0,0
165.0,160.0,,,,ATX Mid Tower,-5.0,0
122.0,77.0,,,,Mini ITX Tower,-45.0,0
160.0,155.0,,,,ATX Mid Tower,-5.0,0
53.0,185.0,120.0,3,240.0,ATX Mid Tower,132.0,1
150.0,185.0,,,,ATX Mid Tower,35.0,1
148.0,159.0,,,,Micro ATX Mid Tower,11.0,1
125.0,55.0,,,,Mini ITX Tower,-70.0,0
69.0,67.0,,,360.0,Mini ITX Tower,-2.0,0
168.0,160.0,,,,ATX Mid Tower,-8.0,0
53.0,170.0,94.5,1,,ATX Mid Tower,117.0,1
69.0,156.0,,,,ATX Mid Tower,87.0,1
154.0,187.0,,,,ATX Mid Tower,33.0,1
100.0,70.0,,,240.0,Mini ITX Tower,-30.0,0
154.0,170.0,,,,ATX Mid Tower,16.0,1
71.0,159.0,,,,Micro ATX Mid Tower,88.0,1
89.8,55.0,120.0,3,360.0,Mini ITX Tower,-34.8,0
110.0,70.0,,,,Mini ITX Tower,-40.0,0
107.0,170.0,120.0,3,360.0,ATX Mid Tower,63.0,1
45.0,175.0,,,,Micro ATX Mini Tower,130.0,1
152.0,185.0,120.0,1,,ATX Mid Tower,33.0,1
165.0,67.0,120.0,2,,Mini ITX Tower,-98.0,0
154.0,150.0,,,,Micro ATX Mid Tower,-4.0,0
93.0,170.0,,,,ATX Mid Tower,77.0,1
130.0,165.0,,,,ATX Mid Tower,35.0,1
152.0,165.0,120.0,1,,Micro ATX Mid Tower,13.0,1
154.0,175.0,,,,Micro ATX Mini Tower,21.0,1
160.0,170.0,,,,Micro ATX Mini Tower,10.0,1
158.0,170.0,,,,ATX Mid Tower,12.0,1
164.0,181.0,,,,ATX Mid Tower,17.0,1
73.0,185.0,120.0,2,240.0,ATX Mid Tower,112.0,1
37.0,65.0,,,,Mini ITX Tower,28.0,1
80.6,185.0,120.0,3,360.0,ATX Mid Tower,104.4,1
150.0,160.0,,,,ATX Mid Tower,10.0,1
60.0,175.0,140.0,2,280.0,ATX Mid Tower,115.0,1
62.0,160.0,,,240.0,ATX Mid Tower,98.0,1
66.0,47.0,,,,Micro ATX Desktop,-19.0,0
158.0,140.0,,,,Mini ITX Tower,-18.0,0
157.0,155.0,,,,Micro ATX Mini Tower,-2.0,0
157.0,50.0,,,,Mini ITX Tower,-107.0,0
163.0,178.0,,,,ATX Mid Tower,15.0,1
159.0,180.0,,,,ATX Mid Tower,21.0,1
65.0,170.0,,,,ATX Mid Tower,105.0,1
68.4,165.0,120.0,3,360.0,ATX Mid Tower,96.6,1
160.0,160.0,,,,Micro ATX Mid Tower,0.0,1
397.0,180.0,120.0,3,360.0,ATX Mid Tower,-217.0,0
158.0,156.0,,,,Micro ATX Mid Tower,-2.0,0
151.0,180.0,120.0,2,,ATX Mid Tower,29.0,1
162.0,160.0,,,,ATX Mid Tower,-2.0,0
70.0,210.0,,,240.0,Mini ITX Tower,140.0,1
159.0,155.0,,,,ATX Mid Tower,-4.0,0
63.0,146.0,,,,HTPC,83.0,1
60.0,165.0,,,360.0,Micro ATX Mini Tower,105.0,1
154.0,162.0,,,,ATX Mid Tower,8.0,1
155.0,180.0,120.0,2,,ATX Mid Tower,25.0,1
155.0,70.0,,,,HTPC,-85.0,0
165.0,161.0,,,,ATX Mid Tower,-4.0,0
136.0,70.0,,,,Mini ITX Tower,-66.0,0
165.0,159.0,,,,ATX Mid Tower,-6.0,0
81.0,70.0,,,,HTPC,-11.0,0
158.0,148.0,,,,ATX Mid Tower,-10.0,0
27.0,165.0,,,,ATX Mid Tower,138.0,1
64.4,160.0,120.0,3,360.0,ATX Mid Tower,95.6,1
150.0,67.0,,,,Mini ITX Tower,-83.0,0
162.0,140.0,,,,Mini ITX Tower,-22.0,0
63.0,160.0,,,,ATX Mid Tower,97.0,1
134.0,70.0,,,,HTPC,-64.0,0
37.0,57.0,,,,Micro ATX Desktop,20.0,1
153.0,48.0,,,,Mini ITX Tower,-105.0,0
51.0,185.0,,,240.0,ATX Mid Tower,134.0,1
45.0,190.0,120.0,2,240.0,EATX Mid Tower,145.0,1
158.0,193.0,,,,ATX Full Tower,35.0,1
160.0,155.0,120.0,2,,ATX Mid Tower,-5.0,0
163.0,110.0,,,,Mini ITX Tower,-53.0,0
158.0,156.0,,,,Micro ATX Mid Tower,-2.0,0
155.0,163.0,120.0,1,,ATX Mid Tower,8.0,1
165.0,165.0,,,,ATX Mid Tower,0.0,1
157.0,88.2,,,,ATX Mid Tower,-68.8,0
63.0,190.0,,,,ATX Full Tower,127.0,1
62.0,68.0,,,360.0,Mini ITX Tower,6.0,1
60.0,190.0,,,360.0,EATX Mid Tower,130.0,1
154.0,114.0,,,,Mini ITX Tower,-40.0,0
135.0,180.0,,,,ATX Mid Tower,45.0,1
155.0,61.0,120.0,,,Mini ITX Tower,-94.0,0
161.0,160.0,,,,ATX Mid Tower,-1.0,0
161.0,155.0,,,,Micro ATX Mid Tower,-6.0,0
163.0,160.0,120.0,,,ATX Mid Tower,-3.0,0
158.0,160.0,,,,ATX Mid Tower,2.0,1
164.0,148.0,,,,ATX Mid Tower,-16.0,0
160.0,173.0,,,,ATX Mid Tower,13.0,1
47.0,114.0,,,,Mini ITX Tower,67.0,1
65.0,180.0,120.0,2,240.0,ATX Mid Tower,115.0,1
168.0,145.0,,,,ATX Mid Tower,-23.0,0
159.0,163.5,120.0,1,,Micro ATX Mid Tower,4.5,1
160.0,65.0,,,,Micro ATX Mini Tower,-95.0,0
161.0,48.0,,,,Mini ITX Tower,-113.0,0
155.0,195.0,120.0,2,,ATX Mid Tower,40.0,1
125.0,180.0,,,,ATX Mid Tower,55.0,1
163.0,155.0,,,,Micro ATX Mid Tower,-8.0,0
134.0,165.0,,,,ATX Mid Tower,31.0,1
167.0,114.0,,,,Mini ITX Tower,-53.0,0
163.0,75.0,,,,Micro ATX Mini Tower,-88.0,0
169.0,165.0,,,,ATX Mid Tower,-4.0,0
160.0,160.0,,,,ATX Mid Tower,0.0,1
159.0,166.0,,,,ATX Mid Tower,7.0,1
37.0,165.0,,,,Micro ATX Mini Tower,128.0,1
70.0,210.0,,,360.0,Mini ITX Tower,140.0,1
158.0,70.0,,,,Micro ATX Desktop,-88.0,0
62.0,170.0,120.0,3,360.0,ATX Mid Tower,108.0,1
157.0,61.0,,,,Mini ITX Tower,-96.0,0
44.0,180.0,,,120.0,ATX Mid Tower,136.0,1
135.0,180.0,,,,ATX Mid Tower,45.0,1
162.0,160.0,,,,ATX Mid Tower,-2.0,0
397.0,160.0,120.0,3,360.0,Micro ATX Mini Tower,-237.0,0
158.0,170.0,140.0,2,,ATX Mid Tower,12.0,1
45.0,83.0,,,,Mini ITX Tower,38.0,1
165.0,70.0,120.0,2,,Mini ITX Tower,-95.0,0
160.0,68.0,,,,Mini ITX Tower,-92.0,0
158.0,150.0,,,,Micro ATX Mini Tower,-8.0,0
169.0,155.0,,,,ATX Mid Tower,-14.0,0
52.0,170.0,,,360.0,ATX Mid Tower,118.0,1
48.0,75.0,,,120.0,Mini ITX Tower,27.0,1
158.0,180.5,,,,EATX Mid Tower,22.5,1
125.0,165.0,120.0,3,360.0,ATX Mid Tower,40.0,1
60.0,168.0,,,360.0,Micro ATX Mini Tower,108.0,1
166.0,187.0,,,,ATX Mid Tower,21.0,1
69.0,68.0,,,360.0,Mini ITX Tower,-1.0,0
155.0,61.0,120.0,,,Mini ITX Tower,-94.0,0
154.0,160.0,,,,Micro ATX Mini Tower,6.0,1
148.0,163.0,,,,ATX Mid Tower,15.0,1
161.0,150.0,,,,Micro ATX Mini Tower,-11.0,0
68.0,193.0,,,,ATX Full Tower,125.0,1
153.0,65.0,120.0,1,,HTPC,-88.0,0
162.0,75.0,,,,Micro ATX Mini Tower,-87.0,0
157.0,148.0,,,,Micro ATX Mid Tower,-9.0,0
160.0,156.0,,,,Micro ATX Mini Tower,-4.0,0
152.0,38.0,,,,Mini ITX Tower,-114.0,0
133.0,160.0,,,,Micro ATX Mini Tower,27.0,1
155.0,185.0,,,,ATX Full Tower,30.0,1
157.0,45.0,120.0,2,,Mini ITX Tower,-112.0,0
160.0,85.0,,,,Mini ITX Tower,-75.0,0
116.0,160.0,,,,ATX Mid Tower,44.0,1
165.0,160.0,,,,ATX Mid Tower,-5.0,0
162.0,160.0,,,,ATX Mid Tower,-2.0,0
157.0,83.0,,,,Mini ITX Tower,-74.0,0
64.4,190.0,120.0,3,360.0,ATX Full Tower,125.6,1
47.0,138.0,,,,HTPC,91.0,1
58.0,164.0,140.0,2,280.0,Micro ATX Desktop,106.0,1
62.0,170.0,,,360.0,ATX Mid Tower,108.0,1
166.0,45.0,,,,Mini ITX Tower,-121.0,0
160.0,88.2,,,,ATX Mid Tower,-71.8,0
70.0,164.0,,,240.0,Micro ATX Desktop,94.0,1
69.0,190.0,,,240.0,ATX Mid Tower,121.0,1
160.0,168.0,,,,Micro ATX Mini Tower,8.0,1
159.0,140.0,,,,Micro ATX Mini Tower,-19.0,0
127.0,170.0,100.0,,,ATX Mid Tower,43.0,1
60.0,210.0,,,240.0,Micro ATX Mini Tower,150.0,1
158.0,173.0,,,,ATX Mid Tower,15.0,1
171.0,178.0,,,,,7.0,1
155.0,150.0,,,,ATX Mid Tower,-5.0,0
167.0,67.0,,,,Mini ITX Tower,-100.0,0
166.0,154.0,,,,Micro ATX Mid Tower,-12.0,0
123.0,61.0,92.0,1,,Mini ITX Tower,-62.0,0
153.0,120.0,,,,Mini ITX Tower,-33.0,0
157.0,47.0,,,,Micro ATX Desktop,-110.0,0
38.0,165.0,140.0,2,280.0,ATX Mid Tower,127.0,1
66.0,65.0,,,,Mini ITX Tower,-1.0,0
130.0,85.0,,,,Mini ITX Tower,-45.0,0
143.0,58.0,,,,HTPC,-85.0,0
131.0,170.0,,,,EATX Mid Tower,39.0,1
168.0,150.0,,,,Micro ATX Mini Tower,-18.0,0
105.0,169.0,,,360.0,ATX Mid Tower,64.0,1
160.0,159.0,,,,ATX Mid Tower,-1.0,0
86.4,138.0,120.0,3,360.0,HTPC,51.6,1
153.0,180.0,,,,ATX Mid Tower,27.0,1
80.6,210.0,120.0,3,360.0,ATX Mid Tower,129.4,1
137.0,168.0,,,,ATX Mid Tower,31.0,1
160.0,135.0,,,,Micro ATX Mid Tower,-25.0,0
397.0,190.0,120.0,3,360.0,ATX Full Tower,-207.0,0
136.0,83.0,,,,Mini ITX Tower,-53.0,0
167.0,163.0,,,,ATX Mid Tower,-4.0,0
126.0,85.0,,,,Mini ITX Tower,-41.0,0
150.0,145.0,,,,ATX Mid Tower,-5.0,0
153.0,135.0,,,,Micro ATX Mid Tower,-18.0,0
166.0,160.0,120.0,,,ATX Mid Tower,-6.0,0
155.0,166.0,,,,ATX Mid Tower,11.0,1
75.0,38.0,,,,Mini ITX Tower,-37.0,0
156.0,155.0,,,,Micro ATX Mini Tower,-1.0,0
158.0,156.0,,,,ATX Mid Tower,-2.0,0
162.0,160.0,135.0,2,,ATX Mid Tower,-2.0,0
154.0,170.0,,,,Micro ATX Mid Tower,16.0,1
160.0,182.0,,,,ATX Full Tower,22.0,1
42.0,166.0,,,360.0,ATX Mid Tower,124.0,1
135.0,183.0,120.0,1,,ATX Mid Tower,48.0,1
125.0,61.0,,,240.0,Mini ITX Tower,-64.0,0
123.0,166.0,,,,ATX Mid Tower,43.0,1
62.0,61.0,120.0,3,360.0,Mini ITX Tower,-1.0,0
150.0,165.0,,,,Micro ATX Mini Tower,15.0,1
69.0,83.0,,,360.0,Mini ITX Tower,14.0,1
65.0,55.0,,,240.0,Mini ITX Tower,-10.0,0
154.0,172.0,,,,Mini ITX Tower,18.0,1
160.0,175.0,,,,ATX Mid Tower,15.0,1
143.0,88.2,,,,ATX Mid Tower,-54.8,0
186.0,170.0,120.0,3,360.0,ATX Mid Tower,-16.0,0
57.0,160.0,,,,ATX Mid Tower,103.0,1
159.0,155.0,120.0,1,,ATX Mid Tower,-4.0,0
59.0,173.0,,,240.0,ATX Mid Tower,114.0,1
36.0,170.0,,,240.0,ATX Mid Tower,134.0,1
68.0,171.0,,,,ATX Mid Tower,103.0,1
160.0,158.0,,,,ATX Mid Tower,-2.0,0
49.0,165.0,,,360.0,Micro ATX Mini Tower,116.0,1
65.0,180.0,,,,ATX Mid Tower,115.0,1
127.0,178.0,100.0,2,,ATX Mid Tower,51.0,1
69.0,178.0,,,,,109.0,1
136.0,180.0,,,,ATX Mid Tower,44.0,1
162.0,155.0,,,,Micro ATX Mid Tower,-7.0,0
55.0,165.0,,,,ATX Mid Tower,110.0,1
160.0,83.0,,,,Mini ITX Tower,-77.0,0
102.0,156.0,120.0,3,360.0,ATX Mid Tower,54.0,1
80.6,164.0,120.0,3,360.0,Micro ATX Mini Tower,83.4,1
88.0,169.0,,,,ATX Mid Tower,81.0,1
157.0,45.0,,,,Mini ITX Tower,-112.0,0
135.0,75.0,,,,Mini ITX Tower,-60.0,0
37.0,210.0,,,,Micro ATX Mini Tower,173.0,1
157.0,70.0,,,,HTPC,-87.0,0
150.0,180.0,,,,ATX Mid Tower,30.0,1
158.0,140.0,,,,Micro ATX Mini Tower,-18.0,0
155.0,145.0,120.0,,,ATX Mid Tower,-10.0,0
136.0,161.0,,,,ATX Mid Tower,25.0,1
59.0,159.0,,,360.0,Micro ATX Mini Tower,100.0,1
155.0,165.0,,,,Micro ATX Mini Tower,10.0,1
51.0,170.0,,,360.0,ATX Mid Tower,119.0,1
52.0,170.0,,,360.0,ATX Full Tower,118.0,1
168.0,175.0,,,,Micro ATX Mid Tower,7.0,1
160.0,150.0,,,,Mini ITX Tower,-10.0,0
158.0,156.0,,,,Micro ATX Mid Tower,-2.0,0
157.0,187.0,,,,ATX Mid Tower,30.0,1
110.0,88.2,,,,ATX Mid Tower,-21.8,0
158.0,110.0,,,,Mini ITX Tower,-48.0,0
126.0,48.0,,,,Mini ITX Tower,-78.0,0
54.0,210.0,,,360.0,ATX Mid Tower,156.0,1
160.0,155.0,,,,Micro ATX Mid Tower,-5.0,0
158.0,57.0,140.0,2,,Micro ATX Desktop,-101.0,0
60.0,55.0,140.0,3,420.0,Mini ITX Tower,-5.0,0
161.0,165.0,,,,ATX Mid Tower,4.0,1
165.0,165.0,,,,ATX Mid Tower,0.0,1
161.0,160.0,120.0,3,360.0,ATX Mid Tower,-1.0,0
153.0,85.0,,,,Mini ITX Tower,-68.0,0
153.0,138.0,,,,HTPC,-15.0,0
154.0,82.0,,,,Micro ATX Mini Tower,-72.0,0
159.0,155.0,,,,ATX Mid Tower,-4.0,0
56.0,180.0,120.0,3,360.0,ATX Mid Tower,124.0,1
72.0,188.0,120.0,3,360.0,ATX Mid Tower,116.0,1
122.0,156.0,,,,ATX Mid Tower,34.0,1
143.0,88.2,,,,ATX Mid Tower,-54.8,0
53.0,160.0,120.0,3,360.0,ATX Mid Tower,107.0,1
160.0,151.0,,,,ATX Mid Tower,-9.0,0
165.0,67.0,,,,Mini ITX Tower,-98.0,0
75.0,170.0,120.0,3,360.0,ATX Mid Tower,95.0,1
150.0,188.0,,,,ATX Mid Tower,38.0,1
171.0,160.0,,,,ATX Mid Tower,-11.0,0
63.0,180.0,,,,ATX Mid Tower,117.0,1
147.0,38.0,,,,Mini ITX Tower,-109.0,0
158.0,165.0,,,,ATX Mid Tower,7.0,1
159.0,135.0,,,,Micro ATX Mid Tower,-24.0,0
60.0,170.0,120.0,1,240.0,Micro ATX Mini Tower,110.0,1
159.0,155.0,,,,Micro ATX Mid Tower,-4.0,0
154.0,75.0,,,,Micro ATX Mini Tower,-79.0,0
136.0,170.0,,,,ATX Mid Tower,34.0,1
69.0,182.0,120.0,3,360.0,ATX Mid Tower,113.0,1
62.0,165.0,,,240.0,ATX Mid Tower,103.0,1
186.0,163.5,120.0,3,360.0,Micro ATX Mini Tower,-22.5,0
160.0,155.0,,,,ATX Mid Tower,-5.0,0
67.0,168.0,,,240.0,ATX Mid Tower,101.0,1
116.0,70.0,120.0,2,240.0,Mini ITX Tower,-46.0,0
157.0,70.0,,,,HTPC,-87.0,0
135.0,70.0,120.0,1,,HTPC,-65.0,0
148.0,70.0,120.0,,,HTPC,-78.0,0
163.0,190.0,,,,ATX Full Tower,27.0,1
64.0,185.0,,,,ATX Mid Tower,121.0,1
92.0,160.0,120.0,,240.0,ATX Mid Tower,68.0,1
172.0,148.0,,,,Micro ATX Mid Tower,-24.0,0
94.5,70.0,120.0,1,,Mini ITX Tower,-24.5,0
57.0,180.0,120.0,3,360.0,ATX Mid Tower,123.0,1
168.0,165.0,120.0,,,ATX Mid Tower,-3.0,0
66.0,176.0,,,360.0,ATX Full Tower,110.0,1
154.0,75.0,,,,Mini ITX Tower,-79.0,0
160.0,155.0,,,,ATX Mid Tower,-5.0,0
158.0,172.0,,,,Mini ITX Tower,14.0,1
167.0,165.0,,,,Micro ATX Mini Tower,-2.0,0
157.0,67.0,,,,Mini ITX Tower,-90.0,0
158.0,48.0,,,,Mini ITX Tower,-110.0,0
94.0,164.0,120.0,3,360.0,ATX Mid Tower,70.0,1
82.0,65.0,,3,360.0,Micro ATX Mini Tower,-17.0,0
157.0,70.0,,,,Mini ITX Tower,-87.0,0
164.0,160.0,,,,ATX Mini Tower,-4.0,0
158.0,70.0,,,,HTPC,-88.0,0
123.0,70.0,,,,Mini ITX Tower,-53.0,0
160.0,178.0,,,,ATX Mid Tower,18.0,1
170.0,67.0,,,,Mini ITX Tower,-103.0,0
52.0,172.0,120.0,1,120.0,ATX Mid Tower,120.0,1
66.0,279.0,,,360.0,ATX Mid Tower,213.0,1
155.0,88.2,120.0,2,,ATX Mid Tower,-66.8,0
158.0,162.0,,,,ATX Mid Tower,4.0,1
397.0,77.0,120.0,3,360.0,HTPC,-320.0,0
123.0,161.0,,,,ATX Mid Tower,38.0,1
127.0,171.0,100.0,,,ATX Mid Tower,44.0,1
152.0,61.0,,,,Mini ITX Tower,-91.0,0
155.0,65.0,,,,Micro ATX Mini Tower,-90.0,0
42.0,170.0,,,120.0,ATX Mid Tower,128.0,1
53.0,150.0,,,,Micro ATX Mid Tower,97.0,1
110.0,180.0,,,,HTPC,70.0,1
141.0,58.0,,,,HTPC,-83.0,0
155.0,150.0,120.0,,,Mini ITX Tower,-5.0,0
68.0,167.0,,,,ATX Mid Tower,99.0,1
160.0,165.0,,,,ATX Mid Tower,5.0,1
161.0,156.0,,,,ATX Mid Tower,-5.0,0
165.0,160.0,120.0,2,,ATX Mid Tower,-5.0,0
58.0,170.0,,,,Mini ITX Tower,112.0,1
157.0,48.0,,,,Mini ITX Tower,-109.0,0
157.0,190.0,,,,ATX Mid Tower,33.0,1
158.0,85.0,,,,Mini ITX Tower,-73.0,0
160.0,205.0,,,,ATX Full Tower,45.0,1
56.0,170.0,120.0,2,240.0,ATX Mid Tower,114.0,1
45.0,85.0,,,,Mini ITX Tower,40.0,1
158.0,185.0,,,,ATX Mid Tower,27.0,1
38.0,188.0,140.0,2,240.0,ATX Mid Tower,150.0,1
163.0,170.0,,,,ATX Mid Tower,7.0,1
55.0,185.0,,,,ATX Full Tower,130.0,1
162.0,157.0,,,,ATX Mid Tower,-5.0,0
165.0,162.0,,,,ATX Mid Tower,-3.0,0
165.0,160.0,,,,Micro ATX Mini Tower,-5.0,0
152.0,85.0,,,,Mini ITX Tower,-67.0,0
157.0,160.0,120.0,2,,ATX Mid Tower,3.0,1
165.0,55.0,120.0,2,,Mini ITX Tower,-110.0,0
78.0,160.0,,,360.0,ATX Mid Tower,82.0,1
165.0,61.0,,,,Mini ITX Tower,-104.0,0
155.0,57.0,120.0,,,Micro ATX Desktop,-98.0,0
161.0,160.0,,,,ATX Mid Tower,-1.0,0
158.0,70.0,,,,HTPC,-88.0,0
155.0,170.0,,,,EATX Mid Tower,15.0,1
155.0,185.0,,,,ATX Mid Tower,30.0,1
169.0,155.0,120.0,2,,ATX Mid Tower,-14.0,0
154.0,38.0,,,,Mini ITX Tower,-116.0,0
161.0,150.0,,,,Micro ATX Mid Tower,-11.0,0
66.0,164.0,,,,ATX Mid Tower,98.0,1
160.0,185.0,,,,ATX Mid Tower,25.0,1
158.0,150.0,,,,Mini ITX Tower,-8.0,0
68.0,180.0,,,420.0,ATX Full Tower,112.0,1
67.0,190.0,,,,ATX Full Tower,123.0,1
136.0,155.0,,,,Micro ATX Mid Tower,19.0,1
166.0,160.0,,,,Micro ATX Mini Tower,-6.0,0
137.0,175.0,,,,ATX Mid Tower,38.0,1
159.0,158.0,,,,ATX Full Tower,-1.0,0
86.0,165.0,,,,Micro ATX Mini Tower,79.0,1
53.0,172.0,120.0,3,360.0,ATX Mid Tower,119.0,1
150.0,120.0,,,,Mini ITX Tower,-30.0,0
157.0,150.0,,,,Micro ATX Mini Tower,-7.0,0
130.0,85.0,,,,Mini ITX Tower,-45.0,0
158.0,168.0,,,,Micro ATX Mini Tower,10.0,1
132.0,164.0,,,,ATX Mid Tower,32.0,1
68.0,165.0,140.0,2,280.0,ATX Mid Tower,97.0,1
58.0,180.0,,,,ATX Full Tower,122.0,1
110.0,160.0,,,,ATX Mid Tower,50.0,1
62.0,140.0,120.0,3,360.0,Mini ITX Tower,78.0,1
153.0,70.0,,,,Micro ATX Desktop,-83.0,0
66.0,170.0,,,360.0,ATX Mid Tower,104.0,1
47.0,165.0,,,120.0,ATX Mid Tower,118.0,1
53.0,166.0,,,240.0,ATX Mid Tower,113.0,1
160.0,170.0,,,,EATX Mid Tower,10.0,1
155.0,67.0,,,,Mini ITX Tower,-88.0,0
158.0,145.0,,,,ATX Mid Tower,-13.0,0
53.0,160.0,120.0,2,240.0,ATX Mid Tower,107.0,1
157.0,138.0,,,,HTPC,-19.0,0
42.0,178.0,,,360.0,ATX Mid Tower,136.0,1
186.0,160.0,120.0,3,360.0,Micro ATX Mid Tower,-26.0,0
151.0,180.0,,,,ATX Mid Tower,29.0,1
158.0,165.0,,,,ATX Mid Tower,7.0,1
165.0,164.0,,,,ATX Mid Tower,-1.0,0
105.0,81.0,,,360.0,Micro ATX Slim Tower,-24.0,0
169.0,160.0,,,,ATX Mini Tower,-9.0,0
28.0,70.0,,,,HTPC,42.0,1
75.0,185.0,,,,ATX Mid Tower,110.0,1
150.0,165.0,,,,ATX Mid Tower,15.0,1
159.0,156.0,,,,Micro ATX Mid Tower,-3.0,0
158.0,155.0,,,,ATX Mid Tower,-3.0,0
153.0,48.0,,,,Mini ITX Tower,-105.0,0
123.0,120.0,,,,Mini ITX Tower,-3.0,0
69.0,185.0,,,360.0,ATX Mid Tower,116.0,1
151.0,167.0,,,,ATX Full Tower,16.0,1
172.0,165.0,,,,ATX Mid Tower,-7.0,0
154.0,138.0,,,,HTPC,-16.0,0
155.0,75.0,,,,Micro ATX Mini Tower,-80.0,0
160.0,61.0,,,,Mini ITX Tower,-99.0,0
69.0,175.0,120.0,,360.0,Micro ATX Mid Tower,106.0,1
51.0,140.0,,,240.0,Mini ITX Tower,89.0,1
59.0,170.0,,,360.0,ATX Mid Tower,111.0,1
160.0,158.0,,,,ATX Mid Tower,-2.0,0
68.0,110.0,,,240.0,Mini ITX Tower,42.0,1
56.0,55.0,,,280.0,Mini ITX Tower,-1.0,0
159.0,156.0,,,,ATX Mid Tower,-3.0,0
113.0,195.0,,,,ATX Mid Tower,82.0,1
155.0,185.0,,,,ATX Mid Tower,30.0,1
155.0,150.0,,,,ATX Mid Tower,-5.0,0
157.0,170.0,,,,Micro ATX Mid Tower,13.0,1
158.0,150.0,,,,ATX Mid Tower,-8.0,0
155.0,68.0,,,,Mini ITX Tower,-87.0,0
47.0,45.0,,,360.0,Mini ITX Tower,-2.0,0
158.0,70.0,,,,HTPC,-88.0,0
131.0,185.0,,,,ATX Mid Tower,54.0,1
158.0,83.0,,,,Mini ITX Tower,-75.0,0
160.0,173.0,,,,Micro ATX Mini Tower,13.0,1
160.0,183.0,,,,ATX Mid Tower,23.0,1
160.0,48.0,,,,Mini ITX Tower,-112.0,0
131.0,58.0,,,,HTPC,-73.0,0
164.0,160.0,,,,ATX Mid Tower,-4.0,0
158.0,82.0,,,,Mini ITX Tower,-76.0,0
52.0,200.0,,,240.0,ATX Full Tower,148.0,1
154.0,70.0,120.0,2,,Mini ITX Tower,-84.0,0
145.0,170.0,,,,ATX Mid Tower,25.0,1
150.0,70.0,,,,Mini ITX Tower,-80.0,0
53.0,161.0,120.0,3,360.0,ATX Mid Tower,108.0,1
84.0,159.0,360.0,3,360.0,Micro ATX Mid Tower,75.0,1
165.0,138.0,,,,HTPC,-27.0,0
153.0,45.0,,,,Mini ITX Tower,-108.0,0
15.0,180.0,,,,ATX Mid Tower,165.0,1
158.0,85.0,,,,Mini ITX Tower,-73.0,0
158.0,165.0,,,,ATX Mid Tower,7.0,1
71.0,57.0,,,,Mini ITX Tower,-14.0,0
46.0,195.0,120.0,3,360.0,ATX Full Tower,149.0,1
155.0,154.0,120.0,,,Micro ATX Mid Tower,-1.0,0
165.0,210.0,,,,Mini ITX Tower,45.0,1
89.9,183.0,120.0,3,360.0,ATX Mid Tower,93.1,1
57.0,165.0,,,360.0,ATX Mid Tower,108.0,1
160.0,65.0,,,,Micro ATX Mini Tower,-95.0,0
66.0,190.0,,,360.0,ATX Mid Tower,124.0,1
152.0,182.0,120.0,1,,ATX Full Tower,30.0,1
159.0,88.2,,,,ATX Mid Tower,-70.8,0
55.0,165.0,,,,ATX Mid Tower,110.0,1
163.0,160.0,,,,ATX Mid Tower,-3.0,0
158.0,155.0,,,,ATX Mid Tower,-3.0,0
165.0,82.0,,,,Micro ATX Mini Tower,-83.0,0
162.0,160.0,,,,ATX Mid Tower,-2.0,0
158.0,180.0,,,,ATX Mid Tower,22.0,1
159.0,175.0,,,,ATX Mid Tower,16.0,1
65.0,161.0,,,360.0,Micro ATX Mid Tower,96.0,1
153.0,150.0,,,,ATX Mid Tower,-3.0,0
136.0,170.0,,,,ATX Mid Tower,34.0,1
160.0,50.0,,,,Mini ITX Tower,-110.0,0
148.0,120.0,,,,Mini ITX Tower,-28.0,0
151.0,140.0,,,,Mini ITX Tower,-11.0,0
157.0,48.0,,,,Mini ITX Tower,-109.0,0
155.0,151.0,,,,ATX Mid Tower,-4.0,0
165.0,160.0,,,,ATX Mini Tower,-5.0,0
39.0,160.0,,,,ATX Mid Tower,121.0,1
121.0,146.0,,,,ATX Mid Tower,25.0,1
100.0,61.0,,,,Mini ITX Tower,-39.0,0
163.0,160.0,,,,ATX Mid Tower,-3.0,0
163.0,160.0,,,,Micro ATX Mini Tower,-3.0,0
158.0,77.0,,,,HTPC,-81.0,0
155.0,68.0,,,,Mini ITX Tower,-87.0,0
164.0,90.0,,,,Micro ATX Desktop,-74.0,0
79.0,165.0,,,,ATX Mid Tower,86.0,1
152.0,140.0,,,,Mini ITX Tower,-12.0,0
36.0,170.0,,,240.0,ATX Mid Tower,134.0,1
162.0,50.0,,,,Mini ITX Tower,-112.0,0
110.0,165.0,,,,ATX Mid Tower,55.0,1
137.0,83.0,,,,Mini ITX Tower,-54.0,0
130.0,166.0,,,,ATX Mid Tower,36.0,1
60.0,160.0,120.0,3,360.0,ATX Mid Tower,100.0,1
158.0,160.0,,,,ATX Mid Tower,2.0,1
150.0,170.0,,,,ATX Mid Tower,20.0,1
164.0,180.0,,,,ATX Mid Tower,16.0,1
150.0,175.0,,,,ATX Mid Tower,25.0,1
148.0,146.0,,,,ATX Mid Tower,-2.0,0
100.0,210.0,,,,Micro ATX Mini Tower,110.0,1
157.0,70.0,,,,Mini ITX Tower,-87.0,0
136.0,170.0,,,,EATX Full Tower,34.0,1
136.0,70.0,,,,Mini ITX Tower,-66.0,0
154.0,185.0,,,,ATX Mid Tower,31.0,1
78.0,160.0,,,,Micro ATX Mini Tower,82.0,1
60.0,180.0,,,240.0,ATX Mid Tower,120.0,1
159.0,145.0,120.0,1,,ATX Mid Tower,-14.0,0
148.0,190.0,,,,ATX Mid Tower,42.0,1
158.0,155.0,,,,ATX Mid Tower,-3.0,0
154.0,61.0,,,,Mini ITX Tower,-93.0,0
116.0,165.0,140.0,2,280.0,Micro ATX Mini Tower,49.0,1
165.0,160.0,,,,ATX Mid Tower,-5.0,0
67.0,45.0,,,360.0,Mini ITX Tower,-22.0,0
66.0,170.0,120.0,3,360.0,ATX Mid Tower,104.0,1
158.0,130.0,,,,Mini ITX Tower,-28.0,0
110.0,57.0,,,,Mini ITX Tower,-53.0,0
60.0,81.0,,,,Micro ATX Slim Tower,21.0,1
150.0,70.0,,,,HTPC,-80.0,0
38.0,156.0,,,360.0,ATX Mid Tower,118.0,1
154.0,170.0,,,,ATX Mid Tower,16.0,1
137.0,158.0,,,,ATX Mid Tower,21.0,1
150.0,210.0,,,,ATX Mid Tower,60.0,1
165.0,160.0,,,,ATX Mid Tower,-5.0,0
167.0,166.0,,,,ATX Mid Tower,-1.0,0
154.0,148.0,,,,Micro ATX Mid Tower,-6.0,0
170.0,163.0,,,,ATX Mid Tower,-7.0,0
110.0,75.0,,,,Micro ATX Mini Tower,-35.0,0
150.0,148.0,,,,Micro ATX Mid Tower,-2.0,0
163.0,170.0,,,,ATX Mid Tower,7.0,1
158.0,160.0,,,,ATX Mid Tower,2.0,1
52.0,180.0,120.0,3,360.0,ATX Mid Tower,128.0,1
166.0,156.0,120.0,,,Micro ATX Mini Tower,-10.0,0
70.0,169.0,,,360.0,ATX Mid Tower,99.0,1
151.0,57.0,120.0,2,,Micro ATX Desktop,-94.0,0
155.0,48.0,,,,Mini ITX Tower,-107.0,0
166.0,160.0,120.0,,,ATX Mid Tower,-6.0,0
163.0,160.0,,,,ATX Mid Tower,-3.0,0
159.0,165.0,,,,ATX Mid Tower,6.0,1
122.0,155.0,,,,ATX Mid Tower,33.0,1
52.0,160.0,,,360.0,Micro ATX Mini Tower,108.0,1
160.0,155.0,,,,ATX Mid Tower,-5.0,0
47.0,170.0,,,,ATX Mid Tower,123.0,1
158.0,70.0,,,,HTPC,-88.0,0
160.0,140.0,,,,Mini ITX Tower,-20.0,0
137.0,180.0,,,,ATX Full Tower,43.0,1
77.0,70.0,,,,Micro ATX Desktop,-7.0,0
66.0,185.0,,,360.0,Micro ATX Mid Tower,119.0,1
172.0,165.0,,,,Micro ATX Mini Tower,-7.0,0
163.0,160.0,,,,Micro ATX Mini Tower,-3.0,0
135.0,70.0,,,,Mini ITX Tower,-65.0,0
105.0,85.0,,,280.0,Mini ITX Tower,-20.0,0
52.0,180.0,,,120.0,ATX Mid Tower,128.0,1
159.0,155.0,,,,Micro ATX Mid Tower,-4.0,0
146.0,70.0,,,,HTPC,-76.0,0
82.0,167.0,,3,360.0,ATX Full Tower,85.0,1
158.0,70.0,,,,HTPC,-88.0,0
153.0,55.0,120.0,1,,Mini ITX Tower,-98.0,0
60.0,170.0,,,360.0,ATX Mid Tower,110.0,1
160.0,158.0,,,,ATX Mid Tower,-2.0,0
165.0,150.0,,,,Micro ATX Mini Tower,-15.0,0
160.0,140.0,,,,Micro ATX Mini Tower,-20.0,0
154.0,210.0,,,,Micro ATX Mini Tower,56.0,1
41.0,190.0,,,,ATX Full Tower,149.0,1
118.0,165.0,,,,ATX Mid Tower,47.0,1
72.0,170.0,120.0,3,360.0,ATX Mid Tower,98.0,1
163.0,170.0,,,,ATX Mid Tower,7.0,1
37.0,185.0,,,,ATX Mid Tower,148.0,1
157.0,58.0,,,,HTPC,-99.0,0
154.0,83.0,,,,Mini ITX Tower,-71.0,0
163.0,180.0,,,,ATX Mid Tower,17.0,1
95.0,155.0,,,,ATX Mid Tower,60.0,1
69.0,182.0,,,,ATX Mid Tower,113.0,1
155.0,75.0,,,,Micro ATX Mini Tower,-80.0,0
67.0,159.0,,,,Micro ATX Mid Tower,92.0,1
65.0,169.0,,,360.0,ATX Mid Tower,104.0,1
60.0,185.0,,,280.0,ATX Full Tower,125.0,1
154.0,135.0,,,,Micro ATX Mid Tower,-19.0,0
186.0,165.0,120.0,3,360.0,ATX Mid Tower,-21.0,0
110.0,155.0,,,,ATX Mid Tower,45.0,1
47.0,167.0,,,,Micro ATX Mini Tower,120.0,1
75.0,170.0,120.0,2,240.0,Micro ATX Mini Tower,95.0,1
78.0,190.0,,,,ATX Mid Tower,112.0,1
169.0,165.0,,,,Micro ATX Mini Tower,-4.0,0
60.0,169.0,,,280.0,ATX Full Tower,109.0,1
48.0,185.0,,,360.0,ATX Full Tower,137.0,1
166.0,159.0,120.0,,,ATX Mid Tower,-7.0,0
110.0,165.0,,,,ATX Mid Tower,55.0,1
163.0,161.0,,,,ATX Mid Tower,-2.0,0
156.0,167.0,,,,ATX Mid Tower,11.0,1
52.0,175.0,,,240.0,ATX Mid Tower,123.0,1
135.0,170.0,,,,ATX Mid Tower,35.0,1
166.0,160.0,,,,Micro ATX Mini Tower,-6.0,0
162.0,155.0,,,,Micro ATX Mid Tower,-7.0,0
166.0,170.0,120.0,,,ATX Mid Tower,4.0,1
85.0,70.0,,,360.0,HTPC,-15.0,0
165.0,150.0,,,,Mini ITX Tower,-15.0,0
128.0,180.0,,,,ATX Mid Tower,52.0,1
158.0,160.0,140.0,2,,ATX Mid Tower,2.0,1
163.0,165.0,,,,ATX Mid Tower,2.0,1
110.0,170.0,,,,ATX Mid Tower,60.0,1
165.0,200.0,,,,Mini ITX Tower,35.0,1
161.0,82.0,,,,Micro ATX Desktop,-79.0,0
166.0,163.0,,,,ATX Mid Tower,-3.0,0
65.0,184.0,,,360.0,ATX Mid Tower,119.0,1
158.0,68.0,,,,Mini ITX Tower,-90.0,0
130.0,77.0,,,,Mini ITX Tower,-53.0,0
172.0,186.0,,,,ATX Full Tower,14.0,1
161.0,158.0,,,,Micro ATX Mini Tower,-3.0,0
158.0,150.0,,,,ATX Mid Tower,-8.0,0
154.0,170.0,,,,ATX Mid Tower,16.0,1
158.0,114.0,,,,Mini ITX Tower,-44.0,0
125.0,155.0,,,,Micro ATX Mini Tower,30.0,1
153.0,200.0,,,,ATX Full Tower,47.0,1
170.0,160.0,,,,ATX Mid Tower,-10.0,0
57.0,55.0,,,240.0,Mini ITX Tower,-2.0,0
160.0,154.0,,,,Micro ATX Mid Tower,-6.0,0
168.0,70.0,120.0,,,Mini ITX Tower,-98.0,0
157.0,88.2,,,,ATX Mid Tower,-68.8,0
133.0,160.0,,,,ATX Mid Tower,27.0,1
49.0,165.0,,,240.0,ATX Mid Tower,116.0,1
67.0,180.0,,,240.0,ATX Mid Tower,113.0,1
101.0,82.0,120.0,3,360.0,Micro ATX Mini Tower,-19.0,0
157.0,155.0,,,,Micro ATX Mini Tower,-2.0,0
156.0,174.0,,,,ATX Mid Tower,18.0,1
154.0,155.0,,,,Micro ATX Mini Tower,1.0,1
159.0,165.0,,,,ATX Mid Tower,6.0,1
162.0,160.0,,,,Micro ATX Mid Tower,-2.0,0
165.0,164.0,,,,Micro ATX Mini Tower,-1.0,0
72.0,160.0,,,,ATX Mid Tower,88.0,1
62.0,165.0,,,360.0,ATX Mid Tower,103.0,1
169.0,160.0,,,,ATX Mid Tower,-9.0,0
160.0,82.0,,,,Mini ITX Tower,-78.0,0
149.0,155.0,,,,Mini ITX Tower,6.0,1
45.0,82.0,,,,Mini ITX Tower,37.0,1
159.0,155.0,120.0,,,Micro ATX Mid Tower,-4.0,0
136.0,83.0,,,,Mini ITX Tower,-53.0,0
167.0,65.0,,,,Micro ATX Mini Tower,-102.0,0
155.0,145.0,,,,ATX Mid Tower,-10.0,0
157.0,150.0,,,,Micro ATX Mini Tower,-7.0,0
154.0,148.0,120.0,2,,Micro ATX Mid Tower,-6.0,0
54.0,165.0,,,360.0,ATX Mid Tower,111.0,1
47.0,170.0,,,,Micro ATX Mid Tower,123.0,1
155.0,162.0,,,,Micro ATX Mid Tower,7.0,1
160.0,140.0,,,,Micro ATX Mini Tower,-20.0,0
151.0,82.0,,,,Mini ITX Tower,-69.0,0
164.0,165.0,,,,ATX Mid Tower,1.0,1
158.0,138.0,,,,HTPC,-20.0,0
160.0,198.0,,,,ATX Full Tower,38.0,1
130.0,185.0,,,,ATX Mid Tower,55.0,1
155.0,165.0,,,,Micro ATX Mini Tower,10.0,1
154.0,158.75,,,,ATX Mid Tower,4.75,1
155.0,168.0,,,,Micro ATX Mini Tower,13.0,1
156.0,165.0,,,,Mini ITX Tower,9.0,1
160.0,155.0,,,,ATX Mid Tower,-5.0,0
62.0,164.0,,,360.0,Micro ATX Mini Tower,102.0,1
157.0,178.0,120.0,2,,ATX Mid Tower,21.0,1
69.0,58.0,,,360.0,HTPC,-11.0,0
160.0,165.0,,,,Mini ITX Tower,5.0,1
45.0,190.0,,,,Mini ITX Tower,145.0,1
53.0,165.0,,,120.0,EATX Mid Tower,112.0,1
163.0,156.0,,,,ATX Mid Tower,-7.0,0
54.0,170.0,120.0,3,360.0,Micro ATX Mini Tower,116.0,1
58.0,90.0,,,,Micro ATX Desktop,32.0,1
155.0,210.0,,,,Mini ITX Tower,55.0,1
168.0,165.0,,,,ATX Mid Tower,-3.0,0
159.0,157.0,,,,ATX Mid Tower,-2.0,0
159.0,95.0,,,,ATX Mid Tower,-64.0,0
158.0,138.0,,,,HTPC,-20.0,0
165.0,193.0,,,,ATX Full Tower,28.0,1
77.0,65.0,,,,HTPC,-12.0,0
47.0,110.0,,,240.0,Mini ITX Tower,63.0,1
36.0,180.0,92.0,1,,ATX Mid Tower,144.0,1
157.0,166.0,,,,ATX Mid Tower,9.0,1
125.0,180.0,,,,ATX Mid Tower,55.0,1
159.0,190.0,,,,EATX Mid Tower,31.0,1
158.0,65.0,,,,Mini ITX Tower,-93.0,0
158.0,68.0,,,,Mini ITX Tower,-90.0,0
155.0,180.0,,,,ATX Mid Tower,25.0,1
23.0,190.0,,,,ATX Mid Tower,167.0,1
155.0,70.0,,,,Mini ITX Tower,-85.0,0
158.0,155.0,,,,Micro ATX Mid Tower,-3.0,0
158.0,61.0,120.0,2,,Mini ITX Tower,-97.0,0
123.0,164.0,,,,Micro ATX Desktop,41.0,1
172.0,120.0,,,,Mini ITX Tower,-52.0,0
150.0,77.0,,,,Mini ITX Tower,-73.0,0
54.0,170.0,,,240.0,ATX Mid Tower,116.0,1
154.0,186.0,,,,ATX Full Tower,32.0,1
158.0,165.0,,,,ATX Mid Tower,7.0,1
56.0,183.0,120.0,2,240.0,ATX Mid Tower,127.0,1
167.0,165.0,,,,Mini ITX Tower,-2.0,0
94.0,180.0,240.0,2,240.0,ATX Mid Tower,86.0,1
69.0,61.0,120.0,3,360.0,Mini ITX Tower,-8.0,0
37.0,170.0,,,,ATX Mid Tower,133.0,1
166.0,185.0,,,,ATX Mid Tower,19.0,1
47.6,166.0,120.0,2,240.0,ATX Mid Tower,118.4,1
157.0,181.0,,,,ATX Mid Tower,24.0,1
69.0,58.0,,,240.0,HTPC,-11.0,0
150.0,110.0,,,,Mini ITX Tower,-40.0,0
160.0,180.0,,,,ATX Mid Tower,20.0,1
63.0,160.0,,,,Micro ATX Mini Tower,97.0,1
169.0,165.0,,,,ATX Mid Tower,-4.0,0
138.0,65.0,,,,HTPC,-73.0,0
160.0,85.0,,,,Mini ITX Tower,-75.0,0
155.0,163.0,120.0,1,,ATX Mid Tower,8.0,1
130.0,57.0,,,,Micro ATX Desktop,-73.0,0
37.0,57.0,,,,Mini ITX Tower,20.0,1
161.0,145.0,,,,ATX Mid Tower,-16.0,0
167.0,163.0,,,,ATX Mid Tower,-4.0,0
41.0,165.0,,,,ATX Mid Tower,124.0,1
158.0,61.0,,,,Mini ITX Tower,-97.0,0
65.0,65.0,360.0,1,360.0,Mini ITX Tower,0.0,1
72.0,163.5,120.0,3,360.0,Micro ATX Mid Tower,91.5,1
159.0,140.0,,,,Micro ATX Mini Tower,-19.0,0
160.0,57.0,,,,Mini ITX Tower,-103.0,0
54.0,170.0,,,360.0,ATX Mid Tower,116.0,1
160.0,150.0,,,,ATX Mid Tower,-10.0,0
165.0,165.0,,,,ATX Mid Tower,0.0,1
157.0,140.0,120.0,2,120.0,Mini ITX Tower,-17.0,0
166.0,158.0,,,,ATX Mid Tower,-8.0,0
136.0,68.0,,,,Mini ITX Tower,-68.0,0
151.0,163.5,,,,Micro ATX Mini Tower,12.5,1
30.0,183.0,,,,ATX Mid Tower,153.0,1
130.0,85.0,,,,Mini ITX Tower,-45.0,0
154.0,187.0,,,,ATX Mid Tower,33.0,1
60.0,180.0,,,240.0,ATX Mid Tower,120.0,1
156.0,171.0,,,,ATX Mid Tower,15.0,1
162.0,155.0,,,,Micro ATX Mid Tower,-7.0,0
107.0,180.5,120.0,3,360.0,EATX Mid Tower,73.5,1
118.0,67.0,120.0,3,360.0,Mini ITX Tower,-51.0,0
37.0,175.0,,,,ATX Mid Tower,138.0,1
52.0,170.0,,,240.0,ATX Mid Tower,118.0,1
94.0,170.0,140.0,3,420.0,Micro ATX Mini Tower,76.0,1
125.0,166.0,,,,ATX Mid Tower,41.0,1
160.0,170.0,,,,ATX Mid Tower,10.0,1
154.0,110.0,,,,Mini ITX Tower,-44.0,0
62.0,160.0,,,360.0,ATX Mid Tower,98.0,1
154.0,185.0,,,,ATX Full Tower,31.0,1
161.0,155.0,,,,Micro ATX Mid Tower,-6.0,0
160.0,155.0,,,,Micro ATX Mini Tower,-5.0,0
130.0,170.0,,,,ATX Mid Tower,40.0,1
68.0,150.0,140.0,2,280.0,ATX Mid Tower,82.0,1
169.0,77.0,,,,Mini ITX Tower,-92.0,0
170.0,162.0,,,,Micro ATX Mid Tower,-8.0,0
170.0,165.0,,,,ATX Full Tower,-5.0,0
151.0,145.0,120.0,2,,ATX Mid Tower,-6.0,0
155.0,187.0,,1,,ATX Mid Tower,32.0,1
64.0,170.0,,,240.0,ATX Mid Tower,106.0,1
158.0,180.0,,,,ATX Mid Tower,22.0,1
159.0,170.0,,,,ATX Mid Tower,11.0,1
123.0,185.0,,,,Micro ATX Mid Tower,62.0,1
162.0,175.0,,,,ATX Mid Tower,13.0,1
167.0,165.0,,,,Mini ITX Tower,-2.0,0
156.0,77.0,,,,HTPC,-79.0,0
135.0,165.0,,,,Micro ATX Mini Tower,30.0,1
67.0,166.0,,,,ATX Mid Tower,99.0,1
159.0,158.75,,,,ATX Mid Tower,-0.25,0
165.0,65.0,,,,HTPC,-100.0,0
155.0,68.0,,,,Mini ITX Tower,-87.0,0
157.0,70.0,,,,HTPC,-87.0,0
62.0,193.0,,,360.0,ATX Full Tower,131.0,1
163.0,156.0,,,,Micro ATX Mid Tower,-7.0,0
165.0,135.0,,,,Micro ATX Mid Tower,-30.0,0
125.0,165.0,,,,ATX Mid Tower,40.0,1
156.0,162.0,,,,Micro ATX Mid Tower,6.0,1
158.0,140.0,,,,Mini ITX Tower,-18.0,0
171.0,160.0,,,,ATX Mid Tower,-11.0,0
397.0,164.0,120.0,3,360.0,ATX Mid Tower,-233.0,0
165.0,165.0,120.0,2,,EATX Mid Tower,0.0,1
158.0,185.0,,,,ATX Mid Tower,27.0,1
78.0,160.0,,,240.0,Micro ATX Mid Tower,82.0,1
27.0,190.0,,,,ATX Mid Tower,163.0,1
155.0,160.0,,1,,ATX Mid Tower,5.0,1
60.0,168.0,,,,ATX Mid Tower,108.0,1
165.0,150.0,120.0,2,,Micro ATX Mini Tower,-15.0,0
110.0,170.0,,,,ATX Mid Tower,60.0,1
158.0,175.0,,,,EATX Full Tower,17.0,1
156.0,88.2,,,,ATX Mid Tower,-67.8,0
68.0,160.0,,,360.0,Micro ATX Mid Tower,92.0,1
52.0,180.0,,,240.0,ATX Mid Tower,128.0,1
150.0,75.0,,,,Micro ATX Mini Tower,-75.0,0
159.0,185.0,,,,ATX Mid Tower,26.0,1
57.0,175.0,,,240.0,ATX Mid Tower,118.0,1
159.0,140.0,,,,Micro ATX Mini Tower,-19.0,0
154.0,88.2,,,,ATX Mid Tower,-65.8,0
166.0,190.0,,,,ATX Full Tower,24.0,1
60.0,167.0,,,,ATX Mid Tower,107.0,1
155.0,114.0,120.0,2,,Mini ITX Tower,-41.0,0
162.0,158.0,,,,Micro ATX Desktop,-4.0,0
154.0,167.0,,,,ATX Mid Tower,13.0,1
89.8,70.0,120.0,3,360.0,HTPC,-19.8,0
155.0,61.0,,,,Mini ITX Tower,-94.0,0
159.0,61.0,,,,Mini ITX Tower,-98.0,0
125.0,88.2,120.0,2,240.0,ATX Mid Tower,-36.8,0
159.0,155.0,120.0,1,,Micro ATX Mini Tower,-4.0,0
51.0,166.0,,,240.0,ATX Mid Tower,115.0,1
151.0,150.0,120.0,2,,Micro ATX Mid Tower,-1.0,0
160.0,158.0,,,,ATX Full Tower,-2.0,0
166.0,155.0,120.0,,,ATX Full Tower,-11.0,0
164.0,160.0,,,,ATX Mid Tower,-4.0,0
75.0,61.0,,,,Mini ITX Tower,-14.0,0
54.0,162.0,,,360.0,ATX Mid Tower,108.0,1
158.0,70.0,,,,HTPC,-88.0,0
153.0,140.0,,,,Micro ATX Mini Tower,-13.0,0
15.0,165.0,,,,Micro ATX Mini Tower,150.0,1
165.0,160.0,,,,ATX Mid Tower,-5.0,0
136.0,48.0,,,,Mini ITX Tower,-88.0,0
54.0,185.0,,,360.0,EATX Mid Tower,131.0,1
70.0,55.0,,,,Mini ITX Tower,-15.0,0
162.0,165.0,,,,Micro ATX Mini Tower,3.0,1
148.0,77.0,,,,Mini ITX Tower,-71.0,0
14.0,165.0,,,,ATX Mid Tower,151.0,1
157.0,166.0,,,,ATX Mid Tower,9.0,1
135.0,58.0,92.0,,,HTPC,-77.0,0
155.0,165.0,,,,Mini ITX Tower,10.0,1
105.0,57.0,,,360.0,Mini ITX Tower,-48.0,0
60.0,160.0,120.0,3,360.0,Micro ATX Mini Tower,100.0,1
69.0,140.0,,,,Mini ITX Tower,71.0,1
158.0,155.0,,,,Micro ATX Mid Tower,-3.0,0
165.0,140.0,,,,Mini ITX Tower,-25.0,0
89.9,165.0,120.0,3,360.0,ATX Mid Tower,75.1,1
157.0,180.0,,,,ATX Mid Tower,23.0,1
397.0,190.0,120.0,3,360.0,ATX Mid Tower,-207.0,0
63.0,173.0,,,,ATX Mid Tower,110.0,1
84.0,170.0,,,,ATX Mid Tower,86.0,1
160.0,156.0,,,,Micro ATX Mid Tower,-4.0,0
142.0,70.0,,,,Mini ITX Tower,-72.0,0
154.0,151.0,,,,ATX Mid Tower,-3.0,0
51.0,155.0,,,240.0,Micro ATX Mini Tower,104.0,1
159.0,200.0,,,,Mini ITX Tower,41.0,1
155.0,163.0,,,,ATX Mid Tower,8.0,1
136.0,70.0,90.0,1,,HTPC,-66.0,0
69.0,190.0,120.0,2,240.0,ATX Full Tower,121.0,1
166.0,187.0,,,,Micro ATX Mini Tower,21.0,1
152.0,166.0,120.0,1,,ATX Mid Tower,14.0,1
156.0,195.0,,,,ATX Full Tower,39.0,1
165.0,161.0,,,,ATX Mid Tower,-4.0,0
160.0,120.0,,,,Mini ITX Tower,-40.0,0
60.0,155.0,,,,ATX Mid Tower,95.0,1
135.0,70.0,,,,HTPC,-65.0,0
67.0,47.0,,,,Micro ATX Desktop,-20.0,0
94.0,61.0,140.0,3,420.0,Mini ITX Tower,-33.0,0
125.0,61.0,,,240.0,Mini ITX Tower,-64.0,0
118.0,190.0,120.0,3,360.0,ATX Full Tower,72.0,1
154.0,140.0,,,,Mini ITX Tower,-14.0,0
164.0,85.0,,,,Mini ITX Tower,-79.0,0
154.0,70.0,,,,Mini ITX Tower,-84.0,0
25.0,155.0,,,,Micro ATX Mid Tower,130.0,1
158.0,165.0,,,,ATX Mid Tower,7.0,1
67.0,180.0,,,,ATX Mid Tower,113.0,1
68.0,182.0,120.0,2,240.0,ATX Full Tower,114.0,1
125.0,88.2,120.0,,,ATX Mid Tower,-36.8,0
47.0,165.0,,,,ATX Mid Tower,118.0,1
137.0,173.0,120.0,,360.0,ATX Mid Tower,36.0,1
135.0,165.0,,,,ATX Mid Tower,30.0,1
47.0,180.0,,,,HTPC,133.0,1
69.0,185.0,,,360.0,ATX Mid Tower,116.0,1
138.0,67.0,,,,Mini ITX Tower,-71.0,0
160.0,154.0,,,,Micro ATX Mid Tower,-6.0,0
158.0,182.0,,,,Mini ITX Tower,24.0,1
161.0,160.0,,,,ATX Mid Tower,-1.0,0
140.0,175.0,,,,ATX Mid Tower,35.0,1
63.0,180.0,,,,ATX Mid Tower,117.0,1
56.0,165.0,,,360.0,ATX Mid Tower,109.0,1
69.0,190.0,,,360.0,ATX Full Tower,121.0,1
166.0,159.0,,,,Micro ATX Mini Tower,-7.0,0
154.0,140.0,,,,Mini ITX Tower,-14.0,0
154.0,48.0,,,,Mini ITX Tower,-106.0,0
165.0,83.0,,,,Mini ITX Tower,-82.0,0
159.0,70.0,,,,HTPC,-89.0,0
69.0,170.0,120.0,2,240.0,ATX Mid Tower,101.0,1
57.0,165.0,120.0,2,240.0,ATX Mid Tower,108.0,1
67.0,210.0,,,,ATX Mid Tower,143.0,1
159.0,138.0,,,,HTPC,-21.0,0
157.0,114.0,,,,Mini ITX Tower,-43.0,0
138.0,160.0,,,,ATX Mid Tower,22.0,1
155.0,180.0,,,,ATX Mid Tower,25.0,1
154.0,154.0,,,,Micro ATX Mid Tower,0.0,1
155.0,210.0,,,,Micro ATX Mini Tower,55.0,1
150.0,138.0,,,,HTPC,-12.0,0
60.0,180.0,120.0,2,240.0,ATX Mid Tower,120.0,1
63.0,170.0,,,,ATX Mid Tower,107.0,1
153.0,160.0,120.0,1,,ATX Mid Tower,7.0,1
148.0,48.0,,,,Mini ITX Tower,-100.0,0
123.0,57.0,92.0,1,,Micro ATX Desktop,-66.0,0
162.0,160.0,,,,ATX Mid Tower,-2.0,0
155.0,160.0,,,,ATX Mid Tower,5.0,1
150.0,165.0,,,,ATX Mid Tower,15.0,1
166.0,160.0,,,,ATX Mid Tower,-6.0,0
23.0,165.0,,,,Micro ATX Mini Tower,142.0,1
159.0,180.0,,,,ATX Mid Tower,21.0,1
59.0,160.0,,,360.0,ATX Mid Tower,101.0,1
157.0,55.0,,,,Mini ITX Tower,-102.0,0
160.0,156.0,,,,ATX Mid Tower,-4.0,0
123.0,170.0,100.0,1,,ATX Mid Tower,47.0,1
45.0,185.0,,,,ATX Mid Tower,140.0,1
47.0,50.0,,,,Mini ITX Tower,3.0,1
126.0,190.0,,,,ATX Mid Tower,64.0,1
154.0,180.0,,,,ATX Mid Tower,26.0,1
165.0,163.0,,,,ATX Mid Tower,-2.0,0
131.0,160.0,,,,ATX Mid Tower,29.0,1
150.0,164.0,120.0,1,,ATX Mid Tower,14.0,1
66.0,165.0,,,360.0,ATX Mid Tower,99.0,1
30.4,165.0,120.0,2,240.0,EATX Mid Tower,134.6,1
63.0,151.0,,,360.0,Micro ATX Mini Tower,88.0,1
160.0,185.0,120.0,2,,ATX Mid Tower,25.0,1
163.0,61.0,120.0,,,Mini ITX Tower,-102.0,0
58.0,185.0,,,240.0,ATX Mid Tower,127.0,1
160.0,175.0,,,,ATX Mid Tower,15.0,1
125.0,70.0,,,,Mini ITX Tower,-55.0,0
90.0,68.0,,,240.0,Mini ITX Tower,-22.0,0
45.0,160.0,92.0,,,ATX Mid Tower,115.0,1
154.0,114.0,,,,Mini ITX Tower,-40.0,0
158.0,155.0,,,,Micro ATX Mid Tower,-3.0,0
168.0,160.0,,,,ATX Mid Tower,-8.0,0
52.0,190.0,120.0,1,120.0,ATX Full Tower,138.0,1
150.0,67.0,,,,Mini ITX Tower,-83.0,0
45.0,170.0,120.0,2,240.0,ATX Mid Tower,125.0,1
153.0,85.0,,,,Mini ITX Tower,-68.0,0
37.0,165.0,,,,ATX Mid Tower,128.0,1
165.0,155.0,,,,ATX Mid Tower,-10.0,0
160.0,154.0,,,,Micro ATX Mid Tower,-6.0,0
140.0,138.0,,,,HTPC,-2.0,0
53.0,156.0,120.0,3,360.0,ATX Mid Tower,103.0,1
118.0,193.0,120.0,3,360.0,ATX Full Tower,75.0,1
157.0,90.0,,,,Micro ATX Desktop,-67.0,0
60.0,185.0,,,360.0,Micro ATX Mid Tower,125.0,1
159.0,83.0,,,,Mini ITX Tower,-76.0,0
65.0,155.0,420.0,1,420.0,ATX Mid Tower,90.0,1
116.0,185.0,120.0,2,240.0,ATX Mid Tower,69.0,1
66.0,170.0,,,360.0,ATX Mid Tower,104.0,1
45.0,167.0,,,,Micro ATX Mini Tower,122.0,1
160.0,82.0,,,,Mini ITX Tower,-78.0,0
155.0,180.0,,,,ATX Mid Tower,25.0,1
127.0,180.0,100.0,,,ATX Mid Tower,53.0,1
162.0,170.0,,,,ATX Mid Tower,8.0,1
77.7,180.5,120.0,3,360.0,EATX Mid Tower,102.8,1
156.0,77.0,,,,HTPC,-79.0,0
154.0,160.0,,,,ATX Mid Tower,6.0,1
105.0,170.0,,,360.0,Micro ATX Mid Tower,65.0,1
168.0,70.0,,,,HTPC,-98.0,0
154.0,47.0,,,,Micro ATX Desktop,-107.0,0
160.0,159.0,,,,ATX Mid Tower,-1.0,0
159.0,185.0,120.0,,,Micro ATX Desktop,26.0,1
166.0,160.0,,,,ATX Mid Tower,-6.0,0
166.0,77.0,,,,Mini ITX Tower,-89.0,0
166.0,165.0,120.0,,,Micro ATX Mini Tower,-1.0,0
161.0,164.0,120.0,2,,Micro ATX Mini Tower,3.0,1
164.0,185.0,,,,Micro ATX Mid Tower,21.0,1
150.0,75.0,,,,Mini ITX Tower,-75.0,0
65.0,61.0,,,,Mini ITX Tower,-4.0,0
154.0,180.0,,,,ATX Mid Tower,26.0,1
158.0,155.0,,,,Mini ITX Tower,-3.0,0
159.0,170.0,,,,ATX Mid Tower,11.0,1
164.0,190.0,,,,Mini ITX Tower,26.0,1
26.0,180.0,,,,ATX Mid Tower,154.0,1
158.0,83.0,,,,Mini ITX Tower,-75.0,0
153.0,166.0,,,,ATX Mid Tower,13.0,1
162.0,138.0,,,,HTPC,-24.0,0
154.0,65.0,,,,Mini ITX Tower,-89.0,0
160.0,165.0,,,,Mini ITX Tower,5.0,1
159.0,70.0,,,,Mini ITX Tower,-89.0,0
49.0,170.0,,,420.0,ATX Mid Tower,121.0,1
150.0,165.0,,,,ATX Mid Tower,15.0,1
157.0,155.0,,,,Micro ATX Mid Tower,-2.0,0
152.0,160.0,,,,Micro ATX Mini Tower,8.0,1
68.0,170.0,,,,ATX Mid Tower,102.0,1
161.0,148.0,,,,Micro ATX Mini Tower,-13.0,0
46.0,170.0,120.0,3,360.0,Micro ATX Desktop,124.0,1
169.0,165.0,,,,ATX Mid Tower,-4.0,0
75.0,185.0,,,,ATX Mid Tower,110.0,1
62.0,55.0,,,240.0,Mini ITX Tower,-7.0,0
155.0,166.0,120.0,2,,Micro ATX Mid Tower,11.0,1
160.0,70.0,,,,HTPC,-90.0,0
79.0,179.0,,,360.0,ATX Mid Tower,100.0,1
152.0,163.0,,,,ATX Mid Tower,11.0,1
118.0,195.0,120.0,3,360.0,ATX Mid Tower,77.0,1
67.0,155.0,,,360.0,ATX Mid Tower,88.0,1
160.0,165.0,,,,Micro ATX Mini Tower,5.0,1
156.0,165.0,,,,ATX Mid Tower,9.0,1
125.0,120.0,,,,Mini ITX Tower,-5.0,0
153.0,67.0,,,,Mini ITX Tower,-86.0,0
30.0,185.0,,,,ATX Mid Tower,155.0,1
54.0,195.0,,,240.0,ATX Full Tower,141.0,1
160.0,68.0,,,,Mini ITX Tower,-92.0,0
66.0,165.0,,,,ATX Mid Tower,99.0,1
166.0,185.0,,,,ATX Mid Tower,19.0,1
148.0,190.0,120.0,,,EATX Mid Tower,42.0,1
64.0,180.0,,,240.0,ATX Mid Tower,116.0,1
57.0,180.0,,,,Micro ATX Mini Tower,123.0,1
30.0,185.0,120.0,2,360.0,ATX Mid Tower,155.0,1
37.0,180.0,,,,ATX Mid Tower,143.0,1
71.0,140.0,,,,Mini ITX Tower,69.0,1
62.0,175.0,120.0,3,360.0,ATX Mid Tower,113.0,1
75.6,169.0,130.0,1,,ATX Mid Tower,93.4,1
154.0,200.0,,,,Mini ITX Tower,46.0,1
52.0,174.0,140.0,2,280.0,ATX Mid Tower,122.0,1
155.0,182.0,,,,ATX Full Tower,27.0,1
150.0,160.0,,,,ATX Mid Tower,10.0,1
160.0,156.0,,,,ATX Mid Tower,-4.0,0
70.0,170.0,,,,ATX Mid Tower,100.0,1
170.0,61.0,,,,Mini ITX Tower,-109.0,0
160.0,168.0,,,,ATX Mid Tower,8.0,1
136.0,88.2,,,,ATX Mid Tower,-47.8,0
154.0,175.0,,,,EATX Full Tower,21.0,1
161.0,210.0,,,,Micro ATX Mid Tower,49.0,1
169.0,165.0,,,,ATX Mid Tower,-4.0,0
125.0,70.0,,,,Mini ITX Tower,-55.0,0
68.0,182.0,,,360.0,ATX Full Tower,114.0,1
30.0,170.0,,,,Micro ATX Mid Tower,140.0,1
155.0,166.0,,,,ATX Mid Tower,11.0,1
125.0,61.0,,,,Mini ITX Tower,-64.0,0
131.0,170.0,,,,Mini ITX Tower,39.0,1
57.0,170.0,120.0,3,360.0,ATX Mid Tower,113.0,1
159.0,158.0,120.0,,,ATX Mid Tower,-1.0,0
165.0,150.0,,,,ATX Mid Tower,-15.0,0
30.0,160.0,120.0,2,240.0,ATX Mid Tower,130.0,1
44.0,178.0,,,120.0,ATX Mid Tower,134.0,1
166.0,160.0,,,,ATX Mid Tower,-6.0,0
160.0,166.0,,,,Micro ATX Mini Tower,6.0,1
48.0,160.0,,,360.0,ATX Mid Tower,112.0,1
154.0,135.0,,,,Micro ATX Mid Tower,-19.0,0
162.0,160.0,,,,ATX Mid Tower,-2.0,0
73.0,190.0,120.0,2,240.0,EATX Full Tower,117.0,1
46.0,165.0,120.0,3,360.0,ATX Mid Tower,119.0,1
72.0,114.0,120.0,2,240.0,Mini ITX Tower,42.0,1
154.0,95.0,,,,ATX Mid Tower,-59.0,0
126.0,61.0,,,,Mini ITX Tower,-65.0,0
53.0,190.0,120.0,2,240.0,ATX Full Tower,137.0,1
148.0,82.0,120.0,,,Mini ITX Tower,-66.0,0
161.0,160.0,,,,ATX Mid Tower,-1.0,0
165.0,160.0,,,,Micro ATX Mid Tower,-5.0,0
165.0,155.0,,,,Mini ITX Tower,-10.0,0
159.0,168.0,,,,ATX Mid Tower,9.0,1
159.0,158.0,120.0,1,,ATX Mid Tower,-1.0,0
157.0,185.0,,,,ATX Mid Tower,28.0,1
166.0,160.0,120.0,,,ATX Mid Tower,-6.0,0
65.0,180.0,280.0,1,280.0,ATX Mid Tower,115.0,1
162.0,182.0,,,,ATX Mid Tower,20.0,1
45.0,156.0,120.0,2,240.0,Micro ATX Mini Tower,111.0,1
62.0,159.0,,,360.0,Micro ATX Mini Tower,97.0,1
60.0,170.0,,,,ATX Mid Tower,110.0,1
68.0,148.0,,,,Micro ATX Mid Tower,80.0,1
66.0,65.0,,,360.0,Mini ITX Tower,-1.0,0
162.0,160.0,,,,Micro ATX Mini Tower,-2.0,0
165.0,180.0,,,,ATX Mid Tower,15.0,1
165.0,160.0,120.0,2,,Micro ATX Mini Tower,-5.0,0
160.0,210.0,,,,ATX Mid Tower,50.0,1
160.0,188.0,,,,ATX Mid Tower,28.0,1
155.0,82.0,,,,Micro ATX Desktop,-73.0,0
62.0,170.0,,,360.0,ATX Mid Tower,108.0,1
151.0,185.0,,,,ATX Full Tower,34.0,1
94.0,185.0,240.0,2,240.0,ATX Mid Tower,91.0,1
172.0,170.0,,,,ATX Mid Tower,-2.0,0
159.0,179.0,,,,ATX Mid Tower,20.0,1
130.0,156.0,,,,Micro ATX Mid Tower,26.0,1
158.0,170.0,,,,ATX Mid Tower,12.0,1
129.0,160.0,,,,ATX Mid Tower,31.0,1
159.0,68.0,,,,Mini ITX Tower,-91.0,0
155.0,173.0,,,,ATX Mid Tower,18.0,1
53.0,170.0,95.0,2,,ATX Mid Tower,117.0,1
170.0,160.0,,,,ATX Mid Tower,-10.0,0
170.0,165.0,,,,ATX Mid Tower,-5.0,0
165.0,181.0,,,,ATX Mid Tower,16.0,1
162.0,155.0,,,,ATX Mid Tower,-7.0,0
161.0,70.0,,,,Mini ITX Tower,-91.0,0
78.0,75.0,,,240.0,Micro ATX Mini Tower,-3.0,0
66.0,170.0,120.0,2,240.0,ATX Mid Tower,104.0,1
100.0,88.2,,,,ATX Mid Tower,-11.8,0
168.0,150.0,,,,ATX Mid Tower,-18.0,0
94.0,185.0,120.0,2,240.0,Micro ATX Desktop,91.0,1
165.0,160.0,120.0,2,,Micro ATX Mid Tower,-5.0,0
156.0,175.0,,,,ATX Mid Tower,19.0,1
64.24,175.0,120.0,2,240.0,ATX Mid Tower,110.76,1
66.1,165.0,120.0,3,360.0,ATX Mid Tower,98.9,1
168.0,165.0,,,,ATX Mid Tower,-3.0,0
145.0,61.0,,,,Mini ITX Tower,-84.0,0
75.0,145.0,120.0,2,240.0,ATX Mid Tower,70.0,1
67.0,47.0,,,360.0,Micro ATX Desktop,-20.0,0
155.0,180.0,,,,ATX Mid Tower,25.0,1
37.0,210.0,,,,ATX Mid Tower,173.0,1
136.0,67.0,,,,Mini ITX Tower,-69.0,0
166.0,160.0,,,,ATX Mini Tower,-6.0,0
165.0,190.0,,,,ATX Full Tower,25.0,1
70.0,160.0,,,,Micro ATX Mini Tower,90.0,1
155.0,185.0,120.0,1,,EATX Mid Tower,30.0,1
72.0,70.0,120.0,3,360.0,HTPC,-2.0,0
160.0,146.0,,,,HTPC,-14.0,0
56.0,169.0,,,120.0,ATX Full Tower,113.0,1
162.0,160.0,,,,ATX Mid Tower,-2.0,0
62.0,57.0,,,240.0,Mini ITX Tower,-5.0,0
52.0,180.0,,,360.0,ATX Mid Tower,128.0,1
157.0,170.0,,,,ATX Mid Tower,13.0,1
52.0,160.0,,,120.0,ATX Mid Tower,108.0,1
158.0,130.0,120.0,2,,Mini ITX Tower,-28.0,0
157.0,154.0,,,,Micro ATX Mid Tower,-3.0,0
159.0,95.0,,,,ATX Mid Tower,-64.0,0
110.0,160.0,,,,Micro ATX Mini Tower,50.0,1
152.0,172.0,,,,Mini ITX Tower,20.0,1
154.0,61.0,,,,Mini ITX Tower,-93.0,0
150.0,166.0,,,,ATX Mid Tower,16.0,1
154.0,160.0,,,,ATX Mid Tower,6.0,1
155.0,70.0,120.0,1,,Mini ITX Tower,-85.0,0
155.0,150.0,120.0,,,ATX Mid Tower,-5.0,0
155.0,160.0,120.0,,,Micro ATX Mini Tower,5.0,1
156.0,156.0,,,,ATX Mid Tower,0.0,1
70.0,175.0,,,280.0,ATX Mid Tower,105.0,1
135.0,47.0,92.0,,,Micro ATX Desktop,-88.0,0
145.0,170.0,,,,ATX Mid Tower,25.0,1
154.0,150.0,,,,Micro ATX Mid Tower,-4.0,0
165.0,70.0,120.0,2,,Mini ITX Tower,-95.0,0
154.0,61.0,,,,Mini ITX Tower,-93.0,0
154.0,150.0,,,,ATX Mid Tower,-4.0,0
155.0,70.0,120.0,2,,HTPC,-85.0,0
141.0,160.0,,,,Micro ATX Mini Tower,19.0,1
152.0,61.0,,,,Mini ITX Tower,-91.0,0
156.0,70.0,,,,Mini ITX Tower,-86.0,0
154.0,180.0,,,,ATX Mid Tower,26.0,1
151.0,70.0,120.0,2,,Mini ITX Tower,-81.0,0
152.0,150.0,,,,Micro ATX Mini Tower,-2.0,0
170.0,165.0,,,,EATX Mid Tower,-5.0,0
30.0,160.0,,,,ATX Mid Tower,130.0,1
166.0,160.0,120.0,,,ATX Mid Tower,-6.0,0
154.0,165.0,,,,ATX Mid Tower,11.0,1
153.0,120.0,,,,Mini ITX Tower,-33.0,0
160.0,57.0,,,,Mini ITX Tower,-103.0,0
100.0,175.0,,,,ATX Mid Tower,75.0,1
161.0,160.0,,,,EATX Mid Tower,-1.0,0
47.0,170.0,,,,ATX Mid Tower,123.0,1
160.0,67.0,,,,Mini ITX Tower,-93.0,0
53.0,160.0,120.0,2,240.0,ATX Mid Tower,107.0,1
158.0,110.0,,,,Mini ITX Tower,-48.0,0
165.0,154.0,,,,Micro ATX Mid Tower,-11.0,0
165.0,170.0,,,,ATX Mid Tower,5.0,1
147.0,140.0,,,,Mini ITX Tower,-7.0,0
158.0,165.0,,,,ATX Mid Tower,7.0,1
26.0,175.0,,,,ATX Mid Tower,149.0,1
159.0,170.0,,,,ATX Mid Tower,11.0,1
157.0,185.0,,,,ATX Mid Tower,28.0,1
165.0,135.0,,,,Micro ATX Mid Tower,-30.0,0
54.0,157.0,,,,Micro ATX Mini Tower,103.0,1
172.0,155.0,,,,Micro ATX Mid Tower,-17.0,0
125.0,57.0,,,,Mini ITX Tower,-68.0,0
158.0,156.0,120.0,2,,ATX Mid Tower,-2.0,0
159.0,155.0,,,,Mini ITX Tower,-4.0,0
153.0,85.0,,,,Mini ITX Tower,-68.0,0
148.0,162.0,,,,ATX Mid Tower,14.0,1
53.0,170.0,120.0,2,240.0,EATX Full Tower,117.0,1
154.0,61.0,,,,Mini ITX Tower,-93.0,0
125.0,168.0,,,240.0,ATX Mid Tower,43.0,1
35.0,90.0,,,,Micro ATX Desktop,55.0,1
53.0,167.0,,,360.0,EATX Full Tower,114.0,1
186.0,185.0,120.0,3,360.0,ATX Full Tower,-1.0,0
126.0,185.0,,,,EATX Mid Tower,59.0,1
158.0,82.0,120.0,2,,Micro ATX Mini Tower,-76.0,0
153.0,70.0,,,,HTPC,-83.0,0
154.0,170.0,,,,ATX Mid Tower,16.0,1
65.0,170.0,,,240.0,ATX Mid Tower,105.0,1
166.0,65.0,120.0,,,HTPC,-101.0,0
161.0,170.0,,,,Micro ATX Mid Tower,9.0,1
80.6,48.0,120.0,3,360.0,Mini ITX Tower,-32.6,0
165.0,88.2,,,,ATX Mid Tower,-76.8,0
154.0,190.0,,,,ATX Mid Tower,36.0,1
53.0,160.0,120.0,3,360.0,ATX Mid Tower,107.0,1
68.0,180.0,,,240.0,ATX Mid Tower,112.0,1
135.0,120.0,92.0,,,Mini ITX Tower,-15.0,0
155.0,75.0,,,,Micro ATX Mini Tower,-80.0,0
159.0,165.0,,,,ATX Mid Tower,6.0,1
159.0,180.0,,,,ATX Mid Tower,21.0,1
158.0,75.0,,,,Micro ATX Mini Tower,-83.0,0
105.0,165.0,,,,Micro ATX Mini Tower,60.0,1
166.0,160.0,120.0,,,ATX Mid Tower,-6.0,0
137.0,155.0,120.0,3,360.0,ATX Mid Tower,18.0,1
47.0,193.0,,,,ATX Full Tower,146.0,1
156.0,114.0,,,,Mini ITX Tower,-42.0,0
62.0,48.0,,,240.0,Mini ITX Tower,-14.0,0
160.0,88.2,,,,ATX Mid Tower,-71.8,0
155.0,180.0,,,,EATX Mid Tower,25.0,1
17.0,156.0,,,,Micro ATX Mid Tower,139.0,1
54.0,175.0,,,420.0,ATX Mid Tower,121.0,1
155.0,170.0,120.0,1,,ATX Mid Tower,15.0,1
156.0,65.0,,,,Mini ITX Tower,-91.0,0
159.0,150.0,,,,ATX Mid Tower,-9.0,0
168.0,75.0,,,,Micro ATX Mini Tower,-93.0,0
161.0,160.0,,,,ATX Mid Tower,-1.0,0
68.0,170.0,,,,ATX Mid Tower,102.0,1
154.0,140.0,120.0,2,,Mini ITX Tower,-14.0,0
158.0,190.0,,,,ATX Mid Tower,32.0,1
156.0,160.0,,,,Micro ATX Mid Tower,4.0,1
164.0,187.0,,,,ATX Mid Tower,23.0,1
164.0,190.0,,,,ATX Mid Tower,26.0,1
158.0,180.0,,,,ATX Mid Tower,22.0,1
42.0,210.0,,,120.0,Mini ITX Tower,168.0,1
158.0,180.0,,,,ATX Mid Tower,22.0,1
68.5,167.0,120.0,3,360.0,ATX Full Tower,98.5,1
84.0,180.0,360.0,3,360.0,ATX Mid Tower,96.0,1
65.0,170.0,,,360.0,ATX Mid Tower,105.0,1
165.0,172.0,,,,Mini ITX Tower,7.0,1
157.0,170.0,,,,Micro ATX Desktop,13.0,1
48.0,165.0,,,240.0,ATX Mid Tower,117.0,1
70.0,160.0,,,,ATX Mid Tower,90.0,1
155.0,140.0,,,,Mini ITX Tower,-15.0,0
141.0,180.0,,,,ATX Mid Tower,39.0,1
159.0,165.0,,,,ATX Mid Tower,6.0,1
60.0,55.0,120.0,,360.0,Mini ITX Tower,-5.0,0
110.0,61.0,,,,Mini ITX Tower,-49.0,0
52.0,185.0,,,240.0,ATX Mid Tower,133.0,1
69.0,168.0,,,360.0,EATX Mid Tower,99.0,1
158.0,170.0,,,,ATX Mid Tower,12.0,1
160.0,170.0,,,,ATX Mid Tower,10.0,1
155.0,140.0,,,,Mini ITX Tower,-15.0,0
70.0,61.0,,,,Mini ITX Tower,-9.0,0
36.0,178.0,92.0,1,,ATX Mid Tower,142.0,1
160.0,158.0,,,,ATX Mid Tower,-2.0,0
165.0,68.0,120.0,2,,Mini ITX Tower,-97.0,0
158.0,160.0,,,,ATX Mid Tower,2.0,1
167.0,165.0,,,,ATX Mid Tower,-2.0,0
47.0,190.0,,,,ATX Mid Tower,143.0,1
56.0,170.0,120.0,3,360.0,ATX Mid Tower,114.0,1
165.0,48.0,,,,Mini ITX Tower,-117.0,0
76.0,68.0,,,,Mini ITX Tower,-8.0,0
59.0,163.0,,,,ATX Mid Tower,104.0,1
54.0,180.0,120.0,2,240.0,ATX Mid Tower,126.0,1
155.0,61.0,,,,Mini ITX Tower,-94.0,0
30.0,188.0,,,,ATX Mid Tower,158.0,1
159.0,155.0,,,,ATX Mid Tower,-4.0,0
168.0,163.0,,,,ATX Mid Tower,-5.0,0
141.0,165.0,,,,ATX Mid Tower,24.0,1
163.0,160.0,,,,Micro ATX Mini Tower,-3.0,0
45.0,180.0,120.0,2,240.0,ATX Mid Tower,135.0,1
42.0,165.0,,,240.0,ATX Mid Tower,123.0,1
158.0,70.0,140.0,2,,Mini ITX Tower,-88.0,0
79.0,170.0,,,360.0,EATX Mid Tower,91.0,1
52.0,170.0,,,240.0,ATX Mid Tower,118.0,1
154.0,185.0,,,,ATX Mid Tower,31.0,1
80.0,160.0,120.0,2,240.0,ATX Mid Tower,80.0,1
154.0,77.0,,,,Mini ITX Tower,-77.0,0
158.0,180.0,,,,ATX Mid Tower,22.0,1
42.0,160.0,,,360.0,Micro ATX Mini Tower,118.0,1
152.0,161.0,,,,ATX Mid Tower,9.0,1
137.0,82.0,,,,Micro ATX Mid Tower,-55.0,0
166.0,190.0,,,,ATX Mid Tower,24.0,1
164.0,160.0,,,,ATX Mid Tower,-4.0,0
136.0,68.0,,,,Mini ITX Tower,-68.0,0
151.0,77.0,,,,Mini ITX Tower,-74.0,0
155.0,148.0,,,,Micro ATX Mini Tower,-7.0,0
159.0,184.0,,,,ATX Mid Tower,25.0,1
157.0,165.0,,,,ATX Mid Tower,8.0,1
156.0,188.0,,,,ATX Mid Tower,32.0,1
160.0,155.0,,,,Micro ATX Mid Tower,-5.0,0
148.0,67.0,,,,Mini ITX Tower,-81.0,0
159.0,120.0,120.0,1,,Mini ITX Tower,-39.0,0
67.0,156.0,,,240.0,ATX Mid Tower,89.0,1
125.0,77.0,,,,HTPC,-48.0,0
160.0,65.0,,,,HTPC,-95.0,0
155.0,165.0,,,,Micro ATX Mini Tower,10.0,1
130.0,70.0,,,,HTPC,-60.0,0
160.0,70.0,,,,Micro ATX Desktop,-90.0,0
154.0,155.0,,,,ATX Mid Tower,1.0,1
88.0,188.0,,,,EATX Mid Tower,100.0,1
154.0,138.0,,,,HTPC,-16.0,0
155.0,165.0,,,,ATX Mid Tower,10.0,1
155.0,150.0,,,,Micro ATX Mid Tower,-5.0,0
166.0,145.0,,,,ATX Mid Tower,-21.0,0
155.0,140.0,,,,Mini ITX Tower,-15.0,0
170.0,210.0,,,,Micro ATX Mini Tower,40.0,1
155.0,67.0,120.0,1,,Mini ITX Tower,-88.0,0
69.0,160.0,,,,ATX Mid Tower,91.0,1
77.7,38.0,120.0,3,360.0,Mini ITX Tower,-39.7,0
82.0,190.0,,3,360.0,ATX Full Tower,108.0,1
65.0,83.0,280.0,1,280.0,Mini ITX Tower,18.0,1
153.0,182.0,,,,ATX Mid Tower,29.0,1
160.0,170.0,,,,ATX Mid Tower,10.0,1
136.0,150.0,,,,Micro ATX Mid Tower,14.0,1
52.0,185.0,,,240.0,ATX Mid Tower,133.0,1
162.0,160.0,,,,EATX Mid Tower,-2.0,0
123.0,165.0,,,,EATX Mid Tower,42.0,1
161.0,138.0,,,,HTPC,-23.0,0
153.0,146.0,,,,HTPC,-7.0,0
135.0,75.0,,,,Micro ATX Mini Tower,-60.0,0
57.0,150.0,120.0,3,360.0,Micro ATX Mini Tower,93.0,1
153.0,155.0,,,,Micro ATX Mini Tower,2.0,1
151.0,166.0,,,,ATX Mid Tower,15.0,1
65.0,183.0,280.0,1,280.0,ATX Mid Tower,118.0,1
164.0,146.0,,,,HTPC,-18.0,0
150.0,145.0,,,,ATX Mid Tower,-5.0,0
155.0,170.0,,,,ATX Mid Tower,15.0,1
52.0,165.0,,,,ATX Mid Tower,113.0,1
125.0,170.0,,,,EATX Mid Tower,45.0,1
137.0,70.0,,,,HTPC,-67.0,0
53.0,155.0,120.0,3,360.0,ATX Mid Tower,102.0,1
68.0,167.0,,,360.0,ATX Mid Tower,99.0,1
155.0,145.0,120.0,,,ATX Mid Tower,-10.0,0
154.0,110.0,,,,Mini ITX Tower,-44.0,0
158.0,48.0,,,,Mini ITX Tower,-110.0,0
153.0,150.0,,,,ATX Mid Tower,-3.0,0
154.0,114.0,,,,Mini ITX Tower,-40.0,0
160.0,114.0,,,,Mini ITX Tower,-46.0,0
172.0,170.0,,,,Micro ATX Mid Tower,-2.0,0
65.0,156.0,420.0,1,420.0,Micro ATX Mid Tower,91.0,1
131.0,110.0,,,,Mini ITX Tower,-21.0,0
155.0,48.0,,,,Mini ITX Tower,-107.0,0
157.0,186.0,,,,ATX Full Tower,29.0,1
155.0,175.0,,,,ATX Full Tower,20.0,1
158.0,95.0,,,,ATX Mid Tower,-63.0,0
155.0,155.0,,,,ATX Mid Tower,0.0,1
79.0,170.0,,,,ATX Mid Tower,91.0,1
164.0,160.0,,,,Micro ATX Mini Tower,-4.0,0
160.0,57.0,,,,Mini ITX Tower,-103.0,0
38.0,175.0,,,240.0,ATX Mid Tower,137.0,1
30.0,150.0,,,,ATX Mid Tower,120.0,1
158.0,156.0,,,,ATX Mid Tower,-2.0,0
154.0,180.0,,,,ATX Mid Tower,26.0,1
158.0,110.0,,,,Mini ITX Tower,-48.0,0
68.0,160.0,,,,ATX Mid Tower,92.0,1
154.0,140.0,,,,Mini ITX Tower,-14.0,0
148.0,172.0,,,,ATX Mid Tower,24.0,1
123.0,188.0,,,,EATX Mid Tower,65.0,1
154.0,185.0,,,,Micro ATX Mini Tower,31.0,1
156.0,171.0,,,,ATX Mid Tower,15.0,1
152.0,70.0,120.0,1,,HTPC,-82.0,0
129.0,155.0,,,,ATX Mid Tower,26.0,1
163.0,165.0,120.0,,,ATX Mid Tower,2.0,1
159.0,70.0,,,,Mini ITX Tower,-89.0,0
159.0,90.0,,,,Micro ATX Desktop,-69.0,0
68.4,162.0,120.0,3,360.0,ATX Mid Tower,93.6,1
160.0,70.0,,,,HTPC,-90.0,0
159.0,155.0,,,,Micro ATX Mini Tower,-4.0,0
168.0,160.0,,,,Micro ATX Mid Tower,-8.0,0
155.0,173.0,,,,ATX Mid Tower,18.0,1
160.0,145.0,,,,ATX Mid Tower,-15.0,0
158.0,70.0,,,,HTPC,-88.0,0
157.0,160.0,120.0,2,,ATX Mid Tower,3.0,1
57.0,190.0,120.0,3,360.0,ATX Full Tower,133.0,1
162.0,70.0,,,,Micro ATX Desktop,-92.0,0
162.0,160.0,,,,ATX Mid Tower,-2.0,0
126.0,148.0,,,,Micro ATX Mini Tower,22.0,1
166.0,160.0,120.0,,,ATX Mid Tower,-6.0,0
158.0,150.0,,,,ATX Mid Tower,-8.0,0
123.0,65.0,92.0,1,,HTPC,-58.0,0
165.0,155.0,,,,Mini ITX Tower,-10.0,0
27.0,175.0,,,,Mini ITX Tower,148.0,1
155.0,140.0,,,,Mini ITX Tower,-15.0,0
74.0,185.0,,,,ATX Mid Tower,111.0,1
165.0,185.0,,,,Micro ATX Mid Tower,20.0,1
121.0,65.0,120.0,3,360.0,Micro ATX Mini Tower,-56.0,0
170.0,162.0,,,,ATX Mid Tower,-8.0,0
154.0,145.0,120.0,2,,ATX Mid Tower,-9.0,0
159.0,140.0,,,,Micro ATX Mini Tower,-19.0,0
69.0,190.0,,,360.0,Mini ITX Tower,121.0,1
118.0,154.0,,,,Micro ATX Mid Tower,36.0,1
162.0,155.0,,,,ATX Mid Tower,-7.0,0
156.0,140.0,,,,Mini ITX Tower,-16.0,0
155.0,185.0,120.0,2,,ATX Mid Tower,30.0,1
123.0,48.0,,,,Mini ITX Tower,-75.0,0
154.0,170.0,,,,ATX Mid Tower,16.0,1
78.0,57.0,,,360.0,Micro ATX Desktop,-21.0,0
163.0,160.0,120.0,,,Micro ATX Mini Tower,-3.0,0
160.0,155.0,,,,ATX Mid Tower,-5.0,0
148.0,160.0,,,,ATX Mid Tower,12.0,1
160.0,70.0,,,,HTPC,-90.0,0
52.0,180.0,,,240.0,ATX Mid Tower,128.0,1
151.0,168.0,,,,ATX Mid Tower,17.0,1
154.0,114.0,,,,Mini ITX Tower,-40.0,0
155.0,146.0,,,,ATX Mid Tower,-9.0,0
159.0,70.0,,,,HTPC,-89.0,0
64.24,170.0,120.0,3,360.0,ATX Mid Tower,105.76,1
161.0,160.0,,,,ATX Mid Tower,-1.0,0
158.0,180.0,,,,ATX Mid Tower,22.0,1
160.0,185.0,,,,ATX Mid Tower,25.0,1
55.0,161.0,,,,ATX Mid Tower,106.0,1
158.0,180.0,,,,ATX Mid Tower,22.0,1
170.0,155.0,,,,Micro ATX Mini Tower,-15.0,0
158.0,68.0,,,,Mini ITX Tower,-90.0,0
164.0,155.0,,,,Mini ITX Tower,-9.0,0
136.0,170.0,,,,ATX Mid Tower,34.0,1
162.0,187.0,,,,Micro ATX Mini Tower,25.0,1
48.0,175.0,,,,ATX Mid Tower,127.0,1
123.0,170.0,120.0,3,360.0,ATX Mid Tower,47.0,1
150.0,70.0,,,,HTPC,-80.0,0
150.0,85.0,120.0,2,240.0,Mini ITX Tower,-65.0,0
154.0,148.0,,,,Micro ATX Mid Tower,-6.0,0
52.0,50.0,,,240.0,Mini ITX Tower,-2.0,0
159.0,156.0,,,,Micro ATX Mini Tower,-3.0,0
168.0,160.0,,,,ATX Mid Tower,-8.0,0
157.0,110.0,,,,Mini ITX Tower,-47.0,0
62.0,170.0,,,360.0,ATX Mid Tower,108.0,1
151.0,183.0,,,,ATX Mid Tower,32.0,1
125.0,180.0,,,240.0,ATX Mid Tower,55.0,1
159.0,155.0,120.0,1,,ATX Full Tower,-4.0,0
165.0,150.0,,,,ATX Mid Tower,-15.0,0
155.0,170.0,,,,ATX Mid Tower,15.0,1
46.0,185.0,120.0,3,360.0,ATX Full Tower,139.0,1
156.0,155.0,,,,ATX Mid Tower,-1.0,0
159.0,155.0,,,,Micro ATX Mini Tower,-4.0,0
158.0,172.0,,,,ATX Mid Tower,14.0,1
157.0,155.0,,,,ATX Mid Tower,-2.0,0
150.0,58.0,,,,HTPC,-92.0,0
159.0,163.0,,,,ATX Mid Tower,4.0,1
76.0,180.0,,,,ATX Mid Tower,104.0,1
48.0,160.0,,,120.0,ATX Mini Tower,112.0,1
167.0,158.75,,,,ATX Mid Tower,-8.25,0
160.0,57.0,,,,Mini ITX Tower,-103.0,0
56.0,210.0,,,280.0,ATX Mid Tower,154.0,1
130.0,170.0,,,,ATX Mid Tower,40.0,1
165.0,160.0,,,,ATX Mid Tower,-5.0,0
158.0,155.0,,,,Micro ATX Mini Tower,-3.0,0
156.0,38.0,,,,Mini ITX Tower,-118.0,0
156.0,88.2,,,,ATX Mid Tower,-67.8,0
160.0,165.0,,,,ATX Mid Tower,5.0,1
153.0,77.0,,,,Mini ITX Tower,-76.0,0
155.0,45.0,,,,Mini ITX Tower,-110.0,0
164.0,163.0,,,,ATX Mid Tower,-1.0,0
58.0,55.0,,,240.0,Mini ITX Tower,-3.0,0
158.0,165.0,,,,ATX Mid Tower,7.0,1
58.0,190.0,,,,ATX Full Tower,132.0,1
60.0,185.0,,,360.0,ATX Mid Tower,125.0,1
165.0,150.0,,,,Micro ATX Mid Tower,-15.0,0
125.0,190.0,,,,ATX Mid Tower,65.0,1
165.0,151.0,,,,ATX Mid Tower,-14.0,0
158.0,155.0,,,,Micro ATX Mid Tower,-3.0,0
58.0,170.0,,,240.0,ATX Mid Tower,112.0,1
160.0,155.0,,,,Micro ATX Mid Tower,-5.0,0
158.0,138.0,,,,HTPC,-20.0,0
160.0,180.0,,,,ATX Mid Tower,20.0,1
164.0,155.0,,,,ATX Mid Tower,-9.0,0
154.0,185.0,,,,ATX Mid Tower,31.0,1
152.0,160.0,,,,Micro ATX Mini Tower,8.0,1
81.0,160.0,120.0,3,360.0,ATX Mid Tower,79.0,1
155.0,120.0,,,,Mini ITX Tower,-35.0,0
160.0,156.0,,,,Micro ATX Mid Tower,-4.0,0
154.0,140.0,,,,Mini ITX Tower,-14.0,0
157.0,170.0,,,,ATX Mid Tower,13.0,1
158.0,145.0,,,,ATX Mid Tower,-13.0,0
157.0,175.0,,,,EATX Full Tower,18.0,1
163.0,190.0,,,,ATX Full Tower,27.0,1
112.0,70.0,,,,Mini ITX Tower,-42.0,0
65.0,85.0,,,360.0,Mini ITX Tower,20.0,1
160.0,185.0,,,,ATX Mid Tower,25.0,1
155.0,75.0,,,,Micro ATX Mini Tower,-80.0,0
125.0,160.0,,,240.0,ATX Mid Tower,35.0,1
155.0,70.0,,,,Mini ITX Tower,-85.0,0
114.0,190.0,,,,EATX Mid Tower,76.0,1
397.0,165.0,120.0,3,360.0,ATX Mid Tower,-232.0,0
163.0,160.0,,,,ATX Mid Tower,-3.0,0
101.0,165.0,120.0,2,240.0,Micro ATX Mini Tower,64.0,1
51.0,169.0,,,420.0,ATX Mid Tower,118.0,1
158.0,140.0,,,,Mini ITX Tower,-18.0,0
75.0,184.0,,,,ATX Mid Tower,109.0,1
135.0,120.0,92.0,,,Mini ITX Tower,-15.0,0
125.0,70.0,,,,HTPC,-55.0,0
163.0,190.0,,,,ATX Mid Tower,27.0,1
60.0,170.0,,,240.0,ATX Mid Tower,110.0,1
172.0,160.0,,,,ATX Mid Tower,-12.0,0
160.0,175.0,,,,ATX Mid Tower,15.0,1
160.0,70.0,,,,HTPC,-90.0,0
156.0,164.0,,,,Micro ATX Desktop,8.0,1
131.0,165.0,,,,ATX Mid Tower,34.0,1
150.0,170.0,,,,EATX Full Tower,20.0,1
159.0,70.0,,,,Mini ITX Tower,-89.0,0
148.0,68.0,,,,Mini ITX Tower,-80.0,0
159.0,150.0,,,,ATX Mid Tower,-9.0,0
68.0,158.0,140.0,2,280.0,ATX Mid Tower,90.0,1
42.0,175.0,,,240.0,ATX Mid Tower,133.0,1
155.0,58.0,,,,HTPC,-97.0,0
30.0,180.0,,,,Micro ATX Mini Tower,150.0,1
157.0,65.0,,,,Mini ITX Tower,-92.0,0
116.0,165.0,120.0,2,240.0,ATX Mid Tower,49.0,1
165.0,162.0,120.0,2,,Micro ATX Mid Tower,-3.0,0
63.0,180.0,,,,ATX Mid Tower,117.0,1
45.0,188.0,120.0,2,240.0,EATX Mid Tower,143.0,1
158.0,180.0,140.0,2,,ATX Mid Tower,22.0,1
69.0,155.0,120.0,2,240.0,ATX Mid Tower,86.0,1
160.0,138.0,,,,HTPC,-22.0,0
142.0,130.0,,,,Mini ITX Tower,-12.0,0
77.0,160.0,,,,ATX Mid Tower,83.0,1
152.0,146.0,120.0,1,,HTPC,-6.0,0
156.0,77.0,,,,HTPC,-79.0,0
160.0,148.0,,,,Micro ATX Mid Tower,-12.0,0
136.0,85.0,,,,Mini ITX Tower,-51.0,0
69.0,170.0,140.0,2,280.0,ATX Mid Tower,101.0,1
150.0,140.0,,,,Mini ITX Tower,-10.0,0
65.0,170.0,120.0,3,360.0,Micro ATX Mid Tower,105.0,1
158.0,155.0,,,,ATX Mid Tower,-3.0,0
80.6,165.0,120.0,3,360.0,ATX Mid Tower,84.4,1
164.0,158.0,,,,ATX Mid Tower,-6.0,0
143.0,279.0,,,,ATX Mid Tower,136.0,1
45.0,180.0,,,,ATX Mid Tower,135.0,1
171.0,160.0,,,,ATX Mini Tower,-11.0,0
52.0,178.0,,,120.0,ATX Mid Tower,126.0,1
131.0,175.0,,,,ATX Mid Tower,44.0,1
159.0,165.0,,,,ATX Mid Tower,6.0,1
69.0,48.0,,,360.0,Mini ITX Tower,-21.0,0
151.0,68.0,,,,Mini ITX Tower,-83.0,0
162.0,140.0,,,,Mini ITX Tower,-22.0,0
160.0,180.0,,,,ATX Mid Tower,20.0,1
155.0,68.0,,,,Mini ITX Tower,-87.0,0
70.0,170.0,,,280.0,ATX Mid Tower,100.0,1
64.24,180.0,120.0,3,360.0,ATX Mid Tower,115.76,1
55.0,180.0,,,360.0,ATX Mid Tower,125.0,1
157.0,163.5,,,,Micro ATX Mid Tower,6.5,1
100.0,170.0,,,360.0,ATX Mid Tower,70.0,1
154.0,145.0,120.0,1,,ATX Mid Tower,-9.0,0
158.0,170.0,120.0,2,,ATX Mid Tower,12.0,1
169.0,138.0,,,,HTPC,-31.0,0
157.0,185.0,,,,ATX Mid Tower,28.0,1
162.0,160.0,,,,ATX Mid Tower,-2.0,0
139.0,190.0,,,,Mini ITX Tower,51.0,1
165.0,180.0,,,,ATX Mid Tower,15.0,1
152.0,77.0,,,,Mini ITX Tower,-75.0,0
152.0,70.0,,,,Mini ITX Tower,-82.0,0
158.0,156.0,,,,ATX Mid Tower,-2.0,0
52.0,183.0,,,240.0,ATX Mid Tower,131.0,1
154.0,75.0,,,,Micro ATX Mini Tower,-79.0,0
169.0,75.0,,,,Micro ATX Mini Tower,-94.0,0
121.0,70.0,,,,Mini ITX Tower,-51.0,0
154.0,68.0,,,,Mini ITX Tower,-86.0,0
100.0,70.0,,,,Mini ITX Tower,-30.0,0
51.0,165.0,,,240.0,Mini ITX Tower,114.0,1
156.0,185.0,,,,ATX Mid Tower,29.0,1
159.0,158.75,120.0,1,,ATX Mid Tower,-0.25,0
70.0,190.0,,,360.0,ATX Mid Tower,120.0,1
165.0,155.0,,,,ATX Mid Tower,-10.0,0
163.0,166.0,,,,ATX Mid Tower,3.0,1
166.0,160.0,,,,Micro ATX Mini Tower,-6.0,0
159.0,150.0,120.0,1,,ATX Mid Tower,-9.0,0
130.0,120.0,,,,Mini ITX Tower,-10.0,0
38.0,178.0,140.0,2,240.0,ATX Mid Tower,140.0,1
160.0,65.0,,,,Mini ITX Tower,-95.0,0
150.0,155.0,,,,Micro ATX Mid Tower,5.0,1
137.0,47.0,,,,Micro ATX Desktop,-90.0,0
155.0,50.0,,,,Mini ITX Tower,-105.0,0
118.0,75.0,,,,Mini ITX Tower,-43.0,0
159.0,114.0,,,,Mini ITX Tower,-45.0,0
172.0,170.0,,,,ATX Mid Tower,-2.0,0
58.0,170.0,,,240.0,ATX Mid Tower,112.0,1
130.0,187.0,,,,Micro ATX Mid Tower,57.0,1
69.0,162.0,120.0,3,360.0,ATX Mid Tower,93.0,1
160.0,77.0,,,,HTPC,-83.0,0
172.0,170.0,,,,ATX Mid Tower,-2.0,0
162.0,68.0,,,,Mini ITX Tower,-94.0,0
81.0,165.0,120.0,3,360.0,ATX Mid Tower,84.0,1
89.9,190.0,120.0,3,360.0,ATX Mid Tower,100.1,1
162.0,160.0,,,,ATX Mid Tower,-2.0,0
159.0,145.0,,,,ATX Mid Tower,-14.0,0
166.0,70.0,,,,HTPC,-96.0,0
154.0,110.0,,,,Mini ITX Tower,-44.0,0
51.0,180.0,,,420.0,ATX Mid Tower,129.0,1
155.0,67.0,,,,Mini ITX Tower,-88.0,0
148.0,169.0,,,,ATX Full Tower,21.0,1
108.0,57.0,120.0,3,360.0,Mini ITX Tower,-51.0,0
158.0,70.0,,,,Mini ITX Tower,-88.0,0
116.0,57.0,140.0,2,280.0,Mini ITX Tower,-59.0,0
153.0,167.0,,,,Micro ATX Mini Tower,14.0,1
58.0,166.0,,,,ATX Mid Tower,108.0,1
136.0,82.0,,,,Micro ATX Mini Tower,-54.0,0
23.0,165.0,,,,ATX Mid Tower,142.0,1
60.0,47.0,120.0,2,240.0,Micro ATX Desktop,-13.0,0
154.0,65.0,,,,Mini ITX Tower,-89.0,0
155.0,173.0,120.0,,,ATX Mid Tower,18.0,1
168.0,83.0,120.0,,,Mini ITX Tower,-85.0,0
165.0,162.0,,,,ATX Mid Tower,-3.0,0
160.0,155.0,,,,Micro ATX Mini Tower,-5.0,0
154.0,180.0,,,,ATX Mid Tower,26.0,1
133.0,75.0,,,,Micro ATX Mini Tower,-58.0,0
50.0,160.0,,,360.0,ATX Mid Tower,110.0,1
51.0,165.0,,,240.0,ATX Mid Tower,114.0,1
158.0,160.0,,,,ATX Mid Tower,2.0,1
70.0,160.0,,,,Micro ATX Mini Tower,90.0,1
60.0,170.0,120.0,2,240.0,ATX Full Tower,110.0,1
118.0,83.0,120.0,3,360.0,Mini ITX Tower,-35.0,0
58.0,48.0,140.0,2,280.0,Mini ITX Tower,-10.0,0
165.0,165.0,,,,ATX Mid Tower,0.0,1
158.0,95.0,,,,ATX Mid Tower,-63.0,0
162.0,160.0,,,,ATX Mid Tower,-2.0,0
136.0,175.0,,,,EATX Full Tower,39.0,1
160.0,155.0,,,,ATX Mid Tower,-5.0,0
80.0,70.0,120.0,1,120.0,Mini ITX Tower,-10.0,0
85.0,67.0,,,360.0,Mini ITX Tower,-18.0,0
67.0,190.0,,,360.0,EATX Full Tower,123.0,1
72.0,185.0,,,,ATX Mid Tower,113.0,1
57.0,85.0,120.0,3,360.0,Mini ITX Tower,28.0,1
107.0,175.0,120.0,3,360.0,Micro ATX Mid Tower,68.0,1
152.0,175.0,,,,ATX Mid Tower,23.0,1
150.0,90.0,,,,Micro ATX Desktop,-60.0,0
152.0,135.0,,,,Micro ATX Mid Tower,-17.0,0
70.0,190.0,,,,ATX Mid Tower,120.0,1
55.0,81.0,,,360.0,Micro ATX Slim Tower,26.0,1
60.0,180.0,120.0,2,240.0,ATX Mid Tower,120.0,1
158.0,156.0,,,,ATX Mid Tower,-2.0,0
155.0,185.0,,,,ATX Mid Tower,30.0,1
125.0,67.0,120.0,2,240.0,Mini ITX Tower,-58.0,0
155.0,70.0,,,,Mini ITX Tower,-85.0,0
160.0,167.0,,,,ATX Full Tower,7.0,1
157.0,155.0,,,,Micro ATX Mid Tower,-2.0,0
154.0,140.0,,,,Micro ATX Mini Tower,-14.0,0
157.0,182.0,,,,ATX Mid Tower,25.0,1
58.0,172.0,,,,ATX Mid Tower,114.0,1
155.0,83.0,120.0,1,,Mini ITX Tower,-72.0,0
163.0,160.0,,,,ATX Mid Tower,-3.0,0
91.0,75.0,120.0,3,360.0,Micro ATX Mini Tower,-16.0,0
68.0,165.0,,,240.0,Micro ATX Mini Tower,97.0,1
65.0,65.0,,,360.0,HTPC,0.0,1
161.0,160.0,,,,ATX Mid Tower,-1.0,0
140.0,85.0,,,,Mini ITX Tower,-55.0,0
151.0,70.0,120.0,2,,HTPC,-81.0,0
158.0,83.0,,,,Mini ITX Tower,-75.0,0
165.0,156.0,,,,ATX Mid Tower,-9.0,0
157.0,70.0,,,,HTPC,-87.0,0
77.0,165.0,,,,ATX Mid Tower,88.0,1
67.0,180.0,,,,ATX Mid Tower,113.0,1
169.0,156.0,,,,ATX Mid Tower,-13.0,0
160.0,170.0,,,,ATX Mid Tower,10.0,1
158.0,114.0,,,,Mini ITX Tower,-44.0,0
160.0,170.0,,,,ATX Mid Tower,10.0,1
134.0,130.0,,,,Mini ITX Tower,-4.0,0
59.0,180.0,,,240.0,ATX Mid Tower,121.0,1
157.0,170.0,120.0,2,,Micro ATX Mini Tower,13.0,1
53.0,50.0,,,,Mini ITX Tower,-3.0,0
166.0,162.0,,,,ATX Mid Tower,-4.0,0
130.0,175.0,,,,ATX Mid Tower,45.0,1
166.0,210.0,120.0,,,Mini ITX Tower,44.0,1
58.0,70.0,,,240.0,Mini ITX Tower,12.0,1
164.0,170.0,,,,ATX Mid Tower,6.0,1
70.0,175.0,,,,ATX Mid Tower,105.0,1
61.85,175.0,120.0,3,360.0,ATX Mid Tower,113.15,1
153.0,146.0,,,,ATX Mid Tower,-7.0,0
157.0,70.0,,,,Mini ITX Tower,-87.0,0
150.0,90.0,,,,Micro ATX Desktop,-60.0,0
155.0,170.0,,,,ATX Mid Tower,15.0,1
159.0,68.0,,,,Mini ITX Tower,-91.0,0
53.0,165.0,120.0,3,360.0,ATX Mid Tower,112.0,1
60.0,178.0,,,360.0,ATX Mid Tower,118.0,1
160.0,70.0,,,,HTPC,-90.0,0
162.0,146.0,,,,ATX Mid Tower,-16.0,0
159.0,185.0,,,,EATX Mid Tower,26.0,1
158.0,77.0,,,,Mini ITX Tower,-81.0,0
153.0,67.0,,,,Mini ITX Tower,-86.0,0
57.0,165.0,,,,ATX Mid Tower,108.0,1
158.0,77.0,,,,Mini ITX Tower,-81.0,0
158.0,169.0,,,,ATX Mid Tower,11.0,1
57.0,175.0,,,360.0,ATX Mid Tower,118.0,1
160.0,150.0,,,,Micro ATX Mini Tower,-10.0,0
153.0,70.0,,,,Mini ITX Tower,-83.0,0
70.0,170.0,,,,ATX Mid Tower,100.0,1
53.0,170.0,120.0,2,240.0,ATX Mid Tower,117.0,1
45.0,160.0,,,,ATX Mid Tower,115.0,1
77.0,65.0,,,,HTPC,-12.0,0
60.0,173.0,120.0,3,360.0,ATX Mid Tower,113.0,1
167.0,156.0,,,,ATX Mid Tower,-11.0,0
153.0,61.0,,,,Mini ITX Tower,-92.0,0
155.0,190.0,,1,,ATX Mid Tower,35.0,1
74.0,180.5,,,,EATX Mid Tower,106.5,1
47.0,185.0,,,,ATX Full Tower,138.0,1
50.0,170.0,,,360.0,ATX Mid Tower,120.0,1
157.0,155.0,120.0,2,,ATX Mid Tower,-2.0,0
110.0,180.0,,,,ATX Mid Tower,70.0,1
69.0,180.0,,,360.0,ATX Mid Tower,111.0,1
125.0,57.0,,,,Micro ATX Desktop,-68.0,0
157.0,57.0,,,,Micro ATX Desktop,-100.0,0
166.0,210.0,,,,ATX Mid Tower,44.0,1
90.0,70.0,,,120.0,HTPC,-20.0,0
157.0,150.0,120.0,2,,Micro ATX Mid Tower,-7.0,0
145.0,165.0,,,,Mini ITX Tower,20.0,1
77.0,58.0,,,,HTPC,-19.0,0
123.0,190.0,100.0,1,,ATX Mid Tower,67.0,1
158.0,165.0,,,,ATX Mid Tower,7.0,1
157.0,150.0,,,,Mini ITX Tower,-7.0,0
155.0,160.0,,,,ATX Mid Tower,5.0,1
159.0,170.0,,,,ATX Mid Tower,11.0,1
154.0,68.0,,,,Mini ITX Tower,-86.0,0
161.0,178.0,,,,ATX Mid Tower,17.0,1
160.0,185.0,,,,ATX Mid Tower,25.0,1
155.0,162.0,120.0,2,,Micro ATX Mid Tower,7.0,1
54.0,210.0,,,360.0,ATX Mid Tower,156.0,1
165.0,163.0,,,,ATX Mid Tower,-2.0,0
73.0,160.0,120.0,2,240.0,ATX Mid Tower,87.0,1
148.0,161.0,,,,ATX Mid Tower,13.0,1
158.0,57.0,140.0,2,,Micro ATX Desktop,-101.0,0
54.0,170.0,,,120.0,ATX Mid Tower,116.0,1
160.0,150.0,,,,Micro ATX Mini Tower,-10.0,0
69.0,185.0,,,360.0,ATX Mid Tower,116.0,1
162.0,155.0,,,,Micro ATX Mini Tower,-7.0,0
60.0,190.0,120.0,2,240.0,ATX Mid Tower,130.0,1
158.0,163.0,,,,ATX Mid Tower,5.0,1
78.0,165.0,,,,ATX Mid Tower,87.0,1
156.0,176.0,,,,ATX Mid Tower,20.0,1
88.0,165.0,,,,ATX Mid Tower,77.0,1
62.0,165.0,,,360.0,ATX Mid Tower,103.0,1
161.0,150.0,,,,Micro ATX Mini Tower,-11.0,0
154.0,158.0,120.0,2,,Micro ATX Desktop,4.0,1
142.0,83.0,,,,Mini ITX Tower,-59.0,0
158.0,155.0,,,,ATX Mid Tower,-3.0,0
50.0,172.0,,,360.0,ATX Mid Tower,122.0,1
150.0,83.0,,,,Mini ITX Tower,-67.0,0
154.0,162.0,,,,Micro ATX Mid Tower,8.0,1
158.0,156.0,,,,ATX Mid Tower,-2.0,0
125.0,182.0,,,360.0,ATX Full Tower,57.0,1
136.0,55.0,,,,Mini ITX Tower,-81.0,0
57.0,170.0,,,,ATX Mid Tower,113.0,1
85.0,70.0,,,360.0,Mini ITX Tower,-15.0,0
154.0,180.5,,,,EATX Mid Tower,26.5,1
48.0,185.0,,,240.0,ATX Mid Tower,137.0,1
159.0,198.0,120.0,,,ATX Full Tower,39.0,1
165.0,70.0,,,,Mini ITX Tower,-95.0,0
154.0,150.0,,,,Micro ATX Mini Tower,-4.0,0
151.0,165.0,120.0,2,,ATX Mid Tower,14.0,1
154.0,150.0,,,,Micro ATX Mid Tower,-4.0,0
168.0,160.0,,,,ATX Mid Tower,-8.0,0
148.0,120.0,,,,Mini ITX Tower,-28.0,0
57.0,170.0,,,,ATX Full Tower,113.0,1
145.0,164.0,,,,Micro ATX Desktop,19.0,1
57.0,171.0,120.0,2,240.0,ATX Mid Tower,114.0,1
156.0,57.0,,,,Mini ITX Tower,-99.0,0
160.0,114.0,,,,Mini ITX Tower,-46.0,0
125.0,67.0,,,,Mini ITX Tower,-58.0,0
130.0,195.0,,,,ATX Full Tower,65.0,1
42.0,170.0,,,240.0,ATX Mid Tower,128.0,1
153.0,148.0,,,,ATX Mid Tower,-5.0,0
80.0,180.0,120.0,2,240.0,ATX Mid Tower,100.0,1
158.0,165.0,,,,Mini ITX Tower,7.0,1
54.0,210.0,,,360.0,ATX Mid Tower,156.0,1
77.0,61.0,,,,Mini ITX Tower,-16.0,0
158.0,150.0,,,,Micro ATX Mid Tower,-8.0,0
154.0,190.0,,,,ATX Full Tower,36.0,1
163.0,70.0,,,,HTPC,-93.0,0
157.0,155.0,,,,Mini ITX Tower,-2.0,0
158.0,150.0,,,,Micro ATX Mid Tower,-8.0,0
168.0,170.0,,,,ATX Mid Tower,2.0,1
159.0,70.0,,,,Mini ITX Tower,-89.0,0
155.0,165.0,,,,Mini ITX Tower,10.0,1
167.0,165.0,,,,ATX Mid Tower,-2.0,0
125.0,85.0,,,,Mini ITX Tower,-40.0,0
59.0,163.0,,,240.0,ATX Mid Tower,104.0,1
165.0,114.0,,,,Mini ITX Tower,-51.0,0
166.0,176.0,,,,ATX Mid Tower,10.0,1
157.0,75.0,,,,Micro ATX Mini Tower,-82.0,0
36.0,110.0,,,240.0,Mini ITX Tower,74.0,1
155.0,70.0,,,,HTPC,-85.0,0
157.0,58.0,120.0,2,,HTPC,-99.0,0
53.0,160.0,,,,ATX Mid Tower,107.0,1
153.0,68.0,,,,Mini ITX Tower,-85.0,0
133.0,61.0,,,,Mini ITX Tower,-72.0,0
172.0,155.0,,,,Mini ITX Tower,-17.0,0
154.0,160.0,,,,ATX Mid Tower,6.0,1
162.0,160.0,,,,ATX Mid Tower,-2.0,0
158.0,190.0,,,,ATX Mid Tower,32.0,1
158.0,170.0,,,,ATX Mid Tower,12.0,1
37.0,168.0,,,,EATX Mid Tower,131.0,1
164.0,160.0,,,,ATX Full Tower,-4.0,0
158.0,120.0,140.0,2,,Mini ITX Tower,-38.0,0
118.0,210.0,120.0,3,360.0,Mini ITX Tower,92.0,1
136.0,167.0,,,,Mini ITX Tower,31.0,1
165.0,162.0,,,,ATX Mid Tower,-3.0,0
160.0,135.0,120.0,2,,Micro ATX Mid Tower,-25.0,0
136.0,168.0,,,,ATX Mid Tower,32.0,1
160.0,135.0,,,,Micro ATX Mid Tower,-25.0,0
158.0,175.0,140.0,2,,Micro ATX Mini Tower,17.0,1
136.0,83.0,,,,Mini ITX Tower,-53.0,0
165.0,163.0,,,,ATX Mid Tower,-2.0,0
121.0,172.0,,,,Mini ITX Tower,51.0,1
151.0,193.0,,,,ATX Full Tower,42.0,1
157.0,156.0,120.0,2,,Micro ATX Mid Tower,-1.0,0
172.0,88.2,,,,ATX Mid Tower,-83.8,0
60.0,165.0,140.0,2,280.0,ATX Mid Tower,105.0,1
169.0,48.0,,,,Mini ITX Tower,-121.0,0
165.0,163.5,,,,Micro ATX Mini Tower,-1.5,0
41.0,155.0,,,,Micro ATX Mid Tower,114.0,1
69.0,176.0,,,240.0,ATX Full Tower,107.0,1
52.0,182.0,120.0,2,240.0,ATX Mid Tower,130.0,1
157.0,120.0,,,,Mini ITX Tower,-37.0,0
165.0,68.0,,,,Mini ITX Tower,-97.0,0
164.0,162.0,,,,Micro ATX Mid Tower,-2.0,0
70.0,210.0,,,,Micro ATX Mini Tower,140.0,1
137.0,166.0,,,,ATX Mid Tower,29.0,1
153.0,160.0,,,,ATX Mid Tower,7.0,1
151.0,166.0,,,,ATX Mid Tower,15.0,1
155.0,164.0,,,,ATX Mid Tower,9.0,1
140.0,83.0,,,,Mini ITX Tower,-57.0,0
158.0,155.0,,,,ATX Mid Tower,-3.0,0
154.0,185.0,,,,ATX Mid Tower,31.0,1
155.0,185.0,,,,ATX Mid Tower,30.0,1
154.0,145.0,,,,ATX Mid Tower,-9.0,0
50.0,65.0,,,360.0,Mini ITX Tower,15.0,1
158.0,88.2,,,,ATX Mid Tower,-69.8,0
110.0,65.0,,,,Mini ITX Tower,-45.0,0
150.0,45.0,,,,Mini ITX Tower,-105.0,0
154.0,114.0,,,,Mini ITX Tower,-40.0,0
56.0,200.0,120.0,3,360.0,Mini ITX Tower,144.0,1
154.0,55.0,,,,Mini ITX Tower,-99.0,0
162.0,165.0,,,,ATX Mid Tower,3.0,1
156.0,180.0,,,,ATX Mid Tower,24.0,1
159.0,170.0,,,,ATX Mid Tower,11.0,1
155.0,160.0,,,,Micro ATX Mini Tower,5.0,1
125.0,166.0,120.0,3,360.0,ATX Mid Tower,41.0,1
30.5,170.0,120.0,2,240.0,ATX Mid Tower,139.5,1
67.0,81.0,,,,Micro ATX Slim Tower,14.0,1
148.0,70.0,,,,HTPC,-78.0,0
156.0,68.0,,,,Mini ITX Tower,-88.0,0
125.0,190.0,,,,ATX Full Tower,65.0,1
60.0,188.0,120.0,3,360.0,EATX Mid Tower,128.0,1
159.0,163.0,,,,ATX Mid Tower,4.0,1
165.0,159.0,,,,Micro ATX Mini Tower,-6.0,0
53.0,167.0,120.0,2,240.0,ATX Mid Tower,114.0,1
154.0,67.0,,,,Mini ITX Tower,-87.0,0
158.0,83.0,,,,Mini ITX Tower,-75.0,0
158.0,180.0,,,,ATX Mid Tower,22.0,1
165.0,148.0,,,,ATX Mid Tower,-17.0,0
157.0,82.0,,,,Micro ATX Mini Tower,-75.0,0
157.0,154.0,,,,Micro ATX Mid Tower,-3.0,0
160.0,185.0,,,,ATX Mid Tower,25.0,1
100.0,38.0,,,,Mini ITX Tower,-62.0,0
63.0,185.0,,,,ATX Full Tower,122.0,1
70.0,175.0,,,,ATX Mid Tower,105.0,1
160.0,165.0,,,,ATX Mid Tower,5.0,1
42.0,165.0,,,240.0,ATX Mid Tower,123.0,1
123.0,166.0,,,,ATX Mid Tower,43.0,1
152.0,165.0,,,,ATX Mid Tower,13.0,1
65.0,180.0,420.0,1,420.0,ATX Mid Tower,115.0,1
50.0,165.0,,,360.0,ATX Mid Tower,115.0,1
167.0,160.0,,,,ATX Mid Tower,-7.0,0
158.0,120.0,,,,Mini ITX Tower,-38.0,0
154.0,178.0,,,,ATX Mid Tower,24.0,1
62.0,170.0,,,240.0,ATX Mid Tower,108.0,1
161.0,160.0,,,,ATX Mid Tower,-1.0,0
154.0,88.2,,,,ATX Mid Tower,-65.8,0
152.0,70.0,,,,Mini ITX Tower,-82.0,0
133.0,58.0,,,,HTPC,-75.0,0
159.0,57.0,,,,Micro ATX Desktop,-102.0,0
156.0,154.0,,,,Micro ATX Mid Tower,-2.0,0
158.0,83.0,,,,Mini ITX Tower,-75.0,0
152.0,180.0,,,,ATX Mid Tower,28.0,1
159.0,83.0,,,,Mini ITX Tower,-76.0,0
155.0,58.0,,,,HTPC,-97.0,0
123.0,190.0,,,,ATX Mid Tower,67.0,1
52.0,170.0,120.0,3,360.0,ATX Mid Tower,118.0,1
165.0,158.0,,,,ATX Mid Tower,-7.0,0
37.0,180.0,,,,ATX Mid Tower,143.0,1
158.0,70.0,140.0,2,,Mini ITX Tower,-88.0,0
54.0,166.0,,,360.0,ATX Mid Tower,112.0,1
158.0,157.0,,,,Micro ATX Mini Tower,-1.0,0
158.0,180.0,,,,ATX Mid Tower,22.0,1
54.0,160.0,,,360.0,ATX Mid Tower,106.0,1
159.0,155.0,120.0,1,,ATX Mid Tower,-4.0,0
160.0,180.0,,,,ATX Mid Tower,20.0,1
75.0,170.0,,,,ATX Mid Tower,95.0,1
72.0,175.0,120.0,3,360.0,ATX Mid Tower,103.0,1
160.0,155.0,,,,ATX Mid Tower,-5.0,0
155.0,110.0,,,,Mini ITX Tower,-45.0,0
158.0,156.0,,,,Micro ATX Mini Tower,-2.0,0
158.0,160.0,,,,ATX Mid Tower,2.0,1
125.0,70.0,,,,HTPC,-55.0,0
60.0,167.0,,,,Micro ATX Mid Tower,107.0,1
116.0,65.0,,,,HTPC,-51.0,0
160.0,159.0,,,,ATX Mid Tower,-1.0,0
94.0,67.0,140.0,3,420.0,Mini ITX Tower,-27.0,0
158.0,155.0,,,,Mini ITX Tower,-3.0,0
165.0,160.0,,,,EATX Mid Tower,-5.0,0
62.0,173.0,,,240.0,ATX Mid Tower,111.0,1
70.0,183.0,,,,ATX Mid Tower,113.0,1
154.0,165.0,120.0,2,,ATX Mid Tower,11.0,1
157.0,83.0,,,,Mini ITX Tower,-74.0,0
94.0,165.0,120.0,3,360.0,ATX Mid Tower,71.0,1
68.0,170.0,,,360.0,EATX Mid Tower,102.0,1
154.0,170.0,,,,ATX Mid Tower,16.0,1
166.0,150.0,120.0,,,ATX Mid Tower,-16.0,0
82.0,70.0,,,,Mini ITX Tower,-12.0,0
154.0,180.0,,,,ATX Mid Tower,26.0,1
157.0,181.0,,,,ATX Mid Tower,24.0,1
93.0,175.0,,,,ATX Mid Tower,82.0,1
156.0,167.0,,,,Mini ITX Tower,11.0,1
162.0,161.0,,,,ATX Mid Tower,-1.0,0
143.0,77.0,,,,HTPC,-66.0,0
160.0,158.75,,,,ATX Mid Tower,-1.25,0
158.0,38.0,,,,Mini ITX Tower,-120.0,0
159.0,114.0,,,,Mini ITX Tower,-45.0,0
134.0,182.0,,,,ATX Full Tower,48.0,1
155.0,170.0,120.0,,,ATX Mid Tower,15.0,1
151.0,176.0,120.0,2,,ATX Mid Tower,25.0,1
148.0,83.0,120.0,,,Mini ITX Tower,-65.0,0
165.0,164.0,,,,Micro ATX Desktop,-1.0,0
151.0,70.0,120.0,2,,Mini ITX Tower,-81.0,0
148.0,45.0,,,,Mini ITX Tower,-103.0,0
162.0,160.0,135.0,2,,ATX Mid Tower,-2.0,0
164.0,68.0,,,,Mini ITX Tower,-96.0,0
155.0,148.0,,,,ATX Mid Tower,-7.0,0
155.0,159.0,,,,Micro ATX Mid Tower,4.0,1
136.0,57.0,,,,Micro ATX Desktop,-79.0,0
91.0,162.0,120.0,3,360.0,ATX Mid Tower,71.0,1
143.0,163.0,,,,ATX Mid Tower,20.0,1
159.0,170.0,,,,Micro ATX Mid Tower,11.0,1
159.0,150.0,,,,ATX Mid Tower,-9.0,0
27.0,170.0,120.0,3,360.0,ATX Mid Tower,143.0,1
135.0,82.0,,,,Micro ATX Mid Tower,-53.0,0
130.0,45.0,,,,Mini ITX Tower,-85.0,0
160.0,185.0,,,,ATX Mid Tower,25.0,1
158.0,170.0,,,,ATX Mid Tower,12.0,1
68.0,57.0,,,240.0,Mini ITX Tower,-11.0,0
168.0,165.0,,,,Micro ATX Mini Tower,-3.0,0
134.0,175.0,,,,ATX Mid Tower,41.0,1
155.0,114.0,,,,Mini ITX Tower,-41.0,0
160.0,172.0,,,,Mini ITX Tower,12.0,1
23.0,171.0,,,,ATX Mid Tower,148.0,1
55.0,148.0,,,240.0,Micro ATX Mini Tower,93.0,1
157.0,145.0,,,,ATX Mid Tower,-12.0,0
156.0,185.0,,,,ATX Mid Tower,29.0,1
157.0,170.0,,,,Micro ATX Mid Tower,13.0,1
160.0,110.0,,,,Mini ITX Tower,-50.0,0
158.0,165.0,,,,ATX Mid Tower,7.0,1
53.0,185.0,,,240.0,ATX Full Tower,132.0,1
172.0,210.0,,,,ATX Mid Tower,38.0,1
160.0,67.0,,,,Mini ITX Tower,-93.0,0
130.0,57.0,,,,Micro ATX Desktop,-73.0,0
155.0,170.0,120.0,1,,ATX Mid Tower,15.0,1
156.0,82.0,,,,Micro ATX Mini Tower,-74.0,0
159.0,70.0,,,,Mini ITX Tower,-89.0,0
145.0,160.0,,,,ATX Mid Tower,15.0,1
155.0,70.0,120.0,1,,HTPC,-85.0,0
65.0,170.0,,,240.0,ATX Mid Tower,105.0,1
68.0,175.0,140.0,3,420.0,ATX Mid Tower,107.0,1
159.0,200.0,,,,Mini ITX Tower,41.0,1
136.0,68.0,,,,Mini ITX Tower,-68.0,0
159.0,166.0,,,,ATX Mid Tower,7.0,1
52.0,170.0,,,120.0,ATX Mid Tower,118.0,1
133.0,185.0,,,,ATX Full Tower,52.0,1
60.0,165.0,,,360.0,ATX Mid Tower,105.0,1
159.0,180.0,,,,ATX Full Tower,21.0,1
62.0,160.0,,,240.0,ATX Mid Tower,98.0,1
165.0,160.0,,,,ATX Mid Tower,-5.0,0
67.0,163.0,,,,ATX Mid Tower,96.0,1
48.0,180.0,,,120.0,ATX Mid Tower,132.0,1
168.0,160.0,120.0,,,ATX Mid Tower,-8.0,0
125.0,77.0,,,240.0,Mini ITX Tower,-48.0,0
150.0,160.0,,,,ATX Mid Tower,10.0,1
95.0,183.0,,,,ATX Mid Tower,88.0,1
135.0,210.0,120.0,1,,Micro ATX Mini Tower,75.0,1
155.0,140.0,,,,Mini ITX Tower,-15.0,0
157.0,160.0,,,,Micro ATX Mini Tower,3.0,1
70.0,165.0,,,,ATX Mid Tower,95.0,1
156.0,150.0,,,,Micro ATX Mini Tower,-6.0,0
54.0,175.0,,,360.0,ATX Mid Tower,121.0,1
157.0,120.0,,,,Mini ITX Tower,-37.0,0
154.0,65.0,,,,Mini ITX Tower,-89.0,0
157.0,155.0,,,,ATX Mid Tower,-2.0,0
69.0,165.0,140.0,2,280.0,Micro ATX Mini Tower,96.0,1
61.0,160.0,,,,Micro ATX Mini Tower,99.0,1
153.0,151.0,,,,ATX Mid Tower,-2.0,0
158.0,67.0,,,,Mini ITX Tower,-91.0,0
153.0,75.0,,,,Micro ATX Mini Tower,-78.0,0
156.0,160.0,,,,Micro ATX Mini Tower,4.0,1
155.0,165.0,,,,Micro ATX Mini Tower,10.0,1
158.0,70.0,140.0,2,,Mini ITX Tower,-88.0,0
65.0,170.0,,,,ATX Mid Tower,105.0,1
62.0,175.0,120.0,3,360.0,ATX Mid Tower,113.0,1
65.0,165.0,,,360.0,ATX Mid Tower,100.0,1
159.0,165.0,120.0,1,,ATX Mid Tower,6.0,1
116.0,160.0,,,,ATX Mid Tower,44.0,1
60.0,170.0,140.0,2,280.0,Micro ATX Mid Tower,110.0,1
156.0,68.0,,,,Mini ITX Tower,-88.0,0
150.0,165.0,,,,ATX Mid Tower,15.0,1
160.0,140.0,,,,Mini ITX Tower,-20.0,0
139.0,70.0,,,,Mini ITX Tower,-69.0,0
151.0,173.0,,,,ATX Mid Tower,22.0,1
169.0,166.0,,,,Micro ATX Mid Tower,-3.0,0
165.0,164.0,,,,ATX Mid Tower,-1.0,0
51.0,155.0,,,240.0,Micro ATX Mid Tower,104.0,1
157.0,148.0,120.0,2,,Micro ATX Mini Tower,-9.0,0
157.0,75.0,,,,Mini ITX Tower,-82.0,0
37.0,160.0,,,,ATX Mid Tower,123.0,1
155.0,68.0,,,,Mini ITX Tower,-87.0,0
157.0,70.0,,,,HTPC,-87.0,0
60.0,174.0,,,,ATX Mid Tower,114.0,1
42.0,188.0,,,120.0,ATX Mid Tower,146.0,1
155.0,140.0,120.0,1,,Micro ATX Mini Tower,-15.0,0
158.0,88.2,,,,ATX Mid Tower,-69.8,0
62.0,160.0,,,360.0,ATX Mid Tower,98.0,1
150.0,165.0,,,,ATX Mid Tower,15.0,1
157.0,167.0,,,,ATX Mid Tower,10.0,1
397.0,159.0,120.0,3,360.0,ATX Mid Tower,-238.0,0
134.0,68.0,,,,Mini ITX Tower,-66.0,0
66.0,190.0,,,360.0,ATX Full Tower,124.0,1
155.0,180.0,,,,ATX Mid Tower,25.0,1
150.0,170.0,,,,Micro ATX Mini Tower,20.0,1
159.0,179.0,,,,ATX Mid Tower,20.0,1
135.0,160.0,,,,Micro ATX Mid Tower,25.0,1
159.0,170.0,,,,Micro ATX Mini Tower,11.0,1
70.0,68.0,,,,Mini ITX Tower,-2.0,0
136.0,70.0,,,,Mini ITX Tower,-66.0,0
155.0,170.0,,,,ATX Mid Tower,15.0,1
135.0,75.0,,,,Micro ATX Mini Tower,-60.0,0
161.0,156.0,,,,ATX Mid Tower,-5.0,0
60.0,170.0,120.0,3,360.0,ATX Mid Tower,110.0,1
160.0,38.0,,,,Mini ITX Tower,-122.0,0
137.0,130.0,,,,Mini ITX Tower,-7.0,0
158.0,68.0,,,,Mini ITX Tower,-90.0,0
166.0,155.0,,,,Micro ATX Mid Tower,-11.0,0
152.0,47.0,120.0,1,,Micro ATX Desktop,-105.0,0
165.0,161.0,,,,ATX Mid Tower,-4.0,0
160.0,165.0,140.0,2,280.0,Micro ATX Mini Tower,5.0,1
68.0,155.0,,,,Micro ATX Mid Tower,87.0,1
65.0,61.0,,,360.0,Mini ITX Tower,-4.0,0
155.0,140.0,,,,Mini ITX Tower,-15.0,0
152.0,88.2,,,,ATX Mid Tower,-63.8,0
159.0,135.0,,,,Micro ATX Mid Tower,-24.0,0
168.0,77.0,,,,HTPC,-91.0,0
157.0,155.0,,,,Micro ATX Mid Tower,-2.0,0
152.0,82.0,,,,Micro ATX Mid Tower,-70.0,0
65.0,162.0,,,,ATX Mid Tower,97.0,1
157.0,190.0,,,,ATX Mid Tower,33.0,1
150.0,130.0,,,,Mini ITX Tower,-20.0,0
155.0,170.0,120.0,,,ATX Mid Tower,15.0,1
62.0,167.0,,,360.0,ATX Mid Tower,105.0,1
186.0,175.0,120.0,3,360.0,ATX Mid Tower,-11.0,0
158.0,77.0,,,,HTPC,-81.0,0
157.0,146.0,,,,HTPC,-11.0,0
135.0,160.0,,,,Micro ATX Mini Tower,25.0,1
155.0,68.0,,,,Mini ITX Tower,-87.0,0
140.0,110.0,,,,Mini ITX Tower,-30.0,0
159.0,160.0,,,,ATX Mid Tower,1.0,1
157.0,155.0,,,,ATX Mid Tower,-2.0,0
52.0,164.0,,,240.0,ATX Mid Tower,112.0,1
58.0,185.0,,,240.0,ATX Mid Tower,127.0,1
166.0,185.0,,,,ATX Mid Tower,19.0,1
165.0,160.0,,,,Mini ITX Tower,-5.0,0
169.0,167.0,,,,ATX Mid Tower,-2.0,0
94.5,75.0,140.0,2,280.0,Mini ITX Tower,-19.5,0
155.0,154.0,,,,Micro ATX Mid Tower,-1.0,0
158.0,85.0,,,,Mini ITX Tower,-73.0,0
116.0,171.0,120.0,3,360.0,ATX Mid Tower,55.0,1
48.0,180.0,,,360.0,ATX Mid Tower,132.0,1
36.0,165.0,,,,ATX Mid Tower,129.0,1
155.0,146.0,120.0,2,,HTPC,-9.0,0
65.0,163.5,420.0,1,420.0,Micro ATX Mid Tower,98.5,1
125.0,70.0,120.0,2,240.0,HTPC,-55.0,0
136.0,82.0,,,,Mini ITX Tower,-54.0,0
157.0,85.0,120.0,2,,Mini ITX Tower,-72.0,0
164.0,180.0,,,,ATX Mid Tower,16.0,1
158.0,55.0,,,,Mini ITX Tower,-103.0,0
155.0,138.0,,,,HTPC,-17.0,0
165.0,160.0,,,,ATX Mid Tower,-5.0,0
155.0,150.0,,,,Micro ATX Mini Tower,-5.0,0
65.0,174.0,,,240.0,ATX Mid Tower,109.0,1
170.0,165.0,,,,ATX Mid Tower,-5.0,0
158.0,83.0,,,,Mini ITX Tower,-75.0,0
159.0,176.0,,,,ATX Mid Tower,17.0,1
165.0,175.0,,,,ATX Mid Tower,10.0,1
134.0,165.0,,,,ATX Mid Tower,31.0,1
158.0,180.5,,,,EATX Mid Tower,22.5,1
150.0,170.0,,,,ATX Mid Tower,20.0,1
145.0,185.0,,,,ATX Mid Tower,40.0,1
157.0,65.0,,,,Mini ITX Tower,-92.0,0
168.0,160.0,120.0,,,ATX Mid Tower,-8.0,0
163.0,160.0,,,,ATX Mid Tower,-3.0,0
80.6,170.0,120.0,2,240.0,Micro ATX Mid Tower,89.4,1
69.0,170.0,120.0,3,360.0,Micro ATX Mini Tower,101.0,1
78.0,70.0,,,240.0,Mini ITX Tower,-8.0,0
136.0,155.0,,,,Micro ATX Mid Tower,19.0,1
131.0,138.0,,,,HTPC,7.0,1
51.0,190.0,,,240.0,ATX Full Tower,139.0,1
155.0,150.0,,,,Micro ATX Mini Tower,-5.0,0
160.0,58.0,,,,HTPC,-102.0,0
157.0,77.0,,,,Mini ITX Tower,-80.0,0
134.0,151.0,,,,Micro ATX Mini Tower,17.0,1
154.0,138.0,,,,HTPC,-16.0,0
66.1,162.0,120.0,3,360.0,ATX Mid Tower,95.9,1
123.0,95.0,120.0,3,360.0,ATX Mid Tower,-28.0,0
73.0,55.0,120.0,3,360.0,Mini ITX Tower,-18.0,0
170.0,166.0,,,,Micro ATX Mini Tower,-4.0,0
163.0,195.0,,,,ATX Mid Tower,32.0,1
158.0,155.0,,,,ATX Mid Tower,-3.0,0
93.0,90.0,,,,Micro ATX Desktop,-3.0,0
123.0,65.0,,,,Mini ITX Tower,-58.0,0
150.0,180.0,,,,ATX Mid Tower,30.0,1
39.0,148.0,,,,Micro ATX Mini Tower,109.0,1
158.0,135.0,,,,Micro ATX Mid Tower,-23.0,0
135.0,180.0,120.0,1,,ATX Mid Tower,45.0,1
69.0,57.0,,,360.0,Mini ITX Tower,-12.0,0
60.0,165.0,,,240.0,EATX Mid Tower,105.0,1
158.0,165.0,,,,ATX Mid Tower,7.0,1
94.0,67.0,240.0,2,240.0,Mini ITX Tower,-27.0,0
155.0,70.0,,,,Mini ITX Tower,-85.0,0
36.0,180.0,,,,ATX Mid Tower,144.0,1
160.0,185.0,,,,ATX Mid Tower,25.0,1
68.0,163.0,,,360.0,ATX Mid Tower,95.0,1
156.0,110.0,,,,Mini ITX Tower,-46.0,0
158.0,160.0,,,,ATX Mid Tower,2.0,1
70.0,165.0,,,280.0,ATX Mid Tower,95.0,1
158.0,150.0,140.0,2,,ATX Mid Tower,-8.0,0
154.0,150.0,,,,ATX Mid Tower,-4.0,0
168.0,165.0,120.0,,,ATX Mid Tower,-3.0,0
37.0,158.0,,,,ATX Mid Tower,121.0,1
157.0,185.0,120.0,2,,ATX Full Tower,28.0,1
154.0,68.0,,,,Mini ITX Tower,-86.0,0
140.0,70.0,,,,HTPC,-70.0,0
160.0,160.0,,,,ATX Mid Tower,0.0,1
158.0,165.0,,,,Micro ATX Mid Tower,7.0,1
165.0,155.0,,,,ATX Mid Tower,-10.0,0
153.0,82.0,,,,Micro ATX Desktop,-71.0,0
58.0,180.0,,,,ATX Mid Tower,122.0,1
162.0,154.0,,,,Micro ATX Mid Tower,-8.0,0
161.0,61.0,,,,Mini ITX Tower,-100.0,0
154.0,170.0,120.0,2,,Micro ATX Mid Tower,16.0,1
170.0,165.0,,,,ATX Mid Tower,-5.0,0
100.0,67.0,,,240.0,Mini ITX Tower,-33.0,0
154.0,165.0,120.0,2,,ATX Mid Tower,11.0,1
148.0,185.0,,,,ATX Mid Tower,37.0,1
152.0,175.0,,,,ATX Mid Tower,23.0,1
66.0,185.0,,,,ATX Mid Tower,119.0,1
155.0,180.0,120.0,2,,ATX Full Tower,25.0,1
116.0,155.0,120.0,2,240.0,Micro ATX Mid Tower,39.0,1
157.0,177.0,,,,ATX Full Tower,20.0,1
136.0,85.0,,,,Mini ITX Tower,-51.0,0
105.0,175.0,,,360.0,ATX Mid Tower,70.0,1
136.0,167.0,,,,ATX Mid Tower,31.0,1
154.0,70.0,,,,Mini ITX Tower,-84.0,0
158.0,120.0,,,,Mini ITX Tower,-38.0,0
154.0,57.0,,,,Micro ATX Desktop,-97.0,0
159.0,155.0,,,,Micro ATX Mid Tower,-4.0,0
158.0,155.0,,,,ATX Mid Tower,-3.0,0
155.0,162.0,,,,ATX Mid Tower,7.0,1
134.0,185.0,,,,ATX Mid Tower,51.0,1
59.0,185.0,,,360.0,EATX Mid Tower,126.0,1
110.0,154.0,,,,Micro ATX Mid Tower,44.0,1
160.0,145.0,,,,ATX Mid Tower,-15.0,0
18.6,185.0,120.0,3,394.0,ATX Full Tower,166.4,1
66.0,173.0,,,360.0,ATX Mid Tower,107.0,1
56.0,185.0,,,240.0,ATX Mid Tower,129.0,1
152.0,180.0,,,,ATX Mid Tower,28.0,1
157.0,82.0,,,,Micro ATX Mid Tower,-75.0,0
118.0,67.0,,,,Mini ITX Tower,-51.0,0
38.0,185.0,140.0,2,240.0,ATX Mid Tower,147.0,1
155.0,154.0,,,,Micro ATX Mid Tower,-1.0,0
136.0,180.0,,,,ATX Mid Tower,44.0,1
170.0,165.0,,,,Micro ATX Mid Tower,-5.0,0
155.0,151.0,,,,Micro ATX Mini Tower,-4.0,0
169.0,180.0,,,,ATX Mid Tower,11.0,1
68.0,173.0,,,360.0,ATX Mid Tower,105.0,1
155.0,165.0,,,,ATX Mid Tower,10.0,1
154.0,170.0,,,,ATX Mid Tower,16.0,1
145.0,114.0,,,,Mini ITX Tower,-31.0,0
165.0,170.0,,,,ATX Mid Tower,5.0,1
157.0,75.0,,,,Micro ATX Mini Tower,-82.0,0
80.0,50.0,120.0,2,240.0,Mini ITX Tower,-30.0,0
165.0,159.0,,,,Micro ATX Mid Tower,-6.0,0
151.0,160.0,,,,ATX Mid Tower,9.0,1
157.0,162.0,,,,Micro ATX Mid Tower,5.0,1
80.0,180.0,120.0,1,120.0,ATX Mid Tower,100.0,1
159.0,67.0,120.0,1,,Mini ITX Tower,-92.0,0
160.0,190.0,,,,ATX Full Tower,30.0,1
162.0,180.0,,,,ATX Mid Tower,18.0,1
162.0,160.0,,,,ATX Mid Tower,-2.0,0
73.0,165.0,,,,ATX Mid Tower,92.0,1
164.0,170.0,,,,ATX Mid Tower,6.0,1
62.0,190.0,,,360.0,EATX Mid Tower,128.0,1
64.0,175.0,,,360.0,ATX Mid Tower,111.0,1
154.0,170.0,,,,ATX Mid Tower,16.0,1
154.0,81.0,,,,Micro ATX Slim Tower,-73.0,0
165.0,135.0,,,,Micro ATX Mid Tower,-30.0,0
161.0,95.0,,,,ATX Mid Tower,-66.0,0
158.0,161.0,140.0,2,,ATX Mid Tower,3.0,1
161.0,160.0,,,,ATX Mid Tower,-1.0,0
154.0,70.0,,,,HTPC,-84.0,0
157.0,85.0,,,,Mini ITX Tower,-72.0,0
56.0,181.0,120.0,3,360.0,ATX Mid Tower,125.0,1
159.0,114.0,,,,Mini ITX Tower,-45.0,0
158.0,47.0,,,,Micro ATX Desktop,-111.0,0
57.0,162.0,120.0,2,240.0,ATX Mid Tower,105.0,1
159.0,155.0,,,,Micro ATX Mid Tower,-4.0,0
154.0,180.0,,,,ATX Mid Tower,26.0,1
157.0,160.0,120.0,2,,Micro ATX Mini Tower,3.0,1
63.0,170.0,,,360.0,ATX Mid Tower,107.0,1
163.0,70.0,,,,Mini ITX Tower,-93.0,0
155.0,182.0,,,,ATX Mid Tower,27.0,1
65.0,155.0,,,240.0,ATX Mid Tower,90.0,1
72.0,164.0,,,240.0,Micro ATX Desktop,92.0,1
154.0,190.0,,,,EATX Mid Tower,36.0,1
159.0,155.0,,,,ATX Mid Tower,-4.0,0
136.0,61.0,,,,Mini ITX Tower,-75.0,0
159.0,150.0,,,,ATX Mid Tower,-9.0,0
155.0,85.0,,,,Mini ITX Tower,-70.0,0
116.0,165.0,120.0,2,240.0,ATX Mid Tower,49.0,1
158.0,70.0,,,,HTPC,-88.0,0
154.0,70.0,,,,Micro ATX Desktop,-84.0,0
166.0,155.0,,,,ATX Mid Tower,-11.0,0
166.0,165.0,,,,ATX Mid Tower,-1.0,0
47.0,188.0,,,,ATX Mid Tower,141.0,1
62.0,170.0,120.0,3,360.0,ATX Mid Tower,108.0,1
157.0,155.0,,,,Micro ATX Mini Tower,-2.0,0
64.0,61.0,,,360.0,Mini ITX Tower,-3.0,0
157.0,190.0,,,,ATX Mid Tower,33.0,1
155.0,70.0,,,,Mini ITX Tower,-85.0,0
130.0,68.0,,,,Mini ITX Tower,-62.0,0
110.0,165.0,,,,ATX Mid Tower,55.0,1
159.0,70.0,,,,Mini ITX Tower,-89.0,0
163.0,155.0,,,,ATX Mid Tower,-8.0,0
70.0,138.0,,,,HTPC,68.0,1
160.0,160.0,,,,ATX Mid Tower,0.0,1
166.0,185.0,120.0,,,ATX Mid Tower,19.0,1
158.0,150.0,,,,ATX Mid Tower,-8.0,0
58.0,170.0,,,240.0,ATX Mid Tower,112.0,1
160.0,150.0,,,,Micro ATX Mid Tower,-10.0,0
58.0,57.0,140.0,2,280.0,Mini ITX Tower,-1.0,0
158.0,165.0,,,,ATX Mid Tower,7.0,1
68.0,185.0,140.0,2,280.0,ATX Mid Tower,117.0,1
164.0,82.0,,,,Micro ATX Mini Tower,-82.0,0
58.0,167.0,,,,Mini ITX Tower,109.0,1
79.0,65.0,,,,Micro ATX Mini Tower,-14.0,0
170.0,168.0,,,,ATX Mid Tower,-2.0,0
68.5,187.0,140.0,2,280.0,Micro ATX Mini Tower,118.5,1
159.0,154.0,,,,Micro ATX Mid Tower,-5.0,0
156.0,110.0,,,,Mini ITX Tower,-46.0,0
162.0,180.0,,,,ATX Mid Tower,18.0,1
94.0,175.0,140.0,3,420.0,ATX Mid Tower,81.0,1
136.0,110.0,,,,Mini ITX Tower,-26.0,0
54.0,183.0,120.0,2,240.0,ATX Mid Tower,129.0,1
158.0,85.0,,,,Mini ITX Tower,-73.0,0
159.0,70.0,,,,Mini ITX Tower,-89.0,0
160.0,176.0,,,,ATX Full Tower,16.0,1
82.0,165.0,,,,ATX Mid Tower,83.0,1
59.0,165.0,,,360.0,ATX Mid Tower,106.0,1
155.0,180.0,,,,ATX Mid Tower,25.0,1
59.0,188.0,,,,ATX Mid Tower,129.0,1
159.0,135.0,120.0,1,,Micro ATX Mid Tower,-24.0,0
156.0,57.0,,,,Micro ATX Desktop,-99.0,0
159.0,159.0,,,,ATX Mid Tower,0.0,1
154.0,200.0,,,,ATX Full Tower,46.0,1
154.0,175.0,,,,ATX Mid Tower,21.0,1
117.0,150.0,,,,ATX Mid Tower,33.0,1
73.0,58.0,,,,HTPC,-15.0,0
159.0,68.0,,,,Mini ITX Tower,-91.0,0
128.0,165.0,,,,ATX Mid Tower,37.0,1
166.0,160.0,,,,ATX Mid Tower,-6.0,0
169.0,155.0,,,,Micro ATX Mid Tower,-14.0,0
68.0,70.0,,,420.0,HTPC,2.0,1
49.0,185.0,,,240.0,ATX Full Tower,136.0,1
160.0,68.0,,,,Mini ITX Tower,-92.0,0
162.0,184.0,,,,ATX Mid Tower,22.0,1
147.0,180.0,,,,ATX Mid Tower,33.0,1
130.0,160.0,,,,ATX Mid Tower,30.0,1
159.0,148.0,,,,Micro ATX Mini Tower,-11.0,0
101.0,175.0,120.0,3,360.0,ATX Mid Tower,74.0,1
68.0,171.0,120.0,2,240.0,ATX Mid Tower,103.0,1
125.0,210.0,,,,Micro ATX Mid Tower,85.0,1
110.0,61.0,,,,Mini ITX Tower,-49.0,0
45.0,180.0,,,,ATX Mid Tower,135.0,1
36.0,167.0,,,,ATX Mid Tower,131.0,1
161.0,155.0,,,,ATX Mid Tower,-6.0,0
159.0,83.0,,,,Mini ITX Tower,-76.0,0
68.5,190.0,120.0,3,360.0,ATX Mid Tower,121.5,1
155.0,172.0,,,,ATX Mid Tower,17.0,1
123.0,156.0,,,,ATX Mid Tower,33.0,1
58.0,185.0,,,240.0,ATX Mid Tower,127.0,1
168.0,156.0,,,,ATX Mid Tower,-12.0,0
159.0,61.0,,,,Mini ITX Tower,-98.0,0
63.0,175.0,,,,ATX Mid Tower,112.0,1
52.0,171.0,140.0,3,420.0,ATX Mid Tower,119.0,1
167.0,157.0,,,,Micro ATX Mini Tower,-10.0,0
155.0,70.0,,,,Mini ITX Tower,-85.0,0
170.0,165.0,,,,Micro ATX Mini Tower,-5.0,0
130.0,70.0,,,,Mini ITX Tower,-60.0,0
155.0,166.0,,,,ATX Mid Tower,11.0,1
163.0,70.0,120.0,,,Mini ITX Tower,-93.0,0
161.0,158.75,,,,ATX Mid Tower,-2.25,0
135.0,180.0,,,,ATX Mid Tower,45.0,1
154.0,85.0,120.0,2,,Mini ITX Tower,-69.0,0
169.0,160.0,,,,ATX Mid Tower,-9.0,0
159.0,184.0,,,,ATX Mid Tower,25.0,1
135.0,47.0,,,,Micro ATX Desktop,-88.0,0
158.0,185.0,,,,ATX Mid Tower,27.0,1
157.0,155.0,,,,Mini ITX Tower,-2.0,0
158.0,181.0,120.0,1,,ATX Mid Tower,23.0,1
166.0,164.0,120.0,,,Micro ATX Desktop,-2.0,0
82.0,70.0,,,,HTPC,-12.0,0
125.0,175.0,,,360.0,ATX Mid Tower,50.0,1
171.0,165.0,,,,ATX Mid Tower,-6.0,0
60.0,184.0,,,,ATX Mid Tower,124.0,1
155.0,68.0,120.0,,,Mini ITX Tower,-87.0,0
159.0,157.0,,,,ATX Mid Tower,-2.0,0
82.0,183.0,,,,ATX Mid Tower,101.0,1
153.0,77.0,,,,Mini ITX Tower,-76.0,0
160.0,158.0,,,,ATX Mid Tower,-2.0,0
80.0,173.0,120.0,2,240.0,ATX Mid Tower,93.0,1
135.0,58.0,,,,HTPC,-77.0,0
165.0,163.0,,,,ATX Mid Tower,-2.0,0
165.0,160.0,,,,ATX Mid Tower,-5.0,0
66.0,61.0,120.0,2,240.0,Mini ITX Tower,-5.0,0
59.0,210.0,,,360.0,ATX Mid Tower,151.0,1
70.0,138.0,,,,HTPC,68.0,1
154.0,61.0,,,,Mini ITX Tower,-93.0,0
165.0,156.0,,,,Micro ATX Mini Tower,-9.0,0
156.0,175.0,,,,ATX Mid Tower,19.0,1
151.0,83.0,,,,Mini ITX Tower,-68.0,0
77.0,169.0,,,,ATX Mid Tower,92.0,1
151.0,77.0,,,,Mini ITX Tower,-74.0,0
154.0,170.0,,,,ATX Mid Tower,16.0,1
158.0,70.0,,,,HTPC,-88.0,0
153.0,140.0,,,,Mini ITX Tower,-13.0,0
69.0,170.0,120.0,,360.0,ATX Mid Tower,101.0,1
75.0,70.0,120.0,3,360.0,HTPC,-5.0,0
130.0,165.0,,,,ATX Mid Tower,35.0,1
68.0,170.0,,,360.0,ATX Mid Tower,102.0,1
155.0,170.0,,,,ATX Mid Tower,15.0,1
169.0,65.0,,,,Mini ITX Tower,-104.0,0
159.0,190.0,,,,ATX Mid Tower,31.0,1
123.0,160.0,,,,ATX Mid Tower,37.0,1
67.0,155.0,,,360.0,Micro ATX Mini Tower,88.0,1
157.0,120.0,120.0,2,,Mini ITX Tower,-37.0,0
159.0,83.0,,,,Mini ITX Tower,-76.0,0
118.0,165.0,120.0,3,360.0,ATX Mid Tower,47.0,1
102.0,65.0,120.0,3,360.0,Micro ATX Mini Tower,-37.0,0
60.0,165.0,140.0,2,280.0,Micro ATX Mini Tower,105.0,1
156.0,61.0,,,,Mini ITX Tower,-95.0,0
154.0,180.0,,,,ATX Mid Tower,26.0,1
160.0,150.0,,,,Micro ATX Mini Tower,-10.0,0
123.0,67.0,,,,Mini ITX Tower,-56.0,0
143.0,140.0,,,,Mini ITX Tower,-3.0,0
60.0,161.0,,,240.0,ATX Mid Tower,101.0,1
120.0,170.0,,,,ATX Mid Tower,50.0,1
155.0,130.0,,,,Mini ITX Tower,-25.0,0
60.0,170.0,120.0,3,360.0,ATX Mid Tower,110.0,1
52.0,160.0,120.0,3,360.0,ATX Full Tower,108.0,1
159.0,55.0,,,,Mini ITX Tower,-104.0,0
155.0,150.0,,,,ATX Mid Tower,-5.0,0
136.0,150.0,,,,ATX Mid Tower,14.0,1
155.0,138.0,,,,HTPC,-17.0,0
58.0,210.0,,,240.0,Micro ATX Mini Tower,152.0,1
397.0,171.0,120.0,3,360.0,ATX Mid Tower,-226.0,0
159.0,70.0,120.0,1,,Mini ITX Tower,-89.0,0
69.0,65.0,,,360.0,Mini ITX Tower,-4.0,0
155.0,170.0,,,,ATX Mid Tower,15.0,1
161.0,160.0,,,,ATX Mid Tower,-1.0,0
135.0,160.0,,,,Micro ATX Mid Tower,25.0,1
171.0,140.0,,,,Mini ITX Tower,-31.0,0
125.0,58.0,,,,HTPC,-67.0,0
51.0,170.0,,,360.0,ATX Mid Tower,119.0,1
142.0,179.0,,,,ATX Mid Tower,37.0,1
84.0,200.0,360.0,3,360.0,Mini ITX Tower,116.0,1
158.0,185.0,,,,ATX Full Tower,27.0,1
162.0,175.0,,,,ATX Mid Tower,13.0,1
52.0,146.0,,,240.0,ATX Mid Tower,94.0,1
86.4,83.0,120.0,3,360.0,Mini ITX Tower,-3.4,0
158.0,167.0,,,,ATX Mid Tower,9.0,1
156.0,57.0,,,,Mini ITX Tower,-99.0,0
52.0,170.0,,,120.0,ATX Mid Tower,118.0,1
161.0,160.0,,,,ATX Mid Tower,-1.0,0
135.0,166.0,,,,ATX Mid Tower,31.0,1
145.0,85.0,,,,Mini ITX Tower,-60.0,0
158.0,68.0,,,,Mini ITX Tower,-90.0,0
100.0,164.0,,,,Micro ATX Desktop,64.0,1
60.0,180.0,120.0,3,360.0,ATX Mid Tower,120.0,1
156.0,190.0,,,,ATX Mid Tower,34.0,1
169.0,164.0,120.0,2,,ATX Mid Tower,-5.0,0
58.0,138.0,,,360.0,HTPC,80.0,1
163.0,178.0,,,,ATX Mid Tower,15.0,1
70.0,200.0,,,,Mini ITX Tower,130.0,1
53.0,185.0,120.0,2,240.0,ATX Mid Tower,132.0,1
58.0,160.0,140.0,2,280.0,ATX Mid Tower,102.0,1
92.0,81.0,120.0,,240.0,Micro ATX Slim Tower,-11.0,0
150.0,155.0,,,,ATX Mid Tower,5.0,1
152.0,135.0,120.0,1,,Micro ATX Mid Tower,-17.0,0
154.0,138.0,,,,HTPC,-16.0,0
155.0,140.0,,,,Mini ITX Tower,-15.0,0
110.0,165.0,,,,ATX Mid Tower,55.0,1
154.0,145.0,,,,ATX Mid Tower,-9.0,0
166.0,160.0,,,,ATX Mid Tower,-6.0,0
165.0,190.0,120.0,2,,ATX Mid Tower,25.0,1
158.0,180.0,,,,ATX Mid Tower,22.0,1
397.0,160.0,120.0,3,360.0,Mini ITX Tower,-237.0,0
53.0,48.0,120.0,2,240.0,Mini ITX Tower,-5.0,0
94.0,160.0,120.0,3,360.0,ATX Mid Tower,66.0,1
168.0,156.0,,,,ATX Mid Tower,-12.0,0
157.0,155.0,,,,ATX Mid Tower,-2.0,0
65.0,155.0,,,360.0,ATX Mid Tower,90.0,1
53.0,167.0,94.5,1,,Mini ITX Tower,114.0,1
94.0,176.0,120.0,2,240.0,ATX Full Tower,82.0,1
63.0,55.0,,,240.0,Mini ITX Tower,-8.0,0
156.0,85.0,,,,Mini ITX Tower,-71.0,0
136.0,160.0,,,,ATX Mini Tower,24.0,1
113.0,48.0,,,,Mini ITX Tower,-65.0,0
148.0,57.0,120.0,,,Mini ITX Tower,-91.0,0
163.0,160.0,120.0,,,ATX Mid Tower,-3.0,0
150.0,77.0,,,,Mini ITX Tower,-73.0,0
37.0,155.0,,,,Micro ATX Mid Tower,118.0,1
53.0,175.0,120.0,2,240.0,ATX Mid Tower,122.0,1
154.0,65.0,,,,HTPC,-89.0,0
153.0,57.0,,,,Micro ATX Desktop,-96.0,0
157.0,180.0,,,,ATX Mid Tower,23.0,1
159.0,68.0,,,,Mini ITX Tower,-91.0,0
68.0,172.0,,,360.0,ATX Mid Tower,104.0,1
55.0,188.0,,,,ATX Mid Tower,133.0,1
161.0,156.0,,,,Micro ATX Mini Tower,-5.0,0
130.0,160.0,,,,ATX Mid Tower,30.0,1
159.0,182.0,,,,ATX Full Tower,23.0,1
165.0,67.0,,,,Mini ITX Tower,-98.0,0
56.0,170.0,140.0,,280.0,ATX Mid Tower,114.0,1
155.0,161.0,,,,ATX Mid Tower,6.0,1
123.0,114.0,92.0,1,,Mini ITX Tower,-9.0,0
55.0,180.0,,,,ATX Mid Tower,125.0,1
107.0,164.0,120.0,3,360.0,ATX Mid Tower,57.0,1
150.0,140.0,,,,Mini ITX Tower,-10.0,0
131.0,83.0,,,,Mini ITX Tower,-48.0,0
165.0,190.0,,,,ATX Mid Tower,25.0,1
116.0,190.0,,,,EATX Mid Tower,74.0,1
153.0,85.0,,,,Mini ITX Tower,-68.0,0
81.0,165.0,,,,Micro ATX Mini Tower,84.0,1
101.0,185.0,120.0,2,240.0,ATX Full Tower,84.0,1
138.0,85.0,,,,Mini ITX Tower,-53.0,0
155.0,70.0,,,,Mini ITX Tower,-85.0,0
135.0,75.0,,,,Mini ITX Tower,-60.0,0
155.0,205.0,,,,ATX Full Tower,50.0,1
155.0,170.0,,,,ATX Mid Tower,15.0,1
68.0,170.0,,,360.0,ATX Mid Tower,102.0,1
158.0,65.0,,,,Mini ITX Tower,-93.0,0
161.0,185.0,,,,ATX Mid Tower,24.0,1
66.0,47.0,120.0,2,240.0,Micro ATX Desktop,-19.0,0
154.0,148.0,,,,Micro ATX Mid Tower,-6.0,0
168.0,160.0,120.0,,,ATX Mid Tower,-8.0,0
157.0,180.5,,,,EATX Mid Tower,23.5,1
165.0,67.0,,,,Mini ITX Tower,-98.0,0
169.0,165.0,120.0,2,,ATX Mid Tower,-4.0,0
165.0,160.0,,,,ATX Mid Tower,-5.0,0
159.0,135.0,,,,Micro ATX Mid Tower,-24.0,0
68.0,145.0,,,240.0,ATX Mid Tower,77.0,1
154.0,68.0,,,,Mini ITX Tower,-86.0,0
47.0,170.0,,,,ATX Mid Tower,123.0,1
52.0,180.0,,,120.0,ATX Full Tower,128.0,1
158.0,170.0,,,,ATX Mid Tower,12.0,1
154.0,160.0,120.0,2,,ATX Mid Tower,6.0,1
157.0,170.0,,,,ATX Mid Tower,13.0,1
162.0,83.0,,,,Mini ITX Tower,-79.0,0
139.0,174.0,,,,ATX Mid Tower,35.0,1
151.0,70.0,,,,HTPC,-81.0,0
165.0,165.0,,,,ATX Mid Tower,0.0,1
101.0,155.0,120.0,3,360.0,ATX Mid Tower,54.0,1
155.0,155.0,120.0,,,ATX Mid Tower,0.0,1
56.0,170.0,,,240.0,ATX Mid Tower,114.0,1
125.0,175.0,,,,Micro ATX Mid Tower,50.0,1
158.0,160.0,,,,ATX Mid Tower,2.0,1
66.0,170.0,,,360.0,Micro ATX Mid Tower,104.0,1
166.0,166.0,,,,ATX Mid Tower,0.0,1
165.0,160.0,,,,Micro ATX Mini Tower,-5.0,0
157.0,160.0,,,,ATX Mid Tower,3.0,1
156.0,187.0,,,,Micro ATX Mid Tower,31.0,1
157.0,155.0,,,,ATX Mid Tower,-2.0,0
148.0,110.0,,,,Mini ITX Tower,-38.0,0
125.0,61.0,,,,Mini ITX Tower,-64.0,0
93.0,70.0,,,,HTPC,-23.0,0
157.0,155.0,,,,ATX Mid Tower,-2.0,0
158.0,166.0,,,,Micro ATX Mini Tower,8.0,1
69.0,70.0,,,360.0,HTPC,1.0,1
89.9,155.0,120.0,3,360.0,Micro ATX Mini Tower,65.1,1
148.0,190.0,120.0,,,ATX Mid Tower,42.0,1
123.0,170.0,120.0,3,360.0,ATX Mid Tower,47.0,1
155.0,180.0,,,,ATX Mid Tower,25.0,1
65.0,170.0,,,360.0,ATX Mid Tower,105.0,1
63.0,165.0,,,240.0,ATX Mid Tower,102.0,1
165.0,160.0,,,,EATX Mid Tower,-5.0,0
28.0,180.0,,,,ATX Mid Tower,152.0,1
154.0,165.0,,,,ATX Mid Tower,11.0,1
166.0,161.0,,,,ATX Mid Tower,-5.0,0
167.0,158.0,,,,ATX Mid Tower,-9.0,0
165.0,165.0,,,,ATX Mid Tower,0.0,1
101.0,170.0,120.0,3,360.0,Micro ATX Mini Tower,69.0,1
155.0,48.0,,,,Mini ITX Tower,-107.0,0
166.0,155.0,120.0,,,ATX Full Tower,-11.0,0
110.0,184.0,,,,ATX Mid Tower,74.0,1
60.0,167.0,,,280.0,ATX Mid Tower,107.0,1
94.0,61.0,120.0,2,240.0,Mini ITX Tower,-33.0,0
80.6,175.0,120.0,3,360.0,ATX Mid Tower,94.4,1
157.0,167.0,,,,ATX Mid Tower,10.0,1
64.0,170.0,,,360.0,ATX Mid Tower,106.0,1
154.0,70.0,,,,HTPC,-84.0,0
156.0,58.0,,,,HTPC,-98.0,0
79.0,67.0,,,360.0,Mini ITX Tower,-12.0,0
153.0,68.0,,,,Mini ITX Tower,-85.0,0
158.0,155.0,,,,ATX Mid Tower,-3.0,0
66.1,167.0,120.0,3,360.0,ATX Full Tower,100.9,1
54.0,157.0,,,120.0,Micro ATX Mini Tower,103.0,1
125.0,168.0,,,,ATX Mid Tower,43.0,1
52.0,180.0,,,360.0,ATX Mid Tower,128.0,1
154.0,160.0,,,,ATX Mid Tower,6.0,1
151.0,70.0,,,,Mini ITX Tower,-81.0,0
136.0,160.0,,,,Mini ITX Tower,24.0,1
160.0,61.0,,,,Mini ITX Tower,-99.0,0
154.0,146.0,,,,HTPC,-8.0,0
159.0,138.0,,,,HTPC,-21.0,0
48.0,190.0,,,240.0,ATX Full Tower,142.0,1
72.0,185.0,120.0,3,360.0,ATX Mid Tower,113.0,1
163.0,160.0,,,,ATX Mid Tower,-3.0,0
162.0,155.0,,,,Micro ATX Mid Tower,-7.0,0
55.0,210.0,,,,Micro ATX Mini Tower,155.0,1
164.0,163.0,,,,ATX Mid Tower,-1.0,0
160.0,156.0,,,,ATX Mid Tower,-4.0,0
139.0,88.2,,,,ATX Mid Tower,-50.8,0
75.0,190.0,,,,ATX Full Tower,115.0,1
143.0,61.0,,,,Mini ITX Tower,-82.0,0
47.0,45.0,,,,Mini ITX Tower,-2.0,0
155.0,85.0,,,,Mini ITX Tower,-70.0,0
171.0,165.0,,,,ATX Mid Tower,-6.0,0
155.0,163.5,120.0,1,,Micro ATX Mid Tower,8.5,1
157.0,58.0,,,,HTPC,-99.0,0
80.6,159.0,120.0,3,360.0,ATX Mid Tower,78.4,1
165.0,160.0,,,,Micro ATX Mid Tower,-5.0,0
137.0,190.0,120.0,3,360.0,ATX Full Tower,53.0,1
101.0,210.0,120.0,2,240.0,ATX Mid Tower,109.0,1
142.0,185.0,,,,ATX Mid Tower,43.0,1
158.0,175.0,,,,ATX Mid Tower,17.0,1
130.0,120.0,,,,Mini ITX Tower,-10.0,0
154.0,61.0,,,,Mini ITX Tower,-93.0,0
59.0,170.0,,,360.0,ATX Mid Tower,111.0,1
160.0,170.0,,,,ATX Mid Tower,10.0,1
166.0,165.0,120.0,,,Micro ATX Mini Tower,-1.0,0
70.0,67.0,,,,Mini ITX Tower,-3.0,0
69.0,167.0,,,360.0,EATX Full Tower,98.0,1
158.0,180.5,,,,EATX Mid Tower,22.5,1
145.0,167.0,,,,ATX Mid Tower,22.0,1
169.0,167.0,,,,ATX Full Tower,-2.0,0
55.0,210.0,,,,Micro ATX Mini Tower,155.0,1
74.0,180.5,,,,EATX Mid Tower,106.5,1
62.0,180.5,120.0,3,360.0,EATX Mid Tower,118.5,1
157.0,77.0,,,,HTPC,-80.0,0
153.0,110.0,,,,Mini ITX Tower,-43.0,0
61.0,185.0,,,,ATX Mid Tower,124.0,1
159.0,120.0,,,,Mini ITX Tower,-39.0,0
15.0,168.0,,,,EATX Mid Tower,153.0,1
155.0,114.0,,,,Mini ITX Tower,-41.0,0
158.0,114.0,,,,Mini ITX Tower,-44.0,0
45.0,165.0,,,,ATX Mid Tower,120.0,1
164.0,156.0,,,,Micro ATX Mini Tower,-8.0,0
108.0,173.0,120.0,3,360.0,ATX Mid Tower,65.0,1
166.0,175.0,,,,ATX Mid Tower,9.0,1
155.0,185.0,,,,ATX Mid Tower,30.0,1
53.0,185.0,94.5,1,,ATX Mid Tower,132.0,1
152.0,65.0,,,,HTPC,-87.0,0
152.0,210.0,,,,Micro ATX Mini Tower,58.0,1
62.0,170.0,,,240.0,Mini ITX Tower,108.0,1
56.0,173.0,,,360.0,ATX Mid Tower,117.0,1
65.0,158.0,,,,Micro ATX Desktop,93.0,1
159.0,177.0,,,,ATX Full Tower,18.0,1
30.0,163.0,120.0,2,240.0,ATX Mid Tower,133.0,1
133.0,175.0,,,,ATX Mid Tower,42.0,1
155.0,68.0,120.0,1,,Mini ITX Tower,-87.0,0
145.0,138.0,,,,HTPC,-7.0,0
153.0,68.0,,,,Mini ITX Tower,-85.0,0
81.0,38.0,,,,Mini ITX Tower,-43.0,0
151.0,182.0,120.0,2,,ATX Mid Tower,31.0,1
160.0,70.0,,,,Mini ITX Tower,-90.0,0
52.0,185.0,120.0,1,120.0,Micro ATX Mid Tower,133.0,1
108.0,170.0,120.0,3,360.0,ATX Mid Tower,62.0,1
161.0,157.0,,,,ATX Mid Tower,-4.0,0
160.0,135.0,,,,Micro ATX Mid Tower,-25.0,0
58.0,57.0,,,240.0,Mini ITX Tower,-1.0,0
155.0,70.0,,,,Mini ITX Tower,-85.0,0
168.0,165.0,120.0,,,ATX Mid Tower,-3.0,0
52.0,179.0,120.0,3,360.0,ATX Mid Tower,127.0,1
160.0,82.0,,,,Mini ITX Tower,-78.0,0
143.0,210.0,,,,Micro ATX Mini Tower,67.0,1
56.0,193.0,,,,ATX Full Tower,137.0,1
154.0,145.0,,,,ATX Mid Tower,-9.0,0
159.0,77.0,,,,Mini ITX Tower,-82.0,0
154.0,166.0,,,,Micro ATX Mini Tower,12.0,1
67.0,135.0,,,360.0,Micro ATX Mid Tower,68.0,1
68.0,167.0,,,420.0,ATX Mid Tower,99.0,1
118.0,47.0,120.0,3,360.0,Micro ATX Desktop,-71.0,0
163.0,155.0,,,,ATX Mid Tower,-8.0,0
152.0,160.0,,,,ATX Mid Tower,8.0,1
122.0,180.0,,,,ATX Mid Tower,58.0,1
160.0,67.0,,,,Mini ITX Tower,-93.0,0
154.0,210.0,,,,Micro ATX Mini Tower,56.0,1
148.0,77.0,,,,HTPC,-71.0,0
165.0,163.0,,,,ATX Mid Tower,-2.0,0
156.0,150.0,,,,ATX Mid Tower,-6.0,0
164.0,156.0,,,,ATX Mid Tower,-8.0,0
125.0,81.0,,,,Micro ATX Slim Tower,-44.0,0
154.0,163.0,,,,ATX Mid Tower,9.0,1
137.0,165.0,,,,Micro ATX Mini Tower,28.0,1
160.0,155.0,120.0,1,,ATX Mid Tower,-5.0,0
159.0,158.0,,,,Micro ATX Desktop,-1.0,0
141.0,70.0,,,,Mini ITX Tower,-71.0,0
77.0,169.0,,,,ATX Mid Tower,92.0,1
157.0,145.0,120.0,2,,ATX Mid Tower,-12.0,0
158.0,180.0,,,,ATX Mid Tower,22.0,1
125.0,75.0,120.0,3,360.0,Mini ITX Tower,-50.0,0
172.0,160.0,,,,ATX Mid Tower,-12.0,0
80.0,70.0,120.0,2,240.0,Mini ITX Tower,-10.0,0
157.0,167.0,,,,ATX Mid Tower,10.0,1
160.0,155.0,,,,Micro ATX Mini Tower,-5.0,0
52.0,150.0,,,120.0,Mini ITX Tower,98.0,1
110.0,165.0,,,,ATX Mid Tower,55.0,1
163.0,160.0,120.0,,,Micro ATX Mini Tower,-3.0,0
52.0,200.0,,,120.0,Mini ITX Tower,148.0,1
123.0,165.0,100.0,1,,ATX Mid Tower,42.0,1
155.0,70.0,,,,Mini ITX Tower,-85.0,0
165.0,160.0,,,,ATX Mid Tower,-5.0,0
155.0,70.0,120.0,,,Mini ITX Tower,-85.0,0
157.0,185.0,,,,ATX Mid Tower,28.0,1
155.0,61.0,120.0,2,,Mini ITX Tower,-94.0,0
156.0,75.0,,,,Micro ATX Mini Tower,-81.0,0
155.0,170.0,,,,Mini ITX Tower,15.0,1
65.0,167.0,,,360.0,EATX Mid Tower,102.0,1
165.0,160.0,,,,ATX Mini Tower,-5.0,0
154.0,170.0,,,,Micro ATX Mini Tower,16.0,1
136.0,57.0,,,,Mini ITX Tower,-79.0,0
156.0,68.0,,,,Mini ITX Tower,-88.0,0
143.0,82.0,,,,Micro ATX Mid Tower,-61.0,0
75.0,65.0,120.0,2,240.0,Mini ITX Tower,-10.0,0
160.0,185.0,,,,ATX Mid Tower,25.0,1
148.0,166.0,120.0,,,ATX Mid Tower,18.0,1
100.0,175.0,,,,EATX Full Tower,75.0,1
30.0,120.0,,,,Mini ITX Tower,90.0,1
75.0,180.0,,,,ATX Mid Tower,105.0,1
170.0,165.0,,,,ATX Mid Tower,-5.0,0
149.0,193.0,,,,ATX Full Tower,44.0,1
159.0,68.0,,,,Mini ITX Tower,-91.0,0
153.0,75.0,120.0,1,,Mini ITX Tower,-78.0,0
161.0,151.0,,,,Micro ATX Mini Tower,-10.0,0
148.0,175.0,120.0,,,ATX Mid Tower,27.0,1
165.0,166.0,,,,ATX Full Tower,1.0,1
160.0,160.0,,,,EATX Mid Tower,0.0,1
165.0,180.0,,,,ATX Mid Tower,15.0,1
163.0,170.0,,,,ATX Mid Tower,7.0,1
125.0,70.0,,,240.0,HTPC,-55.0,0
155.0,168.0,120.0,,,ATX Mid Tower,13.0,1
166.0,157.0,,,,ATX Mid Tower,-9.0,0
112.0,50.0,,,,Mini ITX Tower,-62.0,0
164.0,160.0,,,,ATX Mid Tower,-4.0,0
156.0,210.0,,,,Micro ATX Mini Tower,54.0,1
69.0,170.0,120.0,,360.0,ATX Mid Tower,101.0,1
42.0,195.0,,,240.0,ATX Full Tower,153.0,1
158.0,140.0,,,,Mini ITX Tower,-18.0,0
162.0,160.0,,,,ATX Mid Tower,-2.0,0
60.0,164.0,,,240.0,Micro ATX Mini Tower,104.0,1
151.0,165.0,,,,ATX Mid Tower,14.0,1
160.0,156.0,,,,Micro ATX Mid Tower,-4.0,0
158.0,145.0,,,,ATX Mid Tower,-13.0,0
137.0,176.0,120.0,,360.0,ATX Mid Tower,39.0,1
155.0,138.0,,,,HTPC,-17.0,0
150.0,180.0,,,,ATX Mid Tower,30.0,1
77.0,160.0,,,,ATX Mid Tower,83.0,1
73.0,160.0,120.0,3,360.0,ATX Mid Tower,87.0,1
157.0,170.0,120.0,2,,ATX Mid Tower,13.0,1
154.0,140.0,,,,Mini ITX Tower,-14.0,0
53.0,50.0,,,360.0,Mini ITX Tower,-3.0,0
30.0,67.0,120.0,2,360.0,Mini ITX Tower,37.0,1
154.0,150.0,,,,Micro ATX Mini Tower,-4.0,0
144.0,190.0,,,,ATX Mid Tower,46.0,1
159.0,162.0,,,,ATX Mid Tower,3.0,1
54.0,150.0,,,,Micro ATX Mid Tower,96.0,1
48.0,174.0,,,,ATX Mid Tower,126.0,1
125.0,61.0,,,,Mini ITX Tower,-64.0,0
155.0,85.0,,,,Mini ITX Tower,-70.0,0
159.0,150.0,120.0,1,,Micro ATX Mid Tower,-9.0,0
123.0,70.0,,,,Mini ITX Tower,-53.0,0
58.0,70.0,,,,Mini ITX Tower,12.0,1
158.0,174.0,,,,ATX Mid Tower,16.0,1
120.0,181.0,,,,ATX Mid Tower,61.0,1
70.0,160.0,,,,ATX Mid Tower,90.0,1
157.0,151.0,,,,Micro ATX Mini Tower,-6.0,0
163.0,162.0,,,,ATX Mid Tower,-1.0,0
38.0,190.0,,,360.0,EATX Mid Tower,152.0,1
154.0,170.0,,,,ATX Mid Tower,16.0,1
163.0,67.0,,,,Mini ITX Tower,-96.0,0
154.0,140.0,,,,Mini ITX Tower,-14.0,0
67.0,180.0,,,,ATX Mid Tower,113.0,1
160.0,170.0,,,,Micro ATX Desktop,10.0,1
160.0,158.0,,,,ATX Mid Tower,-2.0,0
169.0,167.0,,,,Micro ATX Mini Tower,-2.0,0
157.0,140.0,,,,Micro ATX Mini Tower,-17.0,0
165.0,163.5,120.0,2,,Micro ATX Mid Tower,-1.5,0
150.0,140.0,,,,Mini ITX Tower,-10.0,0
52.0,165.0,,,120.0,ATX Mid Tower,113.0,1
63.0,159.0,,,,ATX Mid Tower,96.0,1
159.0,150.0,,,,ATX Mid Tower,-9.0,0
155.0,190.0,,,,ATX Mid Tower,35.0,1
165.0,160.0,,,,ATX Mini Tower,-5.0,0
25.0,195.0,,,,ATX Full Tower,170.0,1
62.0,165.0,,,360.0,ATX Mid Tower,103.0,1
77.7,68.0,120.0,3,360.0,Mini ITX Tower,-9.7,0
68.0,164.0,,,240.0,Micro ATX Desktop,96.0,1
64.0,57.0,,,,Micro ATX Desktop,-7.0,0
67.0,167.0,,,,Micro ATX Mini Tower,100.0,1
127.0,140.0,100.0,2,,Mini ITX Tower,13.0,1
158.0,187.0,,,,ATX Mid Tower,29.0,1
116.0,185.0,120.0,3,360.0,ATX Mid Tower,69.0,1
63.0,170.0,,,,ATX Mid Tower,107.0,1
32.0,175.0,,,,EATX Full Tower,143.0,1
65.0,50.0,,,360.0,Mini ITX Tower,-15.0,0
165.0,160.0,,,,ATX Mini Tower,-5.0,0
132.0,210.0,,,,Mini ITX Tower,78.0,1
69.0,185.0,120.0,2,240.0,ATX Mid Tower,116.0,1
160.0,140.0,,,,Mini ITX Tower,-20.0,0
123.0,47.0,,,,Micro ATX Desktop,-76.0,0
135.0,165.0,,,,ATX Mid Tower,30.0,1
156.0,190.0,,,,ATX Mid Tower,34.0,1
154.0,170.0,,,,ATX Mid Tower,16.0,1
156.0,170.0,,,,ATX Mid Tower,14.0,1
150.0,162.0,,,,ATX Mid Tower,12.0,1
165.0,161.0,,,,ATX Mid Tower,-4.0,0
164.0,135.0,,,,Micro ATX Mid Tower,-29.0,0
154.0,178.0,,,,ATX Mid Tower,24.0,1
165.0,160.0,,,,ATX Mid Tower,-5.0,0
153.0,175.0,120.0,1,,ATX Mid Tower,22.0,1
167.0,165.0,,,,ATX Mid Tower,-2.0,0
131.0,75.0,,,,Micro ATX Mini Tower,-56.0,0
125.0,58.0,120.0,,,HTPC,-67.0,0
65.0,165.0,,,,Micro ATX Mini Tower,100.0,1
145.0,175.0,,,,ATX Mid Tower,30.0,1
136.0,58.0,,,,HTPC,-78.0,0
160.0,146.0,,,,ATX Mid Tower,-14.0,0
158.0,184.0,,,,ATX Mid Tower,26.0,1
159.0,155.0,,,,ATX Mid Tower,-4.0,0
163.0,61.0,,,,Mini ITX Tower,-102.0,0
161.0,58.0,120.0,3,360.0,HTPC,-103.0,0
65.0,180.0,420.0,1,420.0,ATX Mid Tower,115.0,1
163.0,160.0,,,,ATX Mid Tower,-3.0,0
58.0,170.0,,,360.0,ATX Mid Tower,112.0,1
166.0,185.0,120.0,,,EATX Mid Tower,19.0,1
124.0,170.0,,,,ATX Mid Tower,46.0,1
160.0,169.0,,,,ATX Mid Tower,9.0,1
172.0,160.0,,,,ATX Mid Tower,-12.0,0
123.0,169.0,,,,ATX Mid Tower,46.0,1
57.0,160.0,,,240.0,ATX Mid Tower,103.0,1
154.0,161.0,,,,ATX Mid Tower,7.0,1
158.0,175.0,,,,EATX Full Tower,17.0,1
158.0,58.0,,,,HTPC,-100.0,0
165.0,170.0,,,,ATX Mid Tower,5.0,1
162.0,159.0,,,,Micro ATX Mid Tower,-3.0,0
65.0,185.0,,,,ATX Mid Tower,120.0,1
158.0,165.0,,,,EATX Mid Tower,7.0,1
156.0,135.0,,,,Micro ATX Mid Tower,-21.0,0
62.0,163.0,120.0,3,360.0,ATX Mid Tower,101.0,1
162.0,90.0,,,,Micro ATX Desktop,-72.0,0
136.0,47.0,,,,Micro ATX Desktop,-89.0,0
160.0,82.0,,,,Micro ATX Desktop,-78.0,0
118.0,170.0,,,,ATX Mid Tower,52.0,1
110.0,198.0,,,,ATX Full Tower,88.0,1
154.0,173.0,,,,Micro ATX Mini Tower,19.0,1
163.0,70.0,,,,Mini ITX Tower,-93.0,0
165.0,160.0,,,,Micro ATX Mini Tower,-5.0,0
26.0,182.0,,,,ATX Full Tower,156.0,1
157.0,155.0,,,,ATX Mid Tower,-2.0,0
141.0,81.0,,,,Micro ATX Slim Tower,-60.0,0
137.0,165.0,,,,ATX Mid Tower,28.0,1
161.0,260.0,,,,EATX Full Tower,99.0,1
154.0,88.2,,,,ATX Mid Tower,-65.8,0
170.0,160.0,,,,Micro ATX Mini Tower,-10.0,0
136.0,85.0,,,,Mini ITX Tower,-51.0,0
47.6,165.0,120.0,2,240.0,ATX Mid Tower,117.4,1
37.0,169.0,,,,ATX Mid Tower,132.0,1
154.0,193.0,,,,ATX Full Tower,39.0,1
60.0,165.0,,,,ATX Mid Tower,105.0,1
160.0,195.0,,,,ATX Full Tower,35.0,1
155.0,67.0,,,,Mini ITX Tower,-88.0,0
155.0,70.0,,,,HTPC,-85.0,0
59.0,175.0,,,360.0,EATX Full Tower,116.0,1
165.0,180.0,120.0,2,,ATX Mid Tower,15.0,1
135.0,165.0,120.0,1,,ATX Mid Tower,30.0,1
155.0,174.0,,,,ATX Mid Tower,19.0,1
168.0,190.0,,,,ATX Full Tower,22.0,1
157.0,155.0,,,,Micro ATX Mini Tower,-2.0,0
160.0,163.0,,,,ATX Mid Tower,3.0,1
161.0,81.0,120.0,3,360.0,Micro ATX Slim Tower,-80.0,0
165.0,190.0,,,,ATX Mid Tower,25.0,1
71.0,160.0,,,,ATX Mid Tower,89.0,1
160.0,70.0,,,,Mini ITX Tower,-90.0,0
53.0,174.0,120.0,3,360.0,ATX Mid Tower,121.0,1
91.0,65.0,120.0,3,360.0,Mini ITX Tower,-26.0,0
62.0,180.0,,,240.0,ATX Full Tower,118.0,1
108.0,68.0,120.0,3,360.0,Mini ITX Tower,-40.0,0
152.0,175.0,,,,ATX Mid Tower,23.0,1
125.0,70.0,,,240.0,Micro ATX Desktop,-55.0,0
70.0,68.0,,,,Mini ITX Tower,-2.0,0
66.0,167.0,120.0,3,360.0,Micro ATX Mini Tower,101.0,1
125.0,70.0,,,240.0,HTPC,-55.0,0
137.0,55.0,,,,Mini ITX Tower,-82.0,0
161.0,151.0,,,,ATX Mid Tower,-10.0,0
163.0,138.0,,,,HTPC,-25.0,0
160.0,155.0,120.0,2,,ATX Mid Tower,-5.0,0
162.0,114.0,,,,Mini ITX Tower,-48.0,0
65.0,83.0,,,360.0,Mini ITX Tower,18.0,1
155.0,70.0,,,,Mini ITX Tower,-85.0,0
150.0,85.0,,,,Mini ITX Tower,-65.0,0
148.0,77.0,,,,Mini ITX Tower,-71.0,0
81.0,70.0,,,,HTPC,-11.0,0
158.0,61.0,,,,Mini ITX Tower,-97.0,0
148.0,166.0,,,,Micro ATX Mini Tower,18.0,1
53.0,175.0,120.0,3,360.0,ATX Mid Tower,122.0,1
150.0,83.0,,,,Mini ITX Tower,-67.0,0
159.0,173.0,120.0,1,,ATX Mid Tower,14.0,1
158.0,68.0,,,,Mini ITX Tower,-90.0,0
152.0,150.0,,,,Micro ATX Mid Tower,-2.0,0
158.0,70.0,,,,Mini ITX Tower,-88.0,0
165.0,170.0,120.0,2,,ATX Mid Tower,5.0,1
160.0,180.0,,,,ATX Mid Tower,20.0,1
65.0,170.0,,,,EATX Full Tower,105.0,1
159.0,180.0,120.0,1,,ATX Mid Tower,21.0,1
65.0,185.0,,,360.0,ATX Mid Tower,120.0,1
152.0,120.0,,,,Mini ITX Tower,-32.0,0
158.0,157.0,,,,Micro ATX Mini Tower,-1.0,0
66.0,70.0,,,360.0,Mini ITX Tower,4.0,1
67.0,180.0,,,,ATX Mid Tower,113.0,1
155.0,57.0,,,,Mini ITX Tower,-98.0,0
160.0,57.0,,,,Micro ATX Desktop,-103.0,0
153.0,58.0,,,,HTPC,-95.0,0
78.0,172.0,120.0,3,360.0,ATX Mid Tower,94.0,1
154.0,140.0,,,,Mini ITX Tower,-14.0,0
159.0,151.0,,,,Micro ATX Mini Tower,-8.0,0
159.0,158.0,120.0,1,,Micro ATX Desktop,-1.0,0
155.0,200.0,,,,Mini ITX Tower,45.0,1
161.0,160.0,,,,ATX Mid Tower,-1.0,0
60.0,55.0,,,,Mini ITX Tower,-5.0,0
85.0,175.0,,,360.0,ATX Mid Tower,90.0,1
155.0,68.0,,,,Mini ITX Tower,-87.0,0
125.0,70.0,,,,HTPC,-55.0,0
153.0,179.0,,,,ATX Mid Tower,26.0,1
28.0,183.0,,,,ATX Mid Tower,155.0,1
65.0,164.0,,,360.0,ATX Mid Tower,99.0,1
155.0,114.0,120.0,1,,Mini ITX Tower,-41.0,0
59.0,164.0,,,360.0,ATX Mid Tower,105.0,1
69.0,187.0,,,360.0,ATX Mid Tower,118.0,1
56.0,178.0,120.0,3,360.0,ATX Mid Tower,122.0,1
70.0,57.0,,,360.0,Mini ITX Tower,-13.0,0
75.0,164.0,,,,ATX Mid Tower,89.0,1
45.0,175.0,,,,EATX Full Tower,130.0,1
150.0,82.0,,,,Micro ATX Mini Tower,-68.0,0
82.0,160.0,,,,ATX Mid Tower,78.0,1
150.0,82.0,,,,Mini ITX Tower,-68.0,0
125.0,160.0,120.0,3,360.0,ATX Mid Tower,35.0,1
155.0,175.0,,,,ATX Mid Tower,20.0,1
157.0,160.0,,,,ATX Mid Tower,3.0,1
68.0,180.0,,,240.0,ATX Mid Tower,112.0,1
131.0,166.0,,,,ATX Mid Tower,35.0,1
158.0,67.0,,,,Mini ITX Tower,-91.0,0
157.0,95.0,,,,ATX Mid Tower,-62.0,0
161.0,160.0,,,,ATX Mid Tower,-1.0,0
39.0,180.0,,,,ATX Mid Tower,141.0,1
155.0,160.0,,,,ATX Mid Tower,5.0,1
136.0,190.0,,,,ATX Mid Tower,54.0,1
160.0,85.0,,,,Mini ITX Tower,-75.0,0
167.0,164.0,,,,ATX Mid Tower,-3.0,0
155.0,70.0,,,,Mini ITX Tower,-85.0,0
170.0,164.0,,,,ATX Mid Tower,-6.0,0
158.0,68.0,120.0,2,,Mini ITX Tower,-90.0,0
64.0,157.0,,,,Micro ATX Mini Tower,93.0,1
36.0,163.0,,,,ATX Mid Tower,127.0,1
133.0,180.0,,,,ATX Mid Tower,47.0,1
51.0,190.0,,,420.0,ATX Full Tower,139.0,1
158.0,163.5,,,,Micro ATX Mini Tower,5.5,1
78.0,163.5,,,360.0,Micro ATX Mid Tower,85.5,1
157.0,156.0,140.0,2,280.0,ATX Mid Tower,-1.0,0
154.0,45.0,,,,Mini ITX Tower,-109.0,0
166.0,163.0,120.0,,,ATX Mid Tower,-3.0,0
160.0,159.0,,,,Micro ATX Mini Tower,-1.0,0
161.0,88.2,,,,ATX Mid Tower,-72.8,0
48.0,165.0,,,,ATX Mid Tower,117.0,1
151.0,180.0,,,,ATX Mid Tower,29.0,1
55.0,38.0,,,360.0,Mini ITX Tower,-17.0,0
135.0,65.0,,,,HTPC,-70.0,0
155.0,160.0,,,,ATX Mid Tower,5.0,1
125.0,75.0,,,,Micro ATX Mini Tower,-50.0,0
163.0,140.0,,,,Mini ITX Tower,-23.0,0
135.0,120.0,,,,Mini ITX Tower,-15.0,0
158.0,150.0,,,,Micro ATX Mid Tower,-8.0,0
158.0,190.0,,,,ATX Mid Tower,32.0,1
68.0,61.0,,,240.0,Mini ITX Tower,-7.0,0
150.0,83.0,,,,Mini ITX Tower,-67.0,0
107.0,165.0,120.0,3,360.0,ATX Mid Tower,58.0,1
42.0,158.0,,,240.0,ATX Mid Tower,116.0,1
158.0,183.0,,,,ATX Mid Tower,25.0,1
155.0,81.0,,,,Micro ATX Slim Tower,-74.0,0
165.0,170.0,120.0,2,,ATX Mid Tower,5.0,1
125.0,61.0,,,,Mini ITX Tower,-64.0,0
165.0,158.0,,,,ATX Mid Tower,-7.0,0
155.0,120.0,,,,Mini ITX Tower,-35.0,0
159.0,47.0,,,,Micro ATX Desktop,-112.0,0
150.0,67.0,,,,Mini ITX Tower,-83.0,0
157.0,155.0,,,,Micro ATX Mini Tower,-2.0,0
154.0,185.0,,,,ATX Mid Tower,31.0,1
130.0,82.0,,,,Mini ITX Tower,-48.0,0
161.0,150.0,,,,ATX Mid Tower,-11.0,0
123.0,170.0,92.0,1,,ATX Mid Tower,47.0,1
155.0,82.0,,,,Micro ATX Desktop,-73.0,0
154.0,70.0,,,,Mini ITX Tower,-84.0,0
150.0,61.0,,,,Mini ITX Tower,-89.0,0
160.0,191.0,,,,ATX Full Tower,31.0,1
160.0,135.0,,,,Micro ATX Mid Tower,-25.0,0
159.0,145.0,,,,ATX Mid Tower,-14.0,0
60.0,160.0,,,360.0,ATX Mid Tower,100.0,1
158.0,155.0,,,,Mini ITX Tower,-3.0,0
157.0,190.0,,,,ATX Full Tower,33.0,1
135.0,185.0,,,,ATX Mid Tower,50.0,1
160.0,150.0,,,,Micro ATX Mid Tower,-10.0,0
42.0,175.0,,,120.0,ATX Mid Tower,133.0,1
169.0,164.0,,,,Micro ATX Mini Tower,-5.0,0
160.0,156.0,,,,ATX Mid Tower,-4.0,0
76.0,200.0,,,,ATX Full Tower,124.0,1
158.0,50.0,120.0,1,,Mini ITX Tower,-108.0,0
102.0,167.0,120.0,3,360.0,ATX Mid Tower,65.0,1
158.0,165.0,,,,ATX Mid Tower,7.0,1
160.0,170.0,,,,ATX Mid Tower,10.0,1
167.0,70.0,,,,Micro ATX Desktop,-97.0,0
145.0,70.0,,,,Mini ITX Tower,-75.0,0
78.0,85.0,,,,Mini ITX Tower,7.0,1
71.0,65.0,,,,Mini ITX Tower,-6.0,0
154.0,187.0,,,,ATX Mid Tower,33.0,1
53.0,167.0,,,360.0,EATX Full Tower,114.0,1
172.0,165.0,,,,Mini ITX Tower,-7.0,0
158.0,155.0,,,,Micro ATX Mini Tower,-3.0,0
75.0,70.0,120.0,3,360.0,Micro ATX Desktop,-5.0,0
160.0,157.0,,,,ATX Mid Tower,-3.0,0
160.0,165.0,,,,ATX Mid Tower,5.0,1
54.0,165.0,,,240.0,ATX Mid Tower,111.0,1
110.0,165.0,,,,ATX Mid Tower,55.0,1
160.0,140.0,,,,Mini ITX Tower,-20.0,0
160.0,175.0,,,,Micro ATX Mid Tower,15.0,1
160.0,156.0,,,,Micro ATX Mini Tower,-4.0,0
397.0,188.0,120.0,3,360.0,EATX Mid Tower,-209.0,0
165.0,160.0,,,,ATX Mid Tower,-5.0,0
125.0,175.0,,,,ATX Mid Tower,50.0,1
147.0,190.0,,,,ATX Mid Tower,43.0,1
168.0,165.0,,,,ATX Mid Tower,-3.0,0
158.0,61.0,,,,Mini ITX Tower,-97.0,0
150.0,58.0,,,,HTPC,-92.0,0
150.0,50.0,,,,Mini ITX Tower,-100.0,0
161.0,70.0,,,,Mini ITX Tower,-91.0,0
165.0,157.0,,,,Micro ATX Mini Tower,-8.0,0
165.0,160.0,,,,ATX Mid Tower,-5.0,0
165.0,172.0,,,,ATX Mid Tower,7.0,1
155.0,83.0,,,,Mini ITX Tower,-72.0,0
167.0,165.0,,,,ATX Mid Tower,-2.0,0
89.9,180.0,120.0,3,360.0,ATX Mid Tower,90.1,1
136.0,170.0,,,,ATX Mid Tower,34.0,1
160.0,165.0,,,,ATX Mid Tower,5.0,1
62.0,48.0,,,240.0,Mini ITX Tower,-14.0,0
150.0,180.0,,,,ATX Mid Tower,30.0,1
155.0,140.0,,,,Mini ITX Tower,-15.0,0
64.24,175.0,120.0,3,360.0,ATX Mid Tower,110.76,1
66.0,155.0,,,,Micro ATX Mini Tower,89.0,1
56.0,70.0,,,280.0,Mini ITX Tower,14.0,1
169.0,83.0,,,,Mini ITX Tower,-86.0,0
165.0,145.0,,,,ATX Mid Tower,-20.0,0
65.0,175.0,420.0,1,420.0,ATX Mid Tower,110.0,1
169.0,70.0,,,,Mini ITX Tower,-99.0,0
48.0,170.0,,,120.0,ATX Full Tower,122.0,1
118.0,160.0,120.0,3,360.0,ATX Mid Tower,42.0,1
61.0,190.0,,,,ATX Full Tower,129.0,1
154.0,160.0,,,,ATX Mid Tower,6.0,1
82.0,61.0,,3,360.0,Mini ITX Tower,-21.0,0
142.0,65.0,,,,Mini ITX Tower,-77.0,0
94.0,166.0,120.0,3,360.0,ATX Mid Tower,72.0,1
160.0,210.0,,,,ATX Mid Tower,50.0,1
148.0,77.0,,,,Mini ITX Tower,-71.0,0
150.0,145.0,,,,ATX Mid Tower,-5.0,0
158.0,61.0,,,,Mini ITX Tower,-97.0,0
163.0,156.0,120.0,,,ATX Mid Tower,-7.0,0
159.0,150.0,,,,ATX Mid Tower,-9.0,0
148.0,61.0,,,,Mini ITX Tower,-87.0,0
57.0,165.0,,,360.0,ATX Mid Tower,108.0,1
165.0,70.0,,,,Mini ITX Tower,-95.0,0
162.0,175.0,,,,ATX Mid Tower,13.0,1
154.0,170.0,,,,ATX Mid Tower,16.0,1
158.0,195.0,,,,ATX Mid Tower,37.0,1
66.0,185.0,,,360.0,ATX Mid Tower,119.0,1
154.0,162.0,,,,ATX Mid Tower,8.0,1
150.0,135.0,,,,Micro ATX Mid Tower,-15.0,0
66.0,180.0,,,360.0,ATX Mid Tower,114.0,1
154.0,200.0,,,,Mini ITX Tower,46.0,1
165.0,170.0,,,,ATX Mid Tower,5.0,1
137.0,70.0,,,,HTPC,-67.0,0
161.0,135.0,,,,Micro ATX Mid Tower,-26.0,0
84.0,175.0,360.0,3,360.0,ATX Mid Tower,91.0,1
160.0,170.0,,,,ATX Mid Tower,10.0,1
150.0,45.0,,,,Mini ITX Tower,-105.0,0
158.0,178.0,,,,ATX Mid Tower,20.0,1
159.0,83.0,,,,Mini ITX Tower,-76.0,0
150.0,210.0,,,,ATX Mid Tower,60.0,1
158.0,151.0,,,,ATX Mid Tower,-7.0,0
159.0,95.0,120.0,1,,ATX Mid Tower,-64.0,0
163.0,158.0,,,,ATX Mid Tower,-5.0,0
157.0,200.0,,,,Mini ITX Tower,43.0,1
73.0,70.0,,,,Mini ITX Tower,-3.0,0
150.0,55.0,,,,Mini ITX Tower,-95.0,0
162.0,168.0,,,,ATX Mid Tower,6.0,1
158.0,150.0,,,,ATX Mid Tower,-8.0,0
150.0,170.0,,,,ATX Mid Tower,20.0,1
165.0,150.0,,,,ATX Mid Tower,-15.0,0
154.0,70.0,,,,HTPC,-84.0,0
68.0,166.0,,,,ATX Mid Tower,98.0,1
151.0,165.0,,,,Micro ATX Mini Tower,14.0,1
72.0,160.0,,,,ATX Mid Tower,88.0,1
158.0,61.0,,,,Mini ITX Tower,-97.0,0
153.0,83.0,,,,Mini ITX Tower,-70.0,0
64.4,180.0,120.0,3,360.0,HTPC,115.6,1
163.0,140.0,,,,Mini ITX Tower,-23.0,0
165.0,160.0,,,,ATX Mid Tower,-5.0,0
159.0,173.0,,,,ATX Mid Tower,14.0,1
169.0,168.0,,,,EATX Mid Tower,-1.0,0
159.0,70.0,,,,Mini ITX Tower,-89.0,0
186.0,95.0,120.0,3,360.0,ATX Mid Tower,-91.0,0
108.0,75.0,120.0,3,360.0,Micro ATX Mini Tower,-33.0,0
58.0,185.0,,,360.0,ATX Mid Tower,127.0,1
159.0,75.0,,,,Micro ATX Mini Tower,-84.0,0
130.0,70.0,,,,Mini ITX Tower,-60.0,0
69.0,58.0,,,360.0,HTPC,-11.0,0
130.0,57.0,,,,Micro ATX Desktop,-73.0,0
158.0,155.0,,,,ATX Mid Tower,-3.0,0
171.0,168.0,,,,EATX Mid Tower,-3.0,0
54.0,185.0,120.0,2,240.0,ATX Mid Tower,131.0,1
152.0,167.0,,,,EATX Full Tower,15.0,1
114.0,180.0,,,,ATX Mid Tower,66.0,1
159.0,47.0,,,,Micro ATX Desktop,-112.0,0
157.0,150.0,,,,Micro ATX Mid Tower,-7.0,0
165.0,140.0,,,,Mini ITX Tower,-25.0,0
94.0,180.0,240.0,2,240.0,ATX Mid Tower,86.0,1
66.0,180.0,,,360.0,ATX Mid Tower,114.0,1
154.0,167.0,,,,Micro ATX Mini Tower,13.0,1
158.0,155.0,,,,ATX Mid Tower,-3.0,0
153.0,90.0,,,,Micro ATX Desktop,-63.0,0
160.0,57.0,,,,Mini ITX Tower,-103.0,0
152.0,155.0,,,,Micro ATX Mid Tower,3.0,1
86.4,170.0,120.0,3,360.0,ATX Mid Tower,83.6,1
151.0,130.0,120.0,2,,Mini ITX Tower,-21.0,0
60.0,170.0,,,280.0,ATX Mid Tower,110.0,1
155.0,154.0,,,,Micro ATX Mid Tower,-1.0,0
130.0,185.0,,,,ATX Mid Tower,55.0,1
52.0,50.0,140.0,2,280.0,Mini ITX Tower,-2.0,0
186.0,167.0,120.0,3,360.0,Micro ATX Mini Tower,-19.0,0
154.0,170.0,,,,ATX Mid Tower,16.0,1
155.0,151.0,,,,Micro ATX Mini Tower,-4.0,0
397.0,167.0,120.0,3,360.0,ATX Mid Tower,-230.0,0
164.0,160.0,,,,Micro ATX Mini Tower,-4.0,0
70.0,38.0,,,,Mini ITX Tower,-32.0,0
155.0,83.0,,,,Mini ITX Tower,-72.0,0
154.0,160.0,,,,ATX Mid Tower,6.0,1
136.0,55.0,,,,Mini ITX Tower,-81.0,0
68.0,65.0,,,360.0,Micro ATX Mini Tower,-3.0,0
163.0,165.0,,,,ATX Full Tower,2.0,1
160.0,156.0,,,,ATX Mid Tower,-4.0,0
163.0,160.0,,,,ATX Mid Tower,-3.0,0
55.0,165.0,120.0,2,240.0,Micro ATX Mini Tower,110.0,1
126.0,67.0,,,,Mini ITX Tower,-59.0,0
124.0,183.0,,,,ATX Mid Tower,59.0,1
94.0,170.0,100.0,1,,ATX Mid Tower,76.0,1
158.0,279.0,,,,ATX Mid Tower,121.0,1
155.0,110.0,120.0,1,,Mini ITX Tower,-45.0,0
152.0,170.0,,,,ATX Mid Tower,18.0,1
158.0,155.0,,,,Mini ITX Tower,-3.0,0
154.0,182.0,,,,ATX Full Tower,28.0,1
70.0,183.0,,,,ATX Mid Tower,113.0,1
72.0,159.0,120.0,3,360.0,Micro ATX Mini Tower,87.0,1
54.0,172.0,120.0,2,240.0,ATX Mid Tower,118.0,1
160.0,170.0,,,,ATX Mid Tower,10.0,1
160.0,157.0,,,,Micro ATX Mini Tower,-3.0,0
157.0,178.0,,,,ATX Mid Tower,21.0,1
154.0,169.0,,,,ATX Full Tower,15.0,1
155.0,185.0,,,,ATX Mid Tower,30.0,1
155.0,75.0,120.0,2,,Mini ITX Tower,-80.0,0
52.0,165.0,140.0,2,280.0,Micro ATX Mini Tower,113.0,1
161.0,68.0,120.0,2,,Mini ITX Tower,-93.0,0
154.0,70.0,,,,HTPC,-84.0,0
160.0,170.0,,,,ATX Mid Tower,10.0,1
81.0,170.0,120.0,3,360.0,ATX Mid Tower,89.0,1
130.0,193.0,,,,ATX Full Tower,63.0,1
154.0,165.0,,,,Mini ITX Tower,11.0,1
157.0,180.5,,,,EATX Mid Tower,23.5,1
65.0,180.0,,,360.0,ATX Mid Tower,115.0,1
55.0,157.0,,,240.0,Micro ATX Mini Tower,102.0,1
142.0,48.0,,,,Mini ITX Tower,-94.0,0
158.0,160.0,,,,ATX Mid Tower,2.0,1
150.0,185.0,,,,ATX Mid Tower,35.0,1
165.0,155.0,,,,Micro ATX Mid Tower,-10.0,0
166.0,163.0,120.0,,,ATX Mid Tower,-3.0,0
159.0,110.0,,,,Mini ITX Tower,-49.0,0
157.0,155.0,,,,ATX Mid Tower,-2.0,0
139.0,82.0,,,,Micro ATX Desktop,-57.0,0
154.0,210.0,,,,ATX Mid Tower,56.0,1
54.0,160.0,,,420.0,ATX Mid Tower,106.0,1
162.0,160.0,,,,ATX Mid Tower,-2.0,0
165.0,67.0,,,,Mini ITX Tower,-98.0,0
163.0,140.0,120.0,,,Mini ITX Tower,-23.0,0
143.0,172.0,,,,ATX Mid Tower,29.0,1
155.0,83.0,,,,Mini ITX Tower,-72.0,0
123.0,55.0,,,,Mini ITX Tower,-68.0,0
186.0,165.0,120.0,3,360.0,Micro ATX Mini Tower,-21.0,0
158.0,68.0,,,,Mini ITX Tower,-90.0,0
165.0,160.0,,,,EATX Mid Tower,-5.0,0
159.0,165.0,,,,ATX Mid Tower,6.0,1
68.0,182.0,,,360.0,ATX Full Tower,114.0,1
65.0,173.0,120.0,2,240.0,ATX Mid Tower,108.0,1
36.0,185.0,92.0,1,,ATX Mid Tower,149.0,1
158.0,154.0,,,,Micro ATX Mid Tower,-4.0,0
51.0,170.0,90.0,1,,ATX Mid Tower,119.0,1
154.0,120.0,,,,Mini ITX Tower,-34.0,0
159.0,155.0,,,,Micro ATX Mid Tower,-4.0,0
152.0,175.0,,,,ATX Mid Tower,23.0,1
140.0,170.0,,,,ATX Mid Tower,30.0,1
160.0,68.0,120.0,2,,Mini ITX Tower,-92.0,0
135.0,47.0,120.0,1,,Micro ATX Desktop,-88.0,0
70.0,173.0,,,240.0,ATX Mid Tower,103.0,1
157.0,58.0,,,,HTPC,-99.0,0
165.0,163.5,,,,Micro ATX Mid Tower,-1.5,0
160.0,165.0,,,,Micro ATX Mini Tower,5.0,1
166.0,170.0,,,,ATX Mid Tower,4.0,1
36.0,170.0,92.0,1,,ATX Mid Tower,134.0,1
397.0,160.0,120.0,3,360.0,ATX Mid Tower,-237.0,0
165.0,185.0,,,,ATX Mid Tower,20.0,1
170.0,165.0,,,,ATX Mid Tower,-5.0,0
152.0,185.0,,,,ATX Mid Tower,33.0,1
169.0,185.0,120.0,2,,ATX Full Tower,16.0,1
154.0,38.0,,,,Mini ITX Tower,-116.0,0
157.0,170.0,,,,EATX Full Tower,13.0,1
171.0,165.0,,,,ATX Mid Tower,-6.0,0
158.0,187.0,120.0,2,,ATX Mid Tower,29.0,1
156.0,169.0,,,,ATX Mid Tower,13.0,1
158.0,68.0,,,,Mini ITX Tower,-90.0,0
154.0,185.0,,,,ATX Mid Tower,31.0,1
155.0,135.0,,,,Micro ATX Mid Tower,-20.0,0
75.0,165.0,,,,Micro ATX Mini Tower,90.0,1
150.0,170.0,,,,ATX Mid Tower,20.0,1
158.0,83.0,,,,Mini ITX Tower,-75.0,0
55.0,47.0,,,360.0,Micro ATX Desktop,-8.0,0
170.0,82.0,,,,Mini ITX Tower,-88.0,0
60.0,67.0,,,360.0,Mini ITX Tower,7.0,1
67.0,185.0,,,,ATX Mid Tower,118.0,1
68.0,190.0,140.0,2,280.0,ATX Full Tower,122.0,1
186.0,176.0,120.0,3,360.0,ATX Full Tower,-10.0,0
158.0,160.0,,,,ATX Mini Tower,2.0,1
168.0,163.5,,,,Micro ATX Mini Tower,-4.5,0
169.0,160.0,,,,Micro ATX Mini Tower,-9.0,0
150.0,48.0,,,,Mini ITX Tower,-102.0,0
158.0,170.0,,,,ATX Mid Tower,12.0,1
158.0,65.0,,,,Mini ITX Tower,-93.0,0
52.0,185.0,,,360.0,ATX Mid Tower,133.0,1
155.0,70.0,120.0,1,,HTPC,-85.0,0
160.0,185.0,,,,ATX Mid Tower,25.0,1
135.0,58.0,,,,HTPC,-77.0,0
159.0,81.0,,,,Micro ATX Slim Tower,-78.0,0
157.0,185.0,,,,ATX Full Tower,28.0,1
158.0,83.0,,,,Mini ITX Tower,-75.0,0
65.0,175.0,,,,ATX Mid Tower,110.0,1
158.0,120.0,,,,Mini ITX Tower,-38.0,0
58.0,185.0,,,,ATX Mid Tower,127.0,1
155.0,61.0,,,,Mini ITX Tower,-94.0,0
168.0,167.0,,,,Micro ATX Mini Tower,-1.0,0
27.0,182.0,,,,ATX Mid Tower,155.0,1
145.0,77.0,,,,Mini ITX Tower,-68.0,0
161.0,150.0,,,,ATX Mid Tower,-11.0,0
154.0,170.0,,,,ATX Mid Tower,16.0,1
85.0,210.0,,,360.0,Micro ATX Mini Tower,125.0,1
155.0,83.0,,,,Mini ITX Tower,-72.0,0
158.0,48.0,,,,Mini ITX Tower,-110.0,0
81.0,75.0,,,,Micro ATX Mini Tower,-6.0,0
158.0,155.0,,,,Micro ATX Mini Tower,-3.0,0
54.0,170.0,,,360.0,EATX Mid Tower,116.0,1
60.0,170.0,,,,ATX Mid Tower,110.0,1
73.0,180.0,120.0,3,360.0,ATX Mid Tower,107.0,1
130.0,70.0,,,,Mini ITX Tower,-60.0,0
110.0,70.0,,,,Mini ITX Tower,-40.0,0
69.0,160.0,,,360.0,ATX Mid Tower,91.0,1
56.0,175.0,,,240.0,ATX Mid Tower,119.0,1
62.0,175.0,,,240.0,ATX Full Tower,113.0,1
150.0,65.0,,,,HTPC,-85.0,0
135.0,82.0,,,,Micro ATX Mid Tower,-53.0,0
53.0,185.0,120.0,3,360.0,ATX Mid Tower,132.0,1
125.0,114.0,,,,Mini ITX Tower,-11.0,0
152.0,174.0,,,,ATX Mid Tower,22.0,1
156.0,156.0,,,,ATX Mid Tower,0.0,1
159.0,155.0,,,,ATX Mid Tower,-4.0,0
162.0,173.0,,,,ATX Mid Tower,11.0,1
55.0,75.0,,,240.0,Micro ATX Mini Tower,20.0,1
158.0,175.0,140.0,2,,ATX Mid Tower,17.0,1
159.0,70.0,120.0,1,,HTPC,-89.0,0
163.0,156.0,,,,ATX Mid Tower,-7.0,0
154.0,175.0,,,,Micro ATX Mini Tower,21.0,1
160.0,160.0,,,,ATX Mid Tower,0.0,1
160.0,88.2,,,,ATX Mid Tower,-71.8,0
160.0,75.0,,,,Micro ATX Mini Tower,-85.0,0
36.0,180.0,,,,ATX Mid Tower,144.0,1
163.0,70.0,,,,HTPC,-93.0,0
155.0,175.0,,,,ATX Mid Tower,20.0,1
125.0,67.0,120.0,3,360.0,Mini ITX Tower,-58.0,0
150.0,145.0,,,,ATX Mid Tower,-5.0,0
155.0,150.0,,,,ATX Mid Tower,-5.0,0
169.0,155.0,,,,Micro ATX Mid Tower,-14.0,0
70.0,167.0,,,240.0,ATX Full Tower,97.0,1
168.0,167.0,,,,Mini ITX Tower,-1.0,0
153.0,150.0,,,,ATX Mid Tower,-3.0,0
159.0,165.0,,,,ATX Mid Tower,6.0,1
165.0,159.0,,,,ATX Mid Tower,-6.0,0
159.0,160.0,,,,Micro ATX Mid Tower,1.0,1
166.0,164.0,,,,Micro ATX Mini Tower,-2.0,0
68.0,180.0,,,,ATX Mid Tower,112.0,1
158.0,150.0,,,,Micro ATX Mid Tower,-8.0,0
170.0,70.0,,,,Mini ITX Tower,-100.0,0
162.0,160.0,,,,Micro ATX Mid Tower,-2.0,0
161.0,158.0,,,,ATX Full Tower,-3.0,0
38.0,210.0,,,360.0,Micro ATX Mini Tower,172.0,1
107.0,83.0,120.0,3,360.0,Mini ITX Tower,-24.0,0
165.0,140.0,,,,Mini ITX Tower,-25.0,0
166.0,160.0,,,,Micro ATX Mini Tower,-6.0,0
159.0,175.0,,,,ATX Mid Tower,16.0,1
152.0,114.0,,,,Mini ITX Tower,-38.0,0
125.0,77.0,,,,HTPC,-48.0,0
151.0,175.0,120.0,2,,ATX Mid Tower,24.0,1
56.0,175.0,,,,Micro ATX Mini Tower,119.0,1
145.0,183.0,,,,ATX Mid Tower,38.0,1
168.0,167.0,120.0,,,EATX Full Tower,-1.0,0
165.0,83.0,,,,Mini ITX Tower,-82.0,0
165.0,70.0,,,,Mini ITX Tower,-95.0,0
67.0,168.0,,,360.0,ATX Mid Tower,101.0,1
157.0,185.0,,,,ATX Mid Tower,28.0,1
53.0,163.0,,,360.0,ATX Mid Tower,110.0,1
157.0,185.0,,,,ATX Mid Tower,28.0,1
159.0,166.0,,,,Micro ATX Mid Tower,7.0,1
82.0,170.0,,3,360.0,ATX Mid Tower,88.0,1
157.0,156.0,,,,ATX Mid Tower,-1.0,0
159.0,138.0,,,,HTPC,-21.0,0
73.0,165.0,,,,Micro ATX Mini Tower,92.0,1
171.0,65.0,,,,Mini ITX Tower,-106.0,0
60.0,47.0,,,360.0,Micro ATX Desktop,-13.0,0
60.0,170.0,,,,ATX Mid Tower,110.0,1
158.0,138.0,,,,HTPC,-20.0,0
157.0,180.0,,,,Micro ATX Mini Tower,23.0,1
159.0,151.0,,,,Micro ATX Mini Tower,-8.0,0
158.0,155.0,,,,ATX Mid Tower,-3.0,0
159.0,48.0,,,,Mini ITX Tower,-111.0,0
153.0,151.0,,,,Micro ATX Mini Tower,-2.0,0
172.0,172.0,,,,ATX Mid Tower,0.0,1
82.0,162.0,,3,360.0,Micro ATX Mid Tower,80.0,1
147.0,83.0,,,,Mini ITX Tower,-64.0,0
48.0,47.0,,,120.0,Micro ATX Desktop,-1.0,0
157.0,170.0,,,,ATX Mid Tower,13.0,1
155.0,67.0,,,,Mini ITX Tower,-88.0,0
30.0,172.0,,,,Mini ITX Tower,142.0,1
62.0,180.0,,,360.0,ATX Mid Tower,118.0,1
148.0,160.0,,,,ATX Mid Tower,12.0,1
159.0,160.0,,,,Micro ATX Mini Tower,1.0,1
155.0,65.0,,,,HTPC,-90.0,0
56.0,160.0,120.0,,360.0,ATX Mid Tower,104.0,1
160.0,157.0,,,,ATX Mid Tower,-3.0,0
155.0,55.0,,,,Mini ITX Tower,-100.0,0
70.0,58.0,,,240.0,HTPC,-12.0,0
42.0,170.0,,,240.0,ATX Mid Tower,128.0,1
160.0,155.0,,,,ATX Mid Tower,-5.0,0
154.0,75.0,120.0,2,,Micro ATX Mini Tower,-79.0,0
41.0,170.0,,,,ATX Mid Tower,129.0,1
68.5,187.0,120.0,2,240.0,ATX Mid Tower,118.5,1
64.0,175.0,,,360.0,EATX Full Tower,111.0,1
155.0,180.0,,,,EATX Full Tower,25.0,1
156.0,154.0,,,,Micro ATX Mid Tower,-2.0,0
127.0,180.0,,,,Micro ATX Mini Tower,53.0,1
164.0,160.0,,,,ATX Mid Tower,-4.0,0
168.0,180.0,120.0,,,ATX Mid Tower,12.0,1
154.0,68.0,,,,Mini ITX Tower,-86.0,0
58.0,170.0,,,360.0,ATX Mid Tower,112.0,1
15.0,160.0,,,,ATX Mid Tower,145.0,1
169.0,156.0,,,,Micro ATX Mid Tower,-13.0,0
60.0,150.0,120.0,2,240.0,Micro ATX Mid Tower,90.0,1
110.0,48.0,,,,Mini ITX Tower,-62.0,0
136.0,165.0,,,,ATX Mid Tower,29.0,1
168.0,185.0,,,,ATX Mid Tower,17.0,1
136.0,88.2,,,,ATX Mid Tower,-47.8,0
156.0,150.0,,,,Micro ATX Mid Tower,-6.0,0
42.0,198.0,,,120.0,ATX Full Tower,156.0,1
159.0,150.0,,,,ATX Mid Tower,-9.0,0
155.0,70.0,120.0,,,Mini ITX Tower,-85.0,0
158.0,155.0,,,,Micro ATX Mini Tower,-3.0,0
165.0,150.0,,,,ATX Mid Tower,-15.0,0
136.0,65.0,,,,HTPC,-71.0,0
51.0,160.0,,,240.0,ATX Mid Tower,109.0,1
53.0,157.0,,,360.0,Micro ATX Mini Tower,104.0,1
65.0,48.0,,,240.0,Mini ITX Tower,-17.0,0
397.0,180.0,120.0,3,360.0,ATX Mid Tower,-217.0,0
158.0,155.0,120.0,2,,Micro ATX Mid Tower,-3.0,0
116.0,210.0,120.0,3,360.0,Micro ATX Mini Tower,94.0,1
21.0,160.0,,,,Micro ATX Mini Tower,139.0,1
160.0,160.0,,,,Micro ATX Mini Tower,0.0,1
163.0,70.0,120.0,,,HTPC,-93.0,0
56.0,160.0,,,360.0,ATX Mid Tower,104.0,1
53.0,165.0,120.0,3,360.0,ATX Mid Tower,112.0,1
155.0,182.0,,,,ATX Full Tower,27.0,1
66.0,165.0,,,,ATX Mid Tower,99.0,1
166.0,162.0,120.0,,,ATX Mid Tower,-4.0,0
157.0,155.0,,,,ATX Mid Tower,-2.0,0
165.0,163.0,,,,ATX Mid Tower,-2.0,0
153.0,185.0,,,,ATX Mid Tower,32.0,1
162.0,170.0,,,,ATX Mid Tower,8.0,1
150.0,120.0,,,,Mini ITX Tower,-30.0,0
158.0,145.0,,,,ATX Mid Tower,-13.0,0
49.0,190.0,,,240.0,ATX Mid Tower,141.0,1
157.0,77.0,,,,HTPC,-80.0,0
397.0,163.0,120.0,3,360.0,ATX Mid Tower,-234.0,0
160.0,165.0,,,,ATX Mid Tower,5.0,1
70.0,68.0,,,,Mini ITX Tower,-2.0,0
63.0,90.0,,,,Micro ATX Desktop,27.0,1
163.0,150.0,,,,Micro ATX Mid Tower,-13.0,0
155.0,185.0,,,,ATX Full Tower,30.0,1
65.0,50.0,120.0,3,360.0,Mini ITX Tower,-15.0,0
154.0,170.0,,,,ATX Mid Tower,16.0,1
156.0,170.0,,,,Micro ATX Mid Tower,14.0,1
66.0,165.0,,,360.0,ATX Mid Tower,99.0,1
125.0,193.0,120.0,2,240.0,ATX Full Tower,68.0,1
152.0,68.0,120.0,1,,Mini ITX Tower,-84.0,0
160.0,160.0,140.0,2,280.0,ATX Mid Tower,0.0,1
154.0,61.0,,,,Mini ITX Tower,-93.0,0
160.0,210.0,,,,Micro ATX Mini Tower,50.0,1
158.0,67.0,,,,Mini ITX Tower,-91.0,0
69.0,165.0,,,240.0,ATX Mid Tower,96.0,1
137.0,172.0,,,,ATX Mid Tower,35.0,1
159.0,155.0,,,,ATX Mid Tower,-4.0,0
186.0,161.0,120.0,3,360.0,Micro ATX Mid Tower,-25.0,0
136.0,70.0,,,,Mini ITX Tower,-66.0,0
160.0,156.0,,,,Micro ATX Mini Tower,-4.0,0
165.0,159.0,120.0,2,,ATX Mid Tower,-6.0,0
155.0,120.0,120.0,1,,Mini ITX Tower,-35.0,0
159.0,151.0,,,,Micro ATX Mini Tower,-8.0,0
158.0,165.0,,,,ATX Mid Tower,7.0,1
125.0,155.0,,,,Micro ATX Mid Tower,30.0,1
84.0,70.0,,,,Mini ITX Tower,-14.0,0
152.0,178.0,,,,ATX Mid Tower,26.0,1
154.0,82.0,,,,Micro ATX Mini Tower,-72.0,0
167.0,164.0,,,,ATX Mid Tower,-3.0,0
159.0,187.0,,,,ATX Mid Tower,28.0,1
59.0,185.0,,,360.0,ATX Mid Tower,126.0,1
125.0,165.0,,,,ATX Mid Tower,40.0,1
155.0,110.0,,,,Mini ITX Tower,-45.0,0
30.0,190.0,,,,ATX Mid Tower,160.0,1
170.0,162.0,,,,ATX Mid Tower,-8.0,0
155.0,150.0,,,,Micro ATX Mini Tower,-5.0,0
157.0,140.0,,,,Mini ITX Tower,-17.0,0
135.0,67.0,,,,Mini ITX Tower,-68.0,0
136.0,83.0,,,,Mini ITX Tower,-53.0,0
158.0,85.0,,,,Mini ITX Tower,-73.0,0
165.0,160.0,,,,ATX Mid Tower,-5.0,0
133.0,182.0,,,,ATX Full Tower,49.0,1
159.0,155.0,,,,ATX Mid Tower,-4.0,0
153.0,120.0,,,,Mini ITX Tower,-33.0,0
160.0,175.0,,,,Micro ATX Mini Tower,15.0,1
165.0,160.0,,,,ATX Mid Tower,-5.0,0
165.0,67.0,,,,Mini ITX Tower,-98.0,0
123.0,165.0,,,,ATX Mid Tower,42.0,1
116.0,156.0,140.0,2,280.0,ATX Mid Tower,40.0,1
54.0,185.0,,,240.0,ATX Mid Tower,131.0,1
123.0,210.0,,,,ATX Mid Tower,87.0,1
60.0,175.0,120.0,2,240.0,ATX Mid Tower,115.0,1
52.0,160.0,,,360.0,ATX Mini Tower,108.0,1
165.0,163.5,,,,Micro ATX Mini Tower,-1.5,0
137.0,145.0,,,,ATX Mid Tower,8.0,1
73.0,181.0,,,,ATX Mid Tower,108.0,1
108.0,70.0,120.0,3,360.0,HTPC,-38.0,0
154.0,61.0,120.0,2,,Mini ITX Tower,-93.0,0
28.0,175.0,,,,ATX Mid Tower,147.0,1
77.0,200.0,,,,ATX Full Tower,123.0,1
72.0,170.0,,,,Micro ATX Mid Tower,98.0,1
148.0,157.0,,,,Micro ATX Mini Tower,9.0,1
155.0,48.0,,,,Mini ITX Tower,-107.0,0
154.0,148.0,,,,Micro ATX Mini Tower,-6.0,0
155.0,155.0,,,,Mini ITX Tower,0.0,1
155.0,55.0,,,,Mini ITX Tower,-100.0,0
155.0,170.0,,,,Micro ATX Mid Tower,15.0,1
77.0,165.0,,,,ATX Mid Tower,88.0,1
63.0,165.0,,,360.0,Micro ATX Mini Tower,102.0,1
45.0,163.0,,,,ATX Mid Tower,118.0,1
121.0,67.0,120.0,3,360.0,Mini ITX Tower,-54.0,0
160.0,114.0,,,,Mini ITX Tower,-46.0,0
155.0,47.0,,,,Micro ATX Desktop,-108.0,0
397.0,162.0,120.0,3,360.0,ATX Mid Tower,-235.0,0
157.0,160.0,,,,Micro ATX Mini Tower,3.0,1
130.0,110.0,,,,Mini ITX Tower,-20.0,0
130.0,70.0,,,,HTPC,-60.0,0
153.0,67.0,,,,Mini ITX Tower,-86.0,0
157.0,150.0,,,,ATX Mid Tower,-7.0,0
154.0,150.0,,,,Micro ATX Mid Tower,-4.0,0
155.0,168.0,120.0,2,,ATX Mid Tower,13.0,1
156.0,82.0,,,,Micro ATX Mini Tower,-74.0,0
160.0,70.0,,,,Micro ATX Desktop,-90.0,0
30.4,169.0,120.0,3,360.0,ATX Full Tower,138.6,1
150.0,146.0,,,,ATX Mid Tower,-4.0,0
134.0,70.0,,,,Mini ITX Tower,-64.0,0
68.0,183.0,120.0,2,240.0,ATX Mid Tower,115.0,1
72.0,167.0,120.0,3,360.0,ATX Mid Tower,95.0,1
157.0,155.0,,,,ATX Full Tower,-2.0,0
159.0,170.0,,,,ATX Mid Tower,11.0,1
158.0,150.0,,,,ATX Mid Tower,-8.0,0
157.0,188.0,,,,ATX Mid Tower,31.0,1
158.0,210.0,,,,ATX Mid Tower,52.0,1
150.0,68.0,,,,Mini ITX Tower,-82.0,0
53.0,210.0,120.0,3,240.0,Micro ATX Mid Tower,157.0,1
53.0,160.0,,,240.0,ATX Mid Tower,107.0,1
94.0,170.0,120.0,3,360.0,Micro ATX Mini Tower,76.0,1
159.0,61.0,,,,Mini ITX Tower,-98.0,0
59.0,167.0,,,,Micro ATX Mini Tower,108.0,1
170.0,165.0,,,,Micro ATX Mini Tower,-5.0,0
170.0,151.0,,,,ATX Mid Tower,-19.0,0
62.0,166.0,120.0,3,360.0,ATX Mid Tower,104.0,1
165.0,140.0,,,,Mini ITX Tower,-25.0,0
60.0,156.0,,,,Micro ATX Mid Tower,96.0,1
45.0,38.0,120.0,2,240.0,Mini ITX Tower,-7.0,0
68.0,170.0,,,420.0,ATX Mid Tower,102.0,1
131.0,210.0,,,,ATX Mid Tower,79.0,1
58.0,210.0,140.0,2,280.0,Micro ATX Mid Tower,152.0,1
73.0,178.0,120.0,2,240.0,ATX Mid Tower,105.0,1
70.0,68.0,,,240.0,Mini ITX Tower,-2.0,0
160.0,160.0,,,,ATX Mid Tower,0.0,1
130.0,190.0,,,,ATX Full Tower,60.0,1
156.0,38.0,,,,Mini ITX Tower,-118.0,0
155.0,70.0,,,,Mini ITX Tower,-85.0,0
162.0,138.0,,,,HTPC,-24.0,0
165.0,160.0,,,,ATX Mid Tower,-5.0,0
158.0,165.0,,,,ATX Mid Tower,7.0,1
155.0,138.0,,,,HTPC,-17.0,0
155.0,186.0,,,,ATX Full Tower,31.0,1
165.0,170.0,,,,EATX Mid Tower,5.0,1
155.0,68.0,,,,Mini ITX Tower,-87.0,0
154.0,170.0,,,,ATX Mid Tower,16.0,1
158.0,166.0,,,,ATX Mid Tower,8.0,1
158.0,70.0,,,,Mini ITX Tower,-88.0,0
60.0,166.0,120.0,3,360.0,ATX Mid Tower,106.0,1
158.0,154.0,,,,Micro ATX Mid Tower,-4.0,0
158.0,165.0,,,,ATX Mid Tower,7.0,1
151.0,120.0,120.0,2,,Mini ITX Tower,-31.0,0
162.0,155.0,,,,ATX Full Tower,-7.0,0
160.0,155.0,,,,Micro ATX Mid Tower,-5.0,0
68.0,65.0,,,360.0,Micro ATX Mini Tower,-3.0,0
125.0,260.0,120.0,,,EATX Full Tower,135.0,1
153.0,170.0,,,,ATX Mid Tower,17.0,1
150.0,158.75,,,,ATX Mid Tower,8.75,1
162.0,160.0,,,,ATX Mid Tower,-2.0,0
52.0,167.0,,,360.0,ATX Full Tower,115.0,1
154.0,175.0,,,,ATX Mid Tower,21.0,1
158.0,110.0,,,,Mini ITX Tower,-48.0,0
158.0,155.0,,,,ATX Mid Tower,-3.0,0
172.0,155.0,,,,Micro ATX Mini Tower,-17.0,0
45.0,170.0,,,,ATX Mid Tower,125.0,1
65.0,160.0,,,,ATX Mid Tower,95.0,1
53.0,48.0,120.0,2,240.0,Mini ITX Tower,-5.0,0
62.0,160.0,,,360.0,ATX Mid Tower,98.0,1
161.0,160.0,,,,ATX Mid Tower,-1.0,0
94.0,70.0,240.0,2,240.0,Mini ITX Tower,-24.0,0
59.0,180.0,,,,Micro ATX Mini Tower,121.0,1
38.0,68.0,,,360.0,Mini ITX Tower,30.0,1
65.0,165.0,,,,Micro ATX Mini Tower,100.0,1
164.0,88.2,,,,ATX Mid Tower,-75.8,0
166.0,160.0,120.0,,,Micro ATX Mini Tower,-6.0,0
153.0,156.0,,,,Micro ATX Mid Tower,3.0,1
163.0,48.0,,,,Mini ITX Tower,-115.0,0
166.0,68.0,,,,Mini ITX Tower,-98.0,0
70.0,165.0,,,360.0,Micro ATX Mini Tower,95.0,1
160.0,178.0,,,,ATX Mid Tower,18.0,1
154.0,148.0,,,,Micro ATX Mini Tower,-6.0,0
152.0,65.0,,,,Mini ITX Tower,-87.0,0
170.0,165.0,,,,Micro ATX Mid Tower,-5.0,0
152.0,158.75,,,,ATX Mid Tower,6.75,1
154.0,165.0,120.0,2,,Micro ATX Mid Tower,11.0,1
86.4,70.0,120.0,3,360.0,Mini ITX Tower,-16.4,0
156.0,190.0,,,,ATX Mid Tower,34.0,1
155.0,48.0,,,,Mini ITX Tower,-107.0,0
130.0,167.0,,,,Micro ATX Mid Tower,37.0,1
154.0,165.0,,,,ATX Mid Tower,11.0,1
67.0,165.0,,,,ATX Mid Tower,98.0,1
151.0,175.0,,,,ATX Mid Tower,24.0,1
155.0,120.0,,,,Mini ITX Tower,-35.0,0
66.1,170.0,120.0,1,,ATX Mid Tower,103.9,1
159.0,90.0,,,,Micro ATX Desktop,-69.0,0
133.0,150.0,,,,Micro ATX Mid Tower,17.0,1
58.0,190.0,140.0,2,280.0,ATX Mid Tower,132.0,1
162.0,160.0,,,,Micro ATX Mini Tower,-2.0,0
161.0,138.0,,,,HTPC,-23.0,0
166.0,165.0,,,,Mini ITX Tower,-1.0,0
164.0,185.0,,,,ATX Mid Tower,21.0,1
160.0,160.0,,,,ATX Mid Tower,0.0,1
164.0,150.0,,,,ATX Mid Tower,-14.0,0
146.0,180.0,,,,ATX Mid Tower,34.0,1
58.0,185.0,,,,ATX Mid Tower,127.0,1
155.0,154.0,,,,Micro ATX Mid Tower,-1.0,0
77.0,65.0,,,,HTPC,-12.0,0
155.0,154.0,,,,Micro ATX Mid Tower,-1.0,0
167.0,61.0,,,,Mini ITX Tower,-106.0,0
165.0,160.0,,,,ATX Mid Tower,-5.0,0
60.0,179.0,,,360.0,ATX Mid Tower,119.0,1
60.0,120.0,120.0,2,240.0,Mini ITX Tower,60.0,1
397.0,166.0,120.0,3,360.0,ATX Mid Tower,-231.0,0
136.0,140.0,,,,Mini ITX Tower,4.0,1
152.0,175.0,,,,ATX Mid Tower,23.0,1
157.0,151.0,120.0,2,,Micro ATX Mini Tower,-6.0,0
155.0,165.0,,,,Micro ATX Mid Tower,10.0,1
154.0,185.0,120.0,1,,ATX Mid Tower,31.0,1
126.0,70.0,,,,Micro ATX Desktop,-56.0,0
94.0,160.0,100.0,1,,ATX Mid Tower,66.0,1
135.0,193.0,,,,ATX Full Tower,58.0,1
156.0,45.0,,,,Mini ITX Tower,-111.0,0
110.0,165.0,,,,ATX Mid Tower,55.0,1
118.0,167.0,,,,ATX Full Tower,49.0,1
155.0,47.0,,,,Micro ATX Desktop,-108.0,0
70.0,180.0,,,,ATX Mid Tower,110.0,1
152.0,70.0,,,,Mini ITX Tower,-82.0,0
159.0,57.0,,,,Micro ATX Desktop,-102.0,0
28.0,170.0,,,,ATX Mid Tower,142.0,1
158.0,155.0,,,,ATX Full Tower,-3.0,0
160.0,70.0,,,,Mini ITX Tower,-90.0,0
166.0,160.0,,,,ATX Mid Tower,-6.0,0
130.0,68.0,,,,Mini ITX Tower,-62.0,0
168.0,178.0,,,,ATX Mid Tower,10.0,1
167.0,166.0,,,,ATX Mid Tower,-1.0,0
163.0,135.0,,,,Micro ATX Mid Tower,-28.0,0
158.0,70.0,,,,Mini ITX Tower,-88.0,0
94.0,48.0,140.0,3,420.0,Mini ITX Tower,-46.0,0
55.0,158.75,,,,ATX Mid Tower,103.75,1
148.0,170.0,,,,ATX Mid Tower,22.0,1
157.0,180.0,120.0,2,,ATX Mid Tower,23.0,1
62.0,170.0,,,360.0,ATX Mid Tower,108.0,1
165.0,160.0,,,,ATX Mid Tower,-5.0,0
160.0,158.0,,,,ATX Full Tower,-2.0,0
130.0,83.0,,,,Mini ITX Tower,-47.0,0
154.0,200.0,,,,Mini ITX Tower,46.0,1
157.0,55.0,,,,Mini ITX Tower,-102.0,0
125.0,95.0,,,,ATX Mid Tower,-30.0,0
156.0,61.0,,,,Mini ITX Tower,-95.0,0
155.0,140.0,,,,Mini ITX Tower,-15.0,0
157.0,184.0,120.0,2,,ATX Mid Tower,27.0,1
125.0,70.0,,,,Mini ITX Tower,-55.0,0
165.0,110.0,,,,Mini ITX Tower,-55.0,0
53.0,187.0,,,240.0,ATX Mid Tower,134.0,1
125.0,168.0,,,360.0,ATX Mid Tower,43.0,1
126.0,75.0,,,,Micro ATX Mini Tower,-51.0,0
157.0,58.0,,,,HTPC,-99.0,0
152.0,65.0,,,,Micro ATX Mini Tower,-87.0,0
150.0,70.0,,,,HTPC,-80.0,0
62.0,160.0,,,240.0,ATX Mid Tower,98.0,1
158.0,155.0,,,,ATX Mid Tower,-3.0,0
166.0,58.0,,,,HTPC,-108.0,0
134.0,110.0,,,,Mini ITX Tower,-24.0,0
77.7,165.0,120.0,3,360.0,ATX Mid Tower,87.3,1
154.0,150.0,120.0,1,,ATX Mid Tower,-4.0,0
116.0,114.0,140.0,2,280.0,Mini ITX Tower,-2.0,0
162.0,138.0,,,,HTPC,-24.0,0
60.0,160.0,,,360.0,ATX Mid Tower,100.0,1
133.0,190.0,,,,ATX Full Tower,57.0,1
155.0,135.0,120.0,,,Micro ATX Mid Tower,-20.0,0
154.0,190.0,,,,ATX Full Tower,36.0,1
158.0,57.0,,,,Mini ITX Tower,-101.0,0
150.0,146.0,120.0,1,,HTPC,-4.0,0
85.0,75.0,,,360.0,Micro ATX Mini Tower,-10.0,0
166.0,65.0,,,,Mini ITX Tower,-101.0,0
81.0,175.0,,,,ATX Mid Tower,94.0,1
165.0,95.0,,,,ATX Mid Tower,-70.0,0
153.0,190.0,,,,ATX Full Tower,37.0,1
68.0,165.0,,,360.0,ATX Mid Tower,97.0,1
154.0,70.0,,,,HTPC,-84.0,0
60.0,170.0,140.0,3,420.0,ATX Mid Tower,110.0,1
160.0,70.0,,,,HTPC,-90.0,0
158.0,190.0,,,,ATX Full Tower,32.0,1
168.0,160.0,,,,ATX Mid Tower,-8.0,0
65.0,160.0,,,240.0,ATX Mini Tower,95.0,1
60.0,48.0,,,360.0,Mini ITX Tower,-12.0,0
168.0,180.0,,,,ATX Mid Tower,12.0,1
135.0,166.0,,,,ATX Mid Tower,31.0,1
166.0,159.0,120.0,,,Micro ATX Mid Tower,-7.0,0
148.0,70.0,,,,Mini ITX Tower,-78.0,0
156.0,145.0,,,,ATX Mid Tower,-11.0,0
168.0,180.0,,,,ATX Mid Tower,12.0,1
157.0,190.0,,,,EATX Mid Tower,33.0,1
150.0,75.0,,,,Mini ITX Tower,-75.0,0
137.0,170.0,120.0,3,360.0,ATX Mid Tower,33.0,1
65.0,162.0,,,360.0,ATX Mid Tower,97.0,1
158.0,47.0,,,,Micro ATX Desktop,-111.0,0
164.0,170.0,,,,ATX Mid Tower,6.0,1
160.0,150.0,,,,ATX Mid Tower,-10.0,0
164.0,163.5,,,,Micro ATX Mid Tower,-0.5,0
47.0,150.0,,,,ATX Mid Tower,103.0,1
151.0,150.0,,,,ATX Mid Tower,-1.0,0
94.0,160.0,100.0,1,,ATX Mid Tower,66.0,1
160.0,170.0,,,,ATX Mid Tower,10.0,1
78.0,172.0,,,,ATX Mid Tower,94.0,1
68.0,164.0,,,,ATX Mid Tower,96.0,1
160.0,55.0,,,,Mini ITX Tower,-105.0,0
160.0,166.0,,,,ATX Mid Tower,6.0,1
157.0,135.0,120.0,2,,Micro ATX Mid Tower,-22.0,0
151.0,170.0,,,,ATX Mid Tower,19.0,1
69.0,175.0,120.0,2,240.0,Micro ATX Mid Tower,106.0,1
49.0,47.0,,,240.0,Micro ATX Desktop,-2.0,0
150.0,175.0,,,,ATX Mid Tower,25.0,1
161.0,160.0,,,,ATX Mid Tower,-1.0,0
163.0,160.0,,,,ATX Mid Tower,-3.0,0
140.0,88.2,,,,ATX Mid Tower,-51.8,0
65.0,165.0,,,,ATX Mid Tower,100.0,1
63.0,165.0,,,360.0,ATX Mid Tower,102.0,1
158.0,185.0,,,,ATX Mid Tower,27.0,1
154.0,75.0,,,,Mini ITX Tower,-79.0,0
158.0,170.0,,,,ATX Mid Tower,12.0,1
153.0,187.0,,,,ATX Mid Tower,34.0,1
158.0,148.0,,,,Micro ATX Mini Tower,-10.0,0
59.0,165.0,,,,Micro ATX Mini Tower,106.0,1
47.0,165.0,,,360.0,ATX Mid Tower,118.0,1
58.0,165.0,,,360.0,Micro ATX Mini Tower,107.0,1
65.0,190.0,,,360.0,ATX Mid Tower,125.0,1
47.0,167.0,,,240.0,Micro ATX Mid Tower,120.0,1
60.0,184.0,,,240.0,ATX Mid Tower,124.0,1
163.0,160.0,120.0,,,ATX Mid Tower,-3.0,0
165.0,148.0,,,,Micro ATX Mini Tower,-17.0,0
171.0,155.0,,,,ATX Mid Tower,-16.0,0
159.0,130.0,,,,Mini ITX Tower,-29.0,0
60.0,181.0,140.0,3,420.0,ATX Mid Tower,121.0,1
44.0,191.0,,,120.0,ATX Full Tower,147.0,1
158.0,154.0,,,,Micro ATX Mid Tower,-4.0,0
53.0,182.0,94.5,1,,ATX Full Tower,129.0,1
166.0,165.0,,,,ATX Mid Tower,-1.0,0
23.0,140.0,,,,Mini ITX Tower,117.0,1
48.0,160.0,,,,Micro ATX Mini Tower,112.0,1
162.0,65.0,,,,Mini ITX Tower,-97.0,0
156.0,165.0,,,,ATX Mid Tower,9.0,1
159.0,185.0,,,,EATX Mid Tower,26.0,1
165.0,182.0,,,,ATX Mid Tower,17.0,1
154.0,180.0,,,,ATX Mid Tower,26.0,1
151.0,58.0,120.0,2,,HTPC,-93.0,0
164.0,70.0,,,,Mini ITX Tower,-94.0,0
123.0,162.0,120.0,3,360.0,Micro ATX Mid Tower,39.0,1
70.0,185.0,,,360.0,ATX Full Tower,115.0,1
125.0,170.0,120.0,2,240.0,ATX Mid Tower,45.0,1
133.0,170.0,,,,ATX Mid Tower,37.0,1
69.0,187.0,120.0,3,360.0,Micro ATX Mid Tower,118.0,1
154.0,88.2,,,,ATX Mid Tower,-65.8,0
156.0,70.0,,,,Mini ITX Tower,-86.0,0
153.0,150.0,,,,Micro ATX Mini Tower,-3.0,0
157.0,170.0,,,,Micro ATX Mid Tower,13.0,1
160.0,158.0,120.0,1,,ATX Mid Tower,-2.0,0
158.0,61.0,,,,Mini ITX Tower,-97.0,0
163.0,155.0,,,,ATX Mid Tower,-8.0,0
113.0,159.0,,,,Micro ATX Mid Tower,46.0,1
158.0,138.0,,,,HTPC,-20.0,0
63.0,70.0,,,240.0,Mini ITX Tower,7.0,1
157.0,165.0,120.0,2,,ATX Mid Tower,8.0,1
168.0,160.0,,,,Micro ATX Mini Tower,-8.0,0
160.0,67.0,,,,Mini ITX Tower,-93.0,0
69.0,180.0,,,240.0,ATX Mid Tower,111.0,1
163.0,180.0,,,,ATX Mid Tower,17.0,1
135.0,65.0,,,,Mini ITX Tower,-70.0,0
158.0,148.0,,,,ATX Mid Tower,-10.0,0
158.0,170.0,,,,ATX Mid Tower,12.0,1
160.0,170.0,,,,ATX Mid Tower,10.0,1
155.0,170.0,,,,Micro ATX Mini Tower,15.0,1
166.0,158.0,,,,ATX Mid Tower,-8.0,0
153.0,190.0,,,,ATX Full Tower,37.0,1
70.0,114.0,,,,Mini ITX Tower,44.0,1
42.0,170.0,,,240.0,ATX Mid Tower,128.0,1
159.0,48.0,,,,Mini ITX Tower,-111.0,0
37.0,70.0,,,,HTPC,33.0,1
154.0,165.0,,,,ATX Mid Tower,11.0,1
55.0,160.0,,,360.0,ATX Mid Tower,105.0,1
159.0,185.0,,,,ATX Mid Tower,26.0,1
52.0,170.0,,,360.0,ATX Mid Tower,118.0,1
158.0,155.0,,,,Micro ATX Mid Tower,-3.0,0
155.0,170.0,,,,ATX Mid Tower,15.0,1
59.0,165.0,,,360.0,ATX Mid Tower,106.0,1
156.0,110.0,,,,Mini ITX Tower,-46.0,0
158.0,83.0,,,,Mini ITX Tower,-75.0,0
166.0,138.0,,,,HTPC,-28.0,0
158.0,150.0,,,,Micro ATX Mid Tower,-8.0,0
169.0,158.75,,,,ATX Mid Tower,-10.25,0
163.0,157.0,,,,Micro ATX Mini Tower,-6.0,0
165.0,167.0,,,,ATX Mid Tower,2.0,1
170.0,185.0,,,,EATX Mid Tower,15.0,1
153.0,50.0,,,,Mini ITX Tower,-103.0,0
157.0,48.0,,,,Mini ITX Tower,-109.0,0
60.0,175.0,,,360.0,ATX Mid Tower,115.0,1
157.0,156.0,,,,ATX Mid Tower,-1.0,0
160.0,175.0,,,,Micro ATX Mini Tower,15.0,1
160.0,165.0,,,,ATX Mid Tower,5.0,1
160.0,175.0,140.0,2,280.0,ATX Mid Tower,15.0,1
143.0,170.0,,,,ATX Mid Tower,27.0,1
53.0,185.0,120.0,2,240.0,ATX Full Tower,132.0,1
67.0,165.0,,,,EATX Mid Tower,98.0,1
136.0,180.0,,,,ATX Mid Tower,44.0,1
130.0,65.0,,,,Mini ITX Tower,-65.0,0
125.0,170.0,,,,ATX Mid Tower,45.0,1
165.0,163.0,,,,ATX Mid Tower,-2.0,0
158.0,155.0,,,,ATX Mid Tower,-3.0,0
164.0,200.0,,,,ATX Full Tower,36.0,1
168.0,160.0,,,,ATX Mid Tower,-8.0,0
156.0,160.0,,,,ATX Mid Tower,4.0,1
155.0,82.0,120.0,1,,Micro ATX Mini Tower,-73.0,0
152.0,185.0,,,,ATX Mid Tower,33.0,1
154.0,130.0,120.0,2,,Mini ITX Tower,-24.0,0
168.0,165.0,,,,ATX Mid Tower,-3.0,0
169.0,120.0,,,,Mini ITX Tower,-49.0,0
62.0,145.0,,,360.0,ATX Mid Tower,83.0,1
153.0,120.0,120.0,1,,Mini ITX Tower,-33.0,0
160.0,180.0,,,,ATX Mid Tower,20.0,1
72.0,170.0,,,240.0,ATX Mid Tower,98.0,1
140.0,160.0,,,,Micro ATX Mini Tower,20.0,1
167.0,161.0,,,,ATX Mid Tower,-6.0,0
52.0,175.0,140.0,3,420.0,ATX Mid Tower,123.0,1
165.0,160.0,,,,ATX Mid Tower,-5.0,0
133.0,120.0,,,,Mini ITX Tower,-13.0,0
125.0,170.0,120.0,3,360.0,Micro ATX Mini Tower,45.0,1
152.0,182.0,,,,ATX Mid Tower,30.0,1
168.0,138.0,120.0,,,HTPC,-30.0,0
155.0,68.0,120.0,,,Mini ITX Tower,-87.0,0
65.0,165.0,360.0,1,360.0,Micro ATX Mid Tower,100.0,1
159.0,175.0,,,,ATX Full Tower,16.0,1
62.0,187.0,,,240.0,ATX Mid Tower,125.0,1
68.0,160.0,,,,ATX Mid Tower,92.0,1
158.0,70.0,120.0,1,,Mini ITX Tower,-88.0,0
154.0,85.0,,,,Mini ITX Tower,-69.0,0
150.0,185.0,,,,ATX Mid Tower,35.0,1
152.0,61.0,,,,Mini ITX Tower,-91.0,0
153.0,180.0,,,,ATX Mid Tower,27.0,1
148.0,114.0,,,,Mini ITX Tower,-34.0,0
166.0,165.0,,,,ATX Mid Tower,-1.0,0
69.0,170.0,,,360.0,ATX Mid Tower,101.0,1
47.0,170.0,,,,Micro ATX Mini Tower,123.0,1
58.0,148.0,,,360.0,Micro ATX Mid Tower,90.0,1
42.0,165.0,,,240.0,Micro ATX Mini Tower,123.0,1
158.0,165.0,,,,ATX Mid Tower,7.0,1
60.0,195.0,120.0,3,360.0,ATX Mid Tower,135.0,1
62.0,175.0,,,240.0,Micro ATX Mini Tower,113.0,1
170.0,160.0,,,,ATX Mid Tower,-10.0,0
157.0,120.0,,,,Mini ITX Tower,-37.0,0
166.0,170.0,,,,ATX Mid Tower,4.0,1
168.0,170.0,120.0,,,ATX Mid Tower,2.0,1
63.0,61.0,,,360.0,Mini ITX Tower,-2.0,0
158.0,146.0,140.0,2,,HTPC,-12.0,0
165.0,155.0,,,,ATX Mid Tower,-10.0,0
154.0,165.0,120.0,2,,ATX Mid Tower,11.0,1
60.0,166.0,,,,ATX Mid Tower,106.0,1
150.0,184.0,120.0,2,240.0,ATX Mid Tower,34.0,1
161.0,138.0,,,,HTPC,-23.0,0
153.0,150.0,,,,ATX Mid Tower,-3.0,0
186.0,185.0,120.0,3,360.0,ATX Full Tower,-1.0,0
158.0,165.0,,,,ATX Mid Tower,7.0,1
54.0,167.0,,,360.0,ATX Mid Tower,113.0,1
157.0,70.0,,,,HTPC,-87.0,0
82.0,180.0,,,,EATX Mid Tower,98.0,1
160.0,188.0,,,,ATX Mid Tower,28.0,1
166.0,161.0,120.0,,,ATX Mid Tower,-5.0,0
58.0,185.0,,,360.0,ATX Full Tower,127.0,1
148.0,146.0,120.0,,,HTPC,-2.0,0
159.0,50.0,,,,Mini ITX Tower,-109.0,0
165.0,70.0,,,,Mini ITX Tower,-95.0,0
154.0,190.0,,,,ATX Full Tower,36.0,1
155.0,45.0,,,,Mini ITX Tower,-110.0,0
160.0,61.0,,,,Mini ITX Tower,-99.0,0
57.0,170.0,,,240.0,ATX Mid Tower,113.0,1
80.6,190.0,120.0,3,360.0,ATX Full Tower,109.4,1
156.0,155.0,,,,ATX Mid Tower,-1.0,0
69.0,55.0,120.0,2,240.0,Mini ITX Tower,-14.0,0
154.0,70.0,,,,Mini ITX Tower,-84.0,0
157.0,150.0,,,,Micro ATX Mid Tower,-7.0,0
136.0,156.0,90.0,1,,Micro ATX Mini Tower,20.0,1
62.0,160.0,,,240.0,ATX Mid Tower,98.0,1
150.0,165.0,,,,ATX Mid Tower,15.0,1
165.0,155.0,,,,ATX Mid Tower,-10.0,0
155.0,180.0,,,,ATX Mid Tower,25.0,1
154.0,162.0,,,,ATX Mid Tower,8.0,1
159.0,158.0,,,,ATX Mid Tower,-1.0,0
166.0,155.0,,,,Mini ITX Tower,-11.0,0
63.0,180.0,,,,ATX Mid Tower,117.0,1
154.0,165.0,,,,ATX Mid Tower,11.0,1
116.0,163.0,140.0,2,280.0,ATX Mid Tower,47.0,1
159.0,67.0,,,,Mini ITX Tower,-92.0,0
159.0,190.0,,,,ATX Mid Tower,31.0,1
158.0,165.0,,,,ATX Mid Tower,7.0,1
160.0,88.2,,,,ATX Mid Tower,-71.8,0
126.0,166.0,,,,ATX Full Tower,40.0,1
77.0,185.0,,,,ATX Mid Tower,108.0,1
90.0,61.0,,,,Mini ITX Tower,-29.0,0
166.0,160.0,120.0,,,ATX Mid Tower,-6.0,0
160.0,164.0,,,,ATX Mid Tower,4.0,1
58.0,173.0,,,360.0,ATX Mid Tower,115.0,1
160.0,210.0,,,,ATX Mid Tower,50.0,1
47.0,168.0,,,240.0,EATX Mid Tower,121.0,1
163.0,48.0,,,,Mini ITX Tower,-115.0,0
64.0,170.0,,,360.0,ATX Mid Tower,106.0,1
155.0,70.0,120.0,1,,Mini ITX Tower,-85.0,0
161.0,160.0,120.0,3,360.0,ATX Mid Tower,-1.0,0
163.0,160.0,,,,ATX Mid Tower,-3.0,0
136.0,180.0,,,,ATX Mid Tower,44.0,1
135.0,183.0,,,,ATX Mid Tower,48.0,1
53.0,190.0,,,,ATX Full Tower,137.0,1
69.0,67.0,,,240.0,Mini ITX Tower,-2.0,0
150.0,165.0,,,,ATX Mid Tower,15.0,1
160.0,150.0,,,,Mini ITX Tower,-10.0,0
159.0,61.0,,,,Mini ITX Tower,-98.0,0
146.0,175.0,,,,Mini ITX Tower,29.0,1
69.0,185.0,,,,ATX Full Tower,116.0,1
58.0,190.0,,,,ATX Mid Tower,132.0,1
160.0,75.0,,,,Micro ATX Mini Tower,-85.0,0
171.0,170.0,,,,EATX Full Tower,-1.0,0
172.0,165.0,,,,Micro ATX Mini Tower,-7.0,0
128.0,190.0,,,,ATX Mid Tower,62.0,1
72.0,180.0,120.0,3,360.0,ATX Mid Tower,108.0,1
154.0,85.0,,,,Mini ITX Tower,-69.0,0
52.0,160.0,140.0,2,280.0,ATX Mid Tower,108.0,1
158.0,150.0,,,,ATX Mid Tower,-8.0,0
165.0,171.0,,,,ATX Mid Tower,6.0,1
156.0,175.0,,,,ATX Mid Tower,19.0,1
162.0,161.0,,,,ATX Mid Tower,-1.0,0
154.0,162.0,,,,ATX Mid Tower,8.0,1
156.0,47.0,,,,Micro ATX Desktop,-109.0,0
73.0,170.0,,,,ATX Mid Tower,97.0,1
158.0,82.0,,,,Micro ATX Desktop,-76.0,0
72.0,165.0,120.0,2,240.0,ATX Mid Tower,93.0,1
122.0,77.0,,,,HTPC,-45.0,0
80.6,173.0,120.0,3,360.0,ATX Mid Tower,92.4,1
155.0,70.0,,,,Micro ATX Desktop,-85.0,0
157.0,155.0,,,,ATX Mid Tower,-2.0,0
60.0,165.0,,,,ATX Mid Tower,105.0,1
150.0,170.0,,,,ATX Mid Tower,20.0,1
165.0,165.0,,,,Micro ATX Mini Tower,0.0,1
108.0,160.0,120.0,3,360.0,ATX Mid Tower,52.0,1
165.0,178.0,120.0,2,,ATX Mid Tower,13.0,1
166.0,160.0,120.0,,,ATX Mid Tower,-6.0,0
47.0,167.0,,,240.0,ATX Mid Tower,120.0,1
153.0,150.0,,,,Micro ATX Mini Tower,-3.0,0
165.0,70.0,,,,Mini ITX Tower,-95.0,0
63.0,165.0,,,,ATX Mid Tower,102.0,1
156.0,68.0,,,,Mini ITX Tower,-88.0,0
160.0,57.0,,,,Mini ITX Tower,-103.0,0
154.0,83.0,,,,Mini ITX Tower,-71.0,0
156.0,145.0,,,,ATX Mid Tower,-11.0,0
141.0,158.0,,,,ATX Full Tower,17.0,1
158.0,185.0,,,,ATX Mid Tower,27.0,1
127.0,185.0,,,,ATX Mid Tower,58.0,1
63.0,185.0,,,,Micro ATX Mid Tower,122.0,1
153.0,195.0,,,,ATX Full Tower,42.0,1
157.0,185.0,,,,ATX Full Tower,28.0,1
68.0,165.0,,,240.0,ATX Mid Tower,97.0,1
66.0,260.0,,,360.0,EATX Full Tower,194.0,1
144.0,65.0,,,,Mini ITX Tower,-79.0,0
155.0,58.0,,,,HTPC,-97.0,0
30.0,165.0,,,,Mini ITX Tower,135.0,1
161.0,180.5,,,,EATX Mid Tower,19.5,1
54.0,165.0,,,360.0,Micro ATX Mini Tower,111.0,1
60.0,210.0,,,,Micro ATX Mini Tower,150.0,1
134.0,175.0,,,,ATX Mid Tower,41.0,1
169.0,160.0,,,,ATX Mid Tower,-9.0,0
105.0,170.0,,,360.0,Micro ATX Mini Tower,65.0,1
152.0,83.0,,,,Mini ITX Tower,-69.0,0
158.0,150.0,,,,ATX Mid Tower,-8.0,0
72.0,146.0,120.0,2,240.0,HTPC,74.0,1
146.0,70.0,,,,HTPC,-76.0,0
165.0,154.0,,,,Micro ATX Mid Tower,-11.0,0
156.0,155.0,,,,ATX Mid Tower,-1.0,0
130.0,165.0,,,,ATX Mid Tower,35.0,1
89.8,165.0,120.0,3,360.0,ATX Mid Tower,75.2,1
141.0,70.0,,,,HTPC,-71.0,0
158.0,48.0,,,,Mini ITX Tower,-110.0,0
118.0,170.0,120.0,3,360.0,ATX Mid Tower,52.0,1
154.0,174.0,,,,ATX Mid Tower,20.0,1
63.0,185.0,,,240.0,ATX Mid Tower,122.0,1
166.0,75.0,,,,Micro ATX Mini Tower,-91.0,0
156.0,85.0,,,,Mini ITX Tower,-71.0,0
160.0,48.0,120.0,2,,Mini ITX Tower,-112.0,0
58.0,167.0,,,,ATX Mid Tower,109.0,1
160.0,166.0,,,,ATX Mid Tower,6.0,1
164.0,175.0,,,,ATX Mid Tower,11.0,1
60.0,173.0,120.0,1,240.0,ATX Mid Tower,113.0,1
155.0,145.0,120.0,1,,ATX Mid Tower,-10.0,0
160.0,158.0,,,,ATX Mid Tower,-2.0,0
158.0,65.0,,,,Mini ITX Tower,-93.0,0
154.0,45.0,,,,Mini ITX Tower,-109.0,0
158.0,155.0,140.0,2,,Micro ATX Mid Tower,-3.0,0
67.0,48.0,,,360.0,Mini ITX Tower,-19.0,0
157.0,148.0,,,,Micro ATX Mini Tower,-9.0,0
158.0,185.0,,,,ATX Full Tower,27.0,1
155.0,170.0,,,,ATX Mid Tower,15.0,1
158.0,170.0,120.0,2,,ATX Mid Tower,12.0,1
152.0,165.0,,,,ATX Mid Tower,13.0,1
159.0,140.0,,,,Mini ITX Tower,-19.0,0
130.0,65.0,,,,Mini ITX Tower,-65.0,0
150.0,210.0,,,,ATX Mid Tower,60.0,1
155.0,165.0,,,,Micro ATX Mini Tower,10.0,1
23.0,157.0,,,,Micro ATX Mini Tower,134.0,1
160.0,68.0,,,,Mini ITX Tower,-92.0,0
154.0,166.0,,,,ATX Mid Tower,12.0,1
118.0,168.0,120.0,3,360.0,ATX Mid Tower,50.0,1
72.0,172.0,120.0,3,360.0,ATX Mid Tower,100.0,1
66.1,184.0,120.0,3,360.0,ATX Mid Tower,117.9,1
159.0,158.75,,,,ATX Mid Tower,-0.25,0
157.0,165.0,,,,ATX Mid Tower,8.0,1
154.0,170.0,,,,ATX Mid Tower,16.0,1
165.0,77.0,,,,Mini ITX Tower,-88.0,0
154.0,65.0,,,,Mini ITX Tower,-89.0,0
155.0,58.0,120.0,,,HTPC,-97.0,0
160.0,95.0,,,,ATX Mid Tower,-65.0,0
165.0,188.0,,,,ATX Mid Tower,23.0,1
65.0,170.0,,,,EATX Full Tower,105.0,1
155.0,185.0,,,,ATX Mid Tower,30.0,1
56.0,190.0,120.0,2,240.0,ATX Full Tower,134.0,1
153.0,130.0,,,,Mini ITX Tower,-23.0,0
156.0,180.0,,,,ATX Mid Tower,24.0,1
134.0,47.0,120.0,,,Micro ATX Desktop,-87.0,0
165.0,182.0,,,,ATX Full Tower,17.0,1
41.0,180.0,,,,EATX Full Tower,139.0,1
155.0,178.0,,,,ATX Mid Tower,23.0,1
160.0,140.0,,,,Mini ITX Tower,-20.0,0
186.0,145.0,120.0,3,360.0,ATX Mid Tower,-41.0,0
162.0,114.0,,,,Mini ITX Tower,-48.0,0
157.0,150.0,,,,Micro ATX Mid Tower,-7.0,0
168.0,185.0,,,,Micro ATX Desktop,17.0,1
158.0,173.0,120.0,2,,Micro ATX Mini Tower,15.0,1
162.0,150.0,,,,Micro ATX Mini Tower,-12.0,0
165.0,160.0,,,,Micro ATX Mini Tower,-5.0,0
47.6,163.5,120.0,2,240.0,Micro ATX Mini Tower,115.9,1
150.0,67.0,,,,Mini ITX Tower,-83.0,0
51.0,150.0,,,240.0,Micro ATX Mid Tower,99.0,1
154.0,70.0,,,,Micro ATX Desktop,-84.0,0
122.0,68.0,,,,Mini ITX Tower,-54.0,0
55.0,166.0,,,240.0,Micro ATX Mid Tower,111.0,1
63.0,173.0,,,,ATX Mid Tower,110.0,1
116.0,154.0,,,,Micro ATX Mid Tower,38.0,1
155.0,61.0,,,,Mini ITX Tower,-94.0,0
158.0,150.0,120.0,2,,Micro ATX Mid Tower,-8.0,0
158.0,150.0,140.0,2,,ATX Mid Tower,-8.0,0
125.0,170.0,120.0,2,240.0,ATX Mid Tower,45.0,1
70.0,171.0,,,,ATX Mid Tower,101.0,1
52.0,165.0,120.0,3,360.0,ATX Mid Tower,113.0,1
69.0,61.0,,,360.0,Mini ITX Tower,-8.0,0
146.0,160.0,,,,Micro ATX Mini Tower,14.0,1
136.0,70.0,,,,Mini ITX Tower,-66.0,0
30.4,170.0,120.0,3,360.0,Micro ATX Mid Tower,139.6,1
161.0,155.0,,,,ATX Mid Tower,-6.0,0
54.0,185.0,,,,ATX Full Tower,131.0,1
154.0,61.0,,,,Mini ITX Tower,-93.0,0
169.0,190.0,,,,ATX Full Tower,21.0,1
60.0,180.0,,,360.0,EATX Mid Tower,120.0,1
69.0,65.0,,,,Micro ATX Mini Tower,-4.0,0
23.0,148.0,,,,Micro ATX Mid Tower,125.0,1
45.0,160.0,120.0,2,240.0,ATX Mid Tower,115.0,1
168.0,180.0,,,,ATX Mid Tower,12.0,1
158.0,135.0,,,,Micro ATX Mid Tower,-23.0,0
170.0,58.0,,,,HTPC,-112.0,0
159.0,167.0,,,,ATX Full Tower,8.0,1
155.0,154.0,,,,Micro ATX Mid Tower,-1.0,0
94.5,180.0,140.0,2,280.0,ATX Mid Tower,85.5,1
73.0,160.0,,,,ATX Mid Tower,87.0,1
38.0,167.0,,,,ATX Mid Tower,129.0,1
153.0,150.0,,,,Micro ATX Mid Tower,-3.0,0
60.0,150.0,,,280.0,ATX Mid Tower,90.0,1
158.0,70.0,,,,HTPC,-88.0,0
28.0,165.0,,,,ATX Mid Tower,137.0,1
136.0,155.0,,,,Micro ATX Mini Tower,19.0,1
154.0,150.0,,,,ATX Mid Tower,-4.0,0
165.0,77.0,,,,HTPC,-88.0,0
157.0,180.0,,,,ATX Mid Tower,23.0,1
172.0,77.0,,,,HTPC,-95.0,0
148.0,160.0,120.0,,,ATX Mid Tower,12.0,1
165.0,160.0,,,,Micro ATX Mid Tower,-5.0,0
140.0,65.0,,,,Mini ITX Tower,-75.0,0
165.0,156.0,,,,ATX Mid Tower,-9.0,0
155.0,210.0,,,,Micro ATX Mini Tower,55.0,1
171.0,176.0,,,,ATX Full Tower,5.0,1
58.0,178.0,,,360.0,ATX Mid Tower,120.0,1
154.0,175.0,120.0,2,,ATX Mid Tower,21.0,1
154.0,165.0,,,,Mini ITX Tower,11.0,1
125.0,165.0,120.0,3,360.0,ATX Mid Tower,40.0,1
116.0,114.0,120.0,3,360.0,Mini ITX Tower,-2.0,0
166.0,150.0,,,,Micro ATX Mid Tower,-16.0,0
45.0,145.0,,,,ATX Mid Tower,100.0,1
166.0,160.0,,,,ATX Mid Tower,-6.0,0
156.0,168.0,,,,ATX Mid Tower,12.0,1
135.0,75.0,,,,Mini ITX Tower,-60.0,0
69.0,167.0,,,,EATX Mid Tower,98.0,1
80.6,160.0,120.0,2,240.0,ATX Mid Tower,79.4,1
101.0,210.0,120.0,2,240.0,ATX Mid Tower,109.0,1
55.0,190.0,,,,ATX Mid Tower,135.0,1
155.0,156.0,,,,Micro ATX Mini Tower,1.0,1
133.0,77.0,,,,Mini ITX Tower,-56.0,0
65.0,163.0,,,360.0,ATX Mid Tower,98.0,1
150.0,165.0,,,,ATX Mid Tower,15.0,1
49.0,165.0,,,420.0,ATX Mid Tower,116.0,1
45.0,155.0,,,,Micro ATX Mid Tower,110.0,1
156.0,155.0,,,,ATX Mid Tower,-1.0,0
154.0,170.0,,,,ATX Mid Tower,16.0,1
146.0,65.0,,,,Micro ATX Mini Tower,-81.0,0
154.0,170.0,,,,ATX Mid Tower,16.0,1
68.0,38.0,140.0,3,420.0,Mini ITX Tower,-30.0,0
133.0,171.0,,,,ATX Mid Tower,38.0,1
157.0,82.0,,,,Micro ATX Mini Tower,-75.0,0
150.0,58.0,,,,HTPC,-92.0,0
159.0,70.0,,,,Mini ITX Tower,-89.0,0
154.0,70.0,,,,HTPC,-84.0,0
47.0,160.0,,,360.0,ATX Mid Tower,113.0,1
62.0,165.0,120.0,3,360.0,ATX Mid Tower,103.0,1
154.0,58.0,,,,HTPC,-96.0,0
157.0,175.0,,,,ATX Mid Tower,18.0,1
14.0,180.0,,,,ATX Mid Tower,166.0,1
59.0,173.0,,,360.0,ATX Mid Tower,114.0,1
156.0,68.0,,,,Mini ITX Tower,-88.0,0
39.0,170.0,,,,ATX Mid Tower,131.0,1
160.0,155.0,,,,ATX Mid Tower,-5.0,0
54.0,180.0,,,420.0,ATX Mid Tower,126.0,1
51.0,165.0,,,420.0,Mini ITX Tower,114.0,1
116.0,70.0,120.0,3,360.0,Mini ITX Tower,-46.0,0
155.0,170.0,,,,ATX Mid Tower,15.0,1
163.0,160.0,,,,ATX Mid Tower,-3.0,0
158.0,165.0,,,,ATX Mid Tower,7.0,1
37.0,170.0,,,,EATX Mid Tower,133.0,1
152.0,180.0,,,,ATX Mid Tower,28.0,1
163.0,160.0,,,,Micro ATX Mini Tower,-3.0,0
165.0,164.0,,,,Micro ATX Desktop,-1.0,0
37.0,190.0,,,,ATX Full Tower,153.0,1
139.0,210.0,,,,Micro ATX Mini Tower,71.0,1
158.0,167.0,,,,ATX Mid Tower,9.0,1
156.0,165.0,,,,ATX Mid Tower,9.0,1
148.0,70.0,,,,Mini ITX Tower,-78.0,0
125.0,68.0,,,360.0,Mini ITX Tower,-57.0,0
154.0,88.2,120.0,2,,ATX Mid Tower,-65.8,0
160.0,65.0,,,,Mini ITX Tower,-95.0,0
125.0,175.0,,,360.0,ATX Mid Tower,50.0,1
154.0,61.0,,,,Mini ITX Tower,-93.0,0
160.0,175.0,,,,ATX Mid Tower,15.0,1
169.0,165.0,,,,Micro ATX Mini Tower,-4.0,0
51.0,210.0,,,420.0,Micro ATX Mini Tower,159.0,1
75.0,70.0,,,,Mini ITX Tower,-5.0,0
163.0,155.0,,,,ATX Mid Tower,-8.0,0
158.0,138.0,140.0,2,,HTPC,-20.0,0
154.0,120.0,,,,Mini ITX Tower,-34.0,0
121.0,190.0,120.0,3,360.0,ATX Mid Tower,69.0,1
167.0,165.0,,,,Micro ATX Mini Tower,-2.0,0
166.0,160.0,,,,ATX Mid Tower,-6.0,0
130.0,173.0,,,,ATX Mid Tower,43.0,1
101.0,67.0,120.0,3,360.0,Mini ITX Tower,-34.0,0
158.0,155.0,,,,Micro ATX Mid Tower,-3.0,0
56.0,167.0,,,240.0,ATX Mid Tower,111.0,1
157.0,120.0,,,,Mini ITX Tower,-37.0,0
52.0,180.0,,,240.0,ATX Mid Tower,128.0,1
158.0,155.0,,,,ATX Mid Tower,-3.0,0
86.0,57.0,,,,Micro ATX Desktop,-29.0,0
163.0,160.0,,,,ATX Mid Tower,-3.0,0
162.0,160.0,,,,ATX Mid Tower,-2.0,0
123.0,165.0,,,,ATX Mid Tower,42.0,1
156.0,210.0,,,,Micro ATX Mid Tower,54.0,1
159.0,165.0,,,,ATX Mid Tower,6.0,1
154.0,135.0,120.0,2,,Micro ATX Mid Tower,-19.0,0
156.0,180.0,,,,ATX Mid Tower,24.0,1
141.0,114.0,,,,Mini ITX Tower,-27.0,0
166.0,58.0,120.0,,,HTPC,-108.0,0
166.0,160.0,,,,ATX Mid Tower,-6.0,0
158.0,77.0,,,,Mini ITX Tower,-81.0,0
157.0,82.0,,,,Micro ATX Desktop,-75.0,0
65.0,165.0,,,360.0,ATX Mid Tower,100.0,1
160.0,61.0,,,,Mini ITX Tower,-99.0,0
149.0,83.0,,,,Mini ITX Tower,-66.0,0
155.0,185.0,120.0,,,ATX Mid Tower,30.0,1
140.0,55.0,,,,Mini ITX Tower,-85.0,0
68.0,170.0,,,,ATX Mid Tower,102.0,1
64.4,185.0,120.0,3,360.0,ATX Mid Tower,120.6,1
160.0,155.0,,,,ATX Mid Tower,-5.0,0
155.0,70.0,120.0,2,,Micro ATX Desktop,-85.0,0
154.0,190.0,,,,ATX Full Tower,36.0,1
150.0,167.0,,,,ATX Mid Tower,17.0,1
67.0,179.0,,,,ATX Mid Tower,112.0,1
42.0,170.0,,,240.0,ATX Mid Tower,128.0,1
55.0,160.0,,,,Micro ATX Mid Tower,105.0,1
157.0,210.0,,,,Micro ATX Mini Tower,53.0,1
159.0,68.0,,,,Mini ITX Tower,-91.0,0
157.0,77.0,,,,HTPC,-80.0,0
157.0,145.0,120.0,2,,ATX Mid Tower,-12.0,0
148.0,185.0,120.0,,,ATX Mid Tower,37.0,1
160.0,48.0,,,,Mini ITX Tower,-112.0,0
153.0,120.0,,,,Mini ITX Tower,-33.0,0
162.0,68.0,,,,Mini ITX Tower,-94.0,0
66.1,160.0,120.0,3,360.0,Micro ATX Mid Tower,93.9,1
160.0,155.0,,,,ATX Mid Tower,-5.0,0
160.0,70.0,,,,Mini ITX Tower,-90.0,0
171.0,166.0,,,,ATX Mid Tower,-5.0,0
52.0,210.0,,,240.0,Mini ITX Tower,158.0,1
154.0,70.0,,,,HTPC,-84.0,0
151.0,150.0,120.0,2,,Micro ATX Mini Tower,-1.0,0
164.0,160.0,,,,Micro ATX Mini Tower,-4.0,0
68.0,175.0,,,360.0,ATX Mid Tower,107.0,1
156.0,180.0,,,,ATX Mid Tower,24.0,1
171.0,160.0,,,,ATX Mid Tower,-11.0,0
110.0,175.0,,,,ATX Mid Tower,65.0,1
159.0,157.0,,,,Micro ATX Mini Tower,-2.0,0
131.0,185.0,,,,ATX Mid Tower,54.0,1
155.0,185.0,,,,ATX Mid Tower,30.0,1
66.0,190.0,120.0,2,240.0,Mini ITX Tower,124.0,1
154.0,146.0,120.0,2,,HTPC,-8.0,0
37.0,162.0,,,,ATX Mid Tower,125.0,1
154.0,150.0,,,,ATX Mid Tower,-4.0,0
80.0,165.0,120.0,2,240.0,Micro ATX Mini Tower,85.0,1
160.0,61.0,,,,Mini ITX Tower,-99.0,0
125.0,95.0,,,,ATX Mid Tower,-30.0,0
136.0,70.0,,,,HTPC,-66.0,0
165.0,178.0,,,,ATX Mid Tower,13.0,1
160.0,166.0,,,,ATX Mid Tower,6.0,1
159.0,185.0,120.0,1,,ATX Mid Tower,26.0,1
161.0,70.0,,,,Mini ITX Tower,-91.0,0
159.0,190.0,,,,ATX Full Tower,31.0,1
158.0,198.0,,,,ATX Full Tower,40.0,1
155.0,38.0,120.0,1,,Mini ITX Tower,-117.0,0
157.0,90.0,,,,Micro ATX Desktop,-67.0,0
155.0,154.0,,,,Micro ATX Mid Tower,-1.0,0
162.0,155.0,,,,ATX Mid Tower,-7.0,0
137.0,160.0,,,,Micro ATX Mini Tower,23.0,1
125.0,75.0,,,,Micro ATX Mini Tower,-50.0,0
154.0,170.0,,,,ATX Mid Tower,16.0,1
160.0,138.0,,,,HTPC,-22.0,0
159.0,114.0,,,,Mini ITX Tower,-45.0,0
163.0,67.0,,,,Mini ITX Tower,-96.0,0
154.0,185.0,120.0,2,,ATX Mid Tower,31.0,1
159.0,65.0,,,,Mini ITX Tower,-94.0,0
160.0,156.0,,,,ATX Mid Tower,-4.0,0
162.0,185.0,,,,ATX Mid Tower,23.0,1
125.0,55.0,,,,Mini ITX Tower,-70.0,0
164.0,160.0,,,,Micro ATX Mini Tower,-4.0,0
100.0,70.0,,,,Mini ITX Tower,-30.0,0
100.0,185.0,,,,ATX Mid Tower,85.0,1
77.0,157.0,,,,ATX Mid Tower,80.0,1
158.0,185.0,,,,ATX Mid Tower,27.0,1
158.0,157.0,,,,ATX Mid Tower,-1.0,0
157.0,150.0,,,,ATX Mid Tower,-7.0,0
125.0,185.0,,,,ATX Mid Tower,60.0,1
158.0,61.0,,,,Mini ITX Tower,-97.0,0
158.0,170.0,,,,ATX Mid Tower,12.0,1
158.0,150.0,,,,ATX Mid Tower,-8.0,0
101.0,161.0,120.0,3,360.0,Micro ATX Mid Tower,60.0,1
165.0,170.0,,,,ATX Mid Tower,5.0,1
154.0,160.0,,,,ATX Mid Tower,6.0,1
130.0,167.0,,,,ATX Mid Tower,37.0,1
162.0,160.0,135.0,2,,ATX Mid Tower,-2.0,0
158.0,155.0,,,,Micro ATX Mid Tower,-3.0,0
91.0,57.0,120.0,3,360.0,Micro ATX Desktop,-34.0,0
158.0,180.0,,,,ATX Mid Tower,22.0,1
148.0,47.0,,,,Micro ATX Desktop,-101.0,0
66.0,120.0,,,,Mini ITX Tower,54.0,1
148.0,67.0,,,,Mini ITX Tower,-81.0,0
62.0,169.0,,,360.0,ATX Mid Tower,107.0,1
141.0,61.0,,,,Mini ITX Tower,-80.0,0
65.0,165.0,,,360.0,ATX Mid Tower,100.0,1
84.0,61.0,,,,Mini ITX Tower,-23.0,0
155.0,50.0,120.0,1,,Mini ITX Tower,-105.0,0
171.0,150.0,,,,ATX Mid Tower,-21.0,0
72.0,193.0,120.0,3,360.0,ATX Full Tower,121.0,1
60.0,175.0,,,360.0,ATX Mid Tower,115.0,1
160.0,155.0,,,,Micro ATX Mini Tower,-5.0,0
155.0,170.0,120.0,,,ATX Mid Tower,15.0,1
63.0,173.0,,,,ATX Mid Tower,110.0,1
156.0,65.0,,,,HTPC,-91.0,0
145.0,120.0,,,,Mini ITX Tower,-25.0,0
152.0,165.0,,,,ATX Mid Tower,13.0,1
165.0,163.0,,,,ATX Mid Tower,-2.0,0
66.1,173.0,120.0,3,360.0,ATX Mid Tower,106.9,1
166.0,168.0,,,,Micro ATX Mini Tower,2.0,1
162.0,160.0,,,,ATX Mid Tower,-2.0,0
154.0,185.0,,,,ATX Mid Tower,31.0,1
167.0,160.0,,,,Micro ATX Mini Tower,-7.0,0
69.0,67.0,,,,Mini ITX Tower,-2.0,0
58.0,156.0,,,360.0,ATX Mid Tower,98.0,1
88.0,185.0,,,,EATX Mid Tower,97.0,1
136.0,75.0,,,,Micro ATX Mini Tower,-61.0,0
48.0,170.0,,,360.0,ATX Mid Tower,122.0,1
148.0,67.0,,,,Mini ITX Tower,-81.0,0
48.0,70.0,,,240.0,HTPC,22.0,1
65.0,185.0,,,,Micro ATX Mid Tower,120.0,1
153.0,85.0,,,,Mini ITX Tower,-68.0,0
159.0,154.0,,,,Micro ATX Mid Tower,-5.0,0
166.0,185.0,,,,Micro ATX Mini Tower,19.0,1
154.0,77.0,,,,HTPC,-77.0,0
160.0,170.0,,,,ATX Mid Tower,10.0,1
159.0,185.0,,,,EATX Mid Tower,26.0,1
152.0,165.0,120.0,1,,Micro ATX Mini Tower,13.0,1
135.0,165.0,,,,ATX Mid Tower,30.0,1
159.0,156.0,,,,Micro ATX Mid Tower,-3.0,0
52.0,175.0,,,120.0,ATX Mid Tower,123.0,1
158.0,165.0,,,,ATX Mid Tower,7.0,1
165.0,190.0,,,,EATX Full Tower,25.0,1
80.6,172.0,120.0,2,240.0,Mini ITX Tower,91.4,1
148.0,160.0,,,,Micro ATX Mini Tower,12.0,1
54.0,165.0,,,420.0,ATX Mid Tower,111.0,1
125.0,168.0,,,360.0,ATX Mid Tower,43.0,1
165.0,160.0,,,,ATX Mid Tower,-5.0,0
159.0,165.0,120.0,1,,ATX Mid Tower,6.0,1
128.0,165.0,,,,ATX Full Tower,37.0,1
168.0,150.0,120.0,,,Micro ATX Mid Tower,-18.0,0
64.24,160.0,120.0,3,360.0,Micro ATX Mini Tower,95.76,1
158.0,180.0,,,,ATX Mid Tower,22.0,1
172.0,185.0,,,,ATX Mid Tower,13.0,1
155.0,135.0,120.0,2,,Micro ATX Mid Tower,-20.0,0
51.0,165.0,,,360.0,ATX Mid Tower,114.0,1
160.0,155.0,,,,Micro ATX Mid Tower,-5.0,0
80.6,167.0,120.0,2,240.0,Micro ATX Mini Tower,86.4,1
68.0,167.0,140.0,2,280.0,Mini ITX Tower,99.0,1
123.0,164.0,,,,Micro ATX Desktop,41.0,1
165.0,160.0,,,,ATX Mid Tower,-5.0,0
154.0,172.0,,,,ATX Mid Tower,18.0,1
162.0,160.0,,,,ATX Mid Tower,-2.0,0
165.0,193.0,,,,ATX Full Tower,28.0,1
153.0,180.0,,,,ATX Mid Tower,27.0,1
154.0,70.0,,,,HTPC,-84.0,0
163.0,160.0,,,,Micro ATX Mid Tower,-3.0,0
69.0,48.0,120.0,2,240.0,Mini ITX Tower,-21.0,0
151.0,45.0,120.0,2,,Mini ITX Tower,-106.0,0
65.0,160.0,,,360.0,ATX Mid Tower,95.0,1
125.0,167.0,,,360.0,ATX Mid Tower,42.0,1
154.0,185.0,,,,ATX Full Tower,31.0,1
53.0,150.0,,,240.0,Micro ATX Mid Tower,97.0,1
86.0,61.0,,,,Mini ITX Tower,-25.0,0
156.0,163.5,,,,Micro ATX Mid Tower,7.5,1
123.0,160.0,,,,Micro ATX Mini Tower,37.0,1
168.0,150.0,120.0,,,Mini ITX Tower,-18.0,0
68.0,185.0,,,,ATX Mid Tower,117.0,1
37.0,155.0,,,,Mini ITX Tower,118.0,1
55.0,170.0,,,360.0,ATX Mid Tower,115.0,1
164.0,160.0,,,,ATX Mid Tower,-4.0,0
30.0,180.0,,,,ATX Full Tower,150.0,1
169.0,81.0,,,,Micro ATX Slim Tower,-88.0,0
113.0,77.0,,,,HTPC,-36.0,0
153.0,180.0,,,,ATX Mid Tower,27.0,1
150.0,188.0,,,,ATX Mid Tower,38.0,1
130.0,167.0,,,,ATX Mid Tower,37.0,1
125.0,161.0,,,,ATX Mid Tower,36.0,1
159.0,180.0,,,,ATX Mid Tower,21.0,1
80.6,67.0,120.0,2,240.0,Mini ITX Tower,-13.6,0
153.0,150.0,,,,ATX Mid Tower,-3.0,0
170.0,120.0,,,,Mini ITX Tower,-50.0,0
56.0,160.0,,,360.0,ATX Mid Tower,104.0,1
148.0,110.0,,,,Mini ITX Tower,-38.0,0
165.0,155.0,,,,ATX Full Tower,-10.0,0
158.0,155.0,,,,Micro ATX Mid Tower,-3.0,0
155.0,65.0,120.0,2,,HTPC,-90.0,0
135.0,110.0,,,,Mini ITX Tower,-25.0,0
137.0,159.0,,,,ATX Mid Tower,22.0,1
172.0,155.0,,,,ATX Mid Tower,-17.0,0
118.0,77.0,120.0,,,Mini ITX Tower,-41.0,0
160.0,156.0,120.0,2,,Micro ATX Mini Tower,-4.0,0
156.0,158.75,,,,ATX Mid Tower,2.75,1
160.0,45.0,,,,Mini ITX Tower,-115.0,0
105.0,160.0,,,360.0,ATX Mid Tower,55.0,1
170.0,160.0,,,,ATX Mini Tower,-10.0,0
163.0,168.0,,,,ATX Mid Tower,5.0,1
65.0,187.0,360.0,1,360.0,ATX Mid Tower,122.0,1
156.0,77.0,,,,HTPC,-79.0,0
84.0,193.0,120.0,2,240.0,ATX Full Tower,109.0,1
160.0,158.0,,,,ATX Mid Tower,-2.0,0
165.0,155.0,,,,Micro ATX Mid Tower,-10.0,0
155.0,154.0,,,,Micro ATX Mid Tower,-1.0,0
164.0,160.0,,,,ATX Mid Tower,-4.0,0
148.0,75.0,,,,Micro ATX Mini Tower,-73.0,0
156.0,138.0,,,,HTPC,-18.0,0
158.0,70.0,,,,Mini ITX Tower,-88.0,0
69.0,55.0,,,,Mini ITX Tower,-14.0,0
153.0,190.0,,,,ATX Full Tower,37.0,1
165.0,160.0,,,,ATX Mid Tower,-5.0,0
162.0,140.0,,,,Mini ITX Tower,-22.0,0
159.0,65.0,,,,Micro ATX Mini Tower,-94.0,0
159.0,160.0,,,,ATX Mid Tower,1.0,1
159.0,155.0,,,,Micro ATX Mid Tower,-4.0,0
155.0,185.0,,,,ATX Mid Tower,30.0,1
165.0,165.0,,,,ATX Mid Tower,0.0,1
47.0,150.0,,,120.0,ATX Mid Tower,103.0,1
158.0,185.0,,,,ATX Mid Tower,27.0,1
161.0,160.0,,,,Mini ITX Tower,-1.0,0
21.0,167.0,,,,ATX Mid Tower,146.0,1
27.0,167.0,,,,ATX Mid Tower,140.0,1
131.0,170.0,,,,ATX Mid Tower,39.0,1
130.0,175.0,,,,ATX Mid Tower,45.0,1
154.0,83.0,,,,Mini ITX Tower,-71.0,0
160.0,160.0,,,,ATX Mid Tower,0.0,1
155.0,173.0,,,,Micro ATX Mini Tower,18.0,1
157.0,173.0,,,,ATX Mid Tower,16.0,1
155.0,140.0,,,,Mini ITX Tower,-15.0,0
136.0,175.0,,,,EATX Full Tower,39.0,1
153.0,160.0,,,,ATX Mid Tower,7.0,1
55.0,185.0,120.0,2,240.0,ATX Mid Tower,130.0,1
162.0,160.0,,,,ATX Mid Tower,-2.0,0
150.0,160.0,,,,ATX Mid Tower,10.0,1
159.0,151.0,,,,Micro ATX Mini Tower,-8.0,0
156.0,185.0,,,,ATX Mid Tower,29.0,1
157.0,155.0,,,,ATX Mid Tower,-2.0,0
69.0,65.0,,,,Mini ITX Tower,-4.0,0
94.5,160.0,120.0,1,,ATX Mid Tower,65.5,1
58.0,160.0,,,240.0,ATX Mini Tower,102.0,1
60.0,175.0,,,,ATX Mid Tower,115.0,1
116.0,167.0,140.0,2,280.0,ATX Full Tower,51.0,1
156.0,85.0,,,,Mini ITX Tower,-71.0,0
165.0,160.0,,,,ATX Mid Tower,-5.0,0
164.0,67.0,,,,Mini ITX Tower,-97.0,0
154.0,138.0,,,,HTPC,-16.0,0
65.0,160.0,360.0,1,360.0,ATX Mid Tower,95.0,1
155.0,148.0,,,,Micro ATX Mini Tower,-7.0,0
159.0,158.0,,,,ATX Mid Tower,-1.0,0
157.0,165.0,,,,ATX Mid Tower,8.0,1
159.0,160.0,,,,Micro ATX Mid Tower,1.0,1
66.0,61.0,,,,Mini ITX Tower,-5.0,0
161.0,138.0,120.0,3,360.0,HTPC,-23.0,0
110.0,65.0,,,,HTPC,-45.0,0
63.0,165.0,,,,ATX Mid Tower,102.0,1
149.0,165.0,,,,EATX Mid Tower,16.0,1
58.0,180.5,,,360.0,EATX Mid Tower,122.5,1
160.0,48.0,,,,Mini ITX Tower,-112.0,0
52.0,38.0,120.0,3,360.0,Mini ITX Tower,-14.0,0
101.0,82.0,120.0,2,240.0,Micro ATX Mini Tower,-19.0,0
68.0,170.0,140.0,3,420.0,ATX Mid Tower,102.0,1
165.0,160.0,,,,ATX Mid Tower,-5.0,0
56.0,155.0,120.0,,360.0,ATX Mid Tower,99.0,1
165.0,67.0,,,,Mini ITX Tower,-98.0,0
89.8,70.0,120.0,3,360.0,Mini ITX Tower,-19.8,0
163.0,90.0,120.0,,,Micro ATX Desktop,-73.0,0
157.0,150.0,,,,ATX Mid Tower,-7.0,0
70.0,165.0,,,280.0,Micro ATX Mini Tower,95.0,1
66.0,160.0,,,360.0,ATX Mid Tower,94.0,1
171.0,170.0,,,,ATX Mid Tower,-1.0,0
27.0,155.0,,,,ATX Mid Tower,128.0,1
154.0,160.0,120.0,2,,ATX Mid Tower,6.0,1
101.0,178.0,120.0,2,240.0,ATX Mid Tower,77.0,1
156.0,165.0,,,,ATX Mid Tower,9.0,1
82.0,65.0,,,,HTPC,-17.0,0
41.0,190.0,,,,ATX Mid Tower,149.0,1
130.0,180.0,,,,ATX Mid Tower,50.0,1
152.0,61.0,,,,Mini ITX Tower,-91.0,0
162.0,160.0,,,,ATX Mid Tower,-2.0,0
56.0,184.0,,,280.0,ATX Mid Tower,128.0,1
161.0,155.0,,,,Micro ATX Mini Tower,-6.0,0
165.0,165.0,,,,ATX Mid Tower,0.0,1
160.0,160.0,,,,ATX Mid Tower,0.0,1
162.0,160.0,,,,ATX Mid Tower,-2.0,0
155.0,57.0,120.0,1,,Mini ITX Tower,-98.0,0
168.0,165.0,120.0,,,ATX Mid Tower,-3.0,0
58.0,150.0,,,360.0,Micro ATX Mid Tower,92.0,1
156.0,180.0,,,,ATX Mid Tower,24.0,1
65.0,47.0,,,360.0,Micro ATX Desktop,-18.0,0
78.0,161.0,,,360.0,ATX Mid Tower,83.0,1
135.0,185.0,,,,ATX Mid Tower,50.0,1
160.0,50.0,,,,Mini ITX Tower,-110.0,0
157.0,75.0,,,,Mini ITX Tower,-82.0,0
56.0,170.0,120.0,2,240.0,ATX Mid Tower,114.0,1
170.0,165.0,,,,Micro ATX Mini Tower,-5.0,0
56.0,168.0,,,240.0,ATX Mid Tower,112.0,1
116.0,210.0,120.0,2,240.0,Micro ATX Mini Tower,94.0,1
158.0,156.0,,,,ATX Mid Tower,-2.0,0
47.6,170.0,120.0,2,240.0,ATX Mid Tower,122.4,1
159.0,140.0,,,,Mini ITX Tower,-19.0,0
155.0,120.0,,,,Mini ITX Tower,-35.0,0
157.0,82.0,,,,Micro ATX Mid Tower,-75.0,0
161.0,160.0,,,,ATX Mid Tower,-1.0,0
159.0,150.0,,,,ATX Mid Tower,-9.0,0
158.0,55.0,,,,Mini ITX Tower,-103.0,0
64.0,175.0,,,,ATX Mid Tower,111.0,1
152.0,148.0,120.0,1,,Micro ATX Mid Tower,-4.0,0
101.0,70.0,120.0,3,360.0,HTPC,-31.0,0
160.0,120.0,,,,Mini ITX Tower,-40.0,0
161.0,185.0,,,,ATX Full Tower,24.0,1
159.0,150.0,,,,ATX Mid Tower,-9.0,0
157.0,185.0,,,,ATX Mid Tower,28.0,1
158.0,165.0,,,,ATX Mid Tower,7.0,1
136.0,155.0,,,,Micro ATX Mini Tower,19.0,1
42.0,180.0,,,360.0,ATX Full Tower,138.0,1
158.0,70.0,,,,Mini ITX Tower,-88.0,0
164.0,148.0,,,,ATX Mid Tower,-16.0,0
55.0,178.0,,,,ATX Mid Tower,123.0,1
118.0,170.0,120.0,3,360.0,ATX Mid Tower,52.0,1
154.0,165.0,,,,ATX Mid Tower,11.0,1
53.0,180.0,120.0,2,240.0,Micro ATX Mini Tower,127.0,1
154.0,114.0,,,,Mini ITX Tower,-40.0,0
48.0,155.0,,,240.0,ATX Mid Tower,107.0,1
130.0,185.0,,,,Micro ATX Mid Tower,55.0,1
154.0,140.0,,,,Mini ITX Tower,-14.0,0
160.0,155.0,,,,Micro ATX Mid Tower,-5.0,0
148.0,140.0,,,,Mini ITX Tower,-8.0,0
157.0,154.0,,,,Micro ATX Mid Tower,-3.0,0
169.0,155.0,120.0,2,,ATX Mid Tower,-14.0,0
159.0,190.0,,,,ATX Mid Tower,31.0,1
135.0,174.0,92.0,,,ATX Mid Tower,39.0,1
151.0,164.0,,,,Micro ATX Desktop,13.0,1
153.0,167.0,,,,Mini ITX Tower,14.0,1
155.0,170.0,120.0,1,,ATX Mid Tower,15.0,1
155.0,140.0,,,,Mini ITX Tower,-15.0,0
66.0,167.0,,,360.0,ATX Mid Tower,101.0,1
166.0,160.0,,,,ATX Mid Tower,-6.0,0
69.0,173.0,,,240.0,ATX Mid Tower,104.0,1
154.0,70.0,120.0,2,,Mini ITX Tower,-84.0,0
142.0,155.0,,,,Mini ITX Tower,13.0,1
136.0,173.0,,,,ATX Mid Tower,37.0,1
156.0,70.0,,,,Mini ITX Tower,-86.0,0
30.4,50.0,120.0,3,360.0,Mini ITX Tower,19.6,1
155.0,155.0,120.0,,,Micro ATX Mid Tower,0.0,1
160.0,150.0,,,,ATX Mid Tower,-10.0,0
161.0,160.0,120.0,2,,ATX Mid Tower,-1.0,0
162.0,160.0,,,,Micro ATX Mini Tower,-2.0,0
154.0,70.0,120.0,2,,Mini ITX Tower,-84.0,0
160.0,159.0,,,,Micro ATX Mini Tower,-1.0,0
159.0,158.0,,,,ATX Full Tower,-1.0,0
80.0,180.0,120.0,2,240.0,ATX Mid Tower,100.0,1
154.0,148.0,,,,ATX Mid Tower,-6.0,0
56.0,190.0,120.0,3,360.0,ATX Mid Tower,134.0,1
170.0,170.0,,,,ATX Mid Tower,0.0,1
69.0,67.0,120.0,2,240.0,Mini ITX Tower,-2.0,0
162.0,160.0,,,,ATX Mid Tower,-2.0,0
160.0,185.0,,,,EATX Mid Tower,25.0,1
154.0,70.0,,,,Mini ITX Tower,-84.0,0
157.0,77.0,,,,Mini ITX Tower,-80.0,0
168.0,82.0,120.0,,,Micro ATX Desktop,-86.0,0
166.0,188.0,,,,ATX Mid Tower,22.0,1
157.0,150.0,,,,ATX Mid Tower,-7.0,0
161.0,160.0,,,,ATX Mid Tower,-1.0,0
60.0,170.0,120.0,,360.0,ATX Mid Tower,110.0,1
158.0,75.0,,,,Micro ATX Mini Tower,-83.0,0
151.0,190.0,,,,ATX Full Tower,39.0,1
30.0,180.0,,,,ATX Mid Tower,150.0,1
160.0,170.0,,,,ATX Mid Tower,10.0,1
105.0,45.0,,,280.0,Mini ITX Tower,-60.0,0
157.0,148.0,,,,Micro ATX Mid Tower,-9.0,0
161.0,173.0,,,,ATX Mid Tower,12.0,1
168.0,165.0,,,,Micro ATX Mini Tower,-3.0,0
158.0,175.0,,,,ATX Mid Tower,17.0,1
54.0,175.0,120.0,2,240.0,ATX Mid Tower,121.0,1
149.0,77.0,,,,HTPC,-72.0,0
157.0,155.0,,,,ATX Mid Tower,-2.0,0
157.0,138.0,,,,HTPC,-19.0,0
172.0,155.0,,,,ATX Mid Tower,-17.0,0
155.0,148.0,,,,ATX Mid Tower,-7.0,0
160.0,146.0,,,,ATX Mid Tower,-14.0,0
160.0,160.0,,,,ATX Mid Tower,0.0,1
135.0,195.0,,,,ATX Mid Tower,60.0,1
21.0,184.0,,,,ATX Mid Tower,163.0,1
164.0,160.0,,,,ATX Mid Tower,-4.0,0
136.0,68.0,,,,Mini ITX Tower,-68.0,0
155.0,148.0,,,,Micro ATX Mini Tower,-7.0,0
154.0,170.0,,,,ATX Mid Tower,16.0,1
75.0,57.0,120.0,2,240.0,Micro ATX Desktop,-18.0,0
165.0,163.0,,,,ATX Mid Tower,-2.0,0
152.0,210.0,,,,ATX Mid Tower,58.0,1
161.0,47.0,,,,Micro ATX Desktop,-114.0,0
68.5,160.0,120.0,3,360.0,ATX Mid Tower,91.5,1
89.8,85.0,120.0,3,360.0,Mini ITX Tower,-4.8,0
150.0,114.0,,,,Mini ITX Tower,-36.0,0
166.0,160.0,120.0,,,Micro ATX Mini Tower,-6.0,0
136.0,70.0,,,,Mini ITX Tower,-66.0,0
165.0,155.0,120.0,2,,ATX Mid Tower,-10.0,0
94.0,175.0,120.0,2,240.0,ATX Mid Tower,81.0,1
67.0,165.0,,,,Mini ITX Tower,98.0,1
165.0,162.0,,,,ATX Mid Tower,-3.0,0
160.0,158.0,,,,ATX Mid Tower,-2.0,0
148.0,120.0,,,,Mini ITX Tower,-28.0,0
148.0,140.0,,,,Mini ITX Tower,-8.0,0
125.0,168.0,,,,ATX Mid Tower,43.0,1
168.0,167.0,120.0,,,ATX Mid Tower,-1.0,0
155.0,150.0,,,,Micro ATX Mid Tower,-5.0,0
155.0,88.2,,,,ATX Mid Tower,-66.8,0
151.0,85.0,,,,Mini ITX Tower,-66.0,0
158.0,165.0,,,,Micro ATX Mini Tower,7.0,1
72.0,180.5,,,,EATX Mid Tower,108.5,1
110.0,45.0,,,,Mini ITX Tower,-65.0,0
158.0,200.0,,,,Mini ITX Tower,42.0,1
158.0,140.0,120.0,2,,Mini ITX Tower,-18.0,0
75.0,170.0,120.0,2,240.0,ATX Mid Tower,95.0,1
155.0,182.0,120.0,1,,ATX Full Tower,27.0,1
158.0,165.0,,,,ATX Mid Tower,7.0,1
121.0,155.0,,,,ATX Mid Tower,34.0,1
128.0,166.0,,,,ATX Mid Tower,38.0,1
147.0,61.0,,,,Mini ITX Tower,-86.0,0
168.0,160.0,,,,ATX Mid Tower,-8.0,0
160.0,200.0,,,,Mini ITX Tower,40.0,1
136.0,180.0,,,,ATX Mid Tower,44.0,1
158.0,175.0,,,,Micro ATX Mini Tower,17.0,1
165.0,160.0,,,,ATX Mid Tower,-5.0,0
158.0,156.0,,,,ATX Mid Tower,-2.0,0
171.0,135.0,,,,Micro ATX Mid Tower,-36.0,0
118.0,165.0,120.0,3,360.0,ATX Mid Tower,47.0,1
154.0,77.0,,,,Mini ITX Tower,-77.0,0
130.0,170.0,,,,ATX Mid Tower,40.0,1
165.0,58.0,,,,HTPC,-107.0,0
69.0,67.0,120.0,2,240.0,Mini ITX Tower,-2.0,0
161.0,180.0,,,,ATX Mid Tower,19.0,1
160.0,180.0,,,,ATX Mid Tower,20.0,1
159.0,156.0,120.0,1,,ATX Mid Tower,-3.0,0
157.0,166.0,,,,Micro ATX Mid Tower,9.0,1
158.0,88.2,,,,ATX Mid Tower,-69.8,0
165.0,160.0,,,,ATX Mid Tower,-5.0,0
153.0,48.0,,,,Mini ITX Tower,-105.0,0
150.0,210.0,,,,Micro ATX Mini Tower,60.0,1
69.0,58.0,,,360.0,HTPC,-11.0,0
148.0,67.0,120.0,,,Mini ITX Tower,-81.0,0
59.0,160.0,,,360.0,ATX Mid Tower,101.0,1
158.0,50.0,,,,Mini ITX Tower,-108.0,0
156.0,160.0,,,,ATX Mid Tower,4.0,1
60.0,185.0,120.0,3,360.0,ATX Mid Tower,125.0,1
47.0,170.0,,,,ATX Mid Tower,123.0,1
155.0,140.0,,,,Mini ITX Tower,-15.0,0
150.0,65.0,,,,Mini ITX Tower,-85.0,0
165.0,180.0,,,,ATX Mid Tower,15.0,1
166.0,164.0,120.0,,,Micro ATX Desktop,-2.0,0
165.0,140.0,,,,Mini ITX Tower,-25.0,0
155.0,70.0,,,,HTPC,-85.0,0
65.0,180.0,360.0,1,360.0,ATX Mid Tower,115.0,1
152.0,140.0,,,,Mini ITX Tower,-12.0,0
153.0,159.0,,,,ATX Mid Tower,6.0,1
90.0,85.0,,,240.0,Mini ITX Tower,-5.0,0
94.5,88.2,140.0,2,280.0,ATX Mid Tower,-6.3,0
158.0,150.0,,,,ATX Mid Tower,-8.0,0
154.0,180.0,,,,ATX Mid Tower,26.0,1
159.0,70.0,,,,Mini ITX Tower,-89.0,0
160.0,55.0,,,,Mini ITX Tower,-105.0,0
159.0,175.0,,,,ATX Mid Tower,16.0,1
159.0,170.0,,,,ATX Mid Tower,11.0,1
170.0,165.0,,,,Mini ITX Tower,-5.0,0
55.0,157.0,120.0,1,,ATX Mid Tower,102.0,1
53.0,170.0,,,360.0,ATX Mid Tower,117.0,1
56.0,120.0,120.0,3,360.0,Mini ITX Tower,64.0,1
136.0,75.0,90.0,1,,Micro ATX Mini Tower,-61.0,0
26.0,170.0,,,,ATX Mid Tower,144.0,1
47.0,170.0,,,,ATX Mid Tower,123.0,1
157.0,110.0,,,,Mini ITX Tower,-47.0,0
38.0,158.75,,,360.0,ATX Mid Tower,120.75,1
91.0,83.0,120.0,3,360.0,Mini ITX Tower,-8.0,0
17.0,180.0,,,,ATX Mid Tower,163.0,1
161.0,160.0,,,,ATX Mid Tower,-1.0,0
68.0,155.0,,,360.0,ATX Mid Tower,87.0,1
161.0,138.0,120.0,2,,HTPC,-23.0,0
158.0,65.0,,,,Micro ATX Mini Tower,-93.0,0
58.0,185.0,140.0,2,280.0,ATX Mid Tower,127.0,1
94.0,70.0,120.0,3,360.0,Micro ATX Desktop,-24.0,0
158.0,110.0,,,,Mini ITX Tower,-48.0,0
116.0,165.0,140.0,2,280.0,Micro ATX Mini Tower,49.0,1
66.0,165.0,,,360.0,Micro ATX Mini Tower,99.0,1
152.0,167.0,,,,ATX Mid Tower,15.0,1
165.0,155.0,,,,Micro ATX Mid Tower,-10.0,0
47.0,170.0,,,,ATX Mid Tower,123.0,1
157.0,150.0,,,,ATX Mid Tower,-7.0,0
137.0,165.0,120.0,3,360.0,ATX Mid Tower,28.0,1
159.0,155.0,,,,ATX Mid Tower,-4.0,0
69.0,160.0,120.0,3,360.0,ATX Mini Tower,91.0,1
154.0,170.0,,,,ATX Mid Tower,16.0,1
165.0,180.0,,,,ATX Mid Tower,15.0,1
157.0,150.0,,,,Micro ATX Mini Tower,-7.0,0
163.0,158.0,,,,ATX Mid Tower,-5.0,0
157.0,180.0,,,,ATX Mid Tower,23.0,1
56.0,171.0,,,,ATX Mid Tower,115.0,1
37.0,157.0,,,,Micro ATX Mini Tower,120.0,1
118.0,75.0,,,,Micro ATX Mini Tower,-43.0,0
65.0,45.0,,,240.0,Mini ITX Tower,-20.0,0
154.0,146.0,,,,ATX Mid Tower,-8.0,0
60.0,185.0,,,360.0,ATX Full Tower,125.0,1
166.0,165.0,,,,ATX Mid Tower,-1.0,0
72.0,173.0,120.0,3,360.0,Micro ATX Mini Tower,101.0,1
165.0,145.0,,,,ATX Mid Tower,-20.0,0
37.0,210.0,,,,Micro ATX Mid Tower,173.0,1
53.0,156.0,120.0,3,360.0,Micro ATX Mid Tower,103.0,1
157.0,67.0,,,,Mini ITX Tower,-90.0,0
60.0,160.0,,,,ATX Mid Tower,100.0,1
153.0,114.0,,,,Mini ITX Tower,-39.0,0
118.0,83.0,120.0,3,360.0,Mini ITX Tower,-35.0,0
60.0,190.0,,,,EATX Full Tower,130.0,1
169.0,165.0,,,,ATX Mid Tower,-4.0,0
160.0,48.0,,,,Mini ITX Tower,-112.0,0
154.0,165.0,,,,ATX Mid Tower,11.0,1
159.0,167.0,120.0,,,ATX Full Tower,8.0,1
162.0,83.0,,,,Mini ITX Tower,-79.0,0
170.0,164.0,,,,ATX Mid Tower,-6.0,0
53.0,190.0,,,,Mini ITX Tower,137.0,1
159.0,210.0,,,,ATX Mid Tower,51.0,1
159.0,48.0,120.0,1,,Mini ITX Tower,-111.0,0
133.0,150.0,,,,ATX Mid Tower,17.0,1
166.0,146.0,120.0,,,ATX Mid Tower,-20.0,0
123.0,70.0,92.0,1,,Mini ITX Tower,-53.0,0
77.0,165.0,,,,Micro ATX Mid Tower,88.0,1
155.0,61.0,,,,Mini ITX Tower,-94.0,0
158.0,155.0,,,,ATX Mid Tower,-3.0,0
152.0,167.0,,,,EATX Full Tower,15.0,1
158.0,150.0,,,,ATX Mid Tower,-8.0,0
160.0,155.0,,,,Mini ITX Tower,-5.0,0
155.0,167.0,,,,ATX Mid Tower,12.0,1
54.0,180.0,,,360.0,ATX Mid Tower,126.0,1
68.0,176.0,,,240.0,ATX Mid Tower,108.0,1
53.0,47.0,,,360.0,Micro ATX Desktop,-6.0,0
154.0,150.0,,,,Micro ATX Mid Tower,-4.0,0
154.0,70.0,,,,Mini ITX Tower,-84.0,0
159.0,70.0,,,,HTPC,-89.0,0
165.0,77.0,,,,Mini ITX Tower,-88.0,0
155.0,170.0,,,,ATX Mid Tower,15.0,1
54.0,48.0,,,360.0,Mini ITX Tower,-6.0,0
52.0,160.0,120.0,2,240.0,Micro ATX Mini Tower,108.0,1
159.0,170.0,,,,ATX Mid Tower,11.0,1
161.0,140.0,,,,Mini ITX Tower,-21.0,0
123.0,77.0,,,,Mini ITX Tower,-46.0,0
158.0,164.0,,,,Micro ATX Desktop,6.0,1
159.0,160.0,,,,ATX Mid Tower,1.0,1
165.0,65.0,,,,Mini ITX Tower,-100.0,0
62.0,138.0,,,240.0,HTPC,76.0,1
100.0,190.0,,,,ATX Mid Tower,90.0,1
157.0,175.0,,,,ATX Mid Tower,18.0,1
169.0,160.0,,,,ATX Mid Tower,-9.0,0
155.0,170.0,,,,ATX Mid Tower,15.0,1
54.0,160.0,120.0,2,240.0,ATX Mid Tower,106.0,1
155.0,155.0,,,,Micro ATX Mini Tower,0.0,1
165.0,185.0,,,,EATX Mid Tower,20.0,1
70.0,185.0,,,360.0,ATX Mid Tower,115.0,1
159.0,167.0,,,,ATX Mid Tower,8.0,1
68.0,165.0,,,,Mini ITX Tower,97.0,1
61.0,160.0,,,,ATX Mid Tower,99.0,1
165.0,82.0,,,,Micro ATX Mid Tower,-83.0,0
150.0,120.0,,,,Mini ITX Tower,-30.0,0
155.0,160.0,,,,ATX Mid Tower,5.0,1
64.24,160.0,120.0,2,240.0,Micro ATX Mini Tower,95.76,1
160.0,165.0,,,,ATX Full Tower,5.0,1
57.0,180.0,,,240.0,ATX Mid Tower,123.0,1
155.0,180.0,,,,ATX Mid Tower,25.0,1
155.0,83.0,,,,Mini ITX Tower,-72.0,0
70.0,181.0,,,360.0,ATX Mid Tower,111.0,1
154.0,167.0,120.0,1,,ATX Full Tower,13.0,1
160.0,45.0,,,,Mini ITX Tower,-115.0,0
37.0,151.0,,,,Micro ATX Mini Tower,114.0,1
157.0,150.0,120.0,2,120.0,ATX Mid Tower,-7.0,0
125.0,165.0,,,,ATX Mid Tower,40.0,1
110.0,165.0,,,,Micro ATX Mini Tower,55.0,1
166.0,159.0,,,,Micro ATX Mini Tower,-7.0,0
162.0,185.0,,,,ATX Mid Tower,23.0,1
78.0,165.0,,,360.0,ATX Mid Tower,87.0,1
168.0,165.0,120.0,,,ATX Mid Tower,-3.0,0
158.0,77.0,,,,HTPC,-81.0,0
153.0,160.0,,,,ATX Mid Tower,7.0,1
72.0,57.0,,,,Mini ITX Tower,-15.0,0
101.0,188.0,120.0,3,360.0,ATX Mid Tower,87.0,1
57.0,55.0,120.0,3,360.0,Mini ITX Tower,-2.0,0
165.0,150.0,,,,Micro ATX Mid Tower,-15.0,0
155.0,70.0,,,,Mini ITX Tower,-85.0,0
65.0,158.75,360.0,1,360.0,ATX Mid Tower,93.75,1
160.0,70.0,,,,Mini ITX Tower,-90.0,0
158.0,190.0,,,,ATX Mid Tower,32.0,1
150.0,163.0,,,,ATX Mid Tower,13.0,1
156.0,70.0,,,,Mini ITX Tower,-86.0,0
147.0,160.0,,,,ATX Mid Tower,13.0,1
64.0,160.0,,,360.0,ATX Mid Tower,96.0,1
155.0,180.0,,,,ATX Mid Tower,25.0,1
158.0,155.0,,,,ATX Mid Tower,-3.0,0
166.0,160.0,,,,ATX Mid Tower,-6.0,0
157.0,155.0,,,,ATX Mid Tower,-2.0,0
160.0,156.0,,,,ATX Mid Tower,-4.0,0
160.0,174.0,,,,ATX Mid Tower,14.0,1
171.0,167.0,,,,ATX Mid Tower,-4.0,0
153.0,77.0,,,,Mini ITX Tower,-76.0,0
157.0,185.0,,,,ATX Mid Tower,28.0,1
155.0,210.0,,,,ATX Mid Tower,55.0,1
72.0,170.0,120.0,3,360.0,Micro ATX Mini Tower,98.0,1
52.0,176.0,120.0,3,360.0,ATX Full Tower,124.0,1
156.0,70.0,,,,Mini ITX Tower,-86.0,0
161.0,120.0,,,,Mini ITX Tower,-41.0,0
148.0,182.0,,,,ATX Mid Tower,34.0,1
158.0,180.0,,,,ATX Mid Tower,22.0,1
62.0,173.0,,,240.0,ATX Mid Tower,111.0,1
155.0,45.0,,,,Mini ITX Tower,-110.0,0
148.0,83.0,120.0,,,Mini ITX Tower,-65.0,0
150.0,95.0,120.0,1,,ATX Mid Tower,-55.0,0
94.0,160.0,100.0,1,,ATX Mid Tower,66.0,1
154.0,77.0,,,,Mini ITX Tower,-77.0,0
67.0,166.0,,,,ATX Mid Tower,99.0,1
157.0,70.0,,,,HTPC,-87.0,0
163.0,158.0,,,,Micro ATX Mini Tower,-5.0,0
171.0,155.0,,,,ATX Mid Tower,-16.0,0
160.0,185.0,,,,ATX Mid Tower,25.0,1
155.0,155.0,120.0,,,ATX Mid Tower,0.0,1
150.0,55.0,,,,Mini ITX Tower,-95.0,0
160.0,55.0,,,,Mini ITX Tower,-105.0,0
137.0,188.0,,,,ATX Mid Tower,51.0,1
158.0,165.0,,,,ATX Mid Tower,7.0,1
155.0,61.0,120.0,1,,Mini ITX Tower,-94.0,0
165.0,158.75,,,,ATX Mid Tower,-6.25,0
156.0,155.0,,,,ATX Mid Tower,-1.0,0
153.0,175.0,,,,ATX Mid Tower,22.0,1
166.0,160.0,,,,ATX Mid Tower,-6.0,0
155.0,70.0,,,,Mini ITX Tower,-85.0,0
57.0,168.0,,,360.0,ATX Mid Tower,111.0,1
165.0,160.0,,,,ATX Mid Tower,-5.0,0
102.0,70.0,120.0,3,360.0,HTPC,-32.0,0
60.0,170.0,120.0,2,240.0,ATX Mid Tower,110.0,1
186.0,185.0,120.0,3,360.0,ATX Mid Tower,-1.0,0
160.0,156.0,,,,ATX Mid Tower,-4.0,0
158.0,77.0,,,,HTPC,-81.0,0
150.0,70.0,,,,Mini ITX Tower,-80.0,0
158.0,170.0,,,,ATX Mid Tower,12.0,1
151.0,175.0,120.0,2,,ATX Mid Tower,24.0,1
165.0,180.0,,,,ATX Mid Tower,15.0,1
112.0,45.0,,,,Mini ITX Tower,-67.0,0
54.0,185.0,,,360.0,ATX Mid Tower,131.0,1
162.0,156.0,,,,ATX Mid Tower,-6.0,0
154.0,85.0,,,,Mini ITX Tower,-69.0,0
397.0,185.0,120.0,3,360.0,ATX Mid Tower,-212.0,0
47.0,170.0,,,,Mini ITX Tower,123.0,1
161.0,160.0,120.0,3,360.0,ATX Mid Tower,-1.0,0
160.0,48.0,,,,Mini ITX Tower,-112.0,0
155.0,162.0,,,,ATX Mid Tower,7.0,1
159.0,170.0,,,,Micro ATX Mid Tower,11.0,1
150.0,166.0,,,,ATX Mid Tower,16.0,1
165.0,61.0,,,,Mini ITX Tower,-104.0,0
145.0,68.0,,,,Mini ITX Tower,-77.0,0
186.0,170.0,120.0,3,360.0,ATX Mid Tower,-16.0,0
165.0,85.0,,,,Mini ITX Tower,-80.0,0
159.0,195.0,,,,ATX Mid Tower,36.0,1
152.0,45.0,,,,Mini ITX Tower,-107.0,0
69.0,68.0,,,,Mini ITX Tower,-1.0,0
154.0,82.0,,,,Mini ITX Tower,-72.0,0
157.0,170.0,,,,ATX Mid Tower,13.0,1
66.1,182.0,120.0,3,360.0,ATX Mid Tower,115.9,1
69.0,65.0,,,360.0,Mini ITX Tower,-4.0,0
160.0,75.0,,,,Micro ATX Mini Tower,-85.0,0
136.0,175.0,,,,ATX Mid Tower,39.0,1
148.0,88.2,,,,ATX Mid Tower,-59.8,0
157.0,170.0,140.0,2,280.0,ATX Mid Tower,13.0,1
94.0,190.0,100.0,1,,Mini ITX Tower,96.0,1
165.0,161.0,,,,ATX Mid Tower,-4.0,0
135.0,200.0,120.0,1,,Mini ITX Tower,65.0,1
28.0,185.0,,,,ATX Mid Tower,157.0,1
170.0,164.0,,,,Micro ATX Mini Tower,-6.0,0
397.0,170.0,120.0,3,360.0,ATX Mid Tower,-227.0,0
60.0,170.0,120.0,2,240.0,ATX Mid Tower,110.0,1
65.0,170.0,,,240.0,ATX Mid Tower,105.0,1
160.0,160.0,,,,ATX Mid Tower,0.0,1
55.0,77.0,,,360.0,Mini ITX Tower,22.0,1
65.0,188.0,,,360.0,ATX Mid Tower,123.0,1
125.0,67.0,120.0,3,360.0,Mini ITX Tower,-58.0,0
155.0,165.0,,,,Mini ITX Tower,10.0,1
159.0,175.0,120.0,,,ATX Mid Tower,16.0,1
147.0,161.0,,,,ATX Mid Tower,14.0,1
54.0,110.0,,,240.0,Mini ITX Tower,56.0,1
155.0,160.0,,,,ATX Mid Tower,5.0,1
155.0,145.0,,,,ATX Mid Tower,-10.0,0
52.0,170.0,,,360.0,ATX Mid Tower,118.0,1
165.0,160.0,,,,ATX Mid Tower,-5.0,0
159.0,163.5,,,,Micro ATX Mini Tower,4.5,1
154.0,151.0,,,,ATX Mid Tower,-3.0,0
125.0,200.0,,,,ATX Full Tower,75.0,1
160.0,159.0,,,,ATX Mid Tower,-1.0,0
158.0,88.2,,,,ATX Mid Tower,-69.8,0
151.0,114.0,,,,Mini ITX Tower,-37.0,0
154.0,150.0,,,,Micro ATX Mini Tower,-4.0,0
155.0,67.0,120.0,2,,Mini ITX Tower,-88.0,0
157.0,167.0,,,,ATX Mid Tower,10.0,1
159.0,154.0,,,,Micro ATX Mid Tower,-5.0,0
158.0,155.0,,,,ATX Mid Tower,-3.0,0
148.0,61.0,,,,Mini ITX Tower,-87.0,0
158.0,140.0,,,,Micro ATX Mini Tower,-18.0,0
157.0,165.0,,,,Micro ATX Mini Tower,8.0,1
165.0,158.75,,,,ATX Mid Tower,-6.25,0
136.0,120.0,,,,Mini ITX Tower,-16.0,0
158.0,190.0,,,,ATX Mid Tower,32.0,1
159.0,170.0,120.0,,,ATX Mid Tower,11.0,1
165.0,165.0,,,,Micro ATX Mini Tower,0.0,1
90.0,165.0,,,120.0,Micro ATX Mid Tower,75.0,1
157.0,146.0,,,,HTPC,-11.0,0
68.0,50.0,,,360.0,Mini ITX Tower,-18.0,0
125.0,70.0,,,,Mini ITX Tower,-55.0,0
160.0,154.0,120.0,2,,Micro ATX Mid Tower,-6.0,0
154.0,170.0,,,,ATX Mid Tower,16.0,1
152.0,85.0,120.0,1,,Mini ITX Tower,-67.0,0
155.0,175.0,,,,ATX Mid Tower,20.0,1
158.0,57.0,140.0,2,,Mini ITX Tower,-101.0,0
158.0,168.0,,,,Micro ATX Mini Tower,10.0,1
154.0,70.0,,,,HTPC,-84.0,0
52.0,165.0,,,120.0,ATX Mid Tower,113.0,1
135.0,48.0,,,,Mini ITX Tower,-87.0,0
70.0,67.0,,,,Mini ITX Tower,-3.0,0
154.0,180.0,,,,ATX Mid Tower,26.0,1
153.0,57.0,,,,Mini ITX Tower,-96.0,0
148.0,185.0,,,,ATX Mid Tower,37.0,1
163.0,161.0,,,,Micro ATX Mid Tower,-2.0,0
165.0,155.0,,,,ATX Mid Tower,-10.0,0
166.0,165.0,,,,ATX Mid Tower,-1.0,0
157.0,185.0,,,,ATX Mid Tower,28.0,1
151.0,110.0,120.0,2,,Mini ITX Tower,-41.0,0
166.0,165.0,,,,EATX Mid Tower,-1.0,0
168.0,160.0,,,,ATX Mid Tower,-8.0,0
158.0,184.0,,,,ATX Mid Tower,26.0,1
160.0,190.0,,,,ATX Mid Tower,30.0,1
157.0,155.0,,,,ATX Mid Tower,-2.0,0
65.0,155.0,360.0,1,360.0,ATX Mid Tower,90.0,1
167.0,82.0,,,,Micro ATX Mid Tower,-85.0,0
60.0,185.0,,,360.0,ATX Mid Tower,125.0,1
145.0,168.0,,,,ATX Mid Tower,23.0,1
156.0,68.0,,,,Mini ITX Tower,-88.0,0
166.0,165.0,,,,ATX Mid Tower,-1.0,0
58.0,155.0,,,,Micro ATX Mid Tower,97.0,1
155.0,57.0,,,,Mini ITX Tower,-98.0,0
58.0,188.0,,,240.0,EATX Mid Tower,130.0,1
159.0,67.0,,,,Mini ITX Tower,-92.0,0
157.0,110.0,,,,Mini ITX Tower,-47.0,0
159.0,190.0,,,,ATX Mid Tower,31.0,1
152.0,57.0,,,,Micro ATX Desktop,-95.0,0
159.0,48.0,,,,Mini ITX Tower,-111.0,0
136.0,175.0,,,,ATX Mid Tower,39.0,1
150.0,167.0,,,,ATX Mid Tower,17.0,1
65.0,163.5,,,240.0,Micro ATX Mini Tower,98.5,1
158.0,165.0,,,,Micro ATX Mini Tower,7.0,1
172.0,157.0,,,,Micro ATX Mini Tower,-15.0,0
47.0,165.0,,,240.0,ATX Mid Tower,118.0,1
154.0,170.0,,,,Micro ATX Mid Tower,16.0,1
165.0,58.0,,,,HTPC,-107.0,0
163.0,160.0,,,,ATX Mid Tower,-3.0,0
154.0,68.0,,,,Mini ITX Tower,-86.0,0
127.0,165.0,100.0,2,,ATX Mid Tower,38.0,1
161.0,150.0,,,,Micro ATX Mini Tower,-11.0,0
153.0,193.0,120.0,1,,ATX Full Tower,40.0,1
67.0,65.0,,,,HTPC,-2.0,0
125.0,180.0,,,,ATX Mid Tower,55.0,1
154.0,140.0,,,,Mini ITX Tower,-14.0,0
77.7,170.0,120.0,3,360.0,ATX Mid Tower,92.3,1
165.0,158.0,,,,Micro ATX Mini Tower,-7.0,0
52.0,170.0,120.0,3,360.0,Micro ATX Mini Tower,118.0,1
58.0,150.0,,,,Micro ATX Mini Tower,92.0,1
37.0,161.0,,,,ATX Mid Tower,124.0,1
136.0,65.0,,,,Micro ATX Mini Tower,-71.0,0
156.0,155.0,,,,ATX Mid Tower,-1.0,0
156.0,150.0,,,,ATX Mid Tower,-6.0,0
168.0,165.0,120.0,,,ATX Mid Tower,-3.0,0
161.0,160.0,,,,Micro ATX Mini Tower,-1.0,0
56.0,165.0,140.0,2,280.0,ATX Mid Tower,109.0,1
94.0,70.0,100.0,1,,Micro ATX Desktop,-24.0,0
60.0,70.0,120.0,2,240.0,HTPC,10.0,1
164.0,75.0,,,,Mini ITX Tower,-89.0,0
158.0,190.0,,,,ATX Full Tower,32.0,1
154.0,48.0,,,,Mini ITX Tower,-106.0,0
67.0,160.0,,,,ATX Mid Tower,93.0,1
171.0,180.0,,,,ATX Mid Tower,9.0,1
69.0,160.0,,,360.0,ATX Mid Tower,91.0,1
157.0,138.0,120.0,2,120.0,HTPC,-19.0,0
165.0,155.0,120.0,2,,ATX Mid Tower,-10.0,0
156.0,168.0,,,,ATX Mid Tower,12.0,1
159.0,175.0,,,,ATX Mid Tower,16.0,1
47.0,187.0,,,,ATX Mid Tower,140.0,1
65.0,165.0,280.0,1,280.0,ATX Mid Tower,100.0,1
152.0,48.0,,,,Mini ITX Tower,-104.0,0
72.0,160.0,120.0,2,240.0,ATX Mid Tower,88.0,1
45.0,170.0,,,,ATX Mid Tower,125.0,1
55.0,160.0,,,240.0,ATX Mid Tower,105.0,1
164.0,160.0,,,,ATX Mid Tower,-4.0,0
160.0,157.0,,,,Micro ATX Mini Tower,-3.0,0
137.0,160.0,120.0,3,360.0,ATX Mid Tower,23.0,1
160.0,138.0,,,,HTPC,-22.0,0
161.0,160.0,,,,ATX Mid Tower,-1.0,0
68.0,88.2,,,,ATX Mid Tower,20.2,1
158.0,155.0,,,,ATX Mid Tower,-3.0,0
152.0,168.0,,,,ATX Mid Tower,16.0,1
151.0,61.0,,,,Mini ITX Tower,-90.0,0
52.0,190.0,,,360.0,ATX Full Tower,138.0,1
155.0,170.0,,,,Mini ITX Tower,15.0,1
150.0,205.0,,,,ATX Full Tower,55.0,1
163.0,170.0,,,,ATX Full Tower,7.0,1
166.0,67.0,,,,Mini ITX Tower,-99.0,0
155.0,145.0,120.0,2,,ATX Mid Tower,-10.0,0
162.0,178.0,,,,ATX Mid Tower,16.0,1
125.0,164.0,,,,Micro ATX Desktop,39.0,1
127.0,170.0,100.0,,,ATX Mid Tower,43.0,1
166.0,161.0,120.0,,,ATX Mid Tower,-5.0,0
47.0,160.0,,,360.0,ATX Mid Tower,113.0,1
155.0,135.0,120.0,2,,Micro ATX Mid Tower,-20.0,0
156.0,170.0,,,,ATX Mid Tower,14.0,1
148.0,170.0,,,,ATX Mid Tower,22.0,1
154.0,65.0,120.0,2,,Micro ATX Mini Tower,-89.0,0
160.0,150.0,,,,ATX Mid Tower,-10.0,0
122.0,160.0,,,,ATX Mid Tower,38.0,1
60.0,58.0,,,,HTPC,-2.0,0
146.0,185.0,,,,ATX Mid Tower,39.0,1
152.0,165.0,,,,ATX Mid Tower,13.0,1
153.0,120.0,,,,Mini ITX Tower,-33.0,0
162.0,70.0,,,,HTPC,-92.0,0
157.0,155.0,,,,ATX Mid Tower,-2.0,0
60.0,210.0,,,,Mini ITX Tower,150.0,1
160.0,159.0,135.0,1,,Micro ATX Mini Tower,-1.0,0
153.0,150.0,,,,Micro ATX Mini Tower,-3.0,0
158.0,180.0,,,,ATX Mid Tower,22.0,1
160.0,184.0,120.0,1,,ATX Mid Tower,24.0,1
145.0,70.0,,,,Mini ITX Tower,-75.0,0
62.0,165.0,,,360.0,ATX Mid Tower,103.0,1
27.0,190.0,,,,ATX Full Tower,163.0,1
54.0,180.0,,,360.0,ATX Mid Tower,126.0,1
154.0,67.0,,,,Mini ITX Tower,-87.0,0
160.0,155.0,,,,ATX Mid Tower,-5.0,0
159.0,155.0,,,,ATX Mid Tower,-4.0,0
160.0,68.0,,,,Mini ITX Tower,-92.0,0
155.0,83.0,,,,Mini ITX Tower,-72.0,0
141.0,185.0,,,,ATX Mid Tower,44.0,1
56.0,210.0,120.0,2,240.0,Mini ITX Tower,154.0,1
60.0,170.0,120.0,3,360.0,ATX Mid Tower,110.0,1
159.0,67.0,,,,Mini ITX Tower,-92.0,0
60.0,170.0,,,,ATX Mid Tower,110.0,1
165.0,165.0,,,,ATX Mid Tower,0.0,1
118.0,173.0,120.0,3,360.0,ATX Mid Tower,55.0,1
148.0,146.0,,,,ATX Mid Tower,-2.0,0
152.0,150.0,,,,Micro ATX Mini Tower,-2.0,0
110.0,68.0,,,360.0,Mini ITX Tower,-42.0,0
165.0,77.0,,,,Mini ITX Tower,-88.0,0
158.0,38.0,,,,Mini ITX Tower,-120.0,0
60.0,182.0,120.0,2,240.0,ATX Full Tower,122.0,1
154.0,170.0,,,,ATX Mid Tower,16.0,1
116.0,160.0,140.0,2,280.0,Micro ATX Mid Tower,44.0,1
155.0,75.0,,,,Micro ATX Mini Tower,-80.0,0
157.0,160.0,,,,Micro ATX Mini Tower,3.0,1
154.0,82.0,,,,Mini ITX Tower,-72.0,0
60.0,145.0,,,,ATX Mid Tower,85.0,1
30.0,185.0,,,,ATX Mid Tower,155.0,1
26.0,195.0,,,,ATX Mid Tower,169.0,1
154.0,170.0,,,,ATX Mid Tower,16.0,1
53.0,175.0,120.0,2,240.0,ATX Mid Tower,122.0,1
153.0,77.0,,,,HTPC,-76.0,0
54.0,120.0,,,360.0,Mini ITX Tower,66.0,1
157.0,155.0,,,,ATX Mid Tower,-2.0,0
157.0,70.0,,,,Micro ATX Desktop,-87.0,0
155.0,210.0,120.0,1,,Micro ATX Mini Tower,55.0,1
148.0,38.0,,,,Mini ITX Tower,-110.0,0
156.0,138.0,,,,HTPC,-18.0,0
54.0,165.0,120.0,2,240.0,ATX Mid Tower,111.0,1
130.0,70.0,,,,HTPC,-60.0,0
166.0,165.0,,,,ATX Mid Tower,-1.0,0
72.0,162.0,120.0,3,360.0,Micro ATX Mid Tower,90.0,1
166.0,160.0,,,,ATX Mid Tower,-6.0,0
155.0,65.0,,,,HTPC,-90.0,0
59.0,182.0,,,,ATX Full Tower,123.0,1
162.0,185.0,,,,ATX Mid Tower,23.0,1
154.0,75.0,,,,Mini ITX Tower,-79.0,0
158.0,160.0,,,,ATX Mid Tower,2.0,1
160.0,82.0,,,,Mini ITX Tower,-78.0,0
116.0,160.0,140.0,2,280.0,ATX Mid Tower,44.0,1
164.0,160.0,,,,ATX Mid Tower,-4.0,0
162.0,160.0,,,,ATX Mid Tower,-2.0,0
154.0,50.0,,,,Mini ITX Tower,-104.0,0
153.0,170.0,,,,ATX Mid Tower,17.0,1
68.0,165.0,140.0,3,420.0,ATX Mid Tower,97.0,1
159.0,155.0,120.0,1,,Micro ATX Mid Tower,-4.0,0
165.0,155.0,,,,Micro ATX Mid Tower,-10.0,0
159.0,61.0,120.0,1,,Mini ITX Tower,-98.0,0
155.0,68.0,,,,Mini ITX Tower,-87.0,0
158.0,67.0,140.0,2,,Mini ITX Tower,-91.0,0
69.0,185.0,,,360.0,ATX Mid Tower,116.0,1
45.0,165.0,,,,ATX Mid Tower,120.0,1
84.0,65.0,,,,Mini ITX Tower,-19.0,0
159.0,85.0,,,,Mini ITX Tower,-74.0,0
152.0,88.2,,,,ATX Mid Tower,-63.8,0
158.0,175.0,,,,Mini ITX Tower,17.0,1
160.0,156.0,,,,Micro ATX Mid Tower,-4.0,0
166.0,160.0,,,,Mini ITX Tower,-6.0,0
63.0,154.0,,,240.0,Micro ATX Mid Tower,91.0,1
157.0,150.0,,,,Micro ATX Mini Tower,-7.0,0
135.0,170.0,,,,Micro ATX Mini Tower,35.0,1
165.0,160.0,,,,ATX Mid Tower,-5.0,0
158.0,120.0,140.0,2,,Mini ITX Tower,-38.0,0
157.0,70.0,,,,Mini ITX Tower,-87.0,0
154.0,67.0,,,,Mini ITX Tower,-87.0,0
150.0,180.0,,,,Micro ATX Mini Tower,30.0,1
157.0,67.0,120.0,2,,Mini ITX Tower,-90.0,0
63.0,170.0,,,,ATX Mid Tower,107.0,1
397.0,188.0,120.0,3,360.0,ATX Mid Tower,-209.0,0
159.0,48.0,,,,Mini ITX Tower,-111.0,0
153.0,170.0,,,,ATX Mid Tower,17.0,1
166.0,190.0,,,,ATX Mid Tower,24.0,1
154.0,120.0,,,,Mini ITX Tower,-34.0,0
150.0,83.0,,,,Mini ITX Tower,-67.0,0
168.0,159.0,,,,Micro ATX Mini Tower,-9.0,0
159.0,165.0,,,,ATX Mid Tower,6.0,1
157.0,170.0,120.0,2,120.0,ATX Mid Tower,13.0,1
107.0,190.0,120.0,3,360.0,ATX Mid Tower,83.0,1
130.0,160.0,,,,ATX Mid Tower,30.0,1
158.0,170.0,,,,ATX Mid Tower,12.0,1
32.0,170.0,,,,ATX Mid Tower,138.0,1
171.0,160.0,,,,Micro ATX Mini Tower,-11.0,0
66.0,135.0,,,360.0,Micro ATX Mid Tower,69.0,1
63.0,48.0,,,,Mini ITX Tower,-15.0,0
155.0,48.0,,,,Mini ITX Tower,-107.0,0
159.0,83.0,,,,Mini ITX Tower,-76.0,0
160.0,163.0,,,,ATX Mid Tower,3.0,1
150.0,145.0,,,,ATX Mid Tower,-5.0,0
154.0,175.0,,,,ATX Mid Tower,21.0,1
157.0,210.0,,,,Micro ATX Mini Tower,53.0,1
160.0,170.0,,,,ATX Mid Tower,10.0,1
55.0,165.0,,,,ATX Mid Tower,110.0,1
117.0,170.0,,,,ATX Mid Tower,53.0,1
160.0,65.0,,,,Micro ATX Mini Tower,-95.0,0
160.0,165.0,,,,ATX Mid Tower,5.0,1
151.0,38.0,120.0,2,,Mini ITX Tower,-113.0,0
157.0,163.0,,,,ATX Mid Tower,6.0,1
161.0,57.0,,,,Micro ATX Desktop,-104.0,0
158.0,176.0,,,,ATX Full Tower,18.0,1
95.0,160.0,,,,ATX Mid Tower,65.0,1
155.0,148.0,,,,Micro ATX Mini Tower,-7.0,0
159.0,67.0,,,,Mini ITX Tower,-92.0,0
166.0,70.0,120.0,,,Mini ITX Tower,-96.0,0
155.0,160.0,120.0,1,,Micro ATX Mini Tower,5.0,1
162.0,83.0,,,,Mini ITX Tower,-79.0,0
155.0,65.0,120.0,1,,HTPC,-90.0,0
157.0,155.0,,,,ATX Mid Tower,-2.0,0
155.0,58.0,120.0,1,,HTPC,-97.0,0
161.0,160.0,,,,ATX Mid Tower,-1.0,0
155.0,120.0,120.0,1,,Mini ITX Tower,-35.0,0
69.0,170.0,140.0,3,420.0,ATX Mid Tower,101.0,1
163.0,67.0,120.0,,,Mini ITX Tower,-96.0,0
152.0,185.0,,,,ATX Mid Tower,33.0,1
136.0,68.0,,,,Mini ITX Tower,-68.0,0
155.0,210.0,,,,Micro ATX Mini Tower,55.0,1
159.0,154.0,,,,Micro ATX Mid Tower,-5.0,0
107.0,165.0,120.0,3,360.0,ATX Full Tower,58.0,1
163.0,160.0,,,,ATX Mid Tower,-3.0,0
150.0,167.0,,,,ATX Mid Tower,17.0,1
123.0,180.0,92.0,1,,ATX Mid Tower,57.0,1
163.0,180.0,,,,ATX Mid Tower,17.0,1
168.0,156.0,120.0,,,ATX Mid Tower,-12.0,0
63.0,175.0,,,,ATX Mid Tower,112.0,1
159.0,70.0,,,,HTPC,-89.0,0
154.0,170.0,,,,Mini ITX Tower,16.0,1
80.6,165.0,120.0,2,240.0,ATX Mid Tower,84.4,1
45.0,160.0,92.0,,,ATX Mid Tower,115.0,1
156.0,67.0,,,,Mini ITX Tower,-89.0,0
157.0,65.0,120.0,2,,Mini ITX Tower,-92.0,0
84.0,145.0,120.0,2,240.0,ATX Mid Tower,61.0,1
162.0,140.0,,,,Mini ITX Tower,-22.0,0
160.0,138.0,,,,HTPC,-22.0,0
171.0,170.0,,,,EATX Full Tower,-1.0,0
94.5,190.0,120.0,1,,ATX Mid Tower,95.5,1
50.0,160.0,,,360.0,ATX Mid Tower,110.0,1
158.0,38.0,,,,Mini ITX Tower,-120.0,0
154.0,70.0,,,,Mini ITX Tower,-84.0,0
166.0,200.0,,,,ATX Full Tower,34.0,1
168.0,165.0,,,,Micro ATX Mini Tower,-3.0,0
71.0,57.0,,,,Micro ATX Desktop,-14.0,0
54.0,170.0,,,,ATX Mid Tower,116.0,1
155.0,173.0,,,,Micro ATX Mini Tower,18.0,1
161.0,77.0,,,,Mini ITX Tower,-84.0,0
169.0,167.0,,,,Mini ITX Tower,-2.0,0
168.0,166.0,120.0,,,ATX Mid Tower,-2.0,0
58.0,57.0,,,,Mini ITX Tower,-1.0,0
165.0,150.0,,,,ATX Mid Tower,-15.0,0
100.0,165.0,,,360.0,ATX Mid Tower,65.0,1
143.0,160.0,,,,Micro ATX Mini Tower,17.0,1
130.0,185.0,,,,ATX Mid Tower,55.0,1
66.1,55.0,120.0,1,,Mini ITX Tower,-11.1,0
63.0,167.0,,,,ATX Full Tower,104.0,1
150.0,45.0,,,,Mini ITX Tower,-105.0,0
150.0,68.0,,,,Mini ITX Tower,-82.0,0
47.0,167.0,,,360.0,Micro ATX Mini Tower,120.0,1
69.0,170.0,,,,ATX Mid Tower,101.0,1
157.0,170.0,,,,Micro ATX Mini Tower,13.0,1
77.0,185.0,,,,ATX Mid Tower,108.0,1
116.0,140.0,120.0,2,240.0,Micro ATX Mini Tower,24.0,1
125.0,172.0,120.0,2,240.0,ATX Mid Tower,47.0,1
45.0,165.0,,,,ATX Mid Tower,120.0,1
160.0,88.2,,,,ATX Mid Tower,-71.8,0
152.0,146.0,120.0,1,,ATX Mid Tower,-6.0,0
116.0,210.0,120.0,2,240.0,ATX Mid Tower,94.0,1
160.0,188.0,,,,ATX Mid Tower,28.0,1
60.0,185.0,,,240.0,ATX Full Tower,125.0,1
47.0,180.0,,,240.0,ATX Mid Tower,133.0,1
160.0,75.0,,,,Micro ATX Mini Tower,-85.0,0
160.0,180.0,,,,ATX Mid Tower,20.0,1
56.0,165.0,,,,ATX Mid Tower,109.0,1
82.0,162.0,,3,360.0,Micro ATX Mid Tower,80.0,1
158.0,165.0,,,,ATX Mid Tower,7.0,1
159.0,138.0,,,,HTPC,-21.0,0
137.0,70.0,120.0,3,360.0,Micro ATX Desktop,-67.0,0
166.0,165.0,,,,ATX Mid Tower,-1.0,0
154.0,188.0,,,,ATX Mid Tower,34.0,1
70.0,175.0,,,,ATX Mid Tower,105.0,1
161.0,110.0,,,,Mini ITX Tower,-51.0,0
158.0,170.0,,,,ATX Mid Tower,12.0,1
110.0,170.0,,,,ATX Mid Tower,60.0,1
143.0,165.0,,,,ATX Mid Tower,22.0,1
154.0,185.0,,,,ATX Mid Tower,31.0,1
155.0,160.0,,,,ATX Mid Tower,5.0,1
52.0,180.0,,,120.0,ATX Mid Tower,128.0,1
154.0,185.0,,,,ATX Mid Tower,31.0,1
52.0,166.0,140.0,2,280.0,Micro ATX Mini Tower,114.0,1
168.0,160.0,120.0,,,Micro ATX Mini Tower,-8.0,0
161.0,155.0,,,,Micro ATX Mid Tower,-6.0,0
46.0,175.0,120.0,3,360.0,Micro ATX Mini Tower,129.0,1
53.0,175.0,120.0,2,240.0,ATX Mid Tower,122.0,1
169.0,171.0,,,,ATX Mid Tower,2.0,1
73.0,57.0,120.0,2,240.0,Micro ATX Desktop,-16.0,0
397.0,155.0,120.0,3,360.0,Micro ATX Mid Tower,-242.0,0
72.0,160.0,120.0,3,360.0,ATX Mid Tower,88.0,1
155.0,162.0,,,,Micro ATX Mid Tower,7.0,1
155.0,160.0,,,,ATX Mid Tower,5.0,1
148.0,160.0,,,,ATX Mid Tower,12.0,1
160.0,170.0,,,,ATX Mid Tower,10.0,1
158.0,140.0,,,,Mini ITX Tower,-18.0,0
135.0,166.0,,,,ATX Full Tower,31.0,1
159.0,70.0,,,,Mini ITX Tower,-89.0,0
172.0,165.0,,,,Micro ATX Mini Tower,-7.0,0
165.0,110.0,,,,Mini ITX Tower,-55.0,0
69.0,160.0,,,,Micro ATX Mid Tower,91.0,1
153.0,120.0,,,,Mini ITX Tower,-33.0,0
108.0,68.0,120.0,3,360.0,Mini ITX Tower,-40.0,0
159.0,155.0,,,,Micro ATX Mini Tower,-4.0,0
145.0,163.5,,,,Micro ATX Mid Tower,18.5,1
65.0,175.0,360.0,1,360.0,ATX Mid Tower,110.0,1
171.0,170.0,,,,ATX Mid Tower,-1.0,0
60.0,55.0,120.0,2,240.0,Mini ITX Tower,-5.0,0
157.0,150.0,140.0,2,280.0,ATX Mid Tower,-7.0,0
30.0,165.0,,,,Micro ATX Mini Tower,135.0,1
162.0,82.0,,,,Micro ATX Mini Tower,-80.0,0
162.0,160.0,,,,ATX Mid Tower,-2.0,0
30.4,70.0,120.0,3,360.0,HTPC,39.6,1
140.0,170.0,,,,ATX Mid Tower,30.0,1
159.0,70.0,120.0,,,HTPC,-89.0,0
63.0,165.0,,,,ATX Mid Tower,102.0,1
154.0,164.0,,,,ATX Mid Tower,10.0,1
165.0,114.0,,,,Mini ITX Tower,-51.0,0
170.0,164.0,,,,Micro ATX Desktop,-6.0,0
159.0,180.0,,,,EATX Mid Tower,21.0,1
69.0,190.0,,,240.0,ATX Mid Tower,121.0,1
158.0,157.0,,,,ATX Mid Tower,-1.0,0
49.0,165.0,,,360.0,ATX Mid Tower,116.0,1
165.0,155.0,,,,ATX Mid Tower,-10.0,0
160.0,167.0,,,,ATX Mid Tower,7.0,1
86.0,180.0,,,,ATX Mid Tower,94.0,1
162.0,210.0,,,,Micro ATX Mini Tower,48.0,1
60.0,163.0,120.0,3,360.0,ATX Mid Tower,103.0,1
59.0,140.0,,,360.0,Mini ITX Tower,81.0,1
86.4,68.0,120.0,3,360.0,Mini ITX Tower,-18.4,0
65.0,183.0,,,,ATX Mid Tower,118.0,1
154.0,160.0,,,,ATX Mid Tower,6.0,1
160.0,156.0,,,,Micro ATX Mid Tower,-4.0,0
154.0,170.0,,,,Micro ATX Mid Tower,16.0,1
67.0,162.0,,,360.0,ATX Mid Tower,95.0,1
164.0,155.0,,,,ATX Mid Tower,-9.0,0
158.0,83.0,120.0,2,,Mini ITX Tower,-75.0,0
157.0,67.0,120.0,2,,Mini ITX Tower,-90.0,0
157.0,175.0,,,,ATX Mid Tower,18.0,1
155.0,70.0,120.0,1,,HTPC,-85.0,0
148.0,70.0,,,,Mini ITX Tower,-78.0,0
163.0,138.0,,,,HTPC,-25.0,0
165.0,48.0,,,,Mini ITX Tower,-117.0,0
125.0,167.0,,,,ATX Mid Tower,42.0,1
125.0,68.0,,,,Mini ITX Tower,-57.0,0
157.0,175.0,,,,ATX Mid Tower,18.0,1
63.0,170.0,,,,ATX Mid Tower,107.0,1
155.0,170.0,,,,ATX Mid Tower,15.0,1
100.0,82.0,,,,Micro ATX Desktop,-18.0,0
56.0,168.0,140.0,2,280.0,Micro ATX Mini Tower,112.0,1
165.0,172.0,,,,ATX Mid Tower,7.0,1
155.0,164.0,120.0,2,,Micro ATX Desktop,9.0,1
162.0,120.0,135.0,2,,Mini ITX Tower,-42.0,0
54.0,168.0,,,240.0,EATX Mid Tower,114.0,1
165.0,162.0,,,,Micro ATX Mid Tower,-3.0,0
116.0,162.0,140.0,2,280.0,ATX Mid Tower,46.0,1
165.0,70.0,,,,Mini ITX Tower,-95.0,0
151.0,70.0,,,,HTPC,-81.0,0
54.0,185.0,,,240.0,Micro ATX Mid Tower,131.0,1
75.0,185.0,120.0,3,360.0,ATX Mid Tower,110.0,1
126.0,82.0,,,,Micro ATX Mini Tower,-44.0,0
155.0,200.0,,,,Mini ITX Tower,45.0,1
65.0,170.0,,,360.0,ATX Mid Tower,105.0,1
160.0,170.0,,,,ATX Mid Tower,10.0,1
146.0,77.0,,,,Mini ITX Tower,-69.0,0
18.6,160.0,120.0,3,394.0,ATX Mid Tower,141.4,1
161.0,85.0,,,,Mini ITX Tower,-76.0,0
125.0,175.0,120.0,2,240.0,ATX Mid Tower,50.0,1
130.0,170.0,,,,ATX Mid Tower,40.0,1
157.0,160.0,,,,Micro ATX Mid Tower,3.0,1
162.0,160.0,,,,Micro ATX Mid Tower,-2.0,0
159.0,148.0,,,,Micro ATX Mid Tower,-11.0,0
68.0,260.0,140.0,2,280.0,EATX Full Tower,192.0,1
155.0,82.0,,,,Mini ITX Tower,-73.0,0
130.0,160.0,,,,ATX Mid Tower,30.0,1
159.0,158.0,,,,ATX Mid Tower,-1.0,0
165.0,150.0,,,,ATX Mid Tower,-15.0,0
154.0,183.0,,,,ATX Mid Tower,29.0,1
162.0,140.0,,,,Micro ATX Mini Tower,-22.0,0
160.0,85.0,,,,Mini ITX Tower,-75.0,0
52.0,170.0,140.0,2,280.0,Micro ATX Mini Tower,118.0,1
157.0,85.0,,,,Mini ITX Tower,-72.0,0
165.0,155.0,120.0,2,,ATX Mid Tower,-10.0,0
168.0,163.0,,,,ATX Mid Tower,-5.0,0
38.0,190.0,140.0,2,280.0,ATX Full Tower,152.0,1
155.0,160.0,,,,ATX Mid Tower,5.0,1
138.0,170.0,,,,ATX Mid Tower,32.0,1
153.0,135.0,,,,Micro ATX Mid Tower,-18.0,0
135.0,138.0,,,,HTPC,3.0,1
82.0,155.0,,,,Micro ATX Mid Tower,73.0,1
153.0,187.0,,,,Micro ATX Mini Tower,34.0,1
157.0,162.0,,,,Micro ATX Mid Tower,5.0,1
59.0,165.0,,,,Micro ATX Mini Tower,106.0,1
153.0,138.0,,,,HTPC,-15.0,0
160.0,61.0,,,,Mini ITX Tower,-99.0,0
125.0,175.0,,,,Micro ATX Mid Tower,50.0,1
159.0,158.0,,,,ATX Mid Tower,-1.0,0
160.0,48.0,,,,Mini ITX Tower,-112.0,0
26.0,175.0,,,,ATX Mid Tower,149.0,1
158.0,83.0,120.0,2,,Mini ITX Tower,-75.0,0
161.0,165.0,,,,Micro ATX Mini Tower,4.0,1
155.0,160.0,,,,Micro ATX Mini Tower,5.0,1
155.0,167.0,120.0,1,,Micro ATX Mini Tower,12.0,1
153.0,130.0,,,,Mini ITX Tower,-23.0,0
165.0,160.0,,,,Micro ATX Mini Tower,-5.0,0
169.0,156.0,,,,ATX Mid Tower,-13.0,0
135.0,58.0,,,,HTPC,-77.0,0
165.0,176.0,,,,ATX Full Tower,11.0,1
80.6,165.0,120.0,3,360.0,ATX Mid Tower,84.4,1
55.0,165.0,,,,Micro ATX Mini Tower,110.0,1
137.0,67.0,,,,Mini ITX Tower,-70.0,0
49.0,170.0,,,360.0,ATX Mid Tower,121.0,1
159.0,67.0,,,,Mini ITX Tower,-92.0,0
82.0,165.0,,3,360.0,Mini ITX Tower,83.0,1
58.0,185.0,,,,ATX Full Tower,127.0,1
157.0,170.0,,,,ATX Mid Tower,13.0,1
162.0,160.0,,,,ATX Mid Tower,-2.0,0
57.0,190.0,120.0,3,360.0,ATX Full Tower,133.0,1
158.0,193.0,140.0,2,,ATX Full Tower,35.0,1
152.0,180.5,,,,EATX Mid Tower,28.5,1
166.0,165.0,,,,Micro ATX Mini Tower,-1.0,0
163.0,170.0,,,,ATX Mid Tower,7.0,1
47.6,173.0,120.0,2,240.0,ATX Mid Tower,125.4,1
161.0,160.0,,,,Micro ATX Mini Tower,-1.0,0
85.0,61.0,,,360.0,Mini ITX Tower,-24.0,0
81.0,160.0,120.0,3,360.0,ATX Mid Tower,79.0,1
154.0,65.0,,,,Mini ITX Tower,-89.0,0
68.0,158.75,,,,ATX Mid Tower,90.75,1
397.0,190.0,120.0,3,360.0,EATX Full Tower,-207.0,0
70.0,68.0,,,240.0,Mini ITX Tower,-2.0,0
158.0,138.0,,,,HTPC,-20.0,0
135.0,146.0,92.0,,,ATX Mid Tower,11.0,1
50.0,160.0,,,240.0,ATX Mid Tower,110.0,1
156.0,61.0,,,,Mini ITX Tower,-95.0,0
68.5,160.0,120.0,2,240.0,ATX Mid Tower,91.5,1
160.0,138.0,,,,HTPC,-22.0,0
136.0,57.0,,,,Mini ITX Tower,-79.0,0
64.0,170.0,,,,ATX Mid Tower,106.0,1
150.0,173.0,,,,ATX Mid Tower,23.0,1
167.0,163.0,,,,ATX Mid Tower,-4.0,0
150.0,68.0,,,,Mini ITX Tower,-82.0,0
65.0,167.0,,,240.0,ATX Mid Tower,102.0,1
149.0,82.0,,,,Mini ITX Tower,-67.0,0
66.0,190.0,120.0,3,360.0,ATX Mid Tower,124.0,1
154.0,185.0,,,,ATX Full Tower,31.0,1
156.0,82.0,,,,Mini ITX Tower,-74.0,0
52.0,167.0,120.0,3,360.0,ATX Mid Tower,115.0,1
66.0,179.0,,,360.0,ATX Mid Tower,113.0,1
25.0,157.0,,,,Micro ATX Mini Tower,132.0,1
167.0,165.0,,,,Micro ATX Mid Tower,-2.0,0
172.0,170.0,,,,ATX Mid Tower,-2.0,0
131.0,155.0,,,,Micro ATX Mini Tower,24.0,1
158.0,120.0,,,,Mini ITX Tower,-38.0,0
158.0,160.0,,,,ATX Mid Tower,2.0,1
155.0,83.0,,,,Mini ITX Tower,-72.0,0
154.0,146.0,,,,HTPC,-8.0,0
137.0,182.0,,,,ATX Mid Tower,45.0,1
165.0,155.0,,,,ATX Mid Tower,-10.0,0
123.0,190.0,,,,ATX Full Tower,67.0,1
162.0,160.0,,,,ATX Mid Tower,-2.0,0
157.0,70.0,,,,Mini ITX Tower,-87.0,0
154.0,163.5,,,,Micro ATX Mid Tower,9.5,1
164.0,163.0,,,,ATX Mid Tower,-1.0,0
157.0,70.0,,,,Mini ITX Tower,-87.0,0
160.0,70.0,,,,Mini ITX Tower,-90.0,0
165.0,167.0,,,,Micro ATX Mid Tower,2.0,1
70.0,167.0,,,,Micro ATX Mid Tower,97.0,1
155.0,55.0,,,,Mini ITX Tower,-100.0,0
154.0,47.0,,,,Micro ATX Desktop,-107.0,0
158.0,155.0,,,,ATX Mid Tower,-3.0,0
151.0,170.0,120.0,2,,ATX Mid Tower,19.0,1
160.0,68.0,,,,Mini ITX Tower,-92.0,0
165.0,65.0,120.0,2,,Micro ATX Mini Tower,-100.0,0
169.0,165.0,,,,Micro ATX Mini Tower,-4.0,0
162.0,160.0,,,,ATX Mini Tower,-2.0,0
81.0,159.0,,,,Micro ATX Mini Tower,78.0,1
52.0,190.0,140.0,2,280.0,ATX Mid Tower,138.0,1
160.0,150.0,,,,Micro ATX Mid Tower,-10.0,0
157.0,155.0,,,,ATX Mid Tower,-2.0,0
165.0,70.0,,,,HTPC,-95.0,0
55.0,170.0,,,,ATX Mid Tower,115.0,1
154.0,150.0,,,,ATX Mid Tower,-4.0,0
116.0,173.0,140.0,2,280.0,ATX Mid Tower,57.0,1
172.0,160.0,,,,ATX Mid Tower,-12.0,0
67.0,165.0,,,240.0,ATX Mid Tower,98.0,1
136.0,198.0,,,,ATX Full Tower,62.0,1
160.0,83.0,,,,Mini ITX Tower,-77.0,0
157.0,58.0,,,,HTPC,-99.0,0
125.0,58.0,,,,HTPC,-67.0,0
155.0,150.0,,,,ATX Mid Tower,-5.0,0
154.0,140.0,,,,Mini ITX Tower,-14.0,0
172.0,120.0,,,,Mini ITX Tower,-52.0,0
155.0,145.0,,1,,ATX Mid Tower,-10.0,0
161.0,160.0,,,,ATX Mid Tower,-1.0,0
157.0,160.0,,,,ATX Mid Tower,3.0,1
158.0,180.0,,,,ATX Mid Tower,22.0,1
134.0,170.0,,,,EATX Full Tower,36.0,1
148.0,170.0,,,,ATX Mid Tower,22.0,1
158.0,135.0,,,,Micro ATX Mid Tower,-23.0,0
151.0,58.0,,,,HTPC,-93.0,0
118.0,185.0,120.0,,,ATX Full Tower,67.0,1
55.0,170.0,,,,ATX Mid Tower,115.0,1
155.0,55.0,120.0,1,,Mini ITX Tower,-100.0,0
159.0,120.0,,,,Mini ITX Tower,-39.0,0
170.0,160.0,,,,ATX Mid Tower,-10.0,0
137.0,180.0,,,,ATX Mid Tower,43.0,1
155.0,166.0,120.0,1,,ATX Mid Tower,11.0,1
59.0,159.0,,,360.0,Micro ATX Mid Tower,100.0,1
37.0,175.0,,,,ATX Full Tower,138.0,1
18.6,180.0,120.0,3,394.0,ATX Mid Tower,161.4,1
52.0,185.0,140.0,2,280.0,ATX Mid Tower,133.0,1
159.0,70.0,,,,Mini ITX Tower,-89.0,0
160.0,185.0,,,,ATX Mid Tower,25.0,1
73.0,170.0,,,,ATX Mid Tower,97.0,1
154.0,170.0,120.0,2,,ATX Mid Tower,16.0,1
155.0,70.0,,,,HTPC,-85.0,0
154.0,148.0,,,,Micro ATX Mid Tower,-6.0,0
72.0,155.0,,,,ATX Mid Tower,83.0,1
101.0,85.0,120.0,3,360.0,Mini ITX Tower,-16.0,0
158.0,155.0,,,,Micro ATX Mid Tower,-3.0,0
130.0,180.0,,,,ATX Mid Tower,50.0,1
100.0,169.0,,,,ATX Mid Tower,69.0,1
125.0,176.0,,,,ATX Full Tower,51.0,1
158.0,170.0,,,,ATX Full Tower,12.0,1
33.0,82.0,,,120.0,Micro ATX Mid Tower,49.0,1
81.0,57.0,120.0,3,360.0,Mini ITX Tower,-24.0,0
168.0,166.0,120.0,,,Micro ATX Mini Tower,-2.0,0
53.0,165.0,,,360.0,ATX Mid Tower,112.0,1
186.0,178.0,120.0,3,360.0,ATX Mid Tower,-8.0,0
158.0,162.0,,,,ATX Mid Tower,4.0,1
50.0,180.0,,,360.0,ATX Full Tower,130.0,1
125.0,180.0,,,240.0,ATX Mid Tower,55.0,1
105.0,65.0,,,280.0,Mini ITX Tower,-40.0,0
160.0,155.0,120.0,2,,Micro ATX Mid Tower,-5.0,0
158.0,135.0,,,,Micro ATX Mid Tower,-23.0,0
135.0,170.0,,,,Mini ITX Tower,35.0,1
52.0,165.0,120.0,3,360.0,Micro ATX Mini Tower,113.0,1
136.0,70.0,,,,Mini ITX Tower,-66.0,0
151.0,163.0,120.0,2,,ATX Mid Tower,12.0,1
157.0,185.0,,,,ATX Mid Tower,28.0,1
30.0,180.0,,,,ATX Mid Tower,150.0,1
157.0,160.0,120.0,2,,Micro ATX Mini Tower,3.0,1
125.0,120.0,120.0,3,360.0,Mini ITX Tower,-5.0,0
154.0,160.0,,,,ATX Mid Tower,6.0,1
75.0,160.0,,,,ATX Mini Tower,85.0,1
60.0,210.0,120.0,2,240.0,Micro ATX Mini Tower,150.0,1
163.0,135.0,,,,Micro ATX Mid Tower,-28.0,0
171.0,166.0,,,,ATX Mid Tower,-5.0,0
55.0,160.0,,,,ATX Mid Tower,105.0,1
60.0,38.0,,,240.0,Mini ITX Tower,-22.0,0
168.0,165.0,120.0,,,ATX Mid Tower,-3.0,0
158.0,155.0,140.0,2,,Micro ATX Mid Tower,-3.0,0
158.0,165.0,,,,Mini ITX Tower,7.0,1
68.0,180.0,140.0,3,420.0,ATX Mid Tower,112.0,1
52.0,175.0,,,120.0,EATX Full Tower,123.0,1
159.0,190.0,,,,ATX Full Tower,31.0,1
62.0,185.0,,,240.0,Micro ATX Mid Tower,123.0,1
158.0,156.0,,,,Micro ATX Mini Tower,-2.0,0
165.0,160.0,,,,ATX Mid Tower,-5.0,0
168.0,160.0,,,,ATX Mid Tower,-8.0,0
155.0,61.0,,,,Mini ITX Tower,-94.0,0
155.0,185.0,,,,ATX Full Tower,30.0,1
153.0,175.0,,,,ATX Mid Tower,22.0,1
162.0,160.0,,,,ATX Mid Tower,-2.0,0
160.0,155.0,,,,ATX Full Tower,-5.0,0
154.0,110.0,,,,Mini ITX Tower,-44.0,0
155.0,180.0,120.0,1,,ATX Mid Tower,25.0,1
28.0,172.0,,,,ATX Mid Tower,144.0,1
54.0,180.0,,,360.0,ATX Mid Tower,126.0,1
46.0,168.0,120.0,3,360.0,ATX Mid Tower,122.0,1
163.0,88.2,,,,ATX Mid Tower,-74.8,0
164.0,175.0,,,,EATX Full Tower,11.0,1
47.0,165.0,,,240.0,Micro ATX Mini Tower,118.0,1
154.0,180.0,,,,ATX Mid Tower,26.0,1
154.0,61.0,,,,Mini ITX Tower,-93.0,0
60.0,187.0,,,280.0,ATX Mid Tower,127.0,1
397.0,195.0,120.0,3,360.0,ATX Full Tower,-202.0,0
165.0,160.0,,,,ATX Mid Tower,-5.0,0
68.0,170.0,,,,ATX Mid Tower,102.0,1
56.0,180.0,,,,ATX Mid Tower,124.0,1
137.0,169.0,120.0,3,360.0,ATX Full Tower,32.0,1
166.0,47.0,,,,Micro ATX Desktop,-119.0,0
162.0,160.0,,,,Micro ATX Mini Tower,-2.0,0
165.0,110.0,,,,Mini ITX Tower,-55.0,0
52.0,163.5,120.0,2,240.0,Micro ATX Mini Tower,111.5,1
159.0,159.0,120.0,1,,ATX Mid Tower,0.0,1
157.0,155.0,120.0,2,,Mini ITX Tower,-2.0,0
169.0,70.0,,,,Micro ATX Desktop,-99.0,0
159.0,67.0,,,,Mini ITX Tower,-92.0,0
145.0,70.0,,,,HTPC,-75.0,0
160.0,170.0,,,,ATX Mid Tower,10.0,1
159.0,85.0,,,,Mini ITX Tower,-74.0,0
159.0,70.0,,,,Mini ITX Tower,-89.0,0
57.0,180.0,,,360.0,ATX Mid Tower,123.0,1
171.0,210.0,,,,ATX Mid Tower,39.0,1
161.0,156.0,120.0,3,360.0,ATX Mid Tower,-5.0,0
157.0,148.0,,,,Micro ATX Mini Tower,-9.0,0
156.0,185.0,,,,ATX Mid Tower,29.0,1
52.0,140.0,,,120.0,Mini ITX Tower,88.0,1
140.0,135.0,,,,Micro ATX Mid Tower,-5.0,0
159.0,178.0,,,,,19.0,1
67.0,170.0,,,360.0,ATX Mid Tower,103.0,1
134.0,55.0,,,,Mini ITX Tower,-79.0,0
154.0,166.0,,,,ATX Mid Tower,12.0,1
157.0,70.0,120.0,2,120.0,Mini ITX Tower,-87.0,0
60.0,167.0,,,,ATX Mid Tower,107.0,1
160.0,70.0,135.0,1,,HTPC,-90.0,0
64.4,167.0,120.0,3,360.0,ATX Mid Tower,102.6,1
76.0,55.0,,,,Mini ITX Tower,-21.0,0
154.0,190.0,,,,ATX Full Tower,36.0,1
152.0,182.0,,,,ATX Mid Tower,30.0,1
160.0,55.0,,,,Mini ITX Tower,-105.0,0
42.0,165.0,,,360.0,ATX Mid Tower,123.0,1
153.0,164.0,,,,ATX Mid Tower,11.0,1
165.0,70.0,,,,Mini ITX Tower,-95.0,0
160.0,83.0,,,,Mini ITX Tower,-77.0,0
116.0,169.0,140.0,2,280.0,ATX Mid Tower,53.0,1
52.0,160.0,,,120.0,ATX Mid Tower,108.0,1
145.0,77.0,,,,Mini ITX Tower,-68.0,0
54.0,185.0,,,,ATX Mid Tower,131.0,1
155.0,67.0,,,,Mini ITX Tower,-88.0,0
127.0,210.0,100.0,2,,Micro ATX Mini Tower,83.0,1
165.0,160.0,,,,ATX Mid Tower,-5.0,0
168.0,180.0,,,,ATX Full Tower,12.0,1
150.0,175.0,,,,Mini ITX Tower,25.0,1
163.0,176.0,,,,ATX Full Tower,13.0,1
166.0,47.0,,,,Micro ATX Desktop,-119.0,0
58.0,190.0,,,240.0,Mini ITX Tower,132.0,1
165.0,120.0,,,,Mini ITX Tower,-45.0,0
172.0,70.0,,,,Mini ITX Tower,-102.0,0
84.0,160.0,120.0,2,240.0,ATX Mid Tower,76.0,1
166.0,160.0,,,,ATX Mid Tower,-6.0,0
163.0,160.0,120.0,,,ATX Mid Tower,-3.0,0
158.0,190.0,,,,ATX Full Tower,32.0,1
157.0,70.0,140.0,2,280.0,Mini ITX Tower,-87.0,0
150.0,85.0,,,,Mini ITX Tower,-65.0,0
65.0,161.0,,,360.0,Micro ATX Mid Tower,96.0,1
73.0,70.0,120.0,3,360.0,Mini ITX Tower,-3.0,0
136.0,185.0,,,,ATX Mid Tower,49.0,1
162.0,160.0,,,,ATX Mid Tower,-2.0,0
152.0,70.0,120.0,1,,Micro ATX Desktop,-82.0,0
164.0,170.0,,,,ATX Mid Tower,6.0,1
154.0,165.0,120.0,2,,Micro ATX Mini Tower,11.0,1
154.0,67.0,120.0,2,,Mini ITX Tower,-87.0,0
75.0,158.0,,,,Micro ATX Mini Tower,83.0,1
160.0,165.0,135.0,1,,Micro ATX Mini Tower,5.0,1
172.0,170.0,,,,ATX Mid Tower,-2.0,0
155.0,175.0,,,,ATX Mid Tower,20.0,1
60.0,183.0,120.0,1,240.0,ATX Mid Tower,123.0,1
169.0,135.0,,,,Micro ATX Mid Tower,-34.0,0
157.0,70.0,,,,Mini ITX Tower,-87.0,0
158.0,170.0,,,,Micro ATX Mid Tower,12.0,1
158.0,88.2,,,,ATX Mid Tower,-69.8,0
155.0,190.0,,,,ATX Mid Tower,35.0,1
130.0,70.0,,,,Mini ITX Tower,-60.0,0
161.0,138.0,,,,HTPC,-23.0,0
160.0,75.0,,,,Micro ATX Mini Tower,-85.0,0
154.0,140.0,,,,Mini ITX Tower,-14.0,0
161.0,150.0,,,,ATX Mid Tower,-11.0,0
154.0,180.0,,,,ATX Mid Tower,26.0,1
157.0,77.0,,,,Mini ITX Tower,-80.0,0
165.0,61.0,,,,Mini ITX Tower,-104.0,0
154.0,140.0,,,,Mini ITX Tower,-14.0,0
136.0,185.0,,,,ATX Mid Tower,49.0,1
135.0,85.0,,,,Mini ITX Tower,-50.0,0
155.0,110.0,,,,Mini ITX Tower,-45.0,0
108.0,58.0,120.0,3,360.0,HTPC,-50.0,0
162.0,65.0,,,,Mini ITX Tower,-97.0,0
157.0,77.0,,,,Mini ITX Tower,-80.0,0
158.0,120.0,,,,Mini ITX Tower,-38.0,0
155.0,67.0,,,,Mini ITX Tower,-88.0,0
159.0,145.0,,,,ATX Mid Tower,-14.0,0
157.0,169.0,,,,ATX Mid Tower,12.0,1
110.0,82.0,,,,Mini ITX Tower,-28.0,0
156.0,48.0,,,,Mini ITX Tower,-108.0,0
141.0,160.0,,,,ATX Mid Tower,19.0,1
152.0,170.0,,,,ATX Mid Tower,18.0,1
163.0,210.0,,,,Micro ATX Mini Tower,47.0,1
148.0,70.0,120.0,,,Mini ITX Tower,-78.0,0
155.0,85.0,,,,Mini ITX Tower,-70.0,0
68.0,165.0,,,,ATX Mid Tower,97.0,1
156.0,168.0,,,,ATX Mid Tower,12.0,1
160.0,164.0,,,,ATX Mid Tower,4.0,1
157.0,138.0,,,,HTPC,-19.0,0
154.0,77.0,,,,Mini ITX Tower,-77.0,0
123.0,195.0,,,,ATX Mid Tower,72.0,1
146.0,70.0,,,,HTPC,-76.0,0
66.0,57.0,,,360.0,Micro ATX Desktop,-9.0,0
158.0,155.0,,,,Micro ATX Mid Tower,-3.0,0
52.0,160.0,140.0,2,280.0,Micro ATX Mid Tower,108.0,1
67.0,165.0,,,,ATX Mid Tower,98.0,1
157.0,184.0,,,,ATX Mid Tower,27.0,1
164.0,160.0,,,,ATX Mid Tower,-4.0,0
70.0,68.0,,,,Mini ITX Tower,-2.0,0
127.0,110.0,,,,Mini ITX Tower,-17.0,0
110.0,47.0,,,,Micro ATX Desktop,-63.0,0
47.0,200.0,,,240.0,ATX Full Tower,153.0,1
156.0,155.0,,,,ATX Full Tower,-1.0,0
160.0,151.0,140.0,2,280.0,ATX Mid Tower,-9.0,0
123.0,170.0,,,,ATX Mid Tower,47.0,1
70.0,175.0,,,240.0,ATX Mid Tower,105.0,1
154.0,160.0,,,,ATX Mid Tower,6.0,1
145.0,170.0,,,,ATX Mid Tower,25.0,1
166.0,165.0,,,,ATX Mid Tower,-1.0,0
125.0,67.0,,,,Mini ITX Tower,-58.0,0
156.0,170.0,,,,ATX Mid Tower,14.0,1
155.0,120.0,,,,Mini ITX Tower,-35.0,0
154.0,88.2,,,,ATX Mid Tower,-65.8,0
148.0,170.0,,,,ATX Mid Tower,22.0,1
155.0,185.0,,,,ATX Mid Tower,30.0,1
158.0,155.0,,,,Micro ATX Mid Tower,-3.0,0
155.0,95.0,,,,ATX Mid Tower,-60.0,0
121.0,185.0,120.0,3,360.0,ATX Mid Tower,64.0,1
125.0,165.0,120.0,3,360.0,Micro ATX Mini Tower,40.0,1
66.0,185.0,,,360.0,ATX Mid Tower,119.0,1
86.4,83.0,120.0,3,360.0,Mini ITX Tower,-3.4,0
60.0,190.0,,,360.0,ATX Mid Tower,130.0,1
150.0,65.0,,,,Mini ITX Tower,-85.0,0
130.0,95.0,,,,ATX Mid Tower,-35.0,0
155.0,88.2,,,,ATX Mid Tower,-66.8,0
155.0,145.0,,,,ATX Mid Tower,-10.0,0
94.0,165.0,100.0,1,,Micro ATX Mini Tower,71.0,1
77.0,170.0,,,,EATX Mid Tower,93.0,1
38.0,165.0,,,,ATX Mid Tower,127.0,1
136.0,210.0,,,,Mini ITX Tower,74.0,1
72.0,48.0,120.0,3,360.0,Mini ITX Tower,-24.0,0
80.6,168.0,120.0,2,240.0,ATX Mid Tower,87.4,1
159.0,180.0,,,,ATX Mid Tower,21.0,1
154.0,65.0,,,,Mini ITX Tower,-89.0,0
156.0,155.0,,,,Micro ATX Mid Tower,-1.0,0
121.0,165.0,120.0,3,360.0,ATX Mid Tower,44.0,1
94.5,170.0,120.0,1,,ATX Mid Tower,75.5,1
135.0,150.0,,,,Micro ATX Mid Tower,15.0,1
155.0,61.0,,,,Mini ITX Tower,-94.0,0
137.0,75.0,,,,Micro ATX Mini Tower,-62.0,0
156.0,65.0,,,,Micro ATX Mini Tower,-91.0,0
167.0,155.0,,,,ATX Mid Tower,-12.0,0
157.0,195.0,,,,ATX Mid Tower,38.0,1
60.0,165.0,,,,ATX Mid Tower,105.0,1
45.0,163.5,,,,Micro ATX Mid Tower,118.5,1
157.0,77.0,,,,Mini ITX Tower,-80.0,0
130.0,70.0,,,,HTPC,-60.0,0
56.0,167.0,,,360.0,Micro ATX Mini Tower,111.0,1
152.0,70.0,,,,Mini ITX Tower,-82.0,0
166.0,70.0,,,,HTPC,-96.0,0
52.0,175.0,,,120.0,ATX Mid Tower,123.0,1
53.0,195.0,95.0,2,,ATX Full Tower,142.0,1
68.5,155.0,120.0,3,360.0,Micro ATX Mini Tower,86.5,1
160.0,65.0,,,,Mini ITX Tower,-95.0,0
166.0,159.0,,,,Micro ATX Mid Tower,-7.0,0
165.0,160.0,,,,Micro ATX Mini Tower,-5.0,0
155.0,185.0,,,,ATX Mid Tower,30.0,1
165.0,61.0,,,,Mini ITX Tower,-104.0,0
158.0,135.0,,,,Micro ATX Mid Tower,-23.0,0
163.0,150.0,,,,ATX Mid Tower,-13.0,0
165.0,160.0,120.0,2,,ATX Mid Tower,-5.0,0
153.0,180.0,,,,ATX Mid Tower,27.0,1
155.0,82.0,,,,Mini ITX Tower,-73.0,0
172.0,165.0,,,,Micro ATX Mini Tower,-7.0,0
160.0,156.0,,,,Micro ATX Mid Tower,-4.0,0
157.0,150.0,120.0,2,,ATX Mid Tower,-7.0,0
159.0,65.0,,,,Mini ITX Tower,-94.0,0
65.0,185.0,240.0,1,240.0,ATX Mid Tower,120.0,1
164.0,70.0,,,,HTPC,-94.0,0
135.0,170.0,,,,ATX Mid Tower,35.0,1
70.0,170.0,,,,ATX Mid Tower,100.0,1
160.0,188.0,,,,ATX Mid Tower,28.0,1
57.0,180.0,,,360.0,ATX Mid Tower,123.0,1
154.0,182.0,,,,ATX Mid Tower,28.0,1
169.0,168.0,,,,Micro ATX Mini Tower,-1.0,0
60.0,170.0,,,360.0,ATX Mid Tower,110.0,1
34.0,188.0,,,,ATX Mid Tower,154.0,1
165.0,185.0,120.0,2,,ATX Mid Tower,20.0,1
162.0,150.0,,,,Micro ATX Mini Tower,-12.0,0
160.0,190.0,,,,ATX Full Tower,30.0,1
397.0,170.0,120.0,3,360.0,ATX Mid Tower,-227.0,0
156.0,159.0,,,,ATX Mid Tower,3.0,1
158.0,160.0,,,,Micro ATX Mini Tower,2.0,1
156.0,140.0,,,,Micro ATX Mini Tower,-16.0,0
165.0,160.0,,,,ATX Mid Tower,-5.0,0
157.0,82.0,120.0,2,,Micro ATX Mini Tower,-75.0,0
102.0,81.0,120.0,3,360.0,Micro ATX Slim Tower,-21.0,0
155.0,170.0,,,,ATX Mid Tower,15.0,1
165.0,170.0,,,,EATX Full Tower,5.0,1
121.0,170.0,,,,ATX Mid Tower,49.0,1
170.0,77.0,,,,Mini ITX Tower,-93.0,0
166.0,170.0,,,,ATX Mid Tower,4.0,1
68.0,169.0,140.0,2,280.0,ATX Mid Tower,101.0,1
167.0,166.0,,,,ATX Mid Tower,-1.0,0
158.0,85.0,,,,Mini ITX Tower,-73.0,0
158.0,88.2,,,,ATX Mid Tower,-69.8,0
166.0,160.0,,,,Micro ATX Mini Tower,-6.0,0
165.0,170.0,,,,ATX Mid Tower,5.0,1
150.0,70.0,,,,Mini ITX Tower,-80.0,0
158.0,178.0,,,,ATX Mid Tower,20.0,1
160.0,151.0,,,,Micro ATX Mini Tower,-9.0,0
60.0,185.0,120.0,2,240.0,ATX Mid Tower,125.0,1
155.0,55.0,120.0,2,,Mini ITX Tower,-100.0,0
154.0,146.0,,,,ATX Mid Tower,-8.0,0
159.0,154.0,,,,Micro ATX Mid Tower,-5.0,0
139.0,68.0,,,,Mini ITX Tower,-71.0,0
80.6,151.0,120.0,3,360.0,Micro ATX Mini Tower,70.4,1
158.0,67.0,,,,Mini ITX Tower,-91.0,0
164.0,163.5,,,,Micro ATX Mid Tower,-0.5,0
169.0,168.0,,,,ATX Mid Tower,-1.0,0
165.0,160.0,,,,ATX Mid Tower,-5.0,0
155.0,88.2,,,,ATX Mid Tower,-66.8,0
151.0,171.0,,,,ATX Mid Tower,20.0,1
60.0,165.0,,,360.0,Micro ATX Mini Tower,105.0,1
158.0,114.0,,,,Mini ITX Tower,-44.0,0
152.0,138.0,120.0,1,,HTPC,-14.0,0
163.0,180.0,,,,ATX Mid Tower,17.0,1
145.0,68.0,,,,Mini ITX Tower,-77.0,0
155.0,68.0,,,,Mini ITX Tower,-87.0,0
165.0,158.75,,,,ATX Mid Tower,-6.25,0
156.0,163.0,,,,ATX Mid Tower,7.0,1
136.0,61.0,,,,Mini ITX Tower,-75.0,0
155.0,165.0,,,,ATX Mid Tower,10.0,1
157.0,175.0,,,,ATX Mid Tower,18.0,1
155.0,154.0,,,,Micro ATX Mid Tower,-1.0,0
148.0,67.0,,,,Mini ITX Tower,-81.0,0
155.0,138.0,,,,HTPC,-17.0,0
164.0,155.0,,,,ATX Mid Tower,-9.0,0
154.0,65.0,,,,Micro ATX Mini Tower,-89.0,0
157.0,70.0,,,,Mini ITX Tower,-87.0,0
135.0,166.0,,,,ATX Mid Tower,31.0,1
159.0,70.0,,,,HTPC,-89.0,0
64.0,160.0,,,,ATX Mid Tower,96.0,1
166.0,158.75,,,,ATX Mid Tower,-7.25,0
62.0,77.0,,,240.0,Mini ITX Tower,15.0,1
110.0,170.0,,,,EATX Mid Tower,60.0,1
168.0,165.0,120.0,,,ATX Mid Tower,-3.0,0
68.0,180.0,,,420.0,ATX Mid Tower,112.0,1
155.0,156.0,,,,Micro ATX Mid Tower,1.0,1
165.0,160.0,,,,ATX Mid Tower,-5.0,0
62.0,175.0,120.0,3,360.0,ATX Mid Tower,113.0,1
160.0,155.0,,,,ATX Mid Tower,-5.0,0
48.0,178.0,,,240.0,ATX Mid Tower,130.0,1
100.0,160.0,,,,ATX Mid Tower,60.0,1
154.0,185.0,,,,ATX Mid Tower,31.0,1
163.0,156.0,,,,ATX Mid Tower,-7.0,0
68.0,185.0,,,240.0,ATX Mid Tower,117.0,1
157.0,182.0,120.0,2,,ATX Full Tower,25.0,1
159.0,70.0,,,,Mini ITX Tower,-89.0,0
186.0,167.0,120.0,3,360.0,ATX Mid Tower,-19.0,0
125.0,67.0,,,,Mini ITX Tower,-58.0,0
160.0,75.0,,,,Mini ITX Tower,-85.0,0
160.0,70.0,,,,Mini ITX Tower,-90.0,0
163.0,160.0,,,,ATX Mini Tower,-3.0,0
53.0,163.5,,,240.0,Micro ATX Mini Tower,110.5,1
125.0,190.0,,,,ATX Full Tower,65.0,1
162.0,160.0,,,,ATX Mid Tower,-2.0,0
62.0,170.0,,,240.0,ATX Mid Tower,108.0,1
69.0,155.0,,,,Micro ATX Mid Tower,86.0,1
68.0,180.0,120.0,2,240.0,ATX Mid Tower,112.0,1
145.0,83.0,,,,Mini ITX Tower,-62.0,0
89.9,61.0,120.0,3,360.0,Mini ITX Tower,-28.9,0
68.0,210.0,,,,Micro ATX Mini Tower,142.0,1
68.0,166.0,,,360.0,ATX Mid Tower,98.0,1
137.0,167.0,120.0,,360.0,ATX Full Tower,30.0,1
154.0,170.0,,,,ATX Mid Tower,16.0,1
161.0,180.0,,,,ATX Mid Tower,19.0,1
157.0,165.0,,,,Micro ATX Mini Tower,8.0,1
80.0,165.0,120.0,2,240.0,ATX Mid Tower,85.0,1
158.0,155.0,,,,ATX Mid Tower,-3.0,0
152.0,70.0,,,,Mini ITX Tower,-82.0,0
66.0,58.0,,,360.0,HTPC,-8.0,0
67.0,173.0,,,360.0,Micro ATX Mini Tower,106.0,1
84.0,83.0,,,,Mini ITX Tower,-1.0,0
156.0,85.0,,,,Mini ITX Tower,-71.0,0
166.0,165.0,,,,ATX Mid Tower,-1.0,0
159.0,150.0,,,,ATX Mid Tower,-9.0,0
51.0,170.0,,,360.0,ATX Mid Tower,119.0,1
162.0,155.0,,,,Micro ATX Mid Tower,-7.0,0
131.0,165.0,,,,Micro ATX Mid Tower,34.0,1
55.0,198.0,120.0,1,,ATX Full Tower,143.0,1
160.0,170.0,,,,ATX Mid Tower,10.0,1
59.0,183.0,,,240.0,ATX Mid Tower,124.0,1
38.0,170.0,140.0,2,240.0,ATX Mid Tower,132.0,1
139.0,130.0,,,,Mini ITX Tower,-9.0,0
49.0,160.0,,,240.0,ATX Mid Tower,111.0,1
159.0,81.0,,,,Micro ATX Slim Tower,-78.0,0
160.0,70.0,,,,HTPC,-90.0,0
158.0,160.0,140.0,2,,ATX Mid Tower,2.0,1
52.0,175.0,,,360.0,ATX Full Tower,123.0,1
154.0,165.0,,,,Micro ATX Mini Tower,11.0,1
118.0,154.0,,,,Micro ATX Mid Tower,36.0,1
42.0,168.0,,,360.0,ATX Mid Tower,126.0,1
165.0,160.0,,,,ATX Mid Tower,-5.0,0
110.0,170.0,,,,ATX Mid Tower,60.0,1
57.0,170.0,120.0,2,240.0,ATX Mid Tower,113.0,1
78.0,70.0,,,360.0,Mini ITX Tower,-8.0,0
156.0,57.0,,,,Micro ATX Desktop,-99.0,0
67.0,165.0,,,240.0,EATX Mid Tower,98.0,1
150.0,162.0,,,,Micro ATX Mid Tower,12.0,1
37.0,167.0,,,,ATX Mid Tower,130.0,1
165.0,170.0,,,,ATX Mid Tower,5.0,1
153.0,150.0,,,,ATX Mid Tower,-3.0,0
158.0,155.0,,,,Micro ATX Mini Tower,-3.0,0
130.0,61.0,,,,Mini ITX Tower,-69.0,0
129.0,58.0,,,,HTPC,-71.0,0
157.0,140.0,,,,Mini ITX Tower,-17.0,0
27.0,160.0,120.0,3,360.0,ATX Mid Tower,133.0,1
155.0,166.0,,,,Micro ATX Mini Tower,11.0,1
134.0,180.0,,,,ATX Mid Tower,46.0,1
170.0,168.0,,,,Micro ATX Mini Tower,-2.0,0
137.0,162.0,,,,ATX Mid Tower,25.0,1
165.0,61.0,,,,Mini ITX Tower,-104.0,0
159.0,77.0,,,,Mini ITX Tower,-82.0,0
52.0,48.0,120.0,3,360.0,Mini ITX Tower,-4.0,0
81.0,166.0,,,,ATX Mid Tower,85.0,1
27.0,200.0,,,,Mini ITX Tower,173.0,1
148.0,168.0,120.0,,,ATX Mid Tower,20.0,1
157.0,150.0,120.0,2,120.0,Micro ATX Mini Tower,-7.0,0
164.0,162.0,,,,Micro ATX Mid Tower,-2.0,0
55.0,184.0,,,,ATX Mid Tower,129.0,1
170.0,165.0,,,,ATX Mid Tower,-5.0,0
62.0,68.0,,,240.0,Mini ITX Tower,6.0,1
159.0,48.0,,,,Mini ITX Tower,-111.0,0
160.0,160.0,,,,ATX Mid Tower,0.0,1
158.0,165.0,,,,ATX Mid Tower,7.0,1
38.0,160.0,140.0,2,240.0,ATX Mid Tower,122.0,1
165.0,85.0,,,,Mini ITX Tower,-80.0,0
61.85,170.0,120.0,3,360.0,ATX Mid Tower,108.15,1
154.0,165.0,,,,ATX Mid Tower,11.0,1
155.0,190.0,,,,ATX Mid Tower,35.0,1
65.0,185.0,,,,ATX Mid Tower,120.0,1
156.0,159.0,,,,Micro ATX Mid Tower,3.0,1
161.0,157.0,,,,Micro ATX Mini Tower,-4.0,0
54.0,160.0,,,360.0,ATX Mid Tower,106.0,1
163.0,160.0,,,,ATX Mid Tower,-3.0,0
155.0,170.0,,,,ATX Mid Tower,15.0,1
156.0,65.0,,,,Micro ATX Mini Tower,-91.0,0
146.0,168.0,,,,ATX Mid Tower,22.0,1
126.0,70.0,,,,Mini ITX Tower,-56.0,0
155.0,85.0,120.0,2,,Mini ITX Tower,-70.0,0
159.0,154.0,,,,Micro ATX Mid Tower,-5.0,0
79.0,70.0,,,360.0,HTPC,-9.0,0
170.0,150.0,,,,ATX Mid Tower,-20.0,0
158.0,61.0,,,,Mini ITX Tower,-97.0,0
168.0,165.0,120.0,,,ATX Mid Tower,-3.0,0
166.0,170.0,,,,ATX Mid Tower,4.0,1
125.0,155.0,,,,Micro ATX Mid Tower,30.0,1
158.0,163.5,,,,Micro ATX Mid Tower,5.5,1
155.0,90.0,,,,Micro ATX Desktop,-65.0,0
155.0,157.0,,,,ATX Mid Tower,2.0,1
140.0,67.0,,,,Mini ITX Tower,-73.0,0
154.0,170.0,,,,ATX Mid Tower,16.0,1
56.0,175.0,,,360.0,ATX Mid Tower,119.0,1
168.0,165.0,120.0,,,ATX Mid Tower,-3.0,0
64.0,185.0,,,360.0,ATX Mid Tower,121.0,1
156.0,155.0,,,,ATX Mid Tower,-1.0,0
155.0,120.0,,,,Mini ITX Tower,-35.0,0
58.0,38.0,,,240.0,Mini ITX Tower,-20.0,0
67.0,185.0,,,360.0,Micro ATX Mid Tower,118.0,1
59.0,195.0,,,360.0,ATX Mid Tower,136.0,1
154.0,175.0,,,,ATX Mid Tower,21.0,1
156.0,160.0,,,,ATX Mid Tower,4.0,1
160.0,159.0,,,,Micro ATX Mini Tower,-1.0,0
154.0,170.0,,,,ATX Mid Tower,16.0,1
93.0,155.0,,,,Mini ITX Tower,62.0,1
57.0,210.0,,,,ATX Mid Tower,153.0,1
49.0,165.0,,,240.0,ATX Mid Tower,116.0,1
45.0,190.0,,,,ATX Full Tower,145.0,1
101.0,77.0,120.0,3,360.0,Mini ITX Tower,-24.0,0
163.0,158.0,,,,ATX Mid Tower,-5.0,0
152.0,170.0,120.0,1,,ATX Mid Tower,18.0,1
157.0,155.0,,,,Mini ITX Tower,-2.0,0
163.0,160.0,,,,Micro ATX Mid Tower,-3.0,0
160.0,88.2,,,,ATX Mid Tower,-71.8,0
155.0,55.0,,,,Mini ITX Tower,-100.0,0
166.0,58.0,,,,HTPC,-108.0,0
159.0,185.0,,,,ATX Mid Tower,26.0,1
155.0,70.0,,,,HTPC,-85.0,0
136.0,170.0,90.0,1,,ATX Mid Tower,34.0,1
66.1,175.0,120.0,1,,Micro ATX Mid Tower,108.9,1
165.0,160.0,,,,Micro ATX Mini Tower,-5.0,0
60.0,65.0,,,,HTPC,5.0,1
154.0,140.0,,,,Mini ITX Tower,-14.0,0
126.0,170.0,,,,ATX Mid Tower,44.0,1
154.0,148.0,,,,Micro ATX Mid Tower,-6.0,0
166.0,163.5,,,,Micro ATX Mini Tower,-2.5,0
168.0,120.0,120.0,,,Mini ITX Tower,-48.0,0
154.0,110.0,,,,Mini ITX Tower,-44.0,0
140.0,160.0,,,,ATX Mid Tower,20.0,1
158.0,65.0,,,,Micro ATX Mini Tower,-93.0,0
54.0,85.0,,,360.0,Mini ITX Tower,31.0,1
113.0,168.0,,,,ATX Mid Tower,55.0,1
68.0,210.0,,,240.0,Micro ATX Mini Tower,142.0,1
156.0,187.0,,,,Micro ATX Mid Tower,31.0,1
67.0,61.0,,,,Mini ITX Tower,-6.0,0
107.0,160.0,120.0,3,360.0,Micro ATX Mini Tower,53.0,1
166.0,162.0,,,,ATX Mid Tower,-4.0,0
60.0,165.0,,,360.0,Micro ATX Mini Tower,105.0,1
157.0,156.0,120.0,2,,ATX Mid Tower,-1.0,0
116.0,48.0,120.0,2,240.0,Mini ITX Tower,-68.0,0
125.0,168.0,,,,ATX Mid Tower,43.0,1
152.0,180.0,,,,ATX Mid Tower,28.0,1
65.0,180.0,240.0,1,240.0,ATX Mid Tower,115.0,1
156.0,160.0,,,,ATX Mid Tower,4.0,1
130.0,187.0,,,,Micro ATX Mid Tower,57.0,1
156.0,85.0,,,,Mini ITX Tower,-71.0,0
137.0,67.0,120.0,3,360.0,Mini ITX Tower,-70.0,0
130.0,70.0,,,,Mini ITX Tower,-60.0,0
162.0,160.0,,,,Micro ATX Mini Tower,-2.0,0
116.0,168.0,140.0,2,280.0,Micro ATX Mini Tower,52.0,1
47.0,190.0,,,,EATX Full Tower,143.0,1
65.0,165.0,,,360.0,Micro ATX Mini Tower,100.0,1
55.0,160.0,,,,ATX Mid Tower,105.0,1
63.0,165.0,,,360.0,ATX Mid Tower,102.0,1
153.0,120.0,,,,Mini ITX Tower,-33.0,0
125.0,165.0,,,,ATX Mid Tower,40.0,1
65.0,157.0,,,360.0,ATX Mid Tower,92.0,1
66.0,160.0,,,,ATX Mid Tower,94.0,1
165.0,155.0,,,,Micro ATX Mid Tower,-10.0,0
53.0,151.0,120.0,3,360.0,ATX Mid Tower,98.0,1
154.0,65.0,,,,Micro ATX Mini Tower,-89.0,0
145.0,200.0,,,,ATX Full Tower,55.0,1
150.0,68.0,,,,Mini ITX Tower,-82.0,0
166.0,155.0,,,,ATX Mid Tower,-11.0,0
159.0,120.0,,,,Mini ITX Tower,-39.0,0
162.0,140.0,,,,Mini ITX Tower,-22.0,0
150.0,67.0,,,,Mini ITX Tower,-83.0,0
36.0,190.0,,,,EATX Mid Tower,154.0,1
135.0,88.2,,,,ATX Mid Tower,-46.8,0
170.0,166.0,,,,Micro ATX Mini Tower,-4.0,0
76.0,166.0,,,,ATX Mid Tower,90.0,1
166.0,157.0,,,,Micro ATX Mini Tower,-9.0,0
131.0,156.0,,,,ATX Mid Tower,25.0,1
161.0,160.0,,,,ATX Mid Tower,-1.0,0
397.0,165.0,120.0,3,360.0,ATX Mid Tower,-232.0,0
130.0,165.0,,,,ATX Mid Tower,35.0,1
17.0,171.0,,,,ATX Mid Tower,154.0,1
154.0,171.0,,,,ATX Mid Tower,17.0,1
169.0,110.0,,,,Mini ITX Tower,-59.0,0
154.0,170.0,120.0,2,,ATX Mid Tower,16.0,1
60.0,160.0,,,,Micro ATX Mini Tower,100.0,1
60.0,180.5,,,360.0,EATX Mid Tower,120.5,1
160.0,156.0,,,,ATX Mid Tower,-4.0,0
155.0,70.0,,,,Mini ITX Tower,-85.0,0
154.0,170.0,,,,ATX Mid Tower,16.0,1
160.0,155.0,,,,ATX Mid Tower,-5.0,0
57.0,55.0,,,360.0,Mini ITX Tower,-2.0,0
68.0,65.0,,,240.0,Mini ITX Tower,-3.0,0
160.0,85.0,,,,Mini ITX Tower,-75.0,0
157.0,38.0,,,,Mini ITX Tower,-119.0,0
165.0,180.0,120.0,2,,ATX Mid Tower,15.0,1
116.0,165.0,120.0,3,360.0,Micro ATX Mini Tower,49.0,1
66.1,178.0,120.0,1,,ATX Mid Tower,111.9,1
166.0,163.0,,,,ATX Mid Tower,-3.0,0
153.0,165.0,,,,ATX Mid Tower,12.0,1
160.0,61.0,,,,Mini ITX Tower,-99.0,0
160.0,61.0,,,,Mini ITX Tower,-99.0,0
148.0,190.0,,,,Mini ITX Tower,42.0,1
160.0,159.0,,,,Micro ATX Mid Tower,-1.0,0
158.0,200.0,,,,ATX Full Tower,42.0,1
154.0,138.0,,,,HTPC,-16.0,0
100.0,165.0,,,,ATX Mid Tower,65.0,1
169.0,163.5,,,,Micro ATX Mid Tower,-5.5,0
161.0,135.0,,,,Micro ATX Mid Tower,-26.0,0
86.0,170.0,,,,ATX Mid Tower,84.0,1
130.0,155.0,,,,ATX Mid Tower,25.0,1
134.0,176.0,,,,ATX Full Tower,42.0,1
158.0,50.0,,,,Mini ITX Tower,-108.0,0
157.0,156.0,,,,ATX Mid Tower,-1.0,0
154.0,57.0,,,,Micro ATX Desktop,-97.0,0
171.0,165.0,,,,ATX Mid Tower,-6.0,0
125.0,88.2,,,,ATX Mid Tower,-36.8,0
186.0,165.0,120.0,3,360.0,ATX Mid Tower,-21.0,0
135.0,165.0,,,,ATX Mid Tower,30.0,1
37.0,165.0,,,,ATX Mid Tower,128.0,1
160.0,120.0,,,,Mini ITX Tower,-40.0,0
60.0,170.0,,,,ATX Mid Tower,110.0,1
123.0,68.0,,,,Mini ITX Tower,-55.0,0
27.0,166.0,120.0,3,360.0,ATX Mid Tower,139.0,1
110.0,190.0,,,,ATX Mid Tower,80.0,1
160.0,155.0,,,,ATX Mid Tower,-5.0,0
59.0,58.0,,,360.0,HTPC,-1.0,0
157.0,77.0,,,,Mini ITX Tower,-80.0,0
140.0,160.0,,,,Micro ATX Mid Tower,20.0,1
94.5,170.0,120.0,1,,ATX Mid Tower,75.5,1
55.0,165.0,,,360.0,ATX Mid Tower,110.0,1
154.0,156.0,120.0,1,,Micro ATX Mid Tower,2.0,1
157.0,155.0,140.0,2,280.0,Micro ATX Mid Tower,-2.0,0
154.0,170.0,,,,ATX Mid Tower,16.0,1
154.0,70.0,,,,Mini ITX Tower,-84.0,0
30.0,190.0,120.0,2,360.0,ATX Mid Tower,160.0,1
60.0,190.0,,,240.0,ATX Full Tower,130.0,1
69.0,165.0,,,360.0,ATX Mid Tower,96.0,1
160.0,155.0,,,,ATX Mid Tower,-5.0,0
130.0,67.0,,,,Mini ITX Tower,-63.0,0
55.0,160.0,,,240.0,ATX Mid Tower,105.0,1
157.0,165.0,,,,ATX Mid Tower,8.0,1
159.0,85.0,,,,Mini ITX Tower,-74.0,0
158.0,155.0,,,,ATX Mid Tower,-3.0,0
52.0,167.0,,,240.0,ATX Full Tower,115.0,1
57.0,165.0,,,360.0,ATX Mid Tower,108.0,1
158.0,150.0,,,,ATX Mid Tower,-8.0,0
123.0,165.0,,,,ATX Mid Tower,42.0,1
163.0,160.0,,,,Micro ATX Mini Tower,-3.0,0
160.0,155.0,,,,Mini ITX Tower,-5.0,0
167.0,165.0,,,,ATX Mid Tower,-2.0,0
160.0,85.0,,,,Mini ITX Tower,-75.0,0
160.0,75.0,,,,Micro ATX Mini Tower,-85.0,0
158.0,82.0,,,,Mini ITX Tower,-76.0,0
58.0,55.0,,,,Mini ITX Tower,-3.0,0
151.0,120.0,120.0,2,,Mini ITX Tower,-31.0,0
112.0,38.0,,,,Mini ITX Tower,-74.0,0
163.0,160.0,,,,ATX Mid Tower,-3.0,0
155.0,210.0,,,,Mini ITX Tower,55.0,1
150.0,170.0,,,,ATX Mid Tower,20.0,1
151.0,150.0,,,,Micro ATX Mini Tower,-1.0,0
56.0,155.0,140.0,2,280.0,ATX Mid Tower,99.0,1
66.0,155.0,,,360.0,Micro ATX Mid Tower,89.0,1
63.0,163.5,,,360.0,Micro ATX Mid Tower,100.5,1
165.0,162.0,,,,ATX Mid Tower,-3.0,0
66.0,185.0,120.0,3,360.0,ATX Mid Tower,119.0,1
158.0,65.0,,,,HTPC,-93.0,0
72.0,67.0,120.0,3,360.0,Mini ITX Tower,-5.0,0
56.0,70.0,140.0,2,280.0,HTPC,14.0,1
70.0,160.0,,,,ATX Mid Tower,90.0,1
165.0,160.0,,,,ATX Mid Tower,-5.0,0
68.0,61.0,140.0,2,280.0,Mini ITX Tower,-7.0,0
162.0,190.0,,,,ATX Mid Tower,28.0,1
157.0,170.0,,,,ATX Mid Tower,13.0,1
156.0,150.0,,,,Micro ATX Mini Tower,-6.0,0
164.0,160.0,,,,ATX Mid Tower,-4.0,0
67.0,165.0,,,,ATX Mid Tower,98.0,1
91.0,67.0,120.0,3,360.0,Mini ITX Tower,-24.0,0
155.0,67.0,,,,Mini ITX Tower,-88.0,0
154.0,68.0,,,,Mini ITX Tower,-86.0,0
150.0,67.0,120.0,2,240.0,Mini ITX Tower,-83.0,0
51.0,180.0,,,360.0,ATX Mid Tower,129.0,1
167.0,38.0,,,,Mini ITX Tower,-129.0,0
150.0,138.0,,,,HTPC,-12.0,0
157.0,154.0,,,,Micro ATX Mid Tower,-3.0,0
165.0,158.0,,,,ATX Mid Tower,-7.0,0
60.0,48.0,120.0,1,240.0,Mini ITX Tower,-12.0,0
38.0,61.0,140.0,2,240.0,Mini ITX Tower,23.0,1
157.0,95.0,,,,ATX Mid Tower,-62.0,0
62.0,165.0,,,360.0,ATX Mid Tower,103.0,1
158.0,175.0,,,,Micro ATX Mid Tower,17.0,1
155.0,150.0,,,,ATX Mid Tower,-5.0,0
153.0,70.0,,,,Mini ITX Tower,-83.0,0
155.0,185.0,,,,EATX Mid Tower,30.0,1
160.0,163.0,,,,ATX Mid Tower,3.0,1
162.0,160.0,,,,ATX Mid Tower,-2.0,0
155.0,138.0,,,,HTPC,-17.0,0
163.0,185.0,,,,ATX Mid Tower,22.0,1
165.0,158.0,,,,ATX Mid Tower,-7.0,0
164.0,77.0,,,,Mini ITX Tower,-87.0,0
154.0,150.0,,,,ATX Mid Tower,-4.0,0
94.0,70.0,240.0,2,240.0,Mini ITX Tower,-24.0,0
155.0,65.0,,,,Micro ATX Mini Tower,-90.0,0
164.0,190.0,,,,ATX Full Tower,26.0,1
45.0,165.0,,,,Micro ATX Mini Tower,120.0,1
160.0,47.0,,,,Micro ATX Desktop,-113.0,0
130.0,57.0,,,,Micro ATX Desktop,-73.0,0
154.0,83.0,,,,Mini ITX Tower,-71.0,0
30.0,170.0,120.0,2,360.0,Micro ATX Mini Tower,140.0,1
160.0,150.0,,,,ATX Mid Tower,-10.0,0
70.0,160.0,,,,ATX Mid Tower,90.0,1
163.0,160.0,,,,ATX Mid Tower,-3.0,0
54.0,185.0,,,240.0,ATX Mid Tower,131.0,1
65.0,175.0,420.0,1,420.0,EATX Full Tower,110.0,1
135.0,82.0,120.0,1,,Micro ATX Desktop,-53.0,0
155.0,150.0,,1,,ATX Mid Tower,-5.0,0
90.0,187.0,,,240.0,ATX Mid Tower,97.0,1
165.0,70.0,,,,HTPC,-95.0,0
156.0,154.0,,,,Micro ATX Mid Tower,-2.0,0
137.0,180.0,,,,ATX Mid Tower,43.0,1
116.0,70.0,140.0,2,280.0,Mini ITX Tower,-46.0,0
170.0,175.0,,,,ATX Mid Tower,5.0,1
152.0,150.0,120.0,1,,ATX Mid Tower,-2.0,0
107.0,70.0,120.0,3,360.0,Mini ITX Tower,-37.0,0
154.0,146.0,,,,HTPC,-8.0,0
135.0,157.0,,,,ATX Mid Tower,22.0,1
150.0,114.0,120.0,2,240.0,Mini ITX Tower,-36.0,0
37.0,165.0,,,,Micro ATX Mid Tower,128.0,1
65.0,190.0,,,,ATX Mid Tower,125.0,1
145.0,68.0,,,,Mini ITX Tower,-77.0,0
58.0,187.0,,,360.0,ATX Mid Tower,129.0,1
165.0,163.5,,,,Micro ATX Mini Tower,-1.5,0
63.0,156.0,,,,Micro ATX Mini Tower,93.0,1
14.0,163.0,,,,ATX Mid Tower,149.0,1
68.0,210.0,,,360.0,Micro ATX Mini Tower,142.0,1
157.0,162.0,,,,ATX Mid Tower,5.0,1
158.0,155.0,,,,ATX Mid Tower,-3.0,0
154.0,95.0,,,,ATX Mid Tower,-59.0,0
153.0,179.0,,,,ATX Mid Tower,26.0,1
158.0,166.0,,,,ATX Full Tower,8.0,1
164.0,160.0,,,,ATX Mid Tower,-4.0,0
159.0,175.0,,,,ATX Full Tower,16.0,1
154.0,180.5,,,,EATX Mid Tower,26.5,1
157.0,155.0,,,,ATX Mid Tower,-2.0,0
158.0,170.0,,,,ATX Mid Tower,12.0,1
145.0,165.0,,,,ATX Mid Tower,20.0,1
157.0,145.0,120.0,2,,ATX Mid Tower,-12.0,0
160.0,180.0,,,,ATX Mid Tower,20.0,1
66.0,168.0,,,360.0,ATX Mid Tower,102.0,1
135.0,190.0,,,,ATX Mid Tower,55.0,1
163.0,159.0,,,,Micro ATX Mid Tower,-4.0,0
159.0,85.0,,,,Mini ITX Tower,-74.0,0
155.0,173.0,,,,ATX Mid Tower,18.0,1
155.0,150.0,,,,Micro ATX Mini Tower,-5.0,0
158.0,65.0,,,,Micro ATX Mini Tower,-93.0,0
68.0,160.0,,,,Micro ATX Mid Tower,92.0,1
167.0,150.0,,,,Micro ATX Mini Tower,-17.0,0
165.0,160.0,,,,ATX Mid Tower,-5.0,0
53.0,170.0,120.0,2,240.0,ATX Mid Tower,117.0,1
155.0,150.0,,,,ATX Mid Tower,-5.0,0
65.0,70.0,,,,Mini ITX Tower,5.0,1
155.0,38.0,,1,,Mini ITX Tower,-117.0,0
45.0,155.0,,,,Micro ATX Mid Tower,110.0,1
78.0,190.0,,,360.0,ATX Mid Tower,112.0,1
157.0,170.0,,,,ATX Mid Tower,13.0,1
153.0,138.0,,,,HTPC,-15.0,0
151.0,55.0,,,,Mini ITX Tower,-96.0,0
49.0,70.0,,,420.0,Mini ITX Tower,21.0,1
123.0,170.0,,,,ATX Mid Tower,47.0,1
154.0,165.0,,,,ATX Mid Tower,11.0,1
161.0,160.0,120.0,3,360.0,ATX Mid Tower,-1.0,0
152.0,166.0,,,,Micro ATX Mid Tower,14.0,1
55.0,171.0,,,,ATX Mid Tower,116.0,1
157.0,175.0,,,,ATX Mid Tower,18.0,1
116.0,165.0,120.0,2,240.0,ATX Mid Tower,49.0,1
154.0,185.0,,,,ATX Mid Tower,31.0,1
157.0,170.0,,,,ATX Mid Tower,13.0,1
159.0,170.0,120.0,,,ATX Mid Tower,11.0,1
70.0,176.0,,,,ATX Full Tower,106.0,1
62.0,170.0,,,240.0,ATX Mid Tower,108.0,1
133.0,90.0,,,,Micro ATX Desktop,-43.0,0
165.0,185.0,120.0,2,,ATX Mid Tower,20.0,1
154.0,114.0,,,,Mini ITX Tower,-40.0,0
136.0,88.2,90.0,1,,ATX Mid Tower,-47.8,0
154.0,140.0,,,,Mini ITX Tower,-14.0,0
52.0,170.0,140.0,2,280.0,ATX Full Tower,118.0,1
157.0,45.0,120.0,2,,Mini ITX Tower,-112.0,0
101.0,67.0,120.0,2,240.0,Mini ITX Tower,-34.0,0
60.0,166.0,,,360.0,ATX Mid Tower,106.0,1
172.0,165.0,,,,Micro ATX Mini Tower,-7.0,0
66.1,167.0,120.0,1,,ATX Full Tower,100.9,1
137.0,151.0,,,,Micro ATX Mini Tower,14.0,1
157.0,156.0,120.0,2,,ATX Mid Tower,-1.0,0
105.0,171.0,,,360.0,ATX Mid Tower,66.0,1
156.0,165.0,,,,Micro ATX Mini Tower,9.0,1
125.0,45.0,,,,Mini ITX Tower,-80.0,0
171.0,160.0,,,,ATX Mid Tower,-11.0,0
150.0,140.0,,,,Mini ITX Tower,-10.0,0
154.0,165.0,,,,ATX Mid Tower,11.0,1
145.0,164.0,,,,Micro ATX Desktop,19.0,1
160.0,150.0,,,,ATX Mid Tower,-10.0,0
168.0,165.0,120.0,,,ATX Mid Tower,-3.0,0
136.0,90.0,,,,Micro ATX Desktop,-46.0,0
158.0,77.0,,,,HTPC,-81.0,0
47.0,160.0,,,,ATX Mid Tower,113.0,1
160.0,45.0,,,,Mini ITX Tower,-115.0,0
150.0,70.0,,,,HTPC,-80.0,0
158.0,190.0,,,,ATX Full Tower,32.0,1
116.0,70.0,140.0,2,280.0,HTPC,-46.0,0
160.0,61.0,,,,Mini ITX Tower,-99.0,0
50.0,162.0,,,360.0,ATX Mid Tower,112.0,1
145.0,180.0,,,,ATX Mid Tower,35.0,1
150.0,165.0,,,,Micro ATX Mini Tower,15.0,1
154.0,150.0,,,,Micro ATX Mid Tower,-4.0,0
130.0,83.0,,,,Mini ITX Tower,-47.0,0
27.0,162.0,120.0,3,360.0,ATX Mid Tower,135.0,1
158.0,157.0,,,,ATX Mid Tower,-1.0,0
65.0,185.0,,,360.0,ATX Full Tower,120.0,1
160.0,185.0,,,,ATX Mid Tower,25.0,1
166.0,146.0,,,,HTPC,-20.0,0
53.0,190.0,,,,ATX Mid Tower,137.0,1
151.0,165.0,,,,ATX Mid Tower,14.0,1
150.0,70.0,,,,Micro ATX Desktop,-80.0,0
154.0,170.0,,,,ATX Mid Tower,16.0,1
69.0,155.0,,,240.0,ATX Mid Tower,86.0,1
143.0,170.0,,,,ATX Mid Tower,27.0,1
160.0,182.0,,,,ATX Mid Tower,22.0,1
136.0,175.0,,,,ATX Mid Tower,39.0,1
62.0,184.0,,,360.0,ATX Mid Tower,122.0,1
160.0,160.0,,,,Micro ATX Mini Tower,0.0,1
165.0,160.0,,,,ATX Mid Tower,-5.0,0
163.0,160.0,,,,Micro ATX Mini Tower,-3.0,0
47.0,190.0,,,,ATX Full Tower,143.0,1
158.0,120.0,,,,Mini ITX Tower,-38.0,0
36.0,165.0,,,,ATX Mid Tower,129.0,1
161.0,155.0,120.0,2,,Mini ITX Tower,-6.0,0
158.0,155.0,,,,Micro ATX Mini Tower,-3.0,0
157.0,156.0,,,,Micro ATX Mid Tower,-1.0,0
160.0,180.0,,,,EATX Mid Tower,20.0,1
155.0,70.0,120.0,1,,Mini ITX Tower,-85.0,0
81.0,70.0,,,,Mini ITX Tower,-11.0,0
62.0,47.0,,,360.0,Micro ATX Desktop,-15.0,0
153.0,185.0,,,,ATX Mid Tower,32.0,1
138.0,68.0,,,,Mini ITX Tower,-70.0,0
158.0,155.0,,,,Micro ATX Mini Tower,-3.0,0
160.0,120.0,,,,Mini ITX Tower,-40.0,0
157.0,165.0,,,,ATX Mid Tower,8.0,1
161.0,160.0,,,,ATX Mid Tower,-1.0,0
161.0,67.0,,,,Mini ITX Tower,-94.0,0
169.0,190.0,,,,ATX Full Tower,21.0,1
158.0,210.0,,,,Mini ITX Tower,52.0,1
153.0,58.0,,,,HTPC,-95.0,0
158.0,65.0,,,,Micro ATX Mini Tower,-93.0,0
169.0,82.0,,,,Mini ITX Tower,-87.0,0
94.5,85.0,120.0,1,,Mini ITX Tower,-9.5,0
25.0,160.0,,,,ATX Mid Tower,135.0,1
164.0,148.0,,,,Micro ATX Mini Tower,-16.0,0
157.0,135.0,,,,Micro ATX Mid Tower,-22.0,0
58.0,140.0,,,360.0,Mini ITX Tower,82.0,1
137.0,57.0,,,,Micro ATX Desktop,-80.0,0
161.0,160.0,,,,ATX Mini Tower,-1.0,0
65.0,178.0,120.0,3,360.0,ATX Mid Tower,113.0,1
150.0,175.0,,,,ATX Mid Tower,25.0,1
136.0,58.0,,,,HTPC,-78.0,0
47.0,180.0,,,,ATX Mid Tower,133.0,1
52.0,165.0,,,360.0,ATX Mid Tower,113.0,1
65.0,175.0,,,360.0,ATX Mid Tower,110.0,1
160.0,140.0,120.0,1,,Mini ITX Tower,-20.0,0
162.0,178.0,,,,ATX Mid Tower,16.0,1
165.0,162.0,,,,ATX Mid Tower,-3.0,0
157.0,165.0,120.0,2,120.0,Micro ATX Mini Tower,8.0,1
158.0,88.2,,,,ATX Mid Tower,-69.8,0
148.0,160.0,,,,ATX Mid Tower,12.0,1
137.0,83.0,120.0,3,360.0,Mini ITX Tower,-54.0,0
65.0,155.0,240.0,1,240.0,ATX Mid Tower,90.0,1
155.0,50.0,,,,Mini ITX Tower,-105.0,0
163.0,148.0,,,,ATX Mid Tower,-15.0,0
161.0,50.0,120.0,3,360.0,Mini ITX Tower,-111.0,0
158.0,70.0,,,,HTPC,-88.0,0
154.0,48.0,,,,Mini ITX Tower,-106.0,0
165.0,160.0,,,,ATX Mid Tower,-5.0,0
161.0,114.0,120.0,3,360.0,Mini ITX Tower,-47.0,0
158.0,170.0,,,,ATX Mid Tower,12.0,1
65.0,185.0,,,360.0,ATX Mid Tower,120.0,1
155.0,70.0,120.0,,,Mini ITX Tower,-85.0,0
161.0,180.5,,,,EATX Mid Tower,19.5,1
73.0,185.0,,,,ATX Mid Tower,112.0,1
162.0,138.0,,,,HTPC,-24.0,0
158.0,70.0,,,,Mini ITX Tower,-88.0,0
152.0,150.0,,,,ATX Mid Tower,-2.0,0
168.0,68.0,120.0,,,Mini ITX Tower,-100.0,0
85.0,65.0,,,360.0,Mini ITX Tower,-20.0,0
166.0,165.0,,,,ATX Mid Tower,-1.0,0
38.0,160.0,140.0,2,240.0,Micro ATX Mini Tower,122.0,1
53.0,184.0,95.0,1,,ATX Mid Tower,131.0,1
150.0,140.0,,,,Mini ITX Tower,-10.0,0
95.0,160.0,,,,ATX Mid Tower,65.0,1
125.0,165.0,,,,ATX Mid Tower,40.0,1
160.0,156.0,,,,ATX Mid Tower,-4.0,0
158.0,148.0,,,,Micro ATX Mini Tower,-10.0,0
70.0,162.0,,,,Micro ATX Mid Tower,92.0,1
152.0,151.0,120.0,1,,ATX Mid Tower,-1.0,0
163.0,161.0,,,,ATX Mid Tower,-2.0,0
153.0,185.0,,,,EATX Mid Tower,32.0,1
65.0,165.0,360.0,1,360.0,ATX Mid Tower,100.0,1
148.0,190.0,120.0,,,ATX Full Tower,42.0,1
160.0,156.0,,,,Micro ATX Mid Tower,-4.0,0
160.0,130.0,,,,Mini ITX Tower,-30.0,0
76.0,65.0,,,,HTPC,-11.0,0
136.0,70.0,,,,Mini ITX Tower,-66.0,0
135.0,170.0,,,,ATX Mid Tower,35.0,1
108.0,165.0,120.0,3,360.0,Micro ATX Mid Tower,57.0,1
118.0,181.0,120.0,,,ATX Mid Tower,63.0,1
153.0,85.0,,,,Mini ITX Tower,-68.0,0
159.0,75.0,,,,Mini ITX Tower,-84.0,0
156.0,168.0,,,,ATX Mid Tower,12.0,1
159.0,151.0,,,,ATX Mid Tower,-8.0,0
160.0,185.0,,,,ATX Mid Tower,25.0,1
82.0,165.0,,,,ATX Mid Tower,83.0,1
164.0,185.0,,,,ATX Mid Tower,21.0,1
66.0,175.0,,,360.0,ATX Mid Tower,109.0,1
114.0,146.0,,,,ATX Mid Tower,32.0,1
154.0,65.0,,,,Micro ATX Mini Tower,-89.0,0
160.0,83.0,,,,Mini ITX Tower,-77.0,0
58.0,180.0,,,360.0,ATX Mid Tower,122.0,1
157.0,58.0,,,,HTPC,-99.0,0
157.0,58.0,,,,HTPC,-99.0,0
159.0,170.0,,,,ATX Mid Tower,11.0,1
168.0,167.0,,,,ATX Mid Tower,-1.0,0
125.0,160.0,,,,ATX Mid Tower,35.0,1
47.0,182.0,,,,ATX Full Tower,135.0,1
56.0,170.0,,,240.0,ATX Mid Tower,114.0,1
42.0,180.0,,,240.0,ATX Mid Tower,138.0,1
135.0,70.0,,,,HTPC,-65.0,0
172.0,155.0,,,,ATX Mid Tower,-17.0,0
166.0,138.0,,,,HTPC,-28.0,0
152.0,75.0,,,,Micro ATX Mini Tower,-77.0,0
162.0,159.0,,,,Micro ATX Mini Tower,-3.0,0
63.0,55.0,,,360.0,Mini ITX Tower,-8.0,0
157.0,48.0,120.0,2,,Mini ITX Tower,-109.0,0
58.0,50.0,,,,Mini ITX Tower,-8.0,0
145.0,77.0,,,,Mini ITX Tower,-68.0,0
70.0,180.0,,,360.0,ATX Mid Tower,110.0,1
155.0,65.0,,,,HTPC,-90.0,0
160.0,185.0,,,,ATX Mid Tower,25.0,1
116.0,180.0,120.0,2,240.0,ATX Mid Tower,64.0,1
165.0,163.0,,,,ATX Mid Tower,-2.0,0
158.0,155.0,,,,ATX Mid Tower,-3.0,0
68.0,170.0,,,360.0,ATX Mid Tower,102.0,1
60.0,83.0,,,,Mini ITX Tower,23.0,1
154.0,190.0,,,,ATX Full Tower,36.0,1
55.0,165.0,,,240.0,Micro ATX Mini Tower,110.0,1
157.0,155.0,,,,ATX Mid Tower,-2.0,0
65.0,170.0,,,,ATX Mid Tower,105.0,1
160.0,155.0,,,,Micro ATX Mid Tower,-5.0,0
159.0,145.0,,,,ATX Mid Tower,-14.0,0
155.0,150.0,,,,ATX Mid Tower,-5.0,0
136.0,160.0,90.0,1,,Micro ATX Mini Tower,24.0,1
85.0,165.0,,,360.0,ATX Mid Tower,80.0,1
136.0,83.0,,,,Mini ITX Tower,-53.0,0
157.0,184.0,,,,ATX Mid Tower,27.0,1
397.0,170.0,120.0,3,360.0,Micro ATX Mid Tower,-227.0,0
158.0,168.0,,,,EATX Mid Tower,10.0,1
150.0,180.0,,,,ATX Mid Tower,30.0,1
160.0,160.0,,,,Micro ATX Mini Tower,0.0,1
160.0,175.0,,,,EATX Full Tower,15.0,1
159.0,210.0,,,,Micro ATX Mini Tower,51.0,1
155.0,150.0,,,,Mini ITX Tower,-5.0,0
154.0,70.0,,,,Mini ITX Tower,-84.0,0
60.0,88.2,,,360.0,ATX Mid Tower,28.2,1
153.0,150.0,,,,ATX Mid Tower,-3.0,0
135.0,185.0,,,,ATX Full Tower,50.0,1
170.0,165.0,,,,ATX Mid Tower,-5.0,0
171.0,48.0,,,,Mini ITX Tower,-123.0,0
123.0,57.0,,,,Mini ITX Tower,-66.0,0
154.0,190.0,,,,ATX Full Tower,36.0,1
68.4,65.0,120.0,3,360.0,Mini ITX Tower,-3.4,0
63.0,165.0,,,,ATX Mid Tower,102.0,1
47.0,185.0,,,,ATX Mid Tower,138.0,1
165.0,160.0,,,,Micro ATX Mini Tower,-5.0,0
131.0,67.0,,,,Mini ITX Tower,-64.0,0
148.0,58.0,,,,HTPC,-90.0,0
147.0,170.0,,,,ATX Mid Tower,23.0,1
152.0,182.0,120.0,1,,ATX Full Tower,30.0,1
69.0,170.0,,,,ATX Mid Tower,101.0,1
154.0,140.0,,,,Micro ATX Mini Tower,-14.0,0
70.0,160.0,,,,ATX Mid Tower,90.0,1
155.0,67.0,,,,Mini ITX Tower,-88.0,0
52.0,160.0,,,120.0,ATX Mid Tower,108.0,1
171.0,158.75,,,,ATX Mid Tower,-12.25,0
162.0,150.0,,,,Micro ATX Mini Tower,-12.0,0
159.0,172.0,,,,ATX Mid Tower,13.0,1
60.0,57.0,140.0,,280.0,Micro ATX Desktop,-3.0,0
160.0,70.0,,,,HTPC,-90.0,0
155.0,180.0,,,,ATX Mid Tower,25.0,1
155.0,161.0,,,,ATX Mid Tower,6.0,1
65.0,180.0,240.0,1,240.0,ATX Full Tower,115.0,1
160.0,158.75,,,,ATX Mid Tower,-1.25,0
159.0,138.0,120.0,,,HTPC,-21.0,0
160.0,150.0,,,,Micro ATX Mini Tower,-10.0,0
155.0,200.0,,,,Mini ITX Tower,45.0,1
154.0,150.0,,,,ATX Mid Tower,-4.0,0
160.0,155.0,,,,ATX Mid Tower,-5.0,0
55.0,45.0,120.0,2,240.0,Mini ITX Tower,-10.0,0
165.0,154.0,,,,Micro ATX Mid Tower,-11.0,0
122.0,190.0,,,,ATX Full Tower,68.0,1
155.0,165.0,,,,ATX Mid Tower,10.0,1
168.0,165.0,,,,ATX Mid Tower,-3.0,0
130.0,170.0,,,,ATX Mid Tower,40.0,1
150.0,156.0,,,,Micro ATX Mid Tower,6.0,1
49.0,180.5,,,360.0,EATX Mid Tower,131.5,1
108.0,185.0,120.0,3,360.0,ATX Mid Tower,77.0,1
156.0,70.0,,,,HTPC,-86.0,0
157.0,70.0,,,,Mini ITX Tower,-87.0,0
58.0,190.0,,,,ATX Mid Tower,132.0,1
156.0,67.0,,,,Mini ITX Tower,-89.0,0
163.0,161.0,,,,Micro ATX Mid Tower,-2.0,0
155.0,190.0,,,,ATX Full Tower,35.0,1
157.0,170.0,120.0,2,,Mini ITX Tower,13.0,1
165.0,70.0,120.0,2,,HTPC,-95.0,0
148.0,70.0,,,,HTPC,-78.0,0
150.0,61.0,,,,Mini ITX Tower,-89.0,0
159.0,155.0,,,,Micro ATX Mid Tower,-4.0,0
166.0,154.0,,,,Micro ATX Mid Tower,-12.0,0
161.0,48.0,120.0,2,,Mini ITX Tower,-113.0,0
154.0,82.0,,,,Micro ATX Mini Tower,-72.0,0
158.0,88.2,,,,ATX Mid Tower,-69.8,0
160.0,140.0,,,,Micro ATX Mini Tower,-20.0,0
186.0,165.0,120.0,3,360.0,ATX Mid Tower,-21.0,0
155.0,155.0,,,,ATX Mid Tower,0.0,1
68.0,45.0,140.0,2,280.0,Mini ITX Tower,-23.0,0
163.0,180.0,,,,ATX Mid Tower,17.0,1
159.0,180.0,,,,ATX Mid Tower,21.0,1
60.0,175.0,,,360.0,Micro ATX Mid Tower,115.0,1
159.0,165.0,,,,ATX Mid Tower,6.0,1
155.0,150.0,120.0,,,Micro ATX Mid Tower,-5.0,0
131.0,70.0,,,,HTPC,-61.0,0
159.0,155.0,,,,Micro ATX Mini Tower,-4.0,0
141.0,95.0,,,,ATX Mid Tower,-46.0,0
58.0,170.0,,,,ATX Mid Tower,112.0,1
120.0,70.0,,,,HTPC,-50.0,0
71.0,175.0,,,,EATX Full Tower,104.0,1
148.0,183.0,,,,ATX Mid Tower,35.0,1
151.0,140.0,,,,Mini ITX Tower,-11.0,0
73.0,167.0,120.0,3,360.0,ATX Mid Tower,94.0,1
50.0,170.0,,,240.0,Mini ITX Tower,120.0,1
47.0,165.0,,,120.0,ATX Mid Tower,118.0,1
56.0,150.0,120.0,3,360.0,Micro ATX Mini Tower,94.0,1
155.0,155.0,120.0,,,Micro ATX Mid Tower,0.0,1
110.0,61.0,,,,Mini ITX Tower,-49.0,0
159.0,155.0,,,,Micro ATX Mini Tower,-4.0,0
123.0,165.0,100.0,1,,ATX Mid Tower,42.0,1
65.0,148.0,120.0,3,360.0,Micro ATX Mini Tower,83.0,1
158.0,90.0,,,,Micro ATX Desktop,-68.0,0
63.0,48.0,,,360.0,Mini ITX Tower,-15.0,0
47.0,180.5,,,,EATX Mid Tower,133.5,1
157.0,155.0,,,,ATX Mid Tower,-2.0,0
158.0,120.0,,,,Mini ITX Tower,-38.0,0
62.0,110.0,,,240.0,Mini ITX Tower,48.0,1
159.0,155.0,,,,Micro ATX Mini Tower,-4.0,0
160.0,146.0,,,,ATX Mid Tower,-14.0,0
168.0,155.0,,,,Micro ATX Mid Tower,-13.0,0
37.0,190.0,,,,ATX Mid Tower,153.0,1
154.0,140.0,,,,Micro ATX Mini Tower,-14.0,0
158.0,65.0,,,,Mini ITX Tower,-93.0,0
157.0,168.0,,,,ATX Mid Tower,11.0,1
52.0,138.0,,,,HTPC,86.0,1
154.0,75.0,,,,Mini ITX Tower,-79.0,0
159.0,163.5,,,,Micro ATX Mid Tower,4.5,1
160.0,140.0,,,,Micro ATX Mini Tower,-20.0,0
58.0,175.0,,,,ATX Mid Tower,117.0,1
158.0,157.0,,,,Micro ATX Mini Tower,-1.0,0
30.0,165.0,,,,ATX Mid Tower,135.0,1
162.0,175.0,,,,EATX Full Tower,13.0,1
171.0,160.0,,,,ATX Mid Tower,-11.0,0
154.0,182.0,,,,ATX Full Tower,28.0,1
136.0,170.0,,,,ATX Mid Tower,34.0,1
126.0,190.0,,,,ATX Full Tower,64.0,1
60.0,175.0,,,360.0,ATX Mid Tower,115.0,1
169.0,160.0,120.0,2,,ATX Mid Tower,-9.0,0
157.0,166.0,,,,ATX Mid Tower,9.0,1
125.0,155.0,120.0,,,ATX Mid Tower,30.0,1
160.0,180.0,,,,ATX Mid Tower,20.0,1
150.0,65.0,,,,Micro ATX Mini Tower,-85.0,0
156.0,164.0,,,,Micro ATX Desktop,8.0,1
135.0,161.0,92.0,,,Micro ATX Mid Tower,26.0,1
156.0,67.0,,,,Mini ITX Tower,-89.0,0
69.0,164.0,120.0,3,360.0,Micro ATX Desktop,95.0,1
152.0,70.0,,,,Mini ITX Tower,-82.0,0
169.0,120.0,120.0,2,,Mini ITX Tower,-49.0,0
160.0,83.0,,,,Mini ITX Tower,-77.0,0
151.0,165.0,,,,ATX Mid Tower,14.0,1
161.0,160.0,120.0,3,360.0,ATX Mid Tower,-1.0,0
72.0,154.0,,,240.0,Micro ATX Mid Tower,82.0,1
152.0,170.0,,,,ATX Mid Tower,18.0,1
152.0,165.0,,,,Micro ATX Mini Tower,13.0,1
154.0,45.0,,,,Mini ITX Tower,-109.0,0
64.0,171.0,,,,ATX Mid Tower,107.0,1
142.0,185.0,,,,ATX Mid Tower,43.0,1
162.0,180.0,,,,ATX Mid Tower,18.0,1
154.0,140.0,,,,Mini ITX Tower,-14.0,0
58.0,200.0,,,,ATX Full Tower,142.0,1
140.0,167.0,,,,ATX Mid Tower,27.0,1
168.0,155.0,,,,Micro ATX Mini Tower,-13.0,0
159.0,140.0,120.0,1,,Mini ITX Tower,-19.0,0
159.0,165.0,,,,Mini ITX Tower,6.0,1
42.0,170.0,,,360.0,EATX Mid Tower,128.0,1
15.0,190.0,,,,ATX Mid Tower,175.0,1
170.0,163.0,,,,ATX Mid Tower,-7.0,0
133.0,155.0,,,,Micro ATX Mini Tower,22.0,1
54.0,185.0,,,360.0,ATX Mid Tower,131.0,1
150.0,160.0,,,,ATX Mid Tower,10.0,1
154.0,190.0,,,,ATX Mid Tower,36.0,1
158.0,170.0,,,,ATX Mid Tower,12.0,1
152.0,138.0,,,,HTPC,-14.0,0
159.0,156.0,,,,ATX Mid Tower,-3.0,0
68.0,195.0,,,240.0,ATX Mid Tower,127.0,1
163.0,185.0,,,,ATX Mid Tower,22.0,1
169.0,167.0,,,,EATX Full Tower,-2.0,0
166.0,160.0,120.0,,,ATX Mini Tower,-6.0,0
53.0,185.0,120.0,3,360.0,ATX Mid Tower,132.0,1
86.4,176.0,120.0,3,360.0,ATX Mid Tower,89.6,1
51.0,180.0,90.0,1,,ATX Mid Tower,129.0,1
131.0,161.0,,,,ATX Mid Tower,30.0,1
151.0,172.0,120.0,2,,ATX Mid Tower,21.0,1
51.0,48.0,,,360.0,Mini ITX Tower,-3.0,0
150.0,138.0,120.0,1,,HTPC,-12.0,0
65.0,170.0,120.0,3,360.0,Micro ATX Mid Tower,105.0,1
160.0,178.0,,,,ATX Mid Tower,18.0,1
161.0,83.0,,,,Mini ITX Tower,-78.0,0
154.0,159.0,,,,ATX Mid Tower,5.0,1
154.0,166.0,,,,ATX Mid Tower,12.0,1
54.0,185.0,,,,EATX Mid Tower,131.0,1
160.0,170.0,,,,ATX Mid Tower,10.0,1
162.0,160.0,,,,ATX Mid Tower,-2.0,0
42.0,170.0,,,120.0,ATX Mid Tower,128.0,1
165.0,185.0,,,,ATX Mid Tower,20.0,1
154.0,58.0,,,,HTPC,-96.0,0
110.0,190.0,,,,ATX Full Tower,80.0,1
30.0,165.0,,,,ATX Mid Tower,135.0,1
159.0,83.0,,,,Mini ITX Tower,-76.0,0
165.0,150.0,120.0,2,,Micro ATX Mini Tower,-15.0,0
158.0,163.5,,,,Micro ATX Mini Tower,5.5,1
158.0,85.0,,,,Mini ITX Tower,-73.0,0
60.0,210.0,120.0,3,360.0,Micro ATX Mini Tower,150.0,1
40.0,162.0,120.0,2,240.0,ATX Mid Tower,122.0,1
166.0,85.0,,,,Mini ITX Tower,-81.0,0
154.0,173.0,,,,ATX Mid Tower,19.0,1
47.0,175.0,,,,EATX Full Tower,128.0,1
157.0,165.0,,,,ATX Mid Tower,8.0,1
80.6,57.0,120.0,2,240.0,Micro ATX Desktop,-23.6,0
145.0,68.0,,,,Mini ITX Tower,-77.0,0
158.0,180.0,,,,ATX Mid Tower,22.0,1
55.0,185.0,,,,ATX Mid Tower,130.0,1
78.0,68.0,120.0,3,360.0,Mini ITX Tower,-10.0,0
159.0,77.0,,,,Mini ITX Tower,-82.0,0
165.0,168.0,,,,ATX Mid Tower,3.0,1
147.0,83.0,,,,Mini ITX Tower,-64.0,0
61.85,182.0,120.0,3,360.0,ATX Full Tower,120.15,1
60.0,68.0,120.0,,240.0,Mini ITX Tower,8.0,1
155.0,65.0,120.0,2,,Mini ITX Tower,-90.0,0
157.0,180.0,140.0,2,280.0,ATX Mid Tower,23.0,1
90.0,170.0,,,,ATX Mid Tower,80.0,1
69.0,155.0,,,,ATX Full Tower,86.0,1
147.0,146.0,,,,HTPC,-1.0,0
165.0,50.0,,,,Mini ITX Tower,-115.0,0
142.0,190.0,,,,ATX Mid Tower,48.0,1
116.0,114.0,120.0,3,360.0,Mini ITX Tower,-2.0,0
55.0,170.0,,,360.0,ATX Mid Tower,115.0,1
150.0,170.0,,,,Mini ITX Tower,20.0,1
147.0,138.0,,,,HTPC,-9.0,0
152.0,138.0,,,,HTPC,-14.0,0
65.0,210.0,360.0,1,360.0,Micro ATX Mid Tower,145.0,1
165.0,90.0,,,,Micro ATX Desktop,-75.0,0
68.0,55.0,,,420.0,Mini ITX Tower,-13.0,0
156.0,155.0,,,,ATX Mid Tower,-1.0,0
52.0,158.0,120.0,1,120.0,ATX Mid Tower,106.0,1
60.0,172.0,,,280.0,ATX Mid Tower,112.0,1
165.0,140.0,,,,Mini ITX Tower,-25.0,0
37.0,180.0,,,,ATX Mid Tower,143.0,1
158.0,155.0,,,,ATX Mid Tower,-3.0,0
42.0,195.0,,,360.0,ATX Mid Tower,153.0,1
153.0,83.0,,,,Mini ITX Tower,-70.0,0
60.0,185.0,,,,ATX Mid Tower,125.0,1
169.0,68.0,,,,Mini ITX Tower,-101.0,0
166.0,156.0,120.0,,,ATX Mid Tower,-10.0,0
164.0,160.0,,,,ATX Mid Tower,-4.0,0
160.0,70.0,,,,HTPC,-90.0,0
136.0,182.0,,,,ATX Full Tower,46.0,1
58.0,45.0,,,240.0,Mini ITX Tower,-13.0,0
121.0,65.0,120.0,3,360.0,Mini ITX Tower,-56.0,0
154.0,190.0,,,,ATX Full Tower,36.0,1
125.0,165.0,,,,Mini ITX Tower,40.0,1
158.0,170.0,,,,ATX Mid Tower,12.0,1
152.0,145.0,,,,ATX Mid Tower,-7.0,0
158.0,190.0,,,,Mini ITX Tower,32.0,1
52.0,210.0,140.0,3,420.0,ATX Mid Tower,158.0,1
150.0,148.0,120.0,1,,Micro ATX Mini Tower,-2.0,0
158.0,183.0,,,,ATX Mid Tower,25.0,1
73.0,58.0,120.0,3,360.0,HTPC,-15.0,0
165.0,140.0,,,,Mini ITX Tower,-25.0,0
169.0,160.0,,,,ATX Mid Tower,-9.0,0
154.0,174.0,,,,ATX Mid Tower,20.0,1
158.0,150.0,,,,Micro ATX Mini Tower,-8.0,0
166.0,155.0,120.0,,,Micro ATX Mini Tower,-11.0,0
159.0,170.0,,,,ATX Mid Tower,11.0,1
127.0,77.0,,,,Mini ITX Tower,-50.0,0
150.0,85.0,,,,Mini ITX Tower,-65.0,0
159.0,170.0,,,,ATX Mid Tower,11.0,1
148.0,180.0,,,,ATX Mid Tower,32.0,1
160.0,150.0,,,,ATX Mid Tower,-10.0,0
155.0,151.0,120.0,1,,ATX Mid Tower,-4.0,0
30.4,175.0,120.0,3,360.0,ATX Mid Tower,144.6,1
154.0,150.0,,,,Mini ITX Tower,-4.0,0
133.0,65.0,,,,HTPC,-68.0,0
163.0,160.0,120.0,,,ATX Mid Tower,-3.0,0
153.0,70.0,,,,HTPC,-83.0,0
153.0,70.0,,,,HTPC,-83.0,0
157.0,170.0,,,,ATX Mid Tower,13.0,1
52.0,210.0,120.0,2,240.0,ATX Mid Tower,158.0,1
159.0,155.0,,,,Micro ATX Mini Tower,-4.0,0
154.0,165.0,,,,ATX Mid Tower,11.0,1
60.0,160.0,120.0,3,360.0,ATX Mid Tower,100.0,1
152.0,110.0,,,,Mini ITX Tower,-42.0,0
123.0,61.0,92.0,1,,Mini ITX Tower,-62.0,0
93.0,88.2,,,,ATX Mid Tower,-4.8,0
167.0,110.0,,,,Mini ITX Tower,-57.0,0
64.0,61.0,,,240.0,Mini ITX Tower,-3.0,0
42.0,185.0,,,240.0,ATX Full Tower,143.0,1
52.0,160.0,120.0,3,360.0,ATX Mid Tower,108.0,1
165.0,55.0,,,,Mini ITX Tower,-110.0,0
154.0,162.0,,,,Micro ATX Mid Tower,8.0,1
163.0,160.0,120.0,,,Micro ATX Mini Tower,-3.0,0
56.0,165.0,,,,ATX Mid Tower,109.0,1
50.0,179.0,,,360.0,ATX Mid Tower,129.0,1
46.0,167.0,120.0,3,360.0,Mini ITX Tower,121.0,1
161.0,67.0,120.0,3,360.0,Mini ITX Tower,-94.0,0
154.0,185.0,,,,ATX Mid Tower,31.0,1
158.0,38.0,,,,Mini ITX Tower,-120.0,0
125.0,120.0,,,,Mini ITX Tower,-5.0,0
136.0,165.0,,,,EATX Mid Tower,29.0,1
170.0,160.0,,,,ATX Mid Tower,-10.0,0
151.0,160.0,,,,ATX Mid Tower,9.0,1
158.0,160.0,,,,ATX Mid Tower,2.0,1
160.0,210.0,,,,Micro ATX Mini Tower,50.0,1
121.0,65.0,120.0,3,360.0,HTPC,-56.0,0
155.0,88.2,,,,ATX Mid Tower,-66.8,0
135.0,176.0,,,,ATX Full Tower,41.0,1
158.0,70.0,120.0,1,,Mini ITX Tower,-88.0,0
160.0,156.0,,,,ATX Mid Tower,-4.0,0
68.0,57.0,,,,Micro ATX Desktop,-11.0,0
154.0,187.0,,,,ATX Mid Tower,33.0,1
150.0,170.0,,,,ATX Mid Tower,20.0,1
159.0,88.2,,,,ATX Mid Tower,-70.8,0
157.0,155.0,,,,ATX Mid Tower,-2.0,0
158.0,182.0,,,,ATX Full Tower,24.0,1
51.0,166.0,90.0,1,,ATX Mid Tower,115.0,1
54.0,165.0,,,420.0,ATX Mid Tower,111.0,1
160.0,65.0,,,,Micro ATX Mini Tower,-95.0,0
94.0,170.0,120.0,2,240.0,ATX Mid Tower,76.0,1
148.0,181.0,,,,ATX Mid Tower,33.0,1
167.0,180.0,,,,ATX Mid Tower,13.0,1
62.0,160.0,,,,ATX Mid Tower,98.0,1
165.0,160.0,,,,ATX Mid Tower,-5.0,0
165.0,70.0,,,,Micro ATX Desktop,-95.0,0
68.0,50.0,,,360.0,Mini ITX Tower,-18.0,0
90.0,185.0,,,240.0,ATX Mid Tower,95.0,1
157.0,169.0,,,,ATX Mid Tower,12.0,1
160.0,180.0,,,,ATX Mid Tower,20.0,1
172.0,163.5,,,,Micro ATX Mini Tower,-8.5,0
65.0,65.0,360.0,1,360.0,Mini ITX Tower,0.0,1
42.0,162.0,,,360.0,ATX Mid Tower,120.0,1
160.0,158.0,,,,ATX Full Tower,-2.0,0
166.0,175.0,120.0,,,ATX Mid Tower,9.0,1
152.0,175.0,,,,ATX Mid Tower,23.0,1
70.0,165.0,,,,ATX Mid Tower,95.0,1
160.0,75.0,,,,Micro ATX Mini Tower,-85.0,0
158.0,67.0,,,,Mini ITX Tower,-91.0,0
172.0,163.5,,,,Micro ATX Mid Tower,-8.5,0
168.0,166.0,,,,ATX Mid Tower,-2.0,0
126.0,120.0,,,,Mini ITX Tower,-6.0,0
160.0,156.0,,,,ATX Mid Tower,-4.0,0
163.0,160.0,,,,EATX Mid Tower,-3.0,0
65.0,175.0,,,360.0,ATX Mid Tower,110.0,1
160.0,67.0,,,,Mini ITX Tower,-93.0,0
65.0,195.0,,,360.0,ATX Full Tower,130.0,1
68.0,77.0,120.0,3,360.0,Mini ITX Tower,9.0,1
125.0,190.0,,,240.0,ATX Mid Tower,65.0,1
38.0,180.0,140.0,2,280.0,EATX Mid Tower,142.0,1
165.0,88.2,,,,ATX Mid Tower,-76.8,0
57.0,168.0,,,240.0,ATX Mid Tower,111.0,1
166.0,68.0,,,,Mini ITX Tower,-98.0,0
154.0,70.0,,,,Mini ITX Tower,-84.0,0
60.0,160.0,,,,ATX Mid Tower,100.0,1
158.0,170.0,,,,ATX Mid Tower,12.0,1
169.0,160.0,,,,ATX Mid Tower,-9.0,0
60.0,57.0,,,360.0,Micro ATX Desktop,-3.0,0
160.0,68.0,,,,Mini ITX Tower,-92.0,0
152.0,55.0,,,,Mini ITX Tower,-97.0,0
162.0,170.0,,,,Mini ITX Tower,8.0,1
155.0,148.0,120.0,1,,ATX Mid Tower,-7.0,0
158.0,77.0,140.0,2,,Mini ITX Tower,-81.0,0
56.0,180.0,120.0,,240.0,EATX Mid Tower,124.0,1
155.0,61.0,,,,Mini ITX Tower,-94.0,0
159.0,38.0,,,,Mini ITX Tower,-121.0,0
48.0,188.0,,,,ATX Mid Tower,140.0,1
125.0,210.0,,,240.0,Micro ATX Mini Tower,85.0,1
141.0,150.0,,,,Micro ATX Mid Tower,9.0,1
86.4,210.0,120.0,3,360.0,Micro ATX Mini Tower,123.6,1
160.0,68.0,,,,Mini ITX Tower,-92.0,0
163.0,148.0,,,,Micro ATX Mini Tower,-15.0,0
158.0,154.0,,,,Micro ATX Mid Tower,-4.0,0
168.0,160.0,,,,ATX Mid Tower,-8.0,0
160.0,65.0,,,,HTPC,-95.0,0
159.0,190.0,,,,ATX Full Tower,31.0,1
157.0,164.0,,,,Micro ATX Mini Tower,7.0,1
159.0,70.0,,,,Mini ITX Tower,-89.0,0
160.0,155.0,,,,Micro ATX Mini Tower,-5.0,0
159.0,156.0,,,,ATX Mid Tower,-3.0,0
68.0,170.0,120.0,2,240.0,ATX Mid Tower,102.0,1
154.0,138.0,,,,HTPC,-16.0,0
160.0,187.0,,,,ATX Mid Tower,27.0,1
65.0,57.0,,,360.0,Mini ITX Tower,-8.0,0
48.0,166.0,,,,ATX Mid Tower,118.0,1
157.0,168.0,,,,Micro ATX Mini Tower,11.0,1
135.0,85.0,,,,Mini ITX Tower,-50.0,0
166.0,160.0,,,,ATX Mini Tower,-6.0,0
139.0,77.0,,,,HTPC,-62.0,0
130.0,166.0,,,,ATX Mid Tower,36.0,1
123.0,170.0,92.0,1,,Micro ATX Mid Tower,47.0,1
158.0,70.0,,,,Mini ITX Tower,-88.0,0
160.0,167.0,,,,ATX Mid Tower,7.0,1
125.0,165.0,120.0,3,360.0,ATX Mid Tower,40.0,1
154.0,190.0,,,,ATX Mid Tower,36.0,1
158.0,175.0,,,,ATX Mid Tower,17.0,1
154.0,163.5,,,,Micro ATX Mid Tower,9.5,1
158.0,184.0,,,,ATX Mid Tower,26.0,1
152.0,160.0,,,,Micro ATX Mini Tower,8.0,1
129.0,70.0,,,,Mini ITX Tower,-59.0,0
50.0,146.0,,,360.0,ATX Mid Tower,96.0,1
68.0,190.0,,,,ATX Full Tower,122.0,1
160.0,83.0,,,,Mini ITX Tower,-77.0,0
69.0,45.0,120.0,3,360.0,Mini ITX Tower,-24.0,0
57.0,166.0,,,,Micro ATX Mini Tower,109.0,1
159.0,157.0,,,,ATX Mid Tower,-2.0,0
165.0,163.5,,,,Micro ATX Mini Tower,-1.5,0
60.0,190.0,,,,ATX Full Tower,130.0,1
161.0,160.0,,,,ATX Mid Tower,-1.0,0
27.0,48.0,120.0,3,360.0,Mini ITX Tower,21.0,1
65.0,165.0,,,240.0,ATX Mid Tower,100.0,1
170.0,160.0,,,,ATX Mid Tower,-10.0,0
158.0,190.0,,,,ATX Full Tower,32.0,1
397.0,185.0,120.0,3,360.0,ATX Mid Tower,-212.0,0
156.0,170.0,,,,Mini ITX Tower,14.0,1
158.0,156.0,,,,ATX Mid Tower,-2.0,0
56.0,210.0,,,360.0,ATX Mid Tower,154.0,1
158.0,175.0,,,,ATX Mid Tower,17.0,1
56.0,170.0,,,,Micro ATX Mid Tower,114.0,1
158.0,48.0,,,,Mini ITX Tower,-110.0,0
118.0,165.0,120.0,,,ATX Mid Tower,47.0,1
146.0,163.0,,,,ATX Mid Tower,17.0,1
66.0,195.0,,,360.0,ATX Mid Tower,129.0,1
155.0,110.0,,,,Mini ITX Tower,-45.0,0
171.0,150.0,,,,Micro ATX Mini Tower,-21.0,0
171.0,165.0,,,,ATX Mid Tower,-6.0,0
163.0,170.0,,,,ATX Mid Tower,7.0,1
157.0,82.0,,,,Micro ATX Mini Tower,-75.0,0
155.0,120.0,,,,Mini ITX Tower,-35.0,0
162.0,135.0,,,,Micro ATX Mid Tower,-27.0,0
100.0,154.0,,,240.0,Micro ATX Mid Tower,54.0,1
54.0,70.0,120.0,3,360.0,Mini ITX Tower,16.0,1
78.0,172.0,120.0,3,360.0,Mini ITX Tower,94.0,1
148.0,85.0,,,,Mini ITX Tower,-63.0,0
47.0,190.0,,,,ATX Full Tower,143.0,1
67.0,175.0,,,360.0,ATX Mid Tower,108.0,1
65.0,188.0,,,,ATX Mid Tower,123.0,1
66.0,50.0,,,360.0,Mini ITX Tower,-16.0,0
150.0,175.0,,,,ATX Mid Tower,25.0,1
101.0,83.0,120.0,2,240.0,Mini ITX Tower,-18.0,0
155.0,95.0,,,,ATX Mid Tower,-60.0,0
154.0,82.0,,,,Micro ATX Desktop,-72.0,0
158.0,61.0,120.0,2,,Mini ITX Tower,-97.0,0
155.0,68.0,,,,Mini ITX Tower,-87.0,0
137.0,185.0,120.0,3,360.0,ATX Mid Tower,48.0,1
163.0,77.0,,,,Mini ITX Tower,-86.0,0
160.0,158.75,,,,ATX Mid Tower,-1.25,0
160.0,156.0,,,,Micro ATX Mini Tower,-4.0,0
170.0,150.0,,,,Micro ATX Mid Tower,-20.0,0
162.0,155.0,,,,ATX Mid Tower,-7.0,0
158.0,165.0,,,,Micro ATX Mini Tower,7.0,1
118.0,185.0,120.0,,,ATX Mid Tower,67.0,1
55.0,167.0,,,,ATX Mid Tower,112.0,1
155.0,114.0,,,,Mini ITX Tower,-41.0,0
158.0,170.0,,,,ATX Mid Tower,12.0,1
151.0,170.0,120.0,2,,ATX Mid Tower,19.0,1
53.0,170.0,120.0,3,360.0,Mini ITX Tower,117.0,1
15.0,180.0,,,,ATX Mid Tower,165.0,1
159.0,150.0,120.0,1,,ATX Mid Tower,-9.0,0
155.0,61.0,,,,Mini ITX Tower,-94.0,0
154.0,167.0,,,,ATX Mid Tower,13.0,1
171.0,160.0,,,,ATX Mid Tower,-11.0,0
118.0,135.0,,,,Micro ATX Mid Tower,17.0,1
154.0,176.0,,,,ATX Mid Tower,22.0,1
165.0,160.0,,,,ATX Mid Tower,-5.0,0
125.0,172.0,,,,Mini ITX Tower,47.0,1
165.0,162.0,,,,ATX Mid Tower,-3.0,0
159.0,167.0,,,,ATX Mid Tower,8.0,1
157.0,83.0,,,,Mini ITX Tower,-74.0,0
130.0,156.0,,,,Micro ATX Mini Tower,26.0,1
155.0,67.0,,,,Mini ITX Tower,-88.0,0
154.0,146.0,120.0,2,,ATX Mid Tower,-8.0,0
62.0,165.0,,,240.0,ATX Mid Tower,103.0,1
150.0,167.0,,,,ATX Full Tower,17.0,1
47.0,38.0,,,360.0,Mini ITX Tower,-9.0,0
154.0,160.0,,,,ATX Mid Tower,6.0,1
160.0,170.0,,,,ATX Mid Tower,10.0,1
156.0,180.0,,,,ATX Mid Tower,24.0,1
164.0,162.0,,,,ATX Mid Tower,-2.0,0
50.0,183.0,,,240.0,ATX Mid Tower,133.0,1
160.0,150.0,,,,ATX Mid Tower,-10.0,0
157.0,160.0,120.0,2,,ATX Mid Tower,3.0,1
68.0,67.0,,,360.0,Mini ITX Tower,-1.0,0
165.0,160.0,,,,ATX Mid Tower,-5.0,0
160.0,88.2,120.0,2,,ATX Mid Tower,-71.8,0
154.0,190.0,,,,ATX Full Tower,36.0,1
41.0,160.0,,,,Micro ATX Mini Tower,119.0,1
113.0,190.0,,,,ATX Mid Tower,77.0,1
67.0,170.0,,,,ATX Mid Tower,103.0,1
166.0,165.0,120.0,,,ATX Mid Tower,-1.0,0
78.0,163.5,,,360.0,Micro ATX Mid Tower,85.5,1
130.0,190.0,,,,ATX Full Tower,60.0,1
161.0,155.0,,,,Micro ATX Mid Tower,-6.0,0
155.0,165.0,,,,ATX Mid Tower,10.0,1
150.0,83.0,,,,Mini ITX Tower,-67.0,0
165.0,68.0,,,,Mini ITX Tower,-97.0,0
397.0,167.0,120.0,3,360.0,EATX Full Tower,-230.0,0
153.0,190.0,,,,ATX Mid Tower,37.0,1
46.0,185.0,120.0,3,360.0,ATX Full Tower,139.0,1
154.0,70.0,,,,Mini ITX Tower,-84.0,0
155.0,83.0,,,,Mini ITX Tower,-72.0,0
150.0,182.0,,,,ATX Full Tower,32.0,1
67.0,185.0,,,,ATX Mid Tower,118.0,1
157.0,70.0,,,,Mini ITX Tower,-87.0,0
141.0,120.0,,,,Mini ITX Tower,-21.0,0
110.0,88.2,,,,ATX Mid Tower,-21.8,0
135.0,175.0,,,,Micro ATX Mini Tower,40.0,1
58.0,165.0,,,240.0,ATX Mid Tower,107.0,1
160.0,158.75,,,,ATX Mid Tower,-1.25,0
150.0,138.0,,,,HTPC,-12.0,0
71.0,182.0,,,,ATX Mid Tower,111.0,1
77.7,68.0,120.0,3,360.0,Mini ITX Tower,-9.7,0
135.0,178.0,,,,ATX Mid Tower,43.0,1
150.0,155.0,,,,Micro ATX Mini Tower,5.0,1
152.0,172.0,,,,ATX Mid Tower,20.0,1
158.0,165.0,,,,Micro ATX Mini Tower,7.0,1
155.0,165.0,,,,ATX Mid Tower,10.0,1
160.0,85.0,,,,Mini ITX Tower,-75.0,0
47.0,61.0,,,360.0,Mini ITX Tower,14.0,1
158.0,156.0,,,,ATX Mid Tower,-2.0,0
167.0,158.0,,,,ATX Mid Tower,-9.0,0
159.0,70.0,,,,HTPC,-89.0,0
155.0,165.0,,,,ATX Mid Tower,10.0,1
159.0,160.0,,,,Micro ATX Mini Tower,1.0,1
160.0,65.0,,,,HTPC,-95.0,0
169.0,162.0,,,,ATX Mid Tower,-7.0,0
166.0,163.0,,,,ATX Mid Tower,-3.0,0
160.0,70.0,,,,Micro ATX Desktop,-90.0,0
155.0,170.0,,,,ATX Mid Tower,15.0,1
53.0,170.0,120.0,2,240.0,Micro ATX Mid Tower,117.0,1
30.0,175.0,,,,ATX Mid Tower,145.0,1
116.0,165.0,,,,ATX Mid Tower,49.0,1
159.0,167.0,,,,Micro ATX Mini Tower,8.0,1
159.0,165.0,120.0,1,,Micro ATX Mini Tower,6.0,1
152.0,190.0,120.0,1,,ATX Mid Tower,38.0,1
153.0,160.0,,,,ATX Mini Tower,7.0,1
159.0,158.0,120.0,1,,Micro ATX Mini Tower,-1.0,0
52.0,180.0,,,360.0,Micro ATX Mini Tower,128.0,1
47.0,185.0,,,,ATX Mid Tower,138.0,1
162.0,83.0,,,,Mini ITX Tower,-79.0,0
154.0,165.0,,,,ATX Mid Tower,11.0,1
165.0,145.0,,,,ATX Mid Tower,-20.0,0
148.0,165.0,,,,ATX Mid Tower,17.0,1
160.0,155.0,,,,Micro ATX Mini Tower,-5.0,0
158.0,120.0,,,,Mini ITX Tower,-38.0,0
149.0,162.0,,,,ATX Mid Tower,13.0,1
158.0,183.0,,,,ATX Mid Tower,25.0,1
165.0,160.0,,,,ATX Mid Tower,-5.0,0
159.0,68.0,120.0,1,,Mini ITX Tower,-91.0,0
101.0,170.0,120.0,2,240.0,ATX Mid Tower,69.0,1
57.0,175.0,,,240.0,ATX Mid Tower,118.0,1
157.0,175.0,,,,Micro ATX Mid Tower,18.0,1
60.0,180.0,,,,ATX Mid Tower,120.0,1
154.0,170.0,120.0,2,,ATX Mid Tower,16.0,1
54.0,180.0,,,240.0,EATX Full Tower,126.0,1
37.0,170.0,,,,ATX Mid Tower,133.0,1
171.0,190.0,,,,EATX Mid Tower,19.0,1
157.0,175.0,,,,ATX Mid Tower,18.0,1
125.0,155.0,,,,ATX Mid Tower,30.0,1
158.0,165.0,,,,ATX Mid Tower,7.0,1
165.0,157.0,,,,Micro ATX Mini Tower,-8.0,0
91.0,65.0,120.0,3,360.0,HTPC,-26.0,0
154.0,55.0,,,,Mini ITX Tower,-99.0,0
123.0,163.0,92.0,1,,ATX Mid Tower,40.0,1
166.0,158.75,,,,ATX Mid Tower,-7.25,0
158.0,156.0,,,,ATX Mid Tower,-2.0,0
81.0,180.0,,,,ATX Mid Tower,99.0,1
158.0,70.0,,,,HTPC,-88.0,0
133.0,180.0,,,,ATX Mid Tower,47.0,1
155.0,130.0,,,,Mini ITX Tower,-25.0,0
160.0,155.0,,,,ATX Mid Tower,-5.0,0
160.0,156.0,,,,ATX Mid Tower,-4.0,0
155.0,210.0,,,,ATX Mid Tower,55.0,1
65.0,210.0,,,360.0,ATX Mid Tower,145.0,1
91.0,70.0,120.0,3,360.0,Mini ITX Tower,-21.0,0
66.0,180.0,,,360.0,ATX Mid Tower,114.0,1
166.0,158.75,,,,ATX Mid Tower,-7.25,0
160.0,160.0,,,,ATX Mid Tower,0.0,1
130.0,68.0,,,,Mini ITX Tower,-62.0,0
78.0,182.0,,,360.0,ATX Mid Tower,104.0,1
167.0,165.0,,,,ATX Full Tower,-2.0,0
161.0,160.0,,,,Micro ATX Mid Tower,-1.0,0
125.0,185.0,,,,ATX Mid Tower,60.0,1
162.0,61.0,,,,Mini ITX Tower,-101.0,0
130.0,170.0,,,,ATX Mid Tower,40.0,1
158.0,150.0,,,,Micro ATX Mini Tower,-8.0,0
163.0,162.0,,,,ATX Mid Tower,-1.0,0
81.0,68.0,,,,Mini ITX Tower,-13.0,0
54.0,180.0,,,240.0,ATX Mid Tower,126.0,1
154.0,165.0,,,,ATX Mid Tower,11.0,1
160.0,210.0,,,,ATX Mid Tower,50.0,1
151.0,70.0,,,,Mini ITX Tower,-81.0,0
158.0,160.0,,,,ATX Mid Tower,2.0,1
160.0,185.0,,,,ATX Full Tower,25.0,1
159.0,180.0,,,,ATX Mid Tower,21.0,1
160.0,160.0,,,,Micro ATX Mid Tower,0.0,1
70.0,61.0,,,,Mini ITX Tower,-9.0,0
60.0,165.0,120.0,3,360.0,ATX Mid Tower,105.0,1
162.0,160.0,,,,ATX Mid Tower,-2.0,0
123.0,165.0,,,,ATX Mid Tower,42.0,1
68.4,68.0,120.0,3,360.0,Mini ITX Tower,-0.4,0
161.0,150.0,,,,Micro ATX Mid Tower,-11.0,0
158.0,70.0,,,,HTPC,-88.0,0
113.0,170.0,,,,ATX Mid Tower,57.0,1
157.0,163.5,120.0,2,,Micro ATX Mid Tower,6.5,1
169.0,165.0,120.0,2,,ATX Mid Tower,-4.0,0
165.0,160.0,,,,ATX Mid Tower,-5.0,0
161.0,158.0,,,,ATX Mid Tower,-3.0,0
154.0,160.0,,,,ATX Mid Tower,6.0,1
151.0,170.0,120.0,2,,ATX Mid Tower,19.0,1
157.0,155.0,,,,ATX Mid Tower,-2.0,0
155.0,185.0,120.0,1,,ATX Mid Tower,30.0,1
51.0,165.0,,,240.0,ATX Mid Tower,114.0,1
159.0,158.0,,,,ATX Mid Tower,-1.0,0
157.0,70.0,,,,HTPC,-87.0,0
69.0,167.0,,,360.0,ATX Mid Tower,98.0,1
69.0,171.0,,,,ATX Mid Tower,102.0,1
60.0,175.0,120.0,2,240.0,ATX Mid Tower,115.0,1
155.0,156.0,,,,Micro ATX Mid Tower,1.0,1
125.0,160.0,,,360.0,ATX Mid Tower,35.0,1
158.0,170.0,,,,ATX Mid Tower,12.0,1
155.0,175.0,,,,ATX Mid Tower,20.0,1
155.0,57.0,,,,Micro ATX Desktop,-98.0,0
57.0,175.0,,,360.0,EATX Full Tower,118.0,1
36.0,188.0,,,240.0,ATX Full Tower,152.0,1
160.0,154.0,,,,Micro ATX Mid Tower,-6.0,0
52.0,164.0,140.0,2,280.0,Micro ATX Mini Tower,112.0,1
171.0,148.0,,,,Micro ATX Mid Tower,-23.0,0
75.0,175.0,120.0,3,360.0,ATX Mid Tower,100.0,1
148.0,180.0,,,,ATX Mid Tower,32.0,1
170.0,175.0,,,,ATX Mid Tower,5.0,1
154.0,166.0,,,,ATX Mid Tower,12.0,1
160.0,155.0,,,,ATX Mid Tower,-5.0,0
68.0,164.0,,,420.0,Micro ATX Desktop,96.0,1
67.0,160.0,,,240.0,Micro ATX Mini Tower,93.0,1
150.0,140.0,,,,Mini ITX Tower,-10.0,0
159.0,138.0,,,,HTPC,-21.0,0
131.0,68.0,,,,Mini ITX Tower,-63.0,0
69.0,170.0,,,,ATX Mid Tower,101.0,1
164.0,160.0,,,,ATX Mid Tower,-4.0,0
155.0,61.0,,,,Mini ITX Tower,-94.0,0
123.0,67.0,,,,Mini ITX Tower,-56.0,0
55.0,172.0,,,360.0,ATX Mid Tower,117.0,1
165.0,160.0,,,,Micro ATX Mini Tower,-5.0,0
159.0,150.0,,,,Micro ATX Mid Tower,-9.0,0
155.0,180.0,,,,ATX Mid Tower,25.0,1
163.0,180.0,,,,ATX Mid Tower,17.0,1
163.0,120.0,120.0,,,Mini ITX Tower,-43.0,0
132.0,61.0,,,,Mini ITX Tower,-71.0,0
163.0,114.0,,,,Mini ITX Tower,-49.0,0
57.0,180.0,,,,ATX Mid Tower,123.0,1
140.0,70.0,,,,Micro ATX Desktop,-70.0,0
62.0,193.0,,,240.0,ATX Full Tower,131.0,1
157.0,154.0,,,,Micro ATX Mid Tower,-3.0,0
157.0,77.0,120.0,2,,Mini ITX Tower,-80.0,0
135.0,70.0,,,,HTPC,-65.0,0
58.0,182.0,,,,ATX Full Tower,124.0,1
150.0,180.0,,,,ATX Mid Tower,30.0,1
77.0,183.0,,,,ATX Mid Tower,106.0,1
155.0,170.0,120.0,,,ATX Mid Tower,15.0,1
155.0,190.0,,,,ATX Full Tower,35.0,1
172.0,157.0,,,,ATX Mid Tower,-15.0,0
160.0,155.0,,,,Micro ATX Mid Tower,-5.0,0
53.0,165.0,,,360.0,ATX Mid Tower,112.0,1
155.0,180.0,120.0,1,,ATX Mid Tower,25.0,1
78.0,166.0,120.0,3,360.0,ATX Mid Tower,88.0,1
155.0,88.2,,,,ATX Mid Tower,-66.8,0
159.0,151.0,,,,ATX Mid Tower,-8.0,0
67.0,170.0,,,360.0,ATX Mid Tower,103.0,1
73.0,200.0,120.0,2,240.0,ATX Full Tower,127.0,1
158.0,82.0,,,,Micro ATX Mid Tower,-76.0,0
155.0,47.0,,,,Micro ATX Desktop,-108.0,0
155.0,68.0,,,,Mini ITX Tower,-87.0,0
28.0,180.0,,,,ATX Mid Tower,152.0,1
135.0,160.0,,,,ATX Mid Tower,25.0,1
53.0,170.0,120.0,2,240.0,ATX Mid Tower,117.0,1
84.0,77.0,360.0,3,360.0,Mini ITX Tower,-7.0,0
165.0,160.0,120.0,2,,Micro ATX Mini Tower,-5.0,0
42.0,190.0,,,280.0,ATX Full Tower,148.0,1
157.0,170.0,,,,ATX Full Tower,13.0,1
101.0,70.0,120.0,3,360.0,Mini ITX Tower,-31.0,0
156.0,67.0,,,,Mini ITX Tower,-89.0,0
160.0,145.0,,,,ATX Mid Tower,-15.0,0
122.0,67.0,,,,Mini ITX Tower,-55.0,0
157.0,180.0,,,,ATX Mid Tower,23.0,1
154.0,170.0,,,,ATX Mid Tower,16.0,1
71.0,183.0,,,,ATX Mid Tower,112.0,1
86.0,180.0,,,,ATX Mid Tower,94.0,1
160.0,175.0,,,,ATX Mid Tower,15.0,1
36.0,200.0,,,,EATX Full Tower,164.0,1
134.0,170.0,,,,Micro ATX Mid Tower,36.0,1
160.0,180.0,,,,ATX Mid Tower,20.0,1
155.0,151.0,,,,Micro ATX Mini Tower,-4.0,0
130.0,165.0,,,,Mini ITX Tower,35.0,1
66.0,175.0,,,360.0,ATX Mid Tower,109.0,1
147.0,114.0,,,,Mini ITX Tower,-33.0,0
131.0,185.0,,,,ATX Mid Tower,54.0,1
150.0,61.0,,,,Mini ITX Tower,-89.0,0
64.24,178.0,120.0,2,240.0,ATX Mid Tower,113.76,1
160.0,160.0,,,,Mini ITX Tower,0.0,1
155.0,90.0,120.0,1,,Micro ATX Desktop,-65.0,0
80.6,190.0,120.0,2,240.0,ATX Full Tower,109.4,1
157.0,210.0,,,,Micro ATX Mini Tower,53.0,1
110.0,164.0,,,,ATX Mid Tower,54.0,1
56.0,175.0,,,240.0,ATX Mid Tower,119.0,1
161.0,120.0,,,,Mini ITX Tower,-41.0,0
110.0,183.0,,,,ATX Mid Tower,73.0,1
130.0,77.0,,,,Mini ITX Tower,-53.0,0
57.0,190.0,,,,ATX Full Tower,133.0,1
55.0,163.0,,,240.0,ATX Mid Tower,108.0,1
54.0,167.0,,,240.0,Micro ATX Mini Tower,113.0,1
61.85,182.0,120.0,3,360.0,ATX Mid Tower,120.15,1
150.0,160.0,120.0,1,,ATX Mid Tower,10.0,1
152.0,160.0,,,,ATX Mid Tower,8.0,1
70.0,172.0,,,,ATX Mid Tower,102.0,1
137.0,82.0,120.0,,360.0,Micro ATX Desktop,-55.0,0
23.0,190.0,,,,ATX Mid Tower,167.0,1
160.0,195.0,,,,ATX Mid Tower,35.0,1
150.0,120.0,,,,Mini ITX Tower,-30.0,0
153.0,156.0,,,,ATX Mid Tower,3.0,1
158.0,70.0,,,,Mini ITX Tower,-88.0,0
60.0,146.0,,,360.0,ATX Mid Tower,86.0,1
164.0,170.0,,,,ATX Mid Tower,6.0,1
154.0,185.0,,,,ATX Mid Tower,31.0,1
50.0,57.0,,,360.0,Mini ITX Tower,7.0,1
165.0,165.0,,,,ATX Mid Tower,0.0,1
155.0,145.0,,,,ATX Mid Tower,-10.0,0
161.0,82.0,,,,Micro ATX Desktop,-79.0,0
159.0,165.0,,,,ATX Mid Tower,6.0,1
157.0,50.0,,,,Mini ITX Tower,-107.0,0
153.0,210.0,,,,Micro ATX Mini Tower,57.0,1
160.0,165.0,,,,ATX Mid Tower,5.0,1
158.0,70.0,,,,Mini ITX Tower,-88.0,0
155.0,65.0,,,,Mini ITX Tower,-90.0,0
145.0,67.0,,,,Mini ITX Tower,-78.0,0
166.0,166.0,120.0,,,ATX Mid Tower,0.0,1
62.0,175.0,,,240.0,ATX Mid Tower,113.0,1
158.0,180.0,,,,ATX Mid Tower,22.0,1
158.0,138.0,,,,HTPC,-20.0,0
161.0,150.0,120.0,2,,ATX Mid Tower,-11.0,0
60.0,190.0,120.0,3,360.0,ATX Mid Tower,130.0,1
160.0,85.0,,,,Mini ITX Tower,-75.0,0
155.0,148.0,,,,ATX Mid Tower,-7.0,0
131.0,75.0,,,,Micro ATX Mini Tower,-56.0,0
168.0,190.0,,,,ATX Mid Tower,22.0,1
163.0,210.0,,,,Mini ITX Tower,47.0,1
159.0,155.0,,,,Mini ITX Tower,-4.0,0
159.0,61.0,,,,Mini ITX Tower,-98.0,0
158.0,170.0,,,,ATX Mid Tower,12.0,1
158.0,55.0,,,,Mini ITX Tower,-103.0,0
155.0,157.0,120.0,2,,ATX Mid Tower,2.0,1
154.0,48.0,,,,Mini ITX Tower,-106.0,0
154.0,157.0,,,,ATX Mid Tower,3.0,1
164.0,185.0,,,,ATX Full Tower,21.0,1
60.0,171.0,,,,ATX Mid Tower,111.0,1
157.0,138.0,,,,HTPC,-19.0,0
162.0,190.0,,,,ATX Full Tower,28.0,1
155.0,110.0,,,,Mini ITX Tower,-45.0,0
156.0,155.0,,,,Micro ATX Mini Tower,-1.0,0
116.0,185.0,120.0,3,360.0,ATX Mid Tower,69.0,1
123.0,175.0,,,,ATX Mid Tower,52.0,1
157.0,155.0,,,,ATX Full Tower,-2.0,0
145.0,58.0,,,,HTPC,-87.0,0
48.0,185.0,,,360.0,ATX Full Tower,137.0,1
154.0,70.0,,,,Micro ATX Desktop,-84.0,0
160.0,70.0,,,,Mini ITX Tower,-90.0,0
135.0,67.0,,,,Mini ITX Tower,-68.0,0
158.0,88.2,,,,ATX Mid Tower,-69.8,0
166.0,48.0,120.0,,,Mini ITX Tower,-118.0,0
67.0,185.0,,,360.0,ATX Full Tower,118.0,1
161.0,159.0,,,,Micro ATX Mid Tower,-2.0,0
155.0,180.0,,,,ATX Mid Tower,25.0,1
114.0,162.0,,,,ATX Mid Tower,48.0,1
153.0,150.0,,,,Micro ATX Mini Tower,-3.0,0
156.0,165.0,,,,ATX Mid Tower,9.0,1
27.0,162.0,120.0,3,360.0,Micro ATX Mid Tower,135.0,1
64.0,164.0,,,360.0,Micro ATX Mini Tower,100.0,1
154.0,180.0,,,,ATX Mid Tower,26.0,1
172.0,165.0,,,,ATX Mid Tower,-7.0,0
157.0,155.0,,,,ATX Mid Tower,-2.0,0
68.0,175.0,140.0,2,280.0,EATX Full Tower,107.0,1
156.0,170.0,,,,EATX Full Tower,14.0,1
155.0,150.0,,,,ATX Mid Tower,-5.0,0
160.0,77.0,,,,HTPC,-83.0,0
160.0,170.0,,,,ATX Mid Tower,10.0,1
160.0,210.0,,,,ATX Mid Tower,50.0,1
65.0,170.0,,,240.0,ATX Mid Tower,105.0,1
69.0,160.0,,,,ATX Mini Tower,91.0,1
165.0,180.5,,,,EATX Mid Tower,15.5,1
158.0,65.0,140.0,2,,HTPC,-93.0,0
38.0,150.0,140.0,2,240.0,Micro ATX Mini Tower,112.0,1
150.0,161.0,120.0,2,240.0,Micro ATX Mid Tower,11.0,1
158.0,68.0,,,,Mini ITX Tower,-90.0,0
135.0,170.0,,,,ATX Mid Tower,35.0,1
154.0,82.0,,,,Mini ITX Tower,-72.0,0
66.0,170.0,,,360.0,EATX Mid Tower,104.0,1
150.0,148.0,,,,Micro ATX Mini Tower,-2.0,0
110.0,70.0,,,,Mini ITX Tower,-40.0,0
157.0,168.0,120.0,2,,ATX Mid Tower,11.0,1
158.0,157.0,,,,Micro ATX Mini Tower,-1.0,0
160.0,165.0,,,,ATX Mid Tower,5.0,1
165.0,174.0,,,,ATX Mid Tower,9.0,1
157.0,155.0,,,,Micro ATX Mini Tower,-2.0,0
166.0,158.0,,,,ATX Mid Tower,-8.0,0
63.0,169.0,,,360.0,ATX Mid Tower,106.0,1
128.0,180.0,,,,ATX Mid Tower,52.0,1
122.0,162.0,,,,Micro ATX Mid Tower,40.0,1
82.0,156.0,,3,360.0,ATX Mid Tower,74.0,1
158.0,181.0,,,,ATX Full Tower,23.0,1
155.0,180.0,120.0,1,,ATX Mid Tower,25.0,1
166.0,165.0,,,,Micro ATX Mid Tower,-1.0,0
155.0,135.0,,,,Micro ATX Mid Tower,-20.0,0
155.0,193.0,,,,ATX Full Tower,38.0,1
160.0,159.0,,,,ATX Mid Tower,-1.0,0
116.0,167.0,140.0,2,280.0,ATX Full Tower,51.0,1
153.0,150.0,,,,ATX Mid Tower,-3.0,0
155.0,150.0,,,,ATX Mid Tower,-5.0,0
153.0,160.0,,,,ATX Mid Tower,7.0,1
133.0,65.0,,,,Mini ITX Tower,-68.0,0
155.0,95.0,,,,ATX Mid Tower,-60.0,0
154.0,140.0,,,,Micro ATX Mini Tower,-14.0,0
158.0,146.0,,,,HTPC,-12.0,0
67.0,185.0,,,,ATX Mid Tower,118.0,1
58.0,178.0,,,,ATX Mid Tower,120.0,1
52.0,185.0,,,,ATX Mid Tower,133.0,1
54.0,173.0,120.0,3,360.0,Micro ATX Mini Tower,119.0,1
168.0,160.0,,,,ATX Mid Tower,-8.0,0
135.0,180.0,92.0,,,ATX Full Tower,45.0,1
54.0,160.0,,,120.0,ATX Mid Tower,106.0,1
160.0,200.0,,,,Mini ITX Tower,40.0,1
161.0,155.0,,,,ATX Mid Tower,-6.0,0
69.0,185.0,,,240.0,ATX Mid Tower,116.0,1
161.0,170.0,,,,ATX Mid Tower,9.0,1
160.0,156.0,,,,ATX Mid Tower,-4.0,0
141.0,138.0,,,,HTPC,-3.0,0
157.0,70.0,,,,Mini ITX Tower,-87.0,0
52.0,165.0,120.0,2,240.0,Micro ATX Mini Tower,113.0,1
166.0,165.0,,,,ATX Mid Tower,-1.0,0
159.0,58.0,,,,HTPC,-101.0,0
59.0,166.0,,,,ATX Mid Tower,107.0,1
135.0,170.0,,,,ATX Mid Tower,35.0,1
58.0,200.0,,,,ATX Full Tower,142.0,1
163.0,61.0,,,,Mini ITX Tower,-102.0,0
148.0,180.0,,,,ATX Full Tower,32.0,1
84.0,185.0,,,,ATX Mid Tower,101.0,1
171.0,165.0,,,,Micro ATX Mini Tower,-6.0,0
160.0,65.0,,,,Mini ITX Tower,-95.0,0
168.0,165.0,,,,ATX Mid Tower,-3.0,0
165.0,70.0,,,,HTPC,-95.0,0
68.0,160.0,140.0,2,280.0,ATX Mid Tower,92.0,1
38.0,160.0,,,,ATX Mid Tower,122.0,1
116.0,185.0,120.0,2,240.0,ATX Mid Tower,69.0,1
157.0,77.0,120.0,2,120.0,Mini ITX Tower,-80.0,0
154.0,138.0,,,,HTPC,-16.0,0
155.0,185.0,120.0,,,ATX Mid Tower,30.0,1
135.0,161.0,92.0,,,ATX Mid Tower,26.0,1
30.0,260.0,,,,EATX Full Tower,230.0,1
156.0,210.0,,,,Micro ATX Mini Tower,54.0,1
168.0,70.0,,,,Mini ITX Tower,-98.0,0
154.0,163.0,,,,ATX Mid Tower,9.0,1
152.0,190.0,120.0,1,,ATX Mid Tower,38.0,1
157.0,175.0,120.0,2,,ATX Mid Tower,18.0,1
153.0,65.0,,,,Mini ITX Tower,-88.0,0
165.0,61.0,,,,Mini ITX Tower,-104.0,0
172.0,160.0,,,,Micro ATX Mini Tower,-12.0,0
146.0,150.0,,,,Micro ATX Mini Tower,4.0,1
62.0,175.0,,,240.0,Micro ATX Mini Tower,113.0,1
66.0,61.0,,,360.0,Mini ITX Tower,-5.0,0
165.0,163.0,120.0,2,,ATX Mid Tower,-2.0,0
148.0,166.0,,,,ATX Mid Tower,18.0,1
47.0,160.0,,,,Micro ATX Mini Tower,113.0,1
155.0,151.0,,,,Micro ATX Mini Tower,-4.0,0
157.0,180.0,,,,ATX Mid Tower,23.0,1
57.0,210.0,120.0,2,240.0,ATX Mid Tower,153.0,1
158.0,140.0,,,,Mini ITX Tower,-18.0,0
49.0,165.0,,,360.0,ATX Mid Tower,116.0,1
159.0,158.75,,,,ATX Mid Tower,-0.25,0
161.0,156.0,,,,ATX Mid Tower,-5.0,0
167.0,162.0,,,,ATX Mid Tower,-5.0,0
91.0,182.0,120.0,3,360.0,ATX Full Tower,91.0,1
159.0,159.0,,,,Micro ATX Mini Tower,0.0,1
62.0,190.0,120.0,3,360.0,ATX Full Tower,128.0,1
116.0,82.0,120.0,2,240.0,Mini ITX Tower,-34.0,0
80.6,75.0,120.0,2,240.0,Micro ATX Mini Tower,-5.6,0
155.0,70.0,120.0,,,HTPC,-85.0,0
166.0,161.0,,,,ATX Mid Tower,-5.0,0
142.0,77.0,,,,HTPC,-65.0,0
158.0,155.0,,,,Micro ATX Mini Tower,-3.0,0
160.0,110.0,,,,Mini ITX Tower,-50.0,0
154.0,68.0,,,,Mini ITX Tower,-86.0,0
165.0,170.0,,,,ATX Mid Tower,5.0,1
158.0,165.0,,,,ATX Mid Tower,7.0,1
136.0,65.0,,,,Mini ITX Tower,-71.0,0
160.0,130.0,,,,Mini ITX Tower,-30.0,0
154.0,50.0,,,,Mini ITX Tower,-104.0,0
162.0,155.0,,,,Mini ITX Tower,-7.0,0
165.0,160.0,,,,ATX Mid Tower,-5.0,0
163.0,161.0,,,,ATX Mid Tower,-2.0,0
155.0,190.0,,,,ATX Mid Tower,35.0,1
51.0,170.0,,,360.0,ATX Full Tower,119.0,1
77.7,185.0,120.0,3,360.0,ATX Mid Tower,107.3,1
165.0,155.0,,,,ATX Mid Tower,-10.0,0
163.0,175.0,,,,Micro ATX Mini Tower,12.0,1
160.0,200.0,,,,ATX Full Tower,40.0,1
158.0,165.0,,,,ATX Mid Tower,7.0,1
159.0,156.0,,,,Micro ATX Mini Tower,-3.0,0
162.0,155.0,,,,ATX Mid Tower,-7.0,0
137.0,61.0,120.0,3,360.0,Mini ITX Tower,-76.0,0
154.0,195.0,,,,ATX Full Tower,41.0,1
159.0,160.0,120.0,1,,Micro ATX Mini Tower,1.0,1
158.0,145.0,,,,ATX Mid Tower,-13.0,0
53.0,190.0,95.0,2,,ATX Full Tower,137.0,1
160.0,190.0,,,,ATX Full Tower,30.0,1
154.0,165.0,,,,ATX Mid Tower,11.0,1
157.0,155.0,,,,Micro ATX Mid Tower,-2.0,0
159.0,155.0,,,,Micro ATX Mid Tower,-4.0,0
30.4,166.0,120.0,3,360.0,ATX Mid Tower,135.6,1
159.0,135.0,,,,Micro ATX Mid Tower,-24.0,0
53.0,38.0,120.0,2,240.0,Mini ITX Tower,-15.0,0
123.0,48.0,,,,Mini ITX Tower,-75.0,0
155.0,169.0,,,,ATX Mid Tower,14.0,1
135.0,110.0,,,,Mini ITX Tower,-25.0,0
62.0,165.0,,,240.0,ATX Mid Tower,103.0,1
160.0,173.0,,,,ATX Mid Tower,13.0,1
159.0,156.0,,,,ATX Mid Tower,-3.0,0
160.0,155.0,,,,Mini ITX Tower,-5.0,0
30.0,170.0,,,,ATX Mid Tower,140.0,1
166.0,165.0,,,,Mini ITX Tower,-1.0,0
158.0,166.0,,,,ATX Mid Tower,8.0,1
155.0,170.0,120.0,1,,ATX Mid Tower,15.0,1
60.0,47.0,120.0,2,240.0,Micro ATX Desktop,-13.0,0
161.0,210.0,120.0,2,,Micro ATX Mini Tower,49.0,1
59.0,70.0,,,360.0,Mini ITX Tower,11.0,1
151.0,190.0,120.0,2,,ATX Mid Tower,39.0,1
132.0,77.0,,,,Mini ITX Tower,-55.0,0
157.0,170.0,,,,ATX Mid Tower,13.0,1
63.0,58.0,,,,HTPC,-5.0,0
168.0,165.0,120.0,,,ATX Mid Tower,-3.0,0
52.0,159.0,,,240.0,Micro ATX Mini Tower,107.0,1
135.0,155.0,,,,Micro ATX Mini Tower,20.0,1
56.0,167.0,,,240.0,ATX Mid Tower,111.0,1
154.0,185.0,,,,ATX Mid Tower,31.0,1
142.0,140.0,,,,Mini ITX Tower,-2.0,0
165.0,160.0,,,,ATX Mid Tower,-5.0,0
166.0,185.0,,,,ATX Mid Tower,19.0,1
186.0,170.0,120.0,3,360.0,ATX Full Tower,-16.0,0
397.0,190.0,120.0,3,360.0,ATX Mid Tower,-207.0,0
156.0,95.0,,,,ATX Mid Tower,-61.0,0
135.0,70.0,,,,Mini ITX Tower,-65.0,0
52.0,82.0,140.0,2,280.0,Micro ATX Mid Tower,30.0,1
169.0,160.0,,,,ATX Mid Tower,-9.0,0
155.0,150.0,,,,ATX Mid Tower,-5.0,0
123.0,77.0,,,,Mini ITX Tower,-46.0,0
166.0,165.0,,,,ATX Mid Tower,-1.0,0
165.0,163.5,,,,Micro ATX Mini Tower,-1.5,0
137.0,165.0,,,,ATX Mid Tower,28.0,1
145.0,140.0,,,,Mini ITX Tower,-5.0,0
160.0,159.0,,,,Micro ATX Mid Tower,-1.0,0
150.0,65.0,,,,Micro ATX Mini Tower,-85.0,0
125.0,58.0,,,,HTPC,-67.0,0
163.0,160.0,,,,ATX Mid Tower,-3.0,0
135.0,190.0,,,,ATX Mid Tower,55.0,1
155.0,175.0,,,,ATX Mid Tower,20.0,1
78.0,160.0,,,,ATX Mid Tower,82.0,1
148.0,70.0,,,,HTPC,-78.0,0
156.0,165.0,,,,ATX Mid Tower,9.0,1
145.0,120.0,,,,Mini ITX Tower,-25.0,0
157.0,155.0,120.0,2,,Micro ATX Mini Tower,-2.0,0
154.0,70.0,,,,Mini ITX Tower,-84.0,0
163.0,160.0,120.0,,,ATX Mid Tower,-3.0,0
155.0,138.0,120.0,1,,HTPC,-17.0,0
65.0,171.0,,,360.0,ATX Mid Tower,106.0,1
160.0,185.0,,,,ATX Mid Tower,25.0,1
159.0,165.0,,,,Micro ATX Mini Tower,6.0,1
27.0,185.0,,,,ATX Mid Tower,158.0,1
69.0,185.0,,,360.0,ATX Mid Tower,116.0,1
123.0,68.0,,,,Mini ITX Tower,-55.0,0
158.0,180.0,,,,ATX Mid Tower,22.0,1
68.0,67.0,140.0,3,420.0,Mini ITX Tower,-1.0,0
169.0,160.0,,,,ATX Mid Tower,-9.0,0
157.0,67.0,140.0,2,280.0,Mini ITX Tower,-90.0,0
160.0,180.0,,,,ATX Full Tower,20.0,1
143.0,70.0,,,,HTPC,-73.0,0
157.0,68.0,,,,Mini ITX Tower,-89.0,0
158.0,155.0,,,,Micro ATX Mini Tower,-3.0,0
67.0,65.0,,,,HTPC,-2.0,0
162.0,160.0,,,,ATX Mid Tower,-2.0,0
65.0,210.0,,,360.0,Micro ATX Mini Tower,145.0,1
153.0,151.0,,,,ATX Mid Tower,-2.0,0
155.0,165.0,,,,ATX Mid Tower,10.0,1
60.0,155.0,120.0,1,240.0,ATX Mid Tower,95.0,1
160.0,67.0,,,,Mini ITX Tower,-93.0,0
159.0,85.0,,,,Mini ITX Tower,-74.0,0
65.0,190.0,,,360.0,ATX Full Tower,125.0,1
166.0,160.0,,,,ATX Mid Tower,-6.0,0
164.0,70.0,,,,Mini ITX Tower,-94.0,0
67.0,170.0,,,,ATX Mid Tower,103.0,1
152.0,160.0,,,,ATX Mid Tower,8.0,1
165.0,170.0,,,,ATX Mid Tower,5.0,1
125.0,166.0,,,,ATX Mid Tower,41.0,1
157.0,180.0,,,,EATX Mid Tower,23.0,1
38.0,160.0,,,240.0,ATX Mid Tower,122.0,1
161.0,180.0,120.0,2,,ATX Mid Tower,19.0,1
159.0,180.0,,,,ATX Mid Tower,21.0,1
170.0,148.0,,,,ATX Mid Tower,-22.0,0
155.0,85.0,,,,Mini ITX Tower,-70.0,0
73.0,180.0,120.0,3,360.0,ATX Mid Tower,107.0,1
168.0,160.0,120.0,,,ATX Mid Tower,-8.0,0
151.0,48.0,120.0,2,,Mini ITX Tower,-103.0,0
48.0,176.0,,,360.0,ATX Full Tower,128.0,1
160.0,158.0,,,,ATX Mid Tower,-2.0,0
137.0,180.0,120.0,,360.0,ATX Mid Tower,43.0,1
60.0,58.0,140.0,3,420.0,HTPC,-2.0,0
168.0,150.0,,,,Micro ATX Mini Tower,-18.0,0
152.0,61.0,,,,Mini ITX Tower,-91.0,0
159.0,150.0,,,,ATX Mid Tower,-9.0,0
154.0,183.0,120.0,2,,ATX Mid Tower,29.0,1
165.0,61.0,,,,Mini ITX Tower,-104.0,0
116.0,155.0,,,,ATX Mid Tower,39.0,1
166.0,155.0,,,,ATX Mid Tower,-11.0,0
170.0,165.0,,,,ATX Mid Tower,-5.0,0
137.0,77.0,,,,Mini ITX Tower,-60.0,0
55.0,170.0,,,,ATX Mid Tower,115.0,1
131.0,185.0,,,,ATX Full Tower,54.0,1
158.0,200.0,,,,Mini ITX Tower,42.0,1
154.0,75.0,,,,Mini ITX Tower,-79.0,0
41.0,45.0,,,,Mini ITX Tower,4.0,1
159.0,185.0,120.0,1,,ATX Mid Tower,26.0,1
130.0,165.0,,,,ATX Mid Tower,35.0,1
160.0,120.0,,,,Mini ITX Tower,-40.0,0
47.0,160.0,,,360.0,ATX Mid Tower,113.0,1
107.0,165.0,120.0,3,360.0,ATX Mid Tower,58.0,1
155.0,178.0,120.0,,,ATX Mid Tower,23.0,1
168.0,165.0,120.0,,,ATX Mid Tower,-3.0,0
156.0,156.0,,,,ATX Mid Tower,0.0,1
92.0,176.0,120.0,,240.0,ATX Full Tower,84.0,1
69.0,180.0,120.0,2,240.0,ATX Mid Tower,111.0,1
153.0,150.0,,,,Micro ATX Mid Tower,-3.0,0
130.0,170.0,,,,ATX Mid Tower,40.0,1
68.0,180.0,,,240.0,ATX Mid Tower,112.0,1
160.0,85.0,,,,Mini ITX Tower,-75.0,0
170.0,158.0,,,,ATX Full Tower,-12.0,0
154.0,160.0,,,,ATX Mid Tower,6.0,1
60.0,187.0,140.0,3,420.0,ATX Mid Tower,127.0,1
92.0,83.0,120.0,,240.0,Mini ITX Tower,-9.0,0
130.0,185.0,,,,ATX Mid Tower,55.0,1
165.0,160.0,,,,ATX Mid Tower,-5.0,0
159.0,58.0,,,,HTPC,-101.0,0
55.0,110.0,,,,Mini ITX Tower,55.0,1
158.0,185.0,,,,ATX Mid Tower,27.0,1
73.0,68.0,120.0,3,360.0,Mini ITX Tower,-5.0,0
155.0,75.0,120.0,,,Mini ITX Tower,-80.0,0
158.0,175.0,,,,ATX Mid Tower,17.0,1
160.0,160.0,,,,Micro ATX Mini Tower,0.0,1
160.0,81.0,,,,Micro ATX Slim Tower,-79.0,0
164.0,155.0,,,,ATX Mid Tower,-9.0,0
100.0,180.0,,,360.0,ATX Mid Tower,80.0,1
153.0,67.0,,,,Mini ITX Tower,-86.0,0
69.0,165.0,,,,Micro ATX Mini Tower,96.0,1
157.0,184.0,120.0,2,,ATX Mid Tower,27.0,1
116.0,170.0,140.0,2,280.0,ATX Mid Tower,54.0,1
155.0,70.0,,,,HTPC,-85.0,0
156.0,172.0,,,,ATX Mid Tower,16.0,1
162.0,83.0,,,,Mini ITX Tower,-79.0,0
64.0,170.0,,,,ATX Mid Tower,106.0,1
26.0,164.0,,,,Micro ATX Desktop,138.0,1
42.0,170.0,,,240.0,Micro ATX Mid Tower,128.0,1
120.0,140.0,,,,Micro ATX Mini Tower,20.0,1
135.0,170.0,,,,ATX Mid Tower,35.0,1
81.0,75.0,120.0,3,360.0,Micro ATX Mini Tower,-6.0,0
165.0,175.0,,,,ATX Mid Tower,10.0,1
123.0,38.0,,,,Mini ITX Tower,-85.0,0
160.0,155.0,,,,Mini ITX Tower,-5.0,0
53.0,190.0,120.0,2,240.0,ATX Mid Tower,137.0,1
78.0,175.0,120.0,3,360.0,ATX Mid Tower,97.0,1
165.0,75.0,120.0,2,,Micro ATX Mini Tower,-90.0,0
157.0,140.0,120.0,2,,Mini ITX Tower,-17.0,0
165.0,160.0,120.0,2,,ATX Mid Tower,-5.0,0
160.0,135.0,,,,Micro ATX Mid Tower,-25.0,0
159.0,148.0,120.0,1,,Micro ATX Mid Tower,-11.0,0
110.0,57.0,,,,Mini ITX Tower,-53.0,0
67.0,185.0,,,360.0,ATX Mid Tower,118.0,1
53.0,161.0,120.0,2,240.0,ATX Mid Tower,108.0,1
156.0,185.0,,,,ATX Full Tower,29.0,1
155.0,82.0,120.0,1,,Mini ITX Tower,-73.0,0
153.0,158.0,,,,Micro ATX Desktop,5.0,1
157.0,170.0,,,,ATX Mid Tower,13.0,1
159.0,155.0,,,,ATX Mid Tower,-4.0,0
158.0,154.0,,,,Micro ATX Mid Tower,-4.0,0
156.0,138.0,,,,HTPC,-18.0,0
92.0,75.0,120.0,,240.0,Mini ITX Tower,-17.0,0
66.0,167.0,,,360.0,ATX Mid Tower,101.0,1
155.0,138.0,,,,HTPC,-17.0,0
161.0,175.0,,,,ATX Mid Tower,14.0,1
152.0,163.5,,,,Micro ATX Mini Tower,11.5,1
136.0,165.0,,,,Micro ATX Mini Tower,29.0,1
166.0,170.0,,,,Mini ITX Tower,4.0,1
165.0,160.0,,,,ATX Mid Tower,-5.0,0
153.0,185.0,120.0,1,,ATX Mid Tower,32.0,1
158.0,160.0,,,,ATX Mid Tower,2.0,1
148.0,70.0,,,,Mini ITX Tower,-78.0,0
79.0,166.0,,,,ATX Mid Tower,87.0,1
60.0,55.0,,,240.0,Mini ITX Tower,-5.0,0
47.0,167.0,,,240.0,ATX Mid Tower,120.0,1
157.0,173.0,,,,Micro ATX Mini Tower,16.0,1
142.0,185.0,,,,ATX Mid Tower,43.0,1
27.0,61.0,,,,Mini ITX Tower,34.0,1
158.0,83.0,,,,Mini ITX Tower,-75.0,0
165.0,164.0,,,,Micro ATX Mini Tower,-1.0,0
159.0,110.0,,,,Mini ITX Tower,-49.0,0
158.0,138.0,,,,HTPC,-20.0,0
157.0,155.0,,,,Micro ATX Mini Tower,-2.0,0
59.0,185.0,,,360.0,ATX Full Tower,126.0,1
170.0,169.0,,,,ATX Mid Tower,-1.0,0
154.0,160.0,,,,ATX Mini Tower,6.0,1
162.0,154.0,,,,Micro ATX Mid Tower,-8.0,0
158.0,190.0,,,,ATX Full Tower,32.0,1
154.0,185.0,,,,ATX Mid Tower,31.0,1
162.0,70.0,,,,Mini ITX Tower,-92.0,0
158.0,67.0,,,,Mini ITX Tower,-91.0,0
114.0,185.0,,,,ATX Mid Tower,71.0,1
154.0,165.0,120.0,2,,Micro ATX Mini Tower,11.0,1
156.0,155.0,,,,Micro ATX Mini Tower,-1.0,0
90.0,195.0,,,360.0,ATX Full Tower,105.0,1
153.0,169.0,,,,ATX Mid Tower,16.0,1
154.0,135.0,,,,Micro ATX Mid Tower,-19.0,0
150.0,138.0,,,,HTPC,-12.0,0
66.0,162.0,120.0,3,360.0,ATX Mid Tower,96.0,1
100.0,180.0,,,,ATX Mid Tower,80.0,1
58.0,160.0,,,360.0,ATX Mid Tower,102.0,1
110.0,88.2,,,,ATX Mid Tower,-21.8,0
68.0,175.0,,,240.0,ATX Mid Tower,107.0,1
60.0,165.0,,,240.0,ATX Mid Tower,105.0,1
65.0,160.0,,,240.0,ATX Mid Tower,95.0,1
169.0,160.0,120.0,2,,ATX Mid Tower,-9.0,0
166.0,165.0,,,,Micro ATX Mini Tower,-1.0,0
125.0,155.0,,,,ATX Full Tower,30.0,1
155.0,182.0,,,,ATX Mid Tower,27.0,1
163.0,155.0,,,,ATX Mid Tower,-8.0,0
152.0,146.0,120.0,1,,ATX Mid Tower,-6.0,0
160.0,155.0,,,,Micro ATX Mid Tower,-5.0,0
159.0,67.0,,,,Mini ITX Tower,-92.0,0
94.0,83.0,100.0,1,,Mini ITX Tower,-11.0,0
157.0,88.2,,,,ATX Mid Tower,-68.8,0
155.0,162.0,,,,ATX Mid Tower,7.0,1
130.0,82.0,,,,Micro ATX Mid Tower,-48.0,0
171.0,160.0,,,,EATX Mid Tower,-11.0,0
154.0,110.0,,,,Mini ITX Tower,-44.0,0
160.0,155.0,,,,ATX Mid Tower,-5.0,0
158.0,138.0,,,,HTPC,-20.0,0
168.0,165.0,,,,ATX Mid Tower,-3.0,0
154.0,150.0,,,,Micro ATX Mini Tower,-4.0,0
130.0,70.0,,,,Mini ITX Tower,-60.0,0
150.0,75.0,,,,Micro ATX Mini Tower,-75.0,0
155.0,180.0,120.0,2,,ATX Mid Tower,25.0,1
58.0,160.0,140.0,2,280.0,ATX Mid Tower,102.0,1
55.0,193.0,,,,ATX Full Tower,138.0,1
160.0,150.0,,,,Micro ATX Mini Tower,-10.0,0
154.0,75.0,,,,Micro ATX Mini Tower,-79.0,0
37.0,180.0,,,,ATX Mid Tower,143.0,1
60.0,162.0,,,240.0,Micro ATX Mid Tower,102.0,1
161.0,155.0,120.0,2,,Micro ATX Mini Tower,-6.0,0
159.0,169.0,,,,ATX Full Tower,10.0,1
157.0,165.0,,,,Micro ATX Mini Tower,8.0,1
159.0,185.0,,,,ATX Mid Tower,26.0,1
163.0,150.0,,,,Mini ITX Tower,-13.0,0
164.0,157.0,,,,Micro ATX Mini Tower,-7.0,0
54.0,190.0,,,120.0,ATX Mid Tower,136.0,1
158.0,185.0,,,,ATX Mid Tower,27.0,1
156.0,188.0,,,,ATX Mid Tower,32.0,1
125.0,75.0,,,,Micro ATX Mini Tower,-50.0,0
158.0,88.2,,,,ATX Mid Tower,-69.8,0
162.0,160.0,,,,ATX Mid Tower,-2.0,0
55.0,165.0,,,240.0,ATX Mid Tower,110.0,1
148.0,165.0,120.0,,,EATX Mid Tower,17.0,1
159.0,180.0,,,,ATX Mid Tower,21.0,1
158.0,180.0,,,,ATX Mid Tower,22.0,1
154.0,77.0,,,,Mini ITX Tower,-77.0,0
158.0,155.0,,,,Mini ITX Tower,-3.0,0
116.0,195.0,140.0,2,280.0,ATX Full Tower,79.0,1
48.0,180.0,,,120.0,ATX Mid Tower,132.0,1
138.0,180.0,,,,ATX Mid Tower,42.0,1
57.0,172.0,,,240.0,ATX Mid Tower,115.0,1
157.0,190.0,,,,ATX Full Tower,33.0,1
165.0,61.0,,,,Mini ITX Tower,-104.0,0
160.0,48.0,,,,Mini ITX Tower,-112.0,0
36.0,185.0,,,240.0,Micro ATX Mid Tower,149.0,1
101.0,188.0,120.0,2,240.0,EATX Mid Tower,87.0,1
153.0,120.0,,,,Mini ITX Tower,-33.0,0
54.0,200.0,120.0,3,360.0,ATX Full Tower,146.0,1
159.0,170.0,,,,ATX Mid Tower,11.0,1
154.0,150.0,,,,ATX Mid Tower,-4.0,0
123.0,165.0,,,,Micro ATX Mini Tower,42.0,1
125.0,70.0,120.0,2,240.0,HTPC,-55.0,0
37.0,150.0,92.0,1,,Micro ATX Mid Tower,113.0,1
151.0,138.0,,,,HTPC,-13.0,0
159.0,170.0,,,,ATX Full Tower,11.0,1
149.0,83.0,,,,Mini ITX Tower,-66.0,0
105.0,188.0,,,280.0,ATX Mid Tower,83.0,1
157.0,169.0,,,,ATX Mid Tower,12.0,1
67.0,167.0,,,,ATX Mid Tower,100.0,1
160.0,82.0,,,,Micro ATX Desktop,-78.0,0
148.0,170.0,,,,ATX Mid Tower,22.0,1
158.0,150.0,,,,ATX Mid Tower,-8.0,0
153.0,114.0,,,,Mini ITX Tower,-39.0,0
54.0,170.0,120.0,3,360.0,Mini ITX Tower,116.0,1
145.0,165.0,,,,Micro ATX Mid Tower,20.0,1
54.0,185.0,,,240.0,ATX Mid Tower,131.0,1
45.0,174.0,,,,ATX Mid Tower,129.0,1
60.0,163.0,120.0,3,360.0,ATX Mid Tower,103.0,1
166.0,170.0,,,,ATX Mid Tower,4.0,1
62.0,195.0,,,360.0,ATX Mid Tower,133.0,1
123.0,158.0,,,,ATX Mid Tower,35.0,1
158.0,155.0,,,,Micro ATX Mid Tower,-3.0,0
40.0,160.0,120.0,2,240.0,ATX Full Tower,120.0,1
160.0,193.0,,,,ATX Full Tower,33.0,1
51.0,164.0,,,360.0,Micro ATX Mini Tower,113.0,1
155.0,150.0,,,,Micro ATX Mid Tower,-5.0,0
158.0,57.0,,,,Mini ITX Tower,-101.0,0
41.0,190.0,,,,ATX Full Tower,149.0,1
136.0,75.0,,,,Micro ATX Mini Tower,-61.0,0
58.0,171.0,,,,ATX Mid Tower,113.0,1
126.0,168.0,,,,Micro ATX Mini Tower,42.0,1
140.0,170.0,,,,ATX Mid Tower,30.0,1
58.0,150.0,,,,Micro ATX Mid Tower,92.0,1
158.0,138.0,,,,HTPC,-20.0,0
159.0,155.0,120.0,,,Mini ITX Tower,-4.0,0
158.0,77.0,,,,HTPC,-81.0,0
158.0,160.0,,,,ATX Mid Tower,2.0,1
166.0,160.0,,,,Micro ATX Mid Tower,-6.0,0
155.0,154.0,,,,Micro ATX Mid Tower,-1.0,0
153.0,210.0,,,,ATX Mid Tower,57.0,1
68.0,67.0,,,360.0,Mini ITX Tower,-1.0,0
164.0,155.0,,,,Micro ATX Mid Tower,-9.0,0
127.0,85.0,,,,Mini ITX Tower,-42.0,0
154.0,160.0,,,,ATX Mid Tower,6.0,1
47.0,210.0,,,,Micro ATX Mini Tower,163.0,1
77.0,70.0,,,,HTPC,-7.0,0
157.0,145.0,,,,ATX Mid Tower,-12.0,0
157.0,160.0,,,,ATX Mid Tower,3.0,1
147.0,165.0,,,,ATX Mid Tower,18.0,1
169.0,165.0,120.0,2,,ATX Mid Tower,-4.0,0
158.0,146.0,,,,HTPC,-12.0,0
75.0,210.0,120.0,2,240.0,Micro ATX Mini Tower,135.0,1
149.0,48.0,,,,Mini ITX Tower,-101.0,0
157.0,155.0,,,,ATX Mid Tower,-2.0,0
157.0,155.0,,,,Micro ATX Mid Tower,-2.0,0
151.0,167.0,,,,EATX Full Tower,16.0,1
78.0,61.0,,,240.0,Mini ITX Tower,-17.0,0
60.0,210.0,,,,Mini ITX Tower,150.0,1
50.0,48.0,,,360.0,Mini ITX Tower,-2.0,0
94.0,185.0,140.0,3,420.0,ATX Full Tower,91.0,1
397.0,170.0,120.0,3,360.0,ATX Mid Tower,-227.0,0
155.0,150.0,,,,Mini ITX Tower,-5.0,0
47.0,183.0,,,,ATX Mid Tower,136.0,1
154.0,165.0,120.0,1,,ATX Mid Tower,11.0,1
53.0,210.0,95.0,2,,Mini ITX Tower,157.0,1
78.0,48.0,,,240.0,Mini ITX Tower,-30.0,0
116.0,170.0,120.0,2,240.0,ATX Mid Tower,54.0,1
167.0,165.0,,,,ATX Mid Tower,-2.0,0
152.0,190.0,,,,ATX Full Tower,38.0,1
118.0,170.0,120.0,3,360.0,ATX Mid Tower,52.0,1
165.0,185.0,,,,ATX Mid Tower,20.0,1
118.0,155.0,,,,Micro ATX Mid Tower,37.0,1
54.0,178.0,120.0,2,240.0,ATX Mid Tower,124.0,1
150.0,180.0,,,,Micro ATX Mini Tower,30.0,1
158.0,83.0,,,,Mini ITX Tower,-75.0,0
158.0,155.0,,,,ATX Mid Tower,-3.0,0
166.0,165.0,,,,ATX Mid Tower,-1.0,0
76.0,70.0,,,,HTPC,-6.0,0
160.0,146.0,,,,HTPC,-14.0,0
159.0,85.0,,,,Mini ITX Tower,-74.0,0
66.0,70.0,,,360.0,HTPC,4.0,1
91.0,48.0,120.0,3,360.0,Mini ITX Tower,-43.0,0
167.0,163.0,,,,ATX Mid Tower,-4.0,0
158.0,175.0,,,,ATX Mid Tower,17.0,1
125.0,185.0,,,,Micro ATX Desktop,60.0,1
72.0,160.0,120.0,2,240.0,ATX Mid Tower,88.0,1
158.0,165.0,,,,ATX Mid Tower,7.0,1
159.0,155.0,,,,ATX Mid Tower,-4.0,0
154.0,88.2,,,,ATX Mid Tower,-65.8,0
153.0,173.0,,,,ATX Mid Tower,20.0,1
84.0,180.0,360.0,3,360.0,Micro ATX Mini Tower,96.0,1
152.0,120.0,,,,Mini ITX Tower,-32.0,0
159.0,175.0,,,,ATX Mid Tower,16.0,1
130.0,160.0,,,,ATX Mid Tower,30.0,1
62.0,155.0,,,240.0,ATX Mid Tower,93.0,1
153.0,70.0,,,,Mini ITX Tower,-83.0,0
154.0,170.0,,,,ATX Mid Tower,16.0,1
77.0,160.0,,,,ATX Mid Tower,83.0,1
154.0,140.0,,,,Mini ITX Tower,-14.0,0
160.0,155.0,,,,ATX Mid Tower,-5.0,0
159.0,165.0,,,,Micro ATX Mini Tower,6.0,1
165.0,185.0,,,,ATX Mid Tower,20.0,1
165.0,162.0,120.0,2,,ATX Mid Tower,-3.0,0
155.0,170.0,,,,ATX Mid Tower,15.0,1
159.0,145.0,,,,ATX Mid Tower,-14.0,0
42.0,170.0,,,,EATX Mid Tower,128.0,1
57.0,167.0,,,360.0,Micro ATX Mini Tower,110.0,1
66.0,185.0,,,,ATX Mid Tower,119.0,1
60.0,180.0,,,280.0,ATX Mid Tower,120.0,1
133.0,170.0,,,,Micro ATX Mini Tower,37.0,1
157.0,157.0,,,,ATX Mid Tower,0.0,1
131.0,167.0,,,,Mini ITX Tower,36.0,1
165.0,70.0,,,,Mini ITX Tower,-95.0,0
147.0,160.0,,,,ATX Mid Tower,13.0,1
62.0,210.0,120.0,3,360.0,ATX Mid Tower,148.0,1
155.0,151.0,,,,ATX Mid Tower,-4.0,0
155.0,155.0,,,,ATX Mid Tower,0.0,1
125.0,83.0,,,,Mini ITX Tower,-42.0,0
63.0,162.0,,,360.0,Micro ATX Mid Tower,99.0,1
146.0,185.0,,,,ATX Mid Tower,39.0,1
157.0,170.0,,,,ATX Mid Tower,13.0,1
155.0,151.0,120.0,,,Micro ATX Mini Tower,-4.0,0
62.0,185.0,120.0,3,360.0,ATX Mid Tower,123.0,1
158.0,47.0,120.0,2,,Micro ATX Desktop,-111.0,0
159.0,82.0,,,,Mini ITX Tower,-77.0,0
32.0,170.0,,,,ATX Mid Tower,138.0,1
154.0,188.0,,,,ATX Mid Tower,34.0,1
57.0,165.0,120.0,2,240.0,Micro ATX Mini Tower,108.0,1
160.0,148.0,,,,ATX Mid Tower,-12.0,0
165.0,190.0,,,,EATX Mid Tower,25.0,1
158.0,165.0,,,,ATX Mid Tower,7.0,1
85.0,160.0,,,360.0,ATX Mid Tower,75.0,1
146.0,48.0,,,,Mini ITX Tower,-98.0,0
18.6,180.0,120.0,3,394.0,ATX Mid Tower,161.4,1
136.0,170.0,,,,ATX Mid Tower,34.0,1
160.0,145.0,,,,ATX Mid Tower,-15.0,0
158.0,185.0,140.0,2,,ATX Mid Tower,27.0,1
126.0,85.0,,,,Mini ITX Tower,-41.0,0
154.0,48.0,120.0,2,,Mini ITX Tower,-106.0,0
155.0,185.0,,,,ATX Full Tower,30.0,1
136.0,165.0,,,,ATX Mid Tower,29.0,1
159.0,170.0,,,,ATX Mid Tower,11.0,1
90.0,68.0,,,120.0,Mini ITX Tower,-22.0,0
68.0,170.0,,,,Micro ATX Mid Tower,102.0,1
168.0,165.0,120.0,,,Micro ATX Mini Tower,-3.0,0
57.0,185.0,,,360.0,ATX Mid Tower,128.0,1
125.0,83.0,,,,Mini ITX Tower,-42.0,0
152.0,70.0,120.0,1,,Mini ITX Tower,-82.0,0
149.0,48.0,,,,Mini ITX Tower,-101.0,0
168.0,155.0,,,,Micro ATX Mini Tower,-13.0,0
155.0,185.0,,,,ATX Mid Tower,30.0,1
160.0,169.0,,,,ATX Mid Tower,9.0,1
126.0,48.0,,,,Mini ITX Tower,-78.0,0
136.0,190.0,,,,ATX Full Tower,54.0,1
160.0,156.0,,,,ATX Mid Tower,-4.0,0
148.0,140.0,,,,Mini ITX Tower,-8.0,0
154.0,155.0,,,,ATX Mid Tower,1.0,1
68.0,170.0,,,,ATX Mid Tower,102.0,1
155.0,168.0,,,,ATX Mid Tower,13.0,1
136.0,114.0,,,,Mini ITX Tower,-22.0,0
132.0,182.0,,,,ATX Mid Tower,50.0,1
67.0,172.0,,,240.0,ATX Mid Tower,105.0,1
134.0,61.0,120.0,,,Mini ITX Tower,-73.0,0
90.0,68.0,,,120.0,Mini ITX Tower,-22.0,0
168.0,140.0,120.0,,,Mini ITX Tower,-28.0,0
77.7,184.0,120.0,3,360.0,ATX Mid Tower,106.3,1
158.0,67.0,,,,Mini ITX Tower,-91.0,0
126.0,70.0,,,,HTPC,-56.0,0
68.0,176.0,,,240.0,ATX Full Tower,108.0,1
158.0,88.2,,,,ATX Mid Tower,-69.8,0
163.0,170.0,,,,Micro ATX Mid Tower,7.0,1
158.0,77.0,,,,HTPC,-81.0,0
156.0,160.0,,,,ATX Mid Tower,4.0,1
160.0,150.0,,,,ATX Mid Tower,-10.0,0
154.0,61.0,,,,Mini ITX Tower,-93.0,0
110.0,77.0,,,,Mini ITX Tower,-33.0,0
135.0,185.0,,,,ATX Mid Tower,50.0,1
154.0,57.0,,,,Micro ATX Desktop,-97.0,0
162.0,156.0,,,,ATX Mid Tower,-6.0,0
158.0,114.0,,,,Mini ITX Tower,-44.0,0
56.0,166.0,,,120.0,ATX Mid Tower,110.0,1
69.0,170.0,,,,ATX Mid Tower,101.0,1
139.0,170.0,,,,ATX Mid Tower,31.0,1
55.0,200.0,,,,Mini ITX Tower,145.0,1
163.0,160.0,,,,ATX Mid Tower,-3.0,0
138.0,67.0,,,,Mini ITX Tower,-71.0,0
157.0,135.0,,,,Micro ATX Mid Tower,-22.0,0
160.0,120.0,,,,Mini ITX Tower,-40.0,0
150.0,65.0,,,,Micro ATX Mini Tower,-85.0,0
105.0,160.0,,,280.0,ATX Mid Tower,55.0,1
94.5,67.0,120.0,1,,Mini ITX Tower,-27.5,0
135.0,182.0,,,,ATX Full Tower,47.0,1
88.0,168.0,,,,ATX Mid Tower,80.0,1
154.0,170.0,,,,ATX Mid Tower,16.0,1
158.0,174.0,,,,ATX Mid Tower,16.0,1
157.0,170.0,,,,EATX Mid Tower,13.0,1
165.0,161.0,,,,ATX Mid Tower,-4.0,0
150.0,190.0,,,,ATX Full Tower,40.0,1
100.0,83.0,,,240.0,Mini ITX Tower,-17.0,0
158.0,155.0,,,,ATX Mid Tower,-3.0,0
68.0,185.0,120.0,3,360.0,ATX Mid Tower,117.0,1
153.0,150.0,120.0,1,,Micro ATX Mini Tower,-3.0,0
157.0,175.0,,,,ATX Mid Tower,18.0,1
68.0,50.0,,,,Mini ITX Tower,-18.0,0
154.0,130.0,,,,Mini ITX Tower,-24.0,0
157.0,110.0,,,,Mini ITX Tower,-47.0,0
170.0,165.0,,,,Micro ATX Mini Tower,-5.0,0
162.0,150.0,,,,Mini ITX Tower,-12.0,0
165.0,160.0,,,,Micro ATX Mini Tower,-5.0,0
154.0,138.0,,,,HTPC,-16.0,0
155.0,180.0,,,,ATX Mid Tower,25.0,1
37.0,210.0,,,,ATX Mid Tower,173.0,1
55.0,165.0,,,,ATX Mid Tower,110.0,1
155.0,178.0,,,,ATX Mid Tower,23.0,1
45.0,190.0,92.0,,,ATX Mid Tower,145.0,1
77.7,162.0,120.0,3,360.0,ATX Mid Tower,84.3,1
55.0,156.0,,,,ATX Mid Tower,101.0,1
80.0,67.0,120.0,2,240.0,Mini ITX Tower,-13.0,0
154.0,170.0,,,,ATX Mid Tower,16.0,1
150.0,88.2,,,,ATX Mid Tower,-61.8,0
159.0,160.0,,,,ATX Mid Tower,1.0,1
159.0,88.2,,,,ATX Mid Tower,-70.8,0
60.0,175.0,,,240.0,ATX Mid Tower,115.0,1
159.0,155.0,120.0,1,,ATX Mid Tower,-4.0,0
156.0,155.0,,,,Micro ATX Mid Tower,-1.0,0
158.0,155.0,,,,Micro ATX Mini Tower,-3.0,0
155.0,150.0,,,,ATX Mid Tower,-5.0,0
164.0,156.0,,,,ATX Mid Tower,-8.0,0
158.0,180.0,,,,ATX Mid Tower,22.0,1
71.0,172.0,,,,ATX Mid Tower,101.0,1
166.0,164.0,,,,ATX Mid Tower,-2.0,0
55.0,182.0,,,,ATX Mid Tower,127.0,1
158.0,190.0,120.0,2,,ATX Mid Tower,32.0,1
165.0,68.0,,,,Mini ITX Tower,-97.0,0
153.0,166.0,,,,Micro ATX Mini Tower,13.0,1
168.0,185.0,,,,EATX Mid Tower,17.0,1
66.0,170.0,,,,ATX Mid Tower,104.0,1
155.0,150.0,120.0,2,,ATX Mid Tower,-5.0,0
30.0,171.0,,,,ATX Mid Tower,141.0,1
158.0,65.0,,,,Mini ITX Tower,-93.0,0
158.0,185.0,,,,ATX Mid Tower,27.0,1
160.0,155.0,,,,ATX Mid Tower,-5.0,0
45.0,190.0,,,,ATX Mid Tower,145.0,1
148.0,180.0,120.0,,,ATX Mid Tower,32.0,1
135.0,65.0,,,,Mini ITX Tower,-70.0,0
165.0,68.0,,,,Mini ITX Tower,-97.0,0
163.0,180.0,,,,ATX Mid Tower,17.0,1
45.0,195.0,92.0,,,ATX Full Tower,150.0,1
152.0,55.0,120.0,1,,Mini ITX Tower,-97.0,0
137.0,70.0,,,,Mini ITX Tower,-67.0,0
162.0,157.0,,,,ATX Mid Tower,-5.0,0
60.0,165.0,,,280.0,ATX Mid Tower,105.0,1
78.0,210.0,120.0,3,360.0,ATX Mid Tower,132.0,1
155.0,170.0,,,,ATX Mid Tower,15.0,1
69.0,48.0,,,,Mini ITX Tower,-21.0,0
140.0,160.0,,,,ATX Mid Tower,20.0,1
125.0,180.0,120.0,3,360.0,ATX Mid Tower,55.0,1
53.0,195.0,120.0,3,360.0,ATX Mid Tower,142.0,1
151.0,140.0,,,,Mini ITX Tower,-11.0,0
56.0,180.0,120.0,3,360.0,ATX Mid Tower,124.0,1
166.0,173.0,120.0,,,ATX Mid Tower,7.0,1
77.7,154.0,120.0,3,360.0,Micro ATX Mid Tower,76.3,1
166.0,160.0,,,,ATX Mid Tower,-6.0,0
166.0,160.0,,,,ATX Mid Tower,-6.0,0
86.4,82.0,120.0,3,360.0,Mini ITX Tower,-4.4,0
158.0,170.0,,,,ATX Mid Tower,12.0,1
68.0,170.0,140.0,3,420.0,ATX Mid Tower,102.0,1
54.0,180.0,,,120.0,ATX Mid Tower,126.0,1
160.0,155.0,,,,Micro ATX Mid Tower,-5.0,0
157.0,185.0,,,,ATX Mid Tower,28.0,1
166.0,160.0,,,,ATX Mid Tower,-6.0,0
159.0,185.0,,,,ATX Mid Tower,26.0,1
58.0,185.0,,,,ATX Mid Tower,127.0,1
118.0,180.0,,,,ATX Full Tower,62.0,1
152.0,160.0,120.0,1,,ATX Mid Tower,8.0,1
168.0,160.0,,,,ATX Mid Tower,-8.0,0
157.0,114.0,,,,Mini ITX Tower,-43.0,0
146.0,70.0,,,,Mini ITX Tower,-76.0,0
60.0,170.0,120.0,3,360.0,ATX Mid Tower,110.0,1
165.0,160.0,,,,ATX Mid Tower,-5.0,0
136.0,138.0,,,,HTPC,2.0,1
153.0,138.0,,,,HTPC,-15.0,0
152.0,70.0,120.0,1,,HTPC,-82.0,0
154.0,175.0,,,,ATX Mid Tower,21.0,1
53.0,170.0,95.0,2,,ATX Mid Tower,117.0,1
121.0,82.0,,,,Micro ATX Desktop,-39.0,0
129.0,70.0,,,,HTPC,-59.0,0
93.0,38.0,,,,Mini ITX Tower,-55.0,0
62.0,170.0,,,360.0,ATX Mid Tower,108.0,1
397.0,156.0,120.0,3,360.0,ATX Mid Tower,-241.0,0
155.0,110.0,,,,Mini ITX Tower,-45.0,0
170.0,148.0,,,,Micro ATX Mid Tower,-22.0,0
168.0,165.0,120.0,,,Micro ATX Mini Tower,-3.0,0
158.0,68.0,,,,Mini ITX Tower,-90.0,0
82.0,77.0,,3,360.0,Mini ITX Tower,-5.0,0
54.0,167.0,120.0,3,360.0,ATX Mid Tower,113.0,1
135.0,170.0,,,,ATX Mid Tower,35.0,1
130.0,67.0,,,,Mini ITX Tower,-63.0,0
60.0,175.0,120.0,3,360.0,Micro ATX Mid Tower,115.0,1
26.0,170.0,,,,ATX Mid Tower,144.0,1
165.0,120.0,,,,Mini ITX Tower,-45.0,0
155.0,70.0,,,,Mini ITX Tower,-85.0,0
136.0,61.0,,,,Mini ITX Tower,-75.0,0
45.0,159.0,120.0,2,240.0,Micro ATX Mini Tower,114.0,1
90.0,191.0,,,,ATX Full Tower,101.0,1
186.0,165.0,120.0,3,360.0,ATX Mid Tower,-21.0,0
138.0,160.0,,,,ATX Mid Tower,22.0,1
165.0,70.0,,,,HTPC,-95.0,0
172.0,155.0,,,,ATX Mid Tower,-17.0,0
47.0,190.0,,,,ATX Mid Tower,143.0,1
143.0,120.0,,,,Mini ITX Tower,-23.0,0
155.0,47.0,120.0,,,Micro ATX Desktop,-108.0,0
141.0,185.0,,,,ATX Mid Tower,44.0,1
154.0,160.0,,,,ATX Mid Tower,6.0,1
158.0,61.0,,,,Mini ITX Tower,-97.0,0
47.0,165.0,,,,ATX Mid Tower,118.0,1
148.0,170.0,,,,EATX Mid Tower,22.0,1
156.0,155.0,,,,Micro ATX Mini Tower,-1.0,0
154.0,130.0,120.0,2,,Mini ITX Tower,-24.0,0
86.4,160.0,120.0,3,360.0,ATX Mid Tower,73.6,1
60.0,50.0,,,360.0,Mini ITX Tower,-10.0,0
164.0,160.0,,,,ATX Mid Tower,-4.0,0
15.0,185.0,,,,ATX Mid Tower,170.0,1
154.0,210.0,,,,Mini ITX Tower,56.0,1
165.0,160.0,,,,ATX Mid Tower,-5.0,0
159.0,148.0,,,,Micro ATX Mini Tower,-11.0,0
162.0,65.0,135.0,2,,Mini ITX Tower,-97.0,0
397.0,165.0,120.0,3,360.0,Micro ATX Mini Tower,-232.0,0
150.0,180.0,,,,ATX Mid Tower,30.0,1
59.0,175.0,,,,ATX Full Tower,116.0,1
171.0,170.0,,,,ATX Full Tower,-1.0,0
160.0,140.0,,,,Micro ATX Mini Tower,-20.0,0
159.0,140.0,120.0,1,,Mini ITX Tower,-19.0,0
155.0,190.0,,,,ATX Full Tower,35.0,1
148.0,58.0,,,,HTPC,-90.0,0
129.0,183.0,,,,ATX Mid Tower,54.0,1
161.0,61.0,,,,Mini ITX Tower,-100.0,0
82.0,47.0,,,,Micro ATX Desktop,-35.0,0
158.0,186.0,,,,ATX Full Tower,28.0,1
133.0,55.0,,,,Mini ITX Tower,-78.0,0
158.0,90.0,,,,Micro ATX Desktop,-68.0,0
53.0,190.0,,,360.0,ATX Mid Tower,137.0,1
154.0,77.0,,,,Mini ITX Tower,-77.0,0
77.0,70.0,,,,HTPC,-7.0,0
155.0,210.0,,,,Mini ITX Tower,55.0,1
158.0,155.0,,,,ATX Mid Tower,-3.0,0
160.0,45.0,,,,Mini ITX Tower,-115.0,0
136.0,185.0,,,,Micro ATX Mid Tower,49.0,1
150.0,65.0,,,,Micro ATX Mini Tower,-85.0,0
150.0,173.0,,,,ATX Mid Tower,23.0,1
170.0,184.0,,,,ATX Mid Tower,14.0,1
163.0,155.0,,,,Micro ATX Mid Tower,-8.0,0
159.0,151.0,,,,ATX Mid Tower,-8.0,0
160.0,157.0,,,,ATX Mid Tower,-3.0,0
157.0,47.0,,,,Micro ATX Desktop,-110.0,0
112.0,162.0,,,,ATX Mid Tower,50.0,1
161.0,160.0,,,,ATX Mid Tower,-1.0,0
158.0,57.0,,,,Micro ATX Desktop,-101.0,0
130.0,160.0,,,,Micro ATX Mid Tower,30.0,1
155.0,150.0,,,,ATX Mid Tower,-5.0,0
157.0,138.0,,,,HTPC,-19.0,0
158.0,95.0,,,,ATX Mid Tower,-63.0,0
160.0,65.0,,,,Mini ITX Tower,-95.0,0
130.0,120.0,,,,Mini ITX Tower,-10.0,0
154.0,65.0,,,,HTPC,-89.0,0
157.0,155.0,120.0,2,,ATX Mid Tower,-2.0,0
79.0,65.0,,,,Mini ITX Tower,-14.0,0
84.0,210.0,,,,ATX Mid Tower,126.0,1
73.0,165.0,120.0,2,240.0,ATX Mid Tower,92.0,1
131.0,70.0,,,,Mini ITX Tower,-61.0,0
164.0,185.0,,,,ATX Mid Tower,21.0,1
155.0,163.0,120.0,2,,ATX Mid Tower,8.0,1
60.0,182.0,,,240.0,ATX Mid Tower,122.0,1
65.0,185.0,,,,ATX Full Tower,120.0,1
157.0,155.0,,,,ATX Mid Tower,-2.0,0
166.0,165.0,,,,Micro ATX Mini Tower,-1.0,0
157.0,65.0,120.0,2,,Mini ITX Tower,-92.0,0
158.0,158.75,,,,ATX Mid Tower,0.75,1
159.0,155.0,,,,Micro ATX Mid Tower,-4.0,0
61.85,165.0,120.0,3,360.0,Micro ATX Mini Tower,103.15,1
165.0,157.0,,,,ATX Mid Tower,-8.0,0
45.0,190.0,,,,ATX Mid Tower,145.0,1
150.0,140.0,,,,Mini ITX Tower,-10.0,0
170.0,160.0,,,,ATX Mid Tower,-10.0,0
60.0,169.0,,,,ATX Mid Tower,109.0,1
163.0,75.0,,,,Mini ITX Tower,-88.0,0
54.0,187.0,,,360.0,ATX Mid Tower,133.0,1
162.0,75.0,,,,Micro ATX Mini Tower,-87.0,0
62.0,48.0,,,240.0,Mini ITX Tower,-14.0,0
162.0,178.0,,,,,16.0,1
157.0,61.0,,,,Mini ITX Tower,-96.0,0
154.0,146.0,,,,HTPC,-8.0,0
156.0,155.0,,,,ATX Mid Tower,-1.0,0
155.0,150.0,,,,Micro ATX Mini Tower,-5.0,0
169.0,195.0,,,,ATX Full Tower,26.0,1
166.0,160.0,,,,ATX Mid Tower,-6.0,0
30.0,162.0,120.0,2,240.0,Micro ATX Mid Tower,132.0,1
155.0,150.0,,,,ATX Mid Tower,-5.0,0
157.0,167.0,,,,ATX Mid Tower,10.0,1
154.0,75.0,,,,Mini ITX Tower,-79.0,0
68.0,182.0,,,240.0,ATX Full Tower,114.0,1
158.0,156.0,120.0,2,,ATX Mid Tower,-2.0,0
64.0,176.0,,,360.0,ATX Full Tower,112.0,1
154.0,164.0,,,,ATX Mid Tower,10.0,1
28.0,170.0,,,,ATX Mid Tower,142.0,1
158.0,180.0,,,,ATX Mid Tower,22.0,1
151.0,114.0,,,,Mini ITX Tower,-37.0,0
86.4,180.0,120.0,3,360.0,ATX Mid Tower,93.6,1
166.0,165.0,,,,ATX Mid Tower,-1.0,0
51.0,175.0,90.0,1,,ATX Mid Tower,124.0,1
155.0,160.0,,,,Micro ATX Mini Tower,5.0,1
157.0,180.0,,,,ATX Mid Tower,23.0,1
159.0,67.0,,,,Mini ITX Tower,-92.0,0
65.0,180.0,,,360.0,ATX Mid Tower,115.0,1
161.0,160.0,,,,ATX Mid Tower,-1.0,0
154.0,65.0,120.0,2,,Micro ATX Mini Tower,-89.0,0
166.0,160.0,,,,ATX Mid Tower,-6.0,0
47.0,175.0,,,,ATX Mid Tower,128.0,1
150.0,120.0,120.0,2,240.0,Mini ITX Tower,-30.0,0
59.0,185.0,,,360.0,ATX Mid Tower,126.0,1
75.0,47.0,,,,Micro ATX Desktop,-28.0,0
158.0,167.0,,,,Mini ITX Tower,9.0,1
135.0,160.0,,,,ATX Mid Tower,25.0,1
57.0,160.0,,,240.0,Micro ATX Mini Tower,103.0,1
69.0,187.0,,,360.0,Micro ATX Mini Tower,118.0,1
66.0,61.0,120.0,3,360.0,Mini ITX Tower,-5.0,0
166.0,155.0,120.0,,,ATX Mid Tower,-11.0,0
161.0,150.0,,,,ATX Mid Tower,-11.0,0
59.0,190.0,,,240.0,ATX Full Tower,131.0,1
186.0,161.0,120.0,3,360.0,ATX Mid Tower,-25.0,0
164.0,155.0,,,,Micro ATX Mini Tower,-9.0,0
154.0,70.0,,,,Mini ITX Tower,-84.0,0
60.0,185.0,140.0,,280.0,ATX Mid Tower,125.0,1
162.0,170.0,,,,ATX Mid Tower,8.0,1
42.0,170.0,,,360.0,ATX Mid Tower,128.0,1
167.0,165.0,,,,Micro ATX Mini Tower,-2.0,0
53.0,173.0,120.0,2,240.0,ATX Mid Tower,120.0,1
155.0,170.0,,,,ATX Mid Tower,15.0,1
160.0,155.0,,,,Mini ITX Tower,-5.0,0
65.0,170.0,420.0,1,420.0,ATX Mid Tower,105.0,1
158.0,155.0,,,,ATX Mid Tower,-3.0,0
118.0,182.0,120.0,3,360.0,ATX Full Tower,64.0,1
159.0,156.0,,,,ATX Mid Tower,-3.0,0
166.0,160.0,,,,ATX Mid Tower,-6.0,0
169.0,165.0,,,,ATX Mid Tower,-4.0,0
153.0,200.0,,,,ATX Full Tower,47.0,1
101.0,170.0,120.0,3,360.0,ATX Mid Tower,69.0,1
145.0,61.0,,,,Mini ITX Tower,-84.0,0
153.0,210.0,,,,Micro ATX Mini Tower,57.0,1
152.0,170.0,,,,ATX Mid Tower,18.0,1
116.0,165.0,,,,ATX Mid Tower,49.0,1
166.0,166.0,,,,ATX Mid Tower,0.0,1
165.0,85.0,,,,Mini ITX Tower,-80.0,0
153.0,45.0,,,,Mini ITX Tower,-108.0,0
154.0,70.0,,,,Mini ITX Tower,-84.0,0
150.0,187.0,,,,ATX Mid Tower,37.0,1
155.0,168.0,,,,ATX Mid Tower,13.0,1
55.0,165.0,,,240.0,ATX Mid Tower,110.0,1
158.0,157.0,,,,ATX Mid Tower,-1.0,0
156.0,161.0,,,,ATX Mid Tower,5.0,1
135.0,165.0,,,,ATX Mid Tower,30.0,1
155.0,145.0,,,,ATX Mid Tower,-10.0,0
169.0,165.0,,,,ATX Full Tower,-4.0,0
160.0,155.0,,,,Micro ATX Mini Tower,-5.0,0
69.0,61.0,,,,Mini ITX Tower,-8.0,0
153.0,95.0,,,,ATX Mid Tower,-58.0,0
89.8,162.0,120.0,3,360.0,ATX Mid Tower,72.2,1
110.0,185.0,,,,ATX Full Tower,75.0,1
160.0,155.0,,,,ATX Full Tower,-5.0,0
146.0,48.0,,,,Mini ITX Tower,-98.0,0
54.0,180.0,,,360.0,ATX Mid Tower,126.0,1
159.0,140.0,,,,Mini ITX Tower,-19.0,0
152.0,55.0,,,,Mini ITX Tower,-97.0,0
170.0,165.0,,,,Micro ATX Mini Tower,-5.0,0
47.0,185.0,,,240.0,ATX Mid Tower,138.0,1
154.0,182.0,,,,Mini ITX Tower,28.0,1
143.0,70.0,,,,HTPC,-73.0,0
52.0,160.0,,,240.0,ATX Mid Tower,108.0,1
157.0,155.0,,,,ATX Mid Tower,-2.0,0
123.0,165.0,,,,ATX Mid Tower,42.0,1
165.0,160.0,,,,ATX Mid Tower,-5.0,0
153.0,150.0,,,,ATX Mid Tower,-3.0,0
84.0,160.0,,,,ATX Mid Tower,76.0,1
158.0,154.0,,,,Micro ATX Mid Tower,-4.0,0
68.0,167.0,,,360.0,Micro ATX Mini Tower,99.0,1
165.0,175.0,,,,ATX Mid Tower,10.0,1
53.0,170.0,95.0,1,,Micro ATX Mid Tower,117.0,1
137.0,70.0,120.0,,360.0,HTPC,-67.0,0
65.0,58.0,,,360.0,HTPC,-7.0,0
158.0,175.0,,,,ATX Mid Tower,17.0,1
125.0,190.0,,,,ATX Mid Tower,65.0,1
46.0,161.0,120.0,3,360.0,ATX Mid Tower,115.0,1
77.0,193.0,,,,ATX Full Tower,116.0,1
126.0,70.0,,,,Mini ITX Tower,-56.0,0
157.0,170.0,,,,ATX Mid Tower,13.0,1
160.0,83.0,,,,Mini ITX Tower,-77.0,0
50.0,160.0,,,360.0,ATX Mid Tower,110.0,1
158.0,68.0,,,,Mini ITX Tower,-90.0,0
27.0,159.0,,,,Micro ATX Mid Tower,132.0,1
145.0,70.0,,,,Mini ITX Tower,-75.0,0
91.0,163.0,120.0,3,360.0,ATX Mid Tower,72.0,1
118.0,210.0,120.0,3,360.0,Mini ITX Tower,92.0,1
69.0,165.0,140.0,2,280.0,Micro ATX Mini Tower,96.0,1
62.0,170.0,,,240.0,ATX Mid Tower,108.0,1
26.0,85.0,,,,Mini ITX Tower,59.0,1
169.0,167.0,120.0,2,,ATX Mid Tower,-2.0,0
90.0,188.0,,,120.0,ATX Mid Tower,98.0,1
158.0,155.0,,,,Micro ATX Mid Tower,-3.0,0
65.0,164.0,,,360.0,Micro ATX Mini Tower,99.0,1
165.0,55.0,,,,Mini ITX Tower,-110.0,0
135.0,68.0,,,,Mini ITX Tower,-67.0,0
156.0,155.0,,,,Mini ITX Tower,-1.0,0
165.0,75.0,,,,Mini ITX Tower,-90.0,0
172.0,170.0,,,,ATX Mid Tower,-2.0,0
53.0,50.0,120.0,2,240.0,Mini ITX Tower,-3.0,0
167.0,70.0,,,,HTPC,-97.0,0
170.0,138.0,,,,HTPC,-32.0,0
126.0,114.0,,,,Mini ITX Tower,-12.0,0
165.0,160.0,,,,ATX Mid Tower,-5.0,0
152.0,150.0,,,,ATX Mid Tower,-2.0,0
49.0,167.0,,,420.0,ATX Mid Tower,118.0,1
155.0,75.0,,,,Mini ITX Tower,-80.0,0
166.0,165.0,,,,ATX Mid Tower,-1.0,0
171.0,180.0,,,,EATX Mid Tower,9.0,1
155.0,154.0,,,,Micro ATX Mid Tower,-1.0,0
165.0,160.0,,,,ATX Mid Tower,-5.0,0
66.0,45.0,,,360.0,Mini ITX Tower,-21.0,0
125.0,57.0,,,,Mini ITX Tower,-68.0,0
116.0,70.0,140.0,2,280.0,Mini ITX Tower,-46.0,0
155.0,164.0,,,,Micro ATX Mini Tower,9.0,1
158.0,57.0,,,,Mini ITX Tower,-101.0,0
157.0,61.0,,,,Mini ITX Tower,-96.0,0
135.0,165.0,,,,Micro ATX Mini Tower,30.0,1
165.0,155.0,,,,Micro ATX Mini Tower,-10.0,0
162.0,156.0,,,,ATX Mid Tower,-6.0,0
100.0,75.0,,,,Mini ITX Tower,-25.0,0
165.0,70.0,,,,Mini ITX Tower,-95.0,0
158.0,180.0,,,,ATX Mid Tower,22.0,1
162.0,155.0,,,,ATX Mid Tower,-7.0,0
130.0,190.0,,,,Mini ITX Tower,60.0,1
125.0,61.0,,,,Mini ITX Tower,-64.0,0
63.0,190.0,,,,ATX Mid Tower,127.0,1
155.0,180.0,,,,ATX Mid Tower,25.0,1
155.0,170.0,120.0,1,,ATX Mid Tower,15.0,1
165.0,155.0,,,,ATX Mid Tower,-10.0,0
150.0,148.0,,,,Micro ATX Mini Tower,-2.0,0
68.0,170.0,,,360.0,ATX Mid Tower,102.0,1
52.0,200.0,,,120.0,ATX Full Tower,148.0,1
168.0,166.0,120.0,,,ATX Mid Tower,-2.0,0
158.0,190.0,,,,ATX Full Tower,32.0,1
141.0,184.0,,,,ATX Mid Tower,43.0,1
157.0,165.0,,,,ATX Mid Tower,8.0,1
172.0,166.0,,,,ATX Mid Tower,-6.0,0
158.0,155.0,,,,Micro ATX Mid Tower,-3.0,0
169.0,172.0,120.0,2,,ATX Mid Tower,3.0,1
69.0,68.0,140.0,3,420.0,Mini ITX Tower,-1.0,0
157.0,150.0,,,,ATX Mid Tower,-7.0,0
166.0,65.0,,,,Micro ATX Mini Tower,-101.0,0
162.0,83.0,,,,Mini ITX Tower,-79.0,0
155.0,48.0,120.0,1,,Mini ITX Tower,-107.0,0
163.0,160.0,,,,ATX Mid Tower,-3.0,0
154.0,170.0,120.0,2,,ATX Mid Tower,16.0,1
60.0,166.0,140.0,3,420.0,ATX Mid Tower,106.0,1
142.0,140.0,,,,Mini ITX Tower,-2.0,0
163.0,170.0,,,,ATX Mid Tower,7.0,1
123.0,180.0,,,,ATX Mid Tower,57.0,1
155.0,165.0,,,,ATX Mid Tower,10.0,1
153.0,150.0,,,,Micro ATX Mini Tower,-3.0,0
150.0,180.0,,,,ATX Mid Tower,30.0,1
162.0,155.0,,,,ATX Mid Tower,-7.0,0
158.0,160.0,,,,ATX Mid Tower,2.0,1
160.0,61.0,,,,Mini ITX Tower,-99.0,0
154.0,145.0,,,,ATX Mid Tower,-9.0,0
58.0,165.0,,,240.0,Mini ITX Tower,107.0,1
61.85,190.0,120.0,3,360.0,ATX Mid Tower,128.15,1
60.0,180.0,140.0,2,280.0,ATX Mid Tower,120.0,1
158.0,180.0,,,,ATX Mid Tower,22.0,1
155.0,166.0,,,,ATX Mid Tower,11.0,1
159.0,67.0,,,,Mini ITX Tower,-92.0,0
169.0,138.0,,,,HTPC,-31.0,0
158.0,155.0,,,,Micro ATX Mid Tower,-3.0,0
155.0,75.0,,,,Micro ATX Mini Tower,-80.0,0
157.0,165.0,,,,ATX Mid Tower,8.0,1
150.0,146.0,,,,ATX Mid Tower,-4.0,0
159.0,85.0,,,,Mini ITX Tower,-74.0,0
158.0,155.0,,,,Micro ATX Mid Tower,-3.0,0
165.0,200.0,,,,Mini ITX Tower,35.0,1
27.0,185.0,,,,ATX Mid Tower,158.0,1
159.0,165.0,,,,ATX Mid Tower,6.0,1
155.0,148.0,120.0,2,,Micro ATX Mini Tower,-7.0,0
135.0,70.0,92.0,,,Mini ITX Tower,-65.0,0
56.0,200.0,,,,ATX Full Tower,144.0,1
156.0,150.0,,,,Micro ATX Mini Tower,-6.0,0
63.0,160.0,,,360.0,ATX Mid Tower,97.0,1
170.0,140.0,,,,Micro ATX Mini Tower,-30.0,0
170.0,164.0,,,,Micro ATX Desktop,-6.0,0
160.0,68.0,,,,Mini ITX Tower,-92.0,0
158.0,170.0,,,,ATX Mid Tower,12.0,1
65.0,190.0,,,360.0,ATX Mid Tower,125.0,1
110.0,38.0,,,,Mini ITX Tower,-72.0,0
151.0,70.0,,,,HTPC,-81.0,0
70.0,155.0,,,,ATX Mid Tower,85.0,1
52.0,65.0,120.0,2,240.0,Micro ATX Mini Tower,13.0,1
159.0,150.0,,,,ATX Mid Tower,-9.0,0
157.0,48.0,,,,Mini ITX Tower,-109.0,0
158.0,70.0,,,,HTPC,-88.0,0
158.0,57.0,120.0,2,,Mini ITX Tower,-101.0,0
155.0,82.0,,,,Micro ATX Mini Tower,-73.0,0
110.0,45.0,,,,Mini ITX Tower,-65.0,0
397.0,160.0,120.0,3,360.0,ATX Mid Tower,-237.0,0
78.0,195.0,,,360.0,ATX Full Tower,117.0,1
42.0,180.0,,,360.0,ATX Mid Tower,138.0,1
65.0,167.0,280.0,1,280.0,ATX Mid Tower,102.0,1
148.0,85.0,,,,Mini ITX Tower,-63.0,0
155.0,154.0,,,,Micro ATX Mid Tower,-1.0,0
77.0,160.0,,,,Micro ATX Mini Tower,83.0,1
65.0,185.0,420.0,1,420.0,ATX Mid Tower,120.0,1
46.0,175.0,120.0,3,360.0,Micro ATX Mini Tower,129.0,1
134.0,160.0,,,,ATX Mid Tower,26.0,1
159.0,170.0,,,,ATX Mid Tower,11.0,1
47.0,195.0,,,,ATX Mid Tower,148.0,1
160.0,146.0,,,,HTPC,-14.0,0
157.0,75.0,,,,Micro ATX Mini Tower,-82.0,0
60.0,180.0,120.0,2,240.0,ATX Full Tower,120.0,1
160.0,55.0,,,,Mini ITX Tower,-105.0,0
47.0,173.0,,,240.0,ATX Mid Tower,126.0,1
155.0,160.0,,,,ATX Mid Tower,5.0,1
94.5,167.0,120.0,1,,ATX Mid Tower,72.5,1
163.0,160.0,,,,Micro ATX Mid Tower,-3.0,0
160.0,155.0,,,,Micro ATX Mid Tower,-5.0,0
150.0,58.0,,,,HTPC,-92.0,0
153.0,70.0,,,,HTPC,-83.0,0
159.0,170.0,,,,ATX Mid Tower,11.0,1
68.5,165.0,120.0,3,360.0,Micro ATX Mini Tower,96.5,1
169.0,168.0,120.0,2,,ATX Mid Tower,-1.0,0
157.0,156.0,,,,ATX Mid Tower,-1.0,0
134.0,190.0,,,,ATX Full Tower,56.0,1
60.0,159.0,120.0,3,360.0,Micro ATX Mini Tower,99.0,1
135.0,190.0,,,,ATX Mid Tower,55.0,1
82.0,170.0,,,,Micro ATX Mini Tower,88.0,1
156.0,67.0,,,,Mini ITX Tower,-89.0,0
118.0,170.0,120.0,,,Micro ATX Mini Tower,52.0,1
60.0,162.0,,,360.0,ATX Mid Tower,102.0,1
52.0,175.0,,,360.0,ATX Mid Tower,123.0,1
78.0,175.0,,,,EATX Full Tower,97.0,1
163.0,175.0,,,,ATX Mid Tower,12.0,1
49.0,210.0,,,360.0,Micro ATX Mid Tower,161.0,1
58.0,170.0,,,240.0,ATX Mid Tower,112.0,1
168.0,165.0,,,,Micro ATX Mini Tower,-3.0,0
58.0,170.0,,,360.0,ATX Mid Tower,112.0,1
63.0,164.0,,,360.0,ATX Mid Tower,101.0,1
160.0,50.0,,,,Mini ITX Tower,-110.0,0
68.0,190.0,140.0,2,280.0,ATX Full Tower,122.0,1
162.0,156.0,,,,ATX Mid Tower,-6.0,0
158.0,83.0,,,,Mini ITX Tower,-75.0,0
155.0,170.0,,,,ATX Mid Tower,15.0,1
160.0,185.0,,,,ATX Full Tower,25.0,1
101.0,200.0,120.0,2,240.0,Mini ITX Tower,99.0,1
160.0,158.0,,,,ATX Mid Tower,-2.0,0
46.0,172.0,120.0,3,360.0,ATX Mid Tower,126.0,1
100.0,170.0,,,360.0,ATX Mid Tower,70.0,1
160.0,165.0,,,,Micro ATX Mid Tower,5.0,1
157.0,187.0,,,,ATX Mid Tower,30.0,1
158.0,70.0,,,,HTPC,-88.0,0
158.0,156.0,,,,ATX Mid Tower,-2.0,0
145.0,120.0,,,,Mini ITX Tower,-25.0,0
69.0,188.0,,,,ATX Mid Tower,119.0,1
52.0,165.0,,,120.0,Micro ATX Mini Tower,113.0,1
160.0,162.0,,,,ATX Mid Tower,2.0,1
150.0,148.0,,,,ATX Mid Tower,-2.0,0
165.0,160.0,,,,ATX Mid Tower,-5.0,0
149.0,172.0,,,,Mini ITX Tower,23.0,1
159.0,200.0,,,,Mini ITX Tower,41.0,1
152.0,173.0,,,,ATX Mid Tower,21.0,1
155.0,81.0,,,,Micro ATX Slim Tower,-74.0,0
60.0,45.0,120.0,2,240.0,Mini ITX Tower,-15.0,0
158.0,65.0,,,,Mini ITX Tower,-93.0,0
158.0,120.0,,,,Mini ITX Tower,-38.0,0
160.0,77.0,,,,Mini ITX Tower,-83.0,0
17.0,170.0,,,,Micro ATX Mid Tower,153.0,1
155.0,90.0,,,,Micro ATX Desktop,-65.0,0
136.0,175.0,,,,Micro ATX Mid Tower,39.0,1
163.0,190.0,,,,ATX Mid Tower,27.0,1
152.0,190.0,,,,ATX Mid Tower,38.0,1
158.0,45.0,,,,Mini ITX Tower,-113.0,0
53.0,180.5,,,360.0,EATX Mid Tower,127.5,1
152.0,170.0,,,,ATX Mid Tower,18.0,1
155.0,180.0,,,,ATX Mid Tower,25.0,1
142.0,67.0,,,,Mini ITX Tower,-75.0,0
155.0,77.0,,,,Mini ITX Tower,-78.0,0
61.85,170.0,120.0,3,360.0,ATX Mid Tower,108.15,1
155.0,180.0,,,,ATX Mid Tower,25.0,1
135.0,162.0,,,,ATX Mid Tower,27.0,1
150.0,148.0,,,,Micro ATX Mini Tower,-2.0,0
163.0,160.0,,,,ATX Mid Tower,-3.0,0
51.0,175.0,,,240.0,ATX Mid Tower,124.0,1
169.0,165.0,,,,ATX Mid Tower,-4.0,0
161.0,160.0,,,,ATX Mid Tower,-1.0,0
168.0,165.0,,,,ATX Mid Tower,-3.0,0
159.0,145.0,,,,ATX Mid Tower,-14.0,0
159.0,175.0,,,,ATX Mid Tower,16.0,1
160.0,70.0,,,,HTPC,-90.0,0
156.0,155.0,,,,ATX Mid Tower,-1.0,0
154.0,81.0,,,,Micro ATX Slim Tower,-73.0,0
54.0,210.0,,,240.0,ATX Mid Tower,156.0,1
118.0,70.0,120.0,3,360.0,HTPC,-48.0,0
155.0,58.0,,,,HTPC,-97.0,0
159.0,170.0,,,,Micro ATX Mid Tower,11.0,1
60.0,155.0,120.0,,240.0,Micro ATX Mid Tower,95.0,1
154.0,70.0,,,,HTPC,-84.0,0
52.0,165.0,120.0,3,360.0,ATX Mid Tower,113.0,1
159.0,77.0,,,,HTPC,-82.0,0
162.0,70.0,135.0,2,,Mini ITX Tower,-92.0,0
94.0,68.0,120.0,3,360.0,Mini ITX Tower,-26.0,0
166.0,70.0,,,,Mini ITX Tower,-96.0,0
159.0,55.0,,,,Mini ITX Tower,-104.0,0
163.0,161.0,120.0,,,ATX Mid Tower,-2.0,0
155.0,114.0,,,,Mini ITX Tower,-41.0,0
156.0,114.0,,,,Mini ITX Tower,-42.0,0
165.0,156.0,,,,ATX Mid Tower,-9.0,0
121.0,180.0,,,,ATX Mid Tower,59.0,1
56.0,170.0,120.0,2,240.0,ATX Mid Tower,114.0,1
152.0,160.0,120.0,1,,ATX Mid Tower,8.0,1
53.0,162.0,,,240.0,ATX Mid Tower,109.0,1
52.0,190.0,,,,ATX Full Tower,138.0,1
171.0,170.0,,,,Micro ATX Mini Tower,-1.0,0
160.0,180.0,,,,ATX Mid Tower,20.0,1
154.0,185.0,,,,EATX Mid Tower,31.0,1
47.0,160.0,,,,ATX Mid Tower,113.0,1
154.0,77.0,,,,Mini ITX Tower,-77.0,0
59.0,83.0,,,360.0,Mini ITX Tower,24.0,1
166.0,163.0,120.0,,,ATX Mid Tower,-3.0,0
162.0,160.0,,,,ATX Mid Tower,-2.0,0
54.0,170.0,,,360.0,ATX Mid Tower,116.0,1
155.0,70.0,120.0,2,,Mini ITX Tower,-85.0,0
150.0,67.0,,,,Mini ITX Tower,-83.0,0
159.0,190.0,120.0,1,,EATX Mid Tower,31.0,1
125.0,162.0,120.0,,,Micro ATX Mid Tower,37.0,1
160.0,150.0,,,,Micro ATX Mini Tower,-10.0,0
160.0,170.0,,,,Mini ITX Tower,10.0,1
52.0,165.0,120.0,3,360.0,ATX Mid Tower,113.0,1
84.0,55.0,,,,Mini ITX Tower,-29.0,0
155.0,178.0,120.0,,,ATX Mid Tower,23.0,1
154.0,151.0,,,,Micro ATX Mini Tower,-3.0,0
168.0,162.0,120.0,,,ATX Mid Tower,-6.0,0
65.0,175.0,120.0,3,360.0,Micro ATX Mini Tower,110.0,1
166.0,166.0,,,,ATX Mid Tower,0.0,1
158.0,170.0,,,,ATX Mid Tower,12.0,1
75.0,160.0,,,,ATX Mid Tower,85.0,1
166.0,160.0,,,,ATX Mid Tower,-6.0,0
166.0,160.0,,,,ATX Mid Tower,-6.0,0
52.0,165.0,140.0,2,280.0,Micro ATX Mini Tower,113.0,1
155.0,150.0,,,,Micro ATX Mid Tower,-5.0,0
70.0,61.0,,,,Mini ITX Tower,-9.0,0
76.0,160.0,,,,ATX Mid Tower,84.0,1
160.0,163.5,,,,Micro ATX Mid Tower,3.5,1
164.0,155.0,,,,Micro ATX Mid Tower,-9.0,0
151.0,61.0,,,,Mini ITX Tower,-90.0,0
67.0,161.0,,,,ATX Mid Tower,94.0,1
155.0,174.0,,,,ATX Mid Tower,19.0,1
151.0,185.0,120.0,2,,ATX Full Tower,34.0,1
159.0,168.0,,,,ATX Mid Tower,9.0,1
130.0,85.0,,,,Mini ITX Tower,-45.0,0
154.0,167.0,,,,ATX Mid Tower,13.0,1
65.0,167.0,,,,EATX Mid Tower,102.0,1
125.0,170.0,,,,ATX Mid Tower,45.0,1
150.0,135.0,120.0,2,240.0,Micro ATX Mid Tower,-15.0,0
159.0,70.0,,,,Mini ITX Tower,-89.0,0
160.0,175.0,,,,EATX Full Tower,15.0,1
148.0,67.0,,,,Mini ITX Tower,-81.0,0
116.0,167.0,,,,ATX Mid Tower,51.0,1
159.0,170.0,,,,Micro ATX Mid Tower,11.0,1
155.0,120.0,,,,Mini ITX Tower,-35.0,0
155.0,114.0,,,,Mini ITX Tower,-41.0,0
148.0,173.0,,,,ATX Mid Tower,25.0,1
155.0,193.0,,,,ATX Full Tower,38.0,1
42.0,57.0,,,240.0,Mini ITX Tower,15.0,1
121.0,70.0,120.0,3,360.0,HTPC,-51.0,0
162.0,175.0,,,,ATX Mid Tower,13.0,1
136.0,67.0,90.0,1,,Mini ITX Tower,-69.0,0
62.0,38.0,,,240.0,Mini ITX Tower,-24.0,0
137.0,187.0,120.0,,360.0,Micro ATX Mini Tower,50.0,1
165.0,174.0,,,,ATX Mid Tower,9.0,1
171.0,165.0,,,,Micro ATX Mini Tower,-6.0,0
68.0,185.0,,,360.0,ATX Mid Tower,117.0,1
165.0,170.0,,,,ATX Mid Tower,5.0,1
161.0,155.0,,,,ATX Mid Tower,-6.0,0
165.0,138.0,,,,HTPC,-27.0,0
150.0,160.0,,,,ATX Mid Tower,10.0,1
164.0,160.0,,,,Micro ATX Mid Tower,-4.0,0
137.0,170.0,,,,ATX Mid Tower,33.0,1
164.0,154.0,,,,Micro ATX Mid Tower,-10.0,0
160.0,38.0,,,,Mini ITX Tower,-122.0,0
68.0,185.0,,,240.0,Micro ATX Desktop,117.0,1
157.0,148.0,,,,Micro ATX Mid Tower,-9.0,0
144.0,47.0,,,,Micro ATX Desktop,-97.0,0
71.0,185.0,,,,ATX Full Tower,114.0,1
154.0,82.0,,,,Micro ATX Desktop,-72.0,0
110.0,163.5,,,,Micro ATX Mini Tower,53.5,1
123.0,160.0,,,,Micro ATX Mini Tower,37.0,1
152.0,83.0,,,,Mini ITX Tower,-69.0,0
162.0,180.0,,,,ATX Mid Tower,18.0,1
165.0,175.0,,,,ATX Mid Tower,10.0,1
125.0,163.5,,,360.0,Micro ATX Mini Tower,38.5,1
136.0,83.0,,,,Mini ITX Tower,-53.0,0
148.0,170.0,,,,Micro ATX Mid Tower,22.0,1
159.0,148.0,,,,Micro ATX Mid Tower,-11.0,0
165.0,160.0,,,,ATX Mid Tower,-5.0,0
165.0,161.0,,,,Micro ATX Mid Tower,-4.0,0
53.0,48.0,120.0,3,360.0,Mini ITX Tower,-5.0,0
135.0,61.0,,,,Mini ITX Tower,-74.0,0
155.0,163.0,,,,ATX Mid Tower,8.0,1
158.0,145.0,,,,ATX Mid Tower,-13.0,0
163.0,155.0,,,,Micro ATX Mid Tower,-8.0,0
33.0,170.0,,,120.0,ATX Mid Tower,137.0,1
162.0,170.0,,,,ATX Mid Tower,8.0,1
172.0,165.0,,,,ATX Mid Tower,-7.0,0
148.0,165.0,,,,ATX Mid Tower,17.0,1
63.0,178.0,,,360.0,ATX Mid Tower,115.0,1
155.0,167.0,,,,ATX Mid Tower,12.0,1
159.0,155.0,,,,Micro ATX Mid Tower,-4.0,0
164.0,161.0,,,,Micro ATX Mid Tower,-3.0,0
154.0,77.0,120.0,2,,Mini ITX Tower,-77.0,0
160.0,148.0,,,,ATX Mid Tower,-12.0,0
78.0,175.0,120.0,3,360.0,ATX Mid Tower,97.0,1
160.0,148.0,,,,ATX Mid Tower,-12.0,0
161.0,70.0,,,,HTPC,-91.0,0
68.0,83.0,,,,Mini ITX Tower,15.0,1
158.0,160.0,,,,Micro ATX Mid Tower,2.0,1
158.0,85.0,,,,Mini ITX Tower,-73.0,0
136.0,165.0,,,,ATX Mid Tower,29.0,1
70.0,150.0,,,360.0,ATX Mid Tower,80.0,1
160.0,150.0,,,,ATX Mid Tower,-10.0,0
159.0,138.0,,,,HTPC,-21.0,0
52.0,185.0,140.0,2,280.0,ATX Mid Tower,133.0,1
68.0,157.0,,,240.0,ATX Mid Tower,89.0,1
168.0,170.0,,,,ATX Mid Tower,2.0,1
146.0,68.0,,,,Mini ITX Tower,-78.0,0
155.0,82.0,120.0,2,,Micro ATX Mid Tower,-73.0,0
58.0,180.0,,,240.0,ATX Mid Tower,122.0,1
30.0,150.0,,,,ATX Mid Tower,120.0,1
122.0,82.0,,,,Mini ITX Tower,-40.0,0
63.0,165.0,,,,ATX Mid Tower,102.0,1
53.0,180.0,120.0,2,240.0,ATX Mid Tower,127.0,1
56.0,279.0,120.0,3,360.0,ATX Mid Tower,223.0,1
69.0,165.0,,,,ATX Mid Tower,96.0,1
117.0,68.0,,,,Mini ITX Tower,-49.0,0
159.0,140.0,120.0,1,,Micro ATX Mini Tower,-19.0,0
152.0,70.0,,,,HTPC,-82.0,0
89.8,164.0,120.0,3,360.0,ATX Mid Tower,74.2,1
125.0,190.0,120.0,,,ATX Full Tower,65.0,1
53.0,165.0,120.0,3,240.0,Micro ATX Mini Tower,112.0,1
135.0,82.0,,,,Micro ATX Mid Tower,-53.0,0
53.0,176.0,,,,ATX Mid Tower,123.0,1
105.0,150.0,,,360.0,Micro ATX Mid Tower,45.0,1
72.0,170.0,120.0,2,240.0,ATX Mid Tower,98.0,1
165.0,160.0,,,,Micro ATX Mini Tower,-5.0,0
52.0,67.0,140.0,2,280.0,Mini ITX Tower,15.0,1
67.0,175.0,,,,ATX Mid Tower,108.0,1
165.0,50.0,,,,Mini ITX Tower,-115.0,0
65.0,130.0,420.0,1,420.0,Mini ITX Tower,65.0,1
62.0,210.0,,,360.0,Micro ATX Mini Tower,148.0,1
148.0,68.0,,,,Mini ITX Tower,-80.0,0
171.0,163.0,,,,ATX Mid Tower,-8.0,0
150.0,175.0,,,,ATX Mid Tower,25.0,1
169.0,163.0,,,,ATX Mid Tower,-6.0,0
136.0,120.0,,,,Mini ITX Tower,-16.0,0
154.0,82.0,,,,Micro ATX Mini Tower,-72.0,0
165.0,163.0,,,,ATX Mid Tower,-2.0,0
165.0,75.0,,,,Micro ATX Mini Tower,-90.0,0
57.0,167.0,,,,ATX Mid Tower,110.0,1
171.0,155.0,,,,ATX Mid Tower,-16.0,0
167.0,164.0,,,,Micro ATX Desktop,-3.0,0
154.0,68.0,,,,Mini ITX Tower,-86.0,0
162.0,160.0,,,,Micro ATX Mini Tower,-2.0,0
159.0,67.0,,,,Mini ITX Tower,-92.0,0
155.0,65.0,120.0,,,Mini ITX Tower,-90.0,0
160.0,55.0,,,,Mini ITX Tower,-105.0,0
158.0,160.0,,,,Micro ATX Mini Tower,2.0,1
159.0,38.0,,,,Mini ITX Tower,-121.0,0
157.0,170.0,120.0,2,,ATX Mid Tower,13.0,1
154.0,171.0,120.0,2,,ATX Mid Tower,17.0,1
110.0,154.0,,,,Micro ATX Mid Tower,44.0,1
165.0,160.0,,,,ATX Mid Tower,-5.0,0
156.0,190.0,,,,ATX Full Tower,34.0,1
155.0,175.0,,,,ATX Mid Tower,20.0,1
60.0,163.0,120.0,2,240.0,ATX Mid Tower,103.0,1
152.0,150.0,,,,Micro ATX Mini Tower,-2.0,0
69.0,57.0,,,,Mini ITX Tower,-12.0,0
397.0,180.0,120.0,3,360.0,ATX Mid Tower,-217.0,0
157.0,165.0,,,,ATX Mid Tower,8.0,1
152.0,190.0,,,,ATX Full Tower,38.0,1
157.0,210.0,,,,Micro ATX Mini Tower,53.0,1
152.0,61.0,120.0,1,,Mini ITX Tower,-91.0,0
157.0,170.0,,,,EATX Full Tower,13.0,1
86.4,160.0,120.0,3,360.0,ATX Mid Tower,73.6,1
165.0,160.0,,,,ATX Mid Tower,-5.0,0
150.0,168.0,,,,ATX Mid Tower,18.0,1
70.0,160.0,,,280.0,ATX Mid Tower,90.0,1
160.0,70.0,,,,Mini ITX Tower,-90.0,0
154.0,165.0,,,,Micro ATX Mini Tower,11.0,1
28.0,163.0,,,,ATX Mid Tower,135.0,1
152.0,160.0,120.0,1,,ATX Mid Tower,8.0,1
55.0,166.0,,,360.0,ATX Mid Tower,111.0,1
132.0,50.0,,,,Mini ITX Tower,-82.0,0
157.0,70.0,,,,HTPC,-87.0,0
163.0,160.0,,,,ATX Mid Tower,-3.0,0
113.0,158.75,,,,ATX Mid Tower,45.75,1
159.0,155.0,,,,Micro ATX Mid Tower,-4.0,0
60.0,167.0,,,280.0,ATX Mid Tower,107.0,1
45.0,165.0,,,,ATX Mid Tower,120.0,1
154.0,114.0,,,,Mini ITX Tower,-40.0,0
125.0,58.0,,,,HTPC,-67.0,0
131.0,61.0,,,,Mini ITX Tower,-70.0,0
158.0,155.0,,,,ATX Mid Tower,-3.0,0
160.0,158.0,,,,Micro ATX Mini Tower,-2.0,0
155.0,150.0,,,,Micro ATX Mini Tower,-5.0,0
82.0,190.0,,3,360.0,ATX Full Tower,108.0,1
38.0,165.0,,,360.0,ATX Mid Tower,127.0,1
54.0,173.0,,,,ATX Mid Tower,119.0,1
68.0,170.0,,,,ATX Mid Tower,102.0,1
150.0,160.0,,,,ATX Mid Tower,10.0,1
155.0,145.0,,,,ATX Mid Tower,-10.0,0
159.0,165.0,,,,ATX Mid Tower,6.0,1
101.0,180.0,120.0,3,360.0,ATX Mid Tower,79.0,1
152.0,61.0,,,,Mini ITX Tower,-91.0,0
163.0,156.0,,,,Micro ATX Mid Tower,-7.0,0
158.0,155.0,,,,ATX Mid Tower,-3.0,0
162.0,155.0,,,,Micro ATX Mid Tower,-7.0,0
54.0,172.0,,,360.0,Mini ITX Tower,118.0,1
63.0,190.0,,,360.0,ATX Mid Tower,127.0,1
158.0,170.0,,,,Micro ATX Mid Tower,12.0,1
52.0,170.0,,,120.0,ATX Mid Tower,118.0,1
131.0,180.0,,,,HTPC,49.0,1
166.0,162.0,,,,Micro ATX Mid Tower,-4.0,0
68.0,160.0,,,360.0,ATX Mid Tower,92.0,1
60.0,55.0,120.0,2,240.0,Mini ITX Tower,-5.0,0
160.0,156.0,,,,ATX Mid Tower,-4.0,0
150.0,160.0,,,,Micro ATX Mini Tower,10.0,1
45.0,120.0,,,,Mini ITX Tower,75.0,1
54.0,167.0,,,240.0,ATX Mid Tower,113.0,1
172.0,171.0,,,,ATX Mid Tower,-1.0,0
158.0,175.0,,,,ATX Mid Tower,17.0,1
155.0,70.0,,,,HTPC,-85.0,0
153.0,185.0,,,,ATX Mid Tower,32.0,1
165.0,155.0,,,,Micro ATX Mini Tower,-10.0,0
157.0,170.0,,,,ATX Mid Tower,13.0,1
154.0,85.0,,,,Mini ITX Tower,-69.0,0
157.0,155.0,,,,Micro ATX Mini Tower,-2.0,0
49.0,165.0,,,360.0,ATX Mid Tower,116.0,1
77.0,67.0,,,,Mini ITX Tower,-10.0,0
150.0,165.0,,,,ATX Mid Tower,15.0,1
102.0,185.0,120.0,3,360.0,ATX Mid Tower,83.0,1
157.0,198.0,120.0,2,,ATX Full Tower,41.0,1
118.0,180.0,120.0,,,EATX Mid Tower,62.0,1
60.0,156.0,120.0,,240.0,ATX Mid Tower,96.0,1
186.0,150.0,120.0,3,360.0,Micro ATX Mid Tower,-36.0,0
64.0,185.0,,,240.0,ATX Mid Tower,121.0,1
136.0,61.0,,,,Mini ITX Tower,-75.0,0
54.0,190.0,,,240.0,ATX Mid Tower,136.0,1
152.0,170.0,,,,ATX Mid Tower,18.0,1
37.0,180.0,,,,ATX Mid Tower,143.0,1
55.0,165.0,,,,ATX Mid Tower,110.0,1
54.0,77.0,,,360.0,Mini ITX Tower,23.0,1
154.0,172.0,,,,ATX Mid Tower,18.0,1
158.0,154.0,,,,Micro ATX Mid Tower,-4.0,0
60.0,190.0,120.0,3,360.0,ATX Mid Tower,130.0,1
161.0,180.0,120.0,2,,ATX Mid Tower,19.0,1
157.0,185.0,,,,ATX Mid Tower,28.0,1
131.0,67.0,,,,Mini ITX Tower,-64.0,0
158.0,85.0,140.0,2,,Mini ITX Tower,-73.0,0
153.0,167.0,,,,ATX Mid Tower,14.0,1
148.0,180.0,,,,ATX Mid Tower,32.0,1
154.0,183.0,120.0,2,,ATX Mid Tower,29.0,1
53.0,61.0,,,360.0,Mini ITX Tower,8.0,1
56.0,168.0,140.0,2,280.0,ATX Mid Tower,112.0,1
49.0,165.0,,,420.0,Micro ATX Mini Tower,116.0,1
105.0,173.0,,,360.0,ATX Mid Tower,68.0,1
69.0,57.0,,,,Micro ATX Desktop,-12.0,0
158.0,150.0,,,,Micro ATX Mid Tower,-8.0,0
150.0,61.0,,,,Mini ITX Tower,-89.0,0
159.0,158.0,,,,ATX Mid Tower,-1.0,0
160.0,61.0,,,,Mini ITX Tower,-99.0,0
158.0,160.0,,,,Micro ATX Mini Tower,2.0,1
125.0,170.0,,,,ATX Mid Tower,45.0,1
157.0,160.0,,,,Micro ATX Mini Tower,3.0,1
168.0,120.0,120.0,,,Mini ITX Tower,-48.0,0
94.5,164.0,140.0,2,280.0,Micro ATX Desktop,69.5,1
159.0,70.0,,,,Micro ATX Desktop,-89.0,0
160.0,167.0,,,,EATX Mid Tower,7.0,1
52.0,170.0,120.0,1,120.0,ATX Mid Tower,118.0,1
158.0,151.0,,,,ATX Mid Tower,-7.0,0
165.0,155.0,,,,Micro ATX Mid Tower,-10.0,0
158.0,170.0,,,,ATX Mid Tower,12.0,1
65.0,167.0,360.0,1,360.0,ATX Mid Tower,102.0,1
162.0,170.0,,,,ATX Mid Tower,8.0,1
157.0,50.0,,,,Mini ITX Tower,-107.0,0
155.0,140.0,,,,Mini ITX Tower,-15.0,0
157.0,156.0,,,,ATX Mid Tower,-1.0,0
66.0,175.0,,,360.0,EATX Full Tower,109.0,1
168.0,160.0,120.0,,,ATX Mid Tower,-8.0,0
156.0,150.0,,,,ATX Mid Tower,-6.0,0
110.0,210.0,,,,Mini ITX Tower,100.0,1
155.0,85.0,,,,Mini ITX Tower,-70.0,0
155.0,165.0,,,,ATX Mid Tower,10.0,1
153.0,160.0,,,,ATX Mid Tower,7.0,1
136.0,190.0,,,,ATX Mid Tower,54.0,1
164.0,185.0,,,,ATX Mid Tower,21.0,1
163.0,155.0,,,,ATX Mid Tower,-8.0,0
157.0,70.0,,,,Mini ITX Tower,-87.0,0
60.0,170.0,140.0,2,280.0,ATX Mid Tower,110.0,1
159.0,200.0,,,,Mini ITX Tower,41.0,1
100.0,185.0,,,,ATX Mid Tower,85.0,1
166.0,170.0,,,,ATX Mid Tower,4.0,1
158.0,190.0,,,,ATX Full Tower,32.0,1
60.0,185.0,120.0,2,240.0,ATX Mid Tower,125.0,1
67.0,165.0,,,,Micro ATX Mini Tower,98.0,1
161.0,166.0,,,,ATX Mid Tower,5.0,1
158.0,165.0,,,,ATX Mid Tower,7.0,1
150.0,138.0,,,,HTPC,-12.0,0
78.0,70.0,,,,Mini ITX Tower,-8.0,0
54.0,185.0,,,360.0,ATX Full Tower,131.0,1
153.0,185.0,,,,ATX Mid Tower,32.0,1
169.0,75.0,,,,Micro ATX Mini Tower,-94.0,0
155.0,163.0,120.0,2,,ATX Mid Tower,8.0,1
110.0,68.0,,,,Mini ITX Tower,-42.0,0
169.0,155.0,,,,Micro ATX Mini Tower,-14.0,0
166.0,200.0,,,,ATX Full Tower,34.0,1
164.0,155.0,,,,ATX Mid Tower,-9.0,0
160.0,154.0,,,,Micro ATX Mid Tower,-6.0,0
154.0,145.0,,,,ATX Mid Tower,-9.0,0
158.0,145.0,,,,ATX Mid Tower,-13.0,0
37.0,170.0,,,,ATX Mid Tower,133.0,1
60.0,165.0,140.0,,280.0,Micro ATX Mini Tower,105.0,1
157.0,180.0,,,,ATX Mid Tower,23.0,1
154.0,65.0,,,,HTPC,-89.0,0
166.0,165.0,,,,ATX Mid Tower,-1.0,0
158.0,150.0,,,,ATX Mid Tower,-8.0,0
52.0,160.0,120.0,3,360.0,ATX Mid Tower,108.0,1
156.0,160.0,,,,ATX Mid Tower,4.0,1
152.0,70.0,120.0,1,,Mini ITX Tower,-82.0,0
56.0,160.0,,,240.0,ATX Mid Tower,104.0,1
69.0,180.0,,,240.0,ATX Mid Tower,111.0,1
158.0,85.0,,,,Mini ITX Tower,-73.0,0
158.0,180.0,,,,ATX Mid Tower,22.0,1
159.0,158.0,,,,Micro ATX Desktop,-1.0,0
137.0,168.0,120.0,,360.0,ATX Mid Tower,31.0,1
154.0,68.0,,,,Mini ITX Tower,-86.0,0
86.4,170.0,120.0,3,360.0,Micro ATX Mid Tower,83.6,1
80.6,190.0,120.0,2,240.0,ATX Full Tower,109.4,1
154.0,195.0,120.0,2,,ATX Mid Tower,41.0,1
161.0,160.0,,,,ATX Mid Tower,-1.0,0
157.0,150.0,,,,ATX Mid Tower,-7.0,0
156.0,138.0,,,,HTPC,-18.0,0
163.0,150.0,,,,Micro ATX Mini Tower,-13.0,0
157.0,146.0,,,,HTPC,-11.0,0
148.0,166.0,,,,ATX Mid Tower,18.0,1
158.0,85.0,,,,Mini ITX Tower,-73.0,0
30.0,167.0,120.0,2,360.0,ATX Full Tower,137.0,1
159.0,75.0,,,,Mini ITX Tower,-84.0,0
186.0,160.0,120.0,3,360.0,ATX Mid Tower,-26.0,0
162.0,70.0,,,,HTPC,-92.0,0
154.0,83.0,,,,Mini ITX Tower,-71.0,0
154.0,148.0,,,,Micro ATX Mid Tower,-6.0,0
67.0,70.0,,,,HTPC,3.0,1
160.0,155.0,,,,Mini ITX Tower,-5.0,0
156.0,151.0,,,,ATX Mid Tower,-5.0,0
154.0,190.0,120.0,2,,ATX Mid Tower,36.0,1
165.0,160.0,,,,ATX Mid Tower,-5.0,0
77.0,38.0,,,,Mini ITX Tower,-39.0,0
75.0,166.0,,,,ATX Mid Tower,91.0,1
60.0,180.0,,,,ATX Mid Tower,120.0,1
156.0,154.0,,,,Micro ATX Mid Tower,-2.0,0
156.0,85.0,,,,Mini ITX Tower,-71.0,0
65.0,180.0,,,360.0,ATX Mid Tower,115.0,1
160.0,155.0,120.0,1,,Micro ATX Mid Tower,-5.0,0
169.0,165.0,,,,ATX Mid Tower,-4.0,0
157.0,114.0,,,,Mini ITX Tower,-43.0,0
158.0,175.0,,,,ATX Mid Tower,17.0,1
125.0,180.5,,,,EATX Mid Tower,55.5,1
60.0,172.0,,,,ATX Mid Tower,112.0,1
70.0,185.0,,,,ATX Mid Tower,115.0,1
150.0,140.0,,,,Mini ITX Tower,-10.0,0
142.0,190.0,,,,ATX Full Tower,48.0,1
42.0,170.0,,,240.0,ATX Mid Tower,128.0,1
169.0,166.0,,,,Micro ATX Mini Tower,-3.0,0
151.0,140.0,,,,Mini ITX Tower,-11.0,0
158.0,175.0,,,,Mini ITX Tower,17.0,1
124.0,114.0,,,,Mini ITX Tower,-10.0,0
47.0,155.0,,,,Micro ATX Mini Tower,108.0,1
155.0,67.0,,,,Mini ITX Tower,-88.0,0
159.0,180.0,,,,ATX Mid Tower,21.0,1
154.0,175.0,,,,ATX Mid Tower,21.0,1
150.0,170.0,,,,ATX Mid Tower,20.0,1
160.0,187.0,,,,ATX Mid Tower,27.0,1
133.0,170.0,,,,Micro ATX Mini Tower,37.0,1
52.0,165.0,,,240.0,ATX Mid Tower,113.0,1
156.0,175.0,,,,ATX Mid Tower,19.0,1
159.0,155.0,120.0,1,,Micro ATX Mini Tower,-4.0,0
154.0,160.0,120.0,2,,Micro ATX Mini Tower,6.0,1
155.0,70.0,,,,Mini ITX Tower,-85.0,0
163.0,160.0,120.0,,,ATX Mid Tower,-3.0,0
155.0,165.0,,,,ATX Mid Tower,10.0,1
157.0,169.0,,,,ATX Mid Tower,12.0,1
105.0,185.0,,,360.0,ATX Full Tower,80.0,1
60.0,169.0,,,,ATX Full Tower,109.0,1
151.0,160.0,,,,Micro ATX Mid Tower,9.0,1
153.0,146.0,,,,HTPC,-7.0,0
165.0,75.0,,,,Micro ATX Mini Tower,-90.0,0
157.0,170.0,,,,ATX Mid Tower,13.0,1
158.0,162.0,,,,ATX Mid Tower,4.0,1
55.0,170.0,120.0,2,240.0,ATX Mid Tower,115.0,1
162.0,160.0,135.0,2,,ATX Mid Tower,-2.0,0
160.0,120.0,,,,Mini ITX Tower,-40.0,0
69.0,170.0,,,,Micro ATX Mid Tower,101.0,1
157.0,155.0,,,,Mini ITX Tower,-2.0,0
161.0,155.0,120.0,3,360.0,ATX Mid Tower,-6.0,0
145.0,165.0,,,,ATX Mid Tower,20.0,1
125.0,61.0,,,360.0,Mini ITX Tower,-64.0,0
60.0,170.0,,,240.0,ATX Mid Tower,110.0,1
53.0,185.0,120.0,2,240.0,ATX Mid Tower,132.0,1
159.0,150.0,,,,ATX Mid Tower,-9.0,0
160.0,67.0,,,,Mini ITX Tower,-93.0,0
59.0,175.0,,,,ATX Mid Tower,116.0,1
165.0,160.0,,,,ATX Mid Tower,-5.0,0
69.0,174.0,,,,ATX Mid Tower,105.0,1
159.0,150.0,,,,Micro ATX Mid Tower,-9.0,0
23.0,279.0,,,,ATX Mid Tower,256.0,1
155.0,150.0,,,,Micro ATX Mid Tower,-5.0,0
65.0,200.0,,,,ATX Full Tower,135.0,1
67.0,57.0,,,360.0,Mini ITX Tower,-10.0,0
159.0,165.0,120.0,1,,ATX Mid Tower,6.0,1
159.0,140.0,,,,Micro ATX Mini Tower,-19.0,0
41.0,58.0,,,,HTPC,17.0,1
154.0,167.0,,,,ATX Full Tower,13.0,1
123.0,70.0,,,,Mini ITX Tower,-53.0,0
69.0,155.0,,,240.0,ATX Mid Tower,86.0,1
27.0,210.0,,,,ATX Mid Tower,183.0,1
117.0,175.0,,,,ATX Mid Tower,58.0,1
158.0,145.0,,,,ATX Mid Tower,-13.0,0
26.0,175.0,,,,ATX Mid Tower,149.0,1
110.0,156.0,,,,ATX Mid Tower,46.0,1
27.0,160.0,,,,ATX Mid Tower,133.0,1
158.0,188.0,,,,ATX Mid Tower,30.0,1
169.0,70.0,,,,Mini ITX Tower,-99.0,0
397.0,175.0,120.0,3,360.0,Micro ATX Mini Tower,-222.0,0
160.0,155.0,,,,ATX Full Tower,-5.0,0
161.0,159.0,,,,Micro ATX Mini Tower,-2.0,0
53.0,198.0,120.0,3,360.0,ATX Full Tower,145.0,1
155.0,160.0,,,,ATX Mid Tower,5.0,1
166.0,162.0,,,,Micro ATX Mid Tower,-4.0,0
167.0,48.0,,,,Mini ITX Tower,-119.0,0
171.0,163.5,,,,Micro ATX Mini Tower,-7.5,0
159.0,157.0,,,,ATX Mid Tower,-2.0,0
71.0,145.0,,,,ATX Mid Tower,74.0,1
165.0,175.0,,,,ATX Mid Tower,10.0,1
162.0,138.0,,,,HTPC,-24.0,0
162.0,88.2,,,,ATX Mid Tower,-73.8,0
152.0,75.0,,,,Mini ITX Tower,-77.0,0
165.0,190.0,,,,ATX Mid Tower,25.0,1
154.0,85.0,,,,Mini ITX Tower,-69.0,0
155.0,165.0,,,,ATX Mid Tower,10.0,1
125.0,175.0,,,360.0,ATX Mid Tower,50.0,1
158.0,148.0,,,,Micro ATX Mid Tower,-10.0,0
154.0,175.0,,,,ATX Mid Tower,21.0,1
37.0,165.0,,,,ATX Mid Tower,128.0,1
172.0,160.0,,,,ATX Mini Tower,-12.0,0
135.0,61.0,,,,Mini ITX Tower,-74.0,0
62.0,179.0,120.0,3,360.0,ATX Mid Tower,117.0,1
141.0,165.0,,,,ATX Mid Tower,24.0,1
155.0,138.0,,,,HTPC,-17.0,0
63.0,170.0,,,360.0,ATX Mid Tower,107.0,1
81.0,70.0,120.0,3,360.0,Mini ITX Tower,-11.0,0
154.0,58.0,,,,HTPC,-96.0,0
165.0,82.0,,,,Micro ATX Mid Tower,-83.0,0
161.0,160.0,,,,ATX Mid Tower,-1.0,0
172.0,155.0,,,,Mini ITX Tower,-17.0,0
171.0,155.0,,,,Mini ITX Tower,-16.0,0
39.0,175.0,,,,ATX Mid Tower,136.0,1
153.0,135.0,,,,Micro ATX Mid Tower,-18.0,0
70.0,158.0,,,360.0,ATX Full Tower,88.0,1
131.0,170.0,,,,ATX Mid Tower,39.0,1
59.0,180.0,,,240.0,ATX Mid Tower,121.0,1
154.0,185.0,,,,ATX Mid Tower,31.0,1
23.0,150.0,,,,ATX Mid Tower,127.0,1
163.0,148.0,,,,ATX Mid Tower,-15.0,0
171.0,82.0,,,,Mini ITX Tower,-89.0,0
142.0,173.0,,,,ATX Mid Tower,31.0,1
41.0,185.0,,,,ATX Mid Tower,144.0,1
166.0,160.0,120.0,,,Micro ATX Mini Tower,-6.0,0
159.0,150.0,,,,Micro ATX Mid Tower,-9.0,0
155.0,190.0,,,,ATX Mid Tower,35.0,1
158.0,65.0,,,,Micro ATX Mini Tower,-93.0,0
155.0,182.0,,,,ATX Full Tower,27.0,1
157.0,150.0,,,,ATX Mid Tower,-7.0,0
137.0,57.0,120.0,,360.0,Mini ITX Tower,-80.0,0
80.0,75.0,120.0,1,120.0,Micro ATX Mini Tower,-5.0,0
159.0,47.0,,,,Micro ATX Desktop,-112.0,0
170.0,165.0,,,,ATX Mid Tower,-5.0,0
62.0,187.0,,,240.0,ATX Mid Tower,125.0,1
154.0,75.0,,,,Mini ITX Tower,-79.0,0
160.0,45.0,,,,Mini ITX Tower,-115.0,0
150.0,138.0,,,,HTPC,-12.0,0
160.0,77.0,,,,Mini ITX Tower,-83.0,0
160.0,55.0,120.0,2,,Mini ITX Tower,-105.0,0
160.0,68.0,,,,Mini ITX Tower,-92.0,0
154.0,75.0,,,,Mini ITX Tower,-79.0,0
70.0,185.0,,,,ATX Mid Tower,115.0,1
52.0,170.0,,,240.0,ATX Mid Tower,118.0,1
155.0,150.0,120.0,1,,ATX Mid Tower,-5.0,0
158.0,67.0,,,,Mini ITX Tower,-91.0,0
167.0,155.0,,,,ATX Mid Tower,-12.0,0
68.0,160.0,,,,ATX Mid Tower,92.0,1
89.9,70.0,120.0,3,360.0,Mini ITX Tower,-19.9,0
123.0,159.0,,,,Micro ATX Mid Tower,36.0,1
150.0,165.0,,,,EATX Mid Tower,15.0,1
105.0,195.0,,,,ATX Mid Tower,90.0,1
150.0,57.0,,,,Mini ITX Tower,-93.0,0
145.0,67.0,,,,Mini ITX Tower,-78.0,0
121.0,77.0,120.0,3,360.0,Mini ITX Tower,-44.0,0
155.0,145.0,,,,ATX Mid Tower,-10.0,0
53.0,170.0,,,360.0,ATX Mid Tower,117.0,1
155.0,166.0,,,,ATX Mid Tower,11.0,1
158.0,191.0,,,,ATX Full Tower,33.0,1
158.0,70.0,,,,HTPC,-88.0,0
161.0,180.0,,,,ATX Mid Tower,19.0,1
154.0,61.0,,,,Mini ITX Tower,-93.0,0
85.0,166.0,,,360.0,Micro ATX Mini Tower,81.0,1
135.0,165.0,,,,ATX Mid Tower,30.0,1
137.0,65.0,,,,HTPC,-72.0,0
53.0,170.0,95.0,2,,ATX Full Tower,117.0,1
52.0,160.0,140.0,3,420.0,Micro ATX Mid Tower,108.0,1
63.0,150.0,,,,ATX Mid Tower,87.0,1
152.0,135.0,,,,Micro ATX Mid Tower,-17.0,0
162.0,150.0,,,,ATX Mid Tower,-12.0,0
68.4,185.0,120.0,3,360.0,ATX Mid Tower,116.6,1
158.0,155.0,,,,Micro ATX Mini Tower,-3.0,0
162.0,160.0,,,,ATX Mid Tower,-2.0,0
164.0,160.0,,,,ATX Mid Tower,-4.0,0
158.0,61.0,,,,Mini ITX Tower,-97.0,0
169.0,181.0,,,,ATX Mid Tower,12.0,1
163.0,170.0,,,,ATX Mid Tower,7.0,1
136.0,61.0,,,,Mini ITX Tower,-75.0,0
56.0,180.0,,,120.0,ATX Mid Tower,124.0,1
168.0,167.0,,,,Micro ATX Mid Tower,-1.0,0
159.0,75.0,,,,Micro ATX Mini Tower,-84.0,0
45.0,180.0,,,,ATX Mid Tower,135.0,1
153.0,166.0,,,,ATX Mid Tower,13.0,1
160.0,77.0,,,,Mini ITX Tower,-83.0,0
78.0,160.0,120.0,3,360.0,EATX Mid Tower,82.0,1
151.0,65.0,,,,HTPC,-86.0,0
66.0,175.0,,,360.0,ATX Mid Tower,109.0,1
154.0,166.0,,,,ATX Mid Tower,12.0,1
150.0,67.0,,,,Mini ITX Tower,-83.0,0
42.0,164.0,,,240.0,Micro ATX Desktop,122.0,1
70.0,150.0,,,,ATX Mid Tower,80.0,1
63.0,58.0,,,360.0,HTPC,-5.0,0
154.0,150.0,,,,Micro ATX Mid Tower,-4.0,0
160.0,155.0,,,,ATX Full Tower,-5.0,0
136.0,57.0,,,,Mini ITX Tower,-79.0,0
166.0,185.0,,,,ATX Mid Tower,19.0,1
62.0,170.0,,,240.0,ATX Mid Tower,108.0,1
169.0,165.0,,,,Micro ATX Mini Tower,-4.0,0
154.0,151.0,,,,ATX Mid Tower,-3.0,0
158.0,170.0,,,,ATX Mid Tower,12.0,1
159.0,140.0,,,,Mini ITX Tower,-19.0,0
166.0,70.0,120.0,,,Mini ITX Tower,-96.0,0
158.0,168.0,,,,Micro ATX Mini Tower,10.0,1
69.0,175.0,,,240.0,ATX Mid Tower,106.0,1
153.0,180.0,,,,ATX Mid Tower,27.0,1
154.0,150.0,120.0,2,,ATX Mid Tower,-4.0,0
165.0,61.0,,,,Mini ITX Tower,-104.0,0
154.0,151.0,120.0,2,,ATX Mid Tower,-3.0,0
154.0,210.0,,,,ATX Mid Tower,56.0,1
154.0,160.0,,,,ATX Mid Tower,6.0,1
137.0,85.0,,,,Mini ITX Tower,-52.0,0
158.0,75.0,,,,Micro ATX Mini Tower,-83.0,0
82.0,68.0,,3,360.0,Mini ITX Tower,-14.0,0
168.0,165.0,,,,Micro ATX Mini Tower,-3.0,0
162.0,180.0,,,,ATX Mid Tower,18.0,1
158.0,58.0,,,,HTPC,-100.0,0
135.0,190.0,,,,ATX Mid Tower,55.0,1
137.0,210.0,,,,Mini ITX Tower,73.0,1
116.0,70.0,120.0,2,240.0,HTPC,-46.0,0
60.0,175.0,120.0,2,240.0,ATX Mid Tower,115.0,1
135.0,170.0,,,,ATX Mid Tower,35.0,1
165.0,160.0,,,,ATX Mid Tower,-5.0,0
49.0,50.0,,,240.0,Mini ITX Tower,1.0,1
148.0,81.0,,,,Micro ATX Slim Tower,-67.0,0
160.0,173.0,,,,ATX Mid Tower,13.0,1
166.0,155.0,,,,ATX Mid Tower,-11.0,0
47.0,180.0,,,,ATX Mid Tower,133.0,1
152.0,90.0,,,,Micro ATX Desktop,-62.0,0
47.0,165.0,,,360.0,ATX Mid Tower,118.0,1
168.0,165.0,120.0,,,ATX Mid Tower,-3.0,0
166.0,165.0,,,,Micro ATX Mini Tower,-1.0,0
157.0,164.0,,,,Micro ATX Mini Tower,7.0,1
163.0,160.0,,,,ATX Mid Tower,-3.0,0
62.0,180.0,,,240.0,ATX Mid Tower,118.0,1
154.0,83.0,,,,Mini ITX Tower,-71.0,0
136.0,175.0,,,,ATX Mid Tower,39.0,1
154.0,120.0,,,,Mini ITX Tower,-34.0,0
66.0,160.0,,,360.0,Micro ATX Mini Tower,94.0,1
130.0,182.0,,,,ATX Mid Tower,52.0,1
135.0,61.0,,,,Mini ITX Tower,-74.0,0
136.0,148.0,,,,Micro ATX Mini Tower,12.0,1
160.0,120.0,,,,Mini ITX Tower,-40.0,0
162.0,185.0,,,,ATX Mid Tower,23.0,1
154.0,77.0,,,,Mini ITX Tower,-77.0,0
130.0,160.0,,,,Micro ATX Mini Tower,30.0,1
53.0,175.0,120.0,2,240.0,ATX Mid Tower,122.0,1
93.0,175.0,,,,ATX Mid Tower,82.0,1
148.0,120.0,,,,Mini ITX Tower,-28.0,0
158.0,185.0,,,,ATX Mid Tower,27.0,1
123.0,185.0,,,,Micro ATX Mini Tower,62.0,1
148.0,190.0,,,,ATX Full Tower,42.0,1
158.0,165.0,,,,Micro ATX Mini Tower,7.0,1
140.0,135.0,,,,Micro ATX Mid Tower,-5.0,0
159.0,170.0,,,,ATX Mid Tower,11.0,1
155.0,167.0,120.0,,,ATX Mid Tower,12.0,1
162.0,85.0,,,,Mini ITX Tower,-77.0,0
160.0,158.75,,,,ATX Mid Tower,-1.25,0
154.0,151.0,,,,Micro ATX Mini Tower,-3.0,0
77.0,166.0,,,,ATX Mid Tower,89.0,1
136.0,160.0,,,,ATX Mid Tower,24.0,1
160.0,165.0,,,,ATX Mid Tower,5.0,1
159.0,170.0,,,,ATX Mid Tower,11.0,1
150.0,166.0,,,,ATX Mid Tower,16.0,1
72.0,67.0,,,,Mini ITX Tower,-5.0,0
160.0,81.0,,,,Micro ATX Slim Tower,-79.0,0
166.0,148.0,120.0,,,Micro ATX Mid Tower,-18.0,0
154.0,175.0,,,,ATX Mid Tower,21.0,1
164.0,160.0,,,,ATX Mid Tower,-4.0,0
157.0,82.0,,,,Micro ATX Mid Tower,-75.0,0
155.0,165.0,,,,ATX Mid Tower,10.0,1
67.0,55.0,,,360.0,Mini ITX Tower,-12.0,0
150.0,148.0,,,,Micro ATX Mini Tower,-2.0,0
150.0,190.0,,,,ATX Full Tower,40.0,1
162.0,183.0,,,,ATX Mid Tower,21.0,1
166.0,162.0,120.0,,,Micro ATX Mid Tower,-4.0,0
159.0,156.0,,,,ATX Mid Tower,-3.0,0
397.0,170.0,120.0,3,360.0,ATX Mid Tower,-227.0,0
162.0,160.0,,,,ATX Mid Tower,-2.0,0
157.0,148.0,,,,Micro ATX Mini Tower,-9.0,0
125.0,155.0,,,,ATX Mid Tower,30.0,1
164.0,160.0,,,,Micro ATX Mid Tower,-4.0,0
166.0,170.0,,,,ATX Mid Tower,4.0,1
45.0,160.0,,,,ATX Mid Tower,115.0,1
157.0,110.0,120.0,2,,Mini ITX Tower,-47.0,0
165.0,120.0,,,,Mini ITX Tower,-45.0,0
154.0,150.0,,,,Micro ATX Mid Tower,-4.0,0
48.0,175.0,,,240.0,Micro ATX Mini Tower,127.0,1
158.0,166.0,,,,Micro ATX Mini Tower,8.0,1
69.0,180.5,,,360.0,EATX Mid Tower,111.5,1
121.0,190.0,,,,ATX Full Tower,69.0,1
166.0,155.0,120.0,,,ATX Mid Tower,-11.0,0
165.0,158.0,,,,ATX Mid Tower,-7.0,0
165.0,160.0,,,,EATX Mid Tower,-5.0,0
162.0,157.0,,,,ATX Mid Tower,-5.0,0
163.0,150.0,,,,Micro ATX Mini Tower,-13.0,0
60.0,180.5,,,,EATX Mid Tower,120.5,1
165.0,164.0,,,,Micro ATX Mini Tower,-1.0,0
78.0,190.0,,,360.0,ATX Mid Tower,112.0,1
155.0,165.0,120.0,,,ATX Mid Tower,10.0,1
148.0,172.0,,,,Mini ITX Tower,24.0,1
166.0,161.0,,,,ATX Mid Tower,-5.0,0
157.0,175.0,,,,ATX Mid Tower,18.0,1
155.0,150.0,,,,Micro ATX Mini Tower,-5.0,0
162.0,160.0,135.0,2,,ATX Mid Tower,-2.0,0
130.0,65.0,,,,HTPC,-65.0,0
121.0,77.0,120.0,3,360.0,Mini ITX Tower,-44.0,0
157.0,167.0,,,,ATX Mid Tower,10.0,1
152.0,75.0,,,,Micro ATX Mini Tower,-77.0,0
165.0,175.0,,,,ATX Mid Tower,10.0,1
66.0,180.0,,,360.0,ATX Mid Tower,114.0,1
155.0,150.0,120.0,1,,ATX Mid Tower,-5.0,0
153.0,160.0,,,,ATX Mid Tower,7.0,1
160.0,90.0,,,,Micro ATX Desktop,-70.0,0
158.0,70.0,,,,Mini ITX Tower,-88.0,0
161.0,170.0,,,,ATX Mid Tower,9.0,1
148.0,150.0,,,,ATX Mid Tower,2.0,1
166.0,165.0,,,,ATX Mid Tower,-1.0,0
54.0,70.0,120.0,3,360.0,HTPC,16.0,1
70.0,178.0,,,,ATX Mid Tower,108.0,1
145.0,70.0,,,,HTPC,-75.0,0
165.0,160.0,,,,Micro ATX Mid Tower,-5.0,0
165.0,155.0,,,,ATX Mid Tower,-10.0,0
123.0,160.0,,,,ATX Mid Tower,37.0,1
161.0,175.0,,,,ATX Mid Tower,14.0,1
155.0,170.0,120.0,1,,ATX Mid Tower,15.0,1
116.0,170.0,,,,Micro ATX Mini Tower,54.0,1
154.0,70.0,,,,Mini ITX Tower,-84.0,0
157.0,68.0,120.0,2,,Mini ITX Tower,-89.0,0
160.0,155.0,,,,Micro ATX Mini Tower,-5.0,0
157.0,50.0,140.0,2,280.0,Mini ITX Tower,-107.0,0
155.0,165.0,,,,ATX Mid Tower,10.0,1
158.0,185.0,,,,ATX Mid Tower,27.0,1
154.0,82.0,,,,Mini ITX Tower,-72.0,0
157.0,50.0,,,,Mini ITX Tower,-107.0,0
168.0,161.0,,,,Micro ATX Mid Tower,-7.0,0
165.0,165.0,120.0,2,,ATX Mid Tower,0.0,1
160.0,159.0,,,,Micro ATX Mini Tower,-1.0,0
133.0,85.0,,,,Mini ITX Tower,-48.0,0
152.0,88.2,120.0,1,,ATX Mid Tower,-63.8,0
54.0,160.0,,,360.0,ATX Mid Tower,106.0,1
158.0,70.0,,,,Mini ITX Tower,-88.0,0
159.0,145.0,,,,ATX Mid Tower,-14.0,0
58.0,114.0,,,240.0,Mini ITX Tower,56.0,1
170.0,155.0,,,,Micro ATX Mid Tower,-15.0,0
63.0,135.0,,,360.0,Micro ATX Mid Tower,72.0,1
78.0,180.0,120.0,3,360.0,ATX Mid Tower,102.0,1
156.0,155.0,,,,Micro ATX Mini Tower,-1.0,0
64.4,210.0,120.0,3,360.0,Micro ATX Mini Tower,145.6,1
116.0,58.0,140.0,2,280.0,HTPC,-58.0,0
160.0,156.0,,,,Micro ATX Mid Tower,-4.0,0
130.0,176.0,,,,ATX Full Tower,46.0,1
162.0,160.0,,,,ATX Mid Tower,-2.0,0
154.0,67.0,,,,Mini ITX Tower,-87.0,0
67.0,159.0,,,,Micro ATX Mini Tower,92.0,1
63.0,85.0,,,,Mini ITX Tower,22.0,1
136.0,190.0,,,,ATX Full Tower,54.0,1
125.0,187.0,,,,ATX Mid Tower,62.0,1
65.0,57.0,280.0,1,280.0,Micro ATX Desktop,-8.0,0
169.0,170.0,,,,ATX Mid Tower,1.0,1
168.0,161.0,,,,ATX Mid Tower,-7.0,0
51.0,176.0,,,240.0,ATX Full Tower,125.0,1
163.0,160.0,,,,ATX Mid Tower,-3.0,0
153.0,170.0,120.0,1,,ATX Mid Tower,17.0,1
154.0,70.0,,,,Mini ITX Tower,-84.0,0
123.0,120.0,,,,Mini ITX Tower,-3.0,0
163.0,85.0,,,,Mini ITX Tower,-78.0,0
135.0,45.0,,,,Mini ITX Tower,-90.0,0
45.0,180.0,,,,EATX Mid Tower,135.0,1
52.0,170.0,,,120.0,ATX Mid Tower,118.0,1
158.0,68.0,,,,Mini ITX Tower,-90.0,0
121.0,95.0,,,,ATX Mid Tower,-26.0,0
158.0,150.0,,,,ATX Mid Tower,-8.0,0
159.0,185.0,,,,ATX Full Tower,26.0,1
164.0,55.0,,,,Mini ITX Tower,-109.0,0
186.0,170.0,120.0,3,360.0,ATX Mid Tower,-16.0,0
47.0,185.0,,,,ATX Full Tower,138.0,1
165.0,77.0,,,,Mini ITX Tower,-88.0,0
162.0,167.0,,,,ATX Full Tower,5.0,1
158.0,70.0,,,,Mini ITX Tower,-88.0,0
125.0,165.0,,,,ATX Mid Tower,40.0,1
155.0,154.0,,,,Micro ATX Mid Tower,-1.0,0
123.0,70.0,92.0,1,,Mini ITX Tower,-53.0,0
116.0,110.0,140.0,2,280.0,Mini ITX Tower,-6.0,0
62.0,190.0,,,360.0,ATX Full Tower,128.0,1
136.0,70.0,,,,HTPC,-66.0,0
154.0,170.0,,,,EATX Mid Tower,16.0,1
154.0,165.0,,,,Mini ITX Tower,11.0,1
155.0,140.0,,,,Mini ITX Tower,-15.0,0
154.0,160.0,,,,ATX Mid Tower,6.0,1
155.0,70.0,120.0,2,,HTPC,-85.0,0
165.0,160.0,120.0,2,,ATX Mid Tower,-5.0,0
158.0,159.0,,,,Micro ATX Mini Tower,1.0,1
150.0,65.0,,,,HTPC,-85.0,0
66.1,165.0,120.0,3,360.0,ATX Mid Tower,98.9,1
154.0,85.0,,,,Mini ITX Tower,-69.0,0
73.0,67.0,,,,Mini ITX Tower,-6.0,0
158.0,155.0,,,,Mini ITX Tower,-3.0,0
52.0,170.0,120.0,3,360.0,ATX Mid Tower,118.0,1
116.0,150.0,120.0,2,240.0,ATX Mid Tower,34.0,1
155.0,145.0,,,,ATX Mid Tower,-10.0,0
158.0,138.0,,,,HTPC,-20.0,0
134.0,175.0,,,,ATX Mid Tower,41.0,1
160.0,165.0,,,,ATX Mid Tower,5.0,1
62.0,163.0,120.0,3,360.0,ATX Mid Tower,101.0,1
61.85,160.0,120.0,3,360.0,ATX Mid Tower,98.15,1
67.0,170.0,,,,ATX Mid Tower,103.0,1
51.0,185.0,,,240.0,ATX Full Tower,134.0,1
160.0,190.0,,,,ATX Mid Tower,30.0,1
28.0,82.0,,,,Micro ATX Desktop,54.0,1
156.0,154.0,,,,Micro ATX Mid Tower,-2.0,0
108.0,150.0,120.0,3,360.0,Micro ATX Mid Tower,42.0,1
160.0,183.0,,,,ATX Mid Tower,23.0,1
136.0,155.0,,,,Micro ATX Mini Tower,19.0,1
171.0,163.0,,,,ATX Mid Tower,-8.0,0
85.0,180.0,,,360.0,ATX Mid Tower,95.0,1
68.0,138.0,,,240.0,HTPC,70.0,1
164.0,160.0,,,,ATX Mid Tower,-4.0,0
159.0,70.0,,,,Micro ATX Desktop,-89.0,0
138.0,90.0,,,,Micro ATX Desktop,-48.0,0
155.0,145.0,,,,ATX Mid Tower,-10.0,0
77.0,165.0,,,,ATX Mid Tower,88.0,1
60.0,160.0,,,,ATX Mid Tower,100.0,1
30.4,170.0,120.0,2,240.0,ATX Mid Tower,139.6,1
157.0,67.0,,,,Mini ITX Tower,-90.0,0
166.0,165.0,,,,ATX Mid Tower,-1.0,0
158.0,81.0,,,,Micro ATX Slim Tower,-77.0,0
125.0,83.0,,,,Mini ITX Tower,-42.0,0
156.0,150.0,,,,ATX Mid Tower,-6.0,0
42.0,179.0,,,280.0,ATX Mid Tower,137.0,1
158.0,173.0,,,,ATX Mid Tower,15.0,1
47.0,190.0,,,360.0,ATX Full Tower,143.0,1
94.5,82.0,140.0,2,280.0,Micro ATX Mini Tower,-12.5,0
162.0,161.0,135.0,2,,ATX Mid Tower,-1.0,0
162.0,88.2,,,,ATX Mid Tower,-73.8,0
152.0,110.0,120.0,1,,Mini ITX Tower,-42.0,0
155.0,65.0,,,,Mini ITX Tower,-90.0,0
67.0,48.0,,,,Mini ITX Tower,-19.0,0
65.0,166.0,240.0,1,240.0,ATX Mid Tower,101.0,1
159.0,160.0,,,,ATX Full Tower,1.0,1
159.0,158.75,,,,ATX Mid Tower,-0.25,0
66.0,185.0,,,360.0,ATX Mid Tower,119.0,1
69.0,65.0,140.0,3,420.0,HTPC,-4.0,0
116.0,185.0,140.0,2,280.0,ATX Mid Tower,69.0,1
82.0,185.0,,,,ATX Mid Tower,103.0,1
154.0,185.0,,,,ATX Mid Tower,31.0,1
136.0,183.0,,,,ATX Mid Tower,47.0,1
154.0,146.0,120.0,2,,ATX Mid Tower,-8.0,0
116.0,70.0,120.0,2,240.0,Micro ATX Desktop,-46.0,0
165.0,160.0,,,,Micro ATX Mini Tower,-5.0,0
155.0,190.0,,,,ATX Full Tower,35.0,1
169.0,164.0,120.0,2,,ATX Mid Tower,-5.0,0
155.0,170.0,,,,Micro ATX Mini Tower,15.0,1
161.0,65.0,,,,Mini ITX Tower,-96.0,0
165.0,160.0,,,,ATX Mini Tower,-5.0,0
397.0,165.0,120.0,3,360.0,Micro ATX Mini Tower,-232.0,0
158.0,156.0,,,,ATX Mid Tower,-2.0,0
117.0,190.0,,,,ATX Mid Tower,73.0,1
74.0,55.0,,,,Mini ITX Tower,-19.0,0
162.0,190.0,,,,ATX Mid Tower,28.0,1
78.0,135.0,,,360.0,Micro ATX Mid Tower,57.0,1
150.0,50.0,,,,Mini ITX Tower,-100.0,0
55.0,170.0,,,,Micro ATX Mid Tower,115.0,1
130.0,68.0,,,,Mini ITX Tower,-62.0,0
156.0,88.2,,,,ATX Mid Tower,-67.8,0
101.0,70.0,120.0,3,360.0,Mini ITX Tower,-31.0,0
154.0,67.0,120.0,2,,Mini ITX Tower,-87.0,0
159.0,77.0,,,,Mini ITX Tower,-82.0,0
162.0,155.0,,,,ATX Mid Tower,-7.0,0
42.0,161.0,,,360.0,Micro ATX Mid Tower,119.0,1
165.0,155.0,,,,Micro ATX Mid Tower,-10.0,0
159.0,181.0,,,,ATX Mid Tower,22.0,1
42.0,190.0,,,360.0,ATX Full Tower,148.0,1
118.0,175.0,120.0,3,360.0,ATX Mid Tower,57.0,1
153.0,145.0,,,,ATX Mid Tower,-8.0,0
165.0,160.0,,,,ATX Mini Tower,-5.0,0
157.0,83.0,140.0,2,280.0,Mini ITX Tower,-74.0,0
165.0,180.0,,,,ATX Mid Tower,15.0,1
84.0,163.5,360.0,3,360.0,Micro ATX Mid Tower,79.5,1
158.0,170.0,,,,ATX Mid Tower,12.0,1
65.0,190.0,,,,ATX Mid Tower,125.0,1
159.0,75.0,,,,Micro ATX Mini Tower,-84.0,0
136.0,166.0,,,,ATX Mid Tower,30.0,1
162.0,155.0,,,,Micro ATX Mid Tower,-7.0,0
168.0,45.0,,,,Mini ITX Tower,-123.0,0
154.0,175.0,120.0,2,,ATX Mid Tower,21.0,1
152.0,140.0,,,,Mini ITX Tower,-12.0,0
51.0,190.0,,,360.0,ATX Mid Tower,139.0,1
159.0,160.0,,,,ATX Mid Tower,1.0,1
161.0,68.0,,,,Mini ITX Tower,-93.0,0
148.0,68.0,120.0,,,Mini ITX Tower,-80.0,0
58.0,185.0,,,,ATX Mid Tower,127.0,1
159.0,170.0,,,,ATX Mid Tower,11.0,1
170.0,164.0,,,,Micro ATX Mini Tower,-6.0,0
56.0,165.0,,,360.0,ATX Mid Tower,109.0,1
160.0,155.0,,,,Micro ATX Mid Tower,-5.0,0
54.0,170.0,,,120.0,ATX Mid Tower,116.0,1
60.0,175.0,,,360.0,ATX Mid Tower,115.0,1
52.0,70.0,120.0,3,360.0,Mini ITX Tower,18.0,1
160.0,159.0,135.0,1,,ATX Mid Tower,-1.0,0
156.0,85.0,,,,Mini ITX Tower,-71.0,0
159.0,81.0,,,,Micro ATX Slim Tower,-78.0,0
154.0,165.0,,,,Micro ATX Mid Tower,11.0,1
148.0,68.0,,,,Mini ITX Tower,-80.0,0
130.0,175.0,,,,ATX Mid Tower,45.0,1
135.0,160.0,,,,ATX Mid Tower,25.0,1
155.0,160.0,,,,ATX Mid Tower,5.0,1
60.0,167.0,120.0,3,360.0,Micro ATX Mid Tower,107.0,1
165.0,183.0,,,,ATX Mid Tower,18.0,1
165.0,170.0,,,,Micro ATX Mini Tower,5.0,1
60.0,182.0,140.0,,280.0,ATX Full Tower,122.0,1
54.0,190.0,,,420.0,ATX Full Tower,136.0,1
154.0,150.0,,,,ATX Mid Tower,-4.0,0
166.0,61.0,120.0,,,Mini ITX Tower,-105.0,0
160.0,138.0,,,,HTPC,-22.0,0
155.0,170.0,120.0,1,,ATX Mid Tower,15.0,1
50.0,210.0,,,360.0,ATX Mid Tower,160.0,1
166.0,70.0,120.0,,,Mini ITX Tower,-96.0,0
159.0,58.0,,,,HTPC,-101.0,0
158.0,154.0,,,,Micro ATX Mid Tower,-4.0,0
148.0,114.0,,,,Mini ITX Tower,-34.0,0
155.0,65.0,,,,Mini ITX Tower,-90.0,0
141.0,165.0,,,,ATX Mid Tower,24.0,1
168.0,180.0,120.0,,,ATX Mid Tower,12.0,1
159.0,120.0,,,,Mini ITX Tower,-39.0,0
156.0,156.0,,,,ATX Mid Tower,0.0,1
154.0,150.0,,,,ATX Mid Tower,-4.0,0
154.0,168.0,,,,ATX Mid Tower,14.0,1
123.0,160.0,,,,ATX Mid Tower,37.0,1
154.0,180.0,,,,ATX Mid Tower,26.0,1
148.0,58.0,,,,HTPC,-90.0,0
155.0,180.0,,,,EATX Mid Tower,25.0,1
157.0,185.0,120.0,2,,ATX Mid Tower,28.0,1
162.0,68.0,,,,Mini ITX Tower,-94.0,0
160.0,165.0,,,,ATX Mid Tower,5.0,1
78.0,170.0,,,360.0,ATX Mid Tower,92.0,1
36.0,165.0,,,,ATX Mid Tower,129.0,1
159.0,75.0,120.0,1,,Mini ITX Tower,-84.0,0
61.85,180.5,120.0,3,360.0,EATX Mid Tower,118.65,1
152.0,67.0,,,,Mini ITX Tower,-85.0,0
157.0,175.0,,,,EATX Full Tower,18.0,1
165.0,160.0,,,,ATX Mid Tower,-5.0,0
135.0,61.0,,,,Mini ITX Tower,-74.0,0
47.0,159.0,,,,ATX Mid Tower,112.0,1
160.0,155.0,,,,ATX Mid Tower,-5.0,0
157.0,151.0,,,,Micro ATX Mini Tower,-6.0,0
165.0,65.0,,,,Mini ITX Tower,-100.0,0
71.0,185.0,,,,ATX Mid Tower,114.0,1
158.0,156.0,120.0,1,,ATX Mid Tower,-2.0,0
114.0,165.0,,,,ATX Mid Tower,51.0,1
160.0,185.0,135.0,1,,ATX Mid Tower,25.0,1
158.0,165.0,,,,Micro ATX Mini Tower,7.0,1
37.0,180.5,,,,EATX Mid Tower,143.5,1
134.0,157.0,,,,Micro ATX Mini Tower,23.0,1
156.0,168.0,,,,ATX Mid Tower,12.0,1
73.0,178.0,120.0,2,240.0,ATX Mid Tower,105.0,1
67.0,163.0,,,240.0,ATX Mid Tower,96.0,1
159.0,185.0,,,,ATX Mid Tower,26.0,1
153.0,165.0,,,,ATX Mid Tower,12.0,1
157.0,156.0,120.0,2,,ATX Mid Tower,-1.0,0
110.0,160.0,,,,ATX Mid Tower,50.0,1
158.0,45.0,120.0,2,,Mini ITX Tower,-113.0,0
163.0,57.0,,,,Mini ITX Tower,-106.0,0
45.0,180.0,,,,ATX Mid Tower,135.0,1
153.0,150.0,,,,ATX Mid Tower,-3.0,0
36.0,170.0,,,240.0,ATX Mid Tower,134.0,1
157.0,166.0,120.0,2,,ATX Mid Tower,9.0,1
186.0,279.0,120.0,3,360.0,ATX Mid Tower,93.0,1
159.0,58.0,,,,HTPC,-101.0,0
150.0,160.0,,,,ATX Mid Tower,10.0,1
143.0,61.0,,,,Mini ITX Tower,-82.0,0
165.0,150.0,,,,ATX Mid Tower,-15.0,0
156.0,77.0,,,,HTPC,-79.0,0
133.0,155.0,,,,Micro ATX Mid Tower,22.0,1
23.0,167.0,,,,Mini ITX Tower,144.0,1
154.0,135.0,120.0,1,,Micro ATX Mid Tower,-19.0,0
160.0,156.0,,,,ATX Mid Tower,-4.0,0
160.0,190.0,,,,EATX Mid Tower,30.0,1
155.0,50.0,,,,Mini ITX Tower,-105.0,0
135.0,68.0,,,,Mini ITX Tower,-67.0,0
156.0,155.0,,,,ATX Mid Tower,-1.0,0
78.0,61.0,,,360.0,Mini ITX Tower,-17.0,0
135.0,67.0,,,,Mini ITX Tower,-68.0,0
142.0,187.0,,,,Micro ATX Mini Tower,45.0,1
143.0,85.0,,,,Mini ITX Tower,-58.0,0
152.0,57.0,,,,Micro ATX Desktop,-95.0,0
137.0,195.0,,,,ATX Mid Tower,58.0,1
155.0,70.0,,,,Mini ITX Tower,-85.0,0
72.0,67.0,120.0,2,240.0,Mini ITX Tower,-5.0,0
160.0,61.0,,,,Mini ITX Tower,-99.0,0
48.0,180.0,,,,ATX Mid Tower,132.0,1
154.0,145.0,,,,ATX Mid Tower,-9.0,0
143.0,65.0,,,,Micro ATX Mini Tower,-78.0,0
113.0,170.0,,,,ATX Mid Tower,57.0,1
162.0,140.0,,,,Micro ATX Mini Tower,-22.0,0
163.0,162.0,120.0,,,ATX Mid Tower,-1.0,0
158.0,178.0,,,,ATX Mid Tower,20.0,1
68.0,185.0,,,,ATX Mid Tower,117.0,1
157.0,190.0,120.0,2,,ATX Mid Tower,33.0,1
164.0,161.0,,,,ATX Mid Tower,-3.0,0
52.0,170.0,140.0,3,420.0,ATX Mid Tower,118.0,1
154.0,170.0,120.0,2,,ATX Mid Tower,16.0,1
78.0,170.0,120.0,3,360.0,EATX Mid Tower,92.0,1
160.0,145.0,,,,ATX Mid Tower,-15.0,0
61.85,57.0,120.0,3,360.0,Micro ATX Desktop,-4.85,0
397.0,170.0,120.0,3,360.0,ATX Mid Tower,-227.0,0
163.0,159.0,,,,ATX Mid Tower,-4.0,0
118.0,173.0,120.0,3,360.0,Micro ATX Mini Tower,55.0,1
123.0,82.0,,,,Mini ITX Tower,-41.0,0
167.0,150.0,,,,ATX Mid Tower,-17.0,0
158.0,70.0,,,,Mini ITX Tower,-88.0,0
155.0,162.0,,,,Micro ATX Mid Tower,7.0,1
136.0,67.0,,,,Mini ITX Tower,-69.0,0
157.0,190.0,120.0,2,,ATX Full Tower,33.0,1
165.0,160.0,,,,ATX Mini Tower,-5.0,0
154.0,150.0,,,,Micro ATX Mini Tower,-4.0,0
137.0,170.0,,,,ATX Mid Tower,33.0,1
84.0,70.0,,,,Mini ITX Tower,-14.0,0
159.0,165.0,,,,ATX Mid Tower,6.0,1
37.0,155.0,,,,ATX Mid Tower,118.0,1
159.0,156.0,,,,ATX Mid Tower,-3.0,0
58.0,165.0,,,360.0,Micro ATX Mini Tower,107.0,1
54.0,170.0,,,360.0,ATX Mid Tower,116.0,1
69.0,170.0,,,,ATX Mid Tower,101.0,1
161.0,90.0,120.0,3,360.0,Micro ATX Desktop,-71.0,0
155.0,70.0,,,,Micro ATX Desktop,-85.0,0
154.0,70.0,,,,HTPC,-84.0,0
149.0,48.0,,,,Mini ITX Tower,-101.0,0
126.0,160.0,,,,ATX Mid Tower,34.0,1
154.0,160.0,,,,ATX Mid Tower,6.0,1
157.0,130.0,,,,Mini ITX Tower,-27.0,0
165.0,160.0,,,,ATX Mid Tower,-5.0,0
125.0,170.0,,,,ATX Mid Tower,45.0,1
42.0,173.0,,,,Micro ATX Mini Tower,131.0,1
155.0,185.0,120.0,,,ATX Mid Tower,30.0,1
68.0,179.0,,,360.0,ATX Mid Tower,111.0,1
65.0,165.0,,,,ATX Mid Tower,100.0,1
152.0,140.0,,,,Mini ITX Tower,-12.0,0
152.0,85.0,,,,Mini ITX Tower,-67.0,0
166.0,165.0,,,,ATX Mid Tower,-1.0,0
159.0,190.0,,,,EATX Mid Tower,31.0,1
165.0,83.0,120.0,2,,Mini ITX Tower,-82.0,0
51.0,38.0,,,360.0,Mini ITX Tower,-13.0,0
156.0,70.0,,,,Mini ITX Tower,-86.0,0
68.0,67.0,,,240.0,Mini ITX Tower,-1.0,0
137.0,114.0,,,,Mini ITX Tower,-23.0,0
53.0,160.0,120.0,2,240.0,Micro ATX Mini Tower,107.0,1
150.0,180.0,,,,ATX Mid Tower,30.0,1
155.0,61.0,,,,Mini ITX Tower,-94.0,0
131.0,67.0,,,,Mini ITX Tower,-64.0,0
163.0,155.0,,,,Micro ATX Mid Tower,-8.0,0
60.0,170.0,,,360.0,ATX Mid Tower,110.0,1
157.0,95.0,,,,ATX Mid Tower,-62.0,0
159.0,175.0,,,,ATX Mid Tower,16.0,1
94.0,180.0,120.0,3,360.0,ATX Mid Tower,86.0,1
158.0,163.0,,,,ATX Mid Tower,5.0,1
62.0,180.0,,,240.0,ATX Mid Tower,118.0,1
69.0,167.0,,,360.0,ATX Mid Tower,98.0,1
161.0,138.0,,,,HTPC,-23.0,0
68.0,165.0,,,240.0,ATX Mid Tower,97.0,1
186.0,156.0,120.0,3,360.0,ATX Mid Tower,-30.0,0
148.0,150.0,,,,Micro ATX Mid Tower,2.0,1
30.4,195.0,120.0,3,360.0,ATX Full Tower,164.6,1
46.0,170.0,120.0,3,360.0,Mini ITX Tower,124.0,1
156.0,82.0,,,,Mini ITX Tower,-74.0,0
146.0,138.0,,,,HTPC,-8.0,0
157.0,155.0,,,,ATX Full Tower,-2.0,0
60.0,155.0,,,,Micro ATX Mid Tower,95.0,1
162.0,167.0,,,,Mini ITX Tower,5.0,1
163.0,165.0,,,,ATX Mid Tower,2.0,1
157.0,61.0,,,,Mini ITX Tower,-96.0,0
160.0,155.0,,,,Micro ATX Mini Tower,-5.0,0
157.0,150.0,,,,ATX Mid Tower,-7.0,0
164.0,165.0,,,,Mini ITX Tower,1.0,1
165.0,156.0,,,,Micro ATX Mid Tower,-9.0,0
110.0,190.0,,,,ATX Full Tower,80.0,1
130.0,170.0,,,,ATX Mid Tower,40.0,1
397.0,180.0,120.0,3,360.0,ATX Mid Tower,-217.0,0
158.0,155.0,,,,Micro ATX Mid Tower,-3.0,0
47.0,158.0,,,,ATX Full Tower,111.0,1
65.0,170.0,,,,ATX Mid Tower,105.0,1
82.0,165.0,,,,Mini ITX Tower,83.0,1
40.0,165.0,120.0,2,240.0,ATX Mid Tower,125.0,1
30.4,200.0,120.0,3,360.0,ATX Full Tower,169.6,1
156.0,77.0,,,,Mini ITX Tower,-79.0,0
154.0,130.0,,,,Mini ITX Tower,-24.0,0
15.0,180.0,,,,ATX Mid Tower,165.0,1
156.0,61.0,,,,Mini ITX Tower,-95.0,0
155.0,170.0,,,,ATX Mid Tower,15.0,1
73.0,160.0,120.0,2,240.0,ATX Mid Tower,87.0,1
155.0,150.0,,,,Mini ITX Tower,-5.0,0
160.0,170.0,,,,ATX Mid Tower,10.0,1
166.0,160.0,,,,ATX Mid Tower,-6.0,0
135.0,95.0,,,,ATX Mid Tower,-40.0,0
166.0,155.0,,,,Micro ATX Mini Tower,-11.0,0
157.0,145.0,,,,ATX Mid Tower,-12.0,0
161.0,145.0,,,,ATX Mid Tower,-16.0,0
37.0,185.0,,,,ATX Mid Tower,148.0,1
164.0,160.0,,,,ATX Mid Tower,-4.0,0
159.0,180.0,,,,HTPC,21.0,1
67.0,61.0,,,,Mini ITX Tower,-6.0,0
51.0,183.0,,,240.0,ATX Mid Tower,132.0,1
38.0,180.0,140.0,2,280.0,ATX Mid Tower,142.0,1
59.0,170.0,,,360.0,ATX Mid Tower,111.0,1
165.0,70.0,120.0,2,,HTPC,-95.0,0
158.0,170.0,,,,ATX Mid Tower,12.0,1
164.0,155.0,,,,ATX Mid Tower,-9.0,0
152.0,175.0,,,,ATX Mid Tower,23.0,1
164.0,160.0,,,,ATX Mid Tower,-4.0,0
161.0,148.0,,,,Micro ATX Mid Tower,-13.0,0
160.0,161.0,,,,ATX Mid Tower,1.0,1
158.0,173.0,140.0,2,,ATX Mid Tower,15.0,1
165.0,68.0,,,,Mini ITX Tower,-97.0,0
166.0,160.0,,,,ATX Mid Tower,-6.0,0
160.0,165.0,,,,ATX Mid Tower,5.0,1
152.0,171.0,,,,ATX Mid Tower,19.0,1
155.0,175.0,,,,EATX Full Tower,20.0,1
172.0,190.0,,,,EATX Full Tower,18.0,1
157.0,190.0,,,,ATX Mid Tower,33.0,1
166.0,163.5,120.0,,,Micro ATX Mid Tower,-2.5,0
156.0,138.0,,,,HTPC,-18.0,0
159.0,156.0,,,,ATX Mid Tower,-3.0,0
158.0,165.0,,,,ATX Mid Tower,7.0,1
142.0,70.0,,,,HTPC,-72.0,0
30.0,210.0,,,,ATX Mid Tower,180.0,1
157.0,82.0,,,,Micro ATX Mini Tower,-75.0,0
186.0,185.0,120.0,3,360.0,ATX Full Tower,-1.0,0
155.0,145.0,,,,ATX Mid Tower,-10.0,0
130.0,70.0,,,,Mini ITX Tower,-60.0,0
154.0,70.0,120.0,2,,Mini ITX Tower,-84.0,0
155.0,180.0,,,,ATX Mid Tower,25.0,1
68.0,190.0,,,240.0,ATX Mid Tower,122.0,1
157.0,165.0,120.0,2,,ATX Mid Tower,8.0,1
165.0,160.0,,,,ATX Mid Tower,-5.0,0
160.0,85.0,,,,Mini ITX Tower,-75.0,0
170.0,165.0,,,,ATX Mid Tower,-5.0,0
158.0,145.0,,,,ATX Mid Tower,-13.0,0
165.0,155.0,,,,ATX Mid Tower,-10.0,0
163.0,160.0,,,,ATX Mini Tower,-3.0,0
47.0,172.0,,,360.0,ATX Mid Tower,125.0,1
157.0,57.0,,,,Mini ITX Tower,-100.0,0
166.0,155.0,,,,Micro ATX Mini Tower,-11.0,0
165.0,155.0,,,,Micro ATX Mid Tower,-10.0,0
154.0,180.0,,,,ATX Mid Tower,26.0,1
150.0,65.0,,,,HTPC,-85.0,0
130.0,61.0,,,,Mini ITX Tower,-69.0,0
160.0,50.0,,,,Mini ITX Tower,-110.0,0
155.0,210.0,,,,Micro ATX Mini Tower,55.0,1
125.0,180.0,,,,ATX Mid Tower,55.0,1
160.0,166.0,,,,Micro ATX Mini Tower,6.0,1
82.0,190.0,,3,360.0,ATX Full Tower,108.0,1
157.0,81.0,,,,Micro ATX Slim Tower,-76.0,0
150.0,140.0,,,,Mini ITX Tower,-10.0,0
166.0,165.0,,,,ATX Mid Tower,-1.0,0
163.0,180.0,120.0,,,ATX Mid Tower,17.0,1
152.0,65.0,,,,Mini ITX Tower,-87.0,0
65.0,165.0,360.0,1,360.0,ATX Mid Tower,100.0,1
153.0,150.0,,,,Micro ATX Mini Tower,-3.0,0
123.0,159.0,92.0,1,,Micro ATX Mini Tower,36.0,1
123.0,83.0,,,,Mini ITX Tower,-40.0,0
148.0,75.0,,,,Micro ATX Mini Tower,-73.0,0
68.0,47.0,,,240.0,Micro ATX Desktop,-21.0,0
142.0,83.0,,,,Mini ITX Tower,-59.0,0
159.0,165.0,,,,ATX Mid Tower,6.0,1
163.0,160.0,,,,ATX Mid Tower,-3.0,0
90.0,184.0,,,240.0,ATX Mid Tower,94.0,1
75.0,190.0,,,,ATX Full Tower,115.0,1
163.0,173.0,,,,Micro ATX Mini Tower,10.0,1
63.0,183.0,,,,ATX Mid Tower,120.0,1
155.0,68.0,,,,Mini ITX Tower,-87.0,0
166.0,165.0,,,,ATX Mid Tower,-1.0,0
158.0,150.0,,,,Micro ATX Mini Tower,-8.0,0
158.0,140.0,,,,Mini ITX Tower,-18.0,0
186.0,150.0,120.0,3,360.0,ATX Mid Tower,-36.0,0
160.0,38.0,,,,Mini ITX Tower,-122.0,0
59.0,168.0,,,360.0,ATX Mid Tower,109.0,1
33.0,160.0,,,120.0,Micro ATX Mini Tower,127.0,1
158.0,210.0,,,,Micro ATX Mini Tower,52.0,1
159.0,146.0,,,,ATX Mid Tower,-13.0,0
70.0,183.0,,,,ATX Mid Tower,113.0,1
160.0,70.0,,,,Mini ITX Tower,-90.0,0
167.0,166.0,,,,Micro ATX Mini Tower,-1.0,0
154.0,58.0,,,,HTPC,-96.0,0
165.0,150.0,,,,ATX Mid Tower,-15.0,0
125.0,65.0,,,,Micro ATX Mini Tower,-60.0,0
69.0,47.0,,,240.0,Micro ATX Desktop,-22.0,0
51.0,170.0,,,360.0,ATX Full Tower,119.0,1
153.0,148.0,,,,Micro ATX Mid Tower,-5.0,0
172.0,67.0,,,,Mini ITX Tower,-105.0,0
161.0,156.0,,,,ATX Mid Tower,-5.0,0
128.0,150.0,,,,Micro ATX Mid Tower,22.0,1
138.0,75.0,,,,Micro ATX Mini Tower,-63.0,0
160.0,159.0,,,,ATX Mid Tower,-1.0,0
80.0,70.0,120.0,2,240.0,HTPC,-10.0,0
148.0,190.0,,,,EATX Mid Tower,42.0,1
158.0,70.0,,,,Mini ITX Tower,-88.0,0
157.0,81.0,,,,Micro ATX Slim Tower,-76.0,0
165.0,170.0,,,,ATX Mid Tower,5.0,1
159.0,65.0,,,,Micro ATX Mini Tower,-94.0,0
51.0,175.0,,,420.0,ATX Mid Tower,124.0,1
169.0,165.0,,,,Micro ATX Mini Tower,-4.0,0
165.0,155.0,,,,Micro ATX Mid Tower,-10.0,0
116.0,170.0,140.0,2,280.0,ATX Mid Tower,54.0,1
155.0,170.0,,,,Micro ATX Mid Tower,15.0,1
154.0,48.0,,,,Mini ITX Tower,-106.0,0
155.0,170.0,120.0,2,,Micro ATX Mini Tower,15.0,1
70.0,181.0,,,240.0,ATX Full Tower,111.0,1
155.0,114.0,120.0,2,,Mini ITX Tower,-41.0,0
32.0,173.0,,,,ATX Mid Tower,141.0,1
94.0,75.0,140.0,3,420.0,Micro ATX Mini Tower,-19.0,0
159.0,155.0,,,,ATX Full Tower,-4.0,0
170.0,167.0,,,,ATX Mid Tower,-3.0,0
64.24,195.0,120.0,2,240.0,ATX Full Tower,130.76,1
161.0,155.0,120.0,3,360.0,Micro ATX Mini Tower,-6.0,0
165.0,160.0,,,,ATX Mid Tower,-5.0,0
152.0,150.0,,,,ATX Mid Tower,-2.0,0
67.0,65.0,,,,Micro ATX Mini Tower,-2.0,0
158.0,77.0,,,,HTPC,-81.0,0
160.0,110.0,,,,Mini ITX Tower,-50.0,0
61.0,165.0,,,,Micro ATX Mini Tower,104.0,1
81.0,175.0,120.0,3,360.0,Micro ATX Mid Tower,94.0,1
50.0,175.0,,,360.0,ATX Mid Tower,125.0,1
158.0,114.0,,,,Mini ITX Tower,-44.0,0
123.0,85.0,,,,Mini ITX Tower,-38.0,0
160.0,150.0,,,,Mini ITX Tower,-10.0,0
67.0,190.0,,,,ATX Full Tower,123.0,1
165.0,155.0,120.0,2,,Micro ATX Mid Tower,-10.0,0
166.0,70.0,120.0,,,HTPC,-96.0,0
135.0,175.0,,,,EATX Full Tower,40.0,1
154.0,165.0,,,,ATX Mid Tower,11.0,1
155.0,68.0,,,,Mini ITX Tower,-87.0,0
153.0,95.0,,,,ATX Mid Tower,-58.0,0
151.0,70.0,120.0,2,,Micro ATX Desktop,-81.0,0
68.0,184.0,,,,ATX Mid Tower,116.0,1
161.0,160.0,,,,Micro ATX Mini Tower,-1.0,0
162.0,150.0,,,,ATX Mid Tower,-12.0,0
155.0,61.0,120.0,,,Mini ITX Tower,-94.0,0
157.0,175.0,120.0,2,,ATX Mid Tower,18.0,1
169.0,160.0,,,,ATX Mid Tower,-9.0,0
165.0,160.0,,,,Micro ATX Mid Tower,-5.0,0
156.0,155.0,,,,ATX Mid Tower,-1.0,0
157.0,155.0,,,,Micro ATX Mid Tower,-2.0,0
68.0,185.0,140.0,2,280.0,ATX Mid Tower,117.0,1
165.0,160.0,,,,ATX Mid Tower,-5.0,0
65.0,165.0,,,360.0,ATX Mid Tower,100.0,1
152.0,170.0,,,,ATX Mid Tower,18.0,1
131.0,180.0,,,,ATX Mid Tower,49.0,1
49.0,166.0,,,240.0,ATX Mid Tower,117.0,1
63.0,61.0,,,240.0,Mini ITX Tower,-2.0,0
155.0,48.0,,,,Mini ITX Tower,-107.0,0
155.0,68.0,120.0,2,,Mini ITX Tower,-87.0,0
135.0,178.0,,,,ATX Mid Tower,43.0,1
165.0,82.0,,,,Micro ATX Desktop,-83.0,0
162.0,160.0,,,,ATX Mid Tower,-2.0,0
171.0,159.0,,,,Micro ATX Mid Tower,-12.0,0
153.0,172.0,,,,ATX Mid Tower,19.0,1
165.0,77.0,,,,Mini ITX Tower,-88.0,0
90.0,165.0,,,240.0,ATX Full Tower,75.0,1
152.0,210.0,,,,Micro ATX Mini Tower,58.0,1
158.0,47.0,,,,Micro ATX Desktop,-111.0,0
167.0,163.5,,,,Micro ATX Mid Tower,-3.5,0
161.0,160.0,,,,ATX Mid Tower,-1.0,0
40.0,160.0,120.0,2,240.0,ATX Mid Tower,120.0,1
158.0,120.0,,,,Mini ITX Tower,-38.0,0
131.0,114.0,,,,Mini ITX Tower,-17.0,0
54.0,185.0,,,240.0,ATX Mid Tower,131.0,1
56.0,170.0,,,360.0,ATX Mid Tower,114.0,1
150.0,68.0,,,,Mini ITX Tower,-82.0,0
70.0,68.0,,,280.0,Mini ITX Tower,-2.0,0
162.0,140.0,,,,Mini ITX Tower,-22.0,0
62.0,170.0,,,240.0,ATX Mid Tower,108.0,1
168.0,67.0,120.0,,,Mini ITX Tower,-101.0,0
155.0,150.0,,,,ATX Mid Tower,-5.0,0
54.0,155.0,,,240.0,ATX Mid Tower,101.0,1
154.0,165.0,,,,ATX Mid Tower,11.0,1
130.0,187.0,,,,ATX Mid Tower,57.0,1
114.0,185.0,,,,EATX Mid Tower,71.0,1
77.0,155.0,,,,Micro ATX Mid Tower,78.0,1
162.0,176.0,,,,ATX Full Tower,14.0,1
51.0,165.0,,,420.0,Micro ATX Mini Tower,114.0,1
166.0,164.0,,,,ATX Mid Tower,-2.0,0
54.0,184.0,120.0,2,240.0,ATX Mid Tower,130.0,1
163.0,160.0,,,,ATX Mid Tower,-3.0,0
157.0,85.0,,,,Mini ITX Tower,-72.0,0
154.0,170.0,,,,ATX Mid Tower,16.0,1
162.0,190.0,,,,ATX Mid Tower,28.0,1
68.0,67.0,140.0,2,280.0,Mini ITX Tower,-1.0,0
158.0,190.0,,,,ATX Mid Tower,32.0,1
54.0,48.0,,,360.0,Mini ITX Tower,-6.0,0
165.0,160.0,,,,ATX Mid Tower,-5.0,0
121.0,82.0,,,,Micro ATX Mini Tower,-39.0,0
70.0,61.0,,,,Mini ITX Tower,-9.0,0
157.0,145.0,120.0,2,,ATX Mid Tower,-12.0,0
160.0,156.0,,,,Micro ATX Mid Tower,-4.0,0
65.0,165.0,420.0,1,420.0,ATX Mid Tower,100.0,1
142.0,65.0,,,,Mini ITX Tower,-77.0,0
66.0,167.0,,,360.0,ATX Mid Tower,101.0,1
71.0,158.75,,,,ATX Mid Tower,87.75,1
71.0,170.0,,,,ATX Mid Tower,99.0,1
159.0,170.0,,,,ATX Full Tower,11.0,1
38.0,170.0,,,,Micro ATX Mid Tower,132.0,1
155.0,70.0,,,,HTPC,-85.0,0
158.0,70.0,,,,HTPC,-88.0,0
152.0,47.0,,,,Micro ATX Desktop,-105.0,0
152.0,158.0,,,,ATX Mid Tower,6.0,1
81.0,61.0,,,,Mini ITX Tower,-20.0,0
165.0,200.0,,,,Mini ITX Tower,35.0,1
72.0,70.0,120.0,3,360.0,Mini ITX Tower,-2.0,0
156.0,67.0,,,,Mini ITX Tower,-89.0,0
157.0,67.0,,,,Mini ITX Tower,-90.0,0
155.0,148.0,,,,Micro ATX Mid Tower,-7.0,0
154.0,170.0,,,,ATX Mid Tower,16.0,1
155.0,170.0,,,,Micro ATX Mini Tower,15.0,1
163.0,160.0,,,,ATX Mid Tower,-3.0,0
164.0,55.0,,,,Mini ITX Tower,-109.0,0
156.0,110.0,,,,Mini ITX Tower,-46.0,0
162.0,170.0,,,,ATX Mid Tower,8.0,1
154.0,140.0,,,,Mini ITX Tower,-14.0,0
156.0,151.0,,,,ATX Mid Tower,-5.0,0
65.0,70.0,280.0,1,280.0,HTPC,5.0,1
59.0,65.0,,,360.0,Mini ITX Tower,6.0,1
155.0,67.0,,,,Mini ITX Tower,-88.0,0
162.0,160.0,,,,ATX Mid Tower,-2.0,0
152.0,150.0,,,,ATX Mid Tower,-2.0,0
88.0,170.0,,,,Micro ATX Mid Tower,82.0,1
37.0,173.0,,,,ATX Mid Tower,136.0,1
165.0,68.0,,,,Mini ITX Tower,-97.0,0
155.0,151.0,,,,ATX Mid Tower,-4.0,0
62.0,58.0,,,360.0,HTPC,-4.0,0
160.0,180.0,,,,ATX Mid Tower,20.0,1
154.0,48.0,,,,Mini ITX Tower,-106.0,0
86.4,185.0,120.0,3,360.0,ATX Mid Tower,98.6,1
47.0,160.0,,,,ATX Mid Tower,113.0,1
30.4,170.0,120.0,2,240.0,Micro ATX Mid Tower,139.6,1
160.0,195.0,,,,ATX Full Tower,35.0,1
160.0,150.0,,,,Micro ATX Mid Tower,-10.0,0
160.0,170.0,,,,ATX Mid Tower,10.0,1
27.0,170.0,,,,ATX Mid Tower,143.0,1
155.0,160.0,120.0,,,ATX Mid Tower,5.0,1
154.0,120.0,,,,Mini ITX Tower,-34.0,0
62.0,180.0,,,,ATX Mid Tower,118.0,1
56.0,67.0,,,,Mini ITX Tower,11.0,1
158.0,170.0,,,,ATX Mid Tower,12.0,1
159.0,70.0,,,,Mini ITX Tower,-89.0,0
151.0,120.0,,,,Mini ITX Tower,-31.0,0
60.0,166.0,,,,ATX Mid Tower,106.0,1
160.0,148.0,,,,ATX Mid Tower,-12.0,0
62.0,138.0,,,240.0,HTPC,76.0,1
148.0,168.0,,,,ATX Mid Tower,20.0,1
55.0,175.0,,,360.0,EATX Full Tower,120.0,1
160.0,156.0,,,,ATX Mid Tower,-4.0,0
172.0,170.0,,,,Micro ATX Mid Tower,-2.0,0
160.0,185.0,,,,ATX Mid Tower,25.0,1
159.0,155.0,,,,ATX Mid Tower,-4.0,0
162.0,150.0,,,,ATX Mid Tower,-12.0,0
51.0,170.0,,,360.0,ATX Mid Tower,119.0,1
160.0,155.0,,,,ATX Mid Tower,-5.0,0
160.0,158.75,,,,ATX Mid Tower,-1.25,0
166.0,158.75,,,,ATX Mid Tower,-7.25,0
167.0,140.0,,,,Mini ITX Tower,-27.0,0
65.0,154.0,,,360.0,Micro ATX Mid Tower,89.0,1
70.0,160.0,,,,ATX Mid Tower,90.0,1
162.0,155.0,,,,ATX Mid Tower,-7.0,0
157.0,67.0,,,,Mini ITX Tower,-90.0,0
159.0,77.0,,,,Mini ITX Tower,-82.0,0
59.0,170.0,,,240.0,ATX Mid Tower,111.0,1
60.0,180.0,140.0,2,280.0,ATX Mid Tower,120.0,1
165.0,48.0,,,,Mini ITX Tower,-117.0,0
125.0,48.0,,,,Mini ITX Tower,-77.0,0
62.0,168.0,,,360.0,ATX Mid Tower,106.0,1
167.0,162.0,,,,ATX Mid Tower,-5.0,0
158.0,82.0,,,,Micro ATX Mini Tower,-76.0,0
158.0,187.0,,,,Micro ATX Mid Tower,29.0,1
136.0,181.0,,,,ATX Mid Tower,45.0,1
165.0,163.0,,,,ATX Mid Tower,-2.0,0
38.0,65.0,,,360.0,Mini ITX Tower,27.0,1
125.0,110.0,120.0,2,240.0,Mini ITX Tower,-15.0,0
158.0,170.0,120.0,2,,ATX Mid Tower,12.0,1
159.0,67.0,,,,Mini ITX Tower,-92.0,0
36.0,146.0,,,,HTPC,110.0,1
45.0,169.0,,,,ATX Mid Tower,124.0,1
159.0,85.0,,,,Mini ITX Tower,-74.0,0
159.0,135.0,,,,Micro ATX Mid Tower,-24.0,0
47.6,159.0,120.0,2,240.0,ATX Mid Tower,111.4,1
155.0,180.0,,,,ATX Mid Tower,25.0,1
66.0,61.0,120.0,2,240.0,Mini ITX Tower,-5.0,0
166.0,165.0,,,,ATX Mid Tower,-1.0,0
156.0,155.0,,,,ATX Mid Tower,-1.0,0
167.0,160.0,,,,ATX Mid Tower,-7.0,0
158.0,190.0,,,,ATX Mid Tower,32.0,1
69.0,180.0,,,,ATX Mid Tower,111.0,1
166.0,170.0,,,,ATX Mid Tower,4.0,1
134.0,55.0,,,,Mini ITX Tower,-79.0,0
68.0,67.0,120.0,2,240.0,Mini ITX Tower,-1.0,0
166.0,160.0,,,,ATX Mid Tower,-6.0,0
56.0,200.0,,,120.0,Mini ITX Tower,144.0,1
158.0,67.0,,,,Mini ITX Tower,-91.0,0
170.0,162.0,,,,ATX Mid Tower,-8.0,0
127.0,61.0,100.0,,,Mini ITX Tower,-66.0,0
168.0,70.0,,,,HTPC,-98.0,0
102.0,170.0,120.0,3,360.0,ATX Mid Tower,68.0,1
159.0,155.0,,,,Micro ATX Mid Tower,-4.0,0
157.0,47.0,120.0,2,,Micro ATX Desktop,-110.0,0
136.0,67.0,,,,Mini ITX Tower,-69.0,0
169.0,158.0,,,,ATX Mid Tower,-11.0,0
170.0,70.0,,,,HTPC,-100.0,0
157.0,160.0,,,,ATX Mid Tower,3.0,1
160.0,159.0,,,,Micro ATX Mid Tower,-1.0,0
170.0,168.0,,,,ATX Mid Tower,-2.0,0
116.0,68.0,120.0,2,240.0,Mini ITX Tower,-48.0,0
154.0,165.0,,,,Micro ATX Mini Tower,11.0,1
158.0,146.0,,,,ATX Mid Tower,-12.0,0
37.0,185.0,,,,EATX Mid Tower,148.0,1
159.0,150.0,,,,ATX Mid Tower,-9.0,0
159.0,167.0,,,,ATX Mid Tower,8.0,1
158.0,210.0,,,,ATX Mid Tower,52.0,1
59.0,175.0,,,360.0,ATX Mid Tower,116.0,1
150.0,170.0,,,,ATX Mid Tower,20.0,1
107.0,193.0,120.0,3,360.0,ATX Full Tower,86.0,1
161.0,160.0,,,,ATX Mid Tower,-1.0,0
159.0,70.0,,,,Micro ATX Desktop,-89.0,0
158.0,82.0,,,,Micro ATX Desktop,-76.0,0
154.0,140.0,,,,Mini ITX Tower,-14.0,0
118.0,180.0,,,,ATX Mid Tower,62.0,1
162.0,165.0,,,,Micro ATX Mini Tower,3.0,1
159.0,135.0,,,,Micro ATX Mid Tower,-24.0,0
159.0,210.0,,,,Micro ATX Mini Tower,51.0,1
52.0,70.0,120.0,1,120.0,HTPC,18.0,1
162.0,77.0,,,,HTPC,-85.0,0
158.0,163.0,,,,ATX Mid Tower,5.0,1
69.0,185.0,,,360.0,ATX Mid Tower,116.0,1
81.0,175.0,,,,ATX Mid Tower,94.0,1
71.0,68.0,,,,Mini ITX Tower,-3.0,0
158.0,175.0,,,,ATX Mid Tower,17.0,1
64.0,158.75,,,360.0,ATX Mid Tower,94.75,1
165.0,67.0,,,,Mini ITX Tower,-98.0,0
116.0,170.0,140.0,2,280.0,ATX Mid Tower,54.0,1
165.0,138.0,,,,HTPC,-27.0,0
155.0,58.0,120.0,1,,HTPC,-97.0,0
105.0,70.0,,,360.0,Mini ITX Tower,-35.0,0
158.0,160.0,,,,ATX Mid Tower,2.0,1
150.0,165.0,,,,ATX Mid Tower,15.0,1
167.0,160.0,,,,ATX Mid Tower,-7.0,0
154.0,160.0,,,,ATX Mid Tower,6.0,1
153.0,88.2,,,,ATX Mid Tower,-64.8,0
55.0,180.0,,,,ATX Mid Tower,125.0,1
163.0,160.0,,,,ATX Mid Tower,-3.0,0
73.0,67.0,120.0,2,240.0,Mini ITX Tower,-6.0,0
159.0,186.0,,,,ATX Full Tower,27.0,1
148.0,173.0,,,,ATX Mid Tower,25.0,1
110.0,180.0,,,,ATX Mid Tower,70.0,1
154.0,67.0,,,,Mini ITX Tower,-87.0,0
162.0,77.0,,,,Mini ITX Tower,-85.0,0
165.0,150.0,,,,ATX Mid Tower,-15.0,0
100.0,48.0,,,,Mini ITX Tower,-52.0,0
59.0,38.0,,,240.0,Mini ITX Tower,-21.0,0
160.0,47.0,,,,Micro ATX Desktop,-113.0,0
165.0,85.0,,,,Mini ITX Tower,-80.0,0
71.0,185.0,,,,ATX Mid Tower,114.0,1
155.0,175.0,,,,ATX Mid Tower,20.0,1
157.0,155.0,,,,ATX Mid Tower,-2.0,0
56.0,170.0,,,240.0,ATX Mid Tower,114.0,1
158.0,168.0,,,,ATX Mid Tower,10.0,1
159.0,155.0,,,,Mini ITX Tower,-4.0,0
60.0,38.0,120.0,,360.0,Mini ITX Tower,-22.0,0
51.0,185.0,,,240.0,ATX Full Tower,134.0,1
155.0,77.0,,,,Mini ITX Tower,-78.0,0
161.0,174.0,,,,ATX Mid Tower,13.0,1
158.0,165.0,,,,Micro ATX Mini Tower,7.0,1
164.0,162.0,,,,ATX Mid Tower,-2.0,0
146.0,180.0,,,,ATX Mid Tower,34.0,1
159.0,175.0,,,,ATX Mid Tower,16.0,1
169.0,160.0,,,,ATX Mid Tower,-9.0,0
155.0,85.0,120.0,2,,Mini ITX Tower,-70.0,0
47.0,185.0,,,,ATX Full Tower,138.0,1
158.0,180.0,,,,ATX Full Tower,22.0,1
158.0,114.0,,,,Mini ITX Tower,-44.0,0
170.0,167.0,,,,ATX Full Tower,-3.0,0
158.0,48.0,,,,Mini ITX Tower,-110.0,0
89.9,180.5,120.0,3,360.0,EATX Mid Tower,90.6,1
169.0,170.0,,,,ATX Mid Tower,1.0,1
123.0,190.0,,,,ATX Mid Tower,67.0,1
165.0,165.0,,,,ATX Mid Tower,0.0,1
166.0,165.0,,,,ATX Mid Tower,-1.0,0
90.0,165.0,,,240.0,Mini ITX Tower,75.0,1
161.0,165.0,,,,ATX Mid Tower,4.0,1
57.0,185.0,,,,ATX Mid Tower,128.0,1
90.0,167.0,,,360.0,ATX Mid Tower,77.0,1
27.0,185.0,,,,ATX Mid Tower,158.0,1
166.0,173.0,,,,ATX Mid Tower,7.0,1
161.0,160.0,,,,Micro ATX Mini Tower,-1.0,0
150.0,110.0,,,,Mini ITX Tower,-40.0,0
153.0,150.0,,,,ATX Mid Tower,-3.0,0
57.0,170.0,,,360.0,ATX Mid Tower,113.0,1
156.0,65.0,,,,Micro ATX Mini Tower,-91.0,0
154.0,58.0,,,,HTPC,-96.0,0
53.0,48.0,,,240.0,Mini ITX Tower,-5.0,0
165.0,160.0,,,,ATX Mid Tower,-5.0,0
28.0,180.0,,,,ATX Mid Tower,152.0,1
159.0,165.0,,,,Micro ATX Mid Tower,6.0,1
152.0,210.0,,,,Micro ATX Mini Tower,58.0,1
130.0,83.0,,,,Mini ITX Tower,-47.0,0
155.0,165.0,120.0,,,Micro ATX Mini Tower,10.0,1
161.0,110.0,,,,Mini ITX Tower,-51.0,0
135.0,180.0,,,,ATX Mid Tower,45.0,1
65.0,55.0,,,360.0,Mini ITX Tower,-10.0,0
100.0,68.0,,,360.0,Mini ITX Tower,-32.0,0
72.0,180.0,120.0,3,360.0,ATX Mid Tower,108.0,1
153.0,65.0,,,,Micro ATX Mini Tower,-88.0,0
165.0,170.0,120.0,2,,ATX Mid Tower,5.0,1
166.0,165.0,,,,Micro ATX Mini Tower,-1.0,0
153.0,150.0,,,,ATX Mid Tower,-3.0,0
123.0,135.0,,,,Micro ATX Mid Tower,12.0,1
78.0,67.0,,,,Mini ITX Tower,-11.0,0
169.0,167.0,,,,ATX Mid Tower,-2.0,0
49.0,170.0,,,360.0,ATX Mid Tower,121.0,1
50.0,187.0,,,240.0,ATX Mid Tower,137.0,1
158.0,70.0,,,,HTPC,-88.0,0
146.0,165.0,,,,ATX Mid Tower,19.0,1
62.0,163.5,120.0,3,360.0,Micro ATX Mini Tower,101.5,1
101.0,81.0,120.0,2,240.0,Micro ATX Slim Tower,-20.0,0
172.0,160.0,,,,ATX Mid Tower,-12.0,0
58.0,195.0,,,240.0,ATX Full Tower,137.0,1
159.0,165.0,,,,Mini ITX Tower,6.0,1
69.0,165.0,120.0,2,240.0,Micro ATX Mini Tower,96.0,1
158.0,70.0,,,,HTPC,-88.0,0
54.0,170.0,,,420.0,ATX Mid Tower,116.0,1
155.0,150.0,120.0,,,ATX Mid Tower,-5.0,0
166.0,160.0,120.0,,,Micro ATX Mini Tower,-6.0,0
166.0,165.0,120.0,,,Micro ATX Mid Tower,-1.0,0
155.0,95.0,,,,ATX Mid Tower,-60.0,0
156.0,200.0,,,,Mini ITX Tower,44.0,1
60.0,180.0,,,360.0,ATX Mid Tower,120.0,1
45.0,190.0,,,,ATX Mid Tower,145.0,1
153.0,65.0,,,,Mini ITX Tower,-88.0,0
160.0,70.0,,,,Mini ITX Tower,-90.0,0
160.0,169.0,,,,ATX Mid Tower,9.0,1
157.0,155.0,,,,ATX Mid Tower,-2.0,0
70.0,210.0,,,,ATX Mid Tower,140.0,1
170.0,180.0,,,,ATX Mid Tower,10.0,1
156.0,160.0,,,,ATX Mid Tower,4.0,1
158.0,150.0,,,,ATX Mid Tower,-8.0,0
155.0,180.0,,1,,ATX Mid Tower,25.0,1
158.0,155.0,,,,Micro ATX Mini Tower,-3.0,0
155.0,61.0,,,,Mini ITX Tower,-94.0,0
125.0,160.0,,,,ATX Mid Tower,35.0,1
60.0,38.0,140.0,3,420.0,Mini ITX Tower,-22.0,0
27.0,145.0,120.0,3,360.0,ATX Mid Tower,118.0,1
158.0,55.0,,,,Mini ITX Tower,-103.0,0
37.0,165.0,,,,ATX Mid Tower,128.0,1
155.0,176.0,,,,ATX Full Tower,21.0,1
52.0,165.0,,,240.0,ATX Mid Tower,113.0,1
88.0,160.0,,,,ATX Mid Tower,72.0,1
125.0,83.0,,,,Mini ITX Tower,-42.0,0
70.0,58.0,,,,HTPC,-12.0,0
80.6,165.0,120.0,2,240.0,ATX Mid Tower,84.4,1
158.0,150.0,,,,Micro ATX Mini Tower,-8.0,0
157.0,165.0,,,,Micro ATX Mini Tower,8.0,1
69.0,180.0,,,360.0,ATX Mid Tower,111.0,1
167.0,57.0,,,,Micro ATX Desktop,-110.0,0
136.0,180.0,,,,ATX Mid Tower,44.0,1
155.0,120.0,,,,Mini ITX Tower,-35.0,0
171.0,156.0,,,,ATX Mid Tower,-15.0,0
153.0,48.0,,,,Mini ITX Tower,-105.0,0
158.0,61.0,,,,Mini ITX Tower,-97.0,0
70.0,190.0,,,,ATX Mid Tower,120.0,1
65.0,168.0,,,,ATX Mid Tower,103.0,1
144.0,170.0,,,,ATX Mid Tower,26.0,1
165.0,151.0,,,,ATX Mid Tower,-14.0,0
154.0,173.0,,,,ATX Mid Tower,19.0,1
77.0,75.0,,,,Micro ATX Mini Tower,-2.0,0
145.0,81.0,,,,Micro ATX Slim Tower,-64.0,0
132.0,65.0,,,,Mini ITX Tower,-67.0,0
154.0,150.0,,,,Micro ATX Mid Tower,-4.0,0
397.0,165.0,120.0,3,360.0,Micro ATX Mini Tower,-232.0,0
160.0,55.0,,,,Mini ITX Tower,-105.0,0
110.0,75.0,,,360.0,Mini ITX Tower,-35.0,0
135.0,160.0,,,,ATX Mini Tower,25.0,1
27.0,163.5,,,,Micro ATX Mini Tower,136.5,1
154.0,135.0,,,,Micro ATX Mid Tower,-19.0,0
113.0,170.0,,,,ATX Mid Tower,57.0,1
137.0,162.0,,,,Micro ATX Mid Tower,25.0,1
155.0,77.0,,,,Mini ITX Tower,-78.0,0
160.0,90.0,,,,Micro ATX Desktop,-70.0,0
166.0,160.0,,,,ATX Mid Tower,-6.0,0
160.0,155.0,,,,Micro ATX Mid Tower,-5.0,0
50.0,205.0,,,360.0,ATX Full Tower,155.0,1
156.0,120.0,,,,Mini ITX Tower,-36.0,0
165.0,175.0,,,,EATX Full Tower,10.0,1
69.0,165.0,,,360.0,Micro ATX Mini Tower,96.0,1
84.0,170.0,360.0,3,360.0,ATX Mid Tower,86.0,1
38.0,160.0,,,360.0,ATX Mid Tower,122.0,1
30.4,210.0,120.0,2,240.0,ATX Mid Tower,179.6,1
156.0,61.0,,,,Mini ITX Tower,-95.0,0
130.0,165.0,,,,ATX Mid Tower,35.0,1
47.0,170.0,,,240.0,ATX Mid Tower,123.0,1
82.0,156.0,,,,Micro ATX Mini Tower,74.0,1
157.0,70.0,,,,Mini ITX Tower,-87.0,0
167.0,165.0,,,,ATX Mid Tower,-2.0,0
159.0,85.0,,,,Mini ITX Tower,-74.0,0
156.0,167.0,,,,EATX Mid Tower,11.0,1
154.0,160.0,,,,ATX Mid Tower,6.0,1
154.0,175.0,,,,ATX Mid Tower,21.0,1
158.0,160.0,,,,Micro ATX Mid Tower,2.0,1
63.0,120.0,,,360.0,Mini ITX Tower,57.0,1
62.0,61.0,,,240.0,Mini ITX Tower,-1.0,0
69.0,168.0,,,,Micro ATX Mini Tower,99.0,1
158.0,163.5,,,,Micro ATX Mini Tower,5.5,1
162.0,160.0,,,,ATX Mid Tower,-2.0,0
70.0,165.0,,,420.0,ATX Mid Tower,95.0,1
166.0,160.0,,,,ATX Mid Tower,-6.0,0
89.9,170.0,120.0,3,360.0,ATX Mid Tower,80.1,1
158.0,167.0,,,,Mini ITX Tower,9.0,1
166.0,163.0,,,,ATX Mid Tower,-3.0,0
152.0,83.0,,,,Mini ITX Tower,-69.0,0
60.0,48.0,120.0,3,360.0,Mini ITX Tower,-12.0,0
160.0,70.0,,,,Mini ITX Tower,-90.0,0
159.0,180.0,,,,ATX Mid Tower,21.0,1
53.0,185.0,120.0,2,240.0,ATX Full Tower,132.0,1
107.0,165.0,120.0,3,360.0,ATX Mid Tower,58.0,1
63.0,165.0,,,360.0,ATX Mid Tower,102.0,1
160.0,158.0,,,,ATX Mid Tower,-2.0,0
127.0,82.0,100.0,2,,Micro ATX Mid Tower,-45.0,0
136.0,190.0,,,,ATX Full Tower,54.0,1
150.0,170.0,,,,ATX Mid Tower,20.0,1
136.0,160.0,,,,ATX Mid Tower,24.0,1
56.0,182.0,,,,ATX Full Tower,126.0,1
148.0,48.0,120.0,,,Mini ITX Tower,-100.0,0
156.0,170.0,,,,ATX Mid Tower,14.0,1
166.0,155.0,,,,Micro ATX Mid Tower,-11.0,0
156.0,165.0,,,,ATX Mid Tower,9.0,1
59.0,190.0,,,360.0,ATX Mid Tower,131.0,1
158.0,160.0,,,,ATX Mid Tower,2.0,1
165.0,85.0,,,,Mini ITX Tower,-80.0,0
66.0,180.0,,,360.0,ATX Mid Tower,114.0,1
91.0,165.0,120.0,3,360.0,ATX Mid Tower,74.0,1
163.0,190.0,,,,ATX Full Tower,27.0,1
64.0,138.0,,,,HTPC,74.0,1
60.0,77.0,120.0,1,240.0,Mini ITX Tower,17.0,1
160.0,170.0,,,,ATX Mid Tower,10.0,1
116.0,165.0,120.0,2,240.0,ATX Mid Tower,49.0,1
60.0,58.0,,,240.0,HTPC,-2.0,0
47.0,190.0,,,120.0,ATX Full Tower,143.0,1
158.0,165.0,,,,ATX Mid Tower,7.0,1
118.0,210.0,,,,ATX Mid Tower,92.0,1
160.0,70.0,,,,Mini ITX Tower,-90.0,0
159.0,160.0,,,,ATX Mid Tower,1.0,1
145.0,138.0,,,,HTPC,-7.0,0
54.0,180.5,,,240.0,EATX Mid Tower,126.5,1
47.0,185.0,,,,ATX Mid Tower,138.0,1
129.0,180.0,,,,EATX Mid Tower,51.0,1
170.0,155.0,,,,Micro ATX Mini Tower,-15.0,0
160.0,151.0,,,,ATX Mid Tower,-9.0,0
162.0,160.0,,,,ATX Mid Tower,-2.0,0
160.0,150.0,,,,Micro ATX Mini Tower,-10.0,0
69.0,68.0,,,,Mini ITX Tower,-1.0,0
152.0,167.0,,,,ATX Mid Tower,15.0,1
135.0,175.0,,,,ATX Mid Tower,40.0,1
135.0,165.0,,,,Micro ATX Mini Tower,30.0,1
164.0,160.0,,,,ATX Mid Tower,-4.0,0
153.0,70.0,,,,Mini ITX Tower,-83.0,0
155.0,50.0,,,,Mini ITX Tower,-105.0,0
33.0,185.0,,,120.0,ATX Mid Tower,152.0,1
166.0,61.0,,,,Mini ITX Tower,-105.0,0
165.0,155.0,,,,Mini ITX Tower,-10.0,0
158.0,190.0,,,,ATX Full Tower,32.0,1
65.0,161.0,280.0,1,280.0,Micro ATX Mid Tower,96.0,1
159.0,61.0,120.0,,,Mini ITX Tower,-98.0,0
116.0,77.0,120.0,3,360.0,Mini ITX Tower,-39.0,0
52.0,185.0,,,120.0,ATX Full Tower,133.0,1
69.0,67.0,,,,Mini ITX Tower,-2.0,0
152.0,70.0,,,,HTPC,-82.0,0
62.0,166.0,,,360.0,ATX Mid Tower,104.0,1
158.0,70.0,,,,Mini ITX Tower,-88.0,0
166.0,165.0,,,,ATX Mid Tower,-1.0,0
155.0,183.0,,,,ATX Mid Tower,28.0,1
100.0,187.0,,,,Micro ATX Mid Tower,87.0,1
166.0,190.0,120.0,,,EATX Mid Tower,24.0,1
155.0,170.0,,,,ATX Mid Tower,15.0,1
159.0,165.0,,,,Micro ATX Mini Tower,6.0,1
62.0,180.0,,,360.0,ATX Mid Tower,118.0,1
161.0,160.0,,,,ATX Mid Tower,-1.0,0
110.0,83.0,,,,Mini ITX Tower,-27.0,0
125.0,170.0,,,,ATX Mid Tower,45.0,1
159.0,185.0,,,,EATX Mid Tower,26.0,1
154.0,168.0,,,,ATX Mid Tower,14.0,1
135.0,210.0,,,,Micro ATX Mini Tower,75.0,1
397.0,210.0,120.0,3,360.0,ATX Mid Tower,-187.0,0
161.0,160.0,,,,Micro ATX Mid Tower,-1.0,0
62.0,190.0,,,360.0,ATX Mid Tower,128.0,1
165.0,160.0,,,,ATX Mid Tower,-5.0,0
155.0,182.0,120.0,1,,ATX Mid Tower,27.0,1
68.0,172.0,,,,Mini ITX Tower,104.0,1
157.0,65.0,,,,HTPC,-92.0,0
159.0,48.0,,,,Mini ITX Tower,-111.0,0
130.0,175.0,,,,ATX Mid Tower,45.0,1
162.0,160.0,,,,ATX Mid Tower,-2.0,0
158.0,70.0,,,,Mini ITX Tower,-88.0,0
125.0,170.0,,,,ATX Mid Tower,45.0,1
45.0,170.0,92.0,,,ATX Mid Tower,125.0,1
88.0,160.0,,,,ATX Mid Tower,72.0,1
53.0,165.0,120.0,3,360.0,Micro ATX Mini Tower,112.0,1
155.0,148.0,120.0,1,,ATX Mid Tower,-7.0,0
133.0,190.0,,,,ATX Mid Tower,57.0,1
157.0,114.0,,,,Mini ITX Tower,-43.0,0
151.0,170.0,,,,ATX Mid Tower,19.0,1
160.0,166.0,,,,Micro ATX Mini Tower,6.0,1
60.0,190.0,120.0,3,360.0,ATX Full Tower,130.0,1
171.0,160.0,,,,ATX Mid Tower,-11.0,0
171.0,170.0,,,,ATX Mid Tower,-1.0,0
157.0,165.0,120.0,2,,Micro ATX Mini Tower,8.0,1
150.0,185.0,,,,ATX Mid Tower,35.0,1
166.0,160.0,,,,ATX Mid Tower,-6.0,0
27.0,160.0,120.0,3,360.0,ATX Mid Tower,133.0,1
159.0,180.0,120.0,1,,ATX Mid Tower,21.0,1
155.0,38.0,,,,Mini ITX Tower,-117.0,0
110.0,171.0,,,,ATX Mid Tower,61.0,1
160.0,170.0,120.0,2,,ATX Mid Tower,10.0,1
159.0,156.0,,,,Micro ATX Mid Tower,-3.0,0
65.0,170.0,,,360.0,ATX Mid Tower,105.0,1
154.0,150.0,120.0,1,,Mini ITX Tower,-4.0,0
162.0,156.0,135.0,2,,ATX Mid Tower,-6.0,0
170.0,95.0,,,,ATX Mid Tower,-75.0,0
168.0,162.0,120.0,,,Micro ATX Mid Tower,-6.0,0
165.0,155.0,,,,ATX Mid Tower,-10.0,0
59.0,169.0,,,240.0,ATX Mid Tower,110.0,1
158.0,157.0,140.0,2,,Micro ATX Mini Tower,-1.0,0
124.0,195.0,,,,ATX Mid Tower,71.0,1
158.0,165.0,,,,ATX Mid Tower,7.0,1
94.5,135.0,120.0,1,,Micro ATX Mid Tower,40.5,1
170.0,85.0,,,,Mini ITX Tower,-85.0,0
65.0,190.0,,,360.0,EATX Mid Tower,125.0,1
60.0,170.0,120.0,,360.0,ATX Mid Tower,110.0,1
160.0,155.0,,,,Mini ITX Tower,-5.0,0
155.0,172.0,120.0,2,,ATX Mid Tower,17.0,1
154.0,165.0,120.0,2,,Micro ATX Mini Tower,11.0,1
67.0,138.0,,,,HTPC,71.0,1
155.0,170.0,,,,ATX Mid Tower,15.0,1
69.0,77.0,,,360.0,Mini ITX Tower,8.0,1
156.0,150.0,,,,Micro ATX Mid Tower,-6.0,0
154.0,165.0,,,,ATX Mid Tower,11.0,1
154.0,120.0,,,,Mini ITX Tower,-34.0,0
148.0,77.0,,,,Mini ITX Tower,-71.0,0
162.0,160.0,,,,ATX Full Tower,-2.0,0
142.0,185.0,,,,ATX Mid Tower,43.0,1
166.0,55.0,,,,Mini ITX Tower,-111.0,0
161.0,170.0,,,,ATX Mid Tower,9.0,1
67.0,180.0,,,,ATX Mid Tower,113.0,1
110.0,175.0,,,,ATX Mid Tower,65.0,1
160.0,154.0,,,,Micro ATX Mid Tower,-6.0,0
148.0,165.0,,,,ATX Mid Tower,17.0,1
159.0,185.0,,,,ATX Mid Tower,26.0,1
155.0,180.0,,,,ATX Mid Tower,25.0,1
125.0,170.0,,,,ATX Mid Tower,45.0,1
152.0,160.0,,,,ATX Mid Tower,8.0,1
172.0,180.0,,,,ATX Mid Tower,8.0,1
157.0,85.0,,,,Mini ITX Tower,-72.0,0
63.0,170.0,,,,ATX Mid Tower,107.0,1
397.0,170.0,120.0,3,360.0,ATX Mid Tower,-227.0,0
134.0,156.0,,,,ATX Mid Tower,22.0,1
154.0,165.0,,,,Micro ATX Mini Tower,11.0,1
156.0,170.0,,,,ATX Mid Tower,14.0,1
147.0,145.0,,,,ATX Mid Tower,-2.0,0
148.0,70.0,,,,Mini ITX Tower,-78.0,0
77.0,165.0,,,,ATX Mid Tower,88.0,1
154.0,120.0,,,,Mini ITX Tower,-34.0,0
156.0,155.0,,,,Micro ATX Mid Tower,-1.0,0
63.0,165.0,,,360.0,ATX Mid Tower,102.0,1
158.0,190.0,,,,ATX Mid Tower,32.0,1
165.0,150.0,,,,Micro ATX Mini Tower,-15.0,0
162.0,175.0,,,,ATX Mid Tower,13.0,1
155.0,279.0,,,,ATX Mid Tower,124.0,1
155.0,185.0,,,,ATX Mid Tower,30.0,1
158.0,166.0,,,,Micro ATX Mini Tower,8.0,1
160.0,165.0,,,,ATX Mid Tower,5.0,1
60.0,164.0,120.0,2,240.0,ATX Mid Tower,104.0,1
151.0,175.0,,,,ATX Mid Tower,24.0,1
142.0,61.0,,,,Mini ITX Tower,-81.0,0
132.0,167.0,,,,ATX Full Tower,35.0,1
157.0,185.0,,,,ATX Full Tower,28.0,1
107.0,65.0,120.0,3,360.0,HTPC,-42.0,0
161.0,145.0,,,,ATX Mid Tower,-16.0,0
73.0,70.0,120.0,3,360.0,HTPC,-3.0,0
155.0,200.0,,,,ATX Full Tower,45.0,1
159.0,180.0,,,,ATX Mid Tower,21.0,1
155.0,150.0,,,,Mini ITX Tower,-5.0,0
137.0,155.0,,,,ATX Mid Tower,18.0,1
116.0,170.0,140.0,2,280.0,ATX Mid Tower,54.0,1
154.0,167.0,,,,EATX Full Tower,13.0,1
161.0,160.0,,,,ATX Mid Tower,-1.0,0
42.0,170.0,,,360.0,ATX Mid Tower,128.0,1
154.0,190.0,,,,ATX Mid Tower,36.0,1
71.0,61.0,,,,Mini ITX Tower,-10.0,0
56.0,160.0,,,280.0,ATX Mid Tower,104.0,1
153.0,175.0,,,,ATX Mid Tower,22.0,1
125.0,170.0,,,360.0,ATX Mid Tower,45.0,1
135.0,67.0,,,,Mini ITX Tower,-68.0,0
66.0,160.0,,,360.0,ATX Mid Tower,94.0,1
134.0,70.0,,,,HTPC,-64.0,0
154.0,146.0,,,,HTPC,-8.0,0
68.0,160.0,,,,ATX Mid Tower,92.0,1
60.0,160.0,,,360.0,ATX Mid Tower,100.0,1
162.0,138.0,,,,HTPC,-24.0,0
157.0,151.0,,,,ATX Mid Tower,-6.0,0
160.0,151.0,,,,Micro ATX Mini Tower,-9.0,0
130.0,187.0,,,,ATX Mid Tower,57.0,1
67.0,170.0,,,360.0,ATX Mid Tower,103.0,1
186.0,77.0,120.0,3,360.0,Mini ITX Tower,-109.0,0
37.0,57.0,,,,Micro ATX Desktop,20.0,1
166.0,135.0,,,,Micro ATX Mid Tower,-31.0,0
154.0,70.0,,,,Mini ITX Tower,-84.0,0
148.0,160.0,,,,ATX Mid Tower,12.0,1
154.0,140.0,,,,Mini ITX Tower,-14.0,0
148.0,145.0,,,,ATX Mid Tower,-3.0,0
154.0,170.0,,,,ATX Mid Tower,16.0,1
69.0,110.0,,,360.0,Mini ITX Tower,41.0,1
157.0,180.0,120.0,2,,ATX Mid Tower,23.0,1
158.0,190.0,,,,EATX Full Tower,32.0,1
159.0,67.0,,,,Mini ITX Tower,-92.0,0
75.0,175.0,,,,ATX Mid Tower,100.0,1
68.0,205.0,,,360.0,ATX Full Tower,137.0,1
154.0,182.0,120.0,2,,ATX Mid Tower,28.0,1
164.0,155.0,,,,ATX Mid Tower,-9.0,0
82.0,55.0,,3,360.0,Mini ITX Tower,-27.0,0
170.0,160.0,,,,ATX Mid Tower,-10.0,0
159.0,155.0,,,,ATX Mid Tower,-4.0,0
158.0,156.0,,,,ATX Mid Tower,-2.0,0
172.0,165.0,,,,ATX Mid Tower,-7.0,0
60.0,184.0,,,,ATX Mid Tower,124.0,1
165.0,81.0,,,,Micro ATX Slim Tower,-84.0,0
90.0,175.0,,,240.0,EATX Full Tower,85.0,1
64.0,190.0,,,240.0,ATX Mid Tower,126.0,1
63.0,176.0,,,240.0,ATX Mid Tower,113.0,1
157.0,160.0,,,,ATX Mid Tower,3.0,1
156.0,171.0,,,,ATX Mid Tower,15.0,1
73.0,176.0,120.0,2,240.0,ATX Full Tower,103.0,1
156.0,155.0,,,,ATX Mid Tower,-1.0,0
165.0,160.0,,,,Micro ATX Mini Tower,-5.0,0
63.0,165.0,,,,Micro ATX Mid Tower,102.0,1
186.0,160.0,120.0,3,360.0,Micro ATX Mid Tower,-26.0,0
56.0,170.0,,,120.0,ATX Mid Tower,114.0,1
42.0,170.0,,,280.0,ATX Mid Tower,128.0,1
165.0,155.0,,,,Micro ATX Mini Tower,-10.0,0
165.0,160.0,,,,ATX Mid Tower,-5.0,0
158.0,165.0,,,,ATX Mid Tower,7.0,1
160.0,50.0,,,,Mini ITX Tower,-110.0,0
168.0,154.0,120.0,,,Micro ATX Mid Tower,-14.0,0
52.0,181.0,,,120.0,ATX Mid Tower,129.0,1
53.0,163.5,120.0,2,240.0,Micro ATX Mini Tower,110.5,1
158.0,210.0,,,,ATX Mid Tower,52.0,1
134.0,82.0,,,,Micro ATX Mid Tower,-52.0,0
148.0,190.0,,,,ATX Mid Tower,42.0,1
27.0,173.0,,,,ATX Mid Tower,146.0,1
155.0,88.2,,,,ATX Mid Tower,-66.8,0
55.0,184.0,,,240.0,ATX Mid Tower,129.0,1
154.0,170.0,,,,ATX Mid Tower,16.0,1
154.0,140.0,120.0,2,,Mini ITX Tower,-14.0,0
169.0,77.0,,,,Mini ITX Tower,-92.0,0
146.0,75.0,,,,Micro ATX Mini Tower,-71.0,0
154.0,171.0,,,,ATX Mid Tower,17.0,1
157.0,68.0,,,,Mini ITX Tower,-89.0,0
125.0,180.0,,,,ATX Mid Tower,55.0,1
154.0,88.2,,,,ATX Mid Tower,-65.8,0
159.0,155.0,,,,Mini ITX Tower,-4.0,0
52.0,180.0,,,120.0,ATX Mid Tower,128.0,1
157.0,156.0,,,,ATX Mid Tower,-1.0,0
156.0,155.0,,,,Micro ATX Mini Tower,-1.0,0
160.0,150.0,,,,Micro ATX Mini Tower,-10.0,0
161.0,67.0,,,,Mini ITX Tower,-94.0,0
158.0,156.0,,,,ATX Mid Tower,-2.0,0
135.0,88.2,120.0,1,,ATX Mid Tower,-46.8,0
151.0,88.2,120.0,2,,ATX Mid Tower,-62.8,0
56.0,190.0,120.0,,360.0,ATX Mid Tower,134.0,1
163.0,160.0,120.0,,,Micro ATX Mini Tower,-3.0,0
165.0,162.0,120.0,2,,Micro ATX Mid Tower,-3.0,0
137.0,77.0,,,,Mini ITX Tower,-60.0,0
129.0,70.0,,,,HTPC,-59.0,0
150.0,169.0,,,,ATX Mid Tower,19.0,1
165.0,170.0,,,,ATX Mid Tower,5.0,1
54.0,167.0,,,360.0,ATX Full Tower,113.0,1
166.0,158.0,,,,ATX Mid Tower,-8.0,0
63.0,160.0,,,240.0,ATX Mid Tower,97.0,1
64.0,180.0,,,,ATX Mid Tower,116.0,1
164.0,77.0,,,,Mini ITX Tower,-87.0,0
72.0,70.0,,,240.0,Mini ITX Tower,-2.0,0
158.0,170.0,,,,ATX Mid Tower,12.0,1
139.0,61.0,,,,Mini ITX Tower,-78.0,0
162.0,70.0,135.0,2,,Micro ATX Desktop,-92.0,0
135.0,48.0,,,,Mini ITX Tower,-87.0,0
105.0,68.0,,,280.0,Mini ITX Tower,-37.0,0
150.0,171.0,,,,ATX Mid Tower,21.0,1
155.0,67.0,,,,Mini ITX Tower,-88.0,0
28.0,185.0,,,,ATX Full Tower,157.0,1
165.0,170.0,,,,ATX Mid Tower,5.0,1
154.0,65.0,,,,HTPC,-89.0,0
158.0,150.0,,,,Micro ATX Mini Tower,-8.0,0
170.0,160.0,,,,ATX Mid Tower,-10.0,0
60.0,170.0,,,240.0,ATX Mid Tower,110.0,1
165.0,155.0,,,,Micro ATX Mid Tower,-10.0,0
166.0,75.0,,,,Micro ATX Mini Tower,-91.0,0
69.0,160.0,120.0,,360.0,Micro ATX Mini Tower,91.0,1
162.0,160.0,,,,Micro ATX Mid Tower,-2.0,0
48.0,190.0,,,120.0,ATX Mid Tower,142.0,1
65.0,195.0,,,240.0,ATX Full Tower,130.0,1
72.0,165.0,120.0,3,360.0,ATX Mid Tower,93.0,1
158.0,55.0,,,,Mini ITX Tower,-103.0,0
63.0,182.0,,,,ATX Mid Tower,119.0,1
75.0,75.0,120.0,2,240.0,Micro ATX Mini Tower,0.0,1
167.0,175.0,,,,ATX Mid Tower,8.0,1
42.0,165.0,,,,ATX Mid Tower,123.0,1
158.0,170.0,,,,ATX Mid Tower,12.0,1
163.0,160.0,,,,ATX Mid Tower,-3.0,0
127.0,165.0,100.0,,,ATX Mid Tower,38.0,1
156.0,146.0,,,,ATX Mid Tower,-10.0,0
150.0,175.0,,,,ATX Mid Tower,25.0,1
156.0,61.0,,,,Mini ITX Tower,-95.0,0
160.0,160.0,,,,ATX Mid Tower,0.0,1
77.0,160.0,,,,Micro ATX Mid Tower,83.0,1
101.0,70.0,120.0,3,360.0,HTPC,-31.0,0
66.0,45.0,,,360.0,Mini ITX Tower,-21.0,0
155.0,170.0,120.0,1,,ATX Mid Tower,15.0,1
154.0,50.0,,,,Mini ITX Tower,-104.0,0
68.0,210.0,140.0,3,420.0,ATX Mid Tower,142.0,1
157.0,68.0,,,,Mini ITX Tower,-89.0,0
80.6,165.0,120.0,3,360.0,ATX Mid Tower,84.4,1
157.0,163.5,,,,Micro ATX Mid Tower,6.5,1
63.0,176.0,,,360.0,ATX Full Tower,113.0,1
155.0,68.0,120.0,,,Mini ITX Tower,-87.0,0
153.0,150.0,,,,ATX Mid Tower,-3.0,0
158.0,180.0,,,,ATX Mid Tower,22.0,1
156.0,88.2,,,,ATX Mid Tower,-67.8,0
164.0,160.0,,,,ATX Mid Tower,-4.0,0
157.0,155.0,,,,Micro ATX Mid Tower,-2.0,0
17.0,159.0,,,,Micro ATX Mid Tower,142.0,1
158.0,150.0,,,,ATX Mid Tower,-8.0,0
162.0,169.0,,,,ATX Full Tower,7.0,1
157.0,154.0,,,,Micro ATX Mid Tower,-3.0,0
62.0,165.0,,,360.0,Micro ATX Mini Tower,103.0,1
154.0,160.0,120.0,2,,ATX Mid Tower,6.0,1
62.0,180.0,,,240.0,ATX Mid Tower,118.0,1
145.0,83.0,,,,Mini ITX Tower,-62.0,0
154.0,165.0,,,,ATX Mid Tower,11.0,1
158.0,185.0,,,,ATX Mid Tower,27.0,1
160.0,148.0,,,,Micro ATX Mid Tower,-12.0,0
158.0,90.0,,,,Micro ATX Desktop,-68.0,0
136.0,150.0,,,,ATX Mid Tower,14.0,1
14.0,190.0,,,,ATX Mid Tower,176.0,1
159.0,156.0,,,,ATX Mid Tower,-3.0,0
156.0,160.0,,,,Micro ATX Mini Tower,4.0,1
156.0,161.0,,,,ATX Mid Tower,5.0,1
158.0,150.0,,,,Micro ATX Mid Tower,-8.0,0
69.0,65.0,140.0,2,280.0,Micro ATX Mini Tower,-4.0,0
126.0,65.0,,,,HTPC,-61.0,0
105.0,180.0,,,360.0,ATX Mid Tower,75.0,1
28.0,167.0,,,,ATX Mid Tower,139.0,1
156.0,48.0,,,,Mini ITX Tower,-108.0,0
150.0,161.0,,,,ATX Mid Tower,11.0,1
166.0,67.0,,,,Mini ITX Tower,-99.0,0
69.0,190.0,,,360.0,ATX Full Tower,121.0,1
158.0,155.0,,,,ATX Mid Tower,-3.0,0
66.0,175.0,,,,ATX Mid Tower,109.0,1
81.0,165.0,120.0,3,360.0,ATX Mid Tower,84.0,1
165.0,70.0,,,,Mini ITX Tower,-95.0,0
155.0,165.0,,,,Micro ATX Mid Tower,10.0,1
155.0,168.0,,,,ATX Mid Tower,13.0,1
162.0,190.0,,,,ATX Mid Tower,28.0,1
159.0,170.0,,,,ATX Mid Tower,11.0,1
51.0,180.0,,,360.0,ATX Full Tower,129.0,1
155.0,190.0,,,,EATX Full Tower,35.0,1
166.0,165.0,,,,ATX Mid Tower,-1.0,0
52.0,180.0,,,240.0,ATX Mid Tower,128.0,1
123.0,170.0,,,,Micro ATX Mid Tower,47.0,1
158.0,180.0,,,,ATX Mid Tower,22.0,1
160.0,120.0,,,,Mini ITX Tower,-40.0,0
105.0,170.0,,,360.0,ATX Mid Tower,65.0,1
160.0,150.0,,,,Mini ITX Tower,-10.0,0
165.0,120.0,,,,Mini ITX Tower,-45.0,0
154.0,70.0,,,,Mini ITX Tower,-84.0,0
154.0,180.0,,,,ATX Mid Tower,26.0,1
157.0,110.0,,,,Mini ITX Tower,-47.0,0
125.0,77.0,120.0,2,240.0,Mini ITX Tower,-48.0,0
159.0,120.0,,,,Mini ITX Tower,-39.0,0
153.0,170.0,,,,ATX Mid Tower,17.0,1
47.0,167.0,,,,ATX Mid Tower,120.0,1
60.0,68.0,120.0,3,360.0,Mini ITX Tower,8.0,1
163.0,140.0,120.0,,,Mini ITX Tower,-23.0,0
154.0,170.0,,,,ATX Mid Tower,16.0,1
53.0,185.0,,,360.0,EATX Mid Tower,132.0,1
159.0,170.0,,,,ATX Mid Tower,11.0,1
163.0,162.0,120.0,,,ATX Mid Tower,-1.0,0
135.0,178.0,,,,ATX Mid Tower,43.0,1
159.0,70.0,,,,Mini ITX Tower,-89.0,0
53.0,68.0,120.0,2,240.0,Mini ITX Tower,15.0,1
157.0,180.0,,,,ATX Mid Tower,23.0,1
168.0,165.0,120.0,,,ATX Mid Tower,-3.0,0
30.0,195.0,120.0,2,360.0,ATX Mid Tower,165.0,1
165.0,160.0,,,,ATX Mid Tower,-5.0,0
127.0,120.0,100.0,,,Mini ITX Tower,-7.0,0
35.0,180.0,,,,ATX Mid Tower,145.0,1
158.0,70.0,,,,HTPC,-88.0,0
136.0,173.0,,,,ATX Mid Tower,37.0,1
160.0,82.0,,,,Micro ATX Desktop,-78.0,0
163.0,160.0,120.0,,,ATX Mid Tower,-3.0,0
65.0,185.0,240.0,1,240.0,ATX Mid Tower,120.0,1
162.0,160.0,,,,EATX Mid Tower,-2.0,0
163.0,160.0,120.0,,,Micro ATX Mini Tower,-3.0,0
52.0,180.0,120.0,1,120.0,ATX Mid Tower,128.0,1
158.0,150.0,140.0,2,,ATX Mid Tower,-8.0,0
56.0,175.0,,,240.0,ATX Mid Tower,119.0,1
136.0,68.0,,,,Mini ITX Tower,-68.0,0
160.0,70.0,120.0,1,,HTPC,-90.0,0
160.0,156.0,,,,Micro ATX Mid Tower,-4.0,0
168.0,160.0,,,,ATX Mid Tower,-8.0,0
160.0,175.0,,,,ATX Mid Tower,15.0,1
186.0,190.0,120.0,3,360.0,ATX Mid Tower,4.0,1
136.0,160.0,,,,ATX Mid Tower,24.0,1
154.0,151.0,,,,Micro ATX Mini Tower,-3.0,0
150.0,83.0,,,,Mini ITX Tower,-67.0,0
159.0,155.0,120.0,,,ATX Full Tower,-4.0,0
158.0,155.0,,,,ATX Mid Tower,-3.0,0
136.0,83.0,,,,Mini ITX Tower,-53.0,0
52.0,170.0,140.0,2,280.0,ATX Mid Tower,118.0,1
91.0,170.0,120.0,3,360.0,ATX Mid Tower,79.0,1
134.0,95.0,,,,ATX Mid Tower,-39.0,0
159.0,150.0,,,,Micro ATX Mid Tower,-9.0,0
160.0,70.0,,,,Mini ITX Tower,-90.0,0
157.0,155.0,120.0,2,,ATX Mid Tower,-2.0,0
155.0,175.0,,,,ATX Mid Tower,20.0,1
118.0,160.0,120.0,,,ATX Mid Tower,42.0,1
154.0,70.0,,,,HTPC,-84.0,0
95.0,182.0,,,,ATX Full Tower,87.0,1
186.0,138.0,120.0,3,360.0,HTPC,-48.0,0
154.0,61.0,,,,Mini ITX Tower,-93.0,0
160.0,184.0,,,,ATX Mid Tower,24.0,1
126.0,160.0,,,,Mini ITX Tower,34.0,1
150.0,179.0,,,,ATX Mid Tower,29.0,1
135.0,185.0,,,,ATX Mid Tower,50.0,1
154.0,82.0,,,,Micro ATX Desktop,-72.0,0
157.0,70.0,,,,Mini ITX Tower,-87.0,0
158.0,70.0,,,,Mini ITX Tower,-88.0,0
143.0,168.0,,,,ATX Mid Tower,25.0,1
69.0,178.0,,,360.0,ATX Mid Tower,109.0,1
171.0,61.0,,,,Mini ITX Tower,-110.0,0
75.0,180.0,,,,ATX Full Tower,105.0,1
159.0,160.0,,,,Micro ATX Mini Tower,1.0,1
66.0,165.0,120.0,3,360.0,ATX Mid Tower,99.0,1
139.0,170.0,,,,ATX Mid Tower,31.0,1
100.0,170.0,,,,ATX Mid Tower,70.0,1
145.0,166.0,,,,ATX Mid Tower,21.0,1
154.0,185.0,,,,ATX Full Tower,31.0,1
65.0,195.0,,,360.0,ATX Mid Tower,130.0,1
159.0,160.0,,,,ATX Mid Tower,1.0,1
137.0,170.0,120.0,3,360.0,ATX Full Tower,33.0,1
65.0,200.0,,,360.0,EATX Full Tower,135.0,1
69.0,185.0,120.0,,360.0,ATX Full Tower,116.0,1
155.0,150.0,,,,ATX Mid Tower,-5.0,0
157.0,171.0,140.0,2,280.0,ATX Mid Tower,14.0,1
52.0,185.0,,,360.0,ATX Mid Tower,133.0,1
172.0,166.0,,,,ATX Mid Tower,-6.0,0
142.0,165.0,,,,ATX Mid Tower,23.0,1
160.0,88.2,,,,ATX Mid Tower,-71.8,0
397.0,185.0,120.0,3,360.0,ATX Mid Tower,-212.0,0
165.0,160.0,,,,Micro ATX Mini Tower,-5.0,0
159.0,155.0,,,,ATX Mid Tower,-4.0,0
123.0,70.0,100.0,1,,HTPC,-53.0,0
79.0,61.0,,,,Mini ITX Tower,-18.0,0
160.0,155.0,,,,Micro ATX Mini Tower,-5.0,0
165.0,150.0,,,,Mini ITX Tower,-15.0,0
60.0,165.0,,,360.0,ATX Mid Tower,105.0,1
165.0,65.0,,,,Mini ITX Tower,-100.0,0
160.0,155.0,,,,ATX Mid Tower,-5.0,0
72.0,168.0,,,,Micro ATX Mini Tower,96.0,1
171.0,195.0,,,,ATX Full Tower,24.0,1
159.0,146.0,,,,ATX Mid Tower,-13.0,0
62.0,160.0,,,360.0,ATX Mid Tower,98.0,1
165.0,90.0,,,,Micro ATX Desktop,-75.0,0
68.0,183.0,,,360.0,ATX Mid Tower,115.0,1
56.0,155.0,,,280.0,Micro ATX Mini Tower,99.0,1
159.0,170.0,,,,Micro ATX Mid Tower,11.0,1
158.0,85.0,,,,Mini ITX Tower,-73.0,0
68.0,180.0,,,,ATX Mid Tower,112.0,1
56.0,47.0,,,240.0,Micro ATX Desktop,-9.0,0
154.0,114.0,,,,Mini ITX Tower,-40.0,0
64.0,190.0,,,360.0,ATX Mid Tower,126.0,1
155.0,90.0,,,,Micro ATX Desktop,-65.0,0
166.0,165.0,,,,ATX Mid Tower,-1.0,0
162.0,145.0,,,,ATX Mid Tower,-17.0,0
155.0,165.0,,,,ATX Mid Tower,10.0,1
160.0,156.0,,,,ATX Mid Tower,-4.0,0
62.0,50.0,,,240.0,Mini ITX Tower,-12.0,0
80.6,82.0,120.0,3,360.0,Micro ATX Mini Tower,1.4,1
125.0,85.0,,,,Mini ITX Tower,-40.0,0
166.0,162.0,,,,ATX Mid Tower,-4.0,0
155.0,180.0,,,,ATX Mid Tower,25.0,1
166.0,163.5,120.0,,,Micro ATX Mid Tower,-2.5,0
158.0,160.0,,,,ATX Mid Tower,2.0,1
169.0,165.0,,,,ATX Mid Tower,-4.0,0
136.0,170.0,,,,ATX Mid Tower,34.0,1
155.0,168.0,,,,Micro ATX Mini Tower,13.0,1
150.0,170.0,,,,ATX Mid Tower,20.0,1
52.0,175.0,,,360.0,ATX Mid Tower,123.0,1
93.0,167.0,,,,ATX Mid Tower,74.0,1
116.0,83.0,120.0,3,360.0,Mini ITX Tower,-33.0,0
159.0,148.0,,,,ATX Mid Tower,-11.0,0
165.0,166.0,,,,Micro ATX Mini Tower,1.0,1
61.85,167.0,120.0,3,360.0,Micro ATX Mini Tower,105.15,1
158.0,158.75,,,,ATX Mid Tower,0.75,1
157.0,166.0,120.0,2,,ATX Mid Tower,9.0,1
67.0,170.0,,,,Micro ATX Mid Tower,103.0,1
68.0,165.0,,,360.0,ATX Mid Tower,97.0,1
70.0,172.0,,,240.0,ATX Mid Tower,102.0,1
133.0,165.0,,,,ATX Mid Tower,32.0,1
157.0,180.0,120.0,2,,ATX Mid Tower,23.0,1
165.0,190.0,,,,EATX Mid Tower,25.0,1
50.0,170.0,,,240.0,ATX Mid Tower,120.0,1
33.0,165.0,,,120.0,ATX Mid Tower,132.0,1
157.0,120.0,,,,Mini ITX Tower,-37.0,0
155.0,114.0,,,,Mini ITX Tower,-41.0,0
157.0,70.0,,,,Mini ITX Tower,-87.0,0
130.0,85.0,,,,Mini ITX Tower,-45.0,0
136.0,70.0,,,,Mini ITX Tower,-66.0,0
155.0,165.0,,,,Micro ATX Mini Tower,10.0,1
121.0,165.0,,,,Micro ATX Mini Tower,44.0,1
78.0,155.0,120.0,3,360.0,Micro ATX Mid Tower,77.0,1
154.0,88.2,,,,ATX Mid Tower,-65.8,0
80.6,160.0,120.0,2,240.0,ATX Mid Tower,79.4,1
154.0,77.0,,,,Mini ITX Tower,-77.0,0
151.0,88.2,120.0,2,,ATX Mid Tower,-62.8,0
160.0,150.0,,,,ATX Mid Tower,-10.0,0
168.0,50.0,120.0,,,Mini ITX Tower,-118.0,0
155.0,170.0,,,,ATX Mid Tower,15.0,1
63.0,159.0,,,,Micro ATX Mini Tower,96.0,1
68.0,57.0,,,240.0,Micro ATX Desktop,-11.0,0
160.0,150.0,,,,Micro ATX Mini Tower,-10.0,0
161.0,157.0,120.0,2,,ATX Mid Tower,-4.0,0
65.0,145.0,120.0,3,360.0,ATX Mid Tower,80.0,1
165.0,57.0,,,,Mini ITX Tower,-108.0,0
89.9,70.0,120.0,3,360.0,Micro ATX Desktop,-19.9,0
60.0,188.0,,,,ATX Mid Tower,128.0,1
53.0,165.0,120.0,2,240.0,ATX Mid Tower,112.0,1
134.0,138.0,,,,HTPC,4.0,1
148.0,180.0,,,,ATX Mid Tower,32.0,1
160.0,155.0,,,,Mini ITX Tower,-5.0,0
156.0,145.0,,,,ATX Mid Tower,-11.0,0
165.0,150.0,,,,Micro ATX Mid Tower,-15.0,0
130.0,165.0,,,,ATX Mid Tower,35.0,1
171.0,160.0,,,,ATX Mid Tower,-11.0,0
53.0,170.0,95.0,2,,Micro ATX Mid Tower,117.0,1
161.0,160.0,120.0,2,,ATX Mid Tower,-1.0,0
127.0,77.0,100.0,,,Mini ITX Tower,-50.0,0
114.0,82.0,,,,Micro ATX Mid Tower,-32.0,0
164.0,160.0,,,,ATX Mid Tower,-4.0,0
161.0,156.0,,,,ATX Mid Tower,-5.0,0
156.0,172.0,,,,ATX Mid Tower,16.0,1
158.0,160.0,,,,Micro ATX Mini Tower,2.0,1
52.0,148.0,,,120.0,Micro ATX Mini Tower,96.0,1
156.0,190.0,,,,ATX Mid Tower,34.0,1
165.0,163.0,,,,ATX Mid Tower,-2.0,0
154.0,175.0,,,,ATX Mid Tower,21.0,1
57.0,157.0,,,,Micro ATX Mini Tower,100.0,1
52.0,165.0,,,360.0,ATX Full Tower,113.0,1
130.0,166.0,,,,ATX Mid Tower,36.0,1
136.0,190.0,,,,ATX Mid Tower,54.0,1
159.0,167.0,,,,ATX Mid Tower,8.0,1
160.0,168.0,,,,ATX Mid Tower,8.0,1
38.0,167.0,,,240.0,ATX Full Tower,129.0,1
161.0,185.0,,,,ATX Full Tower,24.0,1
155.0,170.0,,,,ATX Mid Tower,15.0,1
157.0,70.0,120.0,2,,HTPC,-87.0,0
110.0,82.0,,,,Mini ITX Tower,-28.0,0
157.0,170.0,,,,Micro ATX Mid Tower,13.0,1
51.0,182.0,,,240.0,ATX Full Tower,131.0,1
158.0,65.0,,,,Micro ATX Mini Tower,-93.0,0
155.0,75.0,,,,Mini ITX Tower,-80.0,0
155.0,160.0,,,,ATX Mid Tower,5.0,1
105.0,67.0,,,360.0,Mini ITX Tower,-38.0,0
159.0,155.0,120.0,1,,Micro ATX Mid Tower,-4.0,0
161.0,155.0,,,,Micro ATX Mid Tower,-6.0,0
158.0,155.0,,,,ATX Mid Tower,-3.0,0
154.0,70.0,,,,Mini ITX Tower,-84.0,0
56.0,155.0,120.0,2,240.0,ATX Mid Tower,99.0,1
160.0,165.0,,,,ATX Mid Tower,5.0,1
155.0,48.0,,,,Mini ITX Tower,-107.0,0
53.0,169.0,,,,ATX Full Tower,116.0,1
165.0,160.0,,,,ATX Mid Tower,-5.0,0
94.0,70.0,120.0,3,360.0,Mini ITX Tower,-24.0,0
42.0,188.0,,,,ATX Mid Tower,146.0,1
161.0,160.0,,,,ATX Mid Tower,-1.0,0
67.0,180.0,,,,ATX Mid Tower,113.0,1
60.0,61.0,120.0,,240.0,Mini ITX Tower,1.0,1
55.0,120.0,,,,Mini ITX Tower,65.0,1
159.0,173.0,,,,Micro ATX Mini Tower,14.0,1
56.0,170.0,,,,ATX Mid Tower,114.0,1
81.0,180.0,120.0,3,360.0,ATX Mid Tower,99.0,1
131.0,65.0,,,,Mini ITX Tower,-66.0,0
59.0,166.0,,,240.0,ATX Mid Tower,107.0,1
160.0,156.0,135.0,1,,ATX Mid Tower,-4.0,0
150.0,38.0,,,,Mini ITX Tower,-112.0,0
158.0,138.0,,,,HTPC,-20.0,0
158.0,150.0,,,,Micro ATX Mini Tower,-8.0,0
159.0,70.0,,,,Mini ITX Tower,-89.0,0
157.0,140.0,,,,Mini ITX Tower,-17.0,0
47.0,170.0,,,240.0,ATX Mid Tower,123.0,1
147.0,77.0,,,,HTPC,-70.0,0
148.0,175.0,,,,Micro ATX Mid Tower,27.0,1
159.0,83.0,,,,Mini ITX Tower,-76.0,0
159.0,77.0,,,,Mini ITX Tower,-82.0,0
163.0,67.0,,,,Mini ITX Tower,-96.0,0
167.0,140.0,,,,Mini ITX Tower,-27.0,0
158.0,176.0,,,,ATX Mid Tower,18.0,1
154.0,145.0,,,,ATX Mid Tower,-9.0,0
68.0,55.0,,,360.0,Mini ITX Tower,-13.0,0
150.0,120.0,,,,Mini ITX Tower,-30.0,0
55.0,88.2,,,,ATX Mid Tower,33.2,1
150.0,170.0,,,,ATX Mid Tower,20.0,1
160.0,68.0,,,,Mini ITX Tower,-92.0,0
72.0,185.0,,,240.0,ATX Mid Tower,113.0,1
52.0,160.0,140.0,2,280.0,ATX Mid Tower,108.0,1
137.0,83.0,,,,Mini ITX Tower,-54.0,0
77.0,68.0,,,,Mini ITX Tower,-9.0,0
50.0,177.0,,,360.0,ATX Full Tower,127.0,1
63.0,50.0,,,240.0,Mini ITX Tower,-13.0,0
153.0,165.0,,,,ATX Mid Tower,12.0,1
154.0,83.0,,,,Mini ITX Tower,-71.0,0
155.0,67.0,,,,Mini ITX Tower,-88.0,0
163.0,180.0,,,,ATX Mid Tower,17.0,1
161.0,90.0,,,,Micro ATX Desktop,-71.0,0
56.0,182.0,,,360.0,ATX Full Tower,126.0,1
57.0,166.0,,,360.0,ATX Mid Tower,109.0,1
148.0,61.0,120.0,,,Mini ITX Tower,-87.0,0
154.0,170.0,,,,ATX Mid Tower,16.0,1
154.0,160.0,120.0,1,,ATX Mid Tower,6.0,1
84.0,165.0,360.0,3,360.0,ATX Mid Tower,81.0,1
91.0,70.0,120.0,3,360.0,Micro ATX Desktop,-21.0,0
67.0,155.0,,,360.0,Mini ITX Tower,88.0,1
170.0,158.0,,,,ATX Mid Tower,-12.0,0
157.0,165.0,,,,ATX Mid Tower,8.0,1
160.0,210.0,,,,Micro ATX Mini Tower,50.0,1
160.0,155.0,,,,Mini ITX Tower,-5.0,0
159.0,165.0,,,,ATX Mid Tower,6.0,1
171.0,171.0,,,,ATX Mid Tower,0.0,1
154.0,150.0,,,,Micro ATX Mid Tower,-4.0,0
158.0,145.0,,,,ATX Mid Tower,-13.0,0
159.0,140.0,,,,Mini ITX Tower,-19.0,0
37.0,180.0,,,,ATX Mid Tower,143.0,1
77.7,160.0,120.0,3,360.0,ATX Mid Tower,82.3,1
165.0,68.0,,,,Mini ITX Tower,-97.0,0
15.0,175.0,,,,Micro ATX Mini Tower,160.0,1
160.0,156.0,,,,ATX Mid Tower,-4.0,0
158.0,75.0,,,,Micro ATX Mini Tower,-83.0,0
160.0,165.0,,,,ATX Mid Tower,5.0,1
123.0,155.0,,,,ATX Mid Tower,32.0,1
70.0,190.0,,,,ATX Mid Tower,120.0,1
158.0,85.0,,,,Mini ITX Tower,-73.0,0
160.0,150.0,,,,Micro ATX Mid Tower,-10.0,0
160.0,150.0,,,,Micro ATX Mini Tower,-10.0,0
125.0,164.0,,,,Micro ATX Mini Tower,39.0,1
65.0,185.0,,,360.0,ATX Mid Tower,120.0,1
169.0,165.0,,,,ATX Mid Tower,-4.0,0
49.0,175.0,,,420.0,EATX Full Tower,126.0,1
166.0,61.0,,,,Mini ITX Tower,-105.0,0
152.0,160.0,,,,ATX Mini Tower,8.0,1
56.0,170.0,,,360.0,ATX Mid Tower,114.0,1
47.0,175.0,,,360.0,ATX Mid Tower,128.0,1
158.0,65.0,,,,Micro ATX Mini Tower,-93.0,0
136.0,88.2,,,,ATX Mid Tower,-47.8,0
154.0,166.0,,,,Micro ATX Mid Tower,12.0,1
156.0,140.0,,,,Mini ITX Tower,-16.0,0
160.0,156.0,,,,ATX Mid Tower,-4.0,0
53.0,184.0,120.0,3,360.0,ATX Mid Tower,131.0,1
145.0,176.0,,,,ATX Mid Tower,31.0,1
154.0,160.0,,,,ATX Mid Tower,6.0,1
155.0,150.0,,,,Micro ATX Mini Tower,-5.0,0
60.0,160.0,,,,Micro ATX Mini Tower,100.0,1
72.0,48.0,120.0,3,360.0,Mini ITX Tower,-24.0,0
52.0,165.0,,,360.0,ATX Mid Tower,113.0,1
155.0,180.0,,,,ATX Mid Tower,25.0,1
160.0,159.0,,,,Micro ATX Mini Tower,-1.0,0
150.0,85.0,120.0,2,240.0,Mini ITX Tower,-65.0,0
168.0,159.0,120.0,,,ATX Mid Tower,-9.0,0
162.0,58.0,,,,HTPC,-104.0,0
163.0,61.0,,,,Mini ITX Tower,-102.0,0
158.0,58.0,,,,HTPC,-100.0,0
157.0,120.0,,,,Mini ITX Tower,-37.0,0
155.0,88.2,120.0,2,,ATX Mid Tower,-66.8,0
154.0,82.0,,,,Mini ITX Tower,-72.0,0
157.0,185.0,120.0,2,,ATX Mid Tower,28.0,1
75.0,57.0,,,,Micro ATX Desktop,-18.0,0
47.0,164.0,,,240.0,ATX Mid Tower,117.0,1
154.0,163.0,,,,ATX Mid Tower,9.0,1
144.0,67.0,,,,Mini ITX Tower,-77.0,0
158.0,140.0,,,,Micro ATX Mini Tower,-18.0,0
158.0,165.0,120.0,1,,ATX Mid Tower,7.0,1
150.0,140.0,,,,Mini ITX Tower,-10.0,0
36.0,70.0,,,,Mini ITX Tower,34.0,1
110.0,70.0,,,,Mini ITX Tower,-40.0,0
84.0,185.0,360.0,3,360.0,ATX Mid Tower,101.0,1
160.0,55.0,,,,Mini ITX Tower,-105.0,0
154.0,160.0,,,,ATX Mid Tower,6.0,1
47.0,166.0,,,360.0,ATX Full Tower,119.0,1
160.0,165.0,,,,ATX Mid Tower,5.0,1
162.0,185.0,,,,ATX Mid Tower,23.0,1
69.0,160.0,,,360.0,Micro ATX Mini Tower,91.0,1
52.0,180.0,,,,ATX Mid Tower,128.0,1
59.0,61.0,,,,Mini ITX Tower,2.0,1
160.0,166.0,,,,ATX Mid Tower,6.0,1
38.0,180.0,140.0,2,280.0,ATX Mid Tower,142.0,1
165.0,160.0,120.0,2,,ATX Mid Tower,-5.0,0
154.0,48.0,,,,Mini ITX Tower,-106.0,0
110.0,190.0,,,,EATX Full Tower,80.0,1
160.0,138.0,,,,HTPC,-22.0,0
152.0,70.0,,,,HTPC,-82.0,0
161.0,160.0,,,,ATX Mid Tower,-1.0,0
154.0,165.0,,,,ATX Mid Tower,11.0,1
136.0,165.0,,,,Micro ATX Mini Tower,29.0,1
164.0,151.0,,,,ATX Mid Tower,-13.0,0
158.0,170.0,,,,ATX Mid Tower,12.0,1
163.0,175.0,,,,ATX Mid Tower,12.0,1
154.0,175.0,,,,ATX Mid Tower,21.0,1
125.0,187.0,,,,ATX Mid Tower,62.0,1
66.0,168.0,,,360.0,ATX Mid Tower,102.0,1
160.0,120.0,,,,Mini ITX Tower,-40.0,0
159.0,154.0,,,,Micro ATX Mid Tower,-5.0,0
53.0,170.0,120.0,2,240.0,ATX Mid Tower,117.0,1
84.0,185.0,360.0,3,360.0,ATX Mid Tower,101.0,1
157.0,145.0,,,,ATX Mid Tower,-12.0,0
38.0,185.0,,,240.0,ATX Mid Tower,147.0,1
159.0,160.0,,,,ATX Mid Tower,1.0,1
160.0,155.0,,,,ATX Mid Tower,-5.0,0
155.0,50.0,120.0,,,Mini ITX Tower,-105.0,0
137.0,180.0,,,,ATX Mid Tower,43.0,1
65.0,173.0,120.0,3,360.0,ATX Mid Tower,108.0,1
162.0,155.0,,,,ATX Mid Tower,-7.0,0
62.0,167.0,,,,Micro ATX Mid Tower,105.0,1
160.0,180.0,,,,ATX Mid Tower,20.0,1
54.0,160.0,,,360.0,ATX Mid Tower,106.0,1
51.0,173.0,,,360.0,ATX Mid Tower,122.0,1
149.0,156.0,,,,Micro ATX Mini Tower,7.0,1
134.0,188.0,120.0,,,EATX Mid Tower,54.0,1
160.0,150.0,,,,Micro ATX Mid Tower,-10.0,0
53.0,182.0,,,,ATX Full Tower,129.0,1
150.0,70.0,,,,HTPC,-80.0,0
168.0,160.0,,,,ATX Full Tower,-8.0,0
68.0,165.0,,,,ATX Mid Tower,97.0,1
157.0,85.0,,,,Mini ITX Tower,-72.0,0
157.0,156.0,120.0,2,,ATX Mid Tower,-1.0,0
64.0,190.0,,,,ATX Mid Tower,126.0,1
65.0,160.0,280.0,1,280.0,ATX Mid Tower,95.0,1
150.0,61.0,,,,Mini ITX Tower,-89.0,0
167.0,159.0,,,,Micro ATX Mini Tower,-8.0,0
62.0,159.0,,,240.0,Micro ATX Mid Tower,97.0,1
157.0,155.0,,,,ATX Mid Tower,-2.0,0
153.0,172.0,,,,ATX Mid Tower,19.0,1
157.0,68.0,,,,Mini ITX Tower,-89.0,0
60.0,185.0,,,360.0,ATX Full Tower,125.0,1
164.0,160.0,,,,ATX Mid Tower,-4.0,0
154.0,155.0,,,,ATX Mid Tower,1.0,1
93.0,185.0,,,,ATX Full Tower,92.0,1
154.0,88.2,,,,ATX Mid Tower,-65.8,0
91.0,82.0,120.0,3,360.0,Mini ITX Tower,-9.0,0
159.0,154.0,,,,Micro ATX Mid Tower,-5.0,0
70.0,170.0,,,,ATX Mid Tower,100.0,1
66.1,170.0,120.0,3,360.0,ATX Mid Tower,103.9,1
30.0,163.0,,,,ATX Mid Tower,133.0,1
157.0,190.0,120.0,2,,ATX Mid Tower,33.0,1
154.0,155.0,,,,ATX Mid Tower,1.0,1
156.0,200.0,,,,ATX Full Tower,44.0,1
51.0,178.0,,,420.0,ATX Mid Tower,127.0,1
125.0,170.0,,,,Micro ATX Mid Tower,45.0,1
165.0,156.0,,,,ATX Mid Tower,-9.0,0
65.0,175.0,360.0,1,360.0,ATX Mid Tower,110.0,1
154.0,160.0,,,,ATX Mid Tower,6.0,1
52.0,88.2,,,240.0,ATX Mid Tower,36.2,1
89.9,75.0,120.0,3,360.0,Micro ATX Mini Tower,-14.9,0
89.8,70.0,120.0,3,360.0,Mini ITX Tower,-19.8,0
78.0,70.0,,,360.0,Mini ITX Tower,-8.0,0
161.0,160.0,,,,ATX Mid Tower,-1.0,0
67.0,61.0,,,240.0,Mini ITX Tower,-6.0,0
69.0,173.0,,,,Micro ATX Mini Tower,104.0,1
169.0,165.0,,,,ATX Mid Tower,-4.0,0
113.0,180.0,,,,ATX Mid Tower,67.0,1
159.0,170.0,,,,ATX Mid Tower,11.0,1
148.0,185.0,,,,ATX Mid Tower,37.0,1
148.0,180.5,,,,EATX Mid Tower,32.5,1
160.0,156.0,,,,ATX Mid Tower,-4.0,0
158.0,155.0,,,,Micro ATX Mid Tower,-3.0,0
68.0,190.0,,,,ATX Mid Tower,122.0,1
158.0,140.0,,,,Micro ATX Mini Tower,-18.0,0
155.0,85.0,,,,Mini ITX Tower,-70.0,0
82.0,162.0,,3,360.0,Micro ATX Mid Tower,80.0,1
55.0,175.0,,,360.0,ATX Mid Tower,120.0,1
160.0,159.0,,,,Micro ATX Mini Tower,-1.0,0
59.0,157.0,,,,ATX Mid Tower,98.0,1
56.0,185.0,,,360.0,ATX Mid Tower,129.0,1
70.0,170.0,,,420.0,ATX Mid Tower,100.0,1
52.0,167.0,,,360.0,ATX Full Tower,115.0,1
156.0,170.0,,,,ATX Mid Tower,14.0,1
157.0,82.0,,,,Micro ATX Desktop,-75.0,0
151.0,185.0,120.0,2,,ATX Mid Tower,34.0,1
163.0,160.0,,,,ATX Mid Tower,-3.0,0
156.0,184.0,,,,ATX Mid Tower,28.0,1
159.0,170.0,120.0,1,,ATX Mid Tower,11.0,1
165.0,155.0,,,,Micro ATX Mid Tower,-10.0,0
154.0,38.0,,,,Mini ITX Tower,-116.0,0
160.0,145.0,,,,ATX Mid Tower,-15.0,0
158.0,155.0,,,,Micro ATX Mini Tower,-3.0,0
165.0,155.0,,,,Micro ATX Mid Tower,-10.0,0
153.0,130.0,,,,Mini ITX Tower,-23.0,0
160.0,159.0,,,,ATX Mid Tower,-1.0,0
164.0,160.0,,,,Micro ATX Mini Tower,-4.0,0
159.0,148.0,,,,Micro ATX Mini Tower,-11.0,0
154.0,193.0,,,,ATX Full Tower,39.0,1
160.0,190.0,,,,ATX Full Tower,30.0,1
66.0,180.5,,,360.0,EATX Mid Tower,114.5,1
169.0,165.0,,,,ATX Mid Tower,-4.0,0
165.0,150.0,,,,ATX Mid Tower,-15.0,0
151.0,168.0,,,,EATX Mid Tower,17.0,1
157.0,138.0,,,,HTPC,-19.0,0
155.0,185.0,,,,ATX Mid Tower,30.0,1
155.0,145.0,,,,ATX Mid Tower,-10.0,0
160.0,155.0,,,,Micro ATX Mini Tower,-5.0,0
166.0,67.0,,,,Mini ITX Tower,-99.0,0
152.0,164.0,,,,ATX Mid Tower,12.0,1
158.0,177.0,,,,ATX Full Tower,19.0,1
153.0,140.0,,,,Mini ITX Tower,-13.0,0
69.0,182.0,140.0,3,420.0,ATX Full Tower,113.0,1
133.0,170.0,,,,ATX Mid Tower,37.0,1
75.0,140.0,120.0,2,240.0,Mini ITX Tower,65.0,1
158.0,70.0,,,,HTPC,-88.0,0
166.0,83.0,,,,Mini ITX Tower,-83.0,0
155.0,145.0,,,,ATX Mid Tower,-10.0,0
125.0,77.0,120.0,2,240.0,Mini ITX Tower,-48.0,0
154.0,70.0,,,,HTPC,-84.0,0
142.0,138.0,,,,HTPC,-4.0,0
154.0,182.0,,,,ATX Full Tower,28.0,1
154.0,48.0,,,,Mini ITX Tower,-106.0,0
123.0,70.0,,,,HTPC,-53.0,0
155.0,70.0,120.0,1,,Mini ITX Tower,-85.0,0
65.0,165.0,,,,ATX Mid Tower,100.0,1
25.0,185.0,,,,ATX Mid Tower,160.0,1
86.4,65.0,120.0,3,360.0,Mini ITX Tower,-21.4,0
160.0,82.0,,,,Micro ATX Mini Tower,-78.0,0
47.0,155.0,,,,ATX Mid Tower,108.0,1
172.0,163.0,,,,ATX Mid Tower,-9.0,0
110.0,90.0,,,,Micro ATX Desktop,-20.0,0
145.0,70.0,,,,HTPC,-75.0,0
160.0,165.0,,,,Micro ATX Mini Tower,5.0,1
77.0,175.0,,,,ATX Mid Tower,98.0,1
154.0,88.2,,,,ATX Mid Tower,-65.8,0
127.0,57.0,,,,Mini ITX Tower,-70.0,0
160.0,148.0,,,,Micro ATX Mini Tower,-12.0,0
155.0,67.0,120.0,,,Mini ITX Tower,-88.0,0
156.0,155.0,,,,Micro ATX Mid Tower,-1.0,0
154.0,138.0,,,,HTPC,-16.0,0
165.0,160.0,,,,ATX Mid Tower,-5.0,0
158.0,75.0,,,,Mini ITX Tower,-83.0,0
154.0,156.0,,,,ATX Mid Tower,2.0,1
155.0,210.0,,,,Mini ITX Tower,55.0,1
130.0,180.0,,,,ATX Mid Tower,50.0,1
116.0,170.0,140.0,2,280.0,ATX Mid Tower,54.0,1
134.0,77.0,120.0,,,Mini ITX Tower,-57.0,0
157.0,156.0,,,,ATX Mid Tower,-1.0,0
170.0,166.0,,,,ATX Mid Tower,-4.0,0
159.0,156.0,,,,Micro ATX Mid Tower,-3.0,0
154.0,148.0,,,,Micro ATX Mini Tower,-6.0,0
52.0,185.0,,,360.0,ATX Mid Tower,133.0,1
155.0,165.0,,,,ATX Mid Tower,10.0,1
141.0,160.0,,,,ATX Mid Tower,19.0,1
165.0,200.0,,,,ATX Full Tower,35.0,1
166.0,150.0,,,,Micro ATX Mini Tower,-16.0,0
57.0,70.0,,,360.0,HTPC,13.0,1
165.0,160.0,,,,ATX Mid Tower,-5.0,0
61.0,190.0,,,,ATX Mid Tower,129.0,1
135.0,70.0,,,,HTPC,-65.0,0
169.0,166.0,,,,ATX Mid Tower,-3.0,0
55.0,180.0,,,360.0,EATX Mid Tower,125.0,1
112.0,61.0,,,,Mini ITX Tower,-51.0,0
155.0,180.0,,,,ATX Mid Tower,25.0,1
160.0,82.0,,,,Micro ATX Desktop,-78.0,0
165.0,160.0,,,,Micro ATX Mini Tower,-5.0,0
160.0,77.0,,,,HTPC,-83.0,0
80.0,138.0,120.0,2,240.0,HTPC,58.0,1
136.0,77.0,,,,HTPC,-59.0,0
155.0,185.0,120.0,1,,ATX Mid Tower,30.0,1
93.0,160.0,,,,ATX Mid Tower,67.0,1
154.0,175.0,,,,ATX Mid Tower,21.0,1
67.0,185.0,,,,ATX Mid Tower,118.0,1
150.0,165.0,120.0,1,,ATX Mid Tower,15.0,1
157.0,146.0,,,,HTPC,-11.0,0
163.0,175.0,,,,ATX Mid Tower,12.0,1
62.0,185.0,,,360.0,ATX Full Tower,123.0,1
47.0,182.0,,,,ATX Full Tower,135.0,1
154.0,160.0,,,,ATX Mini Tower,6.0,1
154.0,188.0,,,,EATX Mid Tower,34.0,1
163.0,156.0,,,,Micro ATX Mini Tower,-7.0,0
154.0,154.0,120.0,2,,Micro ATX Mid Tower,0.0,1
158.0,187.0,,,,ATX Mid Tower,29.0,1
62.0,165.0,,,240.0,ATX Mid Tower,103.0,1
155.0,170.0,,,,ATX Full Tower,15.0,1
166.0,154.0,,,,Micro ATX Mid Tower,-12.0,0
69.0,210.0,120.0,2,240.0,Micro ATX Mini Tower,141.0,1
157.0,130.0,,,,Mini ITX Tower,-27.0,0
53.0,170.0,120.0,2,240.0,Mini ITX Tower,117.0,1
186.0,165.0,120.0,3,360.0,Micro ATX Mini Tower,-21.0,0
155.0,180.0,,,,ATX Mid Tower,25.0,1
14.0,164.0,,,,ATX Mid Tower,150.0,1
62.0,175.0,,,240.0,ATX Mid Tower,113.0,1
159.0,165.0,,,,ATX Mid Tower,6.0,1
166.0,165.0,,,,Micro ATX Mini Tower,-1.0,0
77.7,70.0,120.0,3,360.0,Mini ITX Tower,-7.7,0
158.0,170.0,,,,ATX Mid Tower,12.0,1
158.0,155.0,,,,Mini ITX Tower,-3.0,0
53.0,182.0,,,240.0,ATX Full Tower,129.0,1
60.0,175.0,120.0,3,360.0,ATX Mid Tower,115.0,1
28.0,190.0,,,,ATX Mid Tower,162.0,1
28.0,185.0,,,,ATX Full Tower,157.0,1
84.0,83.0,,,,Mini ITX Tower,-1.0,0
165.0,158.0,,,,ATX Mid Tower,-7.0,0
77.0,165.0,,,,ATX Mid Tower,88.0,1
156.0,82.0,,,,Micro ATX Desktop,-74.0,0
155.0,65.0,120.0,1,,Micro ATX Mini Tower,-90.0,0
136.0,180.0,,,,ATX Mid Tower,44.0,1
136.0,173.0,,,,ATX Mid Tower,37.0,1
52.0,156.0,,,120.0,ATX Mid Tower,104.0,1
45.0,180.0,,,,Micro ATX Mini Tower,135.0,1
116.0,160.0,140.0,2,280.0,ATX Mid Tower,44.0,1
112.0,180.0,,,,ATX Mid Tower,68.0,1
162.0,160.0,,,,Micro ATX Mini Tower,-2.0,0
68.0,120.0,,,240.0,Mini ITX Tower,52.0,1
150.0,57.0,,,,Mini ITX Tower,-93.0,0
158.0,160.0,,,,ATX Mid Tower,2.0,1
148.0,90.0,,,,Micro ATX Desktop,-58.0,0
66.0,170.0,,,360.0,ATX Mid Tower,104.0,1
160.0,185.0,120.0,2,,ATX Mid Tower,25.0,1
58.0,168.0,,,240.0,EATX Mid Tower,110.0,1
154.0,155.0,,,,ATX Mid Tower,1.0,1
159.0,85.0,,,,Mini ITX Tower,-74.0,0
23.0,185.0,,,,ATX Mid Tower,162.0,1
110.0,156.0,,,,Micro ATX Mid Tower,46.0,1
91.0,82.0,120.0,3,360.0,Micro ATX Desktop,-9.0,0
154.0,210.0,,,,ATX Mid Tower,56.0,1
130.0,178.0,,,,ATX Mid Tower,48.0,1
69.0,38.0,,,360.0,Mini ITX Tower,-31.0,0
165.0,155.0,,,,Micro ATX Mid Tower,-10.0,0
130.0,61.0,,,,Mini ITX Tower,-69.0,0
60.0,155.0,120.0,3,360.0,ATX Mid Tower,95.0,1
133.0,83.0,,,,Mini ITX Tower,-50.0,0
100.0,180.0,,,240.0,ATX Mid Tower,80.0,1
139.0,138.0,,,,HTPC,-1.0,0
158.0,145.0,,,,ATX Mid Tower,-13.0,0
72.0,210.0,120.0,3,360.0,ATX Mid Tower,138.0,1
131.0,120.0,,,,Mini ITX Tower,-11.0,0
155.0,188.0,,,,ATX Mid Tower,33.0,1
154.0,170.0,,,,Micro ATX Mid Tower,16.0,1
150.0,170.0,,,,ATX Mid Tower,20.0,1
157.0,170.0,,,,ATX Mid Tower,13.0,1
86.0,61.0,,,,Mini ITX Tower,-25.0,0
157.0,70.0,120.0,2,,Mini ITX Tower,-87.0,0
154.0,170.0,,,,Micro ATX Mini Tower,16.0,1
163.0,170.0,,,,Micro ATX Mid Tower,7.0,1
150.0,48.0,,,,Mini ITX Tower,-102.0,0
59.0,160.0,,,360.0,Micro ATX Mini Tower,101.0,1
154.0,163.5,,,,Micro ATX Mid Tower,9.5,1
49.0,167.0,,,360.0,ATX Mid Tower,118.0,1
123.0,68.0,92.0,1,,Mini ITX Tower,-55.0,0
160.0,140.0,,,,Mini ITX Tower,-20.0,0
58.0,163.0,,,240.0,ATX Mid Tower,105.0,1
160.0,175.0,,,,ATX Mid Tower,15.0,1
162.0,160.0,,,,ATX Mid Tower,-2.0,0
168.0,160.0,,,,EATX Mid Tower,-8.0,0
167.0,160.0,,,,ATX Mid Tower,-7.0,0
63.0,185.0,,,,ATX Mid Tower,122.0,1
45.0,85.0,,,,Mini ITX Tower,40.0,1
148.0,82.0,,,,Micro ATX Mini Tower,-66.0,0
37.0,165.0,,,,ATX Mid Tower,128.0,1
160.0,82.0,,,,Micro ATX Mini Tower,-78.0,0
150.0,70.0,,,,HTPC,-80.0,0
62.0,160.0,,,240.0,ATX Mid Tower,98.0,1
153.0,165.0,,,,ATX Mid Tower,12.0,1
153.0,166.0,,,,ATX Mid Tower,13.0,1
162.0,160.0,,,,Micro ATX Mid Tower,-2.0,0
69.0,195.0,,,240.0,ATX Full Tower,126.0,1
68.0,170.0,,,240.0,ATX Mid Tower,102.0,1
155.0,161.0,120.0,1,,Micro ATX Mid Tower,6.0,1
59.0,190.0,,,,ATX Full Tower,131.0,1
140.0,165.0,,,,ATX Mid Tower,25.0,1
70.0,184.0,,,240.0,ATX Mid Tower,114.0,1
159.0,155.0,120.0,1,,ATX Mid Tower,-4.0,0
158.0,68.0,,,,Mini ITX Tower,-90.0,0
165.0,55.0,,,,Mini ITX Tower,-110.0,0
162.0,65.0,,,,HTPC,-97.0,0
68.0,190.0,,,240.0,ATX Full Tower,122.0,1
58.0,159.0,,,240.0,Micro ATX Mini Tower,101.0,1
27.0,167.0,,,,EATX Mid Tower,140.0,1
151.0,70.0,120.0,2,,Mini ITX Tower,-81.0,0
159.0,155.0,,,,ATX Mid Tower,-4.0,0
162.0,155.0,,,,Micro ATX Mini Tower,-7.0,0
170.0,165.0,,,,ATX Mid Tower,-5.0,0
101.0,167.0,120.0,3,360.0,Micro ATX Mini Tower,66.0,1
137.0,67.0,,,,Mini ITX Tower,-70.0,0
48.0,165.0,,,120.0,ATX Mid Tower,117.0,1
63.0,173.0,,,360.0,ATX Mid Tower,110.0,1
85.0,185.0,,,360.0,ATX Mid Tower,100.0,1
160.0,180.0,,,,ATX Mid Tower,20.0,1
69.0,61.0,,,360.0,Mini ITX Tower,-8.0,0
54.0,174.0,,,360.0,ATX Mid Tower,120.0,1
154.0,140.0,,,,Micro ATX Mini Tower,-14.0,0
166.0,162.0,,,,ATX Mid Tower,-4.0,0
160.0,169.0,,,,ATX Mid Tower,9.0,1
162.0,70.0,,,,HTPC,-92.0,0
135.0,70.0,92.0,,,Mini ITX Tower,-65.0,0
60.0,165.0,,,240.0,ATX Mid Tower,105.0,1
148.0,65.0,,,,Mini ITX Tower,-83.0,0
165.0,81.0,,,,Micro ATX Slim Tower,-84.0,0
150.0,185.0,,,,ATX Full Tower,35.0,1
125.0,210.0,,,,ATX Mid Tower,85.0,1
158.0,67.0,,,,Mini ITX Tower,-91.0,0
156.0,110.0,,,,Mini ITX Tower,-46.0,0
130.0,170.0,,,,ATX Mid Tower,40.0,1
158.0,150.0,,,,ATX Mid Tower,-8.0,0
158.0,171.0,,,,ATX Mid Tower,13.0,1
41.0,175.0,,,,ATX Mid Tower,134.0,1
155.0,146.0,120.0,2,,ATX Mid Tower,-9.0,0
160.0,155.0,,,,ATX Mid Tower,-5.0,0
151.0,61.0,120.0,2,,Mini ITX Tower,-90.0,0
160.0,67.0,,,,Mini ITX Tower,-93.0,0
52.0,170.0,120.0,3,360.0,Micro ATX Desktop,118.0,1
159.0,61.0,,,,Mini ITX Tower,-98.0,0
150.0,83.0,,,,Mini ITX Tower,-67.0,0
120.0,162.0,,,,Micro ATX Mid Tower,42.0,1
160.0,70.0,,,,HTPC,-90.0,0
154.0,61.0,,,,Mini ITX Tower,-93.0,0
154.0,160.0,,,,ATX Mid Tower,6.0,1
158.0,166.0,,,,ATX Mid Tower,8.0,1
77.7,61.0,120.0,3,360.0,Mini ITX Tower,-16.7,0
37.0,166.0,,,,ATX Mid Tower,129.0,1
67.0,168.0,,,360.0,ATX Mid Tower,101.0,1
172.0,160.0,,,,ATX Mid Tower,-12.0,0
77.0,47.0,,,,Micro ATX Desktop,-30.0,0
62.0,180.0,120.0,3,360.0,ATX Mid Tower,118.0,1
53.0,172.0,120.0,3,360.0,ATX Mid Tower,119.0,1
159.0,70.0,,,,HTPC,-89.0,0
163.0,160.0,,,,ATX Mid Tower,-3.0,0
165.0,150.0,,,,Micro ATX Mini Tower,-15.0,0
155.0,175.0,,,,ATX Mid Tower,20.0,1
165.0,50.0,,,,Mini ITX Tower,-115.0,0
166.0,170.0,,,,ATX Mid Tower,4.0,1
160.0,120.0,,,,Mini ITX Tower,-40.0,0
62.0,61.0,,,240.0,Mini ITX Tower,-1.0,0
163.0,162.0,120.0,,,ATX Mid Tower,-1.0,0
155.0,165.0,,,,Micro ATX Mini Tower,10.0,1
53.0,160.0,,,240.0,ATX Mid Tower,107.0,1
158.0,150.0,,,,ATX Mid Tower,-8.0,0
132.0,167.0,,,,EATX Mid Tower,35.0,1
162.0,160.0,135.0,2,,ATX Mid Tower,-2.0,0
159.0,180.0,,,,ATX Mid Tower,21.0,1
85.0,70.0,,,360.0,Mini ITX Tower,-15.0,0
159.0,55.0,,,,Mini ITX Tower,-104.0,0
42.0,162.0,,,120.0,ATX Mid Tower,120.0,1
168.0,167.0,120.0,,,ATX Full Tower,-1.0,0
42.0,172.0,,,240.0,Mini ITX Tower,130.0,1
67.0,190.0,,,360.0,ATX Mid Tower,123.0,1
165.0,83.0,,,,Mini ITX Tower,-82.0,0
145.0,140.0,,,,Mini ITX Tower,-5.0,0
162.0,210.0,,,,Micro ATX Mini Tower,48.0,1
165.0,160.0,,,,Micro ATX Mid Tower,-5.0,0
163.0,155.0,,,,Micro ATX Mini Tower,-8.0,0
170.0,160.0,,,,ATX Mid Tower,-10.0,0
158.0,163.0,,,,ATX Mid Tower,5.0,1
60.0,68.0,140.0,2,280.0,Mini ITX Tower,8.0,1
155.0,162.0,,,,ATX Mid Tower,7.0,1
52.0,157.0,,,240.0,Micro ATX Mini Tower,105.0,1
47.0,145.0,,,,ATX Mid Tower,98.0,1
155.0,58.0,,,,HTPC,-97.0,0
122.0,110.0,,,,Mini ITX Tower,-12.0,0
27.0,187.0,,,,ATX Mid Tower,160.0,1
168.0,70.0,,,,Mini ITX Tower,-98.0,0
165.0,175.0,120.0,2,,ATX Mid Tower,10.0,1
150.0,160.0,,,,EATX Mid Tower,10.0,1
56.0,165.0,120.0,3,360.0,ATX Mid Tower,109.0,1
159.0,210.0,,,,ATX Mid Tower,51.0,1
62.0,185.0,,,360.0,ATX Full Tower,123.0,1
155.0,165.0,,,,Micro ATX Mini Tower,10.0,1
62.0,165.0,,,240.0,Micro ATX Mini Tower,103.0,1
156.0,177.0,,,,ATX Full Tower,21.0,1
68.0,170.0,,,360.0,ATX Mid Tower,102.0,1
55.0,160.0,,,,ATX Mini Tower,105.0,1
159.0,195.0,,,,ATX Full Tower,36.0,1
161.0,160.0,,,,ATX Mid Tower,-1.0,0
158.0,77.0,,,,Mini ITX Tower,-81.0,0
154.0,182.0,,,,Mini ITX Tower,28.0,1
73.0,190.0,120.0,2,240.0,ATX Full Tower,117.0,1
45.0,160.0,,,,ATX Mid Tower,115.0,1
157.0,88.2,,,,ATX Mid Tower,-68.8,0
151.0,195.0,120.0,2,,ATX Full Tower,44.0,1
147.0,175.0,,,,ATX Mid Tower,28.0,1
62.0,165.0,120.0,3,360.0,ATX Mid Tower,103.0,1
154.0,120.0,,,,Mini ITX Tower,-34.0,0
101.0,163.5,120.0,2,240.0,Micro ATX Mid Tower,62.5,1
135.0,165.0,,,,ATX Full Tower,30.0,1
154.0,190.0,,,,ATX Mid Tower,36.0,1
55.0,170.0,,,360.0,ATX Mid Tower,115.0,1
154.0,85.0,120.0,2,,Mini ITX Tower,-69.0,0
157.0,160.0,,,,ATX Mid Tower,3.0,1
154.0,165.0,,,,Micro ATX Mid Tower,11.0,1
30.5,185.0,120.0,2,240.0,ATX Mid Tower,154.5,1
116.0,176.0,120.0,2,240.0,ATX Full Tower,60.0,1
160.0,165.0,,,,Micro ATX Mini Tower,5.0,1
159.0,151.0,,,,Micro ATX Mini Tower,-8.0,0
69.0,185.0,,,240.0,ATX Mid Tower,116.0,1
161.0,83.0,,,,Mini ITX Tower,-78.0,0
149.0,155.0,,,,Micro ATX Mid Tower,6.0,1
53.0,155.0,120.0,2,240.0,Micro ATX Mid Tower,102.0,1
161.0,155.0,,,,Micro ATX Mid Tower,-6.0,0
65.0,190.0,280.0,1,280.0,ATX Mid Tower,125.0,1
159.0,185.0,120.0,1,,ATX Mid Tower,26.0,1
161.0,169.0,,,,ATX Mid Tower,8.0,1
165.0,163.0,,,,ATX Mid Tower,-2.0,0
158.0,165.0,,,,Micro ATX Mini Tower,7.0,1
146.0,170.0,,,,ATX Mid Tower,24.0,1
153.0,120.0,,,,Mini ITX Tower,-33.0,0
151.0,187.0,,,,ATX Mid Tower,36.0,1
151.0,165.0,,,,Micro ATX Mini Tower,14.0,1
65.0,180.0,360.0,1,360.0,ATX Mid Tower,115.0,1
154.0,77.0,,,,Mini ITX Tower,-77.0,0
158.0,70.0,,,,HTPC,-88.0,0
154.0,170.0,,,,ATX Mid Tower,16.0,1
159.0,150.0,,,,Micro ATX Mini Tower,-9.0,0
165.0,164.0,,,,ATX Mid Tower,-1.0,0
159.0,187.0,120.0,1,,Micro ATX Mini Tower,28.0,1
116.0,200.0,140.0,2,280.0,Mini ITX Tower,84.0,1
165.0,160.0,120.0,2,,ATX Mid Tower,-5.0,0
155.0,150.0,,,,Micro ATX Mid Tower,-5.0,0
68.0,185.0,,,240.0,ATX Mid Tower,117.0,1
163.0,160.0,,,,ATX Mid Tower,-3.0,0
154.0,70.0,,,,Mini ITX Tower,-84.0,0
30.4,176.0,120.0,3,360.0,ATX Full Tower,145.6,1
157.0,180.0,,,,ATX Mid Tower,23.0,1
60.0,55.0,120.0,2,240.0,Mini ITX Tower,-5.0,0
58.0,55.0,,,240.0,Mini ITX Tower,-3.0,0
156.0,155.0,,,,ATX Mid Tower,-1.0,0
53.0,172.0,120.0,2,240.0,ATX Mid Tower,119.0,1
110.0,160.0,,,,ATX Mid Tower,50.0,1
167.0,75.0,,,,Micro ATX Mini Tower,-92.0,0
157.0,180.0,,,,ATX Mid Tower,23.0,1
157.0,155.0,,,,Micro ATX Mid Tower,-2.0,0
155.0,140.0,120.0,,,Mini ITX Tower,-15.0,0
62.0,178.0,,,240.0,ATX Mid Tower,116.0,1
54.0,160.0,,,240.0,ATX Mid Tower,106.0,1
160.0,150.0,140.0,2,280.0,ATX Mid Tower,-10.0,0
101.0,85.0,120.0,3,360.0,Mini ITX Tower,-16.0,0
157.0,68.0,,,,Mini ITX Tower,-89.0,0
166.0,165.0,120.0,,,Micro ATX Mini Tower,-1.0,0
157.0,155.0,,,,ATX Full Tower,-2.0,0
66.0,160.0,,,360.0,Micro ATX Mini Tower,94.0,1
56.0,138.0,,,240.0,HTPC,82.0,1
105.0,70.0,,,360.0,Mini ITX Tower,-35.0,0
156.0,70.0,,,,HTPC,-86.0,0
67.0,180.0,,,,ATX Mid Tower,113.0,1
154.0,77.0,,,,Mini ITX Tower,-77.0,0
158.0,68.0,,,,Mini ITX Tower,-90.0,0
58.0,180.0,,,,ATX Mid Tower,122.0,1
149.0,138.0,,,,HTPC,-11.0,0
154.0,135.0,,,,Micro ATX Mid Tower,-19.0,0
65.0,175.0,420.0,1,420.0,ATX Mid Tower,110.0,1
28.0,170.0,,,,Micro ATX Desktop,142.0,1
154.0,68.0,,,,Mini ITX Tower,-86.0,0
159.0,160.0,,,,ATX Mid Tower,1.0,1
160.0,170.0,,,,ATX Mid Tower,10.0,1
75.6,50.0,130.0,1,,Mini ITX Tower,-25.6,0
165.0,160.0,,,,Micro ATX Mini Tower,-5.0,0
125.0,170.0,,,,ATX Mid Tower,45.0,1
162.0,155.0,,,,Micro ATX Mini Tower,-7.0,0
100.0,175.0,,,240.0,ATX Full Tower,75.0,1
159.0,70.0,,,,Mini ITX Tower,-89.0,0
135.0,70.0,,,,Mini ITX Tower,-65.0,0
159.0,55.0,,,,Mini ITX Tower,-104.0,0
137.0,160.0,,,,ATX Mid Tower,23.0,1
160.0,180.5,,,,EATX Mid Tower,20.5,1
165.0,161.0,,,,ATX Mid Tower,-4.0,0
186.0,162.0,120.0,3,360.0,Micro ATX Mid Tower,-24.0,0
56.0,140.0,140.0,,280.0,Micro ATX Mini Tower,84.0,1
163.0,70.0,,,,Mini ITX Tower,-93.0,0
94.0,167.0,100.0,1,,ATX Mid Tower,73.0,1
160.0,160.0,,,,ATX Mid Tower,0.0,1
166.0,165.0,,,,ATX Mid Tower,-1.0,0
60.0,155.0,,,,ATX Full Tower,95.0,1
168.0,85.0,,,,Mini ITX Tower,-83.0,0
154.0,68.0,120.0,1,,Mini ITX Tower,-86.0,0
93.0,185.0,,,,ATX Mid Tower,92.0,1
163.0,160.0,120.0,,,Micro ATX Mid Tower,-3.0,0
165.0,160.0,,,,ATX Mid Tower,-5.0,0
397.0,155.0,120.0,3,360.0,ATX Mid Tower,-242.0,0
165.0,170.0,,,,ATX Mid Tower,5.0,1
60.0,170.0,,,360.0,ATX Mid Tower,110.0,1
158.0,145.0,,,,ATX Mid Tower,-13.0,0
154.0,160.0,,,,Micro ATX Mid Tower,6.0,1
159.0,158.0,,,,Micro ATX Mini Tower,-1.0,0
155.0,140.0,,,,Mini ITX Tower,-15.0,0
110.0,70.0,,,,HTPC,-40.0,0
154.0,120.0,,,,Mini ITX Tower,-34.0,0
101.0,165.0,120.0,3,360.0,ATX Mid Tower,64.0,1
156.0,68.0,,,,Mini ITX Tower,-88.0,0
160.0,140.0,,,,Micro ATX Mini Tower,-20.0,0
156.0,155.0,,,,Micro ATX Mid Tower,-1.0,0
161.0,160.0,,,,Micro ATX Mid Tower,-1.0,0
164.0,160.0,,,,ATX Mid Tower,-4.0,0
62.0,58.0,,,360.0,HTPC,-4.0,0
70.0,68.0,,,280.0,Mini ITX Tower,-2.0,0
158.0,160.0,,,,ATX Mid Tower,2.0,1
155.0,164.0,,,,ATX Mid Tower,9.0,1
155.0,172.0,,,,ATX Mid Tower,17.0,1
155.0,163.0,,,,ATX Mid Tower,8.0,1
162.0,138.0,,,,HTPC,-24.0,0
155.0,38.0,,,,Mini ITX Tower,-117.0,0
155.0,70.0,,,,Mini ITX Tower,-85.0,0
66.0,170.0,,,360.0,Micro ATX Mid Tower,104.0,1
160.0,185.0,,,,ATX Mid Tower,25.0,1
45.0,160.0,,,,ATX Mid Tower,115.0,1
170.0,150.0,,,,ATX Mid Tower,-20.0,0
52.0,160.0,,,240.0,ATX Mid Tower,108.0,1
172.0,190.0,,,,EATX Mid Tower,18.0,1
52.0,180.0,,,120.0,ATX Mid Tower,128.0,1
60.0,170.0,,,240.0,ATX Mid Tower,110.0,1
48.0,185.0,,,120.0,ATX Mid Tower,137.0,1
158.0,168.0,,,,Micro ATX Mini Tower,10.0,1
118.0,166.0,,,,ATX Full Tower,48.0,1
129.0,160.0,,,,ATX Mid Tower,31.0,1
158.0,150.0,,,,ATX Mid Tower,-8.0,0
165.0,160.0,,,,ATX Mid Tower,-5.0,0
155.0,150.0,,,,ATX Mid Tower,-5.0,0
75.0,191.0,,,,ATX Full Tower,116.0,1
168.0,155.0,120.0,,,ATX Mid Tower,-13.0,0
165.0,160.0,,,,ATX Mini Tower,-5.0,0
75.0,210.0,,,,ATX Mid Tower,135.0,1
62.0,178.0,,,360.0,ATX Mid Tower,116.0,1
163.0,175.0,,,,ATX Mid Tower,12.0,1
156.0,155.0,,,,ATX Mid Tower,-1.0,0
152.0,70.0,120.0,1,,Mini ITX Tower,-82.0,0
46.0,175.0,120.0,3,360.0,ATX Mid Tower,129.0,1
145.0,181.0,,,,ATX Mid Tower,36.0,1
160.0,150.0,,,,Micro ATX Mid Tower,-10.0,0
159.0,157.0,,,,ATX Mid Tower,-2.0,0
154.0,170.0,,,,ATX Mid Tower,16.0,1
165.0,157.0,,,,ATX Mid Tower,-8.0,0
145.0,170.0,,,,Micro ATX Mid Tower,25.0,1
157.0,47.0,,,,Micro ATX Desktop,-110.0,0
125.0,166.0,,,,Micro ATX Mid Tower,41.0,1
155.0,165.0,,,,ATX Mid Tower,10.0,1
160.0,135.0,,,,Micro ATX Mid Tower,-25.0,0
157.0,140.0,,,,Mini ITX Tower,-17.0,0
160.0,165.0,,,,ATX Mid Tower,5.0,1
168.0,165.0,,,,ATX Mid Tower,-3.0,0
42.0,210.0,,,120.0,ATX Mid Tower,168.0,1
107.0,181.0,120.0,3,360.0,ATX Full Tower,74.0,1
68.0,61.0,,,360.0,Mini ITX Tower,-7.0,0
160.0,50.0,,,,Mini ITX Tower,-110.0,0
130.0,185.0,,,,ATX Mid Tower,55.0,1
82.0,58.0,,,,HTPC,-24.0,0
397.0,163.5,120.0,3,360.0,Micro ATX Mid Tower,-233.5,0
167.0,165.0,,,,Micro ATX Mini Tower,-2.0,0
160.0,158.0,,,,Micro ATX Desktop,-2.0,0
148.0,77.0,,,,Mini ITX Tower,-71.0,0
140.0,185.0,,,,ATX Mid Tower,45.0,1
165.0,77.0,,,,Mini ITX Tower,-88.0,0
66.0,165.0,,,360.0,ATX Mid Tower,99.0,1
158.0,155.0,,,,ATX Mid Tower,-3.0,0
160.0,154.0,,,,Micro ATX Mid Tower,-6.0,0
165.0,160.0,,,,Mini ITX Tower,-5.0,0
160.0,65.0,,,,Mini ITX Tower,-95.0,0
152.0,165.0,,,,ATX Mid Tower,13.0,1
65.0,156.0,,,,ATX Mid Tower,91.0,1
68.0,58.0,,,420.0,HTPC,-10.0,0
154.0,170.0,,,,EATX Mid Tower,16.0,1
172.0,160.0,,,,ATX Mid Tower,-12.0,0
65.0,160.0,,,,ATX Mid Tower,95.0,1
62.0,168.0,,,240.0,EATX Mid Tower,106.0,1
141.0,169.0,,,,ATX Full Tower,28.0,1
123.0,167.0,92.0,1,,ATX Full Tower,44.0,1
148.0,160.0,,,,Micro ATX Mini Tower,12.0,1
167.0,162.0,,,,ATX Mid Tower,-5.0,0
69.0,190.0,120.0,2,240.0,ATX Mid Tower,121.0,1
154.0,61.0,,,,Mini ITX Tower,-93.0,0
159.0,70.0,,,,Mini ITX Tower,-89.0,0
148.0,163.0,,,,ATX Mid Tower,15.0,1
163.0,68.0,,,,Mini ITX Tower,-95.0,0
154.0,95.0,,,,ATX Mid Tower,-59.0,0
159.0,47.0,,,,Micro ATX Desktop,-112.0,0
397.0,170.0,120.0,3,360.0,ATX Mid Tower,-227.0,0
54.0,185.0,,,420.0,Micro ATX Mid Tower,131.0,1
52.0,180.0,,,240.0,ATX Mid Tower,128.0,1
158.0,150.0,,,,Micro ATX Mini Tower,-8.0,0
158.0,120.0,,,,Mini ITX Tower,-38.0,0
160.0,70.0,,,,HTPC,-90.0,0
145.0,167.0,,,,ATX Mid Tower,22.0,1
155.0,47.0,,,,Micro ATX Desktop,-108.0,0
57.0,175.0,120.0,2,240.0,Micro ATX Mid Tower,118.0,1
159.0,160.0,,,,ATX Mid Tower,1.0,1
158.0,185.0,,,,ATX Mid Tower,27.0,1
157.0,61.0,,,,Mini ITX Tower,-96.0,0
170.0,169.0,,,,ATX Mid Tower,-1.0,0
132.0,68.0,,,,Mini ITX Tower,-64.0,0
53.0,170.0,95.0,2,,ATX Mid Tower,117.0,1
159.0,70.0,,,,Mini ITX Tower,-89.0,0
159.0,164.0,,,,Micro ATX Desktop,5.0,1
166.0,135.0,,,,Micro ATX Mid Tower,-31.0,0
157.0,155.0,,,,Micro ATX Mini Tower,-2.0,0
160.0,57.0,120.0,1,,Micro ATX Desktop,-103.0,0
150.0,83.0,,,,Mini ITX Tower,-67.0,0
158.0,68.0,,,,Mini ITX Tower,-90.0,0
155.0,180.0,,,,ATX Mid Tower,25.0,1
154.0,70.0,,,,HTPC,-84.0,0
55.0,165.0,,,,EATX Mid Tower,110.0,1
160.0,68.0,,,,Mini ITX Tower,-92.0,0
157.0,83.0,,,,Mini ITX Tower,-74.0,0
75.6,170.0,130.0,1,,ATX Mid Tower,94.4,1
158.0,159.0,,,,Micro ATX Mini Tower,1.0,1
156.0,110.0,,,,Mini ITX Tower,-46.0,0
166.0,83.0,,,,Mini ITX Tower,-83.0,0
159.0,83.0,120.0,1,,Mini ITX Tower,-76.0,0
165.0,158.0,,,,Micro ATX Mini Tower,-7.0,0
79.0,182.0,,,360.0,ATX Mid Tower,103.0,1
155.0,170.0,,,,ATX Mid Tower,15.0,1
53.0,165.0,,,360.0,ATX Mid Tower,112.0,1
60.0,170.0,,,,ATX Mid Tower,110.0,1
160.0,146.0,,,,HTPC,-14.0,0
161.0,160.0,120.0,2,,ATX Mid Tower,-1.0,0
154.0,160.0,,,,ATX Mid Tower,6.0,1
47.0,165.0,,,360.0,ATX Mid Tower,118.0,1
78.0,61.0,,,240.0,Mini ITX Tower,-17.0,0
157.0,165.0,120.0,2,,ATX Mid Tower,8.0,1
59.0,185.0,,,240.0,ATX Mid Tower,126.0,1
148.0,170.0,,,,ATX Mid Tower,22.0,1
158.0,190.0,,,,ATX Mid Tower,32.0,1
56.0,150.0,,,280.0,Micro ATX Mid Tower,94.0,1
25.0,205.0,,,,ATX Full Tower,180.0,1
159.0,88.2,120.0,1,,ATX Mid Tower,-70.8,0
153.0,70.0,,,,Mini ITX Tower,-83.0,0
158.0,155.0,,,,ATX Mid Tower,-3.0,0
160.0,82.0,,,,Micro ATX Mini Tower,-78.0,0
160.0,185.0,,,,ATX Mid Tower,25.0,1
60.0,160.0,,,,ATX Mid Tower,100.0,1
150.0,50.0,,,,Mini ITX Tower,-100.0,0
157.0,163.0,,,,ATX Mid Tower,6.0,1
65.0,165.0,,,,ATX Mid Tower,100.0,1
148.0,176.0,120.0,,,ATX Mid Tower,28.0,1
155.0,140.0,,,,Mini ITX Tower,-15.0,0
155.0,170.0,,,,ATX Mid Tower,15.0,1
158.0,155.0,,,,ATX Mid Tower,-3.0,0
150.0,77.0,,,,Mini ITX Tower,-73.0,0
130.0,165.0,,,,ATX Mid Tower,35.0,1
60.0,180.0,,,,EATX Mid Tower,120.0,1
157.0,65.0,,,,Mini ITX Tower,-92.0,0
70.0,185.0,,,,ATX Mid Tower,115.0,1
86.0,185.0,,,,ATX Mid Tower,99.0,1
81.0,70.0,120.0,3,360.0,HTPC,-11.0,0
158.0,200.0,140.0,2,,Mini ITX Tower,42.0,1
148.0,70.0,,,,HTPC,-78.0,0
165.0,150.0,,,,ATX Mid Tower,-15.0,0
152.0,185.0,,,,ATX Mid Tower,33.0,1
166.0,165.0,,,,ATX Mid Tower,-1.0,0
48.0,166.0,,,120.0,ATX Mid Tower,118.0,1
125.0,185.0,120.0,3,360.0,ATX Mid Tower,60.0,1
58.0,157.0,,,240.0,Micro ATX Mini Tower,99.0,1
161.0,155.0,,,,ATX Mid Tower,-6.0,0
158.0,155.0,,,,Mini ITX Tower,-3.0,0
158.0,155.0,,,,Micro ATX Mid Tower,-3.0,0
118.0,170.0,,,,ATX Mid Tower,52.0,1
158.0,77.0,,,,Mini ITX Tower,-81.0,0
77.7,68.0,120.0,3,360.0,Mini ITX Tower,-9.7,0
165.0,45.0,,,,Mini ITX Tower,-120.0,0
156.0,185.0,,,,ATX Mid Tower,29.0,1
158.0,45.0,120.0,2,,Mini ITX Tower,-113.0,0
159.0,170.0,,,,ATX Mid Tower,11.0,1
160.0,55.0,,,,Mini ITX Tower,-105.0,0
159.0,75.0,,,,Micro ATX Mini Tower,-84.0,0
55.0,163.0,,,360.0,ATX Mid Tower,108.0,1
65.0,210.0,,,240.0,Micro ATX Mini Tower,145.0,1
157.0,190.0,,,,ATX Mid Tower,33.0,1
116.0,165.0,140.0,2,280.0,Micro ATX Mid Tower,49.0,1
169.0,160.0,,,,ATX Mid Tower,-9.0,0
123.0,150.0,,,,ATX Mid Tower,27.0,1
167.0,155.0,,,,ATX Mid Tower,-12.0,0
150.0,70.0,,,,Mini ITX Tower,-80.0,0
157.0,150.0,,,,Micro ATX Mini Tower,-7.0,0
154.0,150.0,,,,ATX Mid Tower,-4.0,0
28.0,190.0,,,,ATX Mid Tower,162.0,1
136.0,160.0,,,,ATX Mid Tower,24.0,1
166.0,150.0,120.0,,,Mini ITX Tower,-16.0,0
148.0,68.0,,,,Mini ITX Tower,-80.0,0
158.0,85.0,,,,Mini ITX Tower,-73.0,0
167.0,70.0,,,,Mini ITX Tower,-97.0,0
153.0,166.0,,,,ATX Mid Tower,13.0,1
154.0,135.0,,,,Micro ATX Mid Tower,-19.0,0
157.0,68.0,,,,Mini ITX Tower,-89.0,0
65.0,190.0,,,360.0,ATX Mid Tower,125.0,1
154.0,190.0,,,,Mini ITX Tower,36.0,1
159.0,110.0,,,,Mini ITX Tower,-49.0,0
158.0,156.0,,,,ATX Mid Tower,-2.0,0
130.0,120.0,,,,Mini ITX Tower,-10.0,0
130.0,83.0,,,,Mini ITX Tower,-47.0,0
60.0,82.0,,,,Micro ATX Desktop,22.0,1
123.0,160.0,92.0,1,,Micro ATX Mid Tower,37.0,1
47.0,170.0,,,360.0,ATX Mid Tower,123.0,1
156.0,185.0,,,,ATX Mid Tower,29.0,1
154.0,162.0,,,,Micro ATX Mid Tower,8.0,1
125.0,83.0,,,,Mini ITX Tower,-42.0,0
167.0,61.0,,,,Mini ITX Tower,-106.0,0
60.0,165.0,,,360.0,ATX Mid Tower,105.0,1
135.0,75.0,,,,Mini ITX Tower,-60.0,0
151.0,120.0,120.0,2,,Mini ITX Tower,-31.0,0
53.0,165.0,,,240.0,Micro ATX Mini Tower,112.0,1
146.0,77.0,,,,Mini ITX Tower,-69.0,0
52.0,190.0,,,240.0,ATX Full Tower,138.0,1
162.0,165.0,,,,ATX Mid Tower,3.0,1
157.0,82.0,,,,Mini ITX Tower,-75.0,0
101.0,81.0,120.0,2,240.0,Micro ATX Slim Tower,-20.0,0
155.0,185.0,,,,ATX Mid Tower,30.0,1
37.0,166.0,,,,ATX Mid Tower,129.0,1
130.0,160.0,,,,Micro ATX Mini Tower,30.0,1
150.0,182.0,,,,ATX Full Tower,32.0,1
59.0,57.0,,,,Micro ATX Desktop,-2.0,0
136.0,165.0,,,,Micro ATX Mini Tower,29.0,1
158.0,110.0,,,,Mini ITX Tower,-48.0,0
166.0,190.0,,,,ATX Full Tower,24.0,1
166.0,175.0,120.0,,,ATX Mid Tower,9.0,1
155.0,70.0,120.0,1,,Mini ITX Tower,-85.0,0
75.6,68.0,130.0,1,,Mini ITX Tower,-7.6,0
152.0,150.0,,,,Micro ATX Mid Tower,-2.0,0
159.0,165.0,120.0,1,,Micro ATX Mini Tower,6.0,1
166.0,162.0,120.0,,,Micro ATX Mid Tower,-4.0,0
156.0,164.0,,,,Micro ATX Desktop,8.0,1
167.0,166.0,,,,ATX Full Tower,-1.0,0
159.0,158.0,,,,ATX Mid Tower,-1.0,0
156.0,170.0,,,,ATX Mid Tower,14.0,1
161.0,180.0,120.0,3,360.0,EATX Mid Tower,19.0,1
158.0,140.0,,,,Micro ATX Mini Tower,-18.0,0
160.0,170.0,,,,ATX Mid Tower,10.0,1
171.0,160.0,,,,Micro ATX Mini Tower,-11.0,0
141.0,90.0,,,,Micro ATX Desktop,-51.0,0
150.0,55.0,,,,Mini ITX Tower,-95.0,0
162.0,160.0,,,,ATX Mid Tower,-2.0,0
45.0,167.0,,,,ATX Mid Tower,122.0,1
60.0,57.0,,,360.0,Mini ITX Tower,-3.0,0
69.0,65.0,120.0,,360.0,HTPC,-4.0,0
60.0,48.0,120.0,1,240.0,Mini ITX Tower,-12.0,0
158.0,165.0,,,,Mini ITX Tower,7.0,1
165.0,163.5,,,,Micro ATX Mid Tower,-1.5,0
159.0,165.0,120.0,,,Micro ATX Mini Tower,6.0,1
62.0,61.0,,,,Mini ITX Tower,-1.0,0
155.0,85.0,120.0,1,,Mini ITX Tower,-70.0,0
166.0,165.0,,,,Micro ATX Mini Tower,-1.0,0
61.85,167.0,120.0,3,360.0,Micro ATX Mini Tower,105.15,1
140.0,68.0,,,,Mini ITX Tower,-72.0,0
164.0,158.0,,,,ATX Mid Tower,-6.0,0
60.0,175.0,120.0,1,240.0,ATX Mid Tower,115.0,1
136.0,165.0,,,,ATX Mid Tower,29.0,1
154.0,165.0,,,,Micro ATX Mini Tower,11.0,1
162.0,161.0,,,,ATX Mid Tower,-1.0,0
157.0,190.0,,,,ATX Mid Tower,33.0,1
122.0,166.0,,,,ATX Mid Tower,44.0,1
93.0,190.0,,,,ATX Full Tower,97.0,1
158.0,77.0,,,,Mini ITX Tower,-81.0,0
125.0,45.0,120.0,3,360.0,Mini ITX Tower,-80.0,0
150.0,120.0,,,,Mini ITX Tower,-30.0,0
143.0,185.0,,,,ATX Mid Tower,42.0,1
160.0,145.0,,,,ATX Mid Tower,-15.0,0
155.0,85.0,,,,Mini ITX Tower,-70.0,0
169.0,160.0,,,,ATX Mid Tower,-9.0,0
27.0,158.0,120.0,3,360.0,Micro ATX Mini Tower,131.0,1
158.0,162.0,140.0,2,,ATX Mid Tower,4.0,1
75.0,166.0,120.0,2,240.0,ATX Full Tower,91.0,1
125.0,67.0,,,,Mini ITX Tower,-58.0,0
47.0,190.0,,,360.0,ATX Mid Tower,143.0,1
154.0,82.0,,,,Micro ATX Mid Tower,-72.0,0
163.0,45.0,,,,Mini ITX Tower,-118.0,0
68.0,114.0,,,,Mini ITX Tower,46.0,1
150.0,70.0,120.0,1,,Mini ITX Tower,-80.0,0
69.0,160.0,120.0,2,240.0,ATX Mid Tower,91.0,1
155.0,120.0,,,,Mini ITX Tower,-35.0,0
163.0,160.0,,,,ATX Mid Tower,-3.0,0
154.0,150.0,,,,Micro ATX Mini Tower,-4.0,0
154.0,166.0,,,,ATX Mid Tower,12.0,1
125.0,185.0,120.0,2,240.0,ATX Mid Tower,60.0,1
157.0,180.0,,,,ATX Mid Tower,23.0,1
73.0,160.0,,,,ATX Mid Tower,87.0,1
160.0,155.0,,,,ATX Mid Tower,-5.0,0
63.0,185.0,,,,ATX Mid Tower,122.0,1
155.0,88.2,120.0,2,,ATX Mid Tower,-66.8,0
397.0,180.0,120.0,3,360.0,ATX Mid Tower,-217.0,0
47.0,170.0,,,240.0,ATX Mid Tower,123.0,1
136.0,47.0,,,,Micro ATX Desktop,-89.0,0
110.0,70.0,,,,HTPC,-40.0,0
170.0,57.0,,,,Mini ITX Tower,-113.0,0
158.0,156.0,,,,Micro ATX Mid Tower,-2.0,0
161.0,55.0,,,,Mini ITX Tower,-106.0,0
53.0,180.0,120.0,3,360.0,ATX Mid Tower,127.0,1
94.0,155.0,240.0,2,240.0,ATX Mid Tower,61.0,1
63.0,70.0,,,,Mini ITX Tower,7.0,1
158.0,150.0,140.0,2,,ATX Mid Tower,-8.0,0
155.0,185.0,,,,Micro ATX Mid Tower,30.0,1
150.0,146.0,,,,ATX Mid Tower,-4.0,0
160.0,85.0,,,,Mini ITX Tower,-75.0,0
157.0,82.0,,,,Micro ATX Mid Tower,-75.0,0
155.0,82.0,,,,Micro ATX Mini Tower,-73.0,0
152.0,160.0,,,,ATX Mid Tower,8.0,1
67.0,160.0,,,,ATX Mid Tower,93.0,1
125.0,77.0,,,,Mini ITX Tower,-48.0,0
157.0,138.0,,,,HTPC,-19.0,0
165.0,161.0,,,,ATX Mid Tower,-4.0,0
60.0,180.0,,,280.0,ATX Mid Tower,120.0,1
157.0,155.0,120.0,2,,ATX Mid Tower,-2.0,0
146.0,70.0,,,,Mini ITX Tower,-76.0,0
123.0,173.0,,,,ATX Mid Tower,50.0,1
145.0,185.0,,,,ATX Mid Tower,40.0,1
150.0,88.2,,,,ATX Mid Tower,-61.8,0
159.0,156.0,,,,ATX Mid Tower,-3.0,0
397.0,180.0,120.0,3,360.0,EATX Full Tower,-217.0,0
166.0,165.0,120.0,,,ATX Mid Tower,-1.0,0
154.0,185.0,,,,ATX Mid Tower,31.0,1
133.0,175.0,,,,ATX Mid Tower,42.0,1
136.0,190.0,,,,ATX Mid Tower,54.0,1
148.0,83.0,,,,Mini ITX Tower,-65.0,0
159.0,70.0,120.0,,,Mini ITX Tower,-89.0,0
159.0,77.0,,,,Mini ITX Tower,-82.0,0
155.0,145.0,,,,ATX Mid Tower,-10.0,0
168.0,110.0,,,,Mini ITX Tower,-58.0,0
159.0,65.0,,,,Mini ITX Tower,-94.0,0
136.0,178.0,,,,ATX Mid Tower,42.0,1
159.0,70.0,,,,Micro ATX Desktop,-89.0,0
56.0,167.0,120.0,2,240.0,ATX Mid Tower,111.0,1
154.0,155.0,,,,ATX Mid Tower,1.0,1
165.0,160.0,,,,ATX Mid Tower,-5.0,0
158.0,159.0,,,,Micro ATX Mid Tower,1.0,1
158.0,70.0,,,,Mini ITX Tower,-88.0,0
94.5,185.0,120.0,1,,ATX Full Tower,90.5,1
160.0,83.0,,,,Mini ITX Tower,-77.0,0
63.0,160.0,,,360.0,ATX Mid Tower,97.0,1
68.0,47.0,,,,Micro ATX Desktop,-21.0,0
157.0,155.0,,,,ATX Mid Tower,-2.0,0
159.0,155.0,,,,Micro ATX Mini Tower,-4.0,0
47.0,165.0,,,,ATX Mid Tower,118.0,1
161.0,110.0,120.0,2,,Mini ITX Tower,-51.0,0
86.0,70.0,,,,Mini ITX Tower,-16.0,0
158.0,81.0,,,,Micro ATX Slim Tower,-77.0,0
150.0,114.0,,,,Mini ITX Tower,-36.0,0
165.0,83.0,,,,Mini ITX Tower,-82.0,0
130.0,185.0,,,,ATX Full Tower,55.0,1
158.0,67.0,,,,Mini ITX Tower,-91.0,0
137.0,182.0,120.0,3,360.0,ATX Mid Tower,45.0,1
65.0,140.0,,,360.0,Micro ATX Mini Tower,75.0,1
37.0,180.0,,,,ATX Mid Tower,143.0,1
105.0,68.0,,,360.0,Mini ITX Tower,-37.0,0
165.0,163.0,,,,ATX Mid Tower,-2.0,0
148.0,170.0,,,,ATX Mid Tower,22.0,1
163.0,160.0,,,,ATX Mid Tower,-3.0,0
155.0,150.0,,,,Micro ATX Mini Tower,-5.0,0
152.0,150.0,120.0,1,,ATX Mid Tower,-2.0,0
158.0,150.0,,,,ATX Mid Tower,-8.0,0
164.0,163.5,,,,Micro ATX Mid Tower,-0.5,0
165.0,140.0,,,,Micro ATX Mini Tower,-25.0,0
159.0,170.0,,,,ATX Mid Tower,11.0,1
161.0,190.0,,,,ATX Mid Tower,29.0,1
86.4,180.0,120.0,3,360.0,ATX Mid Tower,93.6,1
62.0,55.0,,,360.0,Mini ITX Tower,-7.0,0
161.0,185.0,,,,ATX Mid Tower,24.0,1
58.0,175.0,,,240.0,Micro ATX Mini Tower,117.0,1
163.0,140.0,120.0,,,Mini ITX Tower,-23.0,0
160.0,157.0,,,,Micro ATX Mini Tower,-3.0,0
159.0,187.0,,,,ATX Mid Tower,28.0,1
166.0,160.0,,,,ATX Mid Tower,-6.0,0
160.0,150.0,,,,ATX Mid Tower,-10.0,0
60.0,67.0,,,360.0,Mini ITX Tower,7.0,1
125.0,170.0,,,,ATX Mid Tower,45.0,1
151.0,68.0,,,,Mini ITX Tower,-83.0,0
78.0,68.0,,,360.0,Mini ITX Tower,-10.0,0
154.0,165.0,120.0,2,,ATX Mid Tower,11.0,1
75.0,70.0,120.0,2,240.0,Mini ITX Tower,-5.0,0
137.0,75.0,120.0,,360.0,Mini ITX Tower,-62.0,0
105.0,61.0,,,360.0,Mini ITX Tower,-44.0,0
186.0,180.0,120.0,3,360.0,Micro ATX Mini Tower,-6.0,0
38.0,185.0,140.0,2,280.0,ATX Mid Tower,147.0,1
55.0,182.0,,,240.0,ATX Mid Tower,127.0,1
38.0,185.0,140.0,2,240.0,ATX Mid Tower,147.0,1
155.0,67.0,,,,Mini ITX Tower,-88.0,0
68.0,160.0,,,360.0,Micro ATX Mini Tower,92.0,1
160.0,145.0,,,,ATX Mid Tower,-15.0,0
116.0,160.0,140.0,2,280.0,ATX Mid Tower,44.0,1
159.0,150.0,,,,ATX Mid Tower,-9.0,0
153.0,210.0,,,,ATX Mid Tower,57.0,1
30.4,170.0,120.0,3,360.0,ATX Full Tower,139.6,1
71.0,170.0,,,,ATX Mid Tower,99.0,1
157.0,171.0,,,,ATX Mid Tower,14.0,1
168.0,165.0,120.0,,,ATX Mid Tower,-3.0,0
152.0,77.0,,,,HTPC,-75.0,0
62.0,165.0,,,240.0,ATX Mid Tower,103.0,1
151.0,185.0,120.0,2,,ATX Mid Tower,34.0,1
157.0,150.0,,,,Micro ATX Mini Tower,-7.0,0
150.0,70.0,,,,Mini ITX Tower,-80.0,0
165.0,160.0,,,,Micro ATX Mini Tower,-5.0,0
164.0,155.0,,,,Micro ATX Mid Tower,-9.0,0
80.6,75.0,120.0,3,360.0,Micro ATX Mini Tower,-5.6,0
165.0,163.5,,,,Micro ATX Mid Tower,-1.5,0
148.0,170.0,,,,ATX Mid Tower,22.0,1
159.0,140.0,,,,Mini ITX Tower,-19.0,0
162.0,77.0,,,,Mini ITX Tower,-85.0,0
70.0,50.0,,,,Mini ITX Tower,-20.0,0
161.0,110.0,,,,Mini ITX Tower,-51.0,0
42.0,82.0,,,360.0,Micro ATX Desktop,40.0,1
156.0,175.0,,,,ATX Mid Tower,19.0,1
159.0,150.0,,,,Micro ATX Mini Tower,-9.0,0
125.0,70.0,,,,HTPC,-55.0,0
163.0,175.0,,,,ATX Mid Tower,12.0,1
69.0,170.0,,,360.0,ATX Mid Tower,101.0,1
94.0,185.0,100.0,1,,ATX Mid Tower,91.0,1
63.0,170.0,,,240.0,Micro ATX Mid Tower,107.0,1
77.0,165.0,,,,ATX Mid Tower,88.0,1
69.0,165.0,120.0,2,240.0,ATX Mid Tower,96.0,1
123.0,163.0,,,,ATX Mid Tower,40.0,1
60.0,165.0,120.0,1,240.0,Micro ATX Mini Tower,105.0,1
149.0,170.0,,,,ATX Mid Tower,21.0,1
60.0,175.0,,,240.0,ATX Mid Tower,115.0,1
161.0,158.0,,,,ATX Mid Tower,-3.0,0
125.0,160.0,,,360.0,ATX Mid Tower,35.0,1
171.0,169.0,,,,ATX Mid Tower,-2.0,0
165.0,163.0,,,,ATX Mid Tower,-2.0,0
125.0,110.0,,,,Mini ITX Tower,-15.0,0
165.0,160.0,120.0,2,,ATX Mid Tower,-5.0,0
154.0,175.0,,,,ATX Mid Tower,21.0,1
165.0,155.0,,,,Micro ATX Mid Tower,-10.0,0
150.0,170.0,,,,ATX Mid Tower,20.0,1
47.0,165.0,,,360.0,ATX Mid Tower,118.0,1
155.0,160.0,,,,ATX Mid Tower,5.0,1
157.0,156.0,,,,ATX Mid Tower,-1.0,0
155.0,82.0,,,,Micro ATX Desktop,-73.0,0
157.0,174.0,,,,ATX Mid Tower,17.0,1
150.0,140.0,,,,Mini ITX Tower,-10.0,0
165.0,160.0,,,,ATX Mid Tower,-5.0,0
155.0,70.0,,,,Micro ATX Desktop,-85.0,0
52.0,165.0,,,360.0,ATX Mid Tower,113.0,1
154.0,175.0,,,,ATX Full Tower,21.0,1
130.0,165.0,,,,ATX Mid Tower,35.0,1
136.0,200.0,,,,Mini ITX Tower,64.0,1
30.4,185.0,120.0,3,360.0,ATX Mid Tower,154.6,1
154.0,165.0,,,,ATX Mid Tower,11.0,1
82.0,68.0,,3,360.0,Mini ITX Tower,-14.0,0
158.0,68.0,,,,Mini ITX Tower,-90.0,0
160.0,50.0,,,,Mini ITX Tower,-110.0,0
155.0,61.0,,,,Mini ITX Tower,-94.0,0
156.0,165.0,,,,EATX Mid Tower,9.0,1
155.0,50.0,120.0,1,,Mini ITX Tower,-105.0,0
150.0,61.0,,,,Mini ITX Tower,-89.0,0
123.0,50.0,100.0,1,,Mini ITX Tower,-73.0,0
161.0,163.0,,,,ATX Mid Tower,2.0,1
158.0,81.0,120.0,2,,Micro ATX Slim Tower,-77.0,0
153.0,182.0,,,,ATX Mid Tower,29.0,1
154.0,145.0,,,,ATX Mid Tower,-9.0,0
161.0,160.0,,,,ATX Mid Tower,-1.0,0
159.0,155.0,120.0,,,Micro ATX Mini Tower,-4.0,0
62.0,160.0,,,360.0,ATX Mid Tower,98.0,1
65.0,190.0,,,,ATX Full Tower,125.0,1
160.0,77.0,,,,Mini ITX Tower,-83.0,0
166.0,82.0,,,,Mini ITX Tower,-84.0,0
130.0,81.0,,,,Micro ATX Slim Tower,-49.0,0
56.0,165.0,120.0,2,240.0,ATX Mid Tower,109.0,1
166.0,114.0,,,,Mini ITX Tower,-52.0,0
125.0,190.0,,,,ATX Full Tower,65.0,1
166.0,162.0,120.0,,,ATX Mid Tower,-4.0,0
33.0,138.0,,,120.0,HTPC,105.0,1
153.0,160.0,,,,ATX Mid Tower,7.0,1
156.0,170.0,,,,Micro ATX Mid Tower,14.0,1
165.0,160.0,,,,ATX Mid Tower,-5.0,0
65.0,210.0,240.0,1,240.0,Micro ATX Mini Tower,145.0,1
45.0,175.0,,,,ATX Mid Tower,130.0,1
90.0,65.0,,,240.0,Mini ITX Tower,-25.0,0
150.0,68.0,,,,Mini ITX Tower,-82.0,0
58.0,170.0,,,,ATX Mid Tower,112.0,1
165.0,70.0,,,,Mini ITX Tower,-95.0,0
130.0,163.5,,,,Micro ATX Mini Tower,33.5,1
165.0,160.0,,,,ATX Mid Tower,-5.0,0
165.0,210.0,,,,ATX Mid Tower,45.0,1
163.0,160.0,,,,ATX Mid Tower,-3.0,0
62.0,260.0,,,240.0,EATX Full Tower,198.0,1
123.0,61.0,,,,Mini ITX Tower,-62.0,0
135.0,161.0,,,,ATX Mid Tower,26.0,1
134.0,77.0,,,,Mini ITX Tower,-57.0,0
130.0,88.2,,,,ATX Mid Tower,-41.8,0
166.0,195.0,120.0,,,ATX Full Tower,29.0,1
162.0,170.0,,,,ATX Mid Tower,8.0,1
48.0,168.0,,,360.0,ATX Mid Tower,120.0,1
158.0,185.0,,,,ATX Mid Tower,27.0,1
53.0,170.0,120.0,3,360.0,ATX Mid Tower,117.0,1
158.0,170.0,120.0,2,,ATX Mid Tower,12.0,1
69.0,155.0,,,360.0,Micro ATX Mid Tower,86.0,1
136.0,130.0,,,,Mini ITX Tower,-6.0,0
57.0,200.0,,,240.0,Mini ITX Tower,143.0,1
149.0,180.0,,,,ATX Mid Tower,31.0,1
160.0,183.0,,,,ATX Mid Tower,23.0,1
65.0,156.0,360.0,1,360.0,ATX Mid Tower,91.0,1
156.0,145.0,,,,ATX Mid Tower,-11.0,0
157.0,165.0,,,,ATX Mid Tower,8.0,1
167.0,160.0,,,,Micro ATX Mini Tower,-7.0,0
32.0,167.0,,,,ATX Mid Tower,135.0,1
154.0,55.0,,,,Mini ITX Tower,-99.0,0
154.0,135.0,,,,Micro ATX Mid Tower,-19.0,0
160.0,61.0,,,,Mini ITX Tower,-99.0,0
159.0,135.0,,,,Micro ATX Mid Tower,-24.0,0
125.0,175.0,,,,ATX Mid Tower,50.0,1
161.0,170.0,,,,ATX Mid Tower,9.0,1
69.0,175.0,,,,ATX Mid Tower,106.0,1
160.0,55.0,,,,Mini ITX Tower,-105.0,0
152.0,185.0,,,,ATX Mid Tower,33.0,1
158.0,157.0,,,,ATX Mid Tower,-1.0,0
154.0,57.0,,,,Mini ITX Tower,-97.0,0
155.0,151.0,,,,ATX Mid Tower,-4.0,0
155.0,170.0,,,,ATX Mid Tower,15.0,1
155.0,170.0,,,,ATX Mid Tower,15.0,1
72.0,175.0,120.0,3,360.0,ATX Mid Tower,103.0,1
165.0,160.0,,,,ATX Mid Tower,-5.0,0
68.0,170.0,,,,ATX Mid Tower,102.0,1
125.0,185.0,,,,ATX Full Tower,60.0,1
155.0,150.0,120.0,2,,Micro ATX Mid Tower,-5.0,0
150.0,61.0,,,,Mini ITX Tower,-89.0,0
68.0,165.0,,,420.0,ATX Mid Tower,97.0,1
90.0,185.0,,,240.0,ATX Mid Tower,95.0,1
159.0,155.0,,,,ATX Mid Tower,-4.0,0
37.0,182.0,,,,ATX Mid Tower,145.0,1
75.0,180.0,,,,ATX Mid Tower,105.0,1
63.0,180.0,,,,ATX Mid Tower,117.0,1
159.0,155.0,,,,Micro ATX Mid Tower,-4.0,0
158.0,61.0,,,,Mini ITX Tower,-97.0,0
158.0,156.0,,,,ATX Mid Tower,-2.0,0
69.0,170.0,120.0,3,360.0,ATX Mid Tower,101.0,1
161.0,47.0,,,,Micro ATX Desktop,-114.0,0
116.0,151.0,140.0,2,280.0,ATX Mid Tower,35.0,1
160.0,70.0,,,,Mini ITX Tower,-90.0,0
160.0,68.0,,,,Mini ITX Tower,-92.0,0
397.0,185.0,120.0,3,360.0,ATX Mid Tower,-212.0,0
152.0,77.0,,,,HTPC,-75.0,0
68.0,180.0,,,360.0,ATX Mid Tower,112.0,1
154.0,77.0,,,,Mini ITX Tower,-77.0,0
118.0,135.0,120.0,3,360.0,Micro ATX Mid Tower,17.0,1
170.0,165.0,,,,ATX Mid Tower,-5.0,0
154.0,170.0,120.0,2,,ATX Mid Tower,16.0,1
159.0,70.0,,,,HTPC,-89.0,0
90.0,170.0,,,240.0,ATX Mid Tower,80.0,1
157.0,38.0,,,,Mini ITX Tower,-119.0,0
150.0,77.0,,,,Mini ITX Tower,-73.0,0
159.0,190.0,120.0,1,,ATX Mid Tower,31.0,1
118.0,170.0,120.0,,,ATX Mid Tower,52.0,1
159.0,155.0,,,,ATX Mid Tower,-4.0,0
156.0,155.0,,,,Mini ITX Tower,-1.0,0
136.0,190.0,,,,ATX Mid Tower,54.0,1
63.0,61.0,,,,Mini ITX Tower,-2.0,0
92.0,185.0,120.0,,240.0,ATX Mid Tower,93.0,1
148.0,155.0,,,,Mini ITX Tower,7.0,1
155.0,82.0,,,,Mini ITX Tower,-73.0,0
158.0,156.0,,,,ATX Mid Tower,-2.0,0
165.0,160.0,120.0,2,,ATX Mid Tower,-5.0,0
160.0,140.0,,,,Micro ATX Mini Tower,-20.0,0
69.0,165.0,140.0,3,420.0,Micro ATX Mini Tower,96.0,1
158.0,150.0,,,,ATX Mid Tower,-8.0,0
50.0,160.0,,,360.0,Micro ATX Mini Tower,110.0,1
130.0,70.0,,,,Mini ITX Tower,-60.0,0
157.0,155.0,,,,ATX Mid Tower,-2.0,0
145.0,165.0,,,,ATX Mid Tower,20.0,1
150.0,190.0,,,,ATX Mid Tower,40.0,1
155.0,45.0,,,,Mini ITX Tower,-110.0,0
58.0,167.0,,,240.0,ATX Mid Tower,109.0,1
166.0,154.0,120.0,,,Micro ATX Mid Tower,-12.0,0
160.0,156.0,,,,Micro ATX Mid Tower,-4.0,0
158.0,160.0,,,,ATX Mid Tower,2.0,1
150.0,163.5,120.0,2,240.0,Micro ATX Mid Tower,13.5,1
155.0,68.0,120.0,1,,Mini ITX Tower,-87.0,0
168.0,165.0,,,,ATX Mid Tower,-3.0,0
155.0,155.0,,,,Micro ATX Mini Tower,0.0,1
48.0,170.0,,,,ATX Mid Tower,122.0,1
154.0,175.0,,,,ATX Mid Tower,21.0,1
155.0,160.0,120.0,2,,ATX Mid Tower,5.0,1
160.0,65.0,120.0,1,,Mini ITX Tower,-95.0,0
161.0,70.0,,,,Mini ITX Tower,-91.0,0
159.0,155.0,,,,ATX Mid Tower,-4.0,0
152.0,130.0,,,,Mini ITX Tower,-22.0,0
161.0,160.0,,,,ATX Mid Tower,-1.0,0
125.0,180.0,,,,ATX Mid Tower,55.0,1
113.0,68.0,,,,Mini ITX Tower,-45.0,0
75.0,165.0,,,,EATX Mid Tower,90.0,1
154.0,57.0,,,,Micro ATX Desktop,-97.0,0
159.0,159.0,,,,Micro ATX Mid Tower,0.0,1
153.0,48.0,,,,Mini ITX Tower,-105.0,0
146.0,185.0,,,,ATX Mid Tower,39.0,1
157.0,83.0,,,,Mini ITX Tower,-74.0,0
155.0,110.0,,,,Mini ITX Tower,-45.0,0
158.0,158.75,,,,ATX Mid Tower,0.75,1
167.0,165.0,,,,Micro ATX Mini Tower,-2.0,0
154.0,68.0,,,,Mini ITX Tower,-86.0,0
68.0,185.0,,,,ATX Mid Tower,117.0,1
166.0,160.0,120.0,,,ATX Mid Tower,-6.0,0
136.0,162.0,,,,ATX Mid Tower,26.0,1
23.0,190.0,,,,EATX Mid Tower,167.0,1
168.0,160.0,,,,Micro ATX Mini Tower,-8.0,0
172.0,167.0,,,,Micro ATX Mini Tower,-5.0,0
158.0,67.0,,,,Mini ITX Tower,-91.0,0
73.0,180.0,,,,ATX Mid Tower,107.0,1
78.0,75.0,,,240.0,Micro ATX Mini Tower,-3.0,0
47.0,160.0,,,,ATX Mid Tower,113.0,1
155.0,190.0,,,,EATX Full Tower,35.0,1
157.0,155.0,,,,Micro ATX Mini Tower,-2.0,0
123.0,81.0,92.0,1,,Micro ATX Slim Tower,-42.0,0
165.0,82.0,,,,Micro ATX Mid Tower,-83.0,0
158.0,170.0,,,,ATX Mid Tower,12.0,1
169.0,160.0,,,,ATX Mid Tower,-9.0,0
150.0,82.0,,,,Mini ITX Tower,-68.0,0
158.0,168.0,,,,ATX Mid Tower,10.0,1
158.0,154.0,,,,Micro ATX Mid Tower,-4.0,0
68.0,180.0,,,360.0,ATX Mid Tower,112.0,1
154.0,146.0,,,,ATX Mid Tower,-8.0,0
37.0,184.0,,,,ATX Mid Tower,147.0,1
161.0,155.0,,,,ATX Mid Tower,-6.0,0
114.0,180.0,,,,ATX Mid Tower,66.0,1
17.0,165.0,,,,Micro ATX Mini Tower,148.0,1
158.0,150.0,,,,ATX Mid Tower,-8.0,0
157.0,45.0,,,,Mini ITX Tower,-112.0,0
158.0,155.0,120.0,2,,Micro ATX Mid Tower,-3.0,0
86.0,170.0,,,,ATX Mid Tower,84.0,1
130.0,160.0,,,,ATX Mid Tower,30.0,1
159.0,85.0,,,,Mini ITX Tower,-74.0,0
160.0,154.0,,,,Micro ATX Mid Tower,-6.0,0
160.0,173.0,,,,ATX Mid Tower,13.0,1
149.0,165.0,,,,ATX Mid Tower,16.0,1
152.0,185.0,,,,ATX Mid Tower,33.0,1
166.0,160.0,,,,ATX Mid Tower,-6.0,0
41.0,170.0,,,,ATX Mid Tower,129.0,1
154.0,180.0,,,,ATX Mid Tower,26.0,1
78.0,180.0,120.0,3,360.0,ATX Mid Tower,102.0,1
167.0,138.0,,,,HTPC,-29.0,0
163.0,166.0,120.0,,,ATX Mid Tower,3.0,1
158.0,210.0,,,,Micro ATX Mini Tower,52.0,1
166.0,160.0,,,,ATX Mid Tower,-6.0,0
68.0,67.0,140.0,2,280.0,Mini ITX Tower,-1.0,0
60.0,169.0,120.0,2,240.0,ATX Mid Tower,109.0,1
154.0,61.0,,,,Mini ITX Tower,-93.0,0
120.0,47.0,,,,Micro ATX Desktop,-73.0,0
158.0,146.0,,,,HTPC,-12.0,0
47.0,140.0,,,,Mini ITX Tower,93.0,1
160.0,158.0,,,,ATX Mid Tower,-2.0,0
140.0,61.0,,,,Mini ITX Tower,-79.0,0
38.0,165.0,140.0,2,240.0,ATX Mid Tower,127.0,1
154.0,47.0,,,,Micro ATX Desktop,-107.0,0
155.0,150.0,,,,Mini ITX Tower,-5.0,0
154.0,163.5,,,,Micro ATX Mid Tower,9.5,1
70.0,162.0,,,,ATX Mid Tower,92.0,1
160.0,70.0,,,,HTPC,-90.0,0
57.0,195.0,,,,ATX Mid Tower,138.0,1
158.0,167.0,,,,ATX Mid Tower,9.0,1
44.0,164.0,,,120.0,Micro ATX Desktop,120.0,1
50.0,50.0,,,360.0,Mini ITX Tower,0.0,1
51.0,160.0,,,420.0,ATX Mid Tower,109.0,1
57.0,160.0,120.0,2,240.0,ATX Mid Tower,103.0,1
163.0,140.0,,,,Mini ITX Tower,-23.0,0
45.0,156.0,,,,Micro ATX Mini Tower,111.0,1
155.0,140.0,,,,Micro ATX Mini Tower,-15.0,0
128.0,170.0,,,,ATX Mid Tower,42.0,1
159.0,110.0,,,,Mini ITX Tower,-49.0,0
156.0,175.0,,,,Micro ATX Mid Tower,19.0,1
159.0,160.0,,,,ATX Mid Tower,1.0,1
66.0,154.0,,,360.0,Micro ATX Mid Tower,88.0,1
101.0,163.0,120.0,2,240.0,ATX Mid Tower,62.0,1
158.0,83.0,,,,Mini ITX Tower,-75.0,0
164.0,160.0,,,,ATX Mid Tower,-4.0,0
156.0,150.0,,,,Micro ATX Mid Tower,-6.0,0
157.0,85.0,120.0,2,,Mini ITX Tower,-72.0,0
33.0,182.0,,,120.0,ATX Mid Tower,149.0,1
45.0,170.0,,,,ATX Mid Tower,125.0,1
150.0,155.0,,,,ATX Mid Tower,5.0,1
154.0,75.0,,,,Micro ATX Mini Tower,-79.0,0
153.0,75.0,,,,Micro ATX Mini Tower,-78.0,0
154.0,70.0,,,,Mini ITX Tower,-84.0,0
154.0,77.0,,,,Mini ITX Tower,-77.0,0
154.0,150.0,120.0,2,,ATX Mid Tower,-4.0,0
25.0,170.0,,,,ATX Mid Tower,145.0,1
146.0,135.0,,,,Micro ATX Mid Tower,-11.0,0
159.0,154.0,,,,Micro ATX Mid Tower,-5.0,0
154.0,65.0,,,,Mini ITX Tower,-89.0,0
73.0,138.0,120.0,3,360.0,HTPC,65.0,1
127.0,166.0,,,,ATX Mid Tower,39.0,1
165.0,162.0,,,,ATX Mid Tower,-3.0,0
158.0,75.0,140.0,2,,Mini ITX Tower,-83.0,0
79.0,170.0,,,360.0,Micro ATX Mini Tower,91.0,1
154.0,68.0,,,,Mini ITX Tower,-86.0,0
150.0,148.0,,,,Micro ATX Mini Tower,-2.0,0
154.0,70.0,,,,Mini ITX Tower,-84.0,0
166.0,160.0,,,,ATX Mid Tower,-6.0,0
159.0,170.0,,,,ATX Mid Tower,11.0,1
161.0,160.0,120.0,2,,ATX Mid Tower,-1.0,0
153.0,185.0,,,,ATX Mid Tower,32.0,1
159.0,175.0,120.0,1,,ATX Mid Tower,16.0,1
169.0,65.0,,,,Mini ITX Tower,-104.0,0
70.0,182.0,,,360.0,ATX Mid Tower,112.0,1
77.0,165.0,,,,Mini ITX Tower,88.0,1
166.0,164.0,,,,Micro ATX Desktop,-2.0,0
134.0,135.0,120.0,,,Micro ATX Mid Tower,1.0,1
84.0,180.0,,,,EATX Mid Tower,96.0,1
64.4,180.0,120.0,3,360.0,ATX Mid Tower,115.6,1
160.0,175.0,,,,ATX Mid Tower,15.0,1
130.0,160.0,,,,ATX Mid Tower,30.0,1
150.0,70.0,,,,HTPC,-80.0,0
152.0,70.0,,,,HTPC,-82.0,0
397.0,160.0,120.0,3,360.0,Micro ATX Mini Tower,-237.0,0
88.0,160.0,,,,Micro ATX Mini Tower,72.0,1
160.0,180.0,,,,ATX Mid Tower,20.0,1
165.0,160.0,,,,ATX Mid Tower,-5.0,0
60.0,170.0,120.0,3,360.0,ATX Mid Tower,110.0,1
160.0,190.0,,,,ATX Full Tower,30.0,1
159.0,158.0,120.0,1,,ATX Mid Tower,-1.0,0
150.0,170.0,,,,ATX Mid Tower,20.0,1
168.0,162.0,,,,ATX Mid Tower,-6.0,0
63.0,170.0,,,360.0,ATX Mid Tower,107.0,1
150.0,170.0,,,,ATX Mid Tower,20.0,1
63.0,135.0,,,,Micro ATX Mid Tower,72.0,1
171.0,162.0,,,,ATX Mid Tower,-9.0,0
158.0,154.0,,,,Micro ATX Mid Tower,-4.0,0
168.0,82.0,,,,Micro ATX Mini Tower,-86.0,0
69.0,61.0,,,360.0,Mini ITX Tower,-8.0,0
47.0,67.0,,,240.0,Mini ITX Tower,20.0,1
163.0,190.0,,,,ATX Mid Tower,27.0,1
140.0,75.0,,,,Mini ITX Tower,-65.0,0
141.0,165.0,,,,ATX Mid Tower,24.0,1
155.0,169.0,,,,ATX Full Tower,14.0,1
157.0,61.0,,,,Mini ITX Tower,-96.0,0
67.0,166.0,,,240.0,ATX Mid Tower,99.0,1
125.0,68.0,120.0,2,240.0,Mini ITX Tower,-57.0,0
130.0,150.0,,,,Micro ATX Mini Tower,20.0,1
158.0,138.0,,,,HTPC,-20.0,0
171.0,169.0,,,,ATX Mid Tower,-2.0,0
53.0,176.0,120.0,3,360.0,ATX Full Tower,123.0,1
167.0,160.0,,,,EATX Mid Tower,-7.0,0
152.0,58.0,,,,HTPC,-94.0,0
155.0,187.0,,,,ATX Mid Tower,32.0,1
89.9,182.0,120.0,3,360.0,ATX Full Tower,92.1,1
65.0,160.0,,,240.0,ATX Mid Tower,95.0,1
158.0,180.0,,,,ATX Mid Tower,22.0,1
125.0,190.0,,,,ATX Mid Tower,65.0,1
148.0,135.0,120.0,,,Micro ATX Mid Tower,-13.0,0
157.0,150.0,,,,Micro ATX Mid Tower,-7.0,0
158.0,70.0,,,,HTPC,-88.0,0
35.0,170.0,,,,ATX Mid Tower,135.0,1
67.0,200.0,,,,Mini ITX Tower,133.0,1
163.0,155.0,120.0,,,Micro ATX Mini Tower,-8.0,0
160.0,170.0,120.0,2,,ATX Mid Tower,10.0,1
160.0,95.0,,,,ATX Mid Tower,-65.0,0
77.7,180.0,120.0,3,360.0,ATX Mid Tower,102.3,1
126.0,68.0,,,,Mini ITX Tower,-58.0,0
93.0,70.0,,,,HTPC,-23.0,0
157.0,156.0,,,,ATX Mid Tower,-1.0,0
69.0,165.0,,,360.0,ATX Mid Tower,96.0,1
155.0,159.0,,,,ATX Mid Tower,4.0,1
148.0,83.0,120.0,,,Mini ITX Tower,-65.0,0
166.0,165.0,,,,ATX Mid Tower,-1.0,0
47.0,180.0,,,,ATX Full Tower,133.0,1
68.0,67.0,,,,Mini ITX Tower,-1.0,0
150.0,65.0,,,,Mini ITX Tower,-85.0,0
150.0,70.0,,,,HTPC,-80.0,0
148.0,145.0,120.0,,,ATX Mid Tower,-3.0,0
168.0,160.0,,,,ATX Mid Tower,-8.0,0
158.0,57.0,,,,Micro ATX Desktop,-101.0,0
143.0,185.0,,,,ATX Mid Tower,42.0,1
65.0,180.0,,,360.0,ATX Mid Tower,115.0,1
58.0,55.0,,,,Mini ITX Tower,-3.0,0
150.0,175.0,,,,ATX Mid Tower,25.0,1
154.0,210.0,120.0,2,,ATX Mid Tower,56.0,1
169.0,85.0,,,,Mini ITX Tower,-84.0,0
159.0,155.0,,,,Micro ATX Mid Tower,-4.0,0
110.0,165.0,,,,Micro ATX Mini Tower,55.0,1
164.0,162.0,,,,ATX Mid Tower,-2.0,0
81.0,170.0,120.0,3,360.0,ATX Mid Tower,89.0,1
156.0,155.0,,,,ATX Full Tower,-1.0,0
160.0,155.0,,,,Micro ATX Mid Tower,-5.0,0
165.0,155.0,,,,Micro ATX Mini Tower,-10.0,0
166.0,180.0,,,,ATX Mid Tower,14.0,1
154.0,168.0,,,,Micro ATX Mini Tower,14.0,1
172.0,61.0,,,,Mini ITX Tower,-111.0,0
165.0,160.0,,,,ATX Mid Tower,-5.0,0
27.0,161.0,,,,ATX Mid Tower,134.0,1
165.0,145.0,,,,ATX Mid Tower,-20.0,0
170.0,175.0,,,,ATX Mid Tower,5.0,1
162.0,156.0,,,,Micro ATX Mid Tower,-6.0,0
70.0,65.0,,,,Micro ATX Mini Tower,-5.0,0
54.0,166.0,,,360.0,ATX Mid Tower,112.0,1
166.0,160.0,,,,ATX Mid Tower,-6.0,0
60.0,160.0,120.0,2,240.0,ATX Mid Tower,100.0,1
110.0,83.0,,,,Mini ITX Tower,-27.0,0
162.0,160.0,,,,ATX Mid Tower,-2.0,0
27.0,190.0,120.0,3,360.0,EATX Mid Tower,163.0,1
152.0,83.0,,,,Mini ITX Tower,-69.0,0
154.0,75.0,,,,Micro ATX Mini Tower,-79.0,0
163.0,165.0,,,,Micro ATX Mid Tower,2.0,1
142.0,160.0,,,,ATX Mid Tower,18.0,1
159.0,145.0,,,,ATX Mid Tower,-14.0,0
154.0,170.0,,,,ATX Mid Tower,16.0,1
75.0,170.0,,,,ATX Mid Tower,95.0,1
154.0,166.0,,,,ATX Mid Tower,12.0,1
167.0,165.0,,,,ATX Mid Tower,-2.0,0
172.0,170.0,,,,ATX Mid Tower,-2.0,0
68.0,185.0,,,360.0,ATX Mid Tower,117.0,1
127.0,75.0,,,,Mini ITX Tower,-52.0,0
159.0,70.0,,,,HTPC,-89.0,0
159.0,155.0,120.0,1,,Micro ATX Mini Tower,-4.0,0
155.0,170.0,,,,Micro ATX Mini Tower,15.0,1
153.0,48.0,,,,Mini ITX Tower,-105.0,0
160.0,120.0,,,,Mini ITX Tower,-40.0,0
80.6,55.0,120.0,2,240.0,Mini ITX Tower,-25.6,0
155.0,187.0,,,,ATX Mid Tower,32.0,1
54.0,166.0,,,360.0,ATX Mid Tower,112.0,1
140.0,70.0,,,,HTPC,-70.0,0
123.0,85.0,,,,Mini ITX Tower,-38.0,0
47.0,165.0,,,,Mini ITX Tower,118.0,1
170.0,167.0,,,,Micro ATX Mini Tower,-3.0,0
141.0,185.0,,,,ATX Mid Tower,44.0,1
68.0,180.0,,,,ATX Mid Tower,112.0,1
152.0,150.0,120.0,1,,Micro ATX Mid Tower,-2.0,0
133.0,190.0,,,,ATX Mid Tower,57.0,1
134.0,185.0,,,,Micro ATX Mid Tower,51.0,1
155.0,185.0,,,,ATX Full Tower,30.0,1
154.0,170.0,,,,ATX Mid Tower,16.0,1
160.0,157.0,,,,Micro ATX Mini Tower,-3.0,0
60.0,190.0,,,,ATX Full Tower,130.0,1
166.0,160.0,,,,ATX Mid Tower,-6.0,0
82.0,165.0,,,,Micro ATX Mini Tower,83.0,1
67.0,165.0,,,360.0,Micro ATX Mini Tower,98.0,1
157.0,155.0,,,,Mini ITX Tower,-2.0,0
125.0,130.0,,,,Mini ITX Tower,5.0,1
156.0,160.0,,,,ATX Mid Tower,4.0,1
141.0,175.0,,,,ATX Mid Tower,34.0,1
161.0,83.0,,,,Mini ITX Tower,-78.0,0
68.4,61.0,120.0,3,360.0,Mini ITX Tower,-7.4,0
80.6,195.0,120.0,2,240.0,ATX Mid Tower,114.4,1
30.0,68.0,120.0,2,360.0,Mini ITX Tower,38.0,1
57.0,180.0,,,360.0,ATX Mid Tower,123.0,1
130.0,165.0,,,,ATX Mid Tower,35.0,1
172.0,160.0,,,,ATX Mid Tower,-12.0,0
66.0,160.0,,,360.0,ATX Mid Tower,94.0,1
155.0,180.0,,,,ATX Mid Tower,25.0,1
131.0,182.0,,,,ATX Mid Tower,51.0,1
171.0,150.0,,,,Micro ATX Mini Tower,-21.0,0
150.0,180.0,,,,ATX Mid Tower,30.0,1
150.0,175.0,,,,Mini ITX Tower,25.0,1
160.0,81.0,,,,Micro ATX Slim Tower,-79.0,0
56.0,159.0,,,240.0,ATX Mid Tower,103.0,1
166.0,160.0,,,,ATX Mid Tower,-6.0,0
154.0,200.0,,,,Mini ITX Tower,46.0,1
64.0,150.0,,,,ATX Mid Tower,86.0,1
154.0,165.0,,,,ATX Mid Tower,11.0,1
158.0,180.0,,,,ATX Mid Tower,22.0,1
171.0,170.0,,,,ATX Mid Tower,-1.0,0
146.0,185.0,,,,ATX Mid Tower,39.0,1
157.0,135.0,,,,Micro ATX Mid Tower,-22.0,0
60.0,180.0,,,,ATX Mid Tower,120.0,1
123.0,95.0,92.0,1,,ATX Mid Tower,-28.0,0
90.0,83.0,,,360.0,Mini ITX Tower,-7.0,0
157.0,156.0,,,,Micro ATX Mid Tower,-1.0,0
47.0,114.0,,,,Mini ITX Tower,67.0,1
137.0,200.0,120.0,3,360.0,Mini ITX Tower,63.0,1
158.0,65.0,,,,HTPC,-93.0,0
134.0,70.0,,,,HTPC,-64.0,0
158.0,170.0,,,,ATX Mid Tower,12.0,1
163.0,160.0,,,,Micro ATX Mini Tower,-3.0,0
155.0,180.0,,,,ATX Mid Tower,25.0,1
158.0,160.0,,,,Micro ATX Mini Tower,2.0,1
162.0,168.0,,,,ATX Mid Tower,6.0,1
145.0,85.0,,,,Mini ITX Tower,-60.0,0
152.0,185.0,,,,ATX Mid Tower,33.0,1
159.0,156.0,,,,ATX Mid Tower,-3.0,0
157.0,85.0,,,,Mini ITX Tower,-72.0,0
154.0,190.0,,,,EATX Mid Tower,36.0,1
80.6,165.0,120.0,2,240.0,ATX Mid Tower,84.4,1
165.0,160.0,,,,ATX Mid Tower,-5.0,0
154.0,151.0,,,,ATX Mid Tower,-3.0,0
157.0,161.0,,,,ATX Mid Tower,4.0,1
161.0,173.0,,,,ATX Mid Tower,12.0,1
161.0,160.0,,,,Micro ATX Mini Tower,-1.0,0
155.0,61.0,,,,Mini ITX Tower,-94.0,0
56.0,195.0,,,280.0,ATX Full Tower,139.0,1
68.0,67.0,,,420.0,Mini ITX Tower,-1.0,0
154.0,160.0,,,,ATX Mid Tower,6.0,1
156.0,185.0,,,,ATX Mid Tower,29.0,1
63.0,175.0,,,,ATX Mid Tower,112.0,1
155.0,190.0,,,,ATX Full Tower,35.0,1
37.0,188.0,,,,ATX Mid Tower,151.0,1
62.0,170.0,120.0,3,360.0,ATX Mid Tower,108.0,1
67.0,162.0,,,,ATX Mid Tower,95.0,1
121.0,195.0,,,,ATX Full Tower,74.0,1
167.0,155.0,,,,Micro ATX Mini Tower,-12.0,0
161.0,155.0,,,,ATX Mid Tower,-6.0,0
156.0,140.0,,,,Mini ITX Tower,-16.0,0
136.0,161.0,,,,Micro ATX Mid Tower,25.0,1
150.0,172.0,,,,ATX Mid Tower,22.0,1
130.0,75.0,,,,Mini ITX Tower,-55.0,0
154.0,175.0,,,,ATX Mid Tower,21.0,1
58.0,170.0,,,,ATX Mid Tower,112.0,1
125.0,162.0,,,240.0,ATX Mid Tower,37.0,1
158.0,61.0,,,,Mini ITX Tower,-97.0,0
154.0,148.0,,,,Micro ATX Mid Tower,-6.0,0
159.0,85.0,,,,Mini ITX Tower,-74.0,0
94.0,155.0,240.0,2,240.0,ATX Mid Tower,61.0,1
161.0,95.0,120.0,3,360.0,ATX Mid Tower,-66.0,0
159.0,165.0,,,,ATX Mid Tower,6.0,1
125.0,165.0,,,,Mini ITX Tower,40.0,1
161.0,160.0,,,,Micro ATX Mid Tower,-1.0,0
171.0,163.5,,,,Micro ATX Mid Tower,-7.5,0
156.0,150.0,,,,ATX Mid Tower,-6.0,0
161.0,185.0,,,,ATX Full Tower,24.0,1
159.0,158.0,,,,ATX Mid Tower,-1.0,0
158.0,140.0,,,,Mini ITX Tower,-18.0,0
58.0,48.0,,,,Mini ITX Tower,-10.0,0
158.0,120.0,,,,Mini ITX Tower,-38.0,0
157.0,156.0,120.0,2,,Micro ATX Mid Tower,-1.0,0
69.0,166.0,,,,ATX Mid Tower,97.0,1
54.0,162.0,,,420.0,Micro ATX Mid Tower,108.0,1
155.0,61.0,,,,Mini ITX Tower,-94.0,0
167.0,165.0,,,,ATX Mid Tower,-2.0,0
162.0,160.0,,,,ATX Mid Tower,-2.0,0
152.0,163.0,,,,ATX Mid Tower,11.0,1
159.0,165.0,120.0,,,ATX Mid Tower,6.0,1
58.0,175.0,,,240.0,ATX Mid Tower,117.0,1
155.0,83.0,120.0,1,,Mini ITX Tower,-72.0,0
65.0,155.0,420.0,1,420.0,ATX Mid Tower,90.0,1
30.0,167.0,,,,ATX Mid Tower,137.0,1
69.0,185.0,,,,ATX Mid Tower,116.0,1
150.0,155.0,,,,Micro ATX Mini Tower,5.0,1
53.0,180.0,95.0,2,,ATX Mid Tower,127.0,1
166.0,75.0,,,,Mini ITX Tower,-91.0,0
166.0,155.0,120.0,,,Micro ATX Mini Tower,-11.0,0
62.0,159.0,120.0,3,360.0,Micro ATX Mini Tower,97.0,1
150.0,114.0,,,,Mini ITX Tower,-36.0,0
155.0,82.0,,,,Mini ITX Tower,-73.0,0
55.0,165.0,120.0,1,,ATX Full Tower,110.0,1
157.0,155.0,,,,ATX Mid Tower,-2.0,0
60.0,180.0,120.0,3,360.0,ATX Mid Tower,120.0,1
158.0,150.0,,,,Micro ATX Mini Tower,-8.0,0
145.0,75.0,,,,Micro ATX Mini Tower,-70.0,0
154.0,70.0,,,,Mini ITX Tower,-84.0,0
165.0,114.0,,,,Mini ITX Tower,-51.0,0
125.0,180.0,,,360.0,ATX Mid Tower,55.0,1
158.0,190.0,,,,ATX Mid Tower,32.0,1
170.0,155.0,,,,ATX Mid Tower,-15.0,0
123.0,55.0,,,,Mini ITX Tower,-68.0,0
148.0,190.0,,,,ATX Full Tower,42.0,1
48.0,172.0,,,240.0,ATX Mid Tower,124.0,1
134.0,180.0,120.0,,,ATX Mid Tower,46.0,1
160.0,158.0,,,,ATX Mid Tower,-2.0,0
164.0,165.0,,,,ATX Mid Tower,1.0,1
154.0,70.0,,,,HTPC,-84.0,0
158.0,150.0,,,,ATX Mid Tower,-8.0,0
73.0,70.0,,,,Mini ITX Tower,-3.0,0
130.0,180.0,,,,ATX Mid Tower,50.0,1
49.0,170.0,,,360.0,ATX Mid Tower,121.0,1
143.0,138.0,,,,HTPC,-5.0,0
160.0,170.0,,,,ATX Mid Tower,10.0,1
116.0,160.0,,,,ATX Mid Tower,44.0,1
86.4,184.0,120.0,3,360.0,ATX Mid Tower,97.6,1
165.0,67.0,,,,Mini ITX Tower,-98.0,0
114.0,68.0,,,,Mini ITX Tower,-46.0,0
60.0,170.0,120.0,2,240.0,ATX Mid Tower,110.0,1
118.0,170.0,,,,Micro ATX Mid Tower,52.0,1
90.0,82.0,,,360.0,Micro ATX Mid Tower,-8.0,0
160.0,70.0,,,,Mini ITX Tower,-90.0,0
167.0,160.0,,,,ATX Mid Tower,-7.0,0
82.0,160.0,,,,ATX Mid Tower,78.0,1
67.0,58.0,,,240.0,HTPC,-9.0,0
161.0,120.0,,,,Mini ITX Tower,-41.0,0
30.0,167.0,,,,ATX Mid Tower,137.0,1
62.0,158.0,,,240.0,Micro ATX Desktop,96.0,1
167.0,210.0,,,,Mini ITX Tower,43.0,1
156.0,88.2,,,,ATX Mid Tower,-67.8,0
159.0,178.0,120.0,1,,ATX Mid Tower,19.0,1
155.0,165.0,120.0,1,,ATX Mid Tower,10.0,1
92.0,155.0,120.0,,240.0,ATX Mid Tower,63.0,1
157.0,170.0,,,,ATX Mid Tower,13.0,1
67.0,169.0,,,,ATX Mid Tower,102.0,1
123.0,68.0,120.0,3,360.0,Mini ITX Tower,-55.0,0
166.0,162.0,,,,Micro ATX Mid Tower,-4.0,0
158.0,171.0,140.0,2,,ATX Mid Tower,13.0,1
130.0,184.0,,,,ATX Mid Tower,54.0,1
157.0,150.0,,,,Micro ATX Mid Tower,-7.0,0
18.6,180.0,120.0,3,394.0,ATX Mid Tower,161.4,1
160.0,170.0,,,,ATX Mid Tower,10.0,1
153.0,58.0,,,,HTPC,-95.0,0
69.0,65.0,,,360.0,Mini ITX Tower,-4.0,0
63.0,167.0,,,,Micro ATX Mini Tower,104.0,1
66.0,160.0,,,360.0,ATX Mid Tower,94.0,1
134.0,75.0,,,,Mini ITX Tower,-59.0,0
156.0,165.0,,,,ATX Mid Tower,9.0,1
157.0,182.0,,,,ATX Mid Tower,25.0,1
166.0,165.0,,,,ATX Mid Tower,-1.0,0
125.0,170.0,,,240.0,Micro ATX Mid Tower,45.0,1
163.0,160.0,,,,ATX Mid Tower,-3.0,0
160.0,65.0,,,,Micro ATX Mini Tower,-95.0,0
160.0,165.0,,,,ATX Mid Tower,5.0,1
162.0,77.0,,,,Mini ITX Tower,-85.0,0
153.0,70.0,,,,Mini ITX Tower,-83.0,0
146.0,70.0,,,,Mini ITX Tower,-76.0,0
42.0,185.0,,,120.0,ATX Mid Tower,143.0,1
49.0,172.0,,,240.0,Mini ITX Tower,123.0,1
48.0,165.0,,,240.0,Micro ATX Mini Tower,117.0,1
156.0,183.0,,,,ATX Mid Tower,27.0,1
160.0,158.0,,,,ATX Mid Tower,-2.0,0
155.0,65.0,,,,Mini ITX Tower,-90.0,0
171.0,120.0,,,,Mini ITX Tower,-51.0,0
154.0,77.0,120.0,2,,Mini ITX Tower,-77.0,0
164.0,85.0,,,,Mini ITX Tower,-79.0,0
155.0,160.0,120.0,,,EATX Mid Tower,5.0,1
160.0,67.0,120.0,2,,Mini ITX Tower,-93.0,0
32.0,154.0,,,,Micro ATX Mid Tower,122.0,1
162.0,114.0,,,,Mini ITX Tower,-48.0,0
53.0,68.0,120.0,2,240.0,Mini ITX Tower,15.0,1
60.0,180.0,,,240.0,ATX Mid Tower,120.0,1
56.0,170.0,120.0,2,240.0,ATX Mid Tower,114.0,1
157.0,70.0,,,,HTPC,-87.0,0
66.0,170.0,120.0,2,240.0,ATX Mid Tower,104.0,1
46.0,176.0,120.0,3,360.0,ATX Mid Tower,130.0,1
397.0,160.0,120.0,3,360.0,ATX Mid Tower,-237.0,0
156.0,154.0,,,,Micro ATX Mid Tower,-2.0,0
158.0,135.0,,,,Micro ATX Mid Tower,-23.0,0
72.0,175.0,120.0,2,240.0,ATX Mid Tower,103.0,1
138.0,135.0,,,,Micro ATX Mid Tower,-3.0,0
159.0,181.0,,,,ATX Full Tower,22.0,1
155.0,151.0,,,,Micro ATX Mini Tower,-4.0,0
150.0,168.0,,,,ATX Mid Tower,18.0,1
171.0,170.0,,,,ATX Mid Tower,-1.0,0
160.0,150.0,120.0,2,,Micro ATX Mid Tower,-10.0,0
65.0,170.0,420.0,1,420.0,ATX Mid Tower,105.0,1
165.0,70.0,,,,Mini ITX Tower,-95.0,0
163.0,156.0,,,,ATX Mid Tower,-7.0,0
157.0,158.0,120.0,2,,ATX Mid Tower,1.0,1
164.0,155.0,,,,Micro ATX Mini Tower,-9.0,0
47.0,155.0,,,,Micro ATX Mini Tower,108.0,1
54.0,167.0,,,240.0,EATX Full Tower,113.0,1
62.0,155.0,,,360.0,ATX Mid Tower,93.0,1
152.0,146.0,,,,ATX Mid Tower,-6.0,0
160.0,165.0,,,,ATX Mid Tower,5.0,1
154.0,77.0,,,,Mini ITX Tower,-77.0,0
55.0,168.0,,,,ATX Mid Tower,113.0,1
154.0,138.0,,,,HTPC,-16.0,0
160.0,156.0,,,,ATX Mid Tower,-4.0,0
159.0,77.0,,,,Mini ITX Tower,-82.0,0
166.0,160.0,,,,ATX Mid Tower,-6.0,0
51.0,165.0,,,420.0,Micro ATX Mini Tower,114.0,1
154.0,145.0,120.0,2,,ATX Mid Tower,-9.0,0
63.0,185.0,,,360.0,ATX Mid Tower,122.0,1
130.0,48.0,,,,Mini ITX Tower,-82.0,0
165.0,160.0,,,,ATX Mid Tower,-5.0,0
157.0,185.0,,,,ATX Mid Tower,28.0,1
161.0,135.0,,,,Micro ATX Mid Tower,-26.0,0
160.0,83.0,,,,Mini ITX Tower,-77.0,0
68.0,65.0,140.0,2,280.0,Mini ITX Tower,-3.0,0
155.0,83.0,120.0,2,,Mini ITX Tower,-72.0,0
130.0,68.0,,,,Mini ITX Tower,-62.0,0
159.0,170.0,,,,ATX Mid Tower,11.0,1
65.0,163.0,,,360.0,ATX Mid Tower,98.0,1
152.0,185.0,,,,ATX Full Tower,33.0,1
63.0,190.0,,,,ATX Mid Tower,127.0,1
165.0,160.0,,,,Micro ATX Mini Tower,-5.0,0
94.0,160.0,240.0,2,240.0,ATX Mid Tower,66.0,1
186.0,138.0,120.0,3,360.0,HTPC,-48.0,0
137.0,61.0,,,,Mini ITX Tower,-76.0,0
125.0,165.0,,,,Micro ATX Mini Tower,40.0,1
170.0,160.0,,,,Micro ATX Mid Tower,-10.0,0
125.0,185.0,,,240.0,ATX Mid Tower,60.0,1
125.0,120.0,,,,Mini ITX Tower,-5.0,0
52.0,187.0,,,360.0,ATX Mid Tower,135.0,1
157.0,65.0,,,,Micro ATX Mini Tower,-92.0,0
154.0,77.0,120.0,2,,Mini ITX Tower,-77.0,0
152.0,82.0,,,,Micro ATX Desktop,-70.0,0
159.0,114.0,,,,Mini ITX Tower,-45.0,0
155.0,82.0,,,,Micro ATX Mini Tower,-73.0,0
51.0,175.0,,,360.0,ATX Mid Tower,124.0,1
65.0,184.0,,,,ATX Mid Tower,119.0,1
162.0,150.0,,,,ATX Mid Tower,-12.0,0
154.0,150.0,120.0,1,,ATX Mid Tower,-4.0,0
159.0,48.0,,,,Mini ITX Tower,-111.0,0
54.0,180.0,,,120.0,ATX Mid Tower,126.0,1
160.0,190.0,,,,ATX Full Tower,30.0,1
156.0,155.0,,,,Micro ATX Mini Tower,-1.0,0
154.0,67.0,,,,Mini ITX Tower,-87.0,0
152.0,160.0,,,,ATX Mid Tower,8.0,1
154.0,170.0,,,,Micro ATX Mid Tower,16.0,1
155.0,70.0,,,,HTPC,-85.0,0
47.0,170.0,,,,ATX Mid Tower,123.0,1
66.0,162.0,,,360.0,Micro ATX Mid Tower,96.0,1
66.0,170.0,,,360.0,ATX Mid Tower,104.0,1
154.0,210.0,,,,Mini ITX Tower,56.0,1
155.0,170.0,,,,ATX Mid Tower,15.0,1
158.0,70.0,,,,Mini ITX Tower,-88.0,0
67.0,70.0,,,,Mini ITX Tower,3.0,1
159.0,83.0,,,,Mini ITX Tower,-76.0,0
68.0,58.0,140.0,2,280.0,HTPC,-10.0,0
162.0,190.0,,,,EATX Mid Tower,28.0,1
160.0,150.0,,,,Micro ATX Mid Tower,-10.0,0
152.0,167.0,,,,EATX Full Tower,15.0,1
160.0,138.0,,,,HTPC,-22.0,0
158.0,205.0,,,,ATX Full Tower,47.0,1
137.0,160.0,,,,EATX Mid Tower,23.0,1
165.0,165.0,,,,ATX Mid Tower,0.0,1
136.0,85.0,,,,Mini ITX Tower,-51.0,0
55.0,210.0,,,360.0,ATX Mid Tower,155.0,1
160.0,175.0,,,,ATX Mid Tower,15.0,1
151.0,77.0,,,,Mini ITX Tower,-74.0,0
75.0,185.0,,,,ATX Mid Tower,110.0,1
163.0,160.0,,,,Micro ATX Mini Tower,-3.0,0
136.0,210.0,,,,Micro ATX Mini Tower,74.0,1
65.0,75.0,,,240.0,Micro ATX Mini Tower,10.0,1
70.0,160.0,,,,ATX Mid Tower,90.0,1
158.0,158.0,,,,Micro ATX Mini Tower,0.0,1
155.0,47.0,120.0,,,Micro ATX Desktop,-108.0,0
159.0,70.0,,,,Mini ITX Tower,-89.0,0
63.0,61.0,,,360.0,Mini ITX Tower,-2.0,0
160.0,138.0,,,,HTPC,-22.0,0
162.0,155.0,,,,ATX Mid Tower,-7.0,0
154.0,83.0,,,,Mini ITX Tower,-71.0,0
125.0,114.0,,,240.0,Mini ITX Tower,-11.0,0
160.0,61.0,,,,Mini ITX Tower,-99.0,0
155.0,150.0,,,,Micro ATX Mini Tower,-5.0,0
68.0,55.0,,,420.0,Mini ITX Tower,-13.0,0
52.0,171.0,,,360.0,ATX Mid Tower,119.0,1
166.0,165.0,,,,ATX Mid Tower,-1.0,0
85.0,70.0,,,360.0,HTPC,-15.0,0
158.0,168.0,,,,Micro ATX Mini Tower,10.0,1
156.0,150.0,,,,ATX Mid Tower,-6.0,0
39.0,185.0,,,,ATX Mid Tower,146.0,1
164.0,163.5,,,,Micro ATX Mini Tower,-0.5,0
52.0,180.0,,,360.0,ATX Mid Tower,128.0,1
130.0,70.0,,,,Mini ITX Tower,-60.0,0
171.0,170.0,,,,ATX Mid Tower,-1.0,0
155.0,77.0,,,,Mini ITX Tower,-78.0,0
148.0,83.0,,,,Mini ITX Tower,-65.0,0
68.0,170.0,,,240.0,Micro ATX Mid Tower,102.0,1
165.0,155.0,120.0,2,,Micro ATX Mini Tower,-10.0,0
37.0,165.0,,,,ATX Mid Tower,128.0,1
137.0,61.0,,,,Mini ITX Tower,-76.0,0
47.0,170.0,,,,ATX Mid Tower,123.0,1
155.0,210.0,120.0,2,,Micro ATX Mini Tower,55.0,1
153.0,162.0,,,,ATX Mid Tower,9.0,1
125.0,50.0,,,,Mini ITX Tower,-75.0,0
158.0,167.0,,,,ATX Mid Tower,9.0,1
125.0,77.0,120.0,2,240.0,Mini ITX Tower,-48.0,0
155.0,168.0,,,,ATX Mid Tower,13.0,1
145.0,170.0,,,,ATX Mid Tower,25.0,1
156.0,140.0,,,,Mini ITX Tower,-16.0,0
150.0,95.0,,,,ATX Mid Tower,-55.0,0
166.0,165.0,,,,Micro ATX Mini Tower,-1.0,0
135.0,70.0,,,,HTPC,-65.0,0
137.0,160.0,,,,ATX Mini Tower,23.0,1
158.0,170.0,,,,ATX Mid Tower,12.0,1
148.0,70.0,,,,Mini ITX Tower,-78.0,0
161.0,163.5,,,,Micro ATX Mini Tower,2.5,1
151.0,85.0,,,,Mini ITX Tower,-66.0,0
70.0,185.0,,,,ATX Mid Tower,115.0,1
56.0,170.0,,,240.0,ATX Full Tower,114.0,1
116.0,70.0,120.0,3,360.0,Mini ITX Tower,-46.0,0
164.0,57.0,,,,Mini ITX Tower,-107.0,0
80.6,70.0,120.0,3,360.0,Mini ITX Tower,-10.6,0
169.0,48.0,,,,Mini ITX Tower,-121.0,0
158.0,70.0,,,,Mini ITX Tower,-88.0,0
159.0,178.0,,,,ATX Mid Tower,19.0,1
156.0,155.0,,,,ATX Mid Tower,-1.0,0
52.0,175.0,,,240.0,EATX Full Tower,123.0,1
113.0,67.0,,,,Mini ITX Tower,-46.0,0
146.0,169.0,,,,ATX Mid Tower,23.0,1
60.0,180.0,,,,ATX Mid Tower,120.0,1
160.0,165.0,,,,ATX Mid Tower,5.0,1
62.0,163.5,,,240.0,Micro ATX Mid Tower,101.5,1
86.4,180.0,120.0,3,360.0,ATX Mid Tower,93.6,1
157.0,148.0,,,,Micro ATX Mid Tower,-9.0,0
156.0,170.0,,,,ATX Mid Tower,14.0,1
145.0,163.0,,,,ATX Mid Tower,18.0,1
123.0,165.0,120.0,3,360.0,ATX Mid Tower,42.0,1
160.0,140.0,,,,Mini ITX Tower,-20.0,0
155.0,174.0,,,,ATX Mid Tower,19.0,1
63.0,151.0,,,360.0,Micro ATX Mini Tower,88.0,1
162.0,160.0,,,,Micro ATX Mid Tower,-2.0,0
160.0,85.0,,,,Mini ITX Tower,-75.0,0
60.0,170.0,120.0,2,240.0,ATX Mid Tower,110.0,1
159.0,190.0,,,,ATX Mid Tower,31.0,1
38.0,82.0,140.0,2,280.0,Micro ATX Desktop,44.0,1
59.0,175.0,,,,ATX Mid Tower,116.0,1
159.0,55.0,120.0,1,,Mini ITX Tower,-104.0,0
137.0,170.0,,,,ATX Full Tower,33.0,1
152.0,175.0,,,,ATX Mid Tower,23.0,1
150.0,170.0,,,,Micro ATX Mid Tower,20.0,1
150.0,159.0,,,,Micro ATX Mini Tower,9.0,1
156.0,45.0,,,,Mini ITX Tower,-111.0,0
78.0,70.0,,,360.0,Mini ITX Tower,-8.0,0
141.0,170.0,,,,ATX Mid Tower,29.0,1
162.0,160.0,,,,ATX Mid Tower,-2.0,0
165.0,160.0,,,,ATX Mid Tower,-5.0,0
134.0,50.0,,,,Mini ITX Tower,-84.0,0
159.0,190.0,,,,ATX Mid Tower,31.0,1
152.0,170.0,,,,ATX Mid Tower,18.0,1
130.0,85.0,,,,Mini ITX Tower,-45.0,0
56.0,83.0,140.0,,280.0,Mini ITX Tower,27.0,1
168.0,166.0,120.0,,,ATX Mid Tower,-2.0,0
45.0,185.0,,,,ATX Mid Tower,140.0,1
66.0,165.0,,,360.0,ATX Mid Tower,99.0,1
168.0,165.0,,,,ATX Mid Tower,-3.0,0
154.0,150.0,,,,ATX Mid Tower,-4.0,0
158.0,156.0,,,,ATX Mid Tower,-2.0,0
135.0,170.0,,,,ATX Mid Tower,35.0,1
154.0,175.0,,,,ATX Mid Tower,21.0,1
155.0,135.0,,,,Micro ATX Mid Tower,-20.0,0
60.0,162.0,120.0,2,240.0,ATX Mid Tower,102.0,1
63.0,160.0,,,,ATX Mid Tower,97.0,1
53.0,70.0,120.0,3,360.0,HTPC,17.0,1
155.0,170.0,,,,ATX Mid Tower,15.0,1
158.0,175.0,,,,ATX Mid Tower,17.0,1
136.0,38.0,,,,Mini ITX Tower,-98.0,0
161.0,158.75,,,,ATX Mid Tower,-2.25,0
133.0,160.0,,,,ATX Mid Tower,27.0,1
45.0,175.0,,,,ATX Mid Tower,130.0,1
130.0,47.0,,,,Micro ATX Desktop,-83.0,0
158.0,155.0,,,,ATX Mid Tower,-3.0,0
154.0,114.0,,,,Mini ITX Tower,-40.0,0
157.0,150.0,,,,Micro ATX Mid Tower,-7.0,0
160.0,145.0,,,,ATX Mid Tower,-15.0,0
165.0,160.0,120.0,2,,ATX Mid Tower,-5.0,0
130.0,120.0,,,,Mini ITX Tower,-10.0,0
154.0,68.0,,,,Mini ITX Tower,-86.0,0
136.0,182.0,,,,ATX Mid Tower,46.0,1
125.0,170.0,120.0,2,240.0,ATX Mid Tower,45.0,1
158.0,151.0,,,,ATX Mid Tower,-7.0,0
168.0,155.0,,,,ATX Mid Tower,-13.0,0
60.0,165.0,,,,Mini ITX Tower,105.0,1
150.0,170.0,,,,ATX Mid Tower,20.0,1
125.0,55.0,,,,Mini ITX Tower,-70.0,0
155.0,70.0,,,,HTPC,-85.0,0
137.0,164.0,,,,ATX Mid Tower,27.0,1
158.0,82.0,,,,Micro ATX Mid Tower,-76.0,0
166.0,70.0,,,,HTPC,-96.0,0
155.0,65.0,,,,Mini ITX Tower,-90.0,0
69.0,170.0,,,360.0,Micro ATX Mid Tower,101.0,1
158.0,155.0,,,,ATX Full Tower,-3.0,0
94.0,170.0,240.0,2,240.0,ATX Mid Tower,76.0,1
171.0,160.0,,,,ATX Mid Tower,-11.0,0
154.0,83.0,,,,Mini ITX Tower,-71.0,0
162.0,150.0,,,,ATX Mid Tower,-12.0,0
159.0,155.0,,,,Micro ATX Mini Tower,-4.0,0
157.0,88.2,120.0,2,,ATX Mid Tower,-68.8,0
65.0,166.0,120.0,2,240.0,ATX Mid Tower,101.0,1
154.0,180.0,,,,ATX Mid Tower,26.0,1
15.0,165.0,,,,Micro ATX Mini Tower,150.0,1
60.0,170.0,,,240.0,EATX Mid Tower,110.0,1
154.0,81.0,,,,Micro ATX Slim Tower,-73.0,0
137.0,88.2,,,,ATX Mid Tower,-48.8,0
146.0,45.0,,,,Mini ITX Tower,-101.0,0
69.0,190.0,120.0,3,360.0,ATX Full Tower,121.0,1
155.0,165.0,,,,ATX Mid Tower,10.0,1
94.5,57.0,140.0,2,280.0,Micro ATX Desktop,-37.5,0
162.0,150.0,,,,Micro ATX Mini Tower,-12.0,0
155.0,70.0,,,,Mini ITX Tower,-85.0,0
32.0,175.0,,,,ATX Mid Tower,143.0,1
78.0,38.0,,,,Mini ITX Tower,-40.0,0
100.0,65.0,,,240.0,Mini ITX Tower,-35.0,0
67.0,169.0,,,,ATX Mid Tower,102.0,1
69.0,180.0,120.0,3,360.0,EATX Mid Tower,111.0,1
153.0,190.0,,,,ATX Mid Tower,37.0,1
155.0,180.0,120.0,,,ATX Mid Tower,25.0,1
159.0,85.0,,,,Mini ITX Tower,-74.0,0
160.0,164.0,,,,Micro ATX Mini Tower,4.0,1
154.0,155.0,,,,Micro ATX Mini Tower,1.0,1
157.0,156.0,,,,ATX Mid Tower,-1.0,0
60.0,162.0,120.0,3,360.0,ATX Mid Tower,102.0,1
155.0,155.0,,,,Micro ATX Mini Tower,0.0,1
165.0,177.0,,,,ATX Full Tower,12.0,1
170.0,165.0,,,,Micro ATX Mini Tower,-5.0,0
66.0,176.0,,,360.0,ATX Mid Tower,110.0,1
54.0,175.0,,,240.0,EATX Full Tower,121.0,1
63.0,61.0,,,,Mini ITX Tower,-2.0,0
161.0,70.0,120.0,2,,HTPC,-91.0,0
158.0,157.0,,,,ATX Mid Tower,-1.0,0
130.0,50.0,,,,Mini ITX Tower,-80.0,0
123.0,174.0,,,,ATX Mid Tower,51.0,1
159.0,155.0,,,,Mini ITX Tower,-4.0,0
158.0,160.0,,,,ATX Mid Tower,2.0,1
62.0,180.0,,,360.0,ATX Mid Tower,118.0,1
157.0,77.0,120.0,2,,Mini ITX Tower,-80.0,0
150.0,170.0,,,,ATX Mid Tower,20.0,1
80.6,55.0,120.0,3,360.0,Mini ITX Tower,-25.6,0
57.0,170.0,,,360.0,ATX Mid Tower,113.0,1
58.0,175.0,,,360.0,EATX Full Tower,117.0,1
155.0,138.0,,,,HTPC,-17.0,0
155.0,135.0,,,,Micro ATX Mid Tower,-20.0,0
153.0,167.0,,,,EATX Full Tower,14.0,1
158.0,70.0,140.0,2,,Mini ITX Tower,-88.0,0
125.0,120.0,,,,Mini ITX Tower,-5.0,0
60.0,170.0,,,,ATX Mid Tower,110.0,1
125.0,170.0,,,240.0,ATX Full Tower,45.0,1
162.0,75.0,,,,Micro ATX Mini Tower,-87.0,0
105.0,70.0,,,280.0,Micro ATX Desktop,-35.0,0
158.0,170.0,,,,ATX Mid Tower,12.0,1
165.0,47.0,,,,Micro ATX Desktop,-118.0,0
165.0,160.0,,,,ATX Mid Tower,-5.0,0
156.0,193.0,,,,ATX Full Tower,37.0,1
169.0,158.0,,,,ATX Mid Tower,-11.0,0
160.0,70.0,,,,Mini ITX Tower,-90.0,0
154.0,184.0,,,,ATX Mid Tower,30.0,1
110.0,68.0,,,,Mini ITX Tower,-42.0,0
159.0,155.0,,,,Micro ATX Mid Tower,-4.0,0
158.0,188.0,120.0,2,,ATX Mid Tower,30.0,1
157.0,138.0,120.0,2,120.0,HTPC,-19.0,0
157.0,185.0,,,,ATX Mid Tower,28.0,1
158.0,200.0,,,,Mini ITX Tower,42.0,1
158.0,135.0,120.0,1,,Micro ATX Mid Tower,-23.0,0
154.0,150.0,120.0,1,,Micro ATX Mini Tower,-4.0,0
125.0,48.0,,,,Mini ITX Tower,-77.0,0
51.0,170.0,,,420.0,ATX Mid Tower,119.0,1
70.0,167.0,,,240.0,ATX Mid Tower,97.0,1
159.0,166.0,,,,ATX Mid Tower,7.0,1
160.0,88.2,,,,ATX Mid Tower,-71.8,0
166.0,165.0,,,,EATX Mid Tower,-1.0,0
160.0,155.0,,,,ATX Full Tower,-5.0,0
70.0,170.0,,,360.0,ATX Mid Tower,100.0,1
154.0,48.0,,,,Mini ITX Tower,-106.0,0
158.0,185.0,,,,ATX Mid Tower,27.0,1
160.0,173.0,,,,ATX Mid Tower,13.0,1
163.0,114.0,120.0,,,Mini ITX Tower,-49.0,0
65.0,166.0,,,360.0,ATX Mid Tower,101.0,1
155.0,70.0,,,,Mini ITX Tower,-85.0,0
160.0,160.0,,,,ATX Mid Tower,0.0,1
156.0,67.0,,,,Mini ITX Tower,-89.0,0
63.0,168.0,,,360.0,ATX Mid Tower,105.0,1
154.0,70.0,,,,Mini ITX Tower,-84.0,0
150.0,210.0,,,,Micro ATX Mini Tower,60.0,1
160.0,70.0,,,,HTPC,-90.0,0
141.0,75.0,,,,Micro ATX Mini Tower,-66.0,0
48.0,38.0,,,,Mini ITX Tower,-10.0,0
148.0,210.0,,,,Micro ATX Mid Tower,62.0,1
125.0,77.0,,,,Mini ITX Tower,-48.0,0
158.0,176.0,,,,ATX Full Tower,18.0,1
158.0,170.0,,,,ATX Mid Tower,12.0,1
94.0,170.0,120.0,2,240.0,ATX Mid Tower,76.0,1
154.0,170.0,,,,EATX Mid Tower,16.0,1
160.0,165.0,,,,ATX Mid Tower,5.0,1
60.0,48.0,140.0,2,280.0,Mini ITX Tower,-12.0,0
60.0,120.0,,,280.0,Mini ITX Tower,60.0,1
155.0,70.0,120.0,,,Mini ITX Tower,-85.0,0
38.0,165.0,140.0,2,280.0,ATX Mid Tower,127.0,1
159.0,90.0,,,,Micro ATX Desktop,-69.0,0
69.0,170.0,,,360.0,ATX Mid Tower,101.0,1
60.0,175.0,140.0,2,280.0,ATX Mid Tower,115.0,1
150.0,55.0,,,,Mini ITX Tower,-95.0,0
141.0,164.0,,,,ATX Mid Tower,23.0,1
166.0,155.0,120.0,,,Micro ATX Mid Tower,-11.0,0
130.0,85.0,,,,Mini ITX Tower,-45.0,0
68.0,180.0,,,240.0,ATX Mid Tower,112.0,1
153.0,170.0,,,,ATX Mid Tower,17.0,1
155.0,75.0,,,,Micro ATX Mini Tower,-80.0,0
134.0,182.0,,,,ATX Mid Tower,48.0,1
135.0,163.0,,,,ATX Mid Tower,28.0,1
94.5,165.0,120.0,1,,Micro ATX Mini Tower,70.5,1
154.0,169.0,,,,ATX Mid Tower,15.0,1
163.0,155.0,,,,Mini ITX Tower,-8.0,0
118.0,188.0,120.0,3,360.0,ATX Mid Tower,70.0,1
134.0,70.0,,,,HTPC,-64.0,0
157.0,55.0,,,,Mini ITX Tower,-102.0,0
165.0,160.0,,,,Micro ATX Mini Tower,-5.0,0
150.0,82.0,,,,Mini ITX Tower,-68.0,0
152.0,150.0,,,,ATX Mid Tower,-2.0,0
150.0,148.0,,,,ATX Mid Tower,-2.0,0
132.0,70.0,,,,HTPC,-62.0,0
162.0,200.0,,,,Mini ITX Tower,38.0,1
158.0,114.0,,,,Mini ITX Tower,-44.0,0
37.0,190.0,,,,Mini ITX Tower,153.0,1
100.0,68.0,,,360.0,Mini ITX Tower,-32.0,0
53.0,170.0,,,360.0,ATX Mid Tower,117.0,1
100.0,175.0,,,,Micro ATX Mini Tower,75.0,1
167.0,47.0,,,,Micro ATX Desktop,-120.0,0
130.0,165.0,,,,ATX Mid Tower,35.0,1
154.0,175.0,,,,ATX Mid Tower,21.0,1
159.0,150.0,120.0,1,,Micro ATX Mini Tower,-9.0,0
60.0,155.0,120.0,2,360.0,Micro ATX Mini Tower,95.0,1
159.0,130.0,120.0,,,Mini ITX Tower,-29.0,0
153.0,175.0,,,,EATX Full Tower,22.0,1
159.0,50.0,,,,Mini ITX Tower,-109.0,0
55.0,185.0,,,240.0,ATX Full Tower,130.0,1
62.0,170.0,,,240.0,ATX Mid Tower,108.0,1
136.0,155.0,90.0,1,,ATX Mid Tower,19.0,1
153.0,140.0,,,,Mini ITX Tower,-13.0,0
130.0,65.0,,,,Mini ITX Tower,-65.0,0
86.4,175.0,120.0,3,360.0,ATX Mid Tower,88.6,1
154.0,165.0,,,,ATX Mid Tower,11.0,1
60.0,68.0,,,240.0,Mini ITX Tower,8.0,1
116.0,70.0,140.0,2,280.0,Mini ITX Tower,-46.0,0
154.0,70.0,,,,HTPC,-84.0,0
155.0,150.0,,,,ATX Mid Tower,-5.0,0
158.0,82.0,,,,Mini ITX Tower,-76.0,0
397.0,162.0,120.0,3,360.0,Micro ATX Mid Tower,-235.0,0
165.0,155.0,,,,Mini ITX Tower,-10.0,0
154.0,165.0,,,,ATX Mid Tower,11.0,1
52.0,187.0,120.0,3,360.0,ATX Mid Tower,135.0,1
36.0,166.0,,,,ATX Mid Tower,130.0,1
154.0,180.0,,,,ATX Mid Tower,26.0,1
62.0,175.0,,,360.0,ATX Mid Tower,113.0,1
159.0,184.0,120.0,1,,ATX Mid Tower,25.0,1
160.0,160.0,,,,Micro ATX Mini Tower,0.0,1
166.0,155.0,,,,Micro ATX Mini Tower,-11.0,0
89.8,70.0,120.0,3,360.0,HTPC,-19.8,0
165.0,150.0,,,,Micro ATX Mini Tower,-15.0,0
155.0,190.0,,,,Mini ITX Tower,35.0,1
166.0,160.0,,,,ATX Mini Tower,-6.0,0
123.0,210.0,100.0,1,,ATX Mid Tower,87.0,1
63.0,175.0,,,,ATX Full Tower,112.0,1
159.0,185.0,,,,ATX Full Tower,26.0,1
157.0,180.0,,,,ATX Mid Tower,23.0,1
156.0,165.0,,,,Micro ATX Mini Tower,9.0,1
45.0,150.0,,,,ATX Mid Tower,105.0,1
158.0,155.0,,,,ATX Mid Tower,-3.0,0
121.0,70.0,120.0,3,360.0,Micro ATX Desktop,-51.0,0
66.1,180.0,120.0,3,360.0,ATX Mid Tower,113.9,1
164.0,160.0,,,,ATX Mid Tower,-4.0,0
166.0,165.0,,,,ATX Mid Tower,-1.0,0
158.0,157.0,,,,ATX Mid Tower,-1.0,0
167.0,65.0,,,,Mini ITX Tower,-102.0,0
154.0,170.0,,,,ATX Mid Tower,16.0,1
165.0,88.2,,,,ATX Mid Tower,-76.8,0
57.0,190.0,120.0,3,360.0,ATX Full Tower,133.0,1
161.0,155.0,,,,Micro ATX Mini Tower,-6.0,0
166.0,164.0,,,,ATX Mid Tower,-2.0,0
160.0,77.0,,,,Mini ITX Tower,-83.0,0
162.0,75.0,,,,Micro ATX Mini Tower,-87.0,0
160.0,164.0,,,,ATX Mid Tower,4.0,1
158.0,68.0,,,,Mini ITX Tower,-90.0,0
165.0,65.0,,,,Mini ITX Tower,-100.0,0
158.0,77.0,,,,HTPC,-81.0,0
54.0,48.0,,,120.0,Mini ITX Tower,-6.0,0
157.0,180.0,,,,ATX Mid Tower,23.0,1
158.0,180.0,,,,ATX Mid Tower,22.0,1
164.0,160.0,,,,ATX Mid Tower,-4.0,0
158.0,165.0,,,,ATX Mid Tower,7.0,1
147.0,165.0,,,,ATX Mid Tower,18.0,1
167.0,162.0,,,,Micro ATX Mid Tower,-5.0,0
37.0,170.0,,,,ATX Mid Tower,133.0,1
160.0,165.0,,,,ATX Mid Tower,5.0,1
157.0,67.0,,,,Mini ITX Tower,-90.0,0
68.0,168.0,,,360.0,Micro ATX Mini Tower,100.0,1
81.0,185.0,,,,Micro ATX Mini Tower,104.0,1
160.0,155.0,,,,ATX Mid Tower,-5.0,0
145.0,70.0,,,,HTPC,-75.0,0
167.0,140.0,,,,Mini ITX Tower,-27.0,0
158.0,165.0,,,,ATX Mid Tower,7.0,1
165.0,155.0,,,,ATX Mid Tower,-10.0,0
158.0,67.0,,,,Mini ITX Tower,-91.0,0
53.0,165.0,120.0,3,360.0,ATX Mid Tower,112.0,1
158.0,185.0,,,,ATX Mid Tower,27.0,1
150.0,190.0,,,,ATX Full Tower,40.0,1
160.0,65.0,,,,Micro ATX Mini Tower,-95.0,0
65.0,47.0,,,240.0,Micro ATX Desktop,-18.0,0
160.0,82.0,120.0,2,,Micro ATX Mini Tower,-78.0,0
158.0,148.0,,,,Micro ATX Mid Tower,-10.0,0
155.0,150.0,,,,Micro ATX Mid Tower,-5.0,0
37.0,172.0,,,,Mini ITX Tower,135.0,1
160.0,145.0,,,,ATX Mid Tower,-15.0,0
137.0,68.0,120.0,3,360.0,Mini ITX Tower,-69.0,0
53.0,165.0,,,120.0,ATX Mid Tower,112.0,1
155.0,160.0,120.0,2,,ATX Mini Tower,5.0,1
160.0,162.0,,,,ATX Mid Tower,2.0,1
169.0,166.0,120.0,2,,Micro ATX Mid Tower,-3.0,0
127.0,165.0,,,,ATX Mid Tower,38.0,1
155.0,138.0,,,,HTPC,-17.0,0
159.0,48.0,,,,Mini ITX Tower,-111.0,0
155.0,61.0,120.0,,,Mini ITX Tower,-94.0,0
53.0,165.0,,,360.0,ATX Mid Tower,112.0,1
158.0,145.0,140.0,2,,ATX Mid Tower,-13.0,0
154.0,77.0,,,,HTPC,-77.0,0
160.0,170.0,,,,ATX Mid Tower,10.0,1
75.0,68.0,,,,Mini ITX Tower,-7.0,0
133.0,170.0,,,,ATX Mid Tower,37.0,1
157.0,165.0,,,,ATX Mid Tower,8.0,1
155.0,55.0,,,,Mini ITX Tower,-100.0,0
50.0,180.0,,,360.0,ATX Mid Tower,130.0,1
186.0,170.0,120.0,3,360.0,ATX Mid Tower,-16.0,0
77.0,75.0,,,,Micro ATX Mini Tower,-2.0,0
165.0,163.5,,,,Micro ATX Mid Tower,-1.5,0
69.0,175.0,,,,EATX Full Tower,106.0,1
156.0,160.0,,,,ATX Mid Tower,4.0,1
148.0,67.0,120.0,,,Mini ITX Tower,-81.0,0
169.0,48.0,,,,Mini ITX Tower,-121.0,0
136.0,178.0,,,,ATX Mid Tower,42.0,1
165.0,160.0,,,,ATX Mid Tower,-5.0,0
77.0,180.0,,,,ATX Mid Tower,103.0,1
154.0,150.0,,,,Micro ATX Mid Tower,-4.0,0
155.0,70.0,,,,HTPC,-85.0,0
68.0,81.0,,,240.0,Micro ATX Slim Tower,13.0,1
37.0,61.0,,,,Mini ITX Tower,24.0,1
168.0,167.0,,,,Mini ITX Tower,-1.0,0
159.0,67.0,,,,Mini ITX Tower,-92.0,0
165.0,68.0,,,,Mini ITX Tower,-97.0,0
162.0,175.0,,,,ATX Mid Tower,13.0,1
155.0,170.0,,,,ATX Mid Tower,15.0,1
165.0,160.0,,,,ATX Mid Tower,-5.0,0
157.0,150.0,,,,Micro ATX Mini Tower,-7.0,0
160.0,135.0,,,,Micro ATX Mid Tower,-25.0,0
80.6,200.0,120.0,3,360.0,ATX Full Tower,119.4,1
148.0,145.0,120.0,,,ATX Mid Tower,-3.0,0
150.0,170.0,,,,ATX Mid Tower,20.0,1
166.0,57.0,120.0,,,Micro ATX Desktop,-109.0,0
166.0,165.0,,,,ATX Mid Tower,-1.0,0
153.0,68.0,,,,Mini ITX Tower,-85.0,0
143.0,165.0,,,,ATX Mid Tower,22.0,1
58.0,165.0,,,240.0,ATX Mid Tower,107.0,1
138.0,48.0,,,,Mini ITX Tower,-90.0,0
70.0,170.0,,,420.0,ATX Mid Tower,100.0,1
154.0,150.0,120.0,2,,ATX Mid Tower,-4.0,0
53.0,180.0,120.0,3,240.0,ATX Mid Tower,127.0,1
85.0,163.0,,,360.0,ATX Mid Tower,78.0,1
166.0,160.0,,,,Micro ATX Mini Tower,-6.0,0
158.0,150.0,,,,Micro ATX Mid Tower,-8.0,0
53.0,165.0,120.0,3,360.0,Micro ATX Mini Tower,112.0,1
186.0,180.5,120.0,3,360.0,EATX Mid Tower,-5.5,0
123.0,181.0,,,,ATX Mid Tower,58.0,1
158.0,170.0,,,,ATX Mid Tower,12.0,1
158.0,165.0,,,,ATX Mid Tower,7.0,1
148.0,70.0,,,,HTPC,-78.0,0
159.0,158.0,,,,ATX Mid Tower,-1.0,0
147.0,70.0,,,,Mini ITX Tower,-77.0,0
155.0,174.0,120.0,2,,ATX Mid Tower,19.0,1
94.5,65.0,120.0,1,,Mini ITX Tower,-29.5,0
72.0,210.0,120.0,2,240.0,Micro ATX Mini Tower,138.0,1
56.0,48.0,,,,Mini ITX Tower,-8.0,0
105.0,68.0,,,360.0,Mini ITX Tower,-37.0,0
52.0,48.0,120.0,2,240.0,Mini ITX Tower,-4.0,0
162.0,148.0,,,,Micro ATX Mini Tower,-14.0,0
154.0,140.0,,,,Mini ITX Tower,-14.0,0
165.0,145.0,,,,ATX Mid Tower,-20.0,0
153.0,160.0,,,,Micro ATX Mid Tower,7.0,1
54.0,184.0,,,360.0,ATX Mid Tower,130.0,1
72.0,65.0,120.0,3,360.0,HTPC,-7.0,0
64.24,61.0,120.0,3,360.0,Mini ITX Tower,-3.24,0
56.0,65.0,,,280.0,Mini ITX Tower,9.0,1
54.0,170.0,,,240.0,ATX Mid Tower,116.0,1
110.0,81.0,,,,Micro ATX Slim Tower,-29.0,0
53.0,38.0,,,360.0,Mini ITX Tower,-15.0,0
159.0,185.0,,,,Micro ATX Mid Tower,26.0,1
155.0,70.0,,,,Mini ITX Tower,-85.0,0
150.0,185.0,,,,ATX Full Tower,35.0,1
157.0,145.0,120.0,2,,ATX Mid Tower,-12.0,0
54.0,165.0,,,360.0,ATX Mid Tower,111.0,1
159.0,163.0,,,,ATX Mid Tower,4.0,1
159.0,155.0,,,,Micro ATX Mid Tower,-4.0,0
158.0,61.0,,,,Mini ITX Tower,-97.0,0
161.0,138.0,,,,HTPC,-23.0,0
158.0,85.0,,,,Mini ITX Tower,-73.0,0
167.0,165.0,,,,ATX Mid Tower,-2.0,0
48.0,167.0,,,360.0,ATX Mid Tower,119.0,1
52.0,187.0,120.0,3,360.0,ATX Mid Tower,135.0,1
67.0,58.0,,,,HTPC,-9.0,0
186.0,120.0,120.0,3,360.0,Mini ITX Tower,-66.0,0
125.0,48.0,,,360.0,Mini ITX Tower,-77.0,0
65.0,165.0,,,360.0,EATX Mid Tower,100.0,1
158.0,165.0,,,,Micro ATX Mini Tower,7.0,1
157.0,45.0,,,,Mini ITX Tower,-112.0,0
159.0,146.0,,,,HTPC,-13.0,0
161.0,160.0,,,,Micro ATX Mid Tower,-1.0,0
169.0,165.0,,,,ATX Mid Tower,-4.0,0
165.0,130.0,,,,Mini ITX Tower,-35.0,0
85.0,55.0,,,360.0,Mini ITX Tower,-30.0,0
158.0,170.0,,,,ATX Mid Tower,12.0,1
154.0,90.0,,,,Micro ATX Desktop,-64.0,0
66.0,180.0,,,360.0,ATX Mid Tower,114.0,1
154.0,140.0,,,,Mini ITX Tower,-14.0,0
159.0,185.0,,,,ATX Mid Tower,26.0,1
47.0,165.0,,,,Micro ATX Mini Tower,118.0,1
164.0,140.0,,,,Mini ITX Tower,-24.0,0
158.0,68.0,,,,Mini ITX Tower,-90.0,0
123.0,38.0,,,,Mini ITX Tower,-85.0,0
136.0,70.0,,,,HTPC,-66.0,0
157.0,170.0,,,,ATX Mid Tower,13.0,1
158.0,68.0,,,,Mini ITX Tower,-90.0,0
150.0,138.0,,,,HTPC,-12.0,0
165.0,160.0,,,,ATX Mid Tower,-5.0,0
65.0,180.0,,,,Micro ATX Mini Tower,115.0,1
158.0,157.0,,,,ATX Mid Tower,-1.0,0
154.0,82.0,,,,Micro ATX Desktop,-72.0,0
61.0,157.0,,,,Micro ATX Mini Tower,96.0,1
160.0,165.0,,,,ATX Mid Tower,5.0,1
148.0,120.0,,,,Mini ITX Tower,-28.0,0
157.0,68.0,,,,Mini ITX Tower,-89.0,0
130.0,165.0,,,,ATX Mid Tower,35.0,1
160.0,187.0,,,,ATX Mid Tower,27.0,1
157.0,95.0,,,,ATX Mid Tower,-62.0,0
162.0,155.0,,,,ATX Mid Tower,-7.0,0
166.0,160.0,,,,Micro ATX Mini Tower,-6.0,0
65.0,178.0,420.0,1,420.0,ATX Mid Tower,113.0,1
158.0,170.0,,,,ATX Mid Tower,12.0,1
163.0,185.0,,,,ATX Mid Tower,22.0,1
163.0,120.0,,,,Mini ITX Tower,-43.0,0
165.0,160.0,,,,ATX Mid Tower,-5.0,0
154.0,210.0,,,,Micro ATX Mini Tower,56.0,1
164.0,47.0,,,,Micro ATX Desktop,-117.0,0
154.0,167.0,,,,Micro ATX Mini Tower,13.0,1
160.0,130.0,,,,Mini ITX Tower,-30.0,0
157.0,170.0,,,,ATX Mid Tower,13.0,1
160.0,68.0,,,,Mini ITX Tower,-92.0,0
158.0,175.0,,,,ATX Mid Tower,17.0,1
154.0,150.0,,,,Micro ATX Mini Tower,-4.0,0
105.0,190.0,,,360.0,ATX Mid Tower,85.0,1
160.0,170.0,,,,EATX Mid Tower,10.0,1
158.0,156.0,,,,ATX Mid Tower,-2.0,0
148.0,187.0,,,,ATX Mid Tower,39.0,1
158.0,38.0,,,,Mini ITX Tower,-120.0,0
157.0,70.0,,,,HTPC,-87.0,0
156.0,151.0,,,,ATX Mid Tower,-5.0,0
158.0,70.0,,,,HTPC,-88.0,0
163.0,161.0,,,,ATX Mid Tower,-2.0,0
48.0,175.0,,,120.0,ATX Mid Tower,127.0,1
150.0,166.0,,,,Micro ATX Mid Tower,16.0,1
166.0,165.0,120.0,,,ATX Mid Tower,-1.0,0
161.0,165.0,,,,ATX Mid Tower,4.0,1
131.0,88.2,,,,ATX Mid Tower,-42.8,0
55.0,166.0,120.0,2,240.0,ATX Mid Tower,111.0,1
160.0,151.0,,,,Micro ATX Mini Tower,-9.0,0
158.0,70.0,,,,HTPC,-88.0,0
158.0,156.0,,,,ATX Mid Tower,-2.0,0
135.0,170.0,,,,ATX Mid Tower,35.0,1
75.0,61.0,,,,Mini ITX Tower,-14.0,0
165.0,95.0,,,,ATX Mid Tower,-70.0,0
113.0,90.0,,,,Micro ATX Desktop,-23.0,0
125.0,67.0,,,,Mini ITX Tower,-58.0,0
397.0,182.0,120.0,3,360.0,Mini ITX Tower,-215.0,0
137.0,185.0,,,,ATX Mid Tower,48.0,1
72.0,70.0,120.0,3,360.0,Mini ITX Tower,-2.0,0
65.0,175.0,,,,ATX Mid Tower,110.0,1
159.0,157.0,,,,Micro ATX Mini Tower,-2.0,0
186.0,165.0,120.0,3,360.0,ATX Mid Tower,-21.0,0
62.0,166.0,,,360.0,Micro ATX Mini Tower,104.0,1
158.0,140.0,,,,Mini ITX Tower,-18.0,0
155.0,81.0,120.0,,,Micro ATX Slim Tower,-74.0,0
153.0,67.0,,,,Mini ITX Tower,-86.0,0
159.0,146.0,,,,ATX Mid Tower,-13.0,0
55.0,155.0,,,360.0,ATX Mid Tower,100.0,1
157.0,155.0,,,,ATX Mid Tower,-2.0,0
160.0,70.0,,,,Micro ATX Desktop,-90.0,0
37.0,165.0,92.0,1,,Mini ITX Tower,128.0,1
62.0,156.0,,,360.0,ATX Mid Tower,94.0,1
150.0,200.0,,,,ATX Full Tower,50.0,1
54.0,175.0,120.0,3,360.0,ATX Full Tower,121.0,1
160.0,210.0,,,,Mini ITX Tower,50.0,1
158.0,68.0,,,,Mini ITX Tower,-90.0,0
108.0,161.0,120.0,3,360.0,ATX Mid Tower,53.0,1
90.0,55.0,,,240.0,Mini ITX Tower,-35.0,0
65.0,185.0,,,360.0,ATX Mid Tower,120.0,1
158.0,70.0,,,,Micro ATX Desktop,-88.0,0
125.0,156.0,,,,ATX Mid Tower,31.0,1
125.0,77.0,120.0,2,240.0,HTPC,-48.0,0
157.0,180.0,120.0,2,,ATX Mid Tower,23.0,1
118.0,77.0,120.0,,,HTPC,-41.0,0
118.0,160.0,120.0,3,360.0,ATX Mid Tower,42.0,1
154.0,82.0,120.0,2,,Micro ATX Mini Tower,-72.0,0
118.0,70.0,,,,Mini ITX Tower,-48.0,0
150.0,210.0,,,,Micro ATX Mini Tower,60.0,1
45.0,185.0,,,,ATX Mid Tower,140.0,1
166.0,148.0,,,,Micro ATX Mid Tower,-18.0,0
151.0,140.0,120.0,2,,Micro ATX Mini Tower,-11.0,0
154.0,70.0,,,,HTPC,-84.0,0
68.5,180.0,140.0,2,280.0,Micro ATX Mini Tower,111.5,1
155.0,88.2,,,,ATX Mid Tower,-66.8,0
152.0,70.0,,,,Mini ITX Tower,-82.0,0
118.0,70.0,,,,Mini ITX Tower,-48.0,0
158.0,120.0,,,,Mini ITX Tower,-38.0,0
110.0,190.0,,,,ATX Full Tower,80.0,1
35.0,210.0,,,,ATX Mid Tower,175.0,1
160.0,165.0,120.0,2,,ATX Mid Tower,5.0,1
157.0,85.0,,,,Mini ITX Tower,-72.0,0
165.0,160.0,,,,ATX Mid Tower,-5.0,0
157.0,167.0,,,,Micro ATX Mini Tower,10.0,1
161.0,184.0,,,,ATX Mid Tower,23.0,1
158.0,165.0,,,,ATX Mid Tower,7.0,1
152.0,158.75,,,,ATX Mid Tower,6.75,1
151.0,180.0,,,,ATX Mid Tower,29.0,1
116.0,85.0,120.0,2,240.0,Mini ITX Tower,-31.0,0
60.0,166.0,120.0,3,360.0,ATX Mid Tower,106.0,1
57.0,200.0,120.0,3,360.0,Mini ITX Tower,143.0,1
154.0,83.0,,,,Mini ITX Tower,-71.0,0
77.7,180.0,120.0,3,360.0,ATX Mid Tower,102.3,1
47.0,170.0,,,240.0,ATX Mid Tower,123.0,1
155.0,61.0,,,,Mini ITX Tower,-94.0,0
154.0,77.0,,,,Mini ITX Tower,-77.0,0
160.0,55.0,,,,Mini ITX Tower,-105.0,0
65.0,190.0,360.0,1,360.0,ATX Mid Tower,125.0,1
94.0,83.0,240.0,2,240.0,Mini ITX Tower,-11.0,0
155.0,75.0,,,,Micro ATX Mini Tower,-80.0,0
156.0,135.0,,,,Micro ATX Mid Tower,-21.0,0
148.0,170.0,,,,ATX Mid Tower,22.0,1
155.0,150.0,,,,ATX Mid Tower,-5.0,0
137.0,55.0,,,,Mini ITX Tower,-82.0,0
157.0,193.0,120.0,2,120.0,ATX Full Tower,36.0,1
159.0,155.0,,,,Micro ATX Mini Tower,-4.0,0
135.0,68.0,,,,Mini ITX Tower,-67.0,0
157.0,138.0,,,,HTPC,-19.0,0
158.0,165.0,,,,ATX Mid Tower,7.0,1
157.0,175.0,,,,Mini ITX Tower,18.0,1
155.0,88.2,,,,ATX Mid Tower,-66.8,0
158.0,187.0,,,,ATX Mid Tower,29.0,1
172.0,170.0,,,,ATX Mid Tower,-2.0,0
157.0,170.0,,,,ATX Mid Tower,13.0,1
154.0,77.0,,,,HTPC,-77.0,0
158.0,55.0,,,,Mini ITX Tower,-103.0,0
145.0,175.0,,,,EATX Full Tower,30.0,1
164.0,170.0,,,,ATX Mid Tower,6.0,1
159.0,156.0,120.0,1,,ATX Mid Tower,-3.0,0
153.0,167.0,,,,Micro ATX Mini Tower,14.0,1
155.0,185.0,,,,ATX Mid Tower,30.0,1
42.0,180.0,,,240.0,ATX Mid Tower,138.0,1
148.0,70.0,,,,HTPC,-78.0,0
157.0,162.0,,,,Micro ATX Mid Tower,5.0,1
168.0,163.0,,,,ATX Mid Tower,-5.0,0
160.0,148.0,,,,ATX Mid Tower,-12.0,0
157.0,170.0,,,,ATX Mid Tower,13.0,1
165.0,160.0,120.0,2,,ATX Mid Tower,-5.0,0
158.0,155.0,,,,Micro ATX Mid Tower,-3.0,0
125.0,114.0,,,240.0,Mini ITX Tower,-11.0,0
113.0,172.0,,,,ATX Mid Tower,59.0,1
158.0,45.0,,,,Mini ITX Tower,-113.0,0
60.0,50.0,120.0,3,360.0,Mini ITX Tower,-10.0,0
122.0,61.0,,,,Mini ITX Tower,-61.0,0
160.0,61.0,,,,Mini ITX Tower,-99.0,0
164.0,70.0,,,,HTPC,-94.0,0
57.0,165.0,120.0,3,360.0,ATX Mid Tower,108.0,1
154.0,85.0,,,,Mini ITX Tower,-69.0,0
154.0,82.0,120.0,2,,Micro ATX Mid Tower,-72.0,0
155.0,210.0,,,,ATX Mid Tower,55.0,1
154.0,70.0,,,,Mini ITX Tower,-84.0,0
166.0,185.0,,,,ATX Mid Tower,19.0,1
150.0,77.0,,,,Mini ITX Tower,-73.0,0
160.0,145.0,,,,ATX Mid Tower,-15.0,0
155.0,57.0,,,,Micro ATX Desktop,-98.0,0
160.0,158.0,,,,Micro ATX Desktop,-2.0,0
160.0,155.0,120.0,1,,Micro ATX Mid Tower,-5.0,0
60.0,167.0,,,360.0,EATX Mid Tower,107.0,1
123.0,166.0,,,,ATX Mid Tower,43.0,1
30.0,210.0,120.0,2,240.0,ATX Mid Tower,180.0,1
155.0,154.0,120.0,1,,Micro ATX Mid Tower,-1.0,0
158.0,150.0,,,,ATX Mid Tower,-8.0,0
79.0,210.0,,,,Mini ITX Tower,131.0,1
54.0,47.0,120.0,3,360.0,Micro ATX Desktop,-7.0,0
156.0,160.0,,,,ATX Mid Tower,4.0,1
169.0,165.0,,,,ATX Mid Tower,-4.0,0
52.0,185.0,,,120.0,ATX Mid Tower,133.0,1
59.0,45.0,,,240.0,Mini ITX Tower,-14.0,0
58.0,180.0,,,,ATX Mid Tower,122.0,1
47.0,158.0,,,240.0,ATX Full Tower,111.0,1
136.0,95.0,,,,ATX Mid Tower,-41.0,0
94.5,210.0,140.0,2,280.0,Mini ITX Tower,115.5,1
155.0,83.0,,,,Mini ITX Tower,-72.0,0
37.0,170.0,,,,Micro ATX Mid Tower,133.0,1
39.0,180.0,,,,ATX Mid Tower,141.0,1
56.0,175.0,,,240.0,ATX Mid Tower,119.0,1
68.0,155.0,140.0,3,420.0,ATX Mid Tower,87.0,1
169.0,162.0,,,,Micro ATX Mid Tower,-7.0,0
60.0,168.0,120.0,3,360.0,ATX Mid Tower,108.0,1
157.0,210.0,120.0,2,,Mini ITX Tower,53.0,1
151.0,150.0,,,,ATX Mid Tower,-1.0,0
153.0,185.0,,,,ATX Mid Tower,32.0,1
52.0,165.0,,,360.0,Micro ATX Mini Tower,113.0,1
155.0,170.0,,,,ATX Mid Tower,15.0,1
158.0,68.0,,,,Mini ITX Tower,-90.0,0
159.0,210.0,,,,ATX Mid Tower,51.0,1
65.0,190.0,280.0,1,280.0,ATX Mid Tower,125.0,1
165.0,160.0,,,,ATX Mid Tower,-5.0,0
163.0,159.0,,,,ATX Mid Tower,-4.0,0
88.0,45.0,,,,Mini ITX Tower,-43.0,0
37.0,190.0,,,,ATX Full Tower,153.0,1
64.0,67.0,,,360.0,Mini ITX Tower,3.0,1
79.0,65.0,,,,Mini ITX Tower,-14.0,0
57.0,180.5,,,360.0,EATX Mid Tower,123.5,1
148.0,165.0,,,,ATX Mid Tower,17.0,1
155.0,170.0,,,,ATX Mid Tower,15.0,1
82.0,83.0,,,,Mini ITX Tower,1.0,1
160.0,138.0,135.0,1,,HTPC,-22.0,0
160.0,120.0,,,,Mini ITX Tower,-40.0,0
154.0,150.0,120.0,2,,ATX Mid Tower,-4.0,0
159.0,180.0,,,,Micro ATX Mini Tower,21.0,1
170.0,200.0,,,,ATX Full Tower,30.0,1
159.0,61.0,,,,Mini ITX Tower,-98.0,0
39.0,165.0,,,,ATX Mid Tower,126.0,1
154.0,150.0,,,,Micro ATX Mini Tower,-4.0,0
159.0,65.0,,,,Mini ITX Tower,-94.0,0
157.0,138.0,120.0,2,,HTPC,-19.0,0
58.0,180.0,,,,ATX Full Tower,122.0,1
154.0,82.0,120.0,2,,Mini ITX Tower,-72.0,0
160.0,140.0,,,,Mini ITX Tower,-20.0,0
165.0,160.0,,,,Micro ATX Mini Tower,-5.0,0
159.0,200.0,,,,Mini ITX Tower,41.0,1
63.0,160.0,,,,ATX Mid Tower,97.0,1
93.0,167.0,,,,ATX Mid Tower,74.0,1
40.0,160.0,120.0,2,240.0,Micro ATX Mini Tower,120.0,1
65.0,172.0,,,,ATX Mid Tower,107.0,1
123.0,185.0,92.0,1,,ATX Full Tower,62.0,1
160.0,156.0,,,,Micro ATX Mid Tower,-4.0,0
140.0,138.0,,,,HTPC,-2.0,0
155.0,160.0,120.0,1,,ATX Mid Tower,5.0,1
56.0,170.0,120.0,2,240.0,ATX Mid Tower,114.0,1
170.0,164.0,,,,ATX Mid Tower,-6.0,0
157.0,110.0,,,,Mini ITX Tower,-47.0,0
56.0,160.0,,,,ATX Mid Tower,104.0,1
155.0,45.0,,,,Mini ITX Tower,-110.0,0
158.0,190.0,,,,ATX Full Tower,32.0,1
154.0,170.0,,,,ATX Mid Tower,16.0,1
159.0,70.0,120.0,1,,HTPC,-89.0,0
166.0,75.0,,,,Micro ATX Mini Tower,-91.0,0
54.0,160.0,120.0,3,360.0,Micro ATX Mid Tower,106.0,1
148.0,135.0,,,,Micro ATX Mid Tower,-13.0,0
154.0,61.0,,,,Mini ITX Tower,-93.0,0
88.0,165.0,,,,Micro ATX Mid Tower,77.0,1
157.0,70.0,,,,HTPC,-87.0,0
150.0,82.0,,,,Micro ATX Mid Tower,-68.0,0
171.0,170.0,,,,ATX Mid Tower,-1.0,0
67.0,182.0,,,240.0,Mini ITX Tower,115.0,1
151.0,67.0,120.0,2,,Mini ITX Tower,-84.0,0
157.0,187.0,,,,ATX Mid Tower,30.0,1
158.0,61.0,,,,Mini ITX Tower,-97.0,0
52.0,165.0,120.0,2,240.0,Micro ATX Mini Tower,113.0,1
59.0,165.0,,,,Micro ATX Mid Tower,106.0,1
162.0,61.0,,,,Mini ITX Tower,-101.0,0
161.0,160.0,120.0,3,360.0,Micro ATX Mini Tower,-1.0,0
63.0,165.0,,,360.0,ATX Mid Tower,102.0,1
168.0,160.0,,,,Micro ATX Mini Tower,-8.0,0
53.0,180.0,,,,ATX Mid Tower,127.0,1
51.0,160.0,,,360.0,ATX Mid Tower,109.0,1
157.0,68.0,,,,Mini ITX Tower,-89.0,0
154.0,61.0,,,,Mini ITX Tower,-93.0,0
158.0,167.0,,,,ATX Mid Tower,9.0,1
155.0,65.0,,,,Micro ATX Mini Tower,-90.0,0
57.0,38.0,,,360.0,Mini ITX Tower,-19.0,0
165.0,162.0,,,,ATX Mid Tower,-3.0,0
159.0,150.0,,,,ATX Mid Tower,-9.0,0
158.0,83.0,,,,Mini ITX Tower,-75.0,0
77.0,61.0,,,,Mini ITX Tower,-16.0,0
154.0,77.0,,,,Mini ITX Tower,-77.0,0
123.0,70.0,,,,HTPC,-53.0,0
162.0,157.0,,,,Micro ATX Mini Tower,-5.0,0
157.0,165.0,120.0,2,,ATX Mid Tower,8.0,1
42.0,167.0,,,120.0,EATX Full Tower,125.0,1
160.0,135.0,,,,Micro ATX Mid Tower,-25.0,0
53.0,171.0,120.0,3,360.0,ATX Mid Tower,118.0,1
18.6,175.0,120.0,3,394.0,Mini ITX Tower,156.4,1
151.0,166.0,,,,ATX Mid Tower,15.0,1
62.0,185.0,,,360.0,ATX Full Tower,123.0,1
55.0,45.0,,,240.0,Mini ITX Tower,-10.0,0
80.6,55.0,120.0,3,360.0,Mini ITX Tower,-25.6,0
153.0,180.0,,,,Micro ATX Mini Tower,27.0,1
86.4,170.0,120.0,3,360.0,ATX Mid Tower,83.6,1
165.0,210.0,,,,Micro ATX Mini Tower,45.0,1
59.0,180.0,,,,ATX Mid Tower,121.0,1
158.0,138.0,,,,HTPC,-20.0,0
148.0,135.0,,,,Micro ATX Mid Tower,-13.0,0
165.0,160.0,,,,Micro ATX Mid Tower,-5.0,0
170.0,160.0,,,,ATX Mid Tower,-10.0,0
167.0,180.0,,,,ATX Mid Tower,13.0,1
52.0,190.0,140.0,2,280.0,ATX Full Tower,138.0,1
156.0,140.0,,,,Micro ATX Mini Tower,-16.0,0
116.0,190.0,120.0,2,240.0,ATX Mid Tower,74.0,1
160.0,170.0,,,,ATX Mid Tower,10.0,1
160.0,180.5,,,,EATX Mid Tower,20.5,1
168.0,165.0,120.0,,,ATX Mid Tower,-3.0,0
65.0,61.0,420.0,1,420.0,Mini ITX Tower,-4.0,0
154.0,185.0,120.0,2,,ATX Mid Tower,31.0,1
125.0,155.0,,,240.0,ATX Mid Tower,30.0,1
35.0,190.0,,,,ATX Mid Tower,155.0,1
28.0,175.0,,,,ATX Mid Tower,147.0,1
157.0,171.0,,,,ATX Mid Tower,14.0,1
158.0,57.0,,,,Mini ITX Tower,-101.0,0
158.0,57.0,,,,Micro ATX Desktop,-101.0,0
155.0,154.0,,,,Micro ATX Mid Tower,-1.0,0
61.0,165.0,,,,ATX Mid Tower,104.0,1
158.0,156.0,,,,ATX Mid Tower,-2.0,0
125.0,70.0,,,,Mini ITX Tower,-55.0,0
116.0,173.0,120.0,2,240.0,ATX Mid Tower,57.0,1
135.0,160.0,,,,ATX Mid Tower,25.0,1
120.0,68.0,,,,Mini ITX Tower,-52.0,0
159.0,61.0,,,,Mini ITX Tower,-98.0,0
90.0,165.0,,,360.0,ATX Mid Tower,75.0,1
165.0,155.0,,,,Micro ATX Mini Tower,-10.0,0
157.0,175.0,,,,ATX Mid Tower,18.0,1
46.0,161.0,120.0,3,360.0,Micro ATX Mid Tower,115.0,1
165.0,70.0,,,,HTPC,-95.0,0
77.0,165.0,,,,ATX Mid Tower,88.0,1
164.0,150.0,,,,Micro ATX Mid Tower,-14.0,0
158.0,169.0,,,,ATX Full Tower,11.0,1
158.0,155.0,,,,ATX Mid Tower,-3.0,0
45.0,182.0,,,,ATX Mid Tower,137.0,1
110.0,161.0,,,360.0,Micro ATX Mid Tower,51.0,1
158.0,185.0,140.0,2,,ATX Mid Tower,27.0,1
165.0,185.0,,,,EATX Mid Tower,20.0,1
107.0,173.0,120.0,3,360.0,ATX Mid Tower,66.0,1
157.0,165.0,,,,ATX Mid Tower,8.0,1
68.5,164.0,140.0,2,280.0,Micro ATX Desktop,95.5,1
158.0,150.0,,,,ATX Mid Tower,-8.0,0
166.0,160.0,,,,ATX Mid Tower,-6.0,0
154.0,140.0,,,,Micro ATX Mini Tower,-14.0,0
52.0,169.0,120.0,3,360.0,ATX Full Tower,117.0,1
165.0,173.0,120.0,2,,ATX Mid Tower,8.0,1
172.0,160.0,,,,ATX Mid Tower,-12.0,0
158.0,180.0,,,,ATX Mid Tower,22.0,1
165.0,155.0,,,,ATX Full Tower,-10.0,0
160.0,38.0,,,,Mini ITX Tower,-122.0,0
186.0,165.0,120.0,3,360.0,Micro ATX Mini Tower,-21.0,0
168.0,165.0,120.0,,,ATX Mid Tower,-3.0,0
128.0,70.0,,,,HTPC,-58.0,0
150.0,185.0,,,,ATX Full Tower,35.0,1
155.0,70.0,120.0,,,Mini ITX Tower,-85.0,0
162.0,180.0,,,,ATX Mid Tower,18.0,1
158.0,180.0,,,,ATX Mid Tower,22.0,1
161.0,160.0,,,,ATX Mid Tower,-1.0,0
123.0,65.0,,,,HTPC,-58.0,0
154.0,61.0,120.0,2,,Mini ITX Tower,-93.0,0
158.0,155.0,,,,Micro ATX Mid Tower,-3.0,0
155.0,164.0,,,,Micro ATX Desktop,9.0,1
159.0,67.0,,,,Mini ITX Tower,-92.0,0
163.0,77.0,,,,HTPC,-86.0,0
163.0,120.0,,,,Mini ITX Tower,-43.0,0
64.0,180.0,,,360.0,ATX Full Tower,116.0,1
123.0,160.0,,,,ATX Mid Tower,37.0,1
56.0,160.0,120.0,2,240.0,ATX Mid Tower,104.0,1
48.0,190.0,,,120.0,ATX Full Tower,142.0,1
158.0,157.0,,,,ATX Mid Tower,-1.0,0
160.0,70.0,,,,HTPC,-90.0,0
159.0,150.0,,,,ATX Mid Tower,-9.0,0
159.0,70.0,120.0,1,,Mini ITX Tower,-89.0,0
155.0,67.0,,,,Mini ITX Tower,-88.0,0
397.0,170.0,120.0,3,360.0,ATX Mid Tower,-227.0,0
77.0,170.0,,,,Micro ATX Mid Tower,93.0,1
162.0,160.0,,,,ATX Mid Tower,-2.0,0
158.0,155.0,,,,ATX Mid Tower,-3.0,0
165.0,155.0,,,,ATX Mid Tower,-10.0,0
160.0,70.0,,,,HTPC,-90.0,0
161.0,70.0,,,,HTPC,-91.0,0
160.0,140.0,,,,Mini ITX Tower,-20.0,0
169.0,210.0,,,,Micro ATX Mini Tower,41.0,1
136.0,50.0,,,,Mini ITX Tower,-86.0,0
112.0,83.0,,,,Mini ITX Tower,-29.0,0
150.0,67.0,,,,Mini ITX Tower,-83.0,0
152.0,120.0,,,,Mini ITX Tower,-32.0,0
137.0,165.0,120.0,3,360.0,ATX Mid Tower,28.0,1
160.0,159.0,,,,ATX Mid Tower,-1.0,0
154.0,190.0,,,,ATX Full Tower,36.0,1
105.0,174.0,,,360.0,ATX Mid Tower,69.0,1
165.0,158.0,,,,Micro ATX Desktop,-7.0,0
155.0,190.0,120.0,,,ATX Full Tower,35.0,1
37.0,170.0,,,,ATX Mid Tower,133.0,1
155.0,83.0,,,,Mini ITX Tower,-72.0,0
160.0,191.0,,,,ATX Full Tower,31.0,1
159.0,68.0,,,,Mini ITX Tower,-91.0,0
148.0,171.0,120.0,,,ATX Mid Tower,23.0,1
67.0,167.0,,,,ATX Mid Tower,100.0,1
159.0,65.0,,,,HTPC,-94.0,0
159.0,155.0,,,,ATX Mid Tower,-4.0,0
157.0,154.0,,,,Micro ATX Mid Tower,-3.0,0
169.0,185.0,,,,ATX Mid Tower,16.0,1
55.0,175.0,,,,EATX Full Tower,120.0,1
158.0,68.0,,,,Mini ITX Tower,-90.0,0
166.0,165.0,,,,ATX Mid Tower,-1.0,0
160.0,155.0,,,,Micro ATX Mid Tower,-5.0,0
158.0,88.2,,,,ATX Mid Tower,-69.8,0
60.0,48.0,,,,Mini ITX Tower,-12.0,0
165.0,180.0,120.0,2,,EATX Mid Tower,15.0,1
165.0,163.0,,,,ATX Mid Tower,-2.0,0
160.0,155.0,,,,ATX Mid Tower,-5.0,0
166.0,165.0,,,,ATX Mid Tower,-1.0,0
75.6,190.0,130.0,1,,ATX Full Tower,114.4,1
56.0,185.0,,,,ATX Mid Tower,129.0,1
166.0,165.0,,,,ATX Mid Tower,-1.0,0
70.0,138.0,,,,HTPC,68.0,1
169.0,155.0,120.0,2,,ATX Mid Tower,-14.0,0
162.0,165.0,,,,ATX Mid Tower,3.0,1
151.0,138.0,,,,HTPC,-13.0,0
146.0,170.0,,,,ATX Mid Tower,24.0,1
158.0,155.0,,,,Micro ATX Mini Tower,-3.0,0
152.0,155.0,120.0,1,,Micro ATX Mini Tower,3.0,1
125.0,70.0,,,,Mini ITX Tower,-55.0,0
37.0,174.0,,,,ATX Mid Tower,137.0,1
69.0,170.0,,,,ATX Mid Tower,101.0,1
129.0,162.0,,,,ATX Mid Tower,33.0,1
64.4,180.0,120.0,3,360.0,ATX Full Tower,115.6,1
159.0,167.0,120.0,,,Mini ITX Tower,8.0,1
162.0,57.0,,,,Micro ATX Desktop,-105.0,0
165.0,157.0,,,,Micro ATX Mini Tower,-8.0,0
125.0,61.0,,,,Mini ITX Tower,-64.0,0
171.0,156.0,,,,Micro ATX Mid Tower,-15.0,0
159.0,58.0,,,,HTPC,-101.0,0
116.0,77.0,120.0,3,360.0,HTPC,-39.0,0
156.0,165.0,,,,ATX Mid Tower,9.0,1
42.0,162.0,,,280.0,Micro ATX Mid Tower,120.0,1
68.0,170.0,,,,ATX Mid Tower,102.0,1
153.0,70.0,,,,Mini ITX Tower,-83.0,0
55.0,181.0,,,360.0,ATX Mid Tower,126.0,1
159.0,138.0,,,,HTPC,-21.0,0
105.0,70.0,,,360.0,HTPC,-35.0,0
161.0,155.0,,,,ATX Mid Tower,-6.0,0
27.0,165.0,,,,ATX Mid Tower,138.0,1
157.0,165.0,,,,ATX Mid Tower,8.0,1
163.0,50.0,,,,Mini ITX Tower,-113.0,0
52.0,160.0,,,240.0,Micro ATX Mini Tower,108.0,1
137.0,77.0,120.0,3,360.0,HTPC,-60.0,0
155.0,150.0,,,,Micro ATX Mid Tower,-5.0,0
160.0,85.0,,,,Mini ITX Tower,-75.0,0
137.0,170.0,,,,ATX Mid Tower,33.0,1
154.0,170.0,,,,ATX Mid Tower,16.0,1
27.0,167.0,,,,ATX Mid Tower,140.0,1
110.0,170.0,,,,ATX Mid Tower,60.0,1
164.0,57.0,,,,Micro ATX Desktop,-107.0,0
135.0,176.0,,,,ATX Mid Tower,41.0,1
134.0,175.0,,,,EATX Full Tower,41.0,1
158.0,145.0,,,,ATX Mid Tower,-13.0,0
130.0,165.0,,,,EATX Mid Tower,35.0,1
124.0,70.0,,,,Mini ITX Tower,-54.0,0
158.0,185.0,,,,ATX Mid Tower,27.0,1
155.0,180.0,120.0,1,,ATX Mid Tower,25.0,1
171.0,165.0,,,,ATX Mid Tower,-6.0,0
154.0,85.0,,,,Mini ITX Tower,-69.0,0
56.0,172.0,120.0,3,360.0,ATX Mid Tower,116.0,1
47.0,170.0,,,,ATX Mid Tower,123.0,1
154.0,165.0,,,,ATX Mid Tower,11.0,1
163.0,148.0,120.0,,,Micro ATX Mini Tower,-15.0,0
154.0,210.0,,,,Mini ITX Tower,56.0,1
148.0,57.0,,,,Mini ITX Tower,-91.0,0
153.0,65.0,,,,Mini ITX Tower,-88.0,0
157.0,185.0,,,,ATX Mid Tower,28.0,1
165.0,180.0,,,,HTPC,15.0,1
165.0,77.0,,,,HTPC,-88.0,0
165.0,155.0,,,,ATX Mid Tower,-10.0,0
151.0,70.0,,,,Mini ITX Tower,-81.0,0
125.0,75.0,,,,Mini ITX Tower,-50.0,0
154.0,160.0,,,,Micro ATX Mini Tower,6.0,1
160.0,68.0,,,,Mini ITX Tower,-92.0,0
154.0,70.0,,,,Mini ITX Tower,-84.0,0
157.0,163.0,,,,ATX Mid Tower,6.0,1
160.0,190.0,,,,ATX Full Tower,30.0,1
172.0,160.0,,,,Micro ATX Mini Tower,-12.0,0
155.0,169.0,,,,ATX Mid Tower,14.0,1
154.0,166.0,,,,ATX Mid Tower,12.0,1
154.0,163.5,,,,Micro ATX Mid Tower,9.5,1
159.0,156.0,,,,ATX Mid Tower,-3.0,0
122.0,176.0,,,,ATX Mid Tower,54.0,1
157.0,48.0,,,,Mini ITX Tower,-109.0,0
148.0,75.0,120.0,,,Mini ITX Tower,-73.0,0
72.0,170.0,120.0,2,240.0,ATX Mid Tower,98.0,1
155.0,210.0,,,,Micro ATX Mini Tower,55.0,1
167.0,170.0,,,,ATX Mid Tower,3.0,1
51.0,180.0,90.0,1,,ATX Mid Tower,129.0,1
151.0,185.0,,,,ATX Mid Tower,34.0,1
161.0,180.0,,,,ATX Mid Tower,19.0,1
77.0,57.0,,,,Mini ITX Tower,-20.0,0
152.0,70.0,,,,Mini ITX Tower,-82.0,0
70.0,170.0,,,,ATX Mid Tower,100.0,1
30.0,175.0,,,,ATX Mid Tower,145.0,1
60.0,170.0,,,240.0,ATX Mid Tower,110.0,1
165.0,174.0,,,,ATX Mid Tower,9.0,1
150.0,120.0,,,,Mini ITX Tower,-30.0,0
155.0,163.0,,,,ATX Mid Tower,8.0,1
160.0,174.0,,,,ATX Mid Tower,14.0,1
32.0,70.0,,,,Mini ITX Tower,38.0,1
125.0,77.0,,,,Mini ITX Tower,-48.0,0
165.0,164.0,,,,Micro ATX Desktop,-1.0,0
67.0,170.0,,,240.0,ATX Mid Tower,103.0,1
158.0,155.0,,,,Micro ATX Mini Tower,-3.0,0
158.0,145.0,140.0,2,,ATX Mid Tower,-13.0,0
160.0,82.0,,,,Mini ITX Tower,-78.0,0
162.0,175.0,,,,ATX Mid Tower,13.0,1
166.0,164.0,,,,ATX Mid Tower,-2.0,0
153.0,185.0,,,,ATX Mid Tower,32.0,1
112.0,190.0,,,,ATX Full Tower,78.0,1
162.0,160.0,,,,ATX Mid Tower,-2.0,0
159.0,185.0,,,,ATX Mid Tower,26.0,1
165.0,160.0,,,,Micro ATX Mini Tower,-5.0,0
48.0,65.0,,,,Mini ITX Tower,17.0,1
165.0,148.0,,,,Micro ATX Mid Tower,-17.0,0
123.0,160.0,,,,Micro ATX Mini Tower,37.0,1
53.0,145.0,,,120.0,ATX Mid Tower,92.0,1
36.0,173.0,,,,ATX Mid Tower,137.0,1
168.0,165.0,,,,Micro ATX Mini Tower,-3.0,0
158.0,175.0,,,,EATX Full Tower,17.0,1
38.0,160.0,,,240.0,ATX Mid Tower,122.0,1
148.0,70.0,,,,HTPC,-78.0,0
155.0,114.0,,,,Mini ITX Tower,-41.0,0
123.0,68.0,,,,Mini ITX Tower,-55.0,0
159.0,155.0,,,,Micro ATX Mid Tower,-4.0,0
135.0,164.0,,,,Micro ATX Desktop,29.0,1
157.0,155.0,,,,ATX Mid Tower,-2.0,0
135.0,170.0,,,,ATX Mid Tower,35.0,1
65.0,57.0,240.0,1,240.0,Micro ATX Desktop,-8.0,0
159.0,157.0,120.0,1,,ATX Mid Tower,-2.0,0
165.0,160.0,,,,ATX Mid Tower,-5.0,0
135.0,190.0,,,,ATX Full Tower,55.0,1
158.0,70.0,,,,Micro ATX Desktop,-88.0,0
160.0,55.0,,,,Mini ITX Tower,-105.0,0
156.0,168.0,,,,EATX Mid Tower,12.0,1
52.0,162.0,,,360.0,Micro ATX Mid Tower,110.0,1
160.0,170.0,,,,ATX Mid Tower,10.0,1
166.0,48.0,,,,Mini ITX Tower,-118.0,0
162.0,162.0,,,,Micro ATX Mid Tower,0.0,1
158.0,170.0,,,,ATX Mid Tower,12.0,1
166.0,148.0,120.0,,,ATX Mid Tower,-18.0,0
127.0,170.0,100.0,2,,ATX Mid Tower,43.0,1
130.0,167.0,,,,ATX Mid Tower,37.0,1
158.0,155.0,,,,Micro ATX Mini Tower,-3.0,0
27.0,170.0,,,,ATX Mid Tower,143.0,1
165.0,150.0,,,,Micro ATX Mid Tower,-15.0,0
52.0,155.0,140.0,2,280.0,Micro ATX Mid Tower,103.0,1
157.0,155.0,,,,Micro ATX Mini Tower,-2.0,0
52.0,160.0,120.0,3,360.0,ATX Mid Tower,108.0,1
56.0,166.0,,,240.0,ATX Mid Tower,110.0,1
53.0,176.0,,,,ATX Full Tower,123.0,1
47.0,185.0,,,360.0,ATX Mid Tower,138.0,1
69.0,170.0,,,360.0,ATX Mid Tower,101.0,1
154.0,150.0,,,,Micro ATX Mid Tower,-4.0,0
37.0,190.0,,,,Mini ITX Tower,153.0,1
160.0,155.0,,,,Micro ATX Mini Tower,-5.0,0
160.0,140.0,,,,Mini ITX Tower,-20.0,0
154.0,70.0,,,,Mini ITX Tower,-84.0,0
163.0,195.0,,,,ATX Full Tower,32.0,1
160.0,159.0,,,,Micro ATX Mini Tower,-1.0,0
159.0,190.0,120.0,1,,EATX Full Tower,31.0,1
69.0,83.0,,,,Mini ITX Tower,14.0,1
133.0,160.0,,,,Micro ATX Mini Tower,27.0,1
161.0,157.0,,,,Micro ATX Mini Tower,-4.0,0
155.0,150.0,,,,ATX Mid Tower,-5.0,0
125.0,55.0,,,,Mini ITX Tower,-70.0,0
63.0,180.0,,,,EATX Full Tower,117.0,1
66.0,175.0,,,360.0,Mini ITX Tower,109.0,1
162.0,160.0,,,,ATX Mid Tower,-2.0,0
150.0,165.0,,,,ATX Mid Tower,15.0,1
131.0,77.0,,,,HTPC,-54.0,0
123.0,82.0,,,,Micro ATX Mini Tower,-41.0,0
158.0,210.0,,,,Micro ATX Mini Tower,52.0,1
67.0,180.0,,,,EATX Full Tower,113.0,1
62.0,167.0,,,360.0,Micro ATX Mini Tower,105.0,1
154.0,61.0,,,,Mini ITX Tower,-93.0,0
155.0,77.0,,,,HTPC,-78.0,0
160.0,156.0,,,,ATX Mid Tower,-4.0,0
146.0,82.0,,,,Micro ATX Mini Tower,-64.0,0
155.0,67.0,,,,Mini ITX Tower,-88.0,0
166.0,160.0,,,,Micro ATX Mini Tower,-6.0,0
94.5,185.0,140.0,2,280.0,ATX Mid Tower,90.5,1
168.0,165.0,120.0,,,ATX Mid Tower,-3.0,0
157.0,158.0,,,,ATX Mid Tower,1.0,1
158.0,165.0,,,,ATX Mid Tower,7.0,1
47.6,175.0,120.0,2,240.0,EATX Full Tower,127.4,1
55.0,165.0,,,360.0,ATX Mid Tower,110.0,1
152.0,180.5,,,,EATX Mid Tower,28.5,1
58.0,200.0,,,,ATX Full Tower,142.0,1
160.0,170.0,,,,ATX Mid Tower,10.0,1
155.0,155.0,,,,Mini ITX Tower,0.0,1
113.0,170.0,,,,ATX Mid Tower,57.0,1
54.0,178.0,,,420.0,ATX Mid Tower,124.0,1
101.0,85.0,120.0,3,360.0,Mini ITX Tower,-16.0,0
66.0,160.0,,,360.0,ATX Mid Tower,94.0,1
59.0,175.0,,,240.0,ATX Mid Tower,116.0,1
157.0,155.0,,,,Micro ATX Mini Tower,-2.0,0
158.0,85.0,140.0,2,,Mini ITX Tower,-73.0,0
153.0,88.2,,,,ATX Mid Tower,-64.8,0
60.0,165.0,,,,ATX Mid Tower,105.0,1
144.0,170.0,,,,ATX Mid Tower,26.0,1
160.0,180.0,,,,ATX Mid Tower,20.0,1
136.0,165.0,,,,ATX Mid Tower,29.0,1
65.0,61.0,,,,Mini ITX Tower,-4.0,0
70.0,185.0,,,240.0,ATX Mid Tower,115.0,1
48.0,145.0,,,360.0,ATX Mid Tower,97.0,1
154.0,150.0,,,,Micro ATX Mid Tower,-4.0,0
151.0,68.0,120.0,2,,Mini ITX Tower,-83.0,0
158.0,160.0,,,,ATX Mid Tower,2.0,1
160.0,210.0,,,,Micro ATX Mini Tower,50.0,1
45.0,163.5,92.0,,,Micro ATX Mid Tower,118.5,1
158.0,156.0,,,,ATX Mid Tower,-2.0,0
42.0,156.0,,,,ATX Mid Tower,114.0,1
162.0,140.0,,,,Mini ITX Tower,-22.0,0
155.0,38.0,120.0,1,,Mini ITX Tower,-117.0,0
158.0,168.0,,,,ATX Mid Tower,10.0,1
143.0,70.0,,,,HTPC,-73.0,0
65.0,47.0,420.0,1,420.0,Micro ATX Desktop,-18.0,0
52.0,156.0,120.0,2,240.0,Micro ATX Mid Tower,104.0,1
48.0,180.0,,,,ATX Mid Tower,132.0,1
73.0,170.0,120.0,3,360.0,ATX Mid Tower,97.0,1
158.0,155.0,,,,ATX Mid Tower,-3.0,0
165.0,156.0,,,,ATX Mid Tower,-9.0,0
47.0,170.0,,,,Micro ATX Mid Tower,123.0,1
152.0,151.0,,,,Micro ATX Mini Tower,-1.0,0
158.0,155.0,120.0,2,,Micro ATX Mid Tower,-3.0,0
159.0,166.0,120.0,1,,ATX Mid Tower,7.0,1
90.0,170.0,,,240.0,ATX Mid Tower,80.0,1
51.0,167.0,,,240.0,Micro ATX Mid Tower,116.0,1
157.0,170.0,,,,ATX Mid Tower,13.0,1
130.0,164.0,,,,ATX Mid Tower,34.0,1
165.0,160.0,,,,ATX Mid Tower,-5.0,0
166.0,188.0,,,,ATX Mid Tower,22.0,1
56.0,48.0,120.0,,360.0,Mini ITX Tower,-8.0,0
64.0,83.0,,,240.0,Mini ITX Tower,19.0,1
160.0,160.0,,,,ATX Mid Tower,0.0,1
157.0,166.0,,,,ATX Mid Tower,9.0,1
157.0,159.0,,,,Micro ATX Mini Tower,2.0,1
158.0,162.0,,,,ATX Mid Tower,4.0,1
90.0,175.0,,,360.0,ATX Mid Tower,85.0,1
48.0,160.0,,,360.0,ATX Mid Tower,112.0,1
157.0,138.0,,,,HTPC,-19.0,0
162.0,180.0,,,,Micro ATX Mini Tower,18.0,1
64.0,175.0,,,360.0,ATX Mid Tower,111.0,1
66.0,180.0,120.0,3,360.0,ATX Mid Tower,114.0,1
163.0,162.0,,,,ATX Mid Tower,-1.0,0
82.0,160.0,,3,360.0,ATX Mid Tower,78.0,1
162.0,180.0,,,,ATX Mid Tower,18.0,1
160.0,110.0,,,,Mini ITX Tower,-50.0,0
154.0,85.0,,,,Mini ITX Tower,-69.0,0
146.0,185.0,,,,ATX Mid Tower,39.0,1
162.0,150.0,,,,ATX Mid Tower,-12.0,0
160.0,85.0,,,,Mini ITX Tower,-75.0,0
158.0,185.0,,,,ATX Mid Tower,27.0,1
159.0,154.0,120.0,1,,Micro ATX Mid Tower,-5.0,0
126.0,90.0,,,,Micro ATX Desktop,-36.0,0
65.0,185.0,,,240.0,Micro ATX Mid Tower,120.0,1
136.0,170.0,,,,ATX Mid Tower,34.0,1
53.0,185.0,,,360.0,EATX Mid Tower,132.0,1
163.0,61.0,,,,Mini ITX Tower,-102.0,0
158.0,185.0,120.0,2,,ATX Mid Tower,27.0,1
60.0,185.0,,,280.0,ATX Mid Tower,125.0,1
53.0,180.0,,,360.0,ATX Mid Tower,127.0,1
171.0,160.0,,,,ATX Mid Tower,-11.0,0
54.0,176.0,,,240.0,ATX Full Tower,122.0,1
170.0,160.0,,,,ATX Mid Tower,-10.0,0
158.0,65.0,,,,Mini ITX Tower,-93.0,0
155.0,165.0,120.0,,,ATX Mid Tower,10.0,1
155.0,75.0,,,,Micro ATX Mini Tower,-80.0,0
47.6,170.0,120.0,2,240.0,ATX Mid Tower,122.4,1
137.0,55.0,120.0,3,360.0,Mini ITX Tower,-82.0,0
154.0,151.0,,,,Micro ATX Mini Tower,-3.0,0
130.0,157.0,,,,ATX Mid Tower,27.0,1
165.0,163.0,,,,ATX Mid Tower,-2.0,0
148.0,180.0,,,,EATX Mid Tower,32.0,1
155.0,120.0,,,,Mini ITX Tower,-35.0,0
157.0,150.0,,,,Micro ATX Mini Tower,-7.0,0
36.0,180.0,,,240.0,ATX Mid Tower,144.0,1
65.0,182.0,120.0,2,240.0,ATX Mid Tower,117.0,1
62.0,170.0,,,360.0,ATX Mid Tower,108.0,1
165.0,183.0,,,,ATX Mid Tower,18.0,1
169.0,70.0,,,,Micro ATX Desktop,-99.0,0
155.0,166.0,,,,ATX Mid Tower,11.0,1
164.0,61.0,,,,Mini ITX Tower,-103.0,0
160.0,210.0,,,,Mini ITX Tower,50.0,1
156.0,155.0,,,,Mini ITX Tower,-1.0,0
55.0,168.0,,,,ATX Mid Tower,113.0,1
160.0,156.0,,,,ATX Mid Tower,-4.0,0
60.0,160.0,,,240.0,ATX Mid Tower,100.0,1
155.0,190.0,,,,EATX Full Tower,35.0,1
137.0,190.0,,,,ATX Mid Tower,53.0,1
170.0,170.0,,,,ATX Mid Tower,0.0,1
166.0,182.0,,,,ATX Full Tower,16.0,1
54.0,160.0,,,420.0,ATX Mid Tower,106.0,1
86.4,55.0,120.0,3,360.0,Mini ITX Tower,-31.4,0
151.0,170.0,,,,ATX Mid Tower,19.0,1
165.0,160.0,,,,ATX Mid Tower,-5.0,0
151.0,175.0,,,,ATX Mid Tower,24.0,1
157.0,154.0,,,,Micro ATX Mid Tower,-3.0,0
133.0,158.0,,,,ATX Mid Tower,25.0,1
75.0,70.0,,,,HTPC,-5.0,0
55.0,70.0,,,,Mini ITX Tower,15.0,1
160.0,150.0,,,,Micro ATX Mini Tower,-10.0,0
160.0,70.0,,,,HTPC,-90.0,0
158.0,48.0,,,,Mini ITX Tower,-110.0,0
62.0,210.0,,,240.0,ATX Mid Tower,148.0,1
152.0,180.0,120.0,1,,ATX Mid Tower,28.0,1
160.0,70.0,,,,HTPC,-90.0,0
397.0,190.0,120.0,3,360.0,ATX Full Tower,-207.0,0
90.0,167.0,,,240.0,ATX Mid Tower,77.0,1
161.0,158.0,,,,ATX Mid Tower,-3.0,0
65.0,193.0,360.0,1,360.0,ATX Full Tower,128.0,1
156.0,82.0,,,,Micro ATX Mini Tower,-74.0,0
169.0,159.0,120.0,2,,ATX Mid Tower,-10.0,0
159.0,140.0,,,,Mini ITX Tower,-19.0,0
167.0,160.0,,,,Micro ATX Mini Tower,-7.0,0
160.0,156.0,,,,ATX Mid Tower,-4.0,0
155.0,61.0,120.0,1,,Mini ITX Tower,-94.0,0
157.0,57.0,,,,Mini ITX Tower,-100.0,0
166.0,165.0,,,,ATX Mid Tower,-1.0,0
162.0,156.0,,,,ATX Mid Tower,-6.0,0
154.0,38.0,,,,Mini ITX Tower,-116.0,0
82.0,190.0,,,,ATX Mid Tower,108.0,1
125.0,190.0,,,,ATX Full Tower,65.0,1
150.0,155.0,,,,Micro ATX Mini Tower,5.0,1
163.0,190.0,,,,ATX Mid Tower,27.0,1
155.0,82.0,120.0,2,,Micro ATX Mini Tower,-73.0,0
133.0,114.0,,,,Mini ITX Tower,-19.0,0
153.0,210.0,,,,ATX Mid Tower,57.0,1
137.0,173.0,,,,ATX Mid Tower,36.0,1
155.0,180.0,120.0,2,,ATX Mid Tower,25.0,1
148.0,48.0,,,,Mini ITX Tower,-100.0,0
116.0,190.0,120.0,2,240.0,Mini ITX Tower,74.0,1
160.0,155.0,,,,ATX Mid Tower,-5.0,0
155.0,138.0,,,,HTPC,-17.0,0
25.0,185.0,,,,ATX Full Tower,160.0,1
155.0,50.0,,,,Mini ITX Tower,-105.0,0
152.0,120.0,,,,Mini ITX Tower,-32.0,0
136.0,83.0,,,,Mini ITX Tower,-53.0,0
164.0,160.0,,,,ATX Mid Tower,-4.0,0
59.0,190.0,,,360.0,ATX Mid Tower,131.0,1
140.0,85.0,,,,Mini ITX Tower,-55.0,0
101.0,155.0,120.0,2,240.0,ATX Mid Tower,54.0,1
136.0,85.0,,,,Mini ITX Tower,-51.0,0
60.0,170.0,,,360.0,ATX Mid Tower,110.0,1
66.0,170.0,,,360.0,ATX Mid Tower,104.0,1
70.0,58.0,,,,HTPC,-12.0,0
152.0,57.0,,,,Mini ITX Tower,-95.0,0
172.0,170.0,,,,ATX Mid Tower,-2.0,0
136.0,135.0,,,,Micro ATX Mid Tower,-1.0,0
160.0,65.0,,,,Mini ITX Tower,-95.0,0
94.0,210.0,240.0,2,240.0,ATX Mid Tower,116.0,1
152.0,166.0,,,,ATX Mid Tower,14.0,1
59.0,155.0,,,,Micro ATX Mini Tower,96.0,1
67.0,178.0,,,,ATX Mid Tower,111.0,1
107.0,160.0,120.0,3,360.0,Micro ATX Mini Tower,53.0,1
159.0,68.0,,,,Mini ITX Tower,-91.0,0
160.0,165.0,,,,Micro ATX Mini Tower,5.0,1
154.0,67.0,,,,Mini ITX Tower,-87.0,0
151.0,167.0,,,,Mini ITX Tower,16.0,1
170.0,168.0,,,,Micro ATX Mini Tower,-2.0,0
125.0,145.0,120.0,,,ATX Mid Tower,20.0,1
59.0,165.0,,,360.0,Micro ATX Mini Tower,106.0,1
45.0,170.0,,,,ATX Mid Tower,125.0,1
166.0,145.0,,,,ATX Mid Tower,-21.0,0
160.0,77.0,,,,Mini ITX Tower,-83.0,0
171.0,70.0,,,,HTPC,-101.0,0
45.0,165.0,120.0,2,240.0,ATX Mid Tower,120.0,1
152.0,160.0,,,,ATX Mid Tower,8.0,1
155.0,70.0,,,,HTPC,-85.0,0
169.0,182.0,,,,ATX Full Tower,13.0,1
116.0,55.0,140.0,2,280.0,Mini ITX Tower,-61.0,0
153.0,150.0,,,,Micro ATX Mid Tower,-3.0,0
94.0,155.0,120.0,2,240.0,Micro ATX Mid Tower,61.0,1
155.0,58.0,120.0,1,,HTPC,-97.0,0
158.0,55.0,,,,Mini ITX Tower,-103.0,0
161.0,135.0,120.0,3,360.0,Micro ATX Mid Tower,-26.0,0
166.0,165.0,120.0,,,ATX Mid Tower,-1.0,0
66.0,47.0,,,,Micro ATX Desktop,-19.0,0
131.0,70.0,,,,HTPC,-61.0,0
155.0,146.0,120.0,2,,HTPC,-9.0,0
157.0,158.75,,,,ATX Mid Tower,1.75,1
72.0,61.0,120.0,3,360.0,Mini ITX Tower,-11.0,0
133.0,65.0,,,,Mini ITX Tower,-68.0,0
154.0,65.0,,,,Mini ITX Tower,-89.0,0
150.0,165.0,120.0,1,,ATX Mid Tower,15.0,1
154.0,163.0,,,,ATX Mid Tower,9.0,1
52.0,45.0,140.0,3,420.0,Mini ITX Tower,-7.0,0
52.0,170.0,120.0,2,240.0,ATX Mid Tower,118.0,1
81.0,165.0,,,,Micro ATX Mini Tower,84.0,1
79.0,162.0,,,,Micro ATX Mid Tower,83.0,1
160.0,165.0,,,,ATX Mid Tower,5.0,1
186.0,180.0,120.0,3,360.0,ATX Mid Tower,-6.0,0
154.0,190.0,,,,ATX Mid Tower,36.0,1
154.0,190.0,,,,ATX Mid Tower,36.0,1
155.0,140.0,,,,Mini ITX Tower,-15.0,0
150.0,140.0,,,,Mini ITX Tower,-10.0,0
155.0,154.0,120.0,2,,Micro ATX Mid Tower,-1.0,0
160.0,210.0,,,,Micro ATX Mini Tower,50.0,1
154.0,160.0,,,,ATX Mid Tower,6.0,1
54.0,178.0,,,360.0,ATX Mid Tower,124.0,1
169.0,165.0,,,,Mini ITX Tower,-4.0,0
157.0,70.0,,,,Mini ITX Tower,-87.0,0
158.0,155.0,140.0,2,,ATX Mid Tower,-3.0,0
62.0,182.0,,,360.0,ATX Full Tower,120.0,1
152.0,50.0,,,,Mini ITX Tower,-102.0,0
47.0,182.0,,,240.0,ATX Full Tower,135.0,1
155.0,148.0,120.0,1,,Micro ATX Mini Tower,-7.0,0
155.0,160.0,,,,Micro ATX Mini Tower,5.0,1
152.0,85.0,,,,Mini ITX Tower,-67.0,0
162.0,77.0,,,,Mini ITX Tower,-85.0,0
155.0,61.0,,,,Mini ITX Tower,-94.0,0
137.0,70.0,120.0,3,360.0,HTPC,-67.0,0
150.0,168.0,120.0,1,,ATX Mid Tower,18.0,1
53.0,185.0,120.0,2,240.0,ATX Mid Tower,132.0,1
167.0,68.0,,,,Mini ITX Tower,-99.0,0
52.0,180.0,,,360.0,ATX Mid Tower,128.0,1
52.0,210.0,,,360.0,ATX Mid Tower,158.0,1
162.0,155.0,,,,Micro ATX Mid Tower,-7.0,0
165.0,190.0,,,,ATX Mid Tower,25.0,1
73.0,165.0,120.0,3,360.0,Micro ATX Mini Tower,92.0,1
154.0,150.0,,,,ATX Mid Tower,-4.0,0
65.0,160.0,,,360.0,ATX Mid Tower,95.0,1
139.0,138.0,,,,HTPC,-1.0,0
82.0,68.0,,,,Mini ITX Tower,-14.0,0
155.0,61.0,,,,Mini ITX Tower,-94.0,0
101.0,175.0,120.0,3,360.0,ATX Mid Tower,74.0,1
163.0,166.0,,,,ATX Mid Tower,3.0,1
157.0,162.0,,,,Micro ATX Mid Tower,5.0,1
152.0,160.0,120.0,1,,ATX Mid Tower,8.0,1
165.0,159.0,,,,Micro ATX Mini Tower,-6.0,0
58.0,160.0,,,360.0,ATX Mid Tower,102.0,1
159.0,150.0,,,,Micro ATX Mid Tower,-9.0,0
15.0,182.0,,,,Mini ITX Tower,167.0,1
158.0,145.0,,,,ATX Mid Tower,-13.0,0
158.0,120.0,,,,Mini ITX Tower,-38.0,0
36.0,200.0,,,,Mini ITX Tower,164.0,1
107.0,83.0,120.0,3,360.0,Mini ITX Tower,-24.0,0
166.0,160.0,120.0,,,ATX Mid Tower,-6.0,0
154.0,77.0,,,,Mini ITX Tower,-77.0,0
152.0,185.0,,,,ATX Full Tower,33.0,1
157.0,150.0,,,,Micro ATX Mini Tower,-7.0,0
159.0,170.0,,,,Micro ATX Mid Tower,11.0,1
162.0,165.0,,,,ATX Mid Tower,3.0,1
155.0,70.0,,,,Mini ITX Tower,-85.0,0
62.0,57.0,,,360.0,Micro ATX Desktop,-5.0,0
148.0,160.0,,,,ATX Mid Tower,12.0,1
157.0,173.0,,,,ATX Mid Tower,16.0,1
45.0,180.0,,,,ATX Mid Tower,135.0,1
47.0,170.0,,,240.0,Micro ATX Mid Tower,123.0,1
162.0,83.0,,,,Mini ITX Tower,-79.0,0
165.0,75.0,120.0,2,,Micro ATX Mini Tower,-90.0,0
157.0,148.0,120.0,2,120.0,Micro ATX Mid Tower,-9.0,0
64.0,190.0,,,360.0,EATX Mid Tower,126.0,1
155.0,185.0,,,,ATX Full Tower,30.0,1
159.0,163.0,120.0,1,,ATX Mid Tower,4.0,1
136.0,48.0,,,,Mini ITX Tower,-88.0,0
154.0,165.0,,,,Mini ITX Tower,11.0,1
68.0,160.0,140.0,2,280.0,ATX Mid Tower,92.0,1
69.0,61.0,,,,Mini ITX Tower,-8.0,0
154.0,151.0,,,,Micro ATX Mini Tower,-3.0,0
158.0,190.0,,,,ATX Mid Tower,32.0,1
135.0,279.0,,,,ATX Mid Tower,144.0,1
157.0,47.0,120.0,2,,Micro ATX Desktop,-110.0,0
155.0,77.0,,,,Mini ITX Tower,-78.0,0
68.0,185.0,,,420.0,ATX Mid Tower,117.0,1
54.0,146.0,120.0,3,360.0,ATX Mid Tower,92.0,1
162.0,178.0,,,,ATX Mid Tower,16.0,1
150.0,114.0,,,,Mini ITX Tower,-36.0,0
155.0,168.0,,,,Micro ATX Mini Tower,13.0,1
150.0,165.0,,,,Micro ATX Mini Tower,15.0,1
159.0,61.0,,,,Mini ITX Tower,-98.0,0
113.0,77.0,,,,HTPC,-36.0,0
131.0,47.0,,,,Micro ATX Desktop,-84.0,0
14.0,70.0,,,,Mini ITX Tower,56.0,1
154.0,182.0,,,,ATX Full Tower,28.0,1
136.0,68.0,,,,Mini ITX Tower,-68.0,0
137.0,155.0,,,,ATX Mid Tower,18.0,1
165.0,160.0,,,,ATX Mid Tower,-5.0,0
123.0,160.0,100.0,1,,ATX Mid Tower,37.0,1
68.0,170.0,,,240.0,ATX Mid Tower,102.0,1
77.0,67.0,,,,Mini ITX Tower,-10.0,0
52.0,195.0,,,360.0,ATX Mid Tower,143.0,1
90.0,77.0,,,120.0,HTPC,-13.0,0
66.0,61.0,,,360.0,Mini ITX Tower,-5.0,0
159.0,165.0,120.0,1,,ATX Mid Tower,6.0,1
143.0,77.0,,,,Mini ITX Tower,-66.0,0
77.0,160.0,,,,ATX Mid Tower,83.0,1
166.0,165.0,,,,Mini ITX Tower,-1.0,0
46.0,70.0,120.0,3,360.0,Mini ITX Tower,24.0,1
53.0,160.0,120.0,3,240.0,ATX Mid Tower,107.0,1
151.0,67.0,120.0,2,,Mini ITX Tower,-84.0,0
159.0,70.0,,,,HTPC,-89.0,0
160.0,175.0,,,,ATX Mid Tower,15.0,1
168.0,160.0,,,,ATX Mid Tower,-8.0,0
56.0,165.0,,,240.0,Micro ATX Mini Tower,109.0,1
82.0,164.0,,3,360.0,ATX Mid Tower,82.0,1
157.0,170.0,,,,EATX Mid Tower,13.0,1
160.0,77.0,,,,Mini ITX Tower,-83.0,0
123.0,67.0,92.0,1,,Mini ITX Tower,-56.0,0
123.0,83.0,,,,Mini ITX Tower,-40.0,0
158.0,38.0,,,,Mini ITX Tower,-120.0,0
65.0,150.0,,,,Micro ATX Mid Tower,85.0,1
60.0,170.0,,,280.0,ATX Mid Tower,110.0,1
165.0,67.0,,,,Mini ITX Tower,-98.0,0
157.0,156.0,120.0,2,120.0,Micro ATX Mid Tower,-1.0,0
154.0,170.0,,,,ATX Mid Tower,16.0,1
94.0,170.0,120.0,2,240.0,Mini ITX Tower,76.0,1
156.0,114.0,,,,Mini ITX Tower,-42.0,0
148.0,88.2,,,,ATX Mid Tower,-59.8,0
154.0,200.0,,,,Mini ITX Tower,46.0,1
157.0,170.0,,,,ATX Mid Tower,13.0,1
69.0,156.0,,,240.0,ATX Mid Tower,87.0,1
158.0,170.0,,,,ATX Mid Tower,12.0,1
94.0,180.0,240.0,2,240.0,ATX Mid Tower,86.0,1
70.0,173.0,,,280.0,ATX Mid Tower,103.0,1
150.0,61.0,,,,Mini ITX Tower,-89.0,0
162.0,170.0,,,,ATX Mid Tower,8.0,1
154.0,160.0,,,,ATX Mid Tower,6.0,1
158.0,172.0,,,,Mini ITX Tower,14.0,1
55.0,166.0,,,360.0,ATX Mid Tower,111.0,1
69.0,190.0,,,360.0,ATX Full Tower,121.0,1
159.0,148.0,,,,Micro ATX Mini Tower,-11.0,0
155.0,148.0,,,,ATX Mid Tower,-7.0,0
157.0,170.0,,,,ATX Mid Tower,13.0,1
165.0,162.0,,,,Micro ATX Mid Tower,-3.0,0
15.0,182.0,,,,ATX Full Tower,167.0,1
50.0,185.0,,,360.0,ATX Mid Tower,135.0,1
47.0,161.0,,,,ATX Mid Tower,114.0,1
165.0,140.0,120.0,2,,Mini ITX Tower,-25.0,0
145.0,61.0,,,,Mini ITX Tower,-84.0,0
125.0,173.0,,,240.0,ATX Mid Tower,48.0,1
40.0,170.0,,,,ATX Mid Tower,130.0,1
158.0,48.0,,,,Mini ITX Tower,-110.0,0
151.0,180.0,,,,ATX Mid Tower,29.0,1
125.0,185.0,120.0,3,360.0,ATX Mid Tower,60.0,1
159.0,160.0,,,,ATX Mid Tower,1.0,1
68.0,67.0,140.0,2,280.0,Mini ITX Tower,-1.0,0
140.0,120.0,,,,Mini ITX Tower,-20.0,0
33.0,160.0,,,120.0,ATX Mid Tower,127.0,1
397.0,160.0,120.0,3,360.0,ATX Mid Tower,-237.0,0
123.0,165.0,,,,ATX Mid Tower,42.0,1
47.0,180.0,,,,ATX Mid Tower,133.0,1
159.0,155.0,,,,ATX Mid Tower,-4.0,0
154.0,180.0,120.0,2,,ATX Full Tower,26.0,1
70.0,210.0,,,240.0,Mini ITX Tower,140.0,1
136.0,171.0,90.0,1,,ATX Mid Tower,35.0,1
158.0,170.0,140.0,2,,ATX Mid Tower,12.0,1
156.0,138.0,,,,HTPC,-18.0,0
158.0,155.0,,,,Mini ITX Tower,-3.0,0
155.0,166.0,,,,ATX Full Tower,11.0,1
160.0,38.0,,,,Mini ITX Tower,-122.0,0
154.0,158.0,,,,Micro ATX Desktop,4.0,1
122.0,57.0,,,,Micro ATX Desktop,-65.0,0
53.0,140.0,120.0,3,360.0,Micro ATX Mini Tower,87.0,1
158.0,145.0,,,,ATX Mid Tower,-13.0,0
167.0,165.0,,,,ATX Mid Tower,-2.0,0
160.0,168.0,,,,ATX Mid Tower,8.0,1
135.0,170.0,,,,ATX Mid Tower,35.0,1
158.0,77.0,,,,Mini ITX Tower,-81.0,0
34.0,180.0,,,,ATX Mid Tower,146.0,1
160.0,180.0,,,,ATX Mid Tower,20.0,1
163.0,160.0,,,,ATX Mid Tower,-3.0,0
158.0,145.0,,,,ATX Mid Tower,-13.0,0
165.0,160.0,,,,ATX Mid Tower,-5.0,0
165.0,161.0,,,,ATX Mid Tower,-4.0,0
169.0,67.0,,,,Mini ITX Tower,-102.0,0
153.0,61.0,,,,Mini ITX Tower,-92.0,0
48.0,150.0,,,240.0,Micro ATX Mini Tower,102.0,1
47.0,170.0,,,360.0,ATX Mid Tower,123.0,1
116.0,160.0,120.0,3,360.0,ATX Mid Tower,44.0,1
68.0,165.0,120.0,2,240.0,ATX Mid Tower,97.0,1
159.0,150.0,,,,ATX Mid Tower,-9.0,0
154.0,135.0,,,,Micro ATX Mid Tower,-19.0,0
154.0,70.0,,,,HTPC,-84.0,0
159.0,170.0,120.0,1,,ATX Mid Tower,11.0,1
155.0,158.75,,,,ATX Mid Tower,3.75,1
77.0,178.0,,,,ATX Mid Tower,101.0,1
157.0,70.0,,,,HTPC,-87.0,0
165.0,155.0,,,,Micro ATX Mid Tower,-10.0,0
169.0,166.0,,,,ATX Mid Tower,-3.0,0
67.0,190.0,,,360.0,ATX Mid Tower,123.0,1
75.0,70.0,120.0,3,360.0,Mini ITX Tower,-5.0,0
58.0,170.0,,,240.0,ATX Mid Tower,112.0,1
154.0,165.0,,,,Micro ATX Mid Tower,11.0,1
397.0,165.0,120.0,3,360.0,ATX Mid Tower,-232.0,0
155.0,47.0,,,,Micro ATX Desktop,-108.0,0
38.0,167.0,140.0,2,280.0,ATX Mid Tower,129.0,1
62.0,190.0,120.0,3,360.0,ATX Mid Tower,128.0,1
160.0,155.0,,,,Micro ATX Mid Tower,-5.0,0
137.0,165.0,120.0,,360.0,ATX Mid Tower,28.0,1
158.0,165.0,,,,ATX Mid Tower,7.0,1
158.0,176.0,120.0,2,,ATX Full Tower,18.0,1
73.0,68.0,120.0,2,240.0,Mini ITX Tower,-5.0,0
56.0,130.0,140.0,2,280.0,Mini ITX Tower,74.0,1
166.0,165.0,,,,EATX Mid Tower,-1.0,0
160.0,185.0,,,,ATX Mid Tower,25.0,1
129.0,70.0,,,,Mini ITX Tower,-59.0,0
154.0,70.0,,,,Mini ITX Tower,-84.0,0
162.0,67.0,,,,Mini ITX Tower,-95.0,0
160.0,156.0,,,,ATX Mid Tower,-4.0,0
158.0,110.0,,,,Mini ITX Tower,-48.0,0
160.0,178.0,,,,ATX Mid Tower,18.0,1
162.0,165.0,,,,Micro ATX Mid Tower,3.0,1
133.0,170.0,,,,ATX Mid Tower,37.0,1
52.0,167.0,,,120.0,ATX Mid Tower,115.0,1
164.0,160.0,,,,Micro ATX Mini Tower,-4.0,0
136.0,180.0,,,,ATX Mid Tower,44.0,1
147.0,58.0,,,,HTPC,-89.0,0
42.0,160.0,,,240.0,Micro ATX Mini Tower,118.0,1
155.0,65.0,,,,Mini ITX Tower,-90.0,0
157.0,146.0,,,,ATX Mid Tower,-11.0,0
45.0,150.0,,,,ATX Mid Tower,105.0,1
156.0,155.0,,,,Micro ATX Mini Tower,-1.0,0
155.0,190.0,,,,ATX Full Tower,35.0,1
155.0,170.0,120.0,2,,ATX Mid Tower,15.0,1
135.0,160.0,,,,ATX Mid Tower,25.0,1
79.0,140.0,,,,Mini ITX Tower,61.0,1
30.0,156.0,,,,Micro ATX Mid Tower,126.0,1
153.0,180.0,,,,ATX Mid Tower,27.0,1
154.0,150.0,,,,Micro ATX Mid Tower,-4.0,0
155.0,180.0,,,,ATX Full Tower,25.0,1
156.0,75.0,,,,Mini ITX Tower,-81.0,0
54.0,180.0,,,360.0,ATX Mid Tower,126.0,1
136.0,70.0,,,,HTPC,-66.0,0
154.0,186.0,,,,ATX Full Tower,32.0,1
153.0,155.0,,,,Mini ITX Tower,2.0,1
70.0,165.0,,,,ATX Mid Tower,95.0,1
171.0,159.0,,,,Micro ATX Mini Tower,-12.0,0
79.0,65.0,,,360.0,Mini ITX Tower,-14.0,0
160.0,145.0,,,,ATX Mid Tower,-15.0,0
140.0,175.0,,,,ATX Mid Tower,35.0,1
159.0,45.0,,,,Mini ITX Tower,-114.0,0
141.0,70.0,,,,Mini ITX Tower,-71.0,0
150.0,160.0,,,,ATX Mid Tower,10.0,1
154.0,70.0,120.0,2,,Mini ITX Tower,-84.0,0
137.0,180.0,,,,ATX Mid Tower,43.0,1
154.0,77.0,,,,Mini ITX Tower,-77.0,0
50.0,170.0,,,360.0,ATX Mid Tower,120.0,1
148.0,148.0,,,,Micro ATX Mini Tower,0.0,1
53.0,155.0,120.0,3,360.0,Micro ATX Mini Tower,102.0,1
53.0,190.0,,,360.0,ATX Mid Tower,137.0,1
125.0,190.0,,,,ATX Full Tower,65.0,1
53.0,48.0,,,240.0,Mini ITX Tower,-5.0,0
117.0,70.0,,,,HTPC,-47.0,0
134.0,175.0,120.0,,,ATX Mid Tower,41.0,1
54.0,170.0,,,420.0,Micro ATX Mini Tower,116.0,1
158.0,68.0,,,,Mini ITX Tower,-90.0,0
53.0,162.0,,,360.0,Micro ATX Mid Tower,109.0,1
159.0,160.0,,,,ATX Mid Tower,1.0,1
159.0,157.0,,,,Micro ATX Mini Tower,-2.0,0
160.0,161.0,,,,Micro ATX Mid Tower,1.0,1
158.0,155.0,,,,ATX Mid Tower,-3.0,0
161.0,45.0,120.0,2,,Mini ITX Tower,-116.0,0
45.0,279.0,,,,ATX Mid Tower,234.0,1
165.0,138.0,120.0,2,,HTPC,-27.0,0
166.0,160.0,120.0,,,ATX Full Tower,-6.0,0
60.0,170.0,120.0,3,360.0,ATX Mid Tower,110.0,1
155.0,83.0,,,,Mini ITX Tower,-72.0,0
151.0,162.0,120.0,2,,ATX Mid Tower,11.0,1
110.0,83.0,,,,Mini ITX Tower,-27.0,0
37.0,170.0,,,,ATX Mid Tower,133.0,1
130.0,67.0,,,,Mini ITX Tower,-63.0,0
164.0,160.0,,,,ATX Mid Tower,-4.0,0
160.0,150.0,,,,Micro ATX Mid Tower,-10.0,0
125.0,170.0,,,,ATX Mid Tower,45.0,1
165.0,67.0,,,,Mini ITX Tower,-98.0,0
163.0,57.0,,,,Mini ITX Tower,-106.0,0
160.0,145.0,,,,ATX Mid Tower,-15.0,0
162.0,190.0,,,,ATX Mid Tower,28.0,1
159.0,150.0,,,,ATX Mid Tower,-9.0,0
143.0,140.0,,,,Mini ITX Tower,-3.0,0
53.0,195.0,120.0,2,240.0,ATX Mid Tower,142.0,1
150.0,162.0,,,,ATX Mid Tower,12.0,1
165.0,160.0,,,,Micro ATX Mini Tower,-5.0,0
151.0,120.0,,,,Mini ITX Tower,-31.0,0
154.0,190.0,,,,ATX Mid Tower,36.0,1
62.0,195.0,120.0,3,360.0,ATX Mid Tower,133.0,1
141.0,75.0,,,,Micro ATX Mini Tower,-66.0,0
136.0,170.0,,,,ATX Mid Tower,34.0,1
158.0,38.0,,,,Mini ITX Tower,-120.0,0
171.0,67.0,,,,Mini ITX Tower,-104.0,0
45.0,190.0,,,,Mini ITX Tower,145.0,1
45.0,195.0,,,,ATX Mid Tower,150.0,1
158.0,151.0,,,,ATX Mid Tower,-7.0,0
90.0,159.0,,,240.0,Micro ATX Mid Tower,69.0,1
155.0,160.0,,,,ATX Mid Tower,5.0,1
149.0,75.0,,,,Mini ITX Tower,-74.0,0
41.0,150.0,,,,Mini ITX Tower,109.0,1
159.0,150.0,,,,ATX Mid Tower,-9.0,0
82.0,175.0,,,,ATX Mid Tower,93.0,1
165.0,160.0,,,,Micro ATX Mid Tower,-5.0,0
55.0,185.0,,,360.0,ATX Mid Tower,130.0,1
110.0,58.0,,,,HTPC,-52.0,0
75.6,160.0,130.0,1,,ATX Mid Tower,84.4,1
157.0,120.0,,,,Mini ITX Tower,-37.0,0
155.0,160.0,,,,Micro ATX Mini Tower,5.0,1
135.0,165.0,,,,ATX Mid Tower,30.0,1
159.0,155.0,,,,Micro ATX Mid Tower,-4.0,0
156.0,180.0,,,,ATX Mid Tower,24.0,1
92.0,82.0,120.0,,240.0,Micro ATX Desktop,-10.0,0
130.0,151.0,,,,Micro ATX Mini Tower,21.0,1
66.0,83.0,,,360.0,Mini ITX Tower,17.0,1
165.0,65.0,,,,Mini ITX Tower,-100.0,0
72.0,163.0,,,,ATX Mid Tower,91.0,1
162.0,160.0,,,,ATX Mini Tower,-2.0,0
28.0,160.0,,,,ATX Mid Tower,132.0,1
155.0,185.0,,,,ATX Mid Tower,30.0,1
162.0,190.0,,,,ATX Full Tower,28.0,1
160.0,155.0,,,,ATX Mid Tower,-5.0,0
45.0,88.2,,,,ATX Mid Tower,43.2,1
157.0,165.0,,,,Mini ITX Tower,8.0,1
158.0,165.0,,,,ATX Mid Tower,7.0,1
112.0,58.0,,,,HTPC,-54.0,0
86.4,195.0,120.0,3,360.0,ATX Mid Tower,108.6,1
158.0,50.0,,,,Mini ITX Tower,-108.0,0
169.0,47.0,120.0,2,,Micro ATX Desktop,-122.0,0
145.0,77.0,,,,Mini ITX Tower,-68.0,0
163.0,70.0,,,,Micro ATX Desktop,-93.0,0
164.0,154.0,,,,Micro ATX Mid Tower,-10.0,0
38.0,180.0,140.0,2,280.0,ATX Mid Tower,142.0,1
47.0,175.0,,,240.0,ATX Mid Tower,128.0,1
90.0,162.0,,,240.0,ATX Mid Tower,72.0,1
166.0,160.0,,,,ATX Mid Tower,-6.0,0
158.0,156.0,,,,ATX Mid Tower,-2.0,0
69.0,205.0,120.0,2,240.0,ATX Full Tower,136.0,1
158.0,210.0,,,,ATX Mid Tower,52.0,1
159.0,140.0,120.0,,,Micro ATX Mini Tower,-19.0,0
55.0,190.0,,,360.0,ATX Mid Tower,135.0,1
152.0,190.0,,,,ATX Full Tower,38.0,1
170.0,165.0,,,,Mini ITX Tower,-5.0,0
30.4,164.0,120.0,3,360.0,ATX Mid Tower,133.6,1
88.0,67.0,,,,Mini ITX Tower,-21.0,0
100.0,85.0,,,240.0,Mini ITX Tower,-15.0,0
67.0,180.0,,,,ATX Mid Tower,113.0,1
146.0,138.0,,,,HTPC,-8.0,0
68.0,150.0,120.0,2,240.0,Mini ITX Tower,82.0,1
160.0,45.0,,,,Mini ITX Tower,-115.0,0
158.0,138.0,,,,HTPC,-20.0,0
80.6,165.0,120.0,3,360.0,ATX Mid Tower,84.4,1
159.0,146.0,,,,ATX Mid Tower,-13.0,0
159.0,70.0,,,,HTPC,-89.0,0
157.0,175.0,120.0,2,,ATX Mid Tower,18.0,1
160.0,70.0,,,,HTPC,-90.0,0
123.0,185.0,,,,ATX Mid Tower,62.0,1
80.6,165.0,120.0,3,360.0,ATX Mid Tower,84.4,1
68.5,184.0,120.0,3,360.0,ATX Mid Tower,115.5,1
155.0,138.0,,,,HTPC,-17.0,0
165.0,140.0,,,,Mini ITX Tower,-25.0,0
164.0,190.0,,,,ATX Mid Tower,26.0,1
155.0,185.0,,,,EATX Mid Tower,30.0,1
158.0,190.0,,,,ATX Full Tower,32.0,1
166.0,155.0,,,,ATX Mid Tower,-11.0,0
55.0,138.0,,,360.0,HTPC,83.0,1
47.0,170.0,,,,ATX Mid Tower,123.0,1
137.0,61.0,,,,Mini ITX Tower,-76.0,0
150.0,75.0,,,,Micro ATX Mini Tower,-75.0,0
158.0,169.0,,,,ATX Full Tower,11.0,1
94.0,165.0,240.0,2,240.0,Micro ATX Mini Tower,71.0,1
163.0,160.0,120.0,,,ATX Mid Tower,-3.0,0
397.0,190.0,120.0,3,360.0,ATX Mid Tower,-207.0,0
165.0,165.0,,,,Micro ATX Mini Tower,0.0,1
70.0,167.0,,,,ATX Full Tower,97.0,1
56.0,140.0,140.0,2,280.0,Mini ITX Tower,84.0,1
155.0,170.0,,,,ATX Mid Tower,15.0,1
154.0,193.0,,,,ATX Full Tower,39.0,1
69.0,68.0,140.0,2,280.0,Mini ITX Tower,-1.0,0
151.0,70.0,,,,HTPC,-81.0,0
162.0,160.0,,,,ATX Mid Tower,-2.0,0
170.0,170.0,,,,ATX Mid Tower,0.0,1
166.0,165.0,120.0,,,ATX Mid Tower,-1.0,0
157.0,185.0,,,,ATX Mid Tower,28.0,1
157.0,140.0,,,,Mini ITX Tower,-17.0,0
134.0,161.0,120.0,,,ATX Mid Tower,27.0,1
170.0,160.0,,,,ATX Mid Tower,-10.0,0
127.0,179.0,,,,ATX Mid Tower,52.0,1
148.0,67.0,,,,Mini ITX Tower,-81.0,0
154.0,170.0,,,,ATX Mid Tower,16.0,1
154.0,130.0,,,,Mini ITX Tower,-24.0,0
158.0,168.0,,,,EATX Mid Tower,10.0,1
154.0,138.0,,,,HTPC,-16.0,0
150.0,70.0,,,,HTPC,-80.0,0
155.0,169.0,,,,ATX Mid Tower,14.0,1
52.0,61.0,120.0,2,240.0,Mini ITX Tower,9.0,1
63.0,120.0,,,,Mini ITX Tower,57.0,1
167.0,70.0,,,,Mini ITX Tower,-97.0,0
155.0,180.0,120.0,1,,ATX Mid Tower,25.0,1
157.0,205.0,,,,ATX Full Tower,48.0,1
158.0,162.0,,,,Micro ATX Mid Tower,4.0,1
52.0,160.0,120.0,1,120.0,ATX Mid Tower,108.0,1
165.0,180.0,120.0,2,,ATX Mid Tower,15.0,1
116.0,70.0,,,,Mini ITX Tower,-46.0,0
168.0,160.0,,,,Micro ATX Mid Tower,-8.0,0
56.0,164.0,,,,ATX Mid Tower,108.0,1
160.0,165.0,,,,ATX Mid Tower,5.0,1
159.0,162.0,,,,ATX Mid Tower,3.0,1
94.0,171.0,140.0,3,420.0,ATX Mid Tower,77.0,1
110.0,170.0,,,,Micro ATX Mini Tower,60.0,1
154.0,160.0,,,,Micro ATX Mini Tower,6.0,1
150.0,114.0,,,,Mini ITX Tower,-36.0,0
142.0,68.0,,,,Mini ITX Tower,-74.0,0
66.0,61.0,,,,Mini ITX Tower,-5.0,0
166.0,50.0,,,,Mini ITX Tower,-116.0,0
125.0,82.0,,,,Micro ATX Mini Tower,-43.0,0
165.0,163.0,,,,ATX Mid Tower,-2.0,0
155.0,75.0,120.0,2,,Micro ATX Mini Tower,-80.0,0
157.0,148.0,,,,Micro ATX Mini Tower,-9.0,0
158.0,165.0,,,,Micro ATX Mini Tower,7.0,1
157.0,148.0,,,,Micro ATX Mid Tower,-9.0,0
133.0,67.0,,,,Mini ITX Tower,-66.0,0
137.0,58.0,120.0,3,360.0,HTPC,-79.0,0
86.4,82.0,120.0,3,360.0,Micro ATX Desktop,-4.4,0
159.0,190.0,120.0,1,,ATX Mid Tower,31.0,1
118.0,70.0,,,,Mini ITX Tower,-48.0,0
160.0,138.0,,,,HTPC,-22.0,0
155.0,200.0,,,,Mini ITX Tower,45.0,1
154.0,83.0,,,,Mini ITX Tower,-71.0,0
165.0,155.0,,,,ATX Mid Tower,-10.0,0
158.0,70.0,,,,HTPC,-88.0,0
140.0,170.0,,,,Mini ITX Tower,30.0,1
157.0,190.0,120.0,2,,ATX Mid Tower,33.0,1
157.0,155.0,,,,ATX Mid Tower,-2.0,0
137.0,162.0,,,,ATX Mid Tower,25.0,1
163.0,170.0,,,,EATX Full Tower,7.0,1
89.9,85.0,120.0,3,360.0,Mini ITX Tower,-4.9,0
53.0,170.0,,,240.0,ATX Mid Tower,117.0,1
159.0,165.0,,,,ATX Mid Tower,6.0,1
154.0,166.0,120.0,2,,ATX Mid Tower,12.0,1
157.0,160.0,,,,ATX Mid Tower,3.0,1
169.0,167.0,,,,Mini ITX Tower,-2.0,0
158.0,146.0,,,,HTPC,-12.0,0
155.0,57.0,,,,Micro ATX Desktop,-98.0,0
158.0,200.0,,,,Mini ITX Tower,42.0,1
136.0,67.0,,,,Mini ITX Tower,-69.0,0
154.0,187.0,120.0,1,,ATX Mid Tower,33.0,1
69.0,180.5,120.0,2,240.0,EATX Mid Tower,111.5,1
156.0,65.0,,,,HTPC,-91.0,0
54.0,38.0,120.0,2,240.0,Mini ITX Tower,-16.0,0
125.0,77.0,,,,Mini ITX Tower,-48.0,0
116.0,185.0,,,,ATX Mid Tower,69.0,1
165.0,180.0,,,,ATX Mid Tower,15.0,1
66.0,58.0,,,360.0,HTPC,-8.0,0
125.0,70.0,120.0,2,240.0,Mini ITX Tower,-55.0,0
135.0,85.0,120.0,1,,Mini ITX Tower,-50.0,0
156.0,165.0,,,,Micro ATX Mini Tower,9.0,1
162.0,165.0,,,,Micro ATX Mini Tower,3.0,1
165.0,146.0,120.0,2,,HTPC,-19.0,0
77.0,156.0,,,,ATX Mid Tower,79.0,1
165.0,138.0,,,,HTPC,-27.0,0
48.0,164.0,,,120.0,Micro ATX Mini Tower,116.0,1
116.0,165.0,120.0,3,360.0,Micro ATX Mini Tower,49.0,1
38.0,184.0,,,360.0,ATX Mid Tower,146.0,1
157.0,68.0,,,,Mini ITX Tower,-89.0,0
116.0,173.0,140.0,2,280.0,ATX Mid Tower,57.0,1
156.0,48.0,,,,Mini ITX Tower,-108.0,0
145.0,67.0,,,,Mini ITX Tower,-78.0,0
154.0,88.2,,,,ATX Mid Tower,-65.8,0
155.0,185.0,120.0,1,,ATX Full Tower,30.0,1
166.0,158.0,120.0,,,ATX Mid Tower,-8.0,0
66.1,158.0,120.0,3,360.0,ATX Mid Tower,91.9,1
160.0,110.0,,,,Mini ITX Tower,-50.0,0
170.0,165.0,,,,ATX Mid Tower,-5.0,0
158.0,77.0,,,,Mini ITX Tower,-81.0,0
160.0,81.0,,,,Micro ATX Slim Tower,-79.0,0
163.0,160.0,,,,ATX Mid Tower,-3.0,0
82.0,170.0,,3,360.0,ATX Mid Tower,88.0,1
62.0,175.0,,,240.0,ATX Mid Tower,113.0,1
158.0,151.0,,,,Micro ATX Mini Tower,-7.0,0
52.0,165.0,,,360.0,Micro ATX Mini Tower,113.0,1
62.0,165.0,,,360.0,ATX Mid Tower,103.0,1
148.0,165.0,,,,Micro ATX Mini Tower,17.0,1
55.0,164.0,,,360.0,ATX Mid Tower,109.0,1
157.0,65.0,120.0,2,,HTPC,-92.0,0
154.0,150.0,,,,ATX Mid Tower,-4.0,0
67.0,160.0,,,360.0,Micro ATX Mini Tower,93.0,1
158.0,166.0,,,,ATX Mid Tower,8.0,1
154.0,160.0,,,,ATX Mid Tower,6.0,1
159.0,170.0,,,,ATX Full Tower,11.0,1
171.0,163.5,,,,Micro ATX Mini Tower,-7.5,0
101.0,195.0,120.0,3,360.0,ATX Full Tower,94.0,1
75.0,170.0,120.0,2,240.0,ATX Mid Tower,95.0,1
162.0,160.0,135.0,2,,ATX Mid Tower,-2.0,0
133.0,114.0,,,,Mini ITX Tower,-19.0,0
160.0,154.0,,,,Micro ATX Mid Tower,-6.0,0
155.0,190.0,,,,ATX Mid Tower,35.0,1
60.0,190.0,120.0,3,360.0,ATX Mid Tower,130.0,1
155.0,150.0,,,,ATX Mid Tower,-5.0,0
158.0,180.0,,,,ATX Mid Tower,22.0,1
66.0,190.0,,,360.0,ATX Full Tower,124.0,1
158.0,150.0,,,,ATX Mid Tower,-8.0,0
53.0,210.0,120.0,3,360.0,ATX Mid Tower,157.0,1
145.0,160.0,,,,ATX Mid Tower,15.0,1
148.0,67.0,120.0,,,Mini ITX Tower,-81.0,0
154.0,70.0,,,,Mini ITX Tower,-84.0,0
130.0,110.0,,,,Mini ITX Tower,-20.0,0
62.0,198.0,,,360.0,ATX Full Tower,136.0,1
151.0,70.0,,,,HTPC,-81.0,0
155.0,169.0,,,,ATX Mid Tower,14.0,1
154.0,176.0,,,,ATX Full Tower,22.0,1
148.0,182.0,120.0,,,ATX Full Tower,34.0,1
73.0,167.0,120.0,3,360.0,ATX Mid Tower,94.0,1
155.0,175.0,120.0,2,,ATX Mid Tower,20.0,1
170.0,160.0,,,,ATX Mid Tower,-10.0,0
154.0,85.0,,,,Mini ITX Tower,-69.0,0
171.0,165.0,,,,Micro ATX Mini Tower,-6.0,0
80.0,160.0,120.0,1,120.0,Mini ITX Tower,80.0,1
130.0,195.0,,,,ATX Mid Tower,65.0,1
155.0,57.0,,,,Mini ITX Tower,-98.0,0
116.0,82.0,140.0,2,280.0,Mini ITX Tower,-34.0,0
163.0,170.0,,,,ATX Mid Tower,7.0,1
162.0,170.0,,,,ATX Mid Tower,8.0,1
42.0,160.0,,,360.0,ATX Full Tower,118.0,1
130.0,190.0,,,,ATX Mid Tower,60.0,1
58.0,187.0,,,240.0,ATX Mid Tower,129.0,1
66.0,165.0,,,360.0,Micro ATX Mini Tower,99.0,1
68.0,170.0,,,360.0,ATX Mid Tower,102.0,1
47.0,170.0,,,,Micro ATX Mid Tower,123.0,1
157.0,195.0,,,,ATX Mid Tower,38.0,1
63.0,170.0,,,,ATX Mid Tower,107.0,1
123.0,70.0,,,,Mini ITX Tower,-53.0,0
161.0,160.0,,,,ATX Mid Tower,-1.0,0
158.0,185.0,,,,ATX Mid Tower,27.0,1
55.0,180.0,,,,ATX Mid Tower,125.0,1
130.0,175.0,,,,EATX Full Tower,45.0,1
165.0,145.0,,,,ATX Mid Tower,-20.0,0
159.0,170.0,,,,ATX Mid Tower,11.0,1
51.0,180.0,,,240.0,ATX Mid Tower,129.0,1
162.0,155.0,,,,ATX Mid Tower,-7.0,0
159.0,190.0,,,,ATX Full Tower,31.0,1
155.0,190.0,,,,ATX Mid Tower,35.0,1
170.0,61.0,,,,Mini ITX Tower,-109.0,0
67.0,65.0,,,360.0,Mini ITX Tower,-2.0,0
157.0,85.0,,,,Mini ITX Tower,-72.0,0
80.6,170.0,120.0,3,360.0,ATX Mid Tower,89.4,1
160.0,85.0,,,,Mini ITX Tower,-75.0,0
155.0,151.0,,,,ATX Mid Tower,-4.0,0
158.0,88.2,140.0,2,,ATX Mid Tower,-69.8,0
155.0,145.0,,,,ATX Mid Tower,-10.0,0
145.0,181.0,,,,ATX Mid Tower,36.0,1
154.0,170.0,,,,ATX Mid Tower,16.0,1
45.0,200.0,,,,Mini ITX Tower,155.0,1
159.0,77.0,,,,Mini ITX Tower,-82.0,0
160.0,70.0,,,,HTPC,-90.0,0
45.0,165.0,,,,ATX Mid Tower,120.0,1
165.0,165.0,,,,ATX Mid Tower,0.0,1
67.0,185.0,,,,ATX Full Tower,118.0,1
124.0,190.0,,,,EATX Mid Tower,66.0,1
152.0,88.2,,,,ATX Mid Tower,-63.8,0
154.0,180.0,,,,ATX Mid Tower,26.0,1
54.0,170.0,,,360.0,ATX Mid Tower,116.0,1
136.0,65.0,,,,Mini ITX Tower,-71.0,0
158.0,170.0,,,,ATX Mid Tower,12.0,1
157.0,185.0,120.0,2,,EATX Mid Tower,28.0,1
63.0,165.0,,,,ATX Mid Tower,102.0,1
152.0,65.0,,,,Micro ATX Mini Tower,-87.0,0
69.0,162.0,120.0,2,240.0,Micro ATX Mid Tower,93.0,1
168.0,156.0,,,,ATX Mid Tower,-12.0,0
81.0,67.0,120.0,3,360.0,Mini ITX Tower,-14.0,0
142.0,170.0,,,,ATX Mid Tower,28.0,1
161.0,163.5,,,,Micro ATX Mini Tower,2.5,1
166.0,165.0,120.0,,,ATX Mid Tower,-1.0,0
150.0,77.0,,,,HTPC,-73.0,0
161.0,150.0,,,,Micro ATX Mid Tower,-11.0,0
154.0,166.0,,,,ATX Mid Tower,12.0,1
159.0,156.0,,,,ATX Mid Tower,-3.0,0
30.0,180.0,,,,ATX Mid Tower,150.0,1
137.0,180.0,,,,ATX Mid Tower,43.0,1
155.0,81.0,,,,Micro ATX Slim Tower,-74.0,0
105.0,120.0,,,360.0,Mini ITX Tower,15.0,1
166.0,160.0,,,,ATX Mid Tower,-6.0,0
154.0,165.0,,,,Mini ITX Tower,11.0,1
169.0,148.0,,,,Micro ATX Mini Tower,-21.0,0
60.0,205.0,120.0,3,360.0,ATX Full Tower,145.0,1
140.0,75.0,,,,Micro ATX Mini Tower,-65.0,0
126.0,70.0,,,,Mini ITX Tower,-56.0,0
157.0,185.0,,,,ATX Mid Tower,28.0,1
68.0,180.0,,,240.0,ATX Mid Tower,112.0,1
167.0,162.0,,,,Micro ATX Mid Tower,-5.0,0
154.0,85.0,,,,Mini ITX Tower,-69.0,0
169.0,165.0,,,,ATX Mid Tower,-4.0,0
65.0,165.0,,,,Mini ITX Tower,100.0,1
52.0,167.0,,,240.0,ATX Mid Tower,115.0,1
153.0,85.0,,,,Mini ITX Tower,-68.0,0
154.0,70.0,,,,Mini ITX Tower,-84.0,0
162.0,140.0,,,,Mini ITX Tower,-22.0,0
155.0,138.0,,,,HTPC,-17.0,0
65.0,178.0,,,360.0,ATX Mid Tower,113.0,1
165.0,162.0,,,,Micro ATX Mid Tower,-3.0,0
157.0,185.0,,,,ATX Mid Tower,28.0,1
151.0,178.0,,,,ATX Mid Tower,27.0,1
131.0,185.0,,,,ATX Mid Tower,54.0,1
159.0,70.0,,,,Mini ITX Tower,-89.0,0
155.0,55.0,,,,Mini ITX Tower,-100.0,0
159.0,110.0,,,,Mini ITX Tower,-49.0,0
165.0,160.0,,,,ATX Mid Tower,-5.0,0
158.0,170.0,,,,ATX Mid Tower,12.0,1
158.0,138.0,120.0,1,,HTPC,-20.0,0
146.0,75.0,,,,Micro ATX Mini Tower,-71.0,0
60.0,170.0,120.0,2,240.0,ATX Mid Tower,110.0,1
155.0,85.0,,,,Mini ITX Tower,-70.0,0
157.0,67.0,120.0,2,,Mini ITX Tower,-90.0,0
149.0,180.0,,,,ATX Mid Tower,31.0,1
161.0,85.0,,,,Mini ITX Tower,-76.0,0
78.0,48.0,120.0,3,360.0,Mini ITX Tower,-30.0,0
130.0,180.0,,,,Micro ATX Mini Tower,50.0,1
155.0,120.0,,,,Mini ITX Tower,-35.0,0
186.0,182.0,120.0,3,360.0,ATX Full Tower,-4.0,0
158.0,45.0,,,,Mini ITX Tower,-113.0,0
158.0,70.0,,,,HTPC,-88.0,0
150.0,176.0,,,,ATX Full Tower,26.0,1
131.0,210.0,,,,ATX Mid Tower,79.0,1
158.0,155.0,,,,ATX Mid Tower,-3.0,0
163.0,70.0,,,,Mini ITX Tower,-93.0,0
164.0,160.0,,,,ATX Mid Tower,-4.0,0
114.0,190.0,,,,ATX Mid Tower,76.0,1
160.0,61.0,,,,Mini ITX Tower,-99.0,0
155.0,160.0,,,,ATX Mini Tower,5.0,1
73.0,58.0,120.0,3,360.0,HTPC,-15.0,0
160.0,181.0,,,,ATX Full Tower,21.0,1
67.0,160.0,,,,ATX Mid Tower,93.0,1
155.0,138.0,,,,HTPC,-17.0,0
60.0,195.0,,,,ATX Full Tower,135.0,1
157.0,146.0,,,,ATX Mid Tower,-11.0,0
157.0,164.0,,,,Micro ATX Desktop,7.0,1
155.0,150.0,120.0,,,ATX Mid Tower,-5.0,0
52.0,185.0,,,120.0,ATX Mid Tower,133.0,1
159.0,175.0,120.0,,,ATX Mid Tower,16.0,1
150.0,165.0,,,,ATX Mid Tower,15.0,1
153.0,138.0,,,,HTPC,-15.0,0
108.0,175.0,120.0,3,360.0,ATX Mid Tower,67.0,1
150.0,68.0,,,,Mini ITX Tower,-82.0,0
62.0,61.0,,,360.0,Mini ITX Tower,-1.0,0
160.0,190.0,,,,EATX Mid Tower,30.0,1
161.0,160.0,,,,ATX Mid Tower,-1.0,0
125.0,75.0,,,,Micro ATX Mini Tower,-50.0,0
160.0,165.0,,,,ATX Mid Tower,5.0,1
157.0,156.0,,,,ATX Mid Tower,-1.0,0
42.0,70.0,,,,Mini ITX Tower,28.0,1
160.0,180.0,,,,EATX Mid Tower,20.0,1
158.0,140.0,,,,Mini ITX Tower,-18.0,0
101.0,175.0,120.0,3,360.0,ATX Mid Tower,74.0,1
55.0,170.0,,,,ATX Mid Tower,115.0,1
153.0,145.0,,,,ATX Mid Tower,-8.0,0
160.0,70.0,,,,HTPC,-90.0,0
169.0,160.0,,,,ATX Mid Tower,-9.0,0
123.0,187.0,92.0,1,,Micro ATX Mid Tower,64.0,1
154.0,170.0,,,,ATX Mid Tower,16.0,1
154.0,180.0,,,,ATX Mid Tower,26.0,1
69.0,185.0,120.0,3,360.0,ATX Mid Tower,116.0,1
155.0,70.0,120.0,1,,HTPC,-85.0,0
56.0,156.0,,,360.0,ATX Mid Tower,100.0,1
157.0,138.0,,,,HTPC,-19.0,0
155.0,70.0,,,,Mini ITX Tower,-85.0,0
42.0,160.0,,,240.0,ATX Mid Tower,118.0,1
153.0,120.0,,,,Mini ITX Tower,-33.0,0
153.0,67.0,,,,Mini ITX Tower,-86.0,0
155.0,180.0,,,,ATX Mid Tower,25.0,1
166.0,145.0,,,,ATX Mid Tower,-21.0,0
156.0,165.0,,,,ATX Mid Tower,9.0,1
78.0,178.0,120.0,3,360.0,,100.0,1
163.0,160.0,,,,ATX Mid Tower,-3.0,0
75.0,170.0,,,,ATX Mid Tower,95.0,1
155.0,170.0,,,,ATX Mid Tower,15.0,1
52.0,159.0,,,360.0,ATX Mid Tower,107.0,1
160.0,160.0,120.0,2,,ATX Mid Tower,0.0,1
169.0,90.0,,,,Micro ATX Desktop,-79.0,0
39.0,190.0,,,,ATX Mid Tower,151.0,1
161.0,120.0,,,,Mini ITX Tower,-41.0,0
158.0,50.0,,,,Mini ITX Tower,-108.0,0
158.0,146.0,,,,ATX Mid Tower,-12.0,0
154.0,180.0,,,,ATX Mid Tower,26.0,1
169.0,160.0,,,,Micro ATX Mid Tower,-9.0,0
155.0,82.0,,,,Mini ITX Tower,-73.0,0
146.0,135.0,,,,Micro ATX Mid Tower,-11.0,0
146.0,155.0,,,,ATX Mid Tower,9.0,1
153.0,175.0,,,,ATX Mid Tower,22.0,1
150.0,155.0,,,,ATX Mid Tower,5.0,1
135.0,185.0,,,,ATX Mid Tower,50.0,1
163.0,156.0,,,,Micro ATX Mid Tower,-7.0,0
67.0,155.0,,,,ATX Mid Tower,88.0,1
47.0,173.0,,,,ATX Mid Tower,126.0,1
152.0,151.0,,,,Micro ATX Mini Tower,-1.0,0
157.0,180.0,120.0,2,120.0,ATX Mid Tower,23.0,1
154.0,210.0,,,,ATX Mid Tower,56.0,1
60.0,150.0,140.0,,280.0,ATX Mid Tower,90.0,1
127.0,165.0,,,,ATX Mid Tower,38.0,1
68.0,170.0,,,360.0,ATX Mid Tower,102.0,1
130.0,190.0,,,,EATX Mid Tower,60.0,1
65.0,169.0,,,,ATX Mid Tower,104.0,1
158.0,154.0,,,,Micro ATX Mid Tower,-4.0,0
68.0,57.0,,,420.0,Mini ITX Tower,-11.0,0
51.0,45.0,90.0,1,,Mini ITX Tower,-6.0,0
170.0,158.0,,,,ATX Mid Tower,-12.0,0
155.0,167.0,,,,Mini ITX Tower,12.0,1
158.0,175.0,,,,EATX Full Tower,17.0,1
155.0,145.0,,,,ATX Mid Tower,-10.0,0
152.0,82.0,,,,Micro ATX Mid Tower,-70.0,0
126.0,68.0,,,,Mini ITX Tower,-58.0,0
67.0,163.5,,,,Micro ATX Mid Tower,96.5,1
58.0,190.0,,,360.0,ATX Mid Tower,132.0,1
47.0,175.0,,,,ATX Mid Tower,128.0,1
161.0,165.0,120.0,3,360.0,ATX Mid Tower,4.0,1
130.0,162.0,,,,ATX Mid Tower,32.0,1
49.0,185.0,,,360.0,ATX Mid Tower,136.0,1
155.0,110.0,,,,Mini ITX Tower,-45.0,0
68.0,166.0,,,240.0,ATX Mid Tower,98.0,1
60.0,156.0,,,360.0,Micro ATX Mid Tower,96.0,1
148.0,165.0,,,,ATX Mid Tower,17.0,1
166.0,165.0,,,,ATX Mid Tower,-1.0,0
154.0,57.0,,,,Mini ITX Tower,-97.0,0
67.0,165.0,,,360.0,ATX Mid Tower,98.0,1
170.0,160.0,,,,ATX Mid Tower,-10.0,0
160.0,160.0,,,,ATX Mid Tower,0.0,1
161.0,83.0,,,,Mini ITX Tower,-78.0,0
154.0,167.0,,,,Mini ITX Tower,13.0,1
40.0,160.0,120.0,2,240.0,ATX Mid Tower,120.0,1
145.0,77.0,,,,HTPC,-68.0,0
148.0,48.0,,,,Mini ITX Tower,-100.0,0
159.0,165.0,,,,Micro ATX Mini Tower,6.0,1
133.0,190.0,,,,ATX Full Tower,57.0,1
52.0,190.0,120.0,1,120.0,EATX Mid Tower,138.0,1
110.0,185.0,,,,Micro ATX Mini Tower,75.0,1
156.0,140.0,,,,Mini ITX Tower,-16.0,0
159.0,114.0,,,,Mini ITX Tower,-45.0,0
153.0,70.0,,,,Mini ITX Tower,-83.0,0
110.0,65.0,,,,Micro ATX Mini Tower,-45.0,0
52.0,170.0,,,240.0,ATX Mid Tower,118.0,1
166.0,165.0,,,,ATX Mid Tower,-1.0,0
162.0,160.0,,,,Micro ATX Mid Tower,-2.0,0
62.0,160.0,,,360.0,Micro ATX Mid Tower,98.0,1
52.0,47.0,,,240.0,Micro ATX Desktop,-5.0,0
30.0,205.0,,,,ATX Full Tower,175.0,1
47.0,170.0,,,,Micro ATX Mid Tower,123.0,1
118.0,165.0,120.0,,,ATX Mid Tower,47.0,1
154.0,182.0,,,,ATX Mid Tower,28.0,1
171.0,170.0,,,,ATX Mid Tower,-1.0,0
116.0,65.0,120.0,2,240.0,Micro ATX Mini Tower,-51.0,0
164.0,160.0,,,,ATX Mid Tower,-4.0,0
158.0,148.0,140.0,2,,Micro ATX Mid Tower,-10.0,0
158.0,70.0,,,,Mini ITX Tower,-88.0,0
171.0,167.0,,,,Mini ITX Tower,-4.0,0
165.0,95.0,,,,ATX Mid Tower,-70.0,0
165.0,65.0,,,,Mini ITX Tower,-100.0,0
130.0,180.0,,,,ATX Mid Tower,50.0,1
161.0,160.0,,,,ATX Mid Tower,-1.0,0
53.0,185.0,,,240.0,ATX Mid Tower,132.0,1
157.0,58.0,,,,HTPC,-99.0,0
135.0,175.0,,,,ATX Mid Tower,40.0,1
165.0,146.0,120.0,2,,ATX Mid Tower,-19.0,0
154.0,135.0,120.0,2,,Micro ATX Mid Tower,-19.0,0
159.0,170.0,,,,ATX Mid Tower,11.0,1
158.0,175.0,,,,ATX Mid Tower,17.0,1
155.0,67.0,,,,Mini ITX Tower,-88.0,0
150.0,185.0,,,,ATX Mid Tower,35.0,1
171.0,75.0,,,,Mini ITX Tower,-96.0,0
170.0,85.0,,,,Mini ITX Tower,-85.0,0
165.0,185.0,,,,ATX Full Tower,20.0,1
160.0,146.0,,,,ATX Mid Tower,-14.0,0
165.0,155.0,,,,Micro ATX Mini Tower,-10.0,0
130.0,77.0,,,,Mini ITX Tower,-53.0,0
145.0,70.0,,,,Mini ITX Tower,-75.0,0
155.0,148.0,120.0,2,,ATX Mid Tower,-7.0,0
137.0,173.0,,,,Micro ATX Mini Tower,36.0,1
158.0,155.0,,,,Micro ATX Mini Tower,-3.0,0
68.0,180.0,,,240.0,ATX Mid Tower,112.0,1
154.0,138.0,,,,HTPC,-16.0,0
163.0,160.0,,,,ATX Mid Tower,-3.0,0
154.0,150.0,,,,Micro ATX Mid Tower,-4.0,0
154.0,173.0,,,,Micro ATX Mini Tower,19.0,1
158.0,180.0,,,,ATX Mid Tower,22.0,1
159.0,158.0,,,,ATX Mid Tower,-1.0,0
165.0,160.0,,,,ATX Mid Tower,-5.0,0
158.0,160.0,,,,ATX Mid Tower,2.0,1
150.0,61.0,,,,Mini ITX Tower,-89.0,0
158.0,170.0,,,,Micro ATX Mid Tower,12.0,1
69.0,185.0,,,,ATX Mid Tower,116.0,1
158.0,190.0,,,,ATX Full Tower,32.0,1
162.0,160.0,,,,ATX Mini Tower,-2.0,0
163.0,160.0,,,,ATX Mid Tower,-3.0,0
69.0,185.0,,,240.0,ATX Full Tower,116.0,1
56.0,168.0,,,,ATX Mid Tower,112.0,1
154.0,138.0,,,,HTPC,-16.0,0
137.0,167.0,,,,ATX Mid Tower,30.0,1
163.0,85.0,,,,Mini ITX Tower,-78.0,0
148.0,185.0,,,,ATX Full Tower,37.0,1
160.0,83.0,,,,Mini ITX Tower,-77.0,0
158.0,173.0,,,,ATX Mid Tower,15.0,1
157.0,155.0,,,,ATX Mid Tower,-2.0,0
159.0,176.0,,,,ATX Mid Tower,17.0,1
155.0,70.0,,,,Mini ITX Tower,-85.0,0
170.0,169.0,,,,ATX Mid Tower,-1.0,0
154.0,150.0,,,,Mini ITX Tower,-4.0,0
155.0,165.0,,,,ATX Mid Tower,10.0,1
165.0,210.0,,,,ATX Mid Tower,45.0,1
162.0,48.0,,,,Mini ITX Tower,-114.0,0
160.0,148.0,,,,ATX Mid Tower,-12.0,0
47.0,159.0,,,240.0,ATX Mid Tower,112.0,1
65.0,180.0,,,360.0,ATX Mid Tower,115.0,1
155.0,67.0,120.0,,,Mini ITX Tower,-88.0,0
154.0,185.0,,,,ATX Mid Tower,31.0,1
156.0,68.0,,,,Mini ITX Tower,-88.0,0
156.0,155.0,,,,Micro ATX Mini Tower,-1.0,0
52.0,148.0,140.0,3,420.0,ATX Mid Tower,96.0,1
158.0,156.0,,,,Micro ATX Mid Tower,-2.0,0
167.0,160.0,,,,ATX Mid Tower,-7.0,0
160.0,155.0,120.0,2,,Micro ATX Mid Tower,-5.0,0
168.0,164.0,,,,ATX Mid Tower,-4.0,0
159.0,150.0,,,,Mini ITX Tower,-9.0,0
155.0,110.0,,,,Mini ITX Tower,-45.0,0
160.0,155.0,,,,Micro ATX Mid Tower,-5.0,0
158.0,165.0,,,,Micro ATX Mid Tower,7.0,1
167.0,165.0,,,,ATX Mid Tower,-2.0,0
136.0,170.0,,,,ATX Mid Tower,34.0,1
53.0,176.0,120.0,3,360.0,ATX Mid Tower,123.0,1
155.0,163.5,,,,Micro ATX Mini Tower,8.5,1
91.0,170.0,120.0,3,360.0,ATX Mid Tower,79.0,1
159.0,150.0,,,,Micro ATX Mid Tower,-9.0,0
162.0,114.0,,,,Mini ITX Tower,-48.0,0
60.0,155.0,140.0,2,280.0,Micro ATX Mid Tower,95.0,1
153.0,160.0,,,,ATX Mid Tower,7.0,1
84.0,68.0,120.0,2,240.0,Mini ITX Tower,-16.0,0
165.0,158.75,,,,ATX Mid Tower,-6.25,0
166.0,160.0,,,,ATX Mid Tower,-6.0,0
132.0,163.0,,,,ATX Mid Tower,31.0,1
155.0,155.0,,,,Micro ATX Mid Tower,0.0,1
68.0,170.0,,,360.0,ATX Mid Tower,102.0,1
130.0,185.0,,,,ATX Full Tower,55.0,1
162.0,174.0,,,,ATX Mid Tower,12.0,1
165.0,175.0,,,,Micro ATX Mid Tower,10.0,1
162.0,82.0,,,,Mini ITX Tower,-80.0,0
154.0,68.0,120.0,2,,Mini ITX Tower,-86.0,0
157.0,70.0,120.0,2,,Mini ITX Tower,-87.0,0
154.0,70.0,,,,HTPC,-84.0,0
150.0,75.0,,,,Micro ATX Mini Tower,-75.0,0
158.0,190.0,,,,ATX Mid Tower,32.0,1
165.0,155.0,,,,ATX Mid Tower,-10.0,0
158.0,135.0,,,,Micro ATX Mid Tower,-23.0,0
158.0,156.0,,,,ATX Mid Tower,-2.0,0
165.0,160.0,,,,Micro ATX Mid Tower,-5.0,0
160.0,140.0,,,,Mini ITX Tower,-20.0,0
158.0,170.0,,,,ATX Mid Tower,12.0,1
164.0,158.75,,,,ATX Mid Tower,-5.25,0
154.0,68.0,,,,Mini ITX Tower,-86.0,0
110.0,82.0,,,,Micro ATX Mid Tower,-28.0,0
152.0,167.0,,,,EATX Full Tower,15.0,1
55.0,155.0,120.0,1,,ATX Mid Tower,100.0,1
156.0,165.0,,,,ATX Mid Tower,9.0,1
36.0,175.0,,,,ATX Mid Tower,139.0,1
155.0,180.5,,,,EATX Mid Tower,25.5,1
58.0,110.0,140.0,2,280.0,Mini ITX Tower,52.0,1
130.0,68.0,,,,Mini ITX Tower,-62.0,0
154.0,160.0,,,,ATX Mid Tower,6.0,1
151.0,150.0,120.0,2,,ATX Mid Tower,-1.0,0
52.0,48.0,,,240.0,Mini ITX Tower,-4.0,0
47.0,172.0,,,,ATX Mid Tower,125.0,1
47.0,48.0,,,,Mini ITX Tower,1.0,1
165.0,178.0,,,,ATX Mid Tower,13.0,1
169.0,163.5,,,,Micro ATX Mini Tower,-5.5,0
157.0,77.0,,,,Mini ITX Tower,-80.0,0
162.0,158.0,,,,ATX Mid Tower,-4.0,0
154.0,114.0,,,,Mini ITX Tower,-40.0,0
164.0,160.0,,,,ATX Mid Tower,-4.0,0
162.0,158.0,135.0,2,,ATX Mid Tower,-4.0,0
155.0,190.0,120.0,2,,ATX Full Tower,35.0,1
165.0,160.0,,,,ATX Mid Tower,-5.0,0
154.0,150.0,,,,Mini ITX Tower,-4.0,0
65.0,168.0,,,360.0,ATX Mid Tower,103.0,1
156.0,70.0,,,,Micro ATX Desktop,-86.0,0
160.0,120.0,120.0,2,,Mini ITX Tower,-40.0,0
166.0,150.0,,,,ATX Mid Tower,-16.0,0
69.0,165.0,,,,ATX Mid Tower,96.0,1
59.0,166.0,,,240.0,ATX Mid Tower,107.0,1
156.0,135.0,,,,Micro ATX Mid Tower,-21.0,0
69.0,185.0,,,,ATX Full Tower,116.0,1
130.0,75.0,,,,Micro ATX Mini Tower,-55.0,0
62.0,165.0,,,240.0,ATX Mid Tower,103.0,1
145.0,138.0,,,,HTPC,-7.0,0
151.0,150.0,,,,Mini ITX Tower,-1.0,0
154.0,70.0,,,,HTPC,-84.0,0
130.0,58.0,,,,HTPC,-72.0,0
156.0,190.0,,,,ATX Mid Tower,34.0,1
54.0,45.0,,,360.0,Mini ITX Tower,-9.0,0
58.0,195.0,,,,ATX Mid Tower,137.0,1
154.0,140.0,,,,Mini ITX Tower,-14.0,0
153.0,70.0,,,,Mini ITX Tower,-83.0,0
157.0,170.0,,,,ATX Mid Tower,13.0,1
127.0,140.0,100.0,,,Mini ITX Tower,13.0,1
68.0,178.0,,,240.0,ATX Mid Tower,110.0,1
26.0,162.0,,,,ATX Mid Tower,136.0,1
54.0,172.0,,,360.0,ATX Mid Tower,118.0,1
153.0,180.0,,,,ATX Mid Tower,27.0,1
58.0,190.0,,,,ATX Mid Tower,132.0,1
158.0,180.0,,,,ATX Mid Tower,22.0,1
165.0,162.0,,,,Micro ATX Mid Tower,-3.0,0
167.0,160.0,,,,EATX Mid Tower,-7.0,0
167.0,166.0,,,,Micro ATX Mini Tower,-1.0,0
160.0,190.0,,,,ATX Mid Tower,30.0,1
48.0,165.0,,,120.0,ATX Mid Tower,117.0,1
154.0,173.0,,,,ATX Mid Tower,19.0,1
159.0,154.0,,,,Micro ATX Mid Tower,-5.0,0
123.0,170.0,,,,Micro ATX Mid Tower,47.0,1
158.0,159.0,,,,Micro ATX Mid Tower,1.0,1
158.0,48.0,,,,Mini ITX Tower,-110.0,0
159.0,180.0,,,,ATX Mid Tower,21.0,1
68.0,120.0,,,360.0,Mini ITX Tower,52.0,1
157.0,85.0,,,,Mini ITX Tower,-72.0,0
397.0,160.0,120.0,3,360.0,ATX Mid Tower,-237.0,0
56.0,210.0,120.0,3,360.0,ATX Mid Tower,154.0,1
158.0,150.0,,,,ATX Mid Tower,-8.0,0
154.0,165.0,,,,ATX Mid Tower,11.0,1
63.0,155.0,,,,Micro ATX Mid Tower,92.0,1
157.0,155.0,,,,ATX Mid Tower,-2.0,0
78.0,38.0,,,360.0,Mini ITX Tower,-40.0,0
154.0,67.0,,,,Mini ITX Tower,-87.0,0
157.0,169.0,,,,ATX Mid Tower,12.0,1
150.0,175.0,,,,ATX Mid Tower,25.0,1
116.0,82.0,,,,Micro ATX Desktop,-34.0,0
165.0,160.0,,,,ATX Mid Tower,-5.0,0
159.0,160.0,,,,ATX Mid Tower,1.0,1
159.0,82.0,,,,Micro ATX Mini Tower,-77.0,0
123.0,170.0,,,,Micro ATX Mid Tower,47.0,1
157.0,70.0,,,,Mini ITX Tower,-87.0,0
154.0,68.0,,,,Mini ITX Tower,-86.0,0
164.0,163.5,,,,Micro ATX Mini Tower,-0.5,0
156.0,165.0,,,,Micro ATX Mini Tower,9.0,1
155.0,150.0,,,,Micro ATX Mini Tower,-5.0,0
47.0,164.0,,,,ATX Mid Tower,117.0,1
166.0,165.0,120.0,,,Micro ATX Mini Tower,-1.0,0
54.0,176.0,,,240.0,ATX Full Tower,122.0,1
47.0,193.0,,,360.0,ATX Full Tower,146.0,1
154.0,170.0,,,,ATX Mid Tower,16.0,1
166.0,160.0,,,,ATX Mid Tower,-6.0,0
158.0,90.0,,,,Micro ATX Desktop,-68.0,0
164.0,160.0,,,,Micro ATX Mini Tower,-4.0,0
158.0,155.0,,,,ATX Mid Tower,-3.0,0
56.0,185.0,120.0,,360.0,ATX Mid Tower,129.0,1
157.0,70.0,,,,Mini ITX Tower,-87.0,0
91.0,77.0,120.0,3,360.0,Mini ITX Tower,-14.0,0
110.0,170.0,,,,ATX Mid Tower,60.0,1
156.0,155.0,,,,Micro ATX Mini Tower,-1.0,0
158.0,150.0,,,,Micro ATX Mini Tower,-8.0,0
168.0,70.0,,,,Mini ITX Tower,-98.0,0
79.0,190.0,,,360.0,ATX Mid Tower,111.0,1
168.0,160.0,,,,Micro ATX Mini Tower,-8.0,0
107.0,188.0,120.0,3,360.0,ATX Full Tower,81.0,1
160.0,190.0,120.0,2,,ATX Mid Tower,30.0,1
53.0,165.0,,,120.0,ATX Mid Tower,112.0,1
136.0,165.0,,,,ATX Full Tower,29.0,1
90.0,70.0,,,,HTPC,-20.0,0
157.0,155.0,120.0,2,120.0,ATX Mid Tower,-2.0,0
37.0,181.0,,,,ATX Mid Tower,144.0,1
138.0,135.0,,,,Micro ATX Mid Tower,-3.0,0
165.0,180.5,,,,EATX Mid Tower,15.5,1
38.0,170.0,,,,ATX Mid Tower,132.0,1
154.0,150.0,,,,Micro ATX Mid Tower,-4.0,0
59.0,170.0,,,360.0,ATX Mid Tower,111.0,1
169.0,165.0,,,,ATX Mid Tower,-4.0,0
65.0,181.0,120.0,2,240.0,ATX Mid Tower,116.0,1
64.0,170.0,,,360.0,Micro ATX Mini Tower,106.0,1
135.0,180.0,,,,ATX Mid Tower,45.0,1
155.0,77.0,,,,HTPC,-78.0,0
148.0,165.0,,,,ATX Mid Tower,17.0,1
56.0,155.0,,,,Micro ATX Mid Tower,99.0,1
150.0,140.0,,,,Mini ITX Tower,-10.0,0
160.0,57.0,,,,Mini ITX Tower,-103.0,0
77.0,48.0,,,,Mini ITX Tower,-29.0,0
75.0,70.0,,,,HTPC,-5.0,0
166.0,61.0,120.0,,,Mini ITX Tower,-105.0,0
170.0,165.0,,,,Micro ATX Mini Tower,-5.0,0
154.0,170.0,,,,ATX Mid Tower,16.0,1
153.0,154.0,,,,Micro ATX Mid Tower,1.0,1
72.0,68.0,120.0,2,240.0,Mini ITX Tower,-4.0,0
163.0,170.0,,,,ATX Mid Tower,7.0,1
159.0,70.0,120.0,1,,Micro ATX Desktop,-89.0,0
38.0,160.0,,,360.0,ATX Mid Tower,122.0,1
160.0,155.0,,,,ATX Mid Tower,-5.0,0
15.0,170.0,,,,ATX Mid Tower,155.0,1
135.0,155.0,,,,ATX Mid Tower,20.0,1
63.0,178.0,,,,ATX Mid Tower,115.0,1
155.0,170.0,,,,ATX Mid Tower,15.0,1
154.0,67.0,,,,Mini ITX Tower,-87.0,0
148.0,183.0,,,,ATX Mid Tower,35.0,1
155.0,47.0,,,,Micro ATX Desktop,-108.0,0
168.0,165.0,120.0,,,Micro ATX Mini Tower,-3.0,0
54.0,165.0,,,360.0,Mini ITX Tower,111.0,1
84.0,165.0,360.0,3,360.0,ATX Mid Tower,81.0,1
46.0,165.0,120.0,3,360.0,ATX Mid Tower,119.0,1
158.0,173.0,,,,ATX Mid Tower,15.0,1
157.0,180.0,,,,ATX Mid Tower,23.0,1
148.0,180.0,,,,ATX Mid Tower,32.0,1
157.0,165.0,,,,ATX Mid Tower,8.0,1
116.0,160.0,120.0,2,240.0,ATX Mid Tower,44.0,1
155.0,145.0,,,,ATX Mid Tower,-10.0,0
62.0,57.0,,,240.0,Mini ITX Tower,-5.0,0
158.0,145.0,,,,ATX Mid Tower,-13.0,0
142.0,82.0,,,,Mini ITX Tower,-60.0,0
64.0,165.0,,,360.0,ATX Mid Tower,101.0,1
160.0,175.0,,,,ATX Mid Tower,15.0,1
49.0,157.0,,,360.0,Micro ATX Mini Tower,108.0,1
155.0,140.0,,,,Mini ITX Tower,-15.0,0
137.0,165.0,,,,ATX Mid Tower,28.0,1
170.0,156.0,,,,Micro ATX Mid Tower,-14.0,0
59.0,85.0,,,360.0,Mini ITX Tower,26.0,1
85.0,38.0,,,360.0,Mini ITX Tower,-47.0,0
160.0,135.0,,,,Micro ATX Mid Tower,-25.0,0
158.0,135.0,,,,Micro ATX Mid Tower,-23.0,0
94.0,175.0,100.0,1,,Micro ATX Mid Tower,81.0,1
165.0,140.0,,,,Micro ATX Mini Tower,-25.0,0
131.0,70.0,,,,Mini ITX Tower,-61.0,0
138.0,170.0,,,,Micro ATX Mini Tower,32.0,1
158.0,170.0,,,,ATX Mid Tower,12.0,1
125.0,160.0,,,,Micro ATX Mid Tower,35.0,1
148.0,163.0,120.0,,,ATX Mid Tower,15.0,1
157.0,114.0,,,,Mini ITX Tower,-43.0,0
158.0,171.0,,,,ATX Mid Tower,13.0,1
159.0,145.0,,,,ATX Mid Tower,-14.0,0
159.0,156.0,,,,ATX Mid Tower,-3.0,0
160.0,82.0,,,,Micro ATX Desktop,-78.0,0
18.6,190.0,120.0,3,394.0,ATX Mid Tower,171.4,1
137.0,55.0,120.0,3,360.0,Mini ITX Tower,-82.0,0
151.0,170.0,,,,ATX Mid Tower,19.0,1
160.0,150.0,,,,ATX Mid Tower,-10.0,0
80.0,180.0,120.0,1,120.0,ATX Mid Tower,100.0,1
166.0,165.0,,,,ATX Mid Tower,-1.0,0
153.0,200.0,,,,Mini ITX Tower,47.0,1
158.0,65.0,,,,HTPC,-93.0,0
94.0,190.0,240.0,2,240.0,ATX Full Tower,96.0,1
165.0,164.0,,,,Micro ATX Desktop,-1.0,0
130.0,158.0,,,,Micro ATX Mini Tower,28.0,1
27.0,155.0,,,,ATX Mid Tower,128.0,1
159.0,138.0,,,,HTPC,-21.0,0
157.0,68.0,,,,Mini ITX Tower,-89.0,0
