opendb_id,metadata_name,metadata_manufacturer,metadata_series,metadata_variant,metadata_releaseYear,_source_file,color,connectors_atx_24_pin,connectors_eps_8_pin,connectors_floppy_4_pin,connectors_molex_4_pin,connectors_pcie_12vhpwr,connectors_pcie_6_plus_2_pin,connectors_sata,cybernetics_efficiency_rating,cybernetics_noise_rating,efficiency_rating,fanless,form_factor,general_product_information_amazon_sku,general_product_information_bestbuy_sku,general_product_information_ibuypower_sku,general_product_information_manufacturer_url,general_product_information_newegg_sku,general_product_information_walmart_sku,length,lighting,metadata_last_manually_spec_verified_at,metadata_manufacturer_color,metadata_part_numbers,modular,wattage
001370cb-f65c-4532-b65a-b0195485f07d,Antec Earthwatts 550W 80+ Bronze Certified Non-Modular,Antec,Earthwatts,550W Bronze,,001370cb-f65c-4532-b65a-b0195485f07d.json,,1,1,0,3,0,2,5,,,80+ Bronze,False,ATX,,,,,,,140,,,,EA550 Green,Non-Modular,550
004a6e95-434c-4d19-aea4-9af4d726c217,Cougar GEX X2 Black 1000W Fully Modular 80+ Gold Certified,Cougar,GEX,1000W Gold,,004a6e95-434c-4d19-aea4-9af4d726c217.json,BLACK,1,2,0,2,1,6,10,,,80+ Gold,False,ATX,,,,,,,140,,,,GEX X2 1000 | 31GT100001P01,Full,1000
004b108b-3385-4f23-ad33-b29dfe26d0e4,SeaSonic ATX3-FOCUS-GX White 850W Fully Modular 80+ Gold,SeaSonic,ATX3-FOCUS-GX-850-WHITE,850W Gold,,004b108b-3385-4f23-ad33-b29dfe26d0e4.json,WHITE,1,2,0,3,1,3,10,,,80+ Gold,False,ATX,,,,,,,140,,,,ATX3-FOCUS-GX-850-WHITE,Full,850
004c110f-4e42-4037-b095-de793ee31610,Deepcool PF650 Black 230V ATX 650W Non-Modular 80+ Certified,DeepCool,PF650,650W 80+,,004c110f-4e42-4037-b095-de793ee31610.json,BLACK,1,2,0,2,0,4,6,,,80+,False,ATX,B09PQGJ1ZP,,,,,,140,,,,R-PF650D-HA0B-US | R-PF650D-HA0B-CN | R-PF650D-HA0B-EU | R-PF650D-HA0B-AU | R-PF650D-HA0B-UK | R-PF650D-HA0B-WO | R-PF650D-HA0B-AR | R-PF650D-HA0B-BP,Non-Modular,650
00556554-2322-4039-b7d9-74d5c61837b7,Enermax REVOLUTION X't II 650W Semi-Modular 80+ Gold,Enermax,REVOLUTION,650W Gold,,00556554-2322-4039-b7d9-74d5c61837b7.json,,1,1,0,4,0,4,8,,,80+ Gold,False,ATX,,,,,,,160,,,,ERX650AWT,Semi-Modular,650
005a96c8-8dc5-448f-b738-9e0d861d5e84,Zalman TeraMax II ATX 1200W Fully Modular 80+ Gold Certified,Zalman,TeraMax,1200W Gold,,005a96c8-8dc5-448f-b738-9e0d861d5e84.json,BLACK,1,2,0,3,1,4,12,,,80+ Gold,False,ATX,,,,,,,140,,,,ZM1200-TMX2 BK,Full,1200
0060a485-c883-4d82-b909-932ca919e345,Corsair RM650e (2025) Black 650W Fully Modular,Corsair,RM,650e,,0060a485-c883-4d82-b909-932ca919e345.json,BLACK,1,2,0,2,1,3,4,,,,False,ATX,B0DPR6YG4V,11071349,,https://www.corsair.com/ww/en/p/psu/cp-9020302-na/rme-series-rm650e-fully-modular-low-noise-atx-power-supply-cp-9020302-na?,N82E16817139338,15195214154,140,,2025-11-23T11:49:04.908Z,,CP-9020302-NA | CP-9020302-AU | CP-9020302-EU | CP-9020302-UK,Full,650
0087abaf-1f76-4dde-80c3-0b7db229f044,Silverstone Triton 750Rx Black 750W Non-Modular,Silverstone,Triton,750W ,,0087abaf-1f76-4dde-80c3-0b7db229f044.json,BLACK,1,0,0,0,0,0,6,,,,False,ATX,,,,,,,140,,,,SST-TR750R-GF,Non-Modular,750
008ee093-e56f-481e-bba9-2215952a7965,CoolMax NW-650B ATX 650W Non-Modular,CoolMax,NW-650B,650W ,,008ee093-e56f-481e-bba9-2215952a7965.json,,1,1,0,4,0,0,4,,,,False,ATX,,,,,,,142,,,,NW-650B,Non-Modular,650
00952dd1-42e0-4f3c-a0ef-c5e70a12c0b6,Super Flower Leadex Platinum Black 750W Fully Modular 80+ Platinum,Super Flower,Leadex,750W Platinum,,00952dd1-42e0-4f3c-a0ef-c5e70a12c0b6.json,BLACK,1,2,0,5,0,4,10,,,80+ Platinum,False,ATX,,,,,,,165,,,,SF-750F14MP black(UK),Full,750
00986345-0ce1-4c62-9a99-92a4df2b6187,Cooler Master New GX 450W Non-Modular 80+ Bronze,Cooler Master,New,450W Bronze,,00986345-0ce1-4c62-9a99-92a4df2b6187.json,,1,1,0,3,0,0,5,,,80+ Bronze,False,ATX,,,,,,,139,,,,RS450-ACAAD3-US,Non-Modular,450
00aef705-7ab2-4825-9dad-66ce11c2d4a1,Corsair VS600 ATX 600W Non-Modular 80+ Certified,Corsair,VS600,600W 80+,,00aef705-7ab2-4825-9dad-66ce11c2d4a1.json,,1,1,0,2,0,0,7,,,80+,False,ATX,,,,,,,140,,,,CP-9020119-NA,Non-Modular,600
00ea427b-906e-4ced-a3ff-766652d1b972,PowerSpec PSX Black 850W Fully Modular 80+ Gold Certified,PowerSpec,PSX,850W Gold,,00ea427b-906e-4ced-a3ff-766652d1b972.json,BLACK,1,2,0,4,0,2,12,,,80+ Gold,False,ATX,,,,,,,160,,,,PSX 850GFM,Full,850
01000935-069c-421c-a5c8-231de3e4b156,SeaSonic PRIME TX-1600 Noctua Edition Brown / Black 1600W Fully Modular 80+ Titanium Certified,SeaSonic,Prime TX ATX 3.1,1600W Titanium,,01000935-069c-421c-a5c8-231de3e4b156.json,BROWN | BLACK,1,3,0,3,2,1,18,Cybenetics Titanium,Cybenetics A++,80+ Titanium,False,ATX,B0DMW5F3GG,,,https://seasonic.com/product/prime-tx-1600-noctua-edition/,,,210,None,,Noctua Edition,PRIME TX-1600 Noctua Edition | Seasonic PRIME TX-1600 Noctua Edition US,Full,1600
010f3001-522e-4483-90b2-2c12e3ae128a,Rosewill SMG850 Black ATX 850W Fully Modular 80+ Gold Certified,Rosewill,SMG850,850W Gold,,010f3001-522e-4483-90b2-2c12e3ae128a.json,BLACK,1,0,0,0,0,0,12,,,80+ Gold,False,ATX,,,,,,,180,,,,SMG850,Full,850
013b1dc5-bb45-4531-a745-5fdf32b13c2e,Enermax Revolution D.F. X Black 1650W Fully Modular 80+ Gold Certified,Enermax,Revolution,1650W Gold,,013b1dc5-bb45-4531-a745-5fdf32b13c2e.json,BLACK,1,2,0,7,3,7,14,,,80+ Gold,False,ATX,,,,,N82E16817194154,,170,,,,ERT1650EWT,Full,1650
01467667-ee75-4810-8d4d-dbc76dc815d0,Corsair SF1000L Black SFX 1000W Fully Modular 80+ Gold,Corsair,SF1000L,1000W Gold,,01467667-ee75-4810-8d4d-dbc76dc815d0.json,BLACK,1,0,0,0,0,0,8,,,80+ Gold,False,SFX,B0BW9TG9ZY,,,,N82E16817139309,1411413622,130,,,,CP-9020246-NA | CP-9020246-WW | CP-9020246-AU | CP-9020246-UK | CP-9020246-EU,Full,1000
014fa6b0-6662-4cda-ae9d-5ed1883ed864,Thermaltake Toughpower DPS G 450W Fully Modular 80+ Gold Certified,Thermaltake,Toughpower,450W Gold,,014fa6b0-6662-4cda-ae9d-5ed1883ed864.json,,1,1,0,4,0,2,6,,,80+ Gold,False,ATX,,,,,,,180,,,,PS-TPG-0450DPCGUS-G,Full,450
0150bab8-a10e-48e3-8de6-3fa4b29a45d6,GAMDIAS ASTRAPE M1 Black Multicolor 550W Non-Modular 80+ Certified,GAMDIAS,ASTRAPE,550W 80+,,0150bab8-a10e-48e3-8de6-3fa4b29a45d6.json,BLACK | RGB,1,1,0,2,0,2,5,,,80+,False,ATX,,,,,,,140,,,,ASTRAPE M1-550W | M1-550W,Non-Modular,550
019089c6-2f87-4965-a4a1-b77d27f1a045,Silverstone DA700 ATX 700W Fully Modular,Silverstone,DA700,700W ,,019089c6-2f87-4965-a4a1-b77d27f1a045.json,,1,1,0,6,0,0,6,,,,False,ATX,,,,,,,180,,,,DA700,Full,700
01951351-5d71-4947-b353-23856d9a6f70,CoolMax ZX-600 ATX 600W Non-Modular 80+ Certified,CoolMax,ZX-600,600W 80+,,01951351-5d71-4947-b353-23856d9a6f70.json,,1,1,0,5,0,1,5,,,80+,False,ATX,B0075WFE3Y,,,,,,165,,,,ZX-600,Non-Modular,600
01addd41-f14a-4bd7-b98c-8f0c43523ffd,NZXT C850 (2024) Black 850W Fully Modular 80+ Gold Certified,NZXT,C850,850W Gold,,01addd41-f14a-4bd7-b98c-8f0c43523ffd.json,BLACK,1,0,0,0,0,0,12,,,80+ Gold,False,ATX,B0D1VDTX8B,6586151,30659,,N82E16817116050,10082206773,160,,,,PA-8G2BB-US | PA-8G2BB-AU | PA-8G2BB-EU | PA-8G2BB-UK,Full,850
01b1b5a6-136c-4440-b282-5ddc9dfd0b5a,Thermaltake Toughpower GX2 Black 600W Non-Modular 80+ Gold,Thermaltake,Toughpower,600W Gold,,01b1b5a6-136c-4440-b282-5ddc9dfd0b5a.json,BLACK,1,0,0,0,0,0,6,,,80+ Gold,False,ATX,B087CDR14Z,6510212,,,N82E16817153415,177228924,140,,,,PS-TPD-0600NNFAGU-2,Non-Modular,600
01b2d3a2-e0a2-4083-9cdc-e0364ef8ad81,"EVGA 600 W3, 80+ WHITE 600W, 3 Year Warranty, Power Supply",EVGA,600 W3,,2021,01b2d3a2-e0a2-4083-9cdc-e0364ef8ad81.json,,1,1,1,3,0,2,6,,,80+,False,ATX,B08WYHVCRP,,,,9SIAKVHKCC7847,867209617,140,,,,9B17-438-192 | 100-W3-0600-K1,Non-Modular,600
01b87a1f-07bb-4ccb-8fa0-1203553270a2,SeaSonic M12II EVO ATX 520W Fully Modular 80+ Bronze Certified,SeaSonic,M12II,520W Bronze,,01b87a1f-07bb-4ccb-8fa0-1203553270a2.json,BLACK,1,1,0,5,0,2,6,,,80+ Bronze,False,ATX,,,,,,,160,,,,SS-520GM2,Full,520
01d0c3a7-cc11-4c35-9dff-639be0c121ec,EVGA SuperNOVA 1200 P3 1200W 80+ Platinum Certified Fully Modular,EVGA,SuperNOVA,1200W Platinum,,01d0c3a7-cc11-4c35-9dff-639be0c121ec.json,BLACK | GREY,1,0,0,0,0,0,12,,,80+ Platinum,False,ATX,B09GQM6CW3,,,,N82E16817438227,913236149,180,,,,220-P3-1200-X1,Full,1200
01ecac67-0c7d-403c-8912-7d9cd916cab2,be quiet! System Power 9 500 CM Black 500W Semi-Modular 80+ Bronze Certified,be quiet!,System,500W Bronze,,01ecac67-0c7d-403c-8912-7d9cd916cab2.json,BLACK,1,0,0,0,0,0,6,,,80+ Bronze,False,ATX,B07V8RNCH6,,,,,,140,,,,BN301,Semi-Modular,500
01f3c0a4-e627-49d4-baba-6d263bda38cf,be quiet! Straight Power 11 550W Fully Modular 80+ Gold,be quiet!,Straight,550W Gold,,01f3c0a4-e627-49d4-baba-6d263bda38cf.json,,1,1,0,6,0,2,9,,,80+ Gold,False,ATX,B07CX3225B,,,,,,160,,,,BN281 | BN617,Full,550
01fcea1b-39a0-4733-8572-b1f8b81eec0e,Antec Earthwatts Green 380W Non-Modular 80+ Bronze Certified,Antec,Earthwatts,380W Bronze,,01fcea1b-39a0-4733-8572-b1f8b81eec0e.json,,1,1,0,4,0,0,5,,,80+ Bronze,False,ATX,,,,,,,139,,,,EA-380D Green | EA 380D | 0-761345-27384-8,Non-Modular,380
020db970-733d-41ec-9d07-cfda34261093,be quiet! Straight Power 11 Black 850W Fully Modular 80+ Platinum Certified,be quiet!,Straight,850W Platinum,,020db970-733d-41ec-9d07-cfda34261093.json,BLACK,1,2,0,4,0,4,11,,,80+ Platinum,False,ATX,,,,,,,170,,,,BN643 | BN308,Full,850
0239b7c0-a904-476b-bf72-c611170b2865,Cooler Master V White SFX ATX 3.0 850W Fully Modular 80+ Gold Certified,Cooler Master,V,850W Gold,,0239b7c0-a904-476b-bf72-c611170b2865.json,WHITE,1,2,0,4,1,4,8,,,80+ Gold,False,SFX,,,,,,,100,,,,MPY-8501-SFHAGV-3WU | MPY-8501-SFHAGV-3WW | MPY-8501-SFHAGV-3WT | MPY-8501-SFHAGV-3WK | MPY-8501-SFHAGV-3WB | MPY-8501-SFHAGV-3WJ | MPY-8501-SFHAGV-3WA | MPY-8501-SFHAGV-3WS | MPY-8501-SFHAGV-3WI | MPY-8501-SFHAGV-3WE | MPY-8501-SFHAGV-3WY,Full,850
024a0697-2844-4159-95f6-eac9f712b0cb,Thermalright AG-650 ATX 650W Fully Modular 80+ Gold Certified,Thermalright,AG-650,650W Gold,,024a0697-2844-4159-95f6-eac9f712b0cb.json,WHITE,1,2,0,4,1,2,8,,,80+ Gold,False,ATX,,,,,,,140,,,,AG-650-W | TR-AG650-W,Full,650
025daa33-68bc-455c-892c-1c7bdc043f54,Lian Li EDGE White 850W Fully Modular 80+ Gold,Lian Li,EDGE Gold,850W,,025daa33-68bc-455c-892c-1c7bdc043f54.json,WHITE,1,0,0,0,0,0,10,,,80+ Gold,False,ATX,B0DKWWP452,,,,1HU-01PP-00015,16289662069,182,,,,EG0850G White | EDGE GOLD 850 White | EDGE GOLD 850 WHITE,Full,850
028952a4-e40f-48a1-9da0-21e2342771a9,be quiet! Pure Power 11 600W Non-Modular 80+ Gold Certified,be quiet!,Pure,600W Gold,,028952a4-e40f-48a1-9da0-21e2342771a9.json,BLACK,1,1,0,3,0,4,6,,,80+ Gold,False,ATX,,,,,,,150,,,,BN902 | BN627,Non-Modular,600
02a2ccdf-be2a-41be-aab8-bcc42a090c1c,EVGA SuperNOVA 750 G5 ATX 750W Fully Modular 80+ Gold Certified,EVGA,SuperNOVA,750W Gold,,02a2ccdf-be2a-41be-aab8-bcc42a090c1c.json,BLACK | GREEN,1,0,0,0,0,0,9,,,80+ Gold,False,ATX,B07WGQT8CC,6457634,,,N82E16817438162,486418748,150,,,,220-G5-0750-X1 | 220-G5-0750-X2 | 220-G5-0750-X3 | 220-G5-0750-X4 | 750 G5,Full,750
02aa83c9-c6cf-4b89-ac6a-a14f75603432,FSP Group Dagger Black SFX 600W Fully Modular 80+ Gold Certified,FSP Group,Dagger,600W Gold,,02aa83c9-c6cf-4b89-ac6a-a14f75603432.json,BLACK,1,1,0,2,0,2,5,,,80+ Gold,False,SFX,,,,,,,110,,,,PPA6004301 | SDA600,Full,600
02aa9605-9fbe-467f-90fe-bfcefc3a2b68,Thermaltake TOUGHPOWER PF1 ARGB 1050W 80+ Platinum Fully Modular,Thermaltake,TOUGHPOWER,1050W Platinum,,02aa9605-9fbe-467f-90fe-bfcefc3a2b68.json,,1,2,0,4,0,8,12,,,80+ Platinum,False,ATX,,,,,,,180,,,,PS-TPD-1050F3FAPU-1 | PS-TPD-1050F3FAPK-1 | PS-TPD-1050F3FAPA-1 | PS-TPD-1050F3FAPE-1,Full,1050
02ca7bf9-39ae-489a-80a0-8679299c745f,Antec EARTHWATTS GOLD PRO 750W Semi-Modular 80+ Gold,Antec,EARTHWATTS,750W Gold,,02ca7bf9-39ae-489a-80a0-8679299c745f.json,BLACK,1,2,0,3,0,4,8,,,80+ Gold,False,ATX,B077GFQVR4,,,,,233101969,140,,,,EA750G Pro | EA750G PRO | EA6750G PRO,Semi-Modular,750
02d51cbe-525c-42d7-a79b-36999e84b375,Corsair CX450M (2015) 450W Semi-Modular 80+ Bronze Certified ATX,Corsair,CX450M,450W Bronze,,02d51cbe-525c-42d7-a79b-36999e84b375.json,,1,0,0,0,0,0,4,,,80+ Bronze,False,ATX,B01B72VXE6,,,,9SIAD6HJUK5418,51911786,140,,,,CP-9020101-NA | CP-9020101-UK | CP-9020101-AU,Semi-Modular,450
030769dc-abc1-4c92-a8f2-8b91584124c9,SeaSonic S12G 650W Non-Modular 80+ Gold,SeaSonic,S12G,650W Gold,,030769dc-abc1-4c92-a8f2-8b91584124c9.json,,1,2,0,5,0,4,10,,,80+ Gold,False,ATX,,,,,,,140,,,,S12G-650,Non-Modular,650
030e14ae-c55c-48a3-9399-4ddf44b2771a,Cooler Master XG650 Black 650W Fully Modular 80+ Platinum Certified,Cooler Master,XG650,650W Platinum,,030e14ae-c55c-48a3-9399-4ddf44b2771a.json,BLACK,1,2,0,4,0,4,8,,,80+ Platinum,False,ATX,,,,,,,160,,,,MPG-6501-AFBAP-US | MPG-6501-AFBAP-UK | MPG-6501-AFBAP-TW | MPG-6501-AFBAP-WO | MPG-6501-AFBAP-ST | MPG-6501-AFBAP-BR | MPG-6501-AFBAP-EU | MPG-6501-AFBAP-JP | MPG-6501-AFBAP-IN | MPG-6501-AFBAP-AU | MPG-6501-AFBAP-KR,Full,650
03142960-b3a4-49fc-9346-d6bc0bbdf3f9,StarTech ATX2POWER450 ATX 450W Non-Modular,StarTech,ATX2POWER450,450W ,,03142960-b3a4-49fc-9346-d6bc0bbdf3f9.json,,1,0,0,4,0,0,4,,,,False,ATX,,,,,,,140,,,,ATX2POWER450,Non-Modular,450
03198c82-42d2-4124-83ff-6e680fd2be78,Corsair TX950 Certified ATX 950W 80+ Bronze Non-Modular,Corsair,TX950,950W Bronze,,03198c82-42d2-4124-83ff-6e680fd2be78.json,,1,1,0,8,0,6,12,,,80+ Bronze,False,ATX,,,,,,,160,,,,CMPSU-950TX,Non-Modular,950
032b0cc9-f8e5-43fa-8b31-e0290d4c14e6,HEC XPOWER780 ATX 600W Non-Modular,HEC,XPOWER780,600W ,,032b0cc9-f8e5-43fa-8b31-e0290d4c14e6.json,,1,0,0,6,0,1,4,,,,False,ATX,,,,,,,165,,,,XPOWER780,Non-Modular,600
0331994d-f386-41ab-8a4f-42e9f706fbff,Fractal Design Anode Black 750W Semi-Modular 80+ Bronze Certified,Fractal Design,Anode,750W Bronze,,0331994d-f386-41ab-8a4f-42e9f706fbff.json,BLACK,1,1,0,2,0,4,8,,,80+ Bronze,False,ATX,B09NMG5G9M,,,,,,140,,,,FD-P-AA1B-750 | FD-P-AA1B-750-UK | FD-P-AA1B-750-EU,Semi-Modular,750
034a7efb-54e8-459c-a4e3-7440e697ef90,Antec Signature Black 1000W Fully Modular 80+ Platinum Certified,Antec,Signature,1000W Platinum,,034a7efb-54e8-459c-a4e3-7440e697ef90.json,BLACK,1,2,0,5,0,8,14,,,80+ Platinum,False,ATX,B0895DBGH9,,,,,830125296,170,,,,SP1000 Platinum | X8000A505-18 | 0-761345-11702-9 | 0-761345-11703-6 | SP1000,Full,1000
03cc356a-7602-4650-a232-518fa24ebeb9,Enermax REVOLUTION III Black / Gold 650W 80+ Gold Fully Modular,Enermax,REVOLUTION,650W Gold,,03cc356a-7602-4650-a232-518fa24ebeb9.json,BLACK | GOLD,1,0,0,0,0,0,6,,,80+ Gold,False,ATX,B0DT29S761,,,,,16304002354,140,,,,ERV650G-AHG-MAC | ERV650G-AHG-MAV | EP-RV3-650G-FR,Full,650
03dd5d0d-46a4-4f4b-a691-efe086377473,KOLINK Classic Black/Red 400W Non-Modular 80+ Bronze Certified,KOLINK,Classic,400W Bronze,,03dd5d0d-46a4-4f4b-a691-efe086377473.json,BLACK | RED,1,1,0,2,0,1,3,,,80+ Bronze,False,ATX,B07ZK1Z8Y7,,,,,,160,,,,KL-400v2,Non-Modular,400
03e56ff4-f326-4eae-b093-39c99253f830,Cougar COUGAR-GX700 ATX 700W Fully Modular 80+ Gold Certified,Cougar,COUGAR-GX700,700W Gold,,03e56ff4-f326-4eae-b093-39c99253f830.json,,1,2,0,6,0,3,9,,,80+ Gold,False,ATX,,,,,,,180,,,,COUGAR-GX700,Full,700
03fb3b0a-3c09-41e1-ad30-72923e4812af,OCZ Fatal1ty 1000W Semi-Modular 80+ Gold Certified,OCZ,Fatal1ty,1000W Gold,,03fb3b0a-3c09-41e1-ad30-72923e4812af.json,,1,2,0,8,0,6,12,,,80+ Gold,False,ATX,,,,,,,180,,,,OCZ-FTY1000W,Semi-Modular,1000
0409f73f-35a3-4ee5-b012-ba68aebf01a6,Zalman TX ATX 700W Non-Modular,Zalman,TX,700W ,,0409f73f-35a3-4ee5-b012-ba68aebf01a6.json,,1,1,0,3,0,4,5,,,,False,ATX,,,,,,,157,,,,ZM700-TX,Non-Modular,700
042f431c-5281-4278-ae8b-2ebd8811bbde,Apevia ATX-CW500WP4 ATX 500W Non-Modular,Apevia,ATX-CW500WP4,500W ,,042f431c-5281-4278-ae8b-2ebd8811bbde.json,,1,0,0,0,0,0,4,,,,False,ATX,,,,,,,,,,,ATX-CW500WP4,Non-Modular,500
04330cc4-e569-48c7-9c27-b1935029a800,Thermaltake Toughpower GF A3 - TT Premium Edition ATX 850W Fully Modular 80+ Gold Certified,Thermaltake,Toughpower,850W Gold,,04330cc4-e569-48c7-9c27-b1935029a800.json,BLACK,1,2,0,4,1,4,8,,,80+ Gold,False,ATX,B0C1JKHPNH,6566239,,,N82E16817153449,3150285186,140,,,,PS-TPD-0850FNFAGU-L,Full,850
047c53fe-fb67-4fbd-b632-76ed4463d32b,EVGA 600 W1 600W Non-Modular 80+ Certified,EVGA,600,600W 80+,,047c53fe-fb67-4fbd-b632-76ed4463d32b.json,,1,0,0,0,0,0,6,,,80+,False,ATX,B0160XJAQK,8511029,,,N82E16817438243,100809405,140,,,,100-W1-0600-K1 | 100-W1-0600-K2 | 100-W1-0600-K3,Non-Modular,600
0498b239-7054-496f-96d3-99ddef12e49c,Montech APX Black 550W Non-Modular 80+ Certified,Montech,APX,550W 80+,,0498b239-7054-496f-96d3-99ddef12e49c.json,BLACK,1,0,0,0,0,0,6,,,80+,False,ATX,B0D825SCWX,,,,,,140,,,,APX 550W | APX550,Non-Modular,550
049d1af2-dbfc-4d7a-9adc-cfe220862e1a,Apevia ATX-AS500W-BK ATX 500W Non-Modular,Apevia,ATX-AS500W-BK,500W ,,049d1af2-dbfc-4d7a-9adc-cfe220862e1a.json,,1,1,0,6,0,0,4,,,,False,ATX,,,,,,,170,,,,ATX-AS500W-BK,Non-Modular,500
04ae9b9f-c25f-415f-ae96-6f50370a6da3,OCZ ZT ATX 750W Fully Modular 80+ Bronze Certified,OCZ,ZT,750W Bronze,,04ae9b9f-c25f-415f-ae96-6f50370a6da3.json,,1,2,0,6,0,4,9,,,80+ Bronze,False,ATX,,,,,,,175,,,,OCZ-ZT750W,Full,750
04b5a99a-bb55-4e5e-9d92-c969fa2851e6,Antec CSK ATX 750W Semi-Modular 80+ Bronze Certified,Antec,CSK,750W Bronze,,04b5a99a-bb55-4e5e-9d92-c969fa2851e6.json,BLACK | YELLOW,1,2,0,3,0,4,8,,,80+ Bronze,False,ATX,B09JJRCSX3,,,,9SIAD6HK8F5703,,140,,,,CSK750HX5000A257HC-200-761345-11769-20-761345-11768-5 | 0-761345-11766-1,Semi-Modular,750
04d44d75-54a2-4a22-aca6-9e925f8442b5,be quiet! STRAIGHT POWER E9 680W / CM 680 W 80+ Gold Certified Semi-modular ATX,be quiet!,STRAIGHT,680W Gold,,04d44d75-54a2-4a22-aca6-9e925f8442b5.json,,1,1,0,6,0,4,9,,,80+ Gold,False,ATX,,,,,,,160,,,,BN199,Semi-Modular,680
04ed559e-a272-4eb7-952f-174d6b6f6035,Cooler Master 700W MasterWatt Lite 230V ATX 700W Non-Modular 80+ Certified,Cooler Master,700W,700W 80+,,04ed559e-a272-4eb7-952f-174d6b6f6035.json,,1,1,0,3,0,4,6,,,80+,False,ATX,,,,,,,140,,,,MPX-7001-ACABW,Non-Modular,700
050a4893-86e6-432a-82a7-91e211df1404,OCZ ModXStream Pro 600W Semi-Modular 80+,OCZ,ModXStream,600W 80+,,050a4893-86e6-432a-82a7-91e211df1404.json,,1,1,0,4,0,1,6,,,80+,False,ATX,,,,,,,165,,,,OCZ600MXSP,Semi-Modular,600
05153b61-2c65-47bc-bfa9-5e6e8ec8973b,Antec VP ATX 500W Non-Modular,Antec,VP,500W ,,05153b61-2c65-47bc-bfa9-5e6e8ec8973b.json,,1,1,0,4,0,1,4,,,,False,ATX,,,,,,,140,,,,VP-500P,Non-Modular,500
051cdabd-26a5-4ac7-9c83-812ffd743266,Antec High Current Gamer Extreme 1000W Fully Modular 80+ Gold Certified,Antec,High,1000W Gold,,051cdabd-26a5-4ac7-9c83-812ffd743266.json,,1,2,0,6,0,8,12,,,80+ Gold,False,ATX,,,,,,,165,,,,HCG1000 Extreme,Full,1000
052001d6-c82b-4fb7-8f89-259dc185d692,Seasonic PRIME Gold 1200W Fully Modular 80+ Gold,SeaSonic,PRIME,1200W Gold,,052001d6-c82b-4fb7-8f89-259dc185d692.json,,1,2,0,5,0,8,12,,,80+ Gold,False,ATX,,,,,,,170,,,,SSR-1200GD,Full,1200
054547e6-8bc0-4cd4-b31c-6838011c98c1,Cougar CougarA500 ATX 500W Non-Modular 80+ Bronze Certified,Cougar,CougarA500,500W Bronze,,054547e6-8bc0-4cd4-b31c-6838011c98c1.json,,1,1,0,3,0,2,5,,,80+ Bronze,False,ATX,,,,,,,139,,,,CougarA500,Non-Modular,500
054944e9-567d-4c72-97fe-3ffa985c20eb,XFX PRO Black Edition 850W 80+ Gold Fully Modular,XFX,PRO,850W Gold,,054944e9-567d-4c72-97fe-3ffa985c20eb.json,,1,2,0,5,0,6,10,,,80+ Gold,False,ATX,,,,,,,160,,,,P1-850B-BEFX,Full,850
054f4e33-dddb-46a7-a58e-245073167b8a,SeaSonic S12G ATX 750W Non-Modular 80+ Gold,SeaSonic,S12G,750W Gold,,054f4e33-dddb-46a7-a58e-245073167b8a.json,,1,2,0,4,0,4,10,,,80+ Gold,False,ATX,,,,,,,139,,,,S12G-750,Non-Modular,750
054ff050-877e-497e-8e46-008c21556842,GAMDIAS ASTRAPE M1 Black Multicolor ATX 650W Non-Modular 80+ Certified,GAMDIAS,ASTRAPE,650W 80+,,054ff050-877e-497e-8e46-008c21556842.json,BLACK | RGB,1,1,0,2,0,2,5,,,80+,False,ATX,,,,,,,140,,,,ASTRAPE M1-650W | M1-650W | GD-AstrapeM1-650W,Non-Modular,650
055aa4ba-5edb-410b-ae88-10c0aad9659b,Fractal Design Tesla R2 650W Non-Modular 80+ Gold Certified,Fractal Design,Tesla,650W Gold,,055aa4ba-5edb-410b-ae88-10c0aad9659b.json,,1,1,0,2,0,2,6,,,80+ Gold,False,ATX,,,,,,,165,,,,Tesla R2 650W,Non-Modular,650
058d492b-91b9-4cdb-a43a-cf092eee0c41,Enermax Revolution D.F. 12 Black 850W Fully Modular 80+ Gold,Enermax,Revolution,850W Gold,,058d492b-91b9-4cdb-a43a-cf092eee0c41.json,BLACK,1,2,0,4,1,3,8,,,80+ Gold,False,ATX,B0CWPY6JN4,,,,,5571913292,122,,,,ETV850G,Full,850
05b9dfdc-7cd7-487f-9334-4898b5298e3b,FSP Group Hydro White 1200W 80+ Platinum Fully Modular,FSP Group,Hydro,1200W Platinum,,05b9dfdc-7cd7-487f-9334-4898b5298e3b.json,WHITE,1,2,0,3,1,4,12,,,80+ Platinum,False,ATX,,,,,,,130,,,,HPT3-1200M | Gen5 (White Edition),Full,1200
05bbc9e8-8292-4cde-bc01-7ab333c3fb11,be quiet! Dark Power 12 Black 750W Fully Modular 80+ Titanium Certified,be quiet!,Dark,750W Titanium,,05bbc9e8-8292-4cde-bc01-7ab333c3fb11.json,BLACK,1,2,0,5,0,6,12,,,80+ Titanium,False,ATX,B08Y5GB5V4,,,,,,175,,,,BN314,Full,750
05c1be62-78fc-4133-81aa-95fc251aa5d3,Rosewill HERCULES-1600S ATX 1600W Semi-Modular 80+ Gold Certified,Rosewill,HERCULES-1600S,1600W Gold,,05c1be62-78fc-4133-81aa-95fc251aa5d3.json,,1,2,0,6,0,16,16,,,80+ Gold,False,ATX,,,,,,,240,,,,HERCULES-1600S,Semi-Modular,1600
05c6a9a1-34d3-4a20-a392-16bfae18e266,Thermalright TPFX850 White SFX 850W Fully Modular 80+ Platinum Certified,Thermalright,TPFX850,850W Platinum,,05c6a9a1-34d3-4a20-a392-16bfae18e266.json,WHITE,1,1,0,3,1,4,6,,,80+ Platinum,False,SFX,,,,,,,100,,,,TPFX850-W,Full,850
05d6bb34-53ad-4546-8b7d-3335039790bc,be quiet! System Power 10 U Black ATX 650W Non-Modular 80+ Bronze Certified,be quiet!,System,650W Bronze,,05d6bb34-53ad-4546-8b7d-3335039790bc.json,BLACK,1,1,0,1,0,4,5,,,80+ Bronze,False,ATX,,,,,,,140,,,,BN987 | BN991 | BN688 | BN692,Non-Modular,650
05dad43d-e3bc-4c8b-8e69-552854627e61,LC-Power LC V2.31 Black TFX 400W Non-Modular,LC-Power,LC,400W ,,05dad43d-e3bc-4c8b-8e69-552854627e61.json,BLACK,1,1,0,2,0,1,4,,,,False,TFX,,,,,,,175,,,,LC400TFX V2.31,Non-Modular,400
060e7a09-ae27-4ab2-bd48-0f80189ebbeb,Asus ROG Strix White 850W Fully Modular 80+ Gold,Asus,ROG,850W Gold,,060e7a09-ae27-4ab2-bd48-0f80189ebbeb.json,WHITE,1,0,0,0,0,0,8,,,80+ Gold,False,ATX,B08BX7JXC3,,,,,3200702785,160,,,,ROG-STRIX-850G-WHITE | 90YE00A4-B0NA00 | 90YE00A4-B0AA00 | 90YE00A4-BMAA00 | 90YE00A4-B0UA00,Full,850
061de41e-f2d9-4e3c-ada1-459c7f28c90f,SeaSonic B12 BC 850W Non-Modular 80+ Bronze Certified,SeaSonic,B12,850W Bronze,,061de41e-f2d9-4e3c-ada1-459c7f28c90f.json,,1,0,0,0,0,0,6,,,80+ Bronze,False,ATX,B093H19YYB,,,,,,140,,,,B12-BC-850 | B12BC-850 | B12 BC 850,Non-Modular,850
0624ee5f-11e3-4507-b2ff-aad78aaab4c0,Thermaltake Toughpower PF1 TT Premium Edition Black 850W Fully Modular 80+ Platinum,Thermaltake,Toughpower,850W Platinum,,0624ee5f-11e3-4507-b2ff-aad78aaab4c0.json,BLACK,1,2,0,4,0,6,12,,,80+ Platinum,False,ATX,,,,,,,140,,,,PS-TPD-0850FNFAPU-1 | PS-TPD-0850FNFAPE-1,Full,850
06424e96-8b02-48c2-96c7-1930da706a11,FSP Group Hydro X 450W Non-Modular 80+ Gold,FSP Group,Hydro,450W Gold,,06424e96-8b02-48c2-96c7-1930da706a11.json,,1,1,0,2,0,2,6,,,80+ Gold,False,ATX,,,,,,,150,,,,HGX450,Non-Modular,450
06802c98-fac4-4a7e-982a-489df06cb37f,Enermax ENP450AST ATX 450W Non-Modular,Enermax,ENP450AST,450W ,,06802c98-fac4-4a7e-982a-489df06cb37f.json,,1,1,0,4,0,1,5,,,,False,ATX,,,,,,,,,,,ENP450AST,Non-Modular,450
068b839b-c004-4874-9157-182e954d8883,Raidmax Cobra Black ATX 650W Fully Modular 80+ Gold Certified,Raidmax,Cobra,650W Gold,,068b839b-c004-4874-9157-182e954d8883.json,BLACK,1,2,0,3,1,4,9,,,80+ Gold,False,ATX,,,,,,,140,,,,RX-650AEM,Full,650
069562c1-67ed-4519-941f-67fee5a4cf38,Cooler Master Extreme 2 525W Non-Modular,Cooler Master,Extreme,525W ,,069562c1-67ed-4519-941f-67fee5a4cf38.json,,1,1,0,3,0,1,6,,,,False,ATX,,,,,,,139,,,,RS-525-PCAR,Non-Modular,525
06c05e19-778a-4edd-b3f9-79b98b72afc4,Antec High Current Pro 750W 80+ Gold Certified Semi-Modular,Antec,High,750W Gold,,06c05e19-778a-4edd-b3f9-79b98b72afc4.json,,1,2,0,6,0,4,9,,,80+ Gold,False,ATX,,,,,,,180,,,,HCP-750,Semi-Modular,750
06e192c5-bd7d-4404-a612-328733c59a0f,Raidmax Scorpio 735W 80+ Bronze Certified Semi-Modular,Raidmax,Scorpio,735W Bronze,,06e192c5-bd7d-4404-a612-328733c59a0f.json,,1,1,0,3,0,4,8,,,80+ Bronze,False,ATX,,,,,,,165,,,,RX-735AP-S,Semi-Modular,735
06ee0813-a6bf-464e-ad06-abc97f4c5100,Xilence XP550R9 Black / Red ATX 550W Non-Modular 80+ Gold Certified,Xilence,XP550R9,550W Gold,,06ee0813-a6bf-464e-ad06-abc97f4c5100.json,BLACK | RED,1,1,0,3,0,2,6,,,80+ Gold,False,ATX,B074ZLHN2H,,,,,,150,,,,XN071,Non-Modular,550
06f406bc-2118-423f-9453-2b2ad4eb41e2,Apevia ATX-JV650W 650W Non-Modular,Apevia,ATX-JV650W,650W ,,06f406bc-2118-423f-9453-2b2ad4eb41e2.json,,1,1,0,4,0,2,4,,,,False,ATX,,,,,,,154,,,,ATX-JV650W,Non-Modular,650
074a457c-328b-4fef-b285-d8dd704c7f86,OCZ ZS ATX 750W Non-Modular 80+ Bronze Certified,OCZ,ZS,750W Bronze,,074a457c-328b-4fef-b285-d8dd704c7f86.json,,1,1,0,4,0,2,8,,,80+ Bronze,False,ATX,,,,,,,160,,,,OCZ-ZS750W,Non-Modular,750
076cbb45-7984-4d95-9f3f-c9c52d077f74,be quiet! Dark Power Pro 13 1600W Fully Modular 80+ Titanium Certified,be quiet!,Dark,1600W Titanium,,076cbb45-7984-4d95-9f3f-c9c52d077f74.json,BLACK,1,0,0,0,0,0,16,,,80+ Titanium,False,ATX,B0C6FY4JXF,,,,1HU-004H-000S8,5237383823,200,,,,BN501 | BN332 | BN942 | BN712 | BN999 | BN940,Full,1600
0776470d-2a62-492d-9130-3bb3788f995d,KOLINK Modular Power Black ATX 700W Semi-Modular 80+ Bronze Certified,KOLINK,Modular,700W Bronze,,0776470d-2a62-492d-9130-3bb3788f995d.json,BLACK,1,1,0,2,0,4,6,,,80+ Bronze,False,ATX,,,,,,,160,,,,KL-700MV2,Semi-Modular,700
07aed735-f5f9-4beb-bfc2-09ca33aed055,Corsair TX550M Gold 550W 80+ Gold Certified Semi-Modular,Corsair,TX550M,550W Gold,,07aed735-f5f9-4beb-bfc2-09ca33aed055.json,,1,0,0,0,0,0,5,,,80+ Gold,False,ATX,,,,,,,140,,,,CP-9020133-NA | CP-9020133-UK | CP-9020133-EU,Semi-Modular,550
07c41ca7-d85b-456c-be99-3a8076542acf,In Win GreenMe 650 650W Non-Modular 80+ Bronze Certified ATX,In Win,GreenMe,650W Bronze,,07c41ca7-d85b-456c-be99-3a8076542acf.json,,1,1,0,3,0,2,6,,,80+ Bronze,False,ATX,,,,,,,140,,,,GreenMe 650,Non-Modular,650
07cb75fc-1ec7-4b2c-83ff-6103e4c3243f,Rosewill PHOTON-1200 1200W Fully Modular 80+ Gold Certified ATX,Rosewill,PHOTON-1200,1200W Gold,,07cb75fc-1ec7-4b2c-83ff-6103e4c3243f.json,,1,2,0,5,0,8,15,,,80+ Gold,False,ATX,,,,,,,180,,,,PHOTON-1200,Full,1200
07e26ed8-62cd-4a09-86c2-94d78a22c493,FSP Group Raider S 450W Non-Modular 80+ Silver Certified ATX,FSP Group,Raider,450W Silver,,07e26ed8-62cd-4a09-86c2-94d78a22c493.json,,1,1,0,1,0,2,4,,,80+ Silver,False,ATX,,,,,,,140,,,,Raider S 450,Non-Modular,450
0804264b-2e7b-4433-9803-099461e7ecb5,Rosewill G550 ATX 550W Semi-Modular 80+ Gold Certified,Rosewill,G550,550W Gold,,0804264b-2e7b-4433-9803-099461e7ecb5.json,,1,0,0,0,0,0,4,,,80+ Gold,False,ATX,,,,,,,160,,,,Capstone G550,Semi-Modular,550
0812cf36-9ad7-43c1-baf3-fed0ef3e3d2c,be quiet! Dark Power Pro 10 850W Semi-Modular 80+ Platinum Certified,be quiet!,Dark,850W Platinum,,0812cf36-9ad7-43c1-baf3-fed0ef3e3d2c.json,,1,2,0,8,0,6,9,,,80+ Platinum,False,ATX,,,,,,,190,,,,BN603 | BN203,Semi-Modular,850
082baf2e-1b99-4b64-9799-97c310963c5a,Cooler Master VSM ATX 650W Semi-Modular 80+ Gold Certified,Cooler Master,VSM,650W Gold,,082baf2e-1b99-4b64-9799-97c310963c5a.json,,1,1,0,6,0,2,8,,,80+ Gold,False,ATX,,,,,,,140,,,,RS650-AMAAG1-S1 | RS650-AMAAG1-AU | RS650-AMAAG1-US,Semi-Modular,650
084f34b2-e31f-4e2b-a52b-b1a49f44b87f,Cooler Master VSM ATX 750W Semi-Modular 80+ Gold Certified,Cooler Master,VSM,750W Gold,,084f34b2-e31f-4e2b-a52b-b1a49f44b87f.json,,1,1,0,6,0,4,8,,,80+ Gold,False,ATX,,,,,,,140,,,,RS750-AMAAG1-S1 | RS750-AMAAG1-AU,Semi-Modular,750
08501033-5dff-4a56-9bdb-f8dae315f3a7,Silverstone Essential Black / Blue 750W Semi-Modular 80+ Gold Certified ATX,Silverstone,Essential,750W Gold,,08501033-5dff-4a56-9bdb-f8dae315f3a7.json,BLACK | BLUE,1,1,0,3,0,4,9,,,80+ Gold,False,ATX,B078WC5471,,,,N82E16817256206,998675999,160,,,,SST-ET750-HG,Semi-Modular,750
0853ec1f-3d46-462c-b0b5-826114db337f,G.Skill PS850P Black 850W Fully Modular 80+ Platinum Certified,G.Skill,PS850P,850W Platinum,,0853ec1f-3d46-462c-b0b5-826114db337f.json,BLACK,1,2,0,8,0,6,12,,,80+ Platinum,False,ATX,,,,,,,180,,,,GP-PL850A-CWV1,Full,850
08568817-5af5-454d-9390-ba3895f8fd79,Silverstone Essential Black 750W Non-Modular 80+ Bronze,Silverstone,Essential,750W Bronze,,08568817-5af5-454d-9390-ba3895f8fd79.json,BLACK,1,1,0,3,0,4,6,,,80+ Bronze,False,ATX,,,,,,,140,,,,SST-ET750-B,Non-Modular,750
08796fb9-baed-41d8-b676-08cec8542ba4,In Win Commander III 700W Semi-Modular 80+ Gold Certified,In Win,Commander,700W Gold,,08796fb9-baed-41d8-b676-08cec8542ba4.json,,1,0,0,0,0,0,9,,,80+ Gold,False,ATX,,,,,,,160,,,,Commander III 700,Semi-Modular,700
08830d6b-e7fc-41eb-b5a1-6d6c1c90b6df,Xigmatek NRP-MC1002 1000W 80+ Bronze Certified Fully Modular ATX,Xigmatek,NRP-MC1002,1000W Bronze,,08830d6b-e7fc-41eb-b5a1-6d6c1c90b6df.json,,1,2,0,6,0,3,10,,,80+ Bronze,False,ATX,,,,,,,180,,,,NRP-MC1002,Full,1000
08e59cd7-a286-4d1f-917c-aa2b1816067e,MSI MAG A850GL PCIE5 White 850W Fully Modular 80+ Gold ATX,MSI,MAG,850W Gold,,08e59cd7-a286-4d1f-917c-aa2b1816067e.json,WHITE,1,0,0,0,0,0,8,,,80+ Gold,False,ATX,B0CT41HW5J,,,,N82E16817701024,5323771156,140,,,,MAG A850GL PCIE5 WHITE | 306-7ZP8A24-CE0 | MAGA850GLPCIE5WT,Full,850
090a81f7-6225-4024-901a-374ffdefbdb5,ADATA XPG CYBERCORE II Black 1300W Fully Modular 80+ Platinum,ADATA,XPG,1300W Platinum,,090a81f7-6225-4024-901a-374ffdefbdb5.json,BLACK,1,2,0,8,1,10,12,,,80+ Platinum,False,ATX,B0CB97PPVJ,,,,1HU-022B-00058,1002350135,160,,,,CYBERCOREII1300P-BKCUS | CYBERCOREII1300P-BKCEU | CYBERCOREII1300P-BKCAU | CYBERCOREII1300P-BKCGB,Full,1300
095cc004-9fd3-4545-97f2-02997a072b51,Corsair RM1200x SHIFT Side Interface 1200W Fully Modular 80+ Gold,Corsair,RM1200x,1200W Gold,,095cc004-9fd3-4545-97f2-02997a072b51.json,BLACK,1,0,0,0,0,0,16,,,80+ Gold,False,ATX,B0BP88MYM4,6532108,,,N82E16817139304,2616808015,180,,,,CP-9020254-NA | CP-9020254-UK | CP-9020254-AU | CP-9020254-EU,Non-Modular,1200
09721473-18d0-4679-a3d6-1a22763849ed,Silverstone DA850R-GMA White 850W Fully Modular 80+ Gold Certified,Silverstone,DA850R-GMA,850W Gold,,09721473-18d0-4679-a3d6-1a22763849ed.json,WHITE,1,2,0,4,1,4,8,,,80+ Gold,False,ATX,,,,,,,140,,,,SST-DA850R-GMA-WWW,Full,850
0975b8e5-7bbe-42f7-94bc-5000c3429361,Xilence XP530R8 Black / Red ATX 530W Non-Modular 80+ Bronze Certified,Xilence,XP530R8,530W Bronze,,0975b8e5-7bbe-42f7-94bc-5000c3429361.json,BLACK | RED,1,1,0,4,0,2,6,,,80+ Bronze,False,ATX,,,,,,,140,,,,XN061,Non-Modular,530
097aa648-01a4-4706-bdda-16862c34e482,EVGA SuperNOVA 1300 GT 1300W Fully Modular 80+ Gold,EVGA,SuperNOVA,1300W Gold,,097aa648-01a4-4706-bdda-16862c34e482.json,BLACK,1,2,0,8,0,8,12,,,80+ Gold,False,ATX,B09JL3TWTF,6500780,,,N82E16817438231,898584332,180,,,,220-GT-1300-X1,Full,1300
098fbda4-8d27-4952-bc8a-cbd4610178d2,Enermax REVOLUTION DUO 700W Non-Modular 80+ Gold Certified,Enermax,REVOLUTION,700W Gold,,098fbda4-8d27-4952-bc8a-cbd4610178d2.json,BLACK,1,1,0,4,0,4,8,,,80+ Gold,False,ATX,,,,,,,140,,,,ERD700AWL-F,Non-Modular,700
0993b5c5-cfe1-4e15-a54c-337e7aefc57e,Thermaltake Litepower 650W Non-Modular,Thermaltake,Litepower,650W ,,0993b5c5-cfe1-4e15-a54c-337e7aefc57e.json,,1,1,0,6,0,2,5,,,,False,ATX,B01N57NC8B,,,,,,140,,,,PS-LTP-0650NPCNUS-F | PS-LTP-0650NPCNEU-2,Non-Modular,650
099aa583-5c2c-4d87-a163-b257d9b7d8cf,RMx Series™ RM650x — 650 Watt 80 PLUS Gold Fully Modular ATX PSU,Corsair,RM650x,,2021,099aa583-5c2c-4d87-a163-b257d9b7d8cf.json,,1,2,0,0,0,0,7,,,80+ Gold,False,ATX,B08R5Q1W7R,6492019,,,N82E16817139270,847339730,160,,,,CP-9020198-NA,Full,650
099e6fa4-3fb4-4870-aad6-b4a7f7a27e4c,Thermaltake EVO_Blue ATX 650W Semi-modular 80+ Gold Certified,Thermaltake,EVO_Blue,650W Gold,,099e6fa4-3fb4-4870-aad6-b4a7f7a27e4c.json,,1,1,0,4,0,4,6,,,80+ Gold,False,ATX,,,,,,,160,,,,EVO-650MPCGUS-A,Semi-Modular,650
09c490fc-2aef-4088-bdf0-102cfe5a7d21,1STPLAYER NGDP ATX 3.0 1000W Fully Modular 80+ Platinum Certified,1STPLAYER,NGDP,1000W Platinum,,09c490fc-2aef-4088-bdf0-102cfe5a7d21.json,WHITE,1,0,0,0,0,0,12,,,80+ Platinum,False,ATX,,,,,,,140,,,,NGDP-PLT-1000-WH-US,Full,1000
09c80999-c067-4474-b3d4-84e9391c9161,NOX Hummer 650W Semi-Modular 80+ Bronze Certified,NOX,Hummer,650W Bronze,,09c80999-c067-4474-b3d4-84e9391c9161.json,,1,1,0,4,0,2,6,,,80+ Bronze,False,ATX,,,,,,,160,,,,NXHM650BZ,Semi-Modular,650
09c92231-5a4f-4a2c-897c-8d5e7ea1db80,CoolMax CUQ-1350B ATX 1350W Non-Modular 80+ Certified,CoolMax,CUQ-1350B,1350W 80+,,09c92231-5a4f-4a2c-897c-8d5e7ea1db80.json,,1,1,0,9,0,2,9,,,80+,False,ATX,,,,,,,218,,,,CUQ-1350B,Non-Modular,1350
09cfd01d-b37d-408f-a327-6a59d955b4b4,Antec True Power 550W 80+ Bronze Certified Fully Modular,Antec,True,550W Bronze,,09cfd01d-b37d-408f-a327-6a59d955b4b4.json,,1,1,0,9,0,1,9,,,80+ Bronze,False,ATX,,,,,,,150,,,,TP-550,Full,550
0a038269-8733-4a52-b67f-7a5060959c68,SeaSonic SSP-300TBS TFX 300W Non-Modular 80+ Bronze Certified,SeaSonic,SSP-300TBS,300W Bronze,,0a038269-8733-4a52-b67f-7a5060959c68.json,GREY,1,0,0,1,0,0,3,,,80+ Bronze,False,TFX,B06XW8HK71,,,,,,140,,,,SSP-300TBS | NA,Non-Modular,300
0a0dff6f-6454-4068-9c5b-6b74dd3c7222,LEPA MX-F1 ATX 400W Non-Modular,LEPA,MX-F1,400W ,,0a0dff6f-6454-4068-9c5b-6b74dd3c7222.json,,1,1,0,4,0,1,5,,,,False,ATX,,,,,,,140,,,,N400-SB,Non-Modular,400
0a1c8fe8-8b2d-4db0-8e9a-e41d6076c4e4,LC-Power LC6650GP3 V2.3 230V ATX 650W Non-Modular 80+ Silver Certified,LC-Power,LC6650GP3,650W Silver,,0a1c8fe8-8b2d-4db0-8e9a-e41d6076c4e4.json,BLACK,1,1,0,2,0,2,6,,,80+ Silver,False,ATX,,,,,,,160,,,,LC6650GP3 V2.3,Non-Modular,650
0a2050c2-b4a0-454c-be91-1141cb7fa49b,Cooler Master MWE Gold V2 White ATX3.0 750W Fully Modular 80+ Gold Certified,Cooler Master,MWE,750W Gold,,0a2050c2-b4a0-454c-be91-1141cb7fa49b.json,WHITE,1,2,0,4,1,4,12,,,80+ Gold,False,ATX,,,,,,,160,,,,MPE-7501-AFAAG-3G | MPE-7501-AFAAG-3GU2 | MPE-7501-AFAAG-3GAU | MPE-7501-AFAAG-3GUS | MPE-7501-AFAAG-3GWO | MPE-7501-AFAAG-3GEU | MPE-7501-AFAAG-3GUK,Full,750
0a3b2874-fce1-404a-acc5-de4f1982c8e1,PC Power & Cooling Silencer MK III 600W 80+ Bronze Certified Semi-Modular,PC Power & Cooling,Silencer,600W Bronze,,0a3b2874-fce1-404a-acc5-de4f1982c8e1.json,,1,2,0,3,0,2,6,,,80+ Bronze,False,ATX,,,,,,,160,,,,PPCMK3S600,Semi-Modular,600
0a455c64-4d39-4b46-af14-324c6a847948,SeaSonic FOCUS Plus Platinum 750 W 80+ Platinum Certified Fully Modular ATX Power Supply,SeaSonic,FOCUS Plus Platinum,,2017,0a455c64-4d39-4b46-af14-324c6a847948.json,,1,2,0,3,0,4,8,,,80+ Platinum,False,ATX,B07W4PLZWH,,,,,,140,,,,FOCUS PX-750 | SSR-750PX,Full,750
0a46386d-528c-4dd1-be34-65b1f023ce03,Fractal Design Newton R3 ATX 600W Semi-Modular 80+ Platinum Certified,Fractal Design,Newton,600W Platinum,,0a46386d-528c-4dd1-be34-65b1f023ce03.json,,1,1,0,4,0,4,9,,,80+ Platinum,False,ATX,,,,,,,165,,,,FD-PSU-NT3B-600W,Semi-Modular,600
0a55c5e5-9b5b-4193-ba37-1301473175a7,Lian Li SP Platinum 1000W Black SP1000P,Lian Li,SP Platinum,1000W Black,2025,0a55c5e5-9b5b-4193-ba37-1301473175a7.json,BLACK,1,2,,4,1,3,7,,,80+ Platinum,False,SFX,B0FN7FJ2CM,,,https://lian-li.com/product/sp-platinum/,,18971561623,100,,2025-12-31T21:04:30.763Z,,SP1000P | SP1000P.B,Full,1000
0a5fabee-74d8-4a72-97f7-f7f4de37b26e,BitFenix Formula Gold 650W Non-Modular 80+ Gold Certified,BitFenix,Formula,650W Gold,,0a5fabee-74d8-4a72-97f7-f7f4de37b26e.json,,1,1,0,4,0,4,8,,,80+ Gold,False,ATX,,,,,,,140,,,,BP-FM650ULAG-7R | BP-FM650ULAG-8R | BP-FM650ULAG-9R,Non-Modular,650
0a837e55-b56f-4d80-866d-f0e53709171a,Apevia ATX-JP1000W 1000W Non-Modular 80+ Bronze Certified ATX,Apevia,ATX-JP1000W,1000W Bronze,,0a837e55-b56f-4d80-866d-f0e53709171a.json,,1,1,0,4,0,4,4,,,80+ Bronze,False,ATX,,,,,,,158,,,,ATX-JP1000W,Non-Modular,1000
0a88d240-2559-44fb-bf72-3e43885512da,Phanteks AMP ATX 850W Fully Modular 80+ Gold Certified,Phanteks,AMP,850W Gold,,0a88d240-2559-44fb-bf72-3e43885512da.json,BLACK,1,2,0,5,0,6,10,,,80+ Gold,False,ATX,,,,,,,140,,,,PH-P850G | PH-P850G_BK,Full,850
0a8edfe3-1f88-429b-ba03-7401b52ed0ee,NOX Hummer GD 750W Non-Modular 80+ Gold Certified,NOX,Hummer,750W Gold,,0a8edfe3-1f88-429b-ba03-7401b52ed0ee.json,,1,1,0,3,0,4,5,,,80+ Gold,False,ATX,,,,,,,140,,,,NXHUMMER750GD,Non-Modular,750
0a95d8d5-b6db-40e0-806a-773080e1f76b,Corsair CS450M 450W Semi-Modular 80+ Gold Certified ATX,Corsair,CS450M,450W Gold,,0a95d8d5-b6db-40e0-806a-773080e1f76b.json,,1,1,0,3,0,1,4,,,80+ Gold,False,ATX,,,,,,,139,,,,CS450M | CP-9020075-UK | CP-9020075-NA | CP-9020075-EU,Semi-Modular,450
0ab37fbc-a57e-4e21-9756-b59c943f8202,Super Flower LEADEX Special Edition 1000W Fully Modular 80+ Platinum Certified,Super Flower,LEADEX,1000W Platinum,,0ab37fbc-a57e-4e21-9756-b59c943f8202.json,BLACK,1,2,0,5,0,6,10,,,80+ Platinum,False,ATX,,,,,,,180,,,,SF-1000F14MP v1.0,Full,1000
0ad8a362-53af-44f1-ac53-b2fa5fa18003,SeaSonic G12 GC Black / Blue 550W Non-Modular 80+ Gold Certified,SeaSonic,G12,550W Gold,,0ad8a362-53af-44f1-ac53-b2fa5fa18003.json,BLACK | BLUE,1,1,0,3,0,2,3,,,80+ Gold,False,ATX,,,,,,,140,,,,G12-GC-550,Non-Modular,550
0adbe428-81af-4efc-b330-4a31e2641f8e,Rosewill HIVE 750W Semi-Modular 80+ Bronze Certified,Rosewill,HIVE,750W Bronze,,0adbe428-81af-4efc-b330-4a31e2641f8e.json,,1,2,0,6,0,4,8,,,80+ Bronze,False,ATX,,,,,,,160,,,,Hive-750,Semi-Modular,750
0ae3873e-9cf0-4b43-b5a5-ca515968ac98,Antec Earthwatts Green 430W Non-Modular 80+ Certified,Antec,Earthwatts,430W 80+,,0ae3873e-9cf0-4b43-b5a5-ca515968ac98.json,,1,1,0,6,0,0,4,,,80+,False,ATX,,,,,,,140,,,,EA430 | EA-430 Green,Non-Modular,430
0af1a9aa-f406-4c00-884e-38be42247285,be quiet! Dark Power Pro 10 550W Semi-Modular 80+ Gold Certified,be quiet!,Dark,550W Gold,,0af1a9aa-f406-4c00-884e-38be42247285.json,,1,2,0,6,0,4,9,,,80+ Gold,False,ATX,,,,,,,180,,,,BN600 | BN200,Semi-Modular,550
0af1cf1a-3764-44c7-a895-11c021679dce,Corsair CX650F White / Black 650W Fully Modular 80+ Bronze Certified,Corsair,CX650F,650W Bronze,,0af1cf1a-3764-44c7-a895-11c021679dce.json,WHITE | BLACK,1,2,0,4,0,4,7,,,80+ Bronze,False,ATX,,,,,,,140,,,,CP-9020226-NA,Full,650
0af73dac-c36d-4ddd-94d6-36370cbba30a,be quiet! Straight Power 11 750W Fully Modular Power Supply 80 PLUS Gold,be quiet!,Straight Power 11,,2019,0af73dac-c36d-4ddd-94d6-36370cbba30a.json,,1,1,1,4,0,4,11,,,80+ Gold,False,ATX,B085WVQD1Z,,,,,,160,,,,BN640 | BN281,Full,750
0b1a25a1-276e-4922-b1ea-a14c16d86a2d,SeaSonic PRIME Fanless Black 700W Fully Modular 80+ Titanium Certified,SeaSonic,PRIME,700W Titanium,,0b1a25a1-276e-4922-b1ea-a14c16d86a2d.json,BLACK,1,2,0,5,0,4,10,,,80+ Titanium,True,ATX,B087Z71TBY,,,,,,170,,,,PRIME FANLESS TX-700 | PRIME-TX-700 | Prime TX 700 Fanless | SSR-700TL,Full,700
0b1a658c-ac49-471b-aa84-4ab980d82691,Thermaltake Toughpower ATX 1500W Semi-Modular 80+ Silver Certified,Thermaltake,Toughpower,1500W Silver,,0b1a658c-ac49-471b-aa84-4ab980d82691.json,,1,2,0,8,0,8,12,,,80+ Silver,False,ATX,,,,,,,220,,,,TP-1500M,Semi-Modular,1500
0b42a819-063f-4888-81a9-784fb20da2d4,be quiet! Dark Power Pro 11 1200W 80+ Platinum Certified Semi-Modular,be quiet!,Dark,1200W Platinum,,0b42a819-063f-4888-81a9-784fb20da2d4.json,,1,2,0,8,0,8,10,,,80+ Platinum,False,ATX,,,,,,,193,,,,BN255 | BN655,Semi-Modular,1200
0b57f38b-5db8-42ad-b9f8-e80b997777af,Antec High 750W Semi-Modular 80+ Bronze Certified,Antec,High,750W Bronze,,0b57f38b-5db8-42ad-b9f8-e80b997777af.json,,1,1,0,6,0,4,9,,,80+ Bronze,False,ATX,,,,,,,170,,,,HCG-750M,Semi-Modular,750
0b5a8250-b15f-412f-bdd1-2e5e7459f6fb,GameMax Rampage ATX 500W Non-Modular 80+ Bronze Certified,GameMax,Rampage,500W Bronze,,0b5a8250-b15f-412f-bdd1-2e5e7459f6fb.json,BLACK,1,0,0,0,0,0,6,,,80+ Bronze,False,ATX,,,,,,,160,,,,GMXRPG500,Non-Modular,500
0b6ae5ec-276e-4bad-bee8-346405bc3bb6,Thermaltake Toughpower XT 1375W Semi-Modular 80+ Gold Certified,Thermaltake,Toughpower,1375W Gold,,0b6ae5ec-276e-4bad-bee8-346405bc3bb6.json,,1,2,0,8,0,6,16,,,80+ Gold,False,ATX,,,,,,,199,,,,TPX-1375M,Semi-Modular,1375
0b7ca1b0-13b2-425e-8228-107aa7f5c91c,Cooler Master Silent Pro Hybrid 850W Fully Modular 80+ Gold,Cooler Master,Silent,850W Gold,,0b7ca1b0-13b2-425e-8228-107aa7f5c91c.json,,1,2,0,5,0,6,12,,,80+ Gold,False,ATX,,,,,,,177,,,,RS-850-SPHA-D3,Full,850
0bb796d5-bbd1-494e-aecb-04704424a2c8,SeaSonic CORE GM Black ATX 550W Semi-Modular 80+ Gold Certified,SeaSonic,CORE,550W Gold,,0bb796d5-bbd1-494e-aecb-04704424a2c8.json,BLACK,1,1,0,3,0,2,6,,,80+ Gold,False,ATX,,,,,,,140,,,,CORE-GM-550,Semi-Modular,550
0bddd6e7-5363-4679-9115-088d7aed9ad5,GAMDIAS KRATOS P1 G 750W Non-Modular 80+ Gold Certified ATX,GAMDIAS,KRATOS,750W Gold,,0bddd6e7-5363-4679-9115-088d7aed9ad5.json,BLACK,1,2,0,3,0,4,8,,,80+ Gold,False,ATX,B08W56VRL5,,,,,897439392,140,,,,KRATOS P1A-750G | GD-KRATOS P1A-750G,Non-Modular,750
0bfedca4-70dc-4b68-a2cc-c262b5b2f767,Asus TUF Gaming Black 650B 650W Non-Modular 80+ Bronze Certified ATX,Asus,TUF,650W Bronze,,0bfedca4-70dc-4b68-a2cc-c262b5b2f767.json,BLACK,1,0,0,0,0,0,5,,,80+ Bronze,False,ATX,B08MV7FBPS,,,,9SIBTK0K917220,779387346,150,,,,TUF-GAMING-650B | 90YE00D1-B0NA00,Non-Modular,650
0c19a18c-604b-4463-a582-e7bed7bbbabf,Corsair TX750M Black 750W 80+ Gold Semi-Modular,Corsair,TX750M,750W Gold,,0c19a18c-604b-4463-a582-e7bed7bbbabf.json,BLACK,1,2,0,4,0,4,7,,,80+ Gold,False,ATX,,,,,,,140,,,,CP-9020230-EU | CP-9020230-UK,Semi-Modular,750
0c297025-d0a0-4991-ab6f-8c6222670c76,Thermaltake Litepower 600W Non-Modular,Thermaltake,Litepower,600W ,,0c297025-d0a0-4991-ab6f-8c6222670c76.json,,1,1,0,4,0,2,5,,,,False,ATX,,,,,,,140,,,,W0355RA,Non-Modular,600
0c3b6c90-bc6f-42fd-b2db-1521d757be70,FSP Group HEXA Black 550W Non-Modular 80+ Bronze Certified,FSP Group,HEXA,550W Bronze,,0c3b6c90-bc6f-42fd-b2db-1521d757be70.json,BLACK,1,2,0,2,0,2,8,,,80+ Bronze,False,ATX,,,,,,,140,,,,HA2-550 | PPA5505500,Non-Modular,550
0c5be268-6bfe-4888-83b5-fcfc4348d778,be quiet! Straight Power 11 750W Quiet Performance Power Supply | 80 Plus® Gold Efficiency | Modular Power Supply | Fully Modular | BN619,be quiet!,Straight Power 11,,2018,0c5be268-6bfe-4888-83b5-fcfc4348d778.json,,1,1,1,4,0,4,11,,,80+ Gold,False,ATX,B085ZBT81N,,,,,,160,,,,BN642 | BN619,Full,750
0c72df96-f512-4739-b089-ece7672fb117,Thermalright TG ATX 850W Fully Modular 80+ Gold Certified,Thermalright,TG,850W Gold,,0c72df96-f512-4739-b089-ece7672fb117.json,BLACK,1,1,0,5,1,4,10,,,80+ Gold,False,ATX,,,,,,,140,,,,TG-850 | TR-TG-850,Full,850
0c79b5cd-f659-43ad-a647-6e4ebe84e472,NZXT HALE90 V2 ATX 850W Fully Modular 80+ Gold Certified,NZXT,HALE90,850W Gold,,0c79b5cd-f659-43ad-a647-6e4ebe84e472.json,,1,0,0,0,0,0,12,,,80+ Gold,False,ATX,,,,,,,190,,,,HALE90 V2 850W,Full,850
0c8c9b3a-c24e-41b1-94c6-a972b42f1478,Thermaltake Smart ATX 650W 80+ Bronze Certified Semi-Modular,Thermaltake,Smart,650W Bronze,,0c8c9b3a-c24e-41b1-94c6-a972b42f1478.json,,1,1,0,4,0,2,6,,,80+ Bronze,False,ATX,,,,,,,160,,,,SP-650M,Semi-Modular,650
0c96321e-1ae3-4dae-aaf2-89a57aeb8d4b,Fractal Design Anode Bronze SFX 450W Non-Modular 80+ Bronze Certified,Fractal Design,Anode,450W Bronze,,0c96321e-1ae3-4dae-aaf2-89a57aeb8d4b.json,BLACK,1,1,0,0,0,2,3,,,80+ Bronze,False,SFX,,,,,,,100,,,,FD-P-AS2B-450 | FD-P-AS2B-450-EU | FD-P-AS2B-450-UK,Non-Modular,450
0cab6e77-f0f5-4209-afb9-afa0d227748b,GameMax GM ATX 500W Semi-Modular 80+ Bronze Certified,GameMax,GM,500W Bronze,,0cab6e77-f0f5-4209-afb9-afa0d227748b.json,BLACK,1,1,0,3,0,1,5,,,80+ Bronze,False,ATX,,,,,,,160,,,,GM-500,Semi-Modular,500
0cc21f73-bcbf-46e2-9c6c-158a0bbbc078,KOLINK KL-400 Black ATX 400W Non-Modular 80+ Bronze Certified,KOLINK,KL-400,400W Bronze,,0cc21f73-bcbf-46e2-9c6c-158a0bbbc078.json,BLACK,1,1,0,2,0,1,3,,,80+ Bronze,False,ATX,,,,,,,150,,,,KL-400,Non-Modular,400
0cc671f4-5318-482e-9268-57a7d6e7a7bc,MSI MEG Ai-T PCIE5 Black / Gold 1600W Fully Modular 80+ Titanium Certified,MSI,MEG,1600W Titanium,,0cc671f4-5318-482e-9268-57a7d6e7a7bc.json,BLACK | GOLD,1,2,0,8,2,9,8,,,80+ Titanium,False,ATX,B0DT2Y6RSD,6629565,,,N82E16817701028,15094902624,190,,,,MEG Ai1600T PCIE5 | MEGAi1600TPCIE5 | 306-7ZPEX11-CE0,Full,1600
0cf5f58b-f3fe-4714-865c-fded0428440e,GameMax GM-1050 1050W Semi-Modular 80+ Silver,GameMax,GM-1050,1050W Silver,,0cf5f58b-f3fe-4714-865c-fded0428440e.json,,1,1,0,3,0,4,8,,,80+ Silver,False,ATX,,,,,,,160,,,,GM-1050,Semi-Modular,1050
0d010a73-2bc2-4db2-bf70-9760155a77cc,MSI MAG A500DN Black ATX 500W Non-Modular 80+,MSI,MAG,500W 80+,,0d010a73-2bc2-4db2-bf70-9760155a77cc.json,BLACK,1,1,0,2,0,2,5,,,80+,False,ATX,,,,,,,140,,,,MAG A500DN,Non-Modular,500
0d0dd96d-3961-47dd-9171-ed7568b429a6,SeaSonic FOCUS Plus Black 1000W Fully Modular 80+ Gold Certified ATX,SeaSonic,FOCUS,1000W Gold,,0d0dd96d-3961-47dd-9171-ed7568b429a6.json,BLACK,1,2,0,3,0,6,10,,,80+ Gold,False,ATX,,,,,,,,,,,SSR-1000FX,Full,1000
0d25f395-c6ff-4800-96c0-6b9ca9db8aa5,Super Flower Leadex V Pro White 1000W Fully Modular 80+ Gold Certified,Super Flower,Leadex,1000W Gold,,0d25f395-c6ff-4800-96c0-6b9ca9db8aa5.json,WHITE,1,2,0,4,0,8,12,,,80+ Gold,False,ATX,,,,,,,130,,,,SF-1000F14TG(WH),Full,1000
0d487f38-f437-414d-8bd7-3c81a7697fee,Antec NeoECO Gold 650W Fully Modular 80+ Gold,Antec,NeoECO,650W Gold,,0d487f38-f437-414d-8bd7-3c81a7697fee.json,,1,2,0,3,0,4,8,,,80+ Gold,False,ATX,,,,,,,140,,,,NE650G M | X7000A078-20,Full,650
0d4db8eb-8908-466b-9397-945c8374bce9,Segotep GP700G Black ATX 700W Non-Modular 80+ Gold Certified,Segotep,GP700G,700W Gold,,0d4db8eb-8908-466b-9397-945c8374bce9.json,BLACK,1,2,0,5,0,4,7,,,80+ Gold,False,ATX,,,,,,,160,,,,GP700G,Non-Modular,700
0d6e0fec-4ca0-496b-b73d-aaf963c6139d,SeaSonic S12III Black 500W Non-Modular 80+ Bronze Certified,SeaSonic,S12III,500W Bronze,,0d6e0fec-4ca0-496b-b73d-aaf963c6139d.json,BLACK,1,0,0,0,0,0,4,,,80+ Bronze,False,ATX,B07MWG3911,,,,,,140,,,,SSR-500GB3,Non-Modular,500
0d707b52-7d6e-4824-8126-84c7c1bd830b,Corsair RM750 750W 80+ Gold Certified Fully Modular ATX,Corsair,RM750,750W Gold,,0d707b52-7d6e-4824-8126-84c7c1bd830b.json,BLACK,1,0,0,0,0,0,14,,,80+ Gold,False,ATX,B093NL61FB,,,,,744128795,160,,,,CP-9020234-NA | CP-9020234-UK | CP-9020234-AU,Full,750
0d8cc17c-78d3-40e2-94d8-2e56cb064be1,Enermax ERV1000EWT-G 1000W 80+ Gold Certified Semi-Modular,Enermax,ERV1000EWT-G,1000W Gold,,0d8cc17c-78d3-40e2-94d8-2e56cb064be1.json,,1,2,0,8,0,6,12,,,80+ Gold,False,ATX,,,,,,,175,,,,ERV1000EWT-G,Semi-Modular,1000
0da40573-02de-423e-8e1d-6d8a0c82cf21,FSP Group Hydro PTM PRO Gen5 Black 1350W Fully Modular 80+ Platinum Certified,FSP Group,Hydro,1350W Platinum,,0da40573-02de-423e-8e1d-6d8a0c82cf21.json,BLACK,1,2,0,4,2,4,12,,,80+ Platinum,False,ATX,,,,,,,180,,,,HPT2-1350M | HPT2-1350M-GEN5,Full,1350
0dda129a-fc56-49f0-9e24-dc65e272c49b,SeaSonic S12II ATX 520W Non-Modular 80+ Bronze Certified,SeaSonic,S12II,520W Bronze,,0dda129a-fc56-49f0-9e24-dc65e272c49b.json,,1,1,0,4,0,1,6,,,80+ Bronze,False,ATX,,,,,,,140,,,,S12II 520 Bronze | S12II-520 | SS-520GB | SS-520GB F3,Non-Modular,520
0de97244-1e05-4dde-ac60-e78d785fecfa,"Rosewill CMG 850W 80+ Gold Full Modular, FDB Fan with Auto Speed Control, ECO Mode, Japanese Capacitors, 140mm Size, Power Supply - CMG850",Rosewill,CMG,850W,,0de97244-1e05-4dde-ac60-e78d785fecfa.json,,1,2,0,0,0,0,0,,,80+ Gold,False,ATX,B00NXKRP6Q,,,,,195086252,,,,,PHOTON-850 | CMG850,Full,850
0ded722e-afc7-4adb-9a90-5dfe12fccd88,FSP Group Hydro PTM 650W Fully Modular 80+ Platinum Certified,FSP Group,Hydro,650W Platinum,,0ded722e-afc7-4adb-9a90-5dfe12fccd88.json,BLACK,1,2,0,3,0,4,12,,,80+ Platinum,False,ATX,,,,,,,170,,,,HPT650M,Full,650
0dffff5d-5317-4d65-a5d6-a974a326a78a,Thermaltake Toughpower GF3 TT Premium Black 750W 80+ Gold Certified Fully Modular,Thermaltake,Toughpower,750W Gold,,0dffff5d-5317-4d65-a5d6-a974a326a78a.json,BLACK,1,0,0,0,0,0,12,,,80+ Gold,False,ATX,B0BF4MCGBS,6535774,,,N82E16817153439,1596408228,160,,,,PS-TPD-0750FNFAGU-4 | PS-TPD-0750FNFAGA-4 | PS-TPD-0750FNFAGE-4,Full,750
0e013af4-be7c-4c3a-93c6-f45181f6dd45,Super Flower Zillion FG 650W Fully Modular 80+ Gold,Super Flower,Zillion,650W Gold,,0e013af4-be7c-4c3a-93c6-f45181f6dd45.json,BLACK,1,1,0,3,1,2,8,,,80+ Gold,False,ATX,,,,,,,140,,,,SF-650Z12FG,Full,650
0e1d710b-c5e2-4ec3-beb8-a65102b7cdc6,Corsair CV650 Black 650W Non-Modular 80+ Bronze Certified ATX,Corsair,CV650,650W Bronze,,0e1d710b-c5e2-4ec3-beb8-a65102b7cdc6.json,BLACK,1,0,0,0,0,0,10,,,80+ Bronze,False,ATX,B0838YDBP3,,,,9SIB8AKKAN3207,,125,,,,CP-9020236-NA | CP-9020211-NA | CP-9020236-UK | CP-9020236-EU | CP-9020236-AU,Non-Modular,650
0e4c5b20-e6f7-44b2-80ab-156b9cdd3177,Corsair HX850i ATX 850W 80+ Platinum Certified Fully Modular,Corsair,HX850i,850W Platinum,,0e4c5b20-e6f7-44b2-80ab-156b9cdd3177.json,,1,2,0,12,0,6,12,,,80+ Platinum,False,ATX,B00M2UIXX2,,,,,,180,,,,CP-9020073 | CP-9020073-UK | HX850i | CMPSU-HX850i | CP-9020073-NA | CP-9020073-EU,Full,850
0e604c7e-7df2-4eee-bcd6-e3a713ed0b47,ADATA XPG CORE Reactor 850 Black 850W Fully Modular 80+ Gold,ADATA,XPG,850W Gold,,0e604c7e-7df2-4eee-bcd6-e3a713ed0b47.json,BLACK,1,2,0,4,0,6,12,,,80+ Gold,False,ATX,B07Z8J5JJ5,,,,,,140,,,,COREREACTOR850G-BKCUS | 75260042 | COREREACTOR850G-BKCEU,Full,850
0e868cb3-d5f1-4ca6-8bd2-5fd25301253d,Phanteks AMP White 1000W 80+ Gold Fully Modular,Phanteks,AMP,1000W Gold,,0e868cb3-d5f1-4ca6-8bd2-5fd25301253d.json,WHITE,1,2,0,5,0,6,10,,,80+ Gold,False,ATX,B0BWQ5V6RR,,,,N82E16817987019,3509397520,140,,,,PH-P1000G_WT | PH-P1000G_WT01 | PH-P1000G_WT02,Full,1000
0e8ac544-e1d5-4b28-b6a4-b0a8e5a00209,FSP Group PT1000FM 1000W Fully Modular 80+ Platinum,FSP Group,PT1000FM,1000W Platinum,,0e8ac544-e1d5-4b28-b6a4-b0a8e5a00209.json,,1,2,0,6,0,8,13,,,80+ Platinum,False,ATX,,,,,,,190,,,,PT1000FM,Full,1000
0e920c68-2f9e-465d-8818-ab335feeca84,GameMax GT TFX 300W Non-Modular 80+ Bronze Certified,GameMax,GT,300W Bronze,,0e920c68-2f9e-465d-8818-ab335feeca84.json,GREY,1,1,0,1,0,0,3,,,80+ Bronze,False,TFX,,,,,,,175,,,,GT-300,Non-Modular,300
0e99157b-e12b-43cf-ac71-a6cf5bfb47ff,Enhance ENP-7660 Flex ATX 600W Non-Modular 80+ Platinum Certified,Enhance,ENP-7660,600W Platinum,,0e99157b-e12b-43cf-ac71-a6cf5bfb47ff.json,GREY,1,1,0,3,0,2,4,,,80+ Platinum,False,Flex ATX,,,,,,,150,,,,ENP-7660,Non-Modular,600
0e9b870e-2c6c-4594-a8db-8d0779b7086f,SeaSonic Platinum ATX 1000W Fully Modular 80+ Platinum Certified,SeaSonic,Platinum,1000W Platinum,,0e9b870e-2c6c-4594-a8db-8d0779b7086f.json,,1,2,0,8,0,6,11,,,80+ Platinum,False,ATX,,,,,,,190,,,,Platinum-1000 | SS-1000XP,Full,1000
0eac0a9c-a034-419d-9ba9-47b2365a39f2,Phanteks AMP White 850W Fully Modular 80+ Gold,Phanteks,AMP,850W Gold,,0eac0a9c-a034-419d-9ba9-47b2365a39f2.json,WHITE,1,2,0,2,1,3,10,,,80+ Gold,False,ATX,,,,,,,140,,,,PH-P850GH_WT01 | PH-P850GH_WT01_UK | PH-P850GH_WT01_EU,Full,850
0ec5970a-7eae-4790-8ba6-f715f04aa91b,Corsair HX1500i (2025) Black 1500W Fully Modular 80+ Platinum,Corsair,HX1500i,1500W Platinum,,0ec5970a-7eae-4790-8ba6-f715f04aa91b.json,BLACK,1,0,0,0,0,0,8,,,80+ Platinum,False,ATX,B0F1NGKBK3,,,,N82E16817139343,,200,,,,CP-9020309-NA | CP-9020309-AU | CP-9020309-UK | CP-9020309-WW | CP-9020309-EU | CP-9020309,Full,1500
0eca1861-87b8-4abc-ad6a-8605f44aa021,Thermaltake Toughpower Grand RGB 850W Fully Modular 80+ Gold,Thermaltake,Toughpower,850W Gold,,0eca1861-87b8-4abc-ad6a-8605f44aa021.json,,1,2,0,4,0,6,12,,,80+ Gold,False,ATX,B01MQU6CWU,6200000,,,9SIAA9UJVX6899,316090056,160,,,,PS-TPG-0850FPCGUS-R,Full,850
0ecaed55-dba6-49ce-91ea-4ab0115dab9e,Corsair RM750e (2025) White 750W Fully Modular,Corsair,RM,750e,,0ecaed55-dba6-49ce-91ea-4ab0115dab9e.json,WHITE,1,2,0,2,1,3,4,Cybenetics Platinum,Cybenetics Standard+,80+ Gold,False,ATX,B0DZXKXYGY,6621974,31298,https://www.corsair.com/us/en/p/psu/cp-9020292-na/rme-series-rm750e-fully-modular-low-noise-atx-power-supply-white-na-cp-9020292-na?srsltid=AfmBOoo31tBOnXf7MD1ORnGpy9mDTH_XE73spphBGWVThzoHDVpbJw91,N82E16817139340,16341017994,140,,2026-01-30T19:40:37.297Z,,CP-9020292-NA | CP-9020292-UK | CP-9020292-EU | CP-9020292-AU,Full,750
0ed50e77-b2c3-43c2-aac4-cb0f10522ff8,Super Flower Leadex III Black ARGB Pro 750W Fully Modular 80+ Gold Certified,Super Flower,Leadex,750W Gold,,0ed50e77-b2c3-43c2-aac4-cb0f10522ff8.json,BLACK,1,2,0,4,0,6,9,,,80+ Gold,False,ATX,,,,,,,160,,,,SF-750F14RG V2.0,Full,750
0efa1745-6d05-4206-8fee-e29a14850b38,Gigabyte GreenMax Plus ATX 550W Non-Modular 80+ Bronze,Gigabyte,GreenMax,550W Bronze,,0efa1745-6d05-4206-8fee-e29a14850b38.json,,1,1,0,4,0,2,7,,,80+ Bronze,False,ATX,,,,,,,139,,,,GZ-EMS55A-C1,Non-Modular,550
0f50304e-9669-4b02-882e-e12de7e8f88e,SeaSonic CORE GC-500 500W Non-Modular 80+ Gold Certified ATX,SeaSonic,CORE,500W Gold,,0f50304e-9669-4b02-882e-e12de7e8f88e.json,BLACK | YELLOW,1,1,0,3,0,2,4,,,80+ Gold,False,ATX,B07WRDQ2H7,,,,,,140,,,,CORE-GC-500 | CORE-GM-500 | SSR-500LM,Non-Modular,500
0f670965-1852-451e-a9fe-f9f55abef09a,Thermaltake TR2 600W Non-Modular 80+ Gold,Thermaltake,TR2,600W Gold,,0f670965-1852-451e-a9fe-f9f55abef09a.json,,1,1,0,4,0,2,6,,,80+ Gold,False,ATX,,,,,,,140,,,,PS-TR2-0600NPCGUS-G,Non-Modular,600
0f6e5f38-2ad4-4ca8-ad2b-6bd6006dbd06,FSP Group HEXA 85+ PRO Black 850W Non-Modular 80+ Bronze Certified ATX,FSP Group,HEXA,850W Bronze,,0f6e5f38-2ad4-4ca8-ad2b-6bd6006dbd06.json,BLACK,1,2,0,2,0,4,8,,,80+ Bronze,False,ATX,,,,,,,140,,,,HA2-850,Non-Modular,850
0f91d984-ce25-4664-a02c-cfd457cc29b1,Cooler Master Elite ATX 400W Non-Modular,Cooler Master,Elite,400W ,,0f91d984-ce25-4664-a02c-cfd457cc29b1.json,,1,1,0,3,0,0,4,,,,False,ATX,,,,,,,140,,,,RS400-PSARJ3-US,Non-Modular,400
0f9df224-5e3f-495a-b3dd-eeafab50dc58,Corsair VS550 (2018) 550W Non-Modular 80+,Corsair,VS550,550W 80+,,0f9df224-5e3f-495a-b3dd-eeafab50dc58.json,,1,0,0,0,0,0,6,,,80+,False,ATX,B078XXNC3J,,,,9SIB8AKK9U4209,,125,,,,CP-9020171-NA | CP-9020171-UK,Non-Modular,550
0fc9bfd0-9f11-45f3-b27b-7217ff7a2209,Inter-Tech Argus RGB CM II 650W 80+ Gold Semi-Modular,Inter-Tech,Argus,650W Gold,,0fc9bfd0-9f11-45f3-b27b-7217ff7a2209.json,BLACK,1,0,0,0,0,0,6,,,80+ Gold,False,ATX,B089VWCQB6,,,,,,160,,,,88882147,Semi-Modular,650
1002147e-fd78-4bdd-b9f7-a56c5f6f6a28,Kingwin Lazer ATX 660W Fully Modular,Kingwin,Lazer,660W ,,1002147e-fd78-4bdd-b9f7-a56c5f6f6a28.json,,1,1,0,6,0,1,6,,,,False,ATX,,,,,,,165,,,,LZ-660,Full,660
100fe6a2-85b2-40ee-a180-27a1b824a152,SeaSonic PRIME TX 1600W Fully Modular 80+ Titanium Certified ATX,SeaSonic,PRIME,1600W Titanium,,100fe6a2-85b2-40ee-a180-27a1b824a152.json,BLACK | GREY,1,3,0,3,2,8,16,,,80+ Titanium,False,ATX,B09RTFBK1K,,,,,,210,,,,PRIME TX-1600,Full,1600
1012a87e-0ac1-4de8-8af9-9b86ecd3c6a0,Antec True Power ATX 750W Semi-Modular 80+ Bronze Certified,Antec,True,750W Bronze,,1012a87e-0ac1-4de8-8af9-9b86ecd3c6a0.json,,1,1,0,9,0,2,9,,,80+ Bronze,False,ATX,,,,,,,150,,,,TP-750,Semi-Modular,750
101bbc48-6b06-444d-b380-4a424d711673,Sparkle GW-EPS1000DA ATX 1000W Semi-Modular 80+ Gold Certified,Sparkle,GW-EPS1000DA,1000W Gold,,101bbc48-6b06-444d-b380-4a424d711673.json,,1,1,0,9,0,4,12,,,80+ Gold,False,ATX,,,,,,,,,,,GW-EPS1000DA,Semi-Modular,1000
1025d1ee-460b-4366-8fc1-076cc216b9ed,SeaSonic X 650W Fully Modular 80+ Gold,SeaSonic,X,650W Gold,,1025d1ee-460b-4366-8fc1-076cc216b9ed.json,,1,2,0,8,0,4,8,,,80+ Gold,False,ATX,,,,,,,160,,,,SS-650KM,Full,650
10435dca-f113-4d4d-9af8-1f54c1e78b5f,ADATA XPG Core Reactor II VE 850W Fully Modular 80+ Gold Certified,ADATA,XPG,850W Gold,,10435dca-f113-4d4d-9af8-1f54c1e78b5f.json,,1,2,0,2,1,3,6,,,80+ Gold,False,ATX,,,,,,,140,,,,COREREACTORIIVE850G-BKCUS | COREREACTORIIVE850G-BKCBR | COREREACTORIIVE850G-BKCJP | COREREACTORIIVE850G-BKCEU | COREREACTORIIVE850G-BKCAU | COREREACTORIIVE850G-BKCAR | COREREACTORIIVE850G-BKCTW | COREREACTORIIVE850G-BKCZA | COREREACTORIIVE850G-BKCGB,Full,850
109e796d-f113-48b1-bdd9-7837bbad0b96,be quiet! Pure Power 9 400W 80+ Silver Certified Semi-Modular,be quiet!,Pure,400W Silver,,109e796d-f113-48b1-bdd9-7837bbad0b96.json,,1,1,0,2,0,2,5,,,80+ Silver,False,ATX,,,,,,,160,,,,BN266,Semi-Modular,400
10ae69ee-583a-49ba-ac4a-e6972a7bd8f4,be quiet! Straight Power 12 Black 750W Fully Modular 80+ Platinum,be quiet!,Straight Power 12,750W,2023,10ae69ee-583a-49ba-ac4a-e6972a7bd8f4.json,BLACK,1,2,0,2,1,4,9,,,80+ Platinum,False,ATX,B0CC8H91K8,,,https://www.bequiet.com/en/powersupply/4653,1HU-004H-000T0,5149754122,160,,2026-03-16T13:48:03.439Z,Black,BN525 | BN514,Full,750
10b4905c-3404-4090-bcb5-54c3fb1c9c6c,EVGA SuperNOVA 850 B2 850W 80+ Bronze Certified Semi-Modular,EVGA,SuperNOVA,850W Bronze,,10b4905c-3404-4090-bcb5-54c3fb1c9c6c.json,,1,2,0,5,0,4,10,,,80+ Bronze,False,ATX,,,,,,,180,,,,110-B2-0850-V1 | 110-B2-0850-V2 | 110-B2-0850-V3,Semi-Modular,850
10ef21b4-ab73-4bdd-93df-1f5c7cc0be9a,GameMax VP RGB 800W Semi-Modular 80+ Bronze Certified,GameMax,VP,800W Bronze,,10ef21b4-ab73-4bdd-93df-1f5c7cc0be9a.json,BLACK,1,1,0,3,0,2,6,,,80+ Bronze,False,ATX,,,,,,,140,,,,VP-800-RGB-M BK,Semi-Modular,800
1127f38a-3ca8-4bda-8c93-b157339b1a94,Thermalright TB-750 Black 750W Fully Modular 80+ Bronze Certified ATX,Thermalright,TB-750,750W Bronze,,1127f38a-3ca8-4bda-8c93-b157339b1a94.json,BLACK,1,2,0,3,1,3,6,,,80+ Bronze,False,ATX,,,,,,,140,,,,TB-750 | TR-TB750 | TB550S | TB-550S,Full,750
112d5bee-d4d4-4d12-909a-d33ea643a318,Silverstone Essential Black / Yellow 550W Non-Modular 80+ Gold,Silverstone,Essential,550W Gold,,112d5bee-d4d4-4d12-909a-d33ea643a318.json,BLACK | YELLOW,1,1,0,3,0,2,8,,,80+ Gold,False,ATX,B0762R8WJ4,,,,N82E16817256199,951035488,140,,,,SST-ET550-G,Non-Modular,550
11449671-8f3c-4239-9bc4-b9b45ea86f9e,Corsair RM1000e (2025) Black ATX 1000W Fully Modular,Corsair,RM,1000e,,11449671-8f3c-4239-9bc4-b9b45ea86f9e.json,BLACK,1,2,0,2,1,6,4,Cybenetics Platinum,Cybenetics A-,80+ Gold,False,ATX,B0DPR5RZ1T,6611987,30660,https://www.corsair.com/us/en/p/psu/cp-9020264-na/rme-series-rm1000e-fully-modular-low-noise-atx-power-supply-cp-9020264-na?srsltid=AfmBOoodC0ZsJIPRDSlCEHq4Y9ybwtUwa_JXZ0O3ag5oco_9I6eL8WJE,N82E16817139337,15069700086,140,,2026-01-30T19:41:55.059Z,,CP-9020297-NA | CP-9020297-UK | CP-9020297-AU | CP-9020297-EU,Full,1000
114be9e9-9844-474b-9551-77df440a6153,FSP Group DAGGER PRO ATX3.0 SFX 750W Semi-Modular 80+ Gold Certified,FSP Group,DAGGER,750W Gold,,114be9e9-9844-474b-9551-77df440a6153.json,BLACK,1,0,0,0,0,0,6,,,80+ Gold,False,SFX,,,,,,,100,,,,SDA2-750 | Gen5,Semi-Modular,750
11614d3c-ba3c-402e-b275-1643a6e91780,LC-Power LC8550 V2.31 Prophet Black / Blue 550W Semi-Modular 80+ Bronze Certified,LC-Power,LC8550,550W Bronze,,11614d3c-ba3c-402e-b275-1643a6e91780.json,BLACK | BLUE,1,1,0,6,0,2,6,,,80+ Bronze,False,ATX,,,,,,,158,,,,LC8550 V2.31,Semi-Modular,550
117d1897-4adf-49bf-a3d0-5839eba65431,GALAX PGO1AGPFNAFB0 Black ATX 1000W Fully Modular 80+ Gold Certified,GALAX,PGO1AGPFNAFB0,1000W Gold,,117d1897-4adf-49bf-a3d0-5839eba65431.json,BLACK,1,2,0,3,1,3,8,,,80+ Gold,False,ATX,,,,,,,160,,,,PGO1AGPFNAFB0,Full,1000
119628ea-648a-4f1d-9408-af2decac027e,Corsair Vengeance 550M 550W Semi-Modular 80+ Bronze Certified,Corsair,Vengeance,550W Bronze,,119628ea-648a-4f1d-9408-af2decac027e.json,,1,1,0,3,0,2,4,,,80+ Bronze,False,ATX,,,,,,,140,,,,CP-9020111-DE,Semi-Modular,550
11bfbb55-831b-4245-889e-7ccdc085b78c,Deepcool DA700N Black ATX 700W Non-Modular 80+ Bronze Certified,DeepCool,DA700N,700W Bronze,,11bfbb55-831b-4245-889e-7ccdc085b78c.json,BLACK,1,1,0,4,0,4,5,,,80+ Bronze,False,ATX,,,,,,,140,,,,DP-BZ-DA700N,Non-Modular,700
11cb34cd-f22a-4fd8-bf39-7e693a8c0635,FSP Group VITA-750GM 750W Fully Modular 80+ Gold Certified,FSP Group,VITA-750GM,750W Gold,,11cb34cd-f22a-4fd8-bf39-7e693a8c0635.json,BLACK,1,0,0,0,0,0,8,,,80+ Gold,False,ATX,,,,,,,140,,,,VITA-750GM,Full,750
11eca781-729f-4119-bafa-d9ee0640cfe4,Apevia Raptor Black / Red 450W Non-Modular,Apevia,Raptor,450W ,,11eca781-729f-4119-bafa-d9ee0640cfe4.json,BLACK | RED,1,0,0,3,0,0,3,,,,False,ATX,,,,,,,140,,,,ATX-RP450W,Non-Modular,450
11f3f103-e02f-4d32-b93a-fd2f0392962d,Apevia Prestige Black ATX 600W Non-Modular 80+ Gold Certified,Apevia,Prestige,600W Gold,,11f3f103-e02f-4d32-b93a-fd2f0392962d.json,BLACK,1,0,0,0,0,0,4,,,80+ Gold,False,ATX,B07NWZQX1J,,,,9SIA62VKC22570,772260611,160,,,,ATX-RP600W,Non-Modular,600
120e9afd-82a3-43fe-bd5a-34fa707bb1ac,Inter-Tech SAMA XPH-1200A Black 1200W Fully Modular 80+ Platinum,Inter-Tech,SAMA,1200W Platinum,,120e9afd-82a3-43fe-bd5a-34fa707bb1ac.json,BLACK,1,2,0,4,1,3,8,,,80+ Platinum,False,ATX,,,,,,,155,,,,88882233 | SAMA XPH-1200A,Full,1200
1233a5f8-8d37-4563-95c7-cd9fdf308ba6,Thermaltake TR2 600W Non-Modular,Thermaltake,TR2,600W ,,1233a5f8-8d37-4563-95c7-cd9fdf308ba6.json,,1,1,0,4,0,1,6,,,,False,ATX,B0058FAYQ2,,,,,23143396,139,,,,TR-600 | TR2-600W,Non-Modular,600
12564b9c-f6b9-4f57-b17e-6fa80fb27b6d,Aerocool Integrator Black ATX 600W Non-Modular 80+ Bronze Certified,Aerocool,Integrator,600W Bronze,,12564b9c-f6b9-4f57-b17e-6fa80fb27b6d.json,BLACK,1,1,0,3,0,2,5,,,80+ Bronze,False,ATX,,,,,,,140,,,,ACPB-IT60AKC.13,Non-Modular,600
1285571c-00e2-4a1e-8de7-8ebf98c69a7c,Cooler Master V850 Black 850W Fully Modular 80+ Gold Certified ATX,Cooler Master,V850,850W Gold,,1285571c-00e2-4a1e-8de7-8ebf98c69a7c.json,BLACK,1,2,0,4,0,6,9,,,80+ Gold,False,ATX,,,,,,,170,,,,RS850-AFBAG1-US | RS850-AFBAG1-AU,Full,850
12b267f7-5029-48b2-adf7-9a4fc0887c25,Thermalright TR-SGFX Black SFX 650W Fully Modular 80+ Gold,Thermalright,TR-SGFX,650W Gold,,12b267f7-5029-48b2-adf7-9a4fc0887c25.json,BLACK,1,1,0,3,0,4,6,,,80+ Gold,False,SFX,,,,,,,100,,,,TR-SGFX 650 | SGFX 650,Full,650
12bfad66-03e3-42fd-9c37-d0e52d4cf3fd,SeaSonic PRIME Black ATX 650W Fully Modular 80+ Gold Certified,SeaSonic,PRIME,650W Gold,,12bfad66-03e3-42fd-9c37-d0e52d4cf3fd.json,BLACK,1,2,0,3,0,4,10,,,80+ Gold,False,ATX,,,,,,,140,,,,PRIME-GX-650,Full,650
12d3497b-4a72-4d82-b046-6e8cfabe8203,Seasonic 850FX White 850W Fully Modular 80+ Gold Certified,SeaSonic,850FX,850W Gold,,12d3497b-4a72-4d82-b046-6e8cfabe8203.json,WHITE,1,2,0,5,0,6,10,,,80+ Gold,False,ATX,,,,,,,140,,,,SSR-850FX WHITE,Full,850
12f5af6e-04c0-4948-8120-ed30cfe0ca72,be quiet! Straight Power 11 Black ATX 750W Fully Modular 80+ Platinum Certified,be quiet!,Straight,750W Platinum,,12f5af6e-04c0-4948-8120-ed30cfe0ca72.json,BLACK,1,2,0,4,0,4,11,,,80+ Platinum,False,ATX,,,,,,,160,,,,BN642 | BN307,Full,750
12f6d088-9d33-467c-b3fd-dba87fcf098b,Enermax EPG500AWT 500W Non-Modular 80+ Gold Certified,Enermax,EPG500AWT,500W Gold,,12f6d088-9d33-467c-b3fd-dba87fcf098b.json,,1,1,0,5,0,2,6,,,80+ Gold,False,ATX,,,,,,,160,,,,EPG500AWT,Non-Modular,500
1301ec71-b6bb-401d-8103-a5953f605d5a,be quiet! Pure Power 12 Black 850W Non-Modular 80+ Gold Certified,be quiet!,Pure,850W Gold,,1301ec71-b6bb-401d-8103-a5953f605d5a.json,BLACK,1,0,0,0,0,0,6,,,80+ Gold,False,ATX,B0DLH73G3W,,,,N82E16817222037,14392117177,160,,,,BP004US | BP004EU | BP004U2 | BP004,Non-Modular,850
13077ff6-e1aa-4d65-8da1-428df1a2be75,GameMax GM Black ATX 1350W Non-Modular 80+ Gold Certified,GameMax,GM,1350W Gold,,13077ff6-e1aa-4d65-8da1-428df1a2be75.json,BLACK,1,1,0,5,0,12,7,,,80+ Gold,False,ATX,,,,,,,178,,,,GM-1350,Non-Modular,1350
1340b513-2c0d-4db0-82d2-b3f38a91f1ff,Cooler Master i500 Certified ATX 500W Non-Modular 80+ Bronze,Cooler Master,i500,500W Bronze,,1340b513-2c0d-4db0-82d2-b3f38a91f1ff.json,,1,1,0,3,0,2,6,,,80+ Bronze,False,ATX,,,,,,,139,,,,RS500-ACAAB1-US,Non-Modular,500
13511655-a85c-40b2-8c0b-c33d5ef5baa4,Rosewill CMG1000 Black 1000W 80+ Gold Fully Modular,Rosewill,CMG1000,1000W Gold,,13511655-a85c-40b2-8c0b-c33d5ef5baa4.json,BLACK,1,2,0,4,0,6,9,,,80+ Gold,False,ATX,,,,,,,140,,,,CMG1000,Full,1000
135b821f-4812-445c-a167-1c30d12665fb,Antec SF850X SFX 850W Fully Modular 80+ Gold Certified,Antec,SF850X,850W Gold,,135b821f-4812-445c-a167-1c30d12665fb.json,BLACK | GOLD,1,2,0,2,1,4,6,,,80+ Gold,False,SFX,,,,,,,100,,,,0-761345-20024-0 | 0-761345-20026-4 | 0-761345-20028-8 | 0-761345-20027-1 | 0-761345-20025-7,Full,850
136d97d6-1d63-4811-aba5-299dbf4bac7f,ABS Majesty 1100W 80+ Gold Certified Fully Modular ATX,ABS,Majesty,1100W Gold,,136d97d6-1d63-4811-aba5-299dbf4bac7f.json,,1,2,0,12,0,6,12,,,80+ Gold,False,ATX,,,,,,,165,,,,MJ1100-M,Full,1100
1377719b-3e62-4de3-8b3d-ad29b974fcfa,KOLINK ENCLAVE Black 600W Fully Modular 80+ Gold,KOLINK,ENCLAVE,600W Gold,,1377719b-3e62-4de3-8b3d-ad29b974fcfa.json,BLACK,1,1,0,4,0,4,8,,,80+ Gold,False,ATX,,,,,,,160,,,,PGW-PS-KOL-017 | KL-G600FM,Full,600
1380c71b-caeb-4f93-a0bd-a3bd336b1d9b,Raidmax Cobra 500W Non-Modular 80+ Gold Certified ATX,Raidmax,Cobra,500W Gold,,1380c71b-caeb-4f93-a0bd-a3bd336b1d9b.json,,1,1,0,2,0,1,6,,,80+ Gold,False,ATX,,,,,,,165,,,,RX-500AE,Non-Modular,500
1381da01-ee43-4e7d-a057-a6831e52f571,Gigabyte AORUS P GM 850W Fully Modular 80+ Gold,Gigabyte,AORUS,850W Gold,,1381da01-ee43-4e7d-a057-a6831e52f571.json,BLACK | GREY,1,2,0,5,0,6,6,,,80+ Gold,False,ATX,,,,,,,160,,,,GP-AP850GM,Full,850
13a3118f-62a1-4eef-a53b-70a98dcddcea,SeaSonic SS-1250XM2 ATX 1250W Fully Modular 80+ Gold Certified,SeaSonic,SS-1250XM2,1250W Gold,,13a3118f-62a1-4eef-a53b-70a98dcddcea.json,,1,2,0,5,0,10,14,,,80+ Gold,False,ATX,,,,,,,190,,,,SS-1250XM,Full,1250
13bf2b1c-1f5c-4b41-9198-493673176204,Corsair TX550M Black 550W Semi-Modular 80+ Gold Certified ATX,Corsair,TX550M,550W Gold,,13bf2b1c-1f5c-4b41-9198-493673176204.json,BLACK,1,2,0,4,0,2,3,,,80+ Gold,False,ATX,,,,,,,140,,,,CP-9020228-EU | CP-9020228-UK,Semi-Modular,550
13ea0cde-7813-4ac3-ab31-12c437aeb110,be quiet! System Power 8 600W Non-Modular 80+ Certified,be quiet!,System,600W 80+,,13ea0cde-7813-4ac3-ab31-12c437aeb110.json,,1,1,0,2,0,4,6,,,80+,False,ATX,,,,,,,140,,,,BN242,Non-Modular,600
13f3bc35-573b-4595-8b59-49a8ece1cde8,SeaSonic G ATX 550W Semi-Modular 80+ Gold Certified,SeaSonic,G,550W Gold,,13f3bc35-573b-4595-8b59-49a8ece1cde8.json,,1,1,0,5,0,2,6,,,80+ Gold,False,ATX,,,,,,,160,,,,SSR-550RM,Semi-Modular,550
13f707e0-357c-4581-b3d1-29d59ef03171,CoolMax CA-300 ATX 300W Non-Modular,CoolMax,CA-300,300W ,,13f707e0-357c-4581-b3d1-29d59ef03171.json,,1,0,0,4,0,0,1,,,,False,ATX,,,,,,,,,,,CA-300,Non-Modular,300
13fe1451-aff3-4f80-a4c1-6fff8d5bcece,Asus ROG STRIX 1000G Black ATX 1000W Fully Modular 80+ Gold Certified,Asus,ROG,1000W Gold,,13fe1451-aff3-4f80-a4c1-6fff8d5bcece.json,BLACK,1,0,0,0,0,0,8,,,80+ Gold,False,ATX,B08HKW637R,,,,N82E16817320014,2755435074,160,,,,ROG-STRIX-1000G | 90YE00A5-B0NA00 | 90YE00A5-B0AA00 | 90YE00A5-BMAA00,Full,1000
140465e2-c600-4e09-a4d9-90c6f8514008,Thermaltake Toughpower 550W 80+ Gold Semi Modular ATX 12V/EPS 12V Power Supply PS-TPD-0550MPCGUS-1,Thermaltake,Toughpower,,2017,140465e2-c600-4e09-a4d9-90c6f8514008.json,,1,1,1,4,0,2,8,,,80+ Gold,False,ATX,B00J2FD6JQ,,,,,,0,,,,PS-TPD-0550MPCGUS-1,Semi-Modular,550
1404d6e9-54ce-4f08-8e32-4743701352aa,EVGA SuperNOVA 650 P5 Black / Teal 650W Fully Modular 80+ Platinum Certified,EVGA,SuperNOVA,650W Platinum,,1404d6e9-54ce-4f08-8e32-4743701352aa.json,BLACK | GREEN,1,1,0,4,0,3,6,,,80+ Platinum,False,ATX,B08TRR3LG2,,,,N82E16817438225,930431733,150,,,,220-P5-0650-X1,Full,650
1412d2e3-2d97-4449-9e7d-a3109e308863,Asus ROG THOR 1600T2 Gaming Silver / Black 1600W Fully Modular 80+ Titanium Certified,Asus,ROG Thor,1600W Titanium II,2021,1412d2e3-2d97-4449-9e7d-a3109e308863.json,GREY | BLACK | RGB,1,2,0,6,1,10,12,Cybenetics Titanium,Cybenetics A++,80+ Titanium,False,ATX,B0BWH7LDN5,,,https://rog.asus.com/power-supply-units/rog-thor/rog-thor-1600t-gaming-model/spec/,N82E16817320027R,2950022217,190,,2026-04-11T17:34:55.551Z,Black/Silver,90YE00K0-B0NA00 | ROG-THOR-1600T-GAMING,Full,1600
147297a4-4309-431d-b75b-e0ce03fcf77f,KOLINK Regulator ATX 1000W Fully Modular 80+ Gold Certified,KOLINK,Regulator,1000W Gold,,147297a4-4309-431d-b75b-e0ce03fcf77f.json,BLACK,1,2,0,4,1,4,7,,,80+ Gold,False,ATX,,,,,,,140,,,,KL-R1000FG,Full,1000
1474f08e-d653-4524-95f1-559ec0b2d135,Montech GAMMA II 550W Non-Modular 80+ Gold Certified ATX,Montech,GAMMA,550W Gold,,1474f08e-d653-4524-95f1-559ec0b2d135.json,BLACK,1,2,0,3,0,2,8,,,80+ Gold,False,ATX,,,,,,,140,,,,GAMMA II 550,Non-Modular,550
14821259-6c67-4011-abef-c32f054db456,Xigmatek NRP-PC702 ATX 700W Non-Modular 80+ Bronze Certified,Xigmatek,NRP-PC702,700W Bronze,,14821259-6c67-4011-abef-c32f054db456.json,,1,1,0,7,0,2,8,,,80+ Bronze,False,ATX,,,,,,,160,,,,NRP-PC702,Non-Modular,700
14850433-fda4-4b97-9f26-5565dc606b19,ADATA XPG KYBER Black 850W Non-Modular 80+ Gold Certified,ADATA,XPG,850W Gold,,14850433-fda4-4b97-9f26-5565dc606b19.json,BLACK,1,2,0,2,1,2,6,,,80+ Gold,False,ATX,B0CW3V188X,,,,,5447713684,140,,,,KYBER850G-BKCUS | KYBER850G-BKCEU | KYBER850G-BKCAU,Non-Modular,850
148abc9e-47de-45d3-aeaf-d28162380fd5,Silverstone OP1000-E ATX 1000W Non-Modular,Silverstone,OP1000-E,1000W ,,148abc9e-47de-45d3-aeaf-d28162380fd5.json,,1,1,0,6,0,2,6,,,,False,ATX,,,,,,,150,,,,OP1000-E,Non-Modular,1000
14a7f817-2657-4eeb-aa9f-bd457729f56f,Rosewill PHOTON-650 650W Fully Modular 80+ Gold,Rosewill,PHOTON-650,650W Gold,,14a7f817-2657-4eeb-aa9f-bd457729f56f.json,,1,1,0,4,0,4,8,,,80+ Gold,False,ATX,,,,,,,160,,,,PHOTON-650,Full,650
14d2c507-c0de-4cad-83f8-f114a7dddf68,EVGA SuperNOVA 650 G+,EVGA,SuperNOVA 650 G+,650W,2018,14d2c507-c0de-4cad-83f8-f114a7dddf68.json,,1,2,0,0,0,4,9,,,80+ Gold,False,ATX,B0797CDK7J,6204517,,,9SIB8AKKC47950,471377819,170,,,,120-GP-0650-X1,Full,650
14e476ad-df19-46f0-b568-6619c6a7cb79,SeaSonic VERTEX GX-1200 Black / Silver 1200W Fully Modular 80+ Gold,SeaSonic,VERTEX,1200W Gold,,14e476ad-df19-46f0-b568-6619c6a7cb79.json,BLACK | GREY,1,0,0,0,0,0,18,,,80+ Gold,False,ATX,B0BVP4GM9S,,,,N82E16817320023,2597441473,160,,,,VERTEX GX-1200 | VERTEX1200G | PSUSEAVERTEX1200GX,Full,1200
1517d3c2-a51c-4fca-9917-91a52f9c39b4,Antec Earthwatts Certified ATX 450W Non-Modular 80+ Platinum,Antec,Earthwatts,450W Platinum,,1517d3c2-a51c-4fca-9917-91a52f9c39b4.json,,1,1,0,4,0,2,5,,,80+ Platinum,False,ATX,,,,,,,139,,,,EA-450,Non-Modular,450
1543e1ce-8598-49b3-99d7-f28fc1d24e87,Antec High Current Pro 1000W 80+ Platinum Certified Fully Modular,Antec,High,1000W Platinum,,1543e1ce-8598-49b3-99d7-f28fc1d24e87.json,,1,2,0,6,0,6,9,,,80+ Platinum,False,ATX,,,,,,,190,,,,HCP-1000 | HCP-1000 PLATINUM | 0-761345-06249-7,Full,1000
15681140-62bf-4db9-b725-6fda41fafb49,Corsair RM850e White 850W Fully Modular,Corsair,RM,850e,,15681140-62bf-4db9-b725-6fda41fafb49.json,WHITE,1,2,0,2,1,2,4,Cybenetics Platinum,Cybenetics A-,80+ Gold,False,ATX,B0DZXLK5BY,6621914,31355,https://www.corsair.com/us/en/p/psu/cp-9020293-na/rme-series-rm850e-fully-modular-low-noise-atx-power-supply-white-na-cp-9020293-na?srsltid=AfmBOoozePHX-S6K_ykHJ5TfakwBbBXHkcWwroq9mgxYyWeWVNLJ2hMe,N82E16817139341,17098460737,140,,2026-01-30T19:42:39.291Z,,CP-9020293-NA | CP-9020293-EU | CP-9020293-UK | CP-9020293-AU,Full,850
15b4987a-60fc-429c-a3d3-c74e7665943a,EVGA SuperNOVA 850 G3 850W 80+ Gold Certified Fully Modular ATX,EVGA,SuperNOVA G3,850W,2023,15b4987a-60fc-429c-a3d3-c74e7665943a.json,,1,2,1,4,0,6,9,,,80+ Gold,False,ATX,B01LY4OJYJ,,,,9SIAMG8K7W3747,191112643,150,,,,220-G3-0850-X1,Full,850
15c2a1e1-00f6-4bbf-8d36-48f95c1e50cc,Deepcool PX850G Black ATX 850W Fully Modular 80+ Gold Certified,DeepCool,PX850G,850W Gold,,15c2a1e1-00f6-4bbf-8d36-48f95c1e50cc.json,BLACK,1,2,0,4,1,3,8,,,80+ Gold,False,ATX,B0C84GQCX6,,,,,,160,,,,R-PX850G-FC0B-USR-PX850G-FC0B-WOR-PX850G-FC0B-BPR-PX850G-FC0B-UKR-PX850G-FC0B-CNR-PX850G-FC0B-JPR-PX850G-FC0B-EUR-PX850G-FC0B-AU,Full,850
15d46b0f-ec2a-47db-bcdd-73439897cab4,Insignia NS-PCW5508 550W Non-Modular 80+ Bronze Certified,Insignia,NS-PCW5508,550W Bronze,,15d46b0f-ec2a-47db-bcdd-73439897cab4.json,BLACK,1,1,0,4,0,2,4,,,80+ Bronze,False,ATX,,,,,,,160,,,,NS-PCW5508,Non-Modular,550
16439573-4bc9-4407-86bc-1ab44f907226,RAIJINTEK AMPERE Black 1200W Fully Modular 80+ Platinum Certified ATX,RAIJINTEK,AMPERE,1200W Platinum,,16439573-4bc9-4407-86bc-1ab44f907226.json,BLACK,1,2,0,6,1,4,8,,,80+ Platinum,False,ATX,B0CYTLX52X,,,,,,140,,,,0R30B00012,Full,1200
164d5056-f32d-4ef2-a86d-8fe7c6a77c38,Thermaltake Toughpower DPS G RGB Titanium 1500W Fully Modular 80+ Titanium,Thermaltake,Toughpower,1500W Titanium,,164d5056-f32d-4ef2-a86d-8fe7c6a77c38.json,,1,2,0,12,0,5,20,,,80+ Titanium,False,ATX,,,,,,,200,,,,PS-TPG-1500DPCTUS-T | TPG-1500DH5FET | TPG-1500D-T,Full,1500
166c79fd-547f-4d38-a6ff-1e215d1a3764,Cougar GEX Black 1050W Fully Modular 80+ Gold Certified,Cougar,GEX,1050W Gold,,166c79fd-547f-4d38-a6ff-1e215d1a3764.json,BLACK,1,2,0,4,0,8,12,,,80+ Gold,False,ATX,B0993VVFJH,,,,N82E16817553047,486802582,180,,,,GEX1050 | 31GE105003P01,Full,1050
16827491-9f11-4d1f-9b89-e98470a1a7d0,SeaSonic Core GC Black / Yellow 550W Non-Modular 80+ Gold Certified ATX,SeaSonic,Core,550W Gold,,16827491-9f11-4d1f-9b89-e98470a1a7d0.json,BLACK | YELLOW,1,1,0,3,0,2,4,,,80+ Gold,False,ATX,,,,,,,140,,,,CORE GC-550,Non-Modular,550
169235cd-d6bf-4c5e-abb9-aa52117f6776,Cougar GX-F Black / Orange 550W Fully Modular 80+ Gold Certified ATX,Cougar,GX-F,550W Gold,,169235cd-d6bf-4c5e-abb9-aa52117f6776.json,BLACK | ORANGE,1,1,0,3,0,2,6,,,80+ Gold,False,ATX,,,,,,,150,,,,GXF550,Full,550
169b18d4-e457-417e-aa28-9b1f5d1a9370,HEC HEC200SA2FX Mini ITX 200W Non-Modular,HEC,HEC200SA2FX,200W ,,169b18d4-e457-417e-aa28-9b1f5d1a9370.json,,1,0,0,0,0,0,1,,,,False,Mini-ITX,,,,,,,,,,,HEC200SA2FX,Non-Modular,200
16c8cef1-ac10-439a-8517-b606f7cfbd5b,Montech GAMMA II Black ATX 650W Non-Modular 80+ Gold Certified,Montech,GAMMA,650W Gold,,16c8cef1-ac10-439a-8517-b606f7cfbd5b.json,BLACK,1,2,0,3,0,2,8,,,80+ Gold,False,ATX,,,,,,,140,,,,GAMMA II 650,Non-Modular,650
16e3fc23-d0ec-4f81-962d-2d4c25395337,KOLINK Core RGB 500W Non-Modular 80+ Certified,KOLINK,Core,500W 80+,,16e3fc23-d0ec-4f81-962d-2d4c25395337.json,BLACK,1,1,0,2,0,1,4,,,80+,False,ATX,B08M3PNMN1,,,,,,140,,,,KL-C500RGB,Non-Modular,500
16eda082-bfd1-4161-860b-8166c78f95d9,Asus ROG THOR 1200P Black 1200W Fully Modular 80+ Platinum Certified ATX,Asus,ROG Thor,1200W Platinum II,,16eda082-bfd1-4161-860b-8166c78f95d9.json,BLACK,1,0,0,0,0,0,12,,,80+ Platinum,False,ATX,,,,,,,190,,,Black,ROG-THOR-1200P | 90YE0080-B001N0 | 90YE0080-B001A0 | 90YE0080-B001W0,Full,1200
16eee6f8-a5d8-4457-9dce-788b77e45d0f,KOLINK Classic Power Black / Red 500W Non-Modular 80+ Bronze Certified,KOLINK,Classic,500W Bronze,,16eee6f8-a5d8-4457-9dce-788b77e45d0f.json,BLACK | RED,1,1,0,2,0,2,4,,,80+ Bronze,False,ATX,B07ZJYY59T,,,,,,160,,,,KL-500v2,Non-Modular,500
16f7f130-4258-4531-af24-f265825cab44,Thermaltake Toughpower GF1 ARGB 750W Fully Modular 80+ Gold Certified,Thermaltake,Toughpower,750W Gold,,16f7f130-4258-4531-af24-f265825cab44.json,,1,1,0,4,0,4,9,,,80+ Gold,False,ATX,B07W9KYS6Y,,,,,469282688,160,,,,PS-TPD-0750F3FAGU-1 | PS-TPD-0750F3FAGK-1 | PS-TPD-0750F3FAGA-1 | PS-TPD-0750F3FAGE-1,Full,750
16ff1b62-ccbf-4aa6-a955-17d46453047a,Antec Earthwatts Green 450W Non-Modular 80+ Bronze,Antec,Earthwatts,450W Bronze,,16ff1b62-ccbf-4aa6-a955-17d46453047a.json,,1,1,0,3,0,2,5,,,80+ Bronze,False,ATX,,,,,,,140,,,,EA-450 Green,Non-Modular,450
172205fc-ca8f-4746-a3bb-e01ec15720f9,Cooler Master V White SFX ATX 3.1 1100W Fully Modular 80+ Platinum Certified,Cooler Master,V,1100W Platinum,,172205fc-ca8f-4746-a3bb-e01ec15720f9.json,WHITE,1,0,0,0,0,0,8,,,80+ Platinum,False,SFX,,,,,,,100,,,,MPZ-B001-SFAP-EB,Full,1100
172ecf18-320b-4544-b0c2-c0f17315b17d,Raidmax RX-530SS 530W Semi-Modular,Raidmax,RX-530SS,530W ,,172ecf18-320b-4544-b0c2-c0f17315b17d.json,,1,1,0,3,0,1,6,,,,False,ATX,B000TYN2PC,,,,,,158,,,,RX-530SS,Semi-Modular,530
1746e56b-0e9b-40f1-a839-0f90beb6f936,Linkworld LPK2-30-P4 ATX 500W Non-Modular,Linkworld,LPK2-30-P4,500W ,,1746e56b-0e9b-40f1-a839-0f90beb6f936.json,,1,0,0,0,0,0,0,,,,False,ATX,,,,,,,150,,,,LPK2-30-P4,Non-Modular,500
17583728-edf9-463b-b3c7-96867393a13e,Rosewill ARC 650 ATX 650W Non-Modular 80+ Bronze Certified,Rosewill,ARC,650W Bronze,,17583728-edf9-463b-b3c7-96867393a13e.json,,1,1,0,4,0,2,6,,,80+ Bronze,False,ATX,,,,,,,165,,,,ARC 650,Non-Modular,650
175bcd75-1de2-424b-9a7b-7bb31302f9df,Cooler Master MWE Gold V2 ATX3.0 ATX 1250W Fully Modular 80+ Gold Certified,Cooler Master,MWE,1250W Gold,,175bcd75-1de2-424b-9a7b-7bb31302f9df.json,BLACK,1,2,0,4,1,3,12,,,80+ Gold,False,ATX,B0BVRS87FL,,,,,2854584576,180,,,,MPE-C501-AFCAG-3 | MPE-C501-AFCAG-3U2 | MPE-C501-AFCAG-3JP | MPE-C501-AFCAG-3UK | MPE-C501-AFCAG-3WO | MPE-C501-AFCAG-3AU | MPE-C501-AFCAG-3US | MPE-C501-AFCAG-3EU,Full,1250
1767609e-22c3-48fb-921f-9353e25f5e13,NZXT E650 ATX 650W Fully Modular 80+ Gold Certified,NZXT,E650,650W Gold,,1767609e-22c3-48fb-921f-9353e25f5e13.json,BLACK,1,1,0,6,0,4,8,,,80+ Gold,False,ATX,,,,,,,150,,,,NP-1PM-E650A | NP-1PM-E650A-US | NP-1PM-E650A-AU | NP-1PM-E650A-EU | NP-1PM-E650A-UK | NP-1PM-E650A-JP | NP-1PM-E650A-WO,Full,650
177b85cc-f69c-40d7-b1a5-7ce79c8b9216,Fractal Design Ion+ 2 Platinum 760W Fully Modular 80+ Platinum Certified,Fractal Design,Ion+,760W Platinum,,177b85cc-f69c-40d7-b1a5-7ce79c8b9216.json,BLACK,1,2,0,4,0,4,10,,,80+ Platinum,False,ATX,B094D36XMH,,,,,,150,,,,FD-P-IA2P-760 | FD-P-IA2P-760-UK | FD-P-IA2P-760-AU | FD-P-IA2P-760-EU | 7340172702870,Full,760
178ce920-bbfe-49a5-a9db-715a9bc167ad,Super Flower Amazon Certified ATX 550W Non-Modular 80+ Bronze,Super Flower,Amazon,550W Bronze,,178ce920-bbfe-49a5-a9db-715a9bc167ad.json,,1,1,0,3,0,0,6,,,80+ Bronze,False,ATX,,,,,,,163,,,,SF-550P14HE,Non-Modular,550
17ac7fe7-be31-490c-ba18-594ae7d8fcd0,Antec Signature 850W Fully Modular 80+ Bronze Certified,Antec,Signature,850W Bronze,,17ac7fe7-be31-490c-ba18-594ae7d8fcd0.json,,1,1,0,6,0,2,6,,,80+ Bronze,False,ATX,,,,,,,180,,,,SG-850,Full,850
17bd37dc-dd71-4a09-ae48-6bdbdac55af9,Fractal Design Tesla R2 1000W Non-Modular 80+ Gold,Fractal Design,Tesla,1000W Gold,,17bd37dc-dd71-4a09-ae48-6bdbdac55af9.json,,1,1,0,2,0,6,9,,,80+ Gold,False,ATX,,,,,,,165,,,,FD-PSU-TS2B-1000W,Non-Modular,1000
17c5071d-b4aa-4145-99b4-d2fe3eee5fc0,Sparkle ATX-300PN-B204 ATX 300W Non-Modular,Sparkle,ATX-300PN-B204,300W ,,17c5071d-b4aa-4145-99b4-d2fe3eee5fc0.json,,1,0,0,4,0,0,1,,,,False,ATX,,,,,,,,,,,ATX-300PN-B204,Non-Modular,300
17d271f4-8ce8-447d-a84d-902d85103208,be quiet! Pure Power 11 Black ATX 350W Non-Modular 80+ Bronze Certified,be quiet!,Pure,350W Bronze,,17d271f4-8ce8-447d-a84d-902d85103208.json,BLACK,1,1,0,2,0,1,5,,,80+ Bronze,False,ATX,B07JK8DVFK,,,,,,150,,,,BN291,Non-Modular,350
17d2b0a5-4229-40c1-b0db-12fd4ebfde44,iTek GF EVO Black 650W Fully Modular 80+ Gold Certified,iTek,GF,650W Gold,,17d2b0a5-4229-40c1-b0db-12fd4ebfde44.json,BLACK,1,1,0,3,0,2,9,,,80+ Gold,False,ATX,B07L9RTXD5,,,,,,160,,,,ITPSEGF650,Full,650
17e84d74-6d86-472d-b6bc-39fedfc9c721,CoolMax CL-700B ATX 700W Non-Modular,CoolMax,CL-700B,700W ,,17e84d74-6d86-472d-b6bc-39fedfc9c721.json,,1,0,0,0,0,0,4,,,,False,ATX,B002R04DMW,,,,,,160,,,,CL-700B | 14743,Non-Modular,700
17f32f3f-7de5-40a0-8e5e-b5bfa77477b0,Cooler Master MWE GOLD 650 V2 Black 650W Fully Modular 80+ Gold,Cooler Master,MWE,650W Gold,,17f32f3f-7de5-40a0-8e5e-b5bfa77477b0.json,BLACK,1,2,0,4,0,4,8,,,80+ Gold,False,ATX,,,,,,,160,,,,MPE-6501-AFAAG,Full,650
1802d3ae-fccf-4329-b60d-6ededa5fb58e,XFX ProSeries 1250W 80+ Gold Fully Modular,XFX,ProSeries,1250W Gold,,1802d3ae-fccf-4329-b60d-6ededa5fb58e.json,,1,2,0,8,0,8,11,,,80+ Gold,False,ATX,,,,,,,190,,,,P1-1250-BEFX,Full,1250
1827d24d-457e-4140-9082-ac05129afd77,Sunbeam IC-PSU-US-2545-DW ATX 450W Non-Modular,Sunbeam,IC-PSU-US-2545-DW,450W ,,1827d24d-457e-4140-9082-ac05129afd77.json,,1,0,0,0,0,0,0,,,,False,ATX,,,,,,,,,,,IC-PSU-US-2545-DW,Non-Modular,450
18635d87-ffb0-4026-8e84-145cfcd73aae,Xilence XP400R6 Black / Red 400W Non-Modular,Xilence,XP400R6,400W ,,18635d87-ffb0-4026-8e84-145cfcd73aae.json,BLACK | RED,1,0,0,1,0,0,3,,,,False,ATX,,,,,,,140,,,,XN041,Non-Modular,400
18955e87-8829-4814-8ec6-3b8e783ac621,PowerSpec PS Black 750W Semi-Modular 80+ Bronze,PowerSpec,PS,750W Bronze,,18955e87-8829-4814-8ec6-3b8e783ac621.json,BLACK,1,0,0,0,0,0,6,,,80+ Bronze,False,ATX,B08YYJHNMH,,,,,,160,,,,PS 750BSM,Semi-Modular,750
18962b15-b6d8-4a4b-ae82-5d7adfedff6e,FSP Group Hydro Ti PRO Gen 5 ATX Black 1000W Fully Modular 80+ Titanium Certified,FSP Group,Hydro,1000W Titanium,,18962b15-b6d8-4a4b-ae82-5d7adfedff6e.json,BLACK,1,0,0,0,0,0,12,,,80+ Titanium,False,ATX,B0D467S15T,,,,1HU-0095-00115,5918102298,150,,,,HTI-1000M | Gen5 | PPA10A3800,Full,1000
18b7d0df-a9b9-4350-bfc0-31ead5fe8f7e,EVGA SuperNOVA 1000 G+ 1000 W 80+ Gold Certified Fully Modular ATX,EVGA,SuperNOVA 1000 G+,G+,2018,18b7d0df-a9b9-4350-bfc0-31ead5fe8f7e.json,,1,2,2,6,0,8,12,,,80+ Gold,False,ATX,B0797D5WHH,6209800,,,9SIAMG8K7W3764,868365499,180,,,,120-GP-1000-X1,Full,1000
18c0a991-5514-4a6f-921c-f588bb347171,Corsair CX450M (2021) Black ATX Certified 450W Semi-Modular 80+ Bronze,Corsair,CX450M,450W Bronze,,18c0a991-5514-4a6f-921c-f588bb347171.json,BLACK,1,1,0,4,0,2,4,,,80+ Bronze,False,ATX,,,,,,,140,,,,CP-9020219-NA | CP-9020219-EU | CP-9020219-UK | CP-9020219-AU,Semi-Modular,450
18c97bb7-0b1d-412b-9df8-59ba1e1bf0e4,Corsair SF Series SF750 — 750 Watt 80 PLUS® Platinum Certified High Performance SFX PSU,Corsair,SF Series,SF750,2019,18c97bb7-0b1d-412b-9df8-59ba1e1bf0e4.json,,1,2,0,0,0,4,8,,,80+ Platinum,False,SFX,B07M63H81H,6351845,,,9SIB8AKKD02125,197046151,100,,,,CP-9020186-NA,Full,750
18d4868d-e487-4636-8ce8-55f8e6d5641e,Enermax Revolution D.F. Black / Silver 750W 80+ Gold Fully Modular,Enermax,Revolution,750W Gold,,18d4868d-e487-4636-8ce8-55f8e6d5641e.json,BLACK | GREY,1,0,0,0,0,0,8,,,80+ Gold,False,ATX,B07P6SJJN6,,,,1HU-0042-000P9,400093503,160,,,,ERF750EWT | ERF750AWT,Full,750
18f5cfbd-d4e6-4ef3-b23c-56203d78540a,Cougar COUGAR-GX1050 1050W Semi-Modular 80+ Gold Certified,Cougar,COUGAR-GX1050,1050W Gold,,18f5cfbd-d4e6-4ef3-b23c-56203d78540a.json,,1,2,0,7,0,6,12,,,80+ Gold,False,ATX,,,,,,,180,,,,COUGAR-GX1050,Semi-Modular,1050
1904d6f1-b154-4eb3-bae7-79b50ca97770,Corsair RM850x (2018) ATX 850W Fully Modular 80+ Gold Certified,Corsair,RM850x,850W Gold,,1904d6f1-b154-4eb3-bae7-79b50ca97770.json,WHITE | BLACK,1,2,0,8,0,6,10,,,80+ Gold,False,ATX,B07JWT8YV3,,,,9SIB8AKKAN6947,366922074,150,,,,CP-9020188-NA | CP-9020188-EU | CP-9020188-UK,Full,850
191e8e85-9e7b-4040-b448-674f249a9364,In Win IP-S300FF1-0 Silver TFX 300W Non-Modular 80+ Certified,In Win,IP-S300FF1-0,300W 80+,,191e8e85-9e7b-4040-b448-674f249a9364.json,GREY,1,0,0,2,0,0,2,,,80+,False,TFX,B0059E32FW,,,,,,,,,,IP-S300FF1-0 | IP-S300FF1-0 H,Non-Modular,300
19200dd5-f2c5-4ff0-8874-1d4330320314,PC Power & Cooling S75CF ATX 750W Non-Modular 80+,PC Power & Cooling,S75CF,750W 80+,,19200dd5-f2c5-4ff0-8874-1d4330320314.json,,1,0,0,0,0,0,6,,,80+,False,ATX,,,,,,,180,,,,S75CF,Non-Modular,750
193b3d7f-cff6-4872-9b0e-820e266b88d8,Thermaltake Smart RGB 500W Non-Modular 80+,Thermaltake,Smart,500W 80+,,193b3d7f-cff6-4872-9b0e-820e266b88d8.json,BLACK,1,1,0,3,0,2,6,,,80+,False,ATX,B075525T6F,,,,,494390381,140,,,,PS-SPR-0500NHFAWU-1,Non-Modular,500
1956cb5a-a510-466f-90c9-e0d093a2d093,EVGA 650 Black 650W Non-Modular 80+ Gold Certified,EVGA,650,650W Gold,,1956cb5a-a510-466f-90c9-e0d093a2d093.json,BLACK,1,0,0,0,0,0,6,,,80+ Gold,False,ATX,,,,,,,165,,,,100-GD-0650-V2,Non-Modular,650
19674ed8-14cb-4931-9506-6fe600ab8bf8,Thermaltake Litepower GEN2 230V Black ATX 750W Non-Modular,Thermaltake,Litepower,750W ,,19674ed8-14cb-4931-9506-6fe600ab8bf8.json,BLACK,1,1,0,6,0,2,5,,,,False,ATX,,,,,,,140,,,,PS-LTP-0750NPCNAU-2,Non-Modular,750
196e4fb4-d88f-4d2b-9ae2-5fc6327aa957,Thermaltake Smart W3 Black 500W Non-Modular 80+ Certified,Thermaltake,Smart,500W 80+,,196e4fb4-d88f-4d2b-9ae2-5fc6327aa957.json,BLACK,1,0,0,0,0,0,2,,,80+,False,ATX,B0D4XNQQD5,6626430,,,,6471169123,140,,,,PS-SPW-0500NNFAWU-1,Non-Modular,500
1993ee67-8e86-45c2-bda0-8783d1166b43,Rosewill HIVE S 1000W Fully Modular 80+ Bronze Certified ATX,Rosewill,HIVE,1000W Bronze,,1993ee67-8e86-45c2-bda0-8783d1166b43.json,,1,2,0,4,0,6,8,,,80+ Bronze,False,ATX,B00N2KAQLI,,,,N82E16817182315,47312609,160,,,,HIVE-1000S,Full,1000
199e5094-656a-4c92-9e38-f3ab0dfc5152,Noua Volture GX-MV 850W Fully Modular 80+ Gold Certified ATX,Noua,Volture,850W Gold,,199e5094-656a-4c92-9e38-f3ab0dfc5152.json,BLACK,1,0,0,0,0,0,6,,,80+ Gold,False,ATX,,,,,,,140,,,,PS0222GM-GX85MV,Full,850
19c139a1-d2a4-477d-8b88-1e5c2d167778,Enermax RevoBron ATX 700W Semi-Modular 80+ Bronze Certified,Enermax,RevoBron,700W Bronze,,19c139a1-d2a4-477d-8b88-1e5c2d167778.json,BLACK,1,1,0,4,0,4,8,,,80+ Bronze,False,ATX,,,,,,,140,,,,ERB700AWT,Semi-Modular,700
19e5f79d-bf64-4a5a-846a-5caceb00c695,Silverstone FX600 Flex ATX 600W Non-Modular Platinum,Silverstone,FX600,600W ,,19e5f79d-bf64-4a5a-846a-5caceb00c695.json,BLACK,1,0,0,0,0,0,4,,,,False,Flex ATX,B09SKRQ6KC,,,,2S7-05S9-00023R,720345171,150,,,,SST-FX600-PT | FX600-PT,Non-Modular,600
19ee3a92-4d3a-41a4-a97e-0f308c685c5c,GameMax GX Pro Rampage Black 1050W Fully Modular 80+ Platinum Certified ATX,GameMax,GX,1050W Platinum,,19ee3a92-4d3a-41a4-a97e-0f308c685c5c.json,BLACK,1,2,0,3,1,4,10,,,80+ Platinum,False,ATX,,,,,,,160,,,,GX-1050 PRO BK,Full,1050
19f3d19b-1ffd-41e1-a72a-c01bb108480d,KOLINK Regulator 750W Fully Modular 80+ Gold Certified ATX,KOLINK,Regulator,750W Gold,,19f3d19b-1ffd-41e1-a72a-c01bb108480d.json,BLACK,1,2,0,4,1,4,6,,,80+ Gold,False,ATX,,,,,,,140,,,,KL-R750FG,Full,750
19fc5b7c-80b5-4af6-8e83-da2275de1459,PowerSpec GFM Black ATX 750W Fully Modular 80+ Gold Certified,PowerSpec,GFM,750W Gold,,19fc5b7c-80b5-4af6-8e83-da2275de1459.json,BLACK,1,1,0,4,0,4,8,,,80+ Gold,False,ATX,B07FB38B8R,,,,,,160,,,,PS 750GFM,Full,750
1a421cf3-2ba8-4a3c-8b7a-68251ff404ba,Rosewill ARC M650 650W Semi-Modular 80+ Bronze Certified,Rosewill,ARC,650W Bronze,,1a421cf3-2ba8-4a3c-8b7a-68251ff404ba.json,,1,1,0,4,0,2,6,,,80+ Bronze,False,ATX,,,,,,,165,,,,ARC M650,Semi-Modular,650
1a451328-6aa4-4f78-93ee-f2eac9dec97a,Sentey GSP1000-SM ATX 1000W Fully Modular 80+ Gold Certified,Sentey,GSP1000-SM,1000W Gold,,1a451328-6aa4-4f78-93ee-f2eac9dec97a.json,,1,0,0,0,0,0,10,,,80+ Gold,False,ATX,,,,,,,180,,,,GSP1000-SM,Full,1000
1a6935f4-f2f7-40d8-bb4f-fa6ea62238c8,SilentiumPC Vero M3 Black 700W Semi-Modular 80+ Bronze Certified,SilentiumPC,Vero,700W Bronze,,1a6935f4-f2f7-40d8-bb4f-fa6ea62238c8.json,BLACK,1,2,0,2,0,3,7,,,80+ Bronze,False,ATX,,,,,,,160,,,,SPC269,Semi-Modular,700
1a718bac-3e9b-4cfe-92c0-17ba6362246d,EVGA SuperNOVA NEX650G Gold 650W Fully Modular 80+ Gold,EVGA,SuperNOVA,650W Gold,,1a718bac-3e9b-4cfe-92c0-17ba6362246d.json,,1,2,0,6,0,4,9,,,80+ Gold,False,ATX,,,,,,,180,,,,120-PG-0650-GR,Full,650
1a72a278-3372-471f-99b5-27b42344c84d,Logisys PS550E12 ATX 550W Non-Modular,Logisys,PS550E12,550W ,,1a72a278-3372-471f-99b5-27b42344c84d.json,,1,0,0,3,0,0,2,,,,False,ATX,,,,,,,,,,,PS550E12,Non-Modular,550
1a76840b-5770-47a9-b89a-d5082c7f4d2a,GameMax GX-550 Black 550W Fully Modular 80+ Gold Certified ATX,GameMax,GX-550,550W Gold,,1a76840b-5770-47a9-b89a-d5082c7f4d2a.json,BLACK,1,2,0,2,0,2,4,,,80+ Gold,False,ATX,,,,,,,160,,,,GX-550 Modular,Full,550
1a775ff8-205a-483f-9234-e1d0d4c8be98,Segotep GN Black ATX 650W Non-Modular 80+ Gold Certified,Segotep,GN,650W Gold,,1a775ff8-205a-483f-9234-e1d0d4c8be98.json,BLACK,1,0,0,0,0,0,6,,,80+ Gold,False,ATX,B0832N5XF7,,,,,,160,,,,CP-PSU-ST-GN650,Non-Modular,650
1a7b08dd-56c9-4613-a96c-35714a4e2d44,SeaSonic S12III Black 450W Non-Modular 80+ Bronze Certified,SeaSonic,S12III,450W Bronze,,1a7b08dd-56c9-4613-a96c-35714a4e2d44.json,BLACK,1,1,0,3,0,2,4,,,80+ Bronze,False,ATX,,,,,,,140,,,,SSR-450GB3,Non-Modular,450
1aaa857d-6e5b-43e4-a46f-ef12acd9231c,G.Skill PS850G Black ATX 850W Fully Modular 80+ Gold Certified,G.Skill,PS850G,850W Gold,,1aaa857d-6e5b-43e4-a46f-ef12acd9231c.json,BLACK,1,2,0,8,0,6,12,,,80+ Gold,False,ATX,,,,,,,180,,,,GP-GD850A-CWV1,Full,850
1ab0cd5f-e0e4-4b87-b04c-2bcd9c577ad1,Antec High 620W Semi-Modular 80+ Bronze,Antec,High,620W Bronze,,1ab0cd5f-e0e4-4b87-b04c-2bcd9c577ad1.json,,1,1,0,6,0,2,6,,,80+ Bronze,False,ATX,,,,,,,160,,,,HCG-620M | HCG-620M GB,Semi-Modular,620
1ac018d1-910b-4646-a4cf-a09ad673573f,Cougar RX600 600W Non-Modular 80+,Cougar,RX600,600W 80+,,1ac018d1-910b-4646-a4cf-a09ad673573f.json,,1,1,0,3,0,1,5,,,80+,False,ATX,,,,,,,160,,,,RX600,Non-Modular,600
1ae6e9ca-7209-44bf-b692-d65f84835b65,Rosewill Capstone ATX 650W Non-Modular 80+ Gold Certified,Rosewill,Capstone,650W Gold,,1ae6e9ca-7209-44bf-b692-d65f84835b65.json,,1,1,0,5,0,3,8,,,80+ Gold,False,ATX,,,,,,,163,,,,CAPSTONE-650,Non-Modular,650
1af86011-cc90-424f-875a-a681e7594c79,Zalman TX ATX 600W Non-Modular,Zalman,TX,600W ,,1af86011-cc90-424f-875a-a681e7594c79.json,,1,1,0,3,0,2,5,,,,False,ATX,,,,,,,157,,,,ZM600-TX,Non-Modular,600
1b0fa7c2-f0af-4f53-9c1f-9eead94124da,CoolMax CUG-950B ATX 950W Fully Modular,CoolMax,CUG-950B,950W ,,1b0fa7c2-f0af-4f53-9c1f-9eead94124da.json,,1,1,0,8,0,2,6,,,,False,ATX,B001BTWJYE,,,,,,160,,,,CUG-950B | 14625,Full,950
1b1bd7f2-8866-4dcc-982f-461dacc2ed33,Corsair CS550M ATX 550W Semi-Modular 80+ Gold Certified,Corsair,CS550M,550W Gold,,1b1bd7f2-8866-4dcc-982f-461dacc2ed33.json,,1,1,0,4,0,2,6,,,80+ Gold,False,ATX,,,,,,,139,,,,CS550M | CP-9020076-UK | CP-9020076-EU | CP-9020076-NA,Semi-Modular,550
1b3e2768-7b4e-4e0c-a20f-77293cdb60e4,Xilence XP1250MR9.2 Black / Red 1250W Fully Modular 80+ Gold Certified ATX,Xilence,XP1250MR9.2,1250W Gold,,1b3e2768-7b4e-4e0c-a20f-77293cdb60e4.json,BLACK | RED,1,1,0,4,1,3,12,,,80+ Gold,False,ATX,,,,,,,180,,,,XN178 | XP1250MR9.2,Full,1250
1b67f455-2233-40a7-91f7-bc21a3461ad3,EVGA SuperNOVA 750 B2 750W 80+ Bronze Certified Semi-Modular ATX,EVGA,SuperNOVA,750W Bronze,,1b67f455-2233-40a7-91f7-bc21a3461ad3.json,,1,2,0,5,0,4,9,,,80+ Bronze,False,ATX,,,,,,,180,,,,110-B2-0750-VR | 110-B2-0750-V2 | 110-B2-0750-V3,Semi-Modular,750
1b8a152f-e6f3-4969-ad9c-895d73cfa7c1,Raidmax RX-730SS 730W Semi-Modular,Raidmax,RX-730SS,730W ,,1b8a152f-e6f3-4969-ad9c-895d73cfa7c1.json,,1,1,0,3,0,2,6,,,,False,ATX,B0055EIIXW,,,,9SIA17PHG34139,,158,,,,RX-730SS,Semi-Modular,730
1b972811-85ab-49e9-a554-01c68dbc32e9,SAMA GT White 850W Fully Modular 80+ Gold Certified,SAMA,GT,850W Gold,,1b972811-85ab-49e9-a554-01c68dbc32e9.json,WHITE,1,0,0,0,0,0,6,,,80+ Gold,False,ATX,,,,,1HU-02S6-00059,,140,,,,GT850-WHGFFXX1-US,Full,850
1b9f2f69-5d3a-4e21-a269-25c82924ddf7,Corsair RM650x 650W 80+ Gold Fully Modular,Corsair,RM650x,650W Gold,,1b9f2f69-5d3a-4e21-a269-25c82924ddf7.json,,1,1,0,7,0,4,8,,,80+ Gold,False,ATX,B015YEIBJ8,,,,,49689873,160,,,,CP-9020091-NA | RM650x | CP-9020091-UK,Full,650
1ba9cffa-0443-42b7-824b-ed2a00a7ce0a,Thermaltake Toughpower GF3 TT Premium 1200W Fully Modular 80+ Gold Certified ATX,Thermaltake,Toughpower,1200W Gold,,1ba9cffa-0443-42b7-824b-ed2a00a7ce0a.json,BLACK,1,0,0,0,0,0,12,,,80+ Gold,False,ATX,B0BF4YRCK8,6535775,,,N82E16817153436,1228848964,160,,,,PS-TPD-1200FNFAGU-4 | PS-TPD-1200FNFAGA-4 | PS-TPD-1200FNFAGE-4,Full,1200
1bc48bf8-59eb-4d03-899e-aa4c31459eaa,ASRock Challenger CL-850G Black 850W Non-Modular 80+ Gold Certified,ASRock,Challenger,850W Gold,,1bc48bf8-59eb-4d03-899e-aa4c31459eaa.json,BLACK,1,2,0,2,1,4,4,,,80+ Gold,False,ATX,B0DNNKX2S8,,,,N82E16817955014R,14791772808,140,,,,CL-850G | 90-UXC085-GNUAAA,Non-Modular,850
1bc742a1-5103-42c9-a7ed-5707f191196b,EVGA 700 BQ Black ATX 700W Semi-Modular 80+ Bronze Certified,EVGA,700,700W Bronze,,1bc742a1-5103-42c9-a7ed-5707f191196b.json,BLACK,1,1,0,3,0,4,6,,,80+ Bronze,False,ATX,B0877B3TJJ,,,,,777227727,140,,,,110-BQ-0700-V1,Semi-Modular,700
1bcfba0c-5dd4-42b9-b078-37fec565dbdf,EVGA SuperNOVA 650 G3 650W Fully Modular 80+ Gold,EVGA,SuperNOVA,650W Gold,,1bcfba0c-5dd4-42b9-b078-37fec565dbdf.json,,1,0,0,0,0,0,6,,,80+ Gold,False,ATX,B01LYGFRL6,5753408,,,9SIAKVHKCC7732,114930486,150,,,,220-G3-0650 | 220-G3-0650-Y1 | 220-G3-0650-Y2 | 220-G3-0650-Y3,Full,650
1beb8c50-2a9e-4e31-80e1-94d5eb416d59,SeaSonic X 750W 80+ Gold Fully Modular,SeaSonic,X,750W Gold,,1beb8c50-2a9e-4e31-80e1-94d5eb416d59.json,,1,2,0,8,0,4,8,,,80+ Gold,False,ATX,,,,,,,160,,,,SS-750KM,Full,750
1bf4a9b8-83dc-4edf-85df-cd0cfb1c711d,Aerocool Integrator MOD XT Black / Red ATX 750W Semi-Modular 80+ Bronze Certified,Aerocool,Integrator,750W Bronze,,1bf4a9b8-83dc-4edf-85df-cd0cfb1c711d.json,BLACK | RED,1,1,0,6,0,4,7,,,80+ Bronze,False,ATX,B010Q3BT2I,,,,,,140,,,,ACPB-IT75AKC.12 | Integrator MOD XT 750W,Semi-Modular,750
1c14aa45-9aad-47d2-a551-98e1a4d8e2e8,Thermaltake Toughpower SFX 1000W Fully Modular 80+ Platinum Certified,Thermaltake,Toughpower,1000W Platinum,,1c14aa45-9aad-47d2-a551-98e1a4d8e2e8.json,BLACK,1,2,0,4,1,4,8,,,80+ Platinum,False,SFX,B0D28HRHSG,6617194,,,N82E16817153467,5909664202,104,,,,PS-STP-1000FNFAPU-1,Full,1000
1c22e4f5-d651-4626-9d38-31e9b14e9936,Corsair VX450 ATX 450W Non-Modular 80+ Certified,Corsair,VX450,450W 80+,,1c22e4f5-d651-4626-9d38-31e9b14e9936.json,,1,1,0,6,0,0,6,,,80+,False,ATX,,,,,,,140,,,,CMPSU-450VX,Non-Modular,450
1c37fb0f-2714-43ed-81d5-33a6f347f2ec,CoolMax V-500 ATX 500W Non-Modular,CoolMax,V-500,500W ,,1c37fb0f-2714-43ed-81d5-33a6f347f2ec.json,,1,0,0,3,0,0,2,,,,False,ATX,,,,,,,142,,,,V-500,Non-Modular,500
1c436848-ad12-4d43-b7cf-d49e7e0ca711,RIOTORO ENIGMA G2 650W Fully Modular 80+ Gold Certified,RIOTORO,ENIGMA,650W Gold,,1c436848-ad12-4d43-b7cf-d49e7e0ca711.json,BLACK | YELLOW,1,2,0,5,0,6,10,,,80+ Gold,False,ATX,,,,,,,160,,,,PR-GP0650-FMG2-UK,Full,650
1c5eac6f-8fd3-43f8-9160-5cc053c14f90,Fractal Design Integra M 750W Semi-Modular 80+ Bronze Certified ATX,Fractal Design,Integra,750W Bronze,,1c5eac6f-8fd3-43f8-9160-5cc053c14f90.json,,1,1,0,2,0,2,6,,,80+ Bronze,False,ATX,,,,,,,140,,,,FD-PSU-IN3B-750W,Semi-Modular,750
1c6fe5ee-1f2e-4fc7-933d-374076aafa1d,CoolMax V-400 ATX 400W Non-Modular,CoolMax,V-400,400W ,,1c6fe5ee-1f2e-4fc7-933d-374076aafa1d.json,,1,0,0,0,0,0,2,,,,False,ATX,B000BKBVT8,,,,,212819456,142,,,,V-400 | 14616,Non-Modular,400
1c8521f2-00e7-46ed-929a-08bd25a85235,EVGA 550 BP 550W Non-Modular 80+ Bronze Certified,EVGA,550,550W Bronze,,1c8521f2-00e7-46ed-929a-08bd25a85235.json,BLACK,1,1,0,3,0,2,6,,,80+ Bronze,False,ATX,B0B1S1PN6H,,,,9SIA6ZPJTY7959,1820493569,120,,,,100-BP-0550-K1,Non-Modular,550
1c8c71f0-13e6-40dc-8dbc-87bac9539eb0,OCZ ZT 650W 80+ Bronze Certified Fully Modular ATX,OCZ,ZT,650W Bronze,,1c8c71f0-13e6-40dc-8dbc-87bac9539eb0.json,,1,1,0,6,0,2,9,,,80+ Bronze,False,ATX,,,,,,,175,,,,OCZ-ZT650W | OCZ-ZT650W-UK,Full,650
1cbbb5bb-dd71-4fef-8cb2-2271aa21b85f,Enermax PlatiGemini Fully Modular ATX Power Supply - 1200 Watts ATX 3.1 - Black,Enermax,PlatiGemini,1200W Platinum,2024,1cbbb5bb-dd71-4fef-8cb2-2271aa21b85f.json,BLACK,1,2,0,4,1,3,8,Cybenetics Platinum,Cybenetics Standard++,80+ Platinum,False,ATX,B0CZS4LRJ1,,31292,https://www.enermax.com/en/products/platigemini,,5399128634,150,,,Black,EGN1200P,Full,1200
1cc490ea-d36c-49b2-9c30-13ee5df5a546,Cooler Master Silent Pro M2 850W Semi-Modular 80+ Silver,Cooler Master,Silent,850W Silver,,1cc490ea-d36c-49b2-9c30-13ee5df5a546.json,,1,2,0,5,0,6,12,,,80+ Silver,False,ATX,,,,,,,180,,,,RS850-SPM2D3-US,Semi-Modular,850
1cdef762-0d42-4d98-a8d2-9e50f7351cee,FSP Group Hydro PTM PRO Gen5 Black 1650W Fully Modular 80+ Platinum Certified,FSP Group,Hydro,1650W Platinum,,1cdef762-0d42-4d98-a8d2-9e50f7351cee.json,BLACK,1,2,0,4,2,4,12,,,80+ Platinum,False,ATX,,,,,,,180,,,,HPT2-1650M | HPT2-1650M-GEN5,Full,1650
1d0a2ee5-e867-41cf-8ba9-98bd0ce0b5fb,Rosewill VMG Black 850W Fully Modular 80+ Gold Certified,Rosewill,VMG,850W Gold,,1d0a2ee5-e867-41cf-8ba9-98bd0ce0b5fb.json,BLACK,1,0,0,0,0,0,8,,,80+ Gold,False,ATX,B0FFQN6344,,,,N82E16817182468,17148750180,140,,,,VMG850,Full,850
1d12dc67-1a4b-41fa-a7c3-f2ae7c29a215,ASRock Taichi TC-1650T Black / Silver ATX 1650W Fully Modular 80+ Titanium Certified,ASRock,Taichi,1650W Titanium,,1d12dc67-1a4b-41fa-a7c3-f2ae7c29a215.json,BLACK | GREY,1,0,0,0,0,0,9,,,80+ Titanium,False,ATX,B0DNLP39SR,,,,N82E16817955001,14437450676,180,,,,TC-1650T | 90-UXT165-TFUAAB,Full,1650
1d196219-766f-40ed-b51a-b45057a887a0,Thermaltake Litepower ATX 350W Non-Modular,Thermaltake,Litepower,350W ,,1d196219-766f-40ed-b51a-b45057a887a0.json,,1,1,0,3,0,0,3,,,,False,ATX,,,,,,,140,,,,PS-LTP-0350NNCNUS-F,Non-Modular,350
1d25e870-ac81-45f2-ac93-c9e52a885096,Enermax Revolution D.F. 12 850W Fully Modular 80+ Gold Certified,Enermax,Revolution,850W Gold,,1d25e870-ac81-45f2-ac93-c9e52a885096.json,WHITE,1,2,0,4,1,3,8,,,80+ Gold,False,ATX,B0CWPWM4Y9,,,,,5420544194,122,,,,ETV850G-W,Full,850
1d6d2403-e5af-4019-a8b5-90a586f583d7,EVGA SuperNOVA 1000 P3 1000W Fully Modular 80+ Platinum Certified,EVGA,SuperNOVA,1000W Platinum,,1d6d2403-e5af-4019-a8b5-90a586f583d7.json,BLACK | GREY,1,0,0,0,0,0,12,,,80+ Platinum,False,ATX,B09J5FC6CC,,,,N82E16817438228,503600756,180,,,,220-P3-1000-X1 | 220-P3-1000-X2,Full,1000
1d8ad39e-8bc0-4dca-9c32-f0a1a20e72c0,FSP Group VITA-650GM White 650W Fully Modular 80+ Gold Certified,FSP Group,VITA-650GM,650W Gold,,1d8ad39e-8bc0-4dca-9c32-f0a1a20e72c0.json,WHITE,1,2,0,4,0,2,8,,,80+ Gold,False,ATX,,,,,,,140,,,,VITA-650GM (White Edition),Full,650
1d906a57-63f0-483a-82a5-5dc734ae7b87,LEPA N ATX 500W Non-Modular,LEPA,N,500W ,,1d906a57-63f0-483a-82a5-5dc734ae7b87.json,,1,1,0,4,0,1,5,,,,False,ATX,,,,,,,,,,,N500-SA,Non-Modular,500
1d967fd9-6c6f-4693-9b1f-8c5af65fe4a7,Asus ROG Thor Platinum III Gaming White 1200W Fully Modular,Asus,ROG Thor,1200W Platinum III,2026,1d967fd9-6c6f-4693-9b1f-8c5af65fe4a7.json,WHITE,1,2,0,6,1,4,7,Cybenetics Platinum,Cybenetics A++,80+ Platinum,False,ATX,B09BJPXRWZ,,,https://rog.asus.com/power-supply-units/rog-thor/rog-thor-1200p3-white-gaming/spec/,1HU-009B-001S3,,190,None | ARGB,,White,rog-thor-1200p3-white-gaming | ROG-THOR-1600T-GAMING,Full,1200
1da156ef-53ec-49d6-94e2-64e1b0c053c5,PC Power & Cooling PM0600 Black / Red ATX 600W Semi-Modular 80+ Bronze Certified,PC Power & Cooling,PM0600,600W Bronze,,1da156ef-53ec-49d6-94e2-64e1b0c053c5.json,BLACK | RED,1,1,0,4,0,2,6,,,80+ Bronze,False,ATX,,,,,,,165,,,,FPS0600-A2S00,Semi-Modular,600
1dc1c3b2-bf9a-46e8-ba22-a0b432fc9cec,Asus ROG Thor P3 Hatsune Miku Edition Blue / Pink 1200W Fully Modular 80+ Platinum Certified,Asus,ROG Thor,1200W Hatsune Miku Platinum III,,1dc1c3b2-bf9a-46e8-ba22-a0b432fc9cec.json,BLUE | PINK,1,2,0,6,1,4,7,Cybenetics Platinum,Cybenetics A++,80+ Platinum,False,ATX,B0FWDSTSDL,,,https://rog.asus.com/power-supply-units/rog-thor/rog-thor-1200p3-miku/,9SIC4WSKXM0029,18805264461,190,ARGB | Display,,Blue/Pink,rog-thor-1200p3-miku,Full,1200
1dc50f3f-a1b5-41af-ba17-4db59338da7a,Antec Earthwatts ATX 500W Non-Modular 80+ Bronze Certified,Antec,Earthwatts,500W Bronze,,1dc50f3f-a1b5-41af-ba17-4db59338da7a.json,,1,1,0,4,0,2,5,,,80+ Bronze,False,ATX,,,,,,,139,,,,EA-500 Green,Non-Modular,500
1dcdddea-f045-425d-9913-3c4abd0c1f1a,Thermaltake Madrid Black ATX 850W Semi-Modular 80+ Gold Certified,Thermaltake,Madrid,850W Gold,,1dcdddea-f045-425d-9913-3c4abd0c1f1a.json,BLACK,1,1,0,8,0,6,12,,,80+ Gold,False,ATX,,,,,,,160,,,,W0495RE,Semi-Modular,850
1dcf1fa3-183a-49e1-a096-363f5f701d20,Zalman ACRUX Black / Silver ATX 750W Fully Modular 80+ Platinum Certified,Zalman,ACRUX,750W Platinum,,1dcf1fa3-183a-49e1-a096-363f5f701d20.json,BLACK | GREY,1,2,0,6,0,4,12,,,80+ Platinum,False,ATX,,,,,,,180,,,,ZM750-ARX,Full,750
1dd17bac-4eef-4a6b-8b4c-a0b08cb6550c,SeaSonic Platinum 760W Fully Modular 80+ Platinum,SeaSonic,Platinum,760W Platinum,,1dd17bac-4eef-4a6b-8b4c-a0b08cb6550c.json,,1,2,0,5,0,4,10,,,80+ Platinum,False,ATX,,,,,,,160,,,,SS-760XP2,Full,760
1dd9bddd-bf55-45e7-919f-1f81c632e29a,Thermaltake Toughpower Grand RGB 850 SE Black 850W Fully Modular 80+ Gold Certified,Thermaltake,Toughpower,850W Gold,,1dd9bddd-bf55-45e7-919f-1f81c632e29a.json,BLACK,1,2,0,4,0,6,12,,,80+ Gold,False,ATX,,,,,,,160,,,,PS-TPG-0850FPCGUS-S,Full,850
1e002c55-424e-4265-8fd2-6959af53d08e,Thermaltake Toughpower GF3 TT Premium ATX 1350W Fully Modular 80+ Gold Certified,Thermaltake,Toughpower,1350W Gold,,1e002c55-424e-4265-8fd2-6959af53d08e.json,BLACK,1,0,0,0,0,0,12,,,80+ Gold,False,ATX,B0BF4BJBQB,6535781,32948,,N82E16817153435,1391002126,160,,,,PS-TPD-1350FNFAGU-4 | PS-TPD-1350FNFAGA-4 | PS-TPD-1350FNFAGE-4 | TPD-1350AH3FSG,Full,1350
1e103697-110a-4faf-a6f6-05951e71efd9,Cooler Master V1200 1200W 80+ Platinum Certified Fully Modular,Cooler Master,V1200,1200W Platinum,,1e103697-110a-4faf-a6f6-05951e71efd9.json,,1,2,0,9,0,12,12,,,80+ Platinum,False,ATX,,,,,,,190,,,,RSC00-AFBAG1-US | RSC00-AFBAG1-UK | RSC00-AFBAG1-AU | RSC00-AFBAG1-EU,Full,1200
1e1c5767-dc5a-4a2d-abf3-9f611d29ba54,Super Flower Leadex ATX 2000W Fully Modular 80+ Platinum Certified,Super Flower,Leadex,2000W Platinum,,1e1c5767-dc5a-4a2d-abf3-9f611d29ba54.json,,1,0,0,0,0,0,10,,,80+ Platinum,False,ATX,,,,,,,200,,,,SF-2000F14HP | SF-2000F14HP(BK),Full,2000
1e2ea7f9-1f37-45b2-99c8-c667dba59572,Super Flower SF-1200F14MP Black 1200W Fully Modular 80+ Platinum Certified,Super Flower,SF-1200F14MP,1200W Platinum,,1e2ea7f9-1f37-45b2-99c8-c667dba59572.json,,1,2,0,5,0,8,10,,,80+ Platinum,False,ATX,,,,,,,200,,,,SF-1200F14MP black,Full,1200
1e52af03-aeaf-4fc0-b44f-70a119923a86,Deepcool PL650D Black 650W Non-Modular 80+ Bronze Certified ATX,DeepCool,PL650D,650W Bronze,,1e52af03-aeaf-4fc0-b44f-70a119923a86.json,BLACK,1,1,0,2,1,3,6,,,80+ Bronze,False,ATX,,,,,,,140,,,,R-PL650D-FC0B-US | R-PL650D-FC0B-JP | R-PL650D-FC0B-EU | R-PL650D-FC0B-UK | R-PL650D-FC0B-WO | R-PL650D-FC0B-IN | R-PL650D-FC0B-AU,Non-Modular,650
1e572e74-5469-424e-bbe7-5d55debd40ff,be quiet! Straight Power 10 CM 500W Semi-Modular 80+ Gold,be quiet!,Straight,500W Gold,,1e572e74-5469-424e-bbe7-5d55debd40ff.json,,1,1,0,3,0,2,9,,,80+ Gold,False,ATX,,,,,,,160,,,,BN234 | BN634,Semi-Modular,500
1e649e0e-3250-4445-8cdd-f84c239eab41,Apevia Astro Black 450W Non-Modular,Apevia,Astro,450W ,,1e649e0e-3250-4445-8cdd-f84c239eab41.json,BLACK,1,0,0,3,0,0,3,,,,False,ATX,,,,,,,140,,,,ATX-AS450W,Non-Modular,450
1e683311-3106-4da2-a4c2-f7cb4f3ab5d2,Enermax Revolution D.F. X 1200W Fully Modular 80+ Gold,Enermax,Revolution,1200W Gold,,1e683311-3106-4da2-a4c2-f7cb4f3ab5d2.json,BLACK,1,2,0,6,2,5,12,,,80+ Gold,False,ATX,B0C9LB2S1Q,,,,,5001002161,140,,,,ERT1200EWT,Full,1200
1e71619c-bcad-4426-8cfc-40dfedfad506,Thortech Thunderbolt PLUS ATX 1000W Fully Modular 80+ Gold,Thortech,Thunderbolt,1000W Gold,,1e71619c-bcad-4426-8cfc-40dfedfad506.json,,1,2,0,6,0,4,12,,,80+ Gold,False,ATX,,,,,,,159,,,,TTBPK00G,Full,1000
1e7911f0-f4d8-42f8-a1a3-4fea05536205,NZXT HALE 90 750W Fully Modular 80+ Gold Certified,NZXT,HALE,750W Gold,,1e7911f0-f4d8-42f8-a1a3-4fea05536205.json,,1,1,0,7,0,2,8,,,80+ Gold,False,ATX,,,,,,,180,,,,HALE90-750-M,Full,750
1e8bc737-88c2-4eb3-834b-caabfdb28f18,Corsair AX1600i ATX 1600W Fully Modular 80+ Titanium Certified,Corsair,AX1600i,1600W Titanium,,1e8bc737-88c2-4eb3-834b-caabfdb28f18.json,,1,0,0,0,0,0,5,,,80+ Titanium,False,ATX,B0787G1Z74,,,,N82E16817139226,319362396,200,,,,CP-9020087-NA | CP-9020087-UK | CP-9020087-EU | CP-9020087-AU,Full,1600
1e8ca482-37bc-4264-acc9-154d86f25b5e,Antec EDGE 750W Gold ATX 750W Fully Modular 80+ Gold Certified,Antec,EDGE,750W Gold,,1e8ca482-37bc-4264-acc9-154d86f25b5e.json,,1,2,0,6,0,6,9,,,80+ Gold,False,ATX,,,,,,,170,,,,EDGE 750 | EDG750,Full,750
1e909722-4165-47f6-91c8-2382f1c2a3ef,OCZ Fatal1ty 750W 80+ Bronze Semi-Modular,OCZ,Fatal1ty,750W Bronze,,1e909722-4165-47f6-91c8-2382f1c2a3ef.json,,1,2,0,6,0,4,6,,,80+ Bronze,False,ATX,,,,,,,160,,,,OCZ750FTY,Semi-Modular,750
1e931072-8385-4a0b-a430-c9fa72349e38,SeaSonic SSP-300ST ATX 300W Non-Modular 80+ Bronze Certified,SeaSonic,SSP-300ST,300W Bronze,,1e931072-8385-4a0b-a430-c9fa72349e38.json,,1,1,0,0,0,0,0,,,80+ Bronze,False,ATX,,,,,,,140,,,,SSP-300ST,Non-Modular,300
1e984ad5-d686-43eb-aace-c65f55e9a28b,KOLINK Core Black ATX 1000W Non-Modular 80+ Certified,KOLINK,Core,1000W 80+,,1e984ad5-d686-43eb-aace-c65f55e9a28b.json,BLACK,1,1,0,3,0,4,5,,,80+,False,ATX,,,,,,,140,,,,KL-C1000,Non-Modular,1000
1e9da0bf-4a1f-4cb7-8863-90c99082cff2,Thermalright TB450S Black 450W Non-Modular 80+ Bronze Certified,Thermalright,TB450S,450W Bronze,,1e9da0bf-4a1f-4cb7-8863-90c99082cff2.json,BLACK,1,1,0,3,0,1,5,,,80+ Bronze,False,ATX,,,,,,,140,,,,TB-450S | TR-TB450S,Non-Modular,450
1e9f5f2c-d017-4b57-934e-4cfed7073ab9,Antec EARTHWATTS GOLD PRO Black 550W Semi-Modular 80+ Gold,Antec,EARTHWATTS,550W Gold,,1e9f5f2c-d017-4b57-934e-4cfed7073ab9.json,BLACK,1,1,0,6,0,2,6,,,80+ Gold,False,ATX,,,,,,,140,,,,EA550G Pro,Semi-Modular,550
1eb9944f-5faa-4b85-b058-fc50c0c62164,Thermaltake Smart BM3 ATX 650W Semi-Modular 80+ Bronze Certified,Thermaltake,Smart,650W Bronze,,1eb9944f-5faa-4b85-b058-fc50c0c62164.json,BLACK,1,0,0,0,0,0,6,,,80+ Bronze,False,ATX,B0CFWQBDXQ,6569208,,,N82E16817153456,5022323979,140,,,,PS-SPD-0650MNFABU-3 | PS-SPD-0650MNFABE-3,Semi-Modular,650
1ef1bc7e-7825-4c76-9fe3-a7543885b19c,FSP Group SFX Pro Black SFX 450W Non-Modular 80+ Bronze Certified,FSP Group,SFX,450W Bronze,,1ef1bc7e-7825-4c76-9fe3-a7543885b19c.json,BLACK,1,1,0,3,0,2,3,,,80+ Bronze,False,SFX,,,,,,,100,,,,FSP450-50SAC-R,Non-Modular,450
1efec040-29ff-466a-91aa-4d8b61cace68,MPG A750GF WHITE,MSI,MPG A750GF WHITE,WHITE,2022,1efec040-29ff-466a-91aa-4d8b61cace68.json,,1,2,1,4,0,6,8,,,80+ Gold,False,ATX,B09RK4BXMS,,,,9SIBTK0K9D2387,1277567288,160,,,,306-7ZP0B30-CE0,Full,750
1f24974c-66a7-4117-a5d1-552e47f9a01e,Thermaltake Toughpower iRGB PLUS TT Premium Edition Black 1650W Fully Modular 80+ Titanium,Thermaltake,Toughpower,1650W Titanium,,1f24974c-66a7-4117-a5d1-552e47f9a01e.json,BLACK,1,2,0,8,2,9,16,,,80+ Titanium,False,ATX,B075FGJ271,,,,,729708828,180,,,,PS-TPI-1650F3FDTA-1 | PS-TPI-1650F3FDTE-1 | PS-TPI-1250DPCTUS-T | PS-TPI-1250DPCTAU-T,Full,1650
1f5e3573-d266-42fb-8525-731846e4c322,Cooler Master V1000 ATX 1000W Fully Modular 80+ Gold Certified,Cooler Master,V1000,1000W Gold,,1f5e3573-d266-42fb-8525-731846e4c322.json,,1,2,0,4,0,8,9,,,80+ Gold,False,ATX,,,,,,,170,,,,RSA00-AFBAG1-US | RSA00-AFBAG1,Full,1000
1f6f8b2d-4a41-41e0-9e3b-2b29e192a409,Raidmax RX-1000AE ATX 1000W Semi-Modular 80+ Gold Certified,Raidmax,RX-1000AE,1000W Gold,,1f6f8b2d-4a41-41e0-9e3b-2b29e192a409.json,,1,2,0,8,0,6,8,,,80+ Gold,False,ATX,,,,,,,165,,,,RX-1000AE,Semi-Modular,1000
1f7a756a-3cbd-4f26-ad23-bde25da10437,Cougar RX500 ATX 500W Non-Modular 80+ Certified,Cougar,RX500,500W 80+,,1f7a756a-3cbd-4f26-ad23-bde25da10437.json,,1,1,0,3,0,1,5,,,80+,False,ATX,,,,,,,160,,,,RX500,Non-Modular,500
1f7be412-26fa-4bab-9a55-e0fcc831f9b8,SeaSonic ECO 430W Non-Modular 80+ Bronze Certified ATX,SeaSonic,ECO,430W Bronze,,1f7be412-26fa-4bab-9a55-e0fcc831f9b8.json,,1,1,0,2,0,1,3,,,80+ Bronze,False,ATX,,,,,,,140,,,,SS-430ST,Non-Modular,430
1f9a90a4-fc9a-4a30-a4dd-0ac6cfd1b583,Rosewill VMG 750W Fully Modular 80+ Gold Certified ATX,Rosewill,VMG,,2025,1f9a90a4-fc9a-4a30-a4dd-0ac6cfd1b583.json,BLACK,1,2,0,4,1,3,8,,,80+ Gold,False,ATX,B0FFQC5VGM,,,https://www.rosewill.com/p/9SIA072KH37876,N82E16817182467,,140,None,,Black,VMG750,Full,750
1f9d390b-ebdc-4b74-a15f-d996dcfc388a,Corsair CX600 600W Non-Modular 80+ Bronze,Corsair,CX600,600W Bronze,,1f9d390b-ebdc-4b74-a15f-d996dcfc388a.json,,1,0,0,0,0,0,6,,,80+ Bronze,False,ATX,B0092ML0OC,,,,,,139,,,,CX600 | CP-9020048-UK | CP-9020048-US | CP-9020048-NA | CP-9020048-EU,Non-Modular,600
1fa4e72b-7a20-48f0-a36a-d1972986b260,EVGA SuperNOVA 1000 G5 1000W 80+ Gold Fully Modular,EVGA,SuperNOVA,1000W Gold,,1fa4e72b-7a20-48f0-a36a-d1972986b260.json,BLACK | GREEN,1,0,0,0,0,0,12,,,80+ Gold,False,ATX,B07WMTD41Z,6459372,,,N82E16817438160,220577126,150,,,,220-G5-1000-X1 | 220-G5-1000-X2 | 220-G5-1000-X3 | 1000 G5,Full,1000
1fbb03ea-f3a8-483e-a257-53b140cc4ed5,Super Flower LEADEX VII Platinum PRO Black 850W Fully Modular 80+ Platinum,Super Flower,LEADEX,850W Platinum,,1fbb03ea-f3a8-483e-a257-53b140cc4ed5.json,BLACK,1,2,0,4,1,3,12,,,80+ Platinum,False,ATX,,,,,1HU-024C-00062,,150,,,,SF-850F14XP | SF-850F14XP(BK),Full,850
20411659-3f7e-4d7d-94e9-da41efb77ac8,Zalman TeraMax II Black 750W Fully Modular 80+ Gold Certified,Zalman,TeraMax,750W Gold,,20411659-3f7e-4d7d-94e9-da41efb77ac8.json,BLACK,1,2,0,3,1,3,8,,,80+ Gold,False,ATX,,,,,,,140,,,,ZM750-TMX2 BK,Full,750
204636cf-bbc6-49da-ac4c-d6874a8c54c6,BitFenix Formula Gold 550W Non-Modular 80+ Gold,BitFenix,Formula,550W Gold,,204636cf-bbc6-49da-ac4c-d6874a8c54c6.json,,1,1,0,2,0,2,6,,,80+ Gold,False,ATX,,,,,,,140,,,,BP-FM550ULAG-7R | BP-FM550ULAG-8R | BP-FM550ULAG-9R,Non-Modular,550
206ffb46-a83f-4144-9a6b-f87003bdfc60,Rosewill CMG850G5 850W Fully Modular 80+ Gold Certified ATX,Rosewill,CMG850G5,850W Gold,,206ffb46-a83f-4144-9a6b-f87003bdfc60.json,BLACK,1,0,0,0,0,0,9,,,80+ Gold,False,ATX,B0B6FLCK56,,,,N82E16817182451,1174873191,140,,,,CMG850G5 | CMG850,Full,850
20729652-fe53-4635-9eb4-d2402af245f1,be quiet! Pure Power 11 Black 850W Fully Modular 80+ Gold Certified,be quiet!,Pure,850W Gold,,20729652-fe53-4635-9eb4-d2402af245f1.json,BLACK,1,2,0,2,0,4,10,,,80+ Gold,False,ATX,B09V43FNX6,,,,,,160,,,,BN675 | BN324,Full,850
208b7451-5c4f-4852-b1ce-adf54ebab6a5,GAMDIAS KRATOS P1 G Black 650W Non-Modular 80+ Gold,GAMDIAS,KRATOS,650W Gold,,208b7451-5c4f-4852-b1ce-adf54ebab6a5.json,BLACK,1,1,0,3,0,2,6,,,80+ Gold,False,ATX,,,,,,,140,,,,KRATOS P1 650G,Non-Modular,650
209f9f84-8e56-4fc7-a5fd-cd45a6bd0eb5,Rosewill Quark ATX 1200W Fully Modular 80+ Platinum,Rosewill,Quark,1200W Platinum,,209f9f84-8e56-4fc7-a5fd-cd45a6bd0eb5.json,,1,2,0,6,0,8,15,,,80+ Platinum,False,ATX,,,,,,,180,,,,Quark 1200,Full,1200
20b5542f-25f0-4ac8-ab37-6f3c1c6cc3f6,ATX-MT1000W ATX 3.0 & PCIE 5.0,Apevia,ATX-MT1000W,,0,20b5542f-25f0-4ac8-ab37-6f3c1c6cc3f6.json,,1,1,0,0,2,0,0,,,80+ Gold,False,ATX,,,,,,,,,,,ATX-ES600-WH,Full,1000
20bcaef2-7b63-49f6-bc34-d39565a7d195,Ultra X4 Special Edition 1000W Fully Modular 80+ Bronze Certified,Ultra,X4,1000W Bronze,,20bcaef2-7b63-49f6-bc34-d39565a7d195.json,,1,2,0,0,0,6,0,,,80+ Bronze,False,ATX,,,,,,,150,,,,U12-43187,Full,1000
20c4c3a6-249d-478e-96e3-3144f7d5e9e3,Enermax EMG900EWT ATX 900W Fully Modular 80+ Gold Certified,Enermax,EMG900EWT,900W Gold,,20c4c3a6-249d-478e-96e3-3144f7d5e9e3.json,,1,2,0,8,0,6,12,,,80+ Gold,False,ATX,,,,,,,160,,,,EMG900EWT,Full,900
20f8ef34-1e02-409f-8912-2ab32554025e,Thermaltake Toughpower Grand 1200W 80+ Gold Certified Fully Modular,Thermaltake,Toughpower,1200W Gold,,20f8ef34-1e02-409f-8912-2ab32554025e.json,,1,2,0,11,0,8,12,,,80+ Gold,False,ATX,,,,,,,180,,,,PS-TPG-1200FPCGUS-1,Full,1200
20fa234c-449b-4ca8-ab94-1d224d4ce5cd,SHARKOON SilentStorm Icewind Black 550W Semi-Modular 80+ Bronze Certified,SHARKOON,SilentStorm,550W Bronze,,20fa234c-449b-4ca8-ab94-1d224d4ce5cd.json,BLACK,1,1,0,3,0,2,9,,,80+ Bronze,False,ATX,,,,,,,160,,,,SilentStorm Icewind black 550 Watt,Semi-Modular,550
2112556d-e9bf-4663-995a-41dc37e505ba,Mistel MX650 Black FANLESS ATX 650W Fully Modular 80+ Platinum,Mistel,MX650,650W Platinum,,2112556d-e9bf-4663-995a-41dc37e505ba.json,BLACK,1,1,0,3,0,4,8,,,80+ Platinum,True,ATX,,,,,,,140,,,,MX650 FANLESS,Full,650
211e6a15-abd8-47ef-a223-138ffab2c273,Corsair CX430M ATX 430W Semi-Modular 80+ Bronze Certified,Corsair,CX430M,430W Bronze,,211e6a15-abd8-47ef-a223-138ffab2c273.json,,1,1,0,3,0,1,4,,,80+ Bronze,False,ATX,,,,,,,140,,,,CX430M | CMPSU-430CXM | CP-9020058-AU | CP-9020058-UK | CP-9020058-NA | CP-9020058-US,Semi-Modular,430
2121558e-1629-4d18-b429-5ae845d1bf83,Zalman TXII Black 700W Non-Modular 80+ Certified ATX,Zalman,TXII,700W 80+,,2121558e-1629-4d18-b429-5ae845d1bf83.json,BLACK,1,2,0,4,0,4,6,,,80+,False,ATX,,,,,,,140,,,,ZM700-TXII,Non-Modular,700
2125dab0-1daf-4ccc-8279-0d1bd5e4f9ad,be quiet! System Power 9 Black ATX 600W Non-Modular 80+ Bronze Certified,be quiet!,System,600W Bronze,,2125dab0-1daf-4ccc-8279-0d1bd5e4f9ad.json,BLACK,1,0,0,0,0,0,6,,,80+ Bronze,False,ATX,,,,,,,140,,,,BN247,Non-Modular,600
213a28b8-8ea7-4d8e-9ec1-aef718b11b59,be quiet! Dark Power Pro 10 1200W Semi-Modular 80+ Gold Certified,be quiet!,Dark,1200W Gold,,213a28b8-8ea7-4d8e-9ec1-aef718b11b59.json,,1,2,0,8,0,8,11,,,80+ Gold,False,ATX,,,,,,,190,,,,BN605 | BN205,Semi-Modular,1200
213d07be-5eb4-40f8-b6e3-1155ef270952,Thermalright TB-650 650W Fully Modular 80+ Bronze Certified,Thermalright,TB-650,650W Bronze,,213d07be-5eb4-40f8-b6e3-1155ef270952.json,BLACK,1,2,0,3,0,2,6,,,80+ Bronze,False,ATX,,,,,,,140,,,,TB-650 | TR-TB650,Full,650
213ff6b8-24db-4223-a703-7eda5a6b9515,SilentiumPC Elementum E2 230V Black 550W Non-Modular 80+ Certified,SilentiumPC,Elementum,550W 80+,,213ff6b8-24db-4223-a703-7eda5a6b9515.json,BLACK,1,1,0,2,0,1,4,,,80+,False,ATX,,,,,,,140,,,,SPC252,Non-Modular,550
214f9e74-db7f-4bc0-90e1-83f267121910,be quiet! System Power 10 U Black ATX 850W Non-Modular 80+ Gold Certified,be quiet!,System,850W Gold,,214f9e74-db7f-4bc0-90e1-83f267121910.json,BLACK,1,2,0,1,0,4,6,,,80+ Gold,False,ATX,,,,,,,160,,,,BN989 | BN694 | BN993 | BN690 | BN997,Non-Modular,850
21564ec9-c6bc-41fd-9785-3be269710387,EVGA SuperNOVA 650 G2 650W Fully Modular 80+ Gold Certified ATX,EVGA,SuperNOVA,650W Gold,,21564ec9-c6bc-41fd-9785-3be269710387.json,,1,0,0,0,0,0,9,,,80+ Gold,False,ATX,,,,,,,165,,,,220-G2-0650-Y1 | 220-G2-0650-Y3 | 220-G2-0650-Y2,Full,650
2156685f-fa38-4dbd-a36a-22958925cd43,EVGA SuperNOVA 1600 P+ Black 1600W Fully Modular 80+ Platinum Certified ATX,EVGA,SuperNOVA,1600W Platinum,,2156685f-fa38-4dbd-a36a-22958925cd43.json,BLACK,1,0,0,0,0,0,14,,,80+ Platinum,False,ATX,B09M9639VW,,,,N82E16817438232,102608751,200,,,,220-PP-1600-X1,Full,1600
2169450e-26a9-4f59-bd02-7868fb68f575,Silverstone VIVA Black 750W Non-Modular 80+ Gold Certified ATX,Silverstone,VIVA,750W Gold,,2169450e-26a9-4f59-bd02-7868fb68f575.json,BLACK,1,1,0,3,0,4,8,,,80+ Gold,False,ATX,,,,,,,140,,,,SST-VA750-G,Non-Modular,750
2176390e-dd15-4aa6-b6d1-5f5f50ac5d5b,Cooler Master MWE Bronze 500W Non-Modular 80+ Bronze Certified ATX,Cooler Master,MWE,500W Bronze,,2176390e-dd15-4aa6-b6d1-5f5f50ac5d5b.json,BLACK,1,1,0,3,0,2,4,,,80+ Bronze,False,ATX,B074ZDLGM3,,,,,141956928,140,,,,MPX-5001-ACAAB-US,Non-Modular,500
218423fa-047d-494d-bf28-0ad10994baa7,EVGA SuperNOVA Black / Silver 1000 P6 1000W Fully Modular 80+ Platinum Certified ATX,EVGA,SuperNOVA,1000W Platinum,,218423fa-047d-494d-bf28-0ad10994baa7.json,BLACK | GREY,1,2,0,4,0,8,12,,,80+ Platinum,False,ATX,B09CRLRPBD,,,,N82E16817438220,879418264,140,,,,220-P6-1000-X1,Full,1000
21a4c7d7-65af-4bba-b912-c1158a801ffe,SeaSonic FOCUS Plus Platinum 550W Fully Modular 80+ Platinum Certified,SeaSonic,FOCUS,550W Platinum,,21a4c7d7-65af-4bba-b912-c1158a801ffe.json,,1,1,0,3,0,2,6,,,80+ Platinum,False,ATX,,,,,,,140,,,,SSR-550PX,Full,550
21a70d48-d481-4edf-973f-1a4e6448f672,Raidmax Vampire 1000W Semi-Modular 80+ Gold,Raidmax,Vampire,1000W Gold,,21a70d48-d481-4edf-973f-1a4e6448f672.json,,1,1,0,6,0,6,8,,,80+ Gold,False,ATX,,,,,,,165,,,,RX-1000GH,Semi-Modular,1000
21b5ab4c-6a03-4fd6-b425-00446688c0e7,FOCUS GM-850,SeaSonic,FOCUS,GM,0,21b5ab4c-6a03-4fd6-b425-00446688c0e7.json,,1,1,0,3,0,2,4,,,80+ Gold,False,ATX/EPS,B084TSBB2R,,,,,,140,,,,G12-GM-850 | G12 GM-850 | FOCUS GM-850,Semi-Modular,850
21f572b5-a82a-4b1f-8cb5-1975c15f9be3,Cooler Master Elite V2 550W Non-Modular,Cooler Master,Elite,550W ,,21f572b5-a82a-4b1f-8cb5-1975c15f9be3.json,,1,1,0,3,0,2,6,,,,False,ATX,,,,,,,139,,,,RS550-PCARN1-US,Non-Modular,550
21fb8fa1-dd70-4365-a69b-bc9433ec3f75,HEC HEC250SRT Silver SFX 250W Non-Modular,HEC,HEC250SRT,250W ,,21fb8fa1-dd70-4365-a69b-bc9433ec3f75.json,GREY,1,0,0,3,0,0,1,,,,False,SFX,,,,,,,,,,,HEC250SRT,Non-Modular,250
22087f2e-6ae7-497d-b472-aff21b244581,be quiet! Pure Power L8 350W Non-Modular 80+ Bronze,be quiet!,Pure,350W Bronze,,22087f2e-6ae7-497d-b472-aff21b244581.json,,1,1,0,3,0,1,4,,,80+ Bronze,False,ATX,,,,,,,150,,,,BN221,Non-Modular,350
221352ba-7dc6-4c34-87ce-31c3939f395d,Corsair HX750 Platinum 750W 80+ Platinum Certified Fully Modular,Corsair,HX750,750W Platinum,,221352ba-7dc6-4c34-87ce-31c3939f395d.json,,1,2,0,4,0,4,16,,,80+ Platinum,False,ATX,B01N6PEBNL,,,,9SIB8AKKAN6951,546861397,180,,,,CP-9020137-NA | CP-9020137-WW | CP-9020137-UK | CP-9020137-EU | CP-9020137-AU | CP-9020137-CN | CP-9020137-JP | CP-9020137-KR,Full,750
221a7110-cdf1-44ca-a69f-de35c9bf8060,Cooler Master MasterWatt 550 ATX 550W 80+ Bronze Semi-Modular,Cooler Master,MasterWatt,550W Bronze,,221a7110-cdf1-44ca-a69f-de35c9bf8060.json,,1,1,0,4,0,2,6,,,80+ Bronze,False,ATX,,,,,,,140,,,,MPX-5501-AMAAB-US | MPX-5501-AMAAB-UK | MPX-5501-AMAAB-AU | MPX-5501-AMAAB-EU,Semi-Modular,550
2223a63d-e759-4c74-b8c5-196acde2080b,Apevia ATX-CB700W ATX 700W Non-Modular,Apevia,ATX-CB700W,700W ,,2223a63d-e759-4c74-b8c5-196acde2080b.json,,1,1,0,4,0,2,4,,,,False,ATX,,,,,,,154,,,,ATX-CB700W,Non-Modular,700
2243c3fb-65f6-4769-b6a6-734cb9455eca,Deepcool DQ750-M-V2L Black / Green 750W Fully Modular 80+ Gold Certified,DeepCool,DQ750-M-V2L,750W Gold,,2243c3fb-65f6-4769-b6a6-734cb9455eca.json,BLACK | GREEN,1,2,0,4,0,4,8,,,80+ Gold,False,ATX,B089KC4V63,,,,,,160,,,,DP-GD-DQ750-M-V2L | DP-DQ750-M-V2L,Full,750
2257092a-6ba5-47c5-a19b-170b7aa5ce94,HEC HP485D 485W Non-Modular,HEC,HP485D,485W ,,2257092a-6ba5-47c5-a19b-170b7aa5ce94.json,,1,0,0,4,0,0,3,,,,False,ATX,,,,,,,165,,,,HP485D,Non-Modular,485
22801839-0ca0-4faf-a78b-f651e4fcb491,LEPA G800-MB 800W Semi-Modular ATX 80+ Gold Certified,LEPA,G800-MB,800W Gold,,22801839-0ca0-4faf-a78b-f651e4fcb491.json,,1,2,0,4,0,4,12,,,80+ Gold,False,ATX,,,,,,,165,,,,G800-MB,Semi-Modular,800
2281bca6-6440-4c15-9989-6b094ef4633b,Thermaltake Smart RGB 230V ATX Black 600W Non-Modular 80+ Certified,Thermaltake,Smart,600W 80+,,2281bca6-6440-4c15-9989-6b094ef4633b.json,BLACK,1,1,0,4,0,2,5,,,80+,False,ATX,B0744PG921,,,,,,140,,,,PS-SPR-0600NHSAWE-1 | PS-SPR-0600NHSAWU-1,Non-Modular,600
2286380c-3110-43a3-af0d-257d3dfe4490,GAMDIAS Cyclops Black Multicolor 1200W Fully Modular 80+ Platinum Certified,GAMDIAS,Cyclops,1200W Platinum,,2286380c-3110-43a3-af0d-257d3dfe4490.json,BLACK | RGB,1,2,0,6,0,10,9,,,80+ Platinum,False,ATX,,,,,,,190,,,,CYCLOPS X1-1200W-P | X1-1200W-P | CYCLOPS X1 1200P | X1-1200P,Full,1200
228cfcd1-c045-4e3b-85d4-c2eaee88e17f,Phanteks AMP Black 650W Fully Modular 80+ Gold Certified ATX,Phanteks,AMP,650W Gold,,228cfcd1-c045-4e3b-85d4-c2eaee88e17f.json,BLACK,1,2,0,3,0,4,8,,,80+ Gold,False,ATX,B07W8ZS9HF,,,,,,140,,,,PH-P650G_US01 | PH-P650G_AU01 | PH-P650G | PH-P650G_BK,Full,650
22971803-a31f-4953-9dea-ce4ba4fcef12,be quiet! Power Zone 650W Fully Modular 80+ Bronze Certified,be quiet!,Power,650W Bronze,,22971803-a31f-4953-9dea-ce4ba4fcef12.json,,1,1,0,4,0,4,8,,,80+ Bronze,False,ATX,,,,,,,175,,,,BN610,Full,650
22cc3987-da38-4373-8327-f1f74692e23a,RIOTORO ENIGMA 850W 80+ Gold Semi-Modular,RIOTORO,ENIGMA,850W Gold,,22cc3987-da38-4373-8327-f1f74692e23a.json,,1,2,0,6,0,4,9,,,80+ Gold,False,ATX,,,,,,,160,,,,PR-GP0850-SM,Semi-Modular,850
22f02f5f-26e6-4c84-b910-1d28a9debb9c,Cooler Master XG850 ATX 850W Fully Modular 80+ Platinum Certified,Cooler Master,XG850,850W Platinum,,22f02f5f-26e6-4c84-b910-1d28a9debb9c.json,BLACK,1,2,0,4,0,6,12,,,80+ Platinum,False,ATX,,,,,,,160,,,,MPG-8501-AFBAP-US | MPG-8501-AFBAP-AU | MPG-8501-AFBAP-IN | MPG-8501-AFBAP-UK | MPG-8501-AFBAP-JP | MPG-8501-AFBAP-KR | MPG-8501-AFBAP-TW | MPG-8501-AFBAP-WO | MPG-8501-AFBAP-EU | MPG-8501-AFBAP-ST | MPG-8501-AFBAP-BR,Full,850
22f4573c-38f7-40c2-bb09-864e70ed766b,Enermax TRIATHLOR ECO 1000W Semi-Modular 80+ Bronze Certified,Enermax,TRIATHLOR,1000W Bronze,,22f4573c-38f7-40c2-bb09-864e70ed766b.json,,1,2,0,8,0,6,12,,,80+ Bronze,False,ATX,,,,,,,165,,,,ETL1000EWT-M,Semi-Modular,1000
2301896d-7351-49d7-98c9-8146c9090dd5,Antec Basiq ATX 350W Non-Modular,Antec,Basiq,350W ,,2301896d-7351-49d7-98c9-8146c9090dd5.json,,1,0,0,4,0,0,1,,,,False,ATX,B000H9J3ZC,,,,,,139,,,,BP350 | 0761345-06351-7,Non-Modular,350
23085104-4b9a-4a5a-ad54-b4c8bb76aa82,Raidmax Cobra 500W Non-Modular 80+ Bronze,Raidmax,Cobra,500W Bronze,,23085104-4b9a-4a5a-ad54-b4c8bb76aa82.json,,1,1,0,4,0,1,5,,,80+ Bronze,False,ATX,,,,,,,165,,,,RX-500AF-B,Non-Modular,500
231f07b4-b477-4b0c-8a69-9858351d84d1,Raidmax Cobra 750W 80+ Gold Certified Fully Modular ATX,Raidmax,Cobra,750W Gold,,231f07b4-b477-4b0c-8a69-9858351d84d1.json,BLACK,1,2,0,3,1,4,9,,,80+ Gold,False,ATX,,,,,,,140,,,,RX-750AEM,Full,750
233d7bf3-19d5-4ae7-b6f0-b735744e24ae,be quiet! POWER 2 Black SFX 400W Non-Modular 80+ Bronze Certified,be quiet!,POWER,400W Bronze,,233d7bf3-19d5-4ae7-b6f0-b735744e24ae.json,BLACK,1,0,0,1,0,1,4,,,80+ Bronze,False,SFX,,,,,,,100,,,,BN227,Non-Modular,400
233da5dd-0b3a-4132-8d91-67ebb4e2dd04,ADATA XPG CYBERCORE Black / Silver 1000W Fully Modular 80+ Platinum Certified,ADATA,XPG,1000W Platinum,,233da5dd-0b3a-4132-8d91-67ebb4e2dd04.json,BLACK | GREY,1,2,0,4,0,6,12,,,80+ Platinum,False,ATX,,,,,,,160,,,,CYBERCORE1000P-BKCUS,Full,1000
234e73eb-e2c9-4475-b691-89a382368161,Phanteks AMP v2 1000W Fully Modular 80+ Gold Certified,Phanteks,AMP,1000W Gold,,234e73eb-e2c9-4475-b691-89a382368161.json,BLACK,1,2,0,5,1,5,10,,,80+ Gold,False,ATX,,,,,,,140,,,,PH-P1000G_02 | PH-P1000G_EU02,Full,1000
235811d5-baba-46a8-b990-2c054abecd20,Thermaltake Toughpower GT 850W 80+ Gold Certified Fully Modular,Thermaltake,Toughpower,850W Gold,,235811d5-baba-46a8-b990-2c054abecd20.json,WHITE,1,0,0,0,0,0,6,,,80+ Gold,False,ATX,,,,,,,140,,,,PS-TPT-0850FNFAGU-W | PS-TPT-0850FNFAGA-W,Full,850
23654648-a678-470b-b388-466a5a12d24b,Cougar SL600 ATX 600W Non-Modular,Cougar,SL600,600W ,,23654648-a678-470b-b388-466a5a12d24b.json,,1,1,0,3,0,2,5,,,,False,ATX,,,,,,,139,,,,SL600,Non-Modular,600
238d76cd-6618-426c-8622-8b71b9f9dccd,Silverstone Strider 650W Fully Modular 80+ Gold Certified ATX,Silverstone,Strider,650W Gold,,238d76cd-6618-426c-8622-8b71b9f9dccd.json,,1,1,0,6,0,2,8,,,80+ Gold,False,ATX,,,,,,,140,,,,SST-ST65F-G,Full,650
2393b213-d18c-410f-8aac-8f770bee8e3f,SeaSonic PRIME Ultra Gold 750W 80+ Gold Certified Fully Modular ATX,SeaSonic,PRIME,750W Gold,,2393b213-d18c-410f-8aac-8f770bee8e3f.json,BLACK,1,2,0,5,0,8,12,,,80+ Gold,False,ATX,,,,,,,170,,,,SSR-750GD2,Full,750
2397f908-987e-4606-9ceb-787b1cbab9a4,Vetroo GV1000 ATX 1000W Fully Modular 80+ Gold Certified,Vetroo,GV1000,1000W Gold,,2397f908-987e-4606-9ceb-787b1cbab9a4.json,WHITE,1,0,0,0,0,0,8,,,80+ Gold,False,ATX,B0BRN2YG7F,,,,,,140,,,,CP-PSU-VT-GV1000(WH) | CP-PSU-VT-1000G5 (WT) | 1000G5,Full,1000
23b25b2f-8479-4535-b124-fe02dfc657f9,Raidmax RX-835AP 835W Semi-Modular 80+ Bronze Certified,Raidmax,RX-835AP,835W Bronze,,23b25b2f-8479-4535-b124-fe02dfc657f9.json,,1,1,0,3,0,4,5,,,80+ Bronze,False,ATX,,,,,,,165,,,,RX-835AP,Semi-Modular,835
23cdc549-eb71-4899-9b56-91616327abc7,NZXT C750 750W Semi-Modular 80+ Bronze Certified,NZXT,C750,750W Bronze,,23cdc549-eb71-4899-9b56-91616327abc7.json,BLACK,1,2,0,3,0,6,6,,,80+ Bronze,False,ATX,,,,,,,140,,,,PA-7B1BB-US | PA-7B1BB-UK | PA-7B1BB-EU | PA-7B1BB-AU | PA-7B1BB-JP | PA-7B1BB-WO,Semi-Modular,750
23e2ff75-05f5-4be6-9dad-44dacde38be3,EVGA SuperNOVA 850 GS 850W 80+ Gold Fully Modular,EVGA,SuperNOVA,850W Gold,,23e2ff75-05f5-4be6-9dad-44dacde38be3.json,,1,2,0,5,0,8,12,,,80+ Gold,False,ATX,,,,,,,170,,,,220-GS-0850-V1 | 220-GS-0850-V2 | 220-GS-0850-V3,Full,850
23e77ff0-b34d-4b2f-9db8-0f5c69f65dd5,Cooler Master G650M 650W Semi-Modular 80+ Bronze Certified ATX,Cooler Master,G650M,650W Bronze,,23e77ff0-b34d-4b2f-9db8-0f5c69f65dd5.json,,1,1,0,6,0,4,8,,,80+ Bronze,False,ATX,,,,,,,140,,,,RS650-AMAAB1-US,Semi-Modular,650
23e7cd1b-3c5f-4bbe-8ccb-4d020bc81780,Corsair TX850 V2 850W 80+ Bronze Certified ATX Non-Modular,Corsair,TX850,850W Bronze,,23e7cd1b-3c5f-4bbe-8ccb-4d020bc81780.json,,1,1,0,8,0,4,8,,,80+ Bronze,False,ATX,,,,,,,160,,,,CMPSU-850TXV2 | CMPSU-850TXV2UK,Non-Modular,850
240aa375-c9aa-4588-b202-b6e7591e19e7,Razer Katana Chroma 1200W Fully Modular 80+ Platinum Certified,Razer,Katana,1200W Platinum,,240aa375-c9aa-4588-b202-b6e7591e19e7.json,BLACK,1,2,0,4,0,6,12,,,80+ Platinum,False,ATX,B0B6YFBMVW,,,,,,160,,,,RC21-01840400-R3UT | RC21-01840400-R351 | RC21-01840400-R3W1 | RC21-01840400-R3B1,Full,1200
242ebcc2-1946-423f-9440-ef67f430ed8a,Antec VP ATX 630W Non-Modular 80+ Certified,Antec,VP,630W 80+,,242ebcc2-1946-423f-9440-ef67f430ed8a.json,,1,1,0,4,0,2,5,,,80+,False,ATX,,,,,,,140,,,,VP630F,Non-Modular,630
24412922-1b39-4c0f-9da5-ebad5be765b5,Enermax REVOLUTION III Black / Gold 850W Fully Modular 80+ Gold Certified,Enermax,REVOLUTION,850W Gold,,24412922-1b39-4c0f-9da5-ebad5be765b5.json,BLACK | GOLD,1,0,0,0,0,0,9,,,80+ Gold,False,ATX,B0DT2DVGFR,,,,,15984151920,140,,,,ERV850G-AHG-MAC | ERV850G-AHG-MAV | EP-RV3-850G-FR,Full,850
24483652-274d-4569-aa67-b29baa81b794,Mushkin MKNPSJL800 800W Non-Modular 80+ Silver,Mushkin,MKNPSJL800,800W Silver,,24483652-274d-4569-aa67-b29baa81b794.json,,1,2,0,4,0,4,8,,,80+ Silver,False,ATX,,,,,,,,,,,MKNPSJL800,Non-Modular,800
247018bb-d882-4ba1-8ecd-76ea2f7c61b9,HEC X-Power Pro 650 650W Non-Modular,HEC,X-Power,650W ,,247018bb-d882-4ba1-8ecd-76ea2f7c61b9.json,,1,1,0,4,0,1,3,,,,False,ATX,,,,,,,165,,,,X-Power Pro 650,Non-Modular,650
24ae0594-6b35-47c6-a783-33d1a9b47d9e,In Win A45 Black ATX 450W Non-Modular 80+ Certified,In Win,A45,450W 80+,,24ae0594-6b35-47c6-a783-33d1a9b47d9e.json,BLACK,1,2,0,3,0,2,6,,,80+,False,ATX,,,,,,,140,,,,IW-A450,Non-Modular,450
24bf3395-8dbc-474b-9fd3-b219a7dda8a0,Rosewill Lightning ATX 1300W Semi-Modular 80+ Gold Certified,Rosewill,Lightning,1300W Gold,,24bf3395-8dbc-474b-9fd3-b219a7dda8a0.json,,1,2,0,0,0,6,0,,,80+ Gold,False,ATX,,,,,,,180,,,,LIGHTNING-1300,Semi-Modular,1300
24cd0c12-f4b0-458e-9cc5-1fb63e5778ee,Super Flower Zillion FG 1250W Fully Modular 80+ Gold,Super Flower,Zillion,1250W Gold,,24cd0c12-f4b0-458e-9cc5-1fb63e5778ee.json,BLACK,1,2,0,6,1,3,8,,,80+ Gold,False,ATX,,,,,1HU-024C-00076,,140,,,,SF-1250Z12FG,Full,1250
24eac6a3-3b59-421f-85bf-071ede580896,Nfortec Sagitta RGB Black 850W Fully Modular 80+ Gold Certified,Nfortec,Sagitta,850W Gold,,24eac6a3-3b59-421f-85bf-071ede580896.json,BLACK,1,2,0,3,0,2,8,,,80+ Gold,False,ATX,,,,,,,170,,,,NF-PSU-SAGITTA-850WM,Full,850
24f20871-a3af-4722-9672-f423bad8aa99,HEC XP1080 1080W Fully Modular,HEC,XP1080,1080W ,,24f20871-a3af-4722-9672-f423bad8aa99.json,,1,1,0,6,0,2,8,,,,False,ATX,B003UATE4K,,,,,,165,,,,XP1080,Full,1080
2525a5a9-323a-4813-8d0c-2a3e71182970,Raidmax RX-535AP ATX 535W Semi-Modular 80+ Bronze Certified,Raidmax,RX-535AP,535W Bronze,,2525a5a9-323a-4813-8d0c-2a3e71182970.json,,1,1,0,3,0,2,6,,,80+ Bronze,False,ATX,,,,,,,158,,,,RX-535AP,Semi-Modular,535
252d8d23-2c51-4940-8ec0-feec5343fb37,Thermalright TR-SGFX SFX 650W Fully Modular 80+ Gold Certified,Thermalright,TR-SGFX,650W Gold,,252d8d23-2c51-4940-8ec0-feec5343fb37.json,WHITE,1,1,0,3,0,4,6,,,80+ Gold,False,SFX,,,,,,,100,,,,TR-SGFX 650W | SGFX 650W,Full,650
253fc986-29c4-4346-9f7b-65f12f87e568,Cooler Master MWE Gold 650W Non-Modular 80+ Gold,Cooler Master,MWE,650W Gold,,253fc986-29c4-4346-9f7b-65f12f87e568.json,BLACK,1,1,0,5,0,2,4,,,80+ Gold,False,ATX,,,,,,,140,,,,MPY6501ACAAGUS,Non-Modular,650
25575d66-5f8e-4b45-b614-2c7f16383b73,Antec VP ATX 600W Non-Modular,Antec,VP,600W ,,25575d66-5f8e-4b45-b614-2c7f16383b73.json,,1,1,0,4,0,2,5,,,,False,ATX,,,,,,,140,,,,VP-600P,Non-Modular,600
2561a27f-32e1-4b0b-acd6-46323f2e1d65,Kingwin Lazer Platinum 750W Semi-Modular 80+ Platinum Certified ATX,Kingwin,Lazer,750W Platinum,,2561a27f-32e1-4b0b-acd6-46323f2e1d65.json,,1,1,0,5,0,4,7,,,80+ Platinum,False,ATX,,,,,,,169,,,,LZP-750,Semi-Modular,750
2586ee37-a267-4a04-9274-99308f26169c,be quiet! Pure Power L8 ATX 600W Non-Modular 80+ Bronze Certified,be quiet!,Pure,600W Bronze,,2586ee37-a267-4a04-9274-99308f26169c.json,,1,1,0,4,0,4,5,,,80+ Bronze,False,ATX,,,,,,,150,,,,BN624 | BN224,Non-Modular,600
258dc741-4736-4b4d-b606-9be9b347137c,SeaSonic PRIME SNOWSILENT White 750W Fully Modular 80+ Titanium Certified,SeaSonic,PRIME,750W Titanium,,258dc741-4736-4b4d-b606-9be9b347137c.json,WHITE,1,2,0,5,0,4,10,,,80+ Titanium,False,ATX,,,,,,,170,,,,SSR-750TR-SNOWSILENT | PRIME Snow Silent 750 | SSR-750T,Full,750
259f97aa-51c5-4a9f-b951-52a02ad46595,be quiet! Straight Power 11 ATX 450W Fully Modular 80+ Gold Certified,be quiet!,Straight,450W Gold,,259f97aa-51c5-4a9f-b951-52a02ad46595.json,,1,1,0,6,0,2,8,,,80+ Gold,False,ATX,B078X22YBS,,,,,,160,,,,BN280,Full,450
259fd99a-fa7c-4175-b75b-033275eaae0a,be quiet! Pure Power 13 M Black 750W Fully Modular 80+ Gold Certified,be quiet!,Pure,750W Gold,,259fd99a-fa7c-4175-b75b-033275eaae0a.json,BLACK,1,0,0,0,0,0,6,,,80+ Gold,False,ATX,B0FBX9VS3B,,,,N82E16817222044,17150111454,160,,,,BP026US | BP026AU | BP026U2 | BP026UK | BP026EU,Full,750
25be41fd-f453-48af-b9e8-bc4fd1de17ce,GAMDIAS ASTRAPE P1 G Black / Multicolor 650W Fully Modular 80+ Gold,GAMDIAS,ASTRAPE,650W Gold,,25be41fd-f453-48af-b9e8-bc4fd1de17ce.json,BLACK | RGB,1,2,0,3,0,4,9,,,80+ Gold,False,ATX,,,,,,,163,,,,ASTRAPE P1-650W-G | P1-650W-G | GD-ASTRAPE P1 650W,Full,650
25bf7b5d-584c-4069-ac8b-bdbbf36f3102,EVGA SuperNOVA 1000 PQ ATX 1000W Semi-Modular 80+ Platinum Certified,EVGA,SuperNOVA,1000W Platinum,,25bf7b5d-584c-4069-ac8b-bdbbf36f3102.json,BLACK,1,2,0,3,0,10,12,,,80+ Platinum,False,ATX,,,,,,,180,,,,210-PQ-1000-X1 | 210-PQ-1000-X2,Semi-Modular,1000
25c1c98a-d6fd-45f8-8f66-7c92ddf4d943,EVGA 850 BQ ATX 850W Semi-Modular 80+ Bronze Certified,EVGA,850,850W Bronze,,25c1c98a-d6fd-45f8-8f66-7c92ddf4d943.json,,1,0,0,0,0,0,10,,,80+ Bronze,False,ATX,B01FYDUCA0,5594501,,,N82E16817438086,160163722,140,,,,110-BQ-0850-V1 | 110-BQ-0850-V2 | 110-BQ-0850-V3,Semi-Modular,850
25d96966-9ec3-4e7c-8aae-4539e5d9d48c,EVGA 500 B1 500W 80+ Bronze Certified Non-Modular,EVGA,500,500W Bronze,,25d96966-9ec3-4e7c-8aae-4539e5d9d48c.json,,1,1,0,3,0,2,6,,,80+ Bronze,False,ATX,,,,,,,139,,,,100-B1-0500-KR | 100-B1-0500-K2 | 100-B1-0500-K3,Non-Modular,500
25e3925c-306d-4ee9-a328-85f009505fed,Silverstone Strider Platinum S ATX 1000W Fully Modular 80+ Platinum Certified,Silverstone,Strider,1000W Platinum,,25e3925c-306d-4ee9-a328-85f009505fed.json,BLACK,1,2,0,6,0,8,8,,,80+ Platinum,False,ATX,B07N4RZRPY,,,,1B4-042J-00055,1959217388,140,,,,SST-ST1000-PTS | ST1000-PTS,Full,1000
25ee53f5-bf4b-4247-b773-d766a5491df8,FSP Group AU-750M 750W 80+ Gold Certified Semi-Modular,FSP Group,AU-750M,750W Gold,,25ee53f5-bf4b-4247-b773-d766a5491df8.json,,1,2,0,5,0,4,8,,,80+ Gold,False,ATX,,,,,,,160,,,,AU-750M,Semi-Modular,750
25f580cc-887d-4b15-922b-3202e8e94ef8,MSI MAG A650BE Black ATX 650W Semi-Modular 80+ Bronze Certified,MSI,MAG,650W Bronze,,25f580cc-887d-4b15-922b-3202e8e94ef8.json,BLACK,1,0,0,0,0,0,6,,,80+ Bronze,False,ATX,B0CZWTS2CL,6620062,,,,14556562705,140,,,,MAG A650BE | A650BE,Semi-Modular,650
260f1ab4-c00c-4249-b23e-1864a6682585,Corsair CXM ATX 750W Semi-Modular 80+ Bronze Certified,Corsair,CXM,750W Bronze,,260f1ab4-c00c-4249-b23e-1864a6682585.json,,1,1,0,6,0,4,8,,,80+ Bronze,False,ATX,B00ALK3KEM,,,,,,160,,,,CX750M | CP-9020061-UK | CMPSU-750CXM | CP-9020061-AU | CP-9020061-NA | CP-9020061-EU,Semi-Modular,750
2626f3ea-1ac2-49e8-9ae3-ee89378fa0b0,LEPA B650-SA 650W Non-Modular 80+ Bronze,LEPA,B650-SA,650W Bronze,,2626f3ea-1ac2-49e8-9ae3-ee89378fa0b0.json,,1,1,0,4,0,2,7,,,80+ Bronze,False,ATX,,,,,,,140,,,,B650-SA,Non-Modular,650
26368ca2-5ae1-45d1-9406-ec1486554384,Rosewill CS-1000M Black 1000W Fully Modular 80+ Gold,Rosewill,CS-1000M,1000W Gold,,26368ca2-5ae1-45d1-9406-ec1486554384.json,BLACK,1,2,0,3,1,6,9,,,80+ Gold,False,ATX,,,,,,,160,,,,CS-1000M,Full,1000
2650b17e-9bb7-4967-b5cf-8633ef944100,Super Flower LEADEX VII XG Black 1300W Fully Modular 80+ Gold,Super Flower,LEADEX,1300W Gold,,2650b17e-9bb7-4967-b5cf-8633ef944100.json,BLACK,1,0,0,0,0,0,12,,,80+ Gold,False,ATX,B0CYTKRPJQ,,,,1HU-024C-00058,5300574341,150,,,,SF-1300F14XG,Full,1300
265d371c-5c3b-4f30-88e6-3fdd1e9c36b3,Cougar POLAR 1200W Fully Modular 80+ Platinum Certified,Cougar,POLAR,1200W Platinum,,265d371c-5c3b-4f30-88e6-3fdd1e9c36b3.json,WHITE,1,2,0,4,0,9,12,,,80+ Platinum,False,ATX,B0B3DGC4ZT,,,,N82E16817553052,1254858165,180,,,,CGR PR-1200 | 31PL120001P01 | Polar 1200 | POLAR1200,Full,1200
26639c89-5df8-46d3-a94b-af830168f56c,ADATA XPG CORE Reactor 650 Black 650W Fully Modular 80+ Gold,ADATA,XPG,650W Gold,,26639c89-5df8-46d3-a94b-af830168f56c.json,BLACK,1,2,0,4,0,4,12,,,80+ Gold,False,ATX,B07Z8J1973,,,,,,140,,,,COREREACTOR650G-BKCUS | 75260060 | COREREACTOR650G-BKCJP,Full,650
266df507-435d-4aa8-8639-6128d8389bda,Fractal Design Tesla R2 ATX 650W Non-Modular 80+ Gold Certified,Fractal Design,Tesla,650W Gold,,266df507-435d-4aa8-8639-6128d8389bda.json,,1,1,0,2,0,2,6,,,80+ Gold,False,ATX,,,,,,,165,,,,FD-PSU-TS2B-650W,Non-Modular,650
267ce838-86f0-4130-a66d-67b45f0296f3,EVGA SuperNOVA 850 G5 850W Fully Modular 80+ Gold Certified,EVGA,SuperNOVA,850W Gold,,267ce838-86f0-4130-a66d-67b45f0296f3.json,BLACK | GREEN,1,0,0,0,0,0,9,,,80+ Gold,False,ATX,B07WDLTGC1,,,,9SIB8AKKDX8435,277602214,150,,,,220-G5-0850-X1 | 220-G5-0850-X2 | 220-G5-0850-X3 | 850 G5,Full,850
26873c80-411d-4348-bf3f-b82675143d75,Enermax ETL550AWT-M 550W Semi-Modular 80+ Bronze Certified,Enermax,ETL550AWT-M,550W Bronze,,26873c80-411d-4348-bf3f-b82675143d75.json,,1,1,0,4,0,2,8,,,80+ Bronze,False,ATX,,,,,,,140,,,,ETL550AWT-M,Semi-Modular,550
26a3e9b0-5a99-4a26-83d8-b9ce4462983c,FSP Group FSP300-60GHT(85) Silver TFX 300W Non-Modular 80+ Bronze Certified,FSP Group,FSP300-60GHT(85),300W Bronze,,26a3e9b0-5a99-4a26-83d8-b9ce4462983c.json,GREY,1,0,0,0,0,0,2,,,80+ Bronze,False,TFX,,,,,,,175,,,,FSP300-60GHT(85),Non-Modular,300
26b70d12-f73c-4bf6-8e3e-c81dfe966d22,SeaSonic Prime Fanless PX-500 Fanless ATX 500W Fully Modular 80+ Platinum Certified,SeaSonic,Prime,500W Platinum,,26b70d12-f73c-4bf6-8e3e-c81dfe966d22.json,BLACK,1,2,0,5,0,2,8,,,80+ Platinum,True,ATX,B0869RSK7X,,,,,,140,,,,PRIME FANLESS PX-500 | SSR-500PL | PRIME-PX-500,Full,500
26c2fae1-9de1-4afb-8450-eecec3912040,CX Series™ CX750F RGB — 750 Watt 80 Plus® Bronze Certified Fully Modular RGB PSU,Corsair,CX Series,CX750F RGB,2020,26c2fae1-9de1-4afb-8450-eecec3912040.json,,1,2,0,4,0,4,8,,,80+ Bronze,False,ATX,B08FVJ7MGK,6449965,,,9SIAPNMCAN5810,653314129,140,,,,CP-9020218-NA,Full,750
26e873ed-1f5e-4bef-b326-a8033f4c6a82,SHARKOON SilentStorm Cool Zero Black 750W 80+ Gold Certified Fully Modular,SHARKOON,SilentStorm,750W Gold,,26e873ed-1f5e-4bef-b326-a8033f4c6a82.json,BLACK,1,2,0,1,0,4,12,,,80+ Gold,False,ATX,B07MBQMKN2,,,,,,160,,,,4044951026470,Full,750
270a98b9-4307-414b-9ac6-022ecb5b4c92,Chieftec Polaris Pro Black 1300W Fully Modular 80+ Platinum Certified,Chieftec,Polaris,1300W Platinum,,270a98b9-4307-414b-9ac6-022ecb5b4c92.json,BLACK,1,2,0,4,0,6,12,,,80+ Platinum,False,ATX,,,,,,,160,,,,PPX-1300FC-A3,Full,1300
2718afba-9793-44f1-bf29-f1439a885b11,YEYIAN Raiden RGB 850W Non-Modular 80+ Gold Certified,YEYIAN,Raiden,850W Gold,,2718afba-9793-44f1-bf29-f1439a885b11.json,BLACK,1,2,0,3,0,4,9,,,80+ Gold,False,ATX,,,,,,,160,,,,YFR-46701,Non-Modular,850
271aa55a-fa67-4cf6-8366-ceb831049163,Antec Signature ATX 1000W Fully Modular 80+ Titanium Certified,Antec,Signature,1000W Titanium,,271aa55a-fa67-4cf6-8366-ceb831049163.json,BLACK | GREY,1,2,0,5,0,8,16,,,80+ Titanium,False,ATX,B0895CR5X8,,,,N82E16817371133,943051181,170,,,,ST1000 | ST1000 Titanium | X9000A505-18 | 0-761345-11712-8 | 0-761345-11713-5,Full,1000
2743cc1e-436b-460a-86d4-2487e67d4de1,HEC HP585D RETAIL 585W Non-Modular,HEC,HP585D,585W ,,2743cc1e-436b-460a-86d4-2487e67d4de1.json,,1,1,0,3,0,0,3,,,,False,ATX,,,,,,,,,,,HP585D RETAIL,Non-Modular,585
277f3a84-9cb2-4de5-8a85-722645a76408,CORSAIR SF Series SF450 CP-9020181-NA 450 W SFX 80 PLUS PLATINUM Certified Full Modular Power Supply,Corsair,SF Series SF450,,2018,277f3a84-9cb2-4de5-8a85-722645a76408.json,,1,1,0,4,0,2,4,,,80+ Platinum,False,SFX,B07F7SGJ82,6351836,,,N82E16817139243,587339100,100,,,,CP-9020181-NA,Full,450
2791e4b0-9849-46f0-932f-d99677e31c14,Corsair RM450 450W Fully Modular 80+ Gold,Corsair,RM450,450W Gold,,2791e4b0-9849-46f0-932f-d99677e31c14.json,,1,1,0,4,0,2,6,,,80+ Gold,False,ATX,,,,,,,,,,,RM450 | CP-9020066-WW | CP-9020066-UK | CP-9020066-EU,Full,450
279b46ed-a6d4-4944-b664-87dd5632639d,Cooler Master B600 ver. 2 ATX 600W Non-Modular 80+ Certified,Cooler Master,B600,600W 80+,,279b46ed-a6d4-4944-b664-87dd5632639d.json,BLACK,1,1,0,3,0,2,6,,,80+,False,ATX,,,,,,,140,,,,RS-600-ACAB-B1-EU,Non-Modular,600
27a084db-d3c0-4a43-a53e-03ac067ddbf7,Phanteks PH-P750GS Black ATX 750W Non-Modular 80+ Gold Certified,Phanteks,PH-P750GS,750W Gold,,27a084db-d3c0-4a43-a53e-03ac067ddbf7.json,BLACK,1,1,0,3,0,4,8,,,80+ Gold,False,ATX,,,,,,,140,,,,PH-P750GS,Non-Modular,750
27a89b8c-21d2-409c-9cb6-d088a0a2854d,Kingwin STR-500 Fanless ATX 500W Semi-Modular 80+ Platinum Certified,Kingwin,STR-500,500W Platinum,,27a89b8c-21d2-409c-9cb6-d088a0a2854d.json,,1,1,0,5,0,2,6,,,80+ Platinum,True,ATX,,,,,,,170,,,,STR-500,Semi-Modular,500
27ec6e7a-ec6c-49d9-8b48-2049f9400441,KOLINK Core Black 600W Non-Modular 80+ Certified,KOLINK,Core,600W 80+,,27ec6e7a-ec6c-49d9-8b48-2049f9400441.json,BLACK,1,1,0,3,0,2,5,,,80+,False,ATX,,,,,,,140,,,,KL-C600 | PGW-PS-KOL-009,Non-Modular,600
27f2f0fd-e2d8-4660-8097-a0453f692c80,Antec True Power 850W 80+ Bronze Certified Fully Modular,Antec,True,850W Bronze,,27f2f0fd-e2d8-4660-8097-a0453f692c80.json,,1,1,0,9,0,4,8,,,80+ Bronze,False,ATX,B000QW5X5Y,,,,,,180,,,,TPQ-850,Full,850
27f346b9-5b77-44fc-a1ef-2b2bd1b3c827,Antec True Power 750W Non-Modular 80+ Gold,Antec,True,750W Gold,,27f346b9-5b77-44fc-a1ef-2b2bd1b3c827.json,,1,1,0,6,0,6,9,,,80+ Gold,False,ATX,,,,,,,139,,,,TP-750C | 0-761345-07707-1,Non-Modular,750
27ff3311-14d9-43c0-b380-6790ebbb62d0,be quiet! Pure Power 10 400W Non-Modular 80+ Silver Certified,be quiet!,Pure,400W Silver,,27ff3311-14d9-43c0-b380-6790ebbb62d0.json,,1,1,0,2,0,2,5,,,80+ Silver,False,ATX,,,,,,,150,,,,BN272,Non-Modular,400
2831a04b-d8a6-4fbd-bfeb-789b1ec61ed3,Aerocool Integrator Black ATX 500W Non-Modular 80+ Bronze Certified,Aerocool,Integrator,500W Bronze,,2831a04b-d8a6-4fbd-bfeb-789b1ec61ed3.json,BLACK,1,0,0,0,0,0,6,,,80+ Bronze,False,ATX,B00JKVHKSU,,,,,,140,,,,ACP-I500HG | ACPB-IT50AKC.11,Non-Modular,500
2839fbe5-871b-4295-812e-130ff7b72225,SeaSonic B12 BC 650W Non-Modular 80+ Bronze Certified,SeaSonic,B12,650W Bronze,,2839fbe5-871b-4295-812e-130ff7b72225.json,,1,1,0,3,0,4,6,,,80+ Bronze,False,ATX,B093H2PVQP,,,,,,140,,,,B12-BC-650 | B12 BC-650,Non-Modular,650
28401d8a-a510-4ae8-b539-162a43cda126,Cooler Master MWE Bronze V2 Black 500W Non-Modular 80+ Bronze Certified,Cooler Master,MWE,500W Bronze,,28401d8a-a510-4ae8-b539-162a43cda126.json,BLACK,1,1,0,4,0,2,6,,,80+ Bronze,False,ATX,,,,,,,140,,,,MPE-5001-ACAAB-US | MPE-5001-ACAAB-AU | MPE-5001-ACAAB-EU | MPE-5001-ACAAB-UK | MPE-5001-ACAAB-IN,Non-Modular,500
285380aa-598c-4692-a675-42a9d7028376,Rosewill TOKAMAK ATX 1200W Fully Modular 80+ Titanium Certified,Rosewill,TOKAMAK,1200W Titanium,,285380aa-598c-4692-a675-42a9d7028376.json,,1,2,0,6,0,8,16,,,80+ Titanium,False,ATX,,,,,,,180,,,,TOKAMAK 1200,Full,1200
28729fc5-b5bd-441d-8db4-237e63d39205,Rosewill ARC ATX 450W Non-Modular 80+ Bronze Certified,Rosewill,ARC,450W Bronze,,28729fc5-b5bd-441d-8db4-237e63d39205.json,,1,1,0,3,0,1,4,,,80+ Bronze,False,ATX,,,,,,,165,,,,ARC 450,Non-Modular,450
287311d5-f677-476f-b6b4-894311f25a75,Segotep GM Black 750W 80+ Gold Fully Modular,Segotep,GM,750W Gold,,287311d5-f677-476f-b6b4-894311f25a75.json,BLACK,1,0,0,0,0,0,8,,,80+ Gold,False,ATX,B08W47MX46,,,,,,140,,,,CP-PSU-ST-GM750,Full,750
28757067-6201-4e74-9a1f-43f204192297,Inter-Tech Argus APS Black / Orange 720W Non-Modular,Inter-Tech,Argus,720W ,,28757067-6201-4e74-9a1f-43f204192297.json,BLACK | ORANGE,1,1,0,4,0,2,4,,,,False,ATX,,,,,,,140,,,,88882119,Non-Modular,720
28792038-a04f-4225-bb9c-d17b73005d20,RAIJINTEK CRATOS 1200W Fully Modular 80+ Gold Certified ATX,RAIJINTEK,CRATOS,1200W Gold,,28792038-a04f-4225-bb9c-d17b73005d20.json,BLACK,1,2,0,4,1,4,8,,,80+ Gold,False,ATX,,,,,,,140,,,,0R30B00003 | CRATOS 1200 BLACK,Full,1200
288b184b-e5f8-47b5-b068-6f2adfa1c77d,Thermaltake Toughpower DPS G ATX 650W Fully Modular 80+ Gold Certified,Thermaltake,Toughpower,650W Gold,,288b184b-e5f8-47b5-b068-6f2adfa1c77d.json,,1,1,0,8,0,4,8,,,80+ Gold,False,ATX,,,,,,,180,,,,PS-TPG-0650DPCGUS-G,Full,650
289989eb-fde7-48a7-b6e3-46388c5561c9,Super Flower Leadex III ARGB Pro Black 650W Fully Modular 80+ Gold Certified,Super Flower,Leadex,650W Gold,,289989eb-fde7-48a7-b6e3-46388c5561c9.json,BLACK,1,2,0,4,0,4,6,,,80+ Gold,False,ATX,,,,,,,160,,,,SF-650F14RG V2.0,Full,650
28a21b96-7c11-4f45-a8c0-87c83d37116f,Corsair RM750x SHIFT Black Side Interface 750W Fully Modular 80+ Gold Certified,Corsair,RMx Shift ,750W,,28a21b96-7c11-4f45-a8c0-87c83d37116f.json,BLACK,1,0,0,0,0,0,12,,,80+ Gold,False,ATX,B0C61XRJBG,,,https://www.corsair.com/us/en/p/psu/cp-9020251-na/rm750x-shift-80-plus-gold-fully-modular-atx-power-supply-cp-9020251-na,N82E16817139312,3581007343,160,,,,CP-9020251-NA | CP-9020251-UK | CP-9020251-EU | CP-9020251-AU,Non-Modular,750
28e7a15c-0ca8-48ab-af32-085151903e5c,Antec NeoECO 650 Gold Black 650W Semi-Modular 80+ Gold Certified ATX,Antec,NeoECO,650W Gold,,28e7a15c-0ca8-48ab-af32-085151903e5c.json,BLACK,1,1,0,3,0,4,6,,,80+ Gold,False,ATX,,,,,,,140,,,,NE650G,Semi-Modular,650
290397e1-e621-434d-adda-6ad4b9b00f48,Thermaltake Toughpower iRGB PLUS 850W Fully Modular 80+ Platinum Certified ATX,Thermaltake,Toughpower,850W Platinum,,290397e1-e621-434d-adda-6ad4b9b00f48.json,BLACK,1,2,0,4,0,6,12,,,80+ Platinum,False,ATX,,,,,,,160,,,,PS-TPI-0850F2FDPU-1 | PS-TPI-0850F2FDPE-1,Full,850
29042d89-31c2-4b4a-b1d8-b68695aefdf5,Antec VP 550W Non-Modular 80+ Certified ATX,Antec,VP,550W 80+,,29042d89-31c2-4b4a-b1d8-b68695aefdf5.json,,1,1,0,4,0,2,5,,,80+,False,ATX,,,,,,,140,,,,VP550F,Non-Modular,550
290d5735-64da-466b-8ff5-ce95c74d1f8f,Corsair RM550x 550W 80+ Gold Fully Modular,Corsair,RM550x,550W Gold,,290d5735-64da-466b-8ff5-ce95c74d1f8f.json,,1,0,0,0,0,0,6,,,80+ Gold,False,ATX,B079HGL413,,,,9SIB8AKKD13426,767240586,160,,,,CP-9020090-NA | RM550x | CP-9020090-UK | CP-9020090-EU | CP-9020090-AU | CP-9020177-AU | CP-9020177-NA,Full,550
29227d8e-a81b-4d46-a0b5-9541f8befe35,ADATA XPG Core Reactor II 1000W 80+ Gold Certified Fully Modular ATX,ADATA,XPG,1000W Gold,,29227d8e-a81b-4d46-a0b5-9541f8befe35.json,BLACK,1,0,0,0,0,0,9,,,80+ Gold,False,ATX,B0CBQXGJ9F,,31435,,N82E16817478008,2493195069,160,,,,COREREACTORII1000G-BKCUS | COREREACTORII1000G-BKCAU | COREREACTORII1000G-BKCEU | 75261209,Full,1000
2936f36b-8b54-4e19-bbba-d4a520552cfc,GameMax GX-850 Black 850W Fully Modular 80+ Gold,GameMax,GX-850,850W Gold,,2936f36b-8b54-4e19-bbba-d4a520552cfc.json,BLACK,1,2,0,3,0,4,6,,,80+ Gold,False,ATX,,,,,,,160,,,,GX-850 Modular,Full,850
293a7a09-bf8b-4322-818a-9fb65c8ac60e,MSI MEG Ai1300P PCIE5 Black / Copper ATX 1300W Fully Modular 80+ Platinum Certified,MSI,MEG,1300W Platinum,,293a7a09-bf8b-4322-818a-9fb65c8ac60e.json,BLACK | GOLD,1,0,0,0,0,0,16,,,80+ Platinum,False,ATX,B0B433ZCRP,6611626,,,N82E16817701018,2737722308,160,,,,MEG Ai1300P PCIE5 | 306-7ZP4A11-CE0 | MEG AI1300P PCIE5,Full,1300
2963461a-0bdb-47a0-b5d0-c6c0ca42ec29,Apevia AD Black 500W Non-Modular,Apevia,AD,500W ,,2963461a-0bdb-47a0-b5d0-c6c0ca42ec29.json,BLACK,1,0,0,4,0,1,3,,,,False,ATX,,,,,,,140,,,,ATX-AD500W,Non-Modular,500
296a196f-8cc8-4cef-9623-80ac8d98ec5c,Silverstone SFX 450W Fully Modular 80+ Gold,Silverstone,SFX,450W Gold,,296a196f-8cc8-4cef-9623-80ac8d98ec5c.json,,1,1,0,2,0,1,3,,,80+ Gold,False,SFX,,,,,,,100,,,,ST45SF-G | SST-ST45SF-G | SST-ST45SF-G v 2.0,Full,450
29919e88-d216-43ab-b7fd-a8c1aa0906c7,SeaSonic X 660W Fully Modular 80+ Gold Certified ATX,SeaSonic,X,660W Gold,,29919e88-d216-43ab-b7fd-a8c1aa0906c7.json,,1,1,0,5,0,4,8,,,80+ Gold,False,ATX,,,,,,,160,,,,X660 Gold | X-660 | SS-660KM,Full,660
299813a6-fd0d-4536-a84f-a0d3ebec46e7,Fractal Design Ion SFX 500W 80+ Gold Certified Fully Modular,Fractal Design,Ion,500W Gold,,299813a6-fd0d-4536-a84f-a0d3ebec46e7.json,BLACK,1,1,0,2,0,2,4,,,80+ Gold,False,SFX,B07ZJS68CC,,,,,289487064,125,,,,FD-PSU-ION-SFX-500G-BK | FD-PSU-ION-SFX-500G-BK-EU | FD-PSU-ION-SFX-500G-BK-UK | FD-PSU-ION-SFX-500G-BK-AU,Full,500
29e79d79-1d20-4ae1-8fdf-a482796704a7,Cooler Master Silent Pro M2 1500W Semi-Modular 80+ Silver Certified,Cooler Master,Silent,1500W Silver,,29e79d79-1d20-4ae1-8fdf-a482796704a7.json,,1,2,0,5,0,9,12,,,80+ Silver,False,ATX,,,,,,,218,,,,RSF00-SPM2D3-US,Semi-Modular,1500
29e9e59f-1a6e-4c27-a2d7-530796275c6e,Corsair RM750x SHIFT White Side Interface 750W Fully Modular 80+ Gold Certified,Corsair,RM750x,750W Gold,,29e9e59f-1a6e-4c27-a2d7-530796275c6e.json,WHITE,1,0,0,0,0,0,12,,,80+ Gold,False,ATX,B0CWLTQD5K,6577061,,,N82E16817139326,5497118277,160,,,,CP-9020273-NA | CP-9020273-UK | CP-9020273-AU | CP-9020273-EU,Non-Modular,750
2a2a129a-57a5-4eaf-99e5-5e80ac306ec3,GameMax GX Pro Rampage White 850W Fully Modular 80+ Gold,GameMax,GX,850W Gold,,2a2a129a-57a5-4eaf-99e5-5e80ac306ec3.json,WHITE,1,2,0,3,1,4,6,,,80+ Gold,False,ATX,B0BP2785GW,,,,,,160,,,,GX-850 PRO WT,Full,850
2a3fc541-44f0-4acc-af9a-e3bdbcd63769,Corsair RM850e (2022) Black 850W Fully Modular 80+ Gold Certified,Corsair,RM850e,850W Gold,,2a3fc541-44f0-4acc-af9a-e3bdbcd63769.json,BLACK,1,0,0,0,0,0,7,,,80+ Gold,False,ATX,B0B7XM98VK,,,,9SIAFVFK1B2056,2610035022,140,,,,CP-9020249-NA | CP-9020249-UK | CP-9020249-AU | CP-9020249-EU,Full,850
2a565116-6288-41e1-ba3b-65416cd2cfc7,BitFenix Whisper M 750W Fully Modular 80+ Gold Certified,BitFenix,Whisper,750W Gold,,2a565116-6288-41e1-ba3b-65416cd2cfc7.json,,1,2,0,4,0,6,12,,,80+ Gold,False,ATX,,,,,,,160,,,,BP-WG750UMAG-7FM | BP-WG750UMAG-0FM | BP-WG750UMAG-6FM | BP-WG750UMAG-8FM | BP-WG750UMAG-9FM,Full,750
2a5d8bbb-ad29-456e-bdd7-826a9cd7a7b5,"EVGA SuperNOVA 750 P2, 80+ PLATINUM 750W, Fully Modular , EVGA ECO Mode, 10 Year Warranty , Includes FREE Power On Self Tester Power Supply",EVGA,SuperNOVA P2,,0,2a5d8bbb-ad29-456e-bdd7-826a9cd7a7b5.json,,1,2,1,4,0,4,10,,,80+ Platinum,False,ATX,B010HWDP48,5597201,,,9SIB8AKKCU0005,49059862,165,,,,220-P2-0750-X1 | 220-P2-0750-X2,Full,750
2a7a3eda-186e-4e16-9af2-eda27c7a2eec,EVGA 650 GQ 650W 80+ Gold Semi-Modular,EVGA,650,650W Gold,,2a7a3eda-186e-4e16-9af2-eda27c7a2eec.json,,1,0,0,0,0,0,9,,,80+ Gold,False,ATX,B017HA3SQ8,,,,9SIAMG8KAY9220,48318186,165,,,,210-GQ-0650 | 210-GQ-0650-V1 | 210-GQ-0650-V2 | 210-GQ-0650-V3,Semi-Modular,650
2a7f865e-c339-4b7e-836a-f3b2a67ccd30,Super Flower Leadex V Pro Black 850W Fully Modular 80+ Gold,Super Flower,Leadex,850W Gold,,2a7f865e-c339-4b7e-836a-f3b2a67ccd30.json,BLACK,1,2,0,4,0,6,9,,,80+ Gold,False,ATX,,,,,,,130,,,,SF-850F14TG,Full,850
2a8043e6-677c-4e23-b196-62338dc77d1e,Vida Lite Black ATX 650W Non-Modular,Vida,Lite,650W ,,2a8043e6-677c-4e23-b196-62338dc77d1e.json,BLACK,1,1,0,3,0,1,6,,,,False,ATX,,,,,,,140,,,,AA-650-YY,Non-Modular,650
2a8bf754-3812-41c5-b11d-89d1b3d91fde,Cooler Master MasterWatt TUF Gaming Edition Black / Gray 750W Semi-Modular 80+ Bronze Certified,Cooler Master,MasterWatt,750W Bronze,,2a8bf754-3812-41c5-b11d-89d1b3d91fde.json,BLACK | GREY,1,1,0,3,0,4,9,,,80+ Bronze,False,ATX,,,,,,,140,,,,MPX-7501-AMAAB,Semi-Modular,750
2ab465d0-934e-404a-bc90-f8d5da62a381,Silverstone Strider 600W Fully Modular 80+ Bronze Certified,Silverstone,Strider,600W Bronze,,2ab465d0-934e-404a-bc90-f8d5da62a381.json,,1,1,0,3,0,2,8,,,80+ Bronze,False,ATX,,,,,,,140,,,,ST60F-PB,Full,600
2ab64e4d-30b7-487b-841d-679461629210,Azza PSAZ-650W Black ATX 650W Non-Modular 80+ Bronze Certified,Azza,PSAZ-650W,650W Bronze,,2ab64e4d-30b7-487b-841d-679461629210.json,BLACK,1,0,0,0,0,0,5,,,80+ Bronze,False,ATX,B0BVKXD1VB,,,,N82E16817517014,,165,,,,PSAZ-650W | PSAZ-650B,Non-Modular,650
2ac146f4-ebb9-4c85-ac69-0b35050cfe1e,SeaSonic PRIME Gold 1000W 80+ Gold Fully Modular,SeaSonic,PRIME,1000W Gold,,2ac146f4-ebb9-4c85-ac69-0b35050cfe1e.json,,1,2,0,5,0,8,12,,,80+ Gold,False,ATX,,,,,,,170,,,,SSR-1000GD-OLD,Full,1000
2ad54c19-ffda-471b-9574-8ef44bf1e28c,Super Flower Leadex III Gold 650W Fully Modular 80+ Gold Certified,Super Flower,Leadex,650W Gold,,2ad54c19-ffda-471b-9574-8ef44bf1e28c.json,BLACK,1,2,0,4,0,4,6,,,80+ Gold,False,ATX,,,,,,,160,,,,SF-650F14HG,Full,650
2ae5ed0f-078a-40dc-99b1-da16e9e126a6,SeaSonic FOCUS Black 750W Semi-Modular 80+ Gold ATX,SeaSonic,FOCUS,750W Gold,,2ae5ed0f-078a-40dc-99b1-da16e9e126a6.json,BLACK,1,1,0,3,0,4,8,,,80+ Gold,False,ATX,B0778XF1HL,,,,,,140,,,,FOCUS-GM-750 | SSR-750FM | 1,Semi-Modular,750
2aebdb78-df39-4114-9f00-45b64c8fc5eb,Cougar CMX550V3 550W Semi-Modular 80+ Bronze,Cougar,CMX550V3,550W Bronze,,2aebdb78-df39-4114-9f00-45b64c8fc5eb.json,,1,1,0,3,0,2,6,,,80+ Bronze,False,ATX,,,,,,,160,,,,CMX550V3,Semi-Modular,550
2af00f65-30e1-42e9-993f-8b7adf20287e,FSP Group Hydro G Pro Black ATX 650W Fully Modular 80+ Gold Certified,FSP Group,Hydro,650W Gold,,2af00f65-30e1-42e9-993f-8b7adf20287e.json,BLACK,1,2,0,3,0,4,12,,,80+ Gold,False,ATX,,,,,,,150,,,,HG2-650,Full,650
2af7cec1-b6e6-4e60-bc4a-4798e2ba67b3,EVGA 750 B3 750W Fully Modular 80+ Bronze Certified,EVGA,750,750W Bronze,,2af7cec1-b6e6-4e60-bc4a-4798e2ba67b3.json,,1,1,0,3,0,4,6,,,80+ Bronze,False,ATX,,,,,,,160,,,,220-B3-0750-V1 | 220-B3-0750-V2 | 220-B3-0750-V3,Full,750
2b03ec71-561e-4aa9-988e-59c73e178043,OCZ StealthXStream ATX 700W Non-Modular,OCZ,StealthXStream,700W ,,2b03ec71-561e-4aa9-988e-59c73e178043.json,,1,1,0,6,0,1,6,,,,False,ATX,,,,,,,140,,,,OCZ700SXS,Non-Modular,700
2b09ea38-e342-48d8-9e9a-6d484cab7574,EVGA SuperNOVA 550 G2 550W Fully Modular 80+ Gold Certified,EVGA,SuperNOVA,550W Gold,,2b09ea38-e342-48d8-9e9a-6d484cab7574.json,,1,0,0,0,0,0,9,,,80+ Gold,False,ATX,B0106RDI3W,,,,9SIBKYEK6T7135,48859358,165,,,,220-G2-0550-Y1 | 220-G2-0550-Y3 | 220-G2-0550-Y2,Full,550
2b0d9b0e-6ac0-4d7c-9e1e-bd8d5a674292,Athena Power AP-MTFX30 TFX 300W Non-Modular,Athena Power,AP-MTFX30,300W ,,2b0d9b0e-6ac0-4d7c-9e1e-bd8d5a674292.json,,1,0,0,3,0,0,3,,,,False,TFX,B00634R3I4,,,,,,175,,,,AP-MTFX30 | NA,Non-Modular,300
2b1ab2ed-c148-413c-b7df-349712bb3f0f,In Win GreenMe ATX 550W Non-Modular 80+ Bronze Certified,In Win,GreenMe,550W Bronze,,2b1ab2ed-c148-413c-b7df-349712bb3f0f.json,,1,1,0,3,0,1,6,,,80+ Bronze,False,ATX,,,,,,,139,,,,GreenMe 550,Non-Modular,550
2b2c8036-a5c9-43b2-bf76-3b84cd52683a,Silverstone HELA 2050R 2050W Fully Modular 80+ Platinum,Silverstone,HELA,2050W ,,2b2c8036-a5c9-43b2-bf76-3b84cd52683a.json,BLACK,1,0,0,0,0,0,12,,,,False,ATX,B0CRGP8H2X,,,,,5892911543,180,,,,SST-HA2050R-PM | SST-AX2050MCPT-C,Full,2050
2b429add-6ef5-42de-8db9-eafe08a99b56,YEYIAN Raiden Black 550W Non-Modular 80+ Bronze Certified,YEYIAN,Raiden,550W Bronze,,2b429add-6ef5-42de-8db9-eafe08a99b56.json,BLACK,1,1,0,2,0,2,5,,,80+ Bronze,False,ATX,,,,,,,140,,,,YFB-55020-01,Non-Modular,550
2b499fd1-e406-4287-8e00-b70490f0a254,Thermalright TB850S Black ATX 850W Non-Modular 80+ Bronze Certified,Thermalright,TB850S,850W Bronze,,2b499fd1-e406-4287-8e00-b70490f0a254.json,BLACK,1,2,0,3,1,2,5,,,80+ Bronze,False,ATX,,,,,,,140,,,,TB-850S | TR-TB850S,Non-Modular,850
2b67a71b-54db-4ba5-aa94-7260dbb53c74,GAMDIAS HELIOS P2-850G 850W Non-Modular 80+ Gold Certified ATX,GAMDIAS,HELIOS,850W Gold,,2b67a71b-54db-4ba5-aa94-7260dbb53c74.json,BLACK,1,2,0,3,1,4,6,,,80+ Gold,False,ATX,B0CLQZB7JL,,,,,,140,,,,HELIOS P2-850G,Non-Modular,850
2b779e03-cc8b-4508-b3bf-b723d1915f67,SeaSonic TFX 350 350W Fully Modular 80+ Gold Certified,SeaSonic,TFX,350W Gold,,2b779e03-cc8b-4508-b3bf-b723d1915f67.json,BLACK,1,1,0,0,0,1,2,,,80+ Gold,False,TFX,,,,,,,175,,,,TFX 350,Full,350
2b7a2893-6d62-42b2-83f6-fa4583f165b2,EVGA SuperNOVA 1300 P+ 1300W 80+ Platinum Certified Fully Modular,EVGA,SuperNOVA,1300W Platinum,,2b7a2893-6d62-42b2-83f6-fa4583f165b2.json,BLACK,1,2,0,6,0,8,12,,,80+ Platinum,False,ATX,B099816R9C,,,,N82E16817438211,330501751,200,,,,220-PP-1300-X1,Full,1300
2b7b8975-49aa-460f-b2b0-65ee3725e527,Apevia ATX-AS680W-BL 680W Non-Modular,Apevia,ATX-AS680W-BL,680W ,,2b7b8975-49aa-460f-b2b0-65ee3725e527.json,,1,1,0,6,0,0,6,,,,False,ATX,,,,,,,170,,,,ATX-AS680W-BL,Non-Modular,680
2bad7782-adf3-4267-bfcb-8831456842ae,ASRock Challenger CL-650B Black 650W Non-Modular 80+ Bronze,ASRock,Challenger,650W Bronze,,2bad7782-adf3-4267-bfcb-8831456842ae.json,BLACK,1,0,0,0,0,0,4,,,80+ Bronze,False,ATX,B0DNNZ87NS,,,,N82E16817955018,15142019583,140,,,,CL-650B | 90-UXC065-BNUAAA,Non-Modular,650
2bb051ef-800c-4865-8883-d1de1df49855,Thermalright TGFX850 White SFX 850W Fully Modular 80+ Gold Certified,Thermalright,TGFX850,850W Gold,,2bb051ef-800c-4865-8883-d1de1df49855.json,WHITE,1,1,0,3,1,4,6,,,80+ Gold,False,SFX,,,,,,,100,,,,TGFX850-W,Full,850
2bb7e27b-c7d3-4261-8bf2-8af5af39d124,SeaSonic Focus GX V4 ATX 3 (2024) Black 1000W Fully Modular 80+ Gold Certified,SeaSonic,Focus,1000W Gold,,2bb7e27b-c7d3-4261-8bf2-8af5af39d124.json,BLACK,1,0,0,0,0,0,8,,,80+ Gold,False,ATX,B0DLFKRJDC,,31610,,N82E16817151270,14348907402,140,,,,FOCUS-GX-1000-V4 | Focus V4 GX-1000 | FOCUS GX ATX 3 (2024) GX-1000 | FOCUS GX-1000 (ATX3) | Focus GX-1000 ATX 3.1 | Focus GX-1000 V4 (2024),Full,1000
2bc1bd21-2563-470c-9a33-b16120b5b6ce,Cooler Master eXtreme Power Plus 500W Non-Modular,Cooler Master,eXtreme,500W ,,2bc1bd21-2563-470c-9a33-b16120b5b6ce.json,,1,1,0,5,0,0,4,,,,False,ATX,,,,,,,140,,,,RS500-PCARD3-US,Non-Modular,500
2be54268-6b62-4c3d-9e98-7ca350e208bc,be quiet! Pure Power 12 M Black 850W Fully Modular 80+ Gold,be quiet!,Pure,850W Gold,,2be54268-6b62-4c3d-9e98-7ca350e208bc.json,BLACK,1,0,0,0,0,0,6,,,80+ Gold,False,ATX,B0BVY62M5F,,,,1HU-004H-000S2,5282280403,160,,,,BN505 | BN716 | BN344,Full,850
2c01b16d-7a88-4688-a071-ba3e22069ad7,Silverstone Strider ATX 500W Fully Modular 80+ Bronze Certified,Silverstone,Strider,500W Bronze,,2c01b16d-7a88-4688-a071-ba3e22069ad7.json,,1,1,0,3,0,1,6,,,80+ Bronze,False,ATX,,,,,,,139,,,,ST50F-P | SST-ST50F-P,Full,500
2c1f1154-a72a-4363-89d7-33327f2700cc,Phanteks PH-P550GF Black 550W Non-Modular 80+ Gold,Phanteks,PH-P550GF,550W Gold,,2c1f1154-a72a-4363-89d7-33327f2700cc.json,BLACK,1,1,0,3,0,2,4,,,80+ Gold,False,ATX,,,,,,,140,,,,PH-P550GF,Non-Modular,550
2c289594-1cbe-429c-8207-e4b818142912,Corsair CX750F Black ATX 750W Fully Modular 80+ Bronze Certified,Corsair,CX750F,750W Bronze,,2c289594-1cbe-429c-8207-e4b818142912.json,BLACK,1,0,0,0,0,0,8,,,80+ Bronze,False,ATX,B08FVCD21D,,,,9SIB8AKKAN3209,678811607,140,,,,CP-9020218-NA | CP-9020227-NA,Full,750
2c2d378d-a2f1-4da7-a7f2-1a5d70eabebf,Antec VP PLUS Black 500W Non-Modular 80+ Certified,Antec,VP,500W 80+,,2c2d378d-a2f1-4da7-a7f2-1a5d70eabebf.json,BLACK,1,1,0,2,0,2,7,,,80+,False,ATX,,,,,,,140,,,,VP500P PLUS | V3000A100-18 | 0-761345-11653-4 | 0-761345-11651-0,Non-Modular,500
2c610784-e91e-463a-8f32-fcf7517d0640,Corsair CX750M V2 (2017 Edition) Black / White 750W Semi-Modular 80+ Bronze,Corsair,CX750M,750W Bronze,,2c610784-e91e-463a-8f32-fcf7517d0640.json,BLACK | WHITE,1,0,0,0,0,0,8,,,80+ Bronze,False,ATX,B078M6D5CJ,,,,,690348706,140,,,,CP-9020154-NA,Semi-Modular,750
2c74f74c-c7ac-4335-a78f-8dfd6ff02a09,Cougar GEX 850W 80+ Gold Certified Fully Modular,Cougar,GEX,850W Gold,,2c74f74c-c7ac-4335-a78f-8dfd6ff02a09.json,BLACK,1,0,0,0,0,0,8,,,80+ Gold,False,ATX,B08DF7892F,,32632,,,559127236,160,,,,GEX850 | 31GE085001P01,Full,850
2c7d92df-8671-44cc-b473-4cd2c41984b4,Apevia Spirit ATX 700W Non-Modular,Apevia,Spirit,700W ,,2c7d92df-8671-44cc-b473-4cd2c41984b4.json,,1,1,0,4,0,2,4,,,,False,ATX,,,,,,,160,,,,ATX-SP700W,Non-Modular,700
2c815176-b302-4913-83bf-a149c99544ad,GameMax GP Black ATX 550W Non-Modular 80+ Bronze Certified,GameMax,GP,550W Bronze,,2c815176-b302-4913-83bf-a149c99544ad.json,BLACK,1,1,0,3,0,1,5,,,80+ Bronze,False,ATX,,,,,,,158,,,,GP-550,Non-Modular,550
2c9264d6-ec80-43c3-89f9-2550113c8607,Thermaltake TR2 ATX 500W Non-Modular 80+ Bronze Certified,Thermaltake,TR2,500W Bronze,,2c9264d6-ec80-43c3-89f9-2550113c8607.json,,1,1,0,5,0,1,5,,,80+ Bronze,False,ATX,,,,,,,140,,,,TR-500P,Non-Modular,500
2ca05a18-4ece-4618-8061-6ebaae1df824,Asus ROG THOR P2 Gaming 850W Fully Modular 80+ Platinum Black / Silver,Asus,ROG Thor,850W Platinum II,2021,2ca05a18-4ece-4618-8061-6ebaae1df824.json,BLACK | GREY,1,2,0,6,0,8,12,Cybenetics Platinum,Cybenetics A++,80+ Platinum,False,ATX,B0C3ZLPNPM,,,https://rog.asus.com/power-supply-units/rog-thor/rog-thor-1000p2-eva-gaming-model/spec/,N82E16817320033,3965887611,160,,2026-04-11T18:13:17.810Z,Black/Silver,ROG-THOR-850P2-GAMING | 90YE00L2-B0NA00,Full,850
2cd5a664-246f-46f3-93cb-f3bbaa5547c5,Diablotek PSDA600 ATX 600W Non-Modular,Diablotek,PSDA600,600W ,,2cd5a664-246f-46f3-93cb-f3bbaa5547c5.json,,1,1,0,6,0,2,6,,,,False,ATX,,,,,,,,,,,PSDA600,Non-Modular,600
2d0e80f8-2388-423f-9fe2-0f706ac23e13,Rosewill RD600-M ATX 600W Semi-Modular,Rosewill,RD600-M,600W ,,2d0e80f8-2388-423f-9fe2-0f706ac23e13.json,,1,1,0,3,0,2,7,,,,False,ATX,,,,,,,165,,,,RD600-M,Semi-Modular,600
2d335eb6-4dc2-4314-98d4-1d8aa921fb98,Zalman TXIIv2 Black 500W Non-Modular 80+ Certified,Zalman,TXIIv2,500W 80+,,2d335eb6-4dc2-4314-98d4-1d8aa921fb98.json,BLACK,1,1,0,3,0,2,6,,,80+,False,ATX,,,,,,,140,,,,ZM500-TXIIv2,Non-Modular,500
2d352606-568c-427e-a398-ac37267fa784,Corsair RM750x White 750W 80+ Gold Certified Fully Modular ATX,Corsair,RM750x,750W Gold,,2d352606-568c-427e-a398-ac37267fa784.json,WHITE | BLACK,1,1,0,7,0,4,8,,,80+ Gold,False,ATX,,,,,,,180,,,,CP-9020155-NA | CP-9020155-UK | CP-9020155-EU | CP-9020155-AU | CP-9020155-CN | CP-9020155-JP | CP-9020155-KR | CP-9020155-WW | CP-9020155-TW,Full,750
2d4198a5-d3ab-45da-adf3-94b06d7c8719,Athena Power AP-TFX30 TFX 300W Non-Modular,Athena Power,AP-TFX30,300W ,,2d4198a5-d3ab-45da-adf3-94b06d7c8719.json,,1,1,0,2,0,0,3,,,,False,TFX,,,,,,,175,,,,AP-TFX30,Non-Modular,300
2d6332a6-c8b6-4ba7-afcd-a4e23f19dc3e,MSI MAG A650GL Black 650W Fully Modular 80+ Gold Certified ATX,MSI,MAG,650W Gold,,2d6332a6-c8b6-4ba7-afcd-a4e23f19dc3e.json,BLACK,1,0,0,0,0,0,6,,,80+ Gold,False,ATX,B0C3M9B8Q2,6562434,,,N82E16817701023,2220557965,140,,,,MAG A650GL | 306-7ZP8C11-CE0 | MAG A650GL PCIE5,Full,650
2d7cc4cc-eab8-4aad-8958-c9636d5b6fcc,SeaSonic PRIME PX-2200 ATX 3 (2024) ATX 2200W Fully Modular 80+ Platinum Certified,SeaSonic,PRIME,2200W Platinum,,2d7cc4cc-eab8-4aad-8958-c9636d5b6fcc.json,BLACK,1,0,0,0,0,0,18,,,80+ Platinum,False,ATX,,,,,,,210,,,,atx3-prime-px-2200,Full,2200
2d8c7fc0-536a-4738-8afc-432ca63e42fc,Cooler Master V650 Gold V2 Black 650W Fully Modular 80+ Gold,Cooler Master,V650,650W Gold,,2d8c7fc0-536a-4738-8afc-432ca63e42fc.json,BLACK,1,2,0,4,0,4,8,,,80+ Gold,False,ATX,,,,,,,160,,,,MPY-650V-AFBAG | MPY-650V-AFBAG-WO | MPY-650V-AFBAG-IN | MPY-650V-AFBAG-EU | MPY-650V-AFBAG-UK | MPY-650V-AFBAG-JP | MPY-650V-AFBAG-AU | MPY-650V-AFBAG-US | MPY-650V-AFBAG-KR,Full,650
2d92d811-dfd1-4abb-ac4b-382f5dc6b91c,Thermaltake Toughpower GF1 PE 650W 80+ Gold Fully Modular,Thermaltake,Toughpower,650W Gold,,2d92d811-dfd1-4abb-ac4b-382f5dc6b91c.json,,1,1,0,4,0,4,9,,,80+ Gold,False,ATX,,,,,,,160,,,,PS-TPD-0650FNFAGU-1 | PS-TPD-0650FNFAGA-1 | PS-TPD-0650FNFAGE-1 | PS-TPD-0650FNFAGx-1,Full,650
2d92ffd2-b083-479b-9736-5b0f3dd86f0b,Enermax CYBERBRON ATX 500W Non-Modular 80+ Bronze Certified,Enermax,CYBERBRON,500W Bronze,,2d92ffd2-b083-479b-9736-5b0f3dd86f0b.json,BLACK | GREY,1,1,0,4,0,2,6,,,80+ Bronze,False,ATX,,,,,,,140,,,,ECB500AWT,Non-Modular,500
2d9aa262-be0a-49a5-a371-b8629d170ad9,Super Flower Leadex V Pro White 850W Fully Modular 80+ Gold Certified ATX,Super Flower,Leadex,850W Gold,,2d9aa262-be0a-49a5-a371-b8629d170ad9.json,WHITE,1,2,0,4,0,6,9,,,80+ Gold,False,ATX,,,,,,,130,,,,SF-850F14TG(WH),Full,850
2e09c88a-3956-459d-84bd-6c3e51a23c9f,EVGA SuperNOVA 550 GA 550W Fully Modular 80+ Gold Certified ATX,EVGA,SuperNOVA,550W Gold,,2e09c88a-3956-459d-84bd-6c3e51a23c9f.json,BLACK,1,1,0,4,0,3,6,,,80+ Gold,False,ATX,B07WNXY6T5,,,,9SIAKVHKCC7702,271234976,150,,,,220-GA-0550-X1,Full,550
2e529b23-e13d-4c20-9b47-425fea2cb62f,RIOTORO BUILDER Black / Red 600W Non-Modular 80+,RIOTORO,BUILDER,600W 80+,,2e529b23-e13d-4c20-9b47-425fea2cb62f.json,BLACK | RED,1,1,0,3,0,2,6,,,80+,False,ATX,,,,,,,140,,,,PR-BFX600-UK,Non-Modular,600
2e5579f2-9ebe-4d34-bd8d-deb471c1f2a6,Corsair RM1000x 1000W 80+ Gold Certified Fully Modular,Corsair,RM1000x,1000W Gold,,2e5579f2-9ebe-4d34-bd8d-deb471c1f2a6.json,,1,0,0,0,0,0,11,,,80+ Gold,False,ATX,B015YEI7LK,,,,,49508001,180,,,,CP-9020094-NA | rm1000x | CP-9020094-UK,Full,1000
2e64188d-1e99-453c-8f8d-fcdc3fad1a73,Silverstone VA550-B Black 550W Non-Modular 80+ Bronze Certified,Silverstone,VA550-B,550W Bronze,,2e64188d-1e99-453c-8f8d-fcdc3fad1a73.json,BLACK,1,0,0,0,0,0,6,,,80+ Bronze,False,ATX,,,,,,,140,,,,SST-VA550-B,Non-Modular,550
2e77717b-c2be-4422-9820-628433d41e9b,be quiet! Pure Power 11 750W 80+ Gold Fully Modular,be quiet!,Pure,750W Gold,,2e77717b-c2be-4422-9820-628433d41e9b.json,BLACK,1,2,0,2,0,4,9,,,80+ Gold,False,ATX,B0948RJG1C,,,,,,165,,,,BN672 | BN319 | BN962,Full,750
2e7acf2a-2c98-4e0d-a91f-96cc6f818df2,Xigmatek Vector 750W Semi-Modular 80+ Gold Certified,Xigmatek,Vector,750W Gold,,2e7acf2a-2c98-4e0d-a91f-96cc6f818df2.json,,1,2,0,4,0,4,9,,,80+ Gold,False,ATX,,,,,,,,,,,Vector G750,Semi-Modular,750
2eb1efbc-1498-4381-9220-6dbafbf0ad98,Enermax ENP350AST 350W Non-Modular,Enermax,ENP350AST,350W ,,2eb1efbc-1498-4381-9220-6dbafbf0ad98.json,,1,1,0,4,0,0,5,,,,False,ATX,,,,,,,,,,,ENP350AST,Non-Modular,350
2ee7face-229c-49d9-b362-fe2923f28ca0,EVGA 600 GD 600W Non-Modular 80+ Gold Certified,EVGA,600,600W Gold,,2ee7face-229c-49d9-b362-fe2923f28ca0.json,BLACK,1,0,0,0,0,0,6,,,80+ Gold,False,ATX,B07W5WZCTR,,,,N82E16817438157,296688458,140,,,,100-GD-0600-V1 | 100-GD-0600-V2 | 100-GD-0600-V3 | 100-GD-0600-V4,Non-Modular,600
2f35817b-60c6-4968-9e52-894a39cfed51,Lian Li SX Platinum 1200W SXP Compact ATX Form Factor Power Supply w/ 12V-2x6 Cable - ATX 3.1 & PCIE 5.1 Compliant - 140mm Fan - Full Modular - 10 Year Warranty - White (SX1200P.W),Lian Li,SX Platinum,1200W White,2025,2f35817b-60c6-4968-9e52-894a39cfed51.json,WHITE,1,2,,1,1,3,2,,,80+ Platinum,,ATX,B0FPCH3SY1,,,https://lian-li.com/product/sx-platinum/,9SIAFSTKKB5232,19429454788,140,,2025-12-31T20:28:51.585Z,,SX1200P.W,Full,1200
2f35acb2-f4d8-4d7f-9175-955623b6bc15,SeaSonic PRIME Gold 850W Fully Modular 80+ Gold Certified,SeaSonic,PRIME,850W Gold,,2f35acb2-f4d8-4d7f-9175-955623b6bc15.json,,1,2,0,5,0,6,10,,,80+ Gold,False,ATX,,,,,,,170,,,,SSR-850GD-OLD,Full,850
2f683112-79f2-4053-998a-8ecf804ccb14,EVGA SuperNOVA 750 G+,EVGA,SuperNOVA G+,750w,2018,2f683112-79f2-4053-998a-8ecf804ccb14.json,,1,2,2,0,4,0,9,,,80+ Gold,False,ATX,B0797HL9Z4,6204520,,,,874865655,170,,,,120-GP-0750-X1 | 20-GP-0750-X1,Full,750
2f7fa849-6bb5-4afb-afe2-f1c72f32da56,BitFenix Whisper M 650W 80+ Gold Fully Modular,BitFenix,Whisper,650W Gold,,2f7fa849-6bb5-4afb-afe2-f1c72f32da56.json,,1,1,0,4,0,4,8,,,80+ Gold,False,ATX,,,,,,,160,,,,BP-WG650UMAG-7FM | BP-WG650UMAG-0FM | BP-WG650UMAG-6FM | BP-WG650UMAG-8FM | BP-WG650UMAG-9FM,Full,650
2f99a094-cb99-4ea8-bde5-2ff476c598fb,PowerSpec PS 650BF Black 650W Non-Modular 80+ Bronze,PowerSpec,PS,650W Bronze,,2f99a094-cb99-4ea8-bde5-2ff476c598fb.json,BLACK,1,0,0,0,0,0,6,,,80+ Bronze,False,ATX,B097BKYBXL,,,,,,140,,,,PS 650BF,Non-Modular,650
2fa3007a-446b-4cf7-a0e0-fbe3f1f34678,Deepcool PF500 230V Black ATX 500W Non-Modular 80+ Certified,DeepCool,PF500,500W 80+,,2fa3007a-446b-4cf7-a0e0-fbe3f1f34678.json,BLACK,1,0,0,0,0,0,6,,,80+,False,ATX,,,,,,,140,,,,R-PF500D-HA0B-US | R-PF500D-HA0B-AR | R-PF500D-HA0B-UK | R-PF500D-HA0B-CN | R-PF500D-HA0B-BP | R-PF500D-HA0B-AU | R-PF500D-HA0B-WO | R-PF500D-HA0B-EU,Non-Modular,500
2fb130c0-c13f-4049-8499-66f8b870f6e4,Rosewill Libertas ATX 800W Fully Modular 80+ Bronze Certified,Rosewill,Libertas,800W Bronze,,2fb130c0-c13f-4049-8499-66f8b870f6e4.json,,1,2,0,8,0,4,10,,,80+ Bronze,False,ATX,,,,,,,165,,,,LIB800,Full,800
2fc645ad-7550-41d7-b79a-55d4c7fdd4c1,Corsair AX1200 ATX 1200W Fully Modular 80+ Gold Certified,Corsair,AX1200,1200W Gold,,2fc645ad-7550-41d7-b79a-55d4c7fdd4c1.json,,1,2,0,12,0,6,16,,,80+ Gold,False,ATX,B003PJ6QVU,,,,,,185,,,,CMPSU-1200AX | CMPSU-1200AXUK | CMPSU-1200AX A,Full,1200
2fc667c7-7a53-40b8-9a32-e69cda436c45,Thermaltake Toughpower 650W 80+ Gold Semi-Modular,Thermaltake,Toughpower,650W Gold,,2fc667c7-7a53-40b8-9a32-e69cda436c45.json,,1,1,0,4,0,4,12,,,80+ Gold,False,ATX,,,,,,,140,,,,PS-TPD-0650MPCGUS-1 | TT-PS-TPD-0650MPCGAU-1,Semi-Modular,650
2fc75e6b-6b9d-474c-a5e7-c5c31e630382,SHARKOON WPM Bronze 600W Semi-Modular 80+ Bronze Certified ATX,SHARKOON,WPM,600W Bronze,,2fc75e6b-6b9d-474c-a5e7-c5c31e630382.json,,1,1,0,5,0,2,6,,,80+ Bronze,False,ATX,,,,,,,165,,,,WPM600,Semi-Modular,600
2fdc6559-39e2-4aad-9b87-0fa305bfe814,SHARKOON Rebel P20 SFX 750W Fully Modular 80+ Platinum Certified,SHARKOON,Rebel,750W Platinum,,2fdc6559-39e2-4aad-9b87-0fa305bfe814.json,BLACK,1,2,0,1,1,2,8,,,80+ Platinum,False,SFX,,,,,,,100,,,,Rebel P20 SFX 750,Full,750
2fe1b636-6746-464f-bbe8-732e0f9efd39,Cooler Master MWE Gold V2 Black ATX3.0 850W Fully Modular 80+ Gold Certified,Cooler Master,MWE,850W Gold,,2fe1b636-6746-464f-bbe8-732e0f9efd39.json,BLACK,1,2,0,4,1,4,12,,,80+ Gold,False,ATX,,,,,,,160,,,,MPE-8501-AFAAG-3 | MPE-8501-AFAAG-3WO | MPE-8501-AFAAG-3US | MPE-8501-AFAAG-3UK | MPE-8501-AFAAG-3U2 | MPE-8501-AFAAG-3EU | MPE-8501-AFAAG-3AU,Full,850
2fe77bb0-f978-485a-bac2-8f5c55d45166,Antec VP650P 650W Non-Modular,Antec,VP650P,650W ,,2fe77bb0-f978-485a-bac2-8f5c55d45166.json,,1,1,0,4,0,2,6,,,,False,ATX,,,,,,,140,,,,VP-650P,Non-Modular,650
2fe846c4-8603-4fa0-b07b-d302e0bb2650,GameMax RGB Rainbow Black 850W Fully Modular 80+ Gold,GameMax,RGB,850W Gold,,2fe846c4-8603-4fa0-b07b-d302e0bb2650.json,BLACK,1,1,0,3,0,2,8,,,80+ Gold,False,ATX,,,,,1HU-0249-00007,,165,,,,RGB-850,Full,850
2ff736d5-b7b5-4643-8c78-6807dfaebbe5,Cougar LX500 ATX 500W Fully Modular 80+ Bronze Certified,Cougar,LX500,500W Bronze,,2ff736d5-b7b5-4643-8c78-6807dfaebbe5.json,BLACK,1,1,0,3,0,2,5,,,80+ Bronze,False,ATX,,,,,,,140,,,,31TD050.0026 | LX500EU,Full,500
2ffbbefa-756c-4aad-8eea-9c04246be336,be quiet! Straight Power 11 650W Fully Modular 80+ Gold Certified,be quiet!,Straight,650W Gold,,2ffbbefa-756c-4aad-8eea-9c04246be336.json,,1,1,0,7,0,4,9,,,80+ Gold,False,ATX,B07CX2MR8H,,,,,,160,,,,BN282 | BN618,Full,650
30258f2a-21e4-4e7b-a299-5eca788ef204,Corsair HX1000i (2023) Black ATX 1000W Fully Modular 80+ Platinum Certified,Corsair,HX1000i,1000W Platinum,,30258f2a-21e4-4e7b-a299-5eca788ef204.json,BLACK,1,0,0,0,0,0,8,,,80+ Platinum,False,ATX,B0BZ2CRW8H,6544995,,,N82E16817139313,2213316363,180,,,,CP-9020259-NA | CP-9020259-WW | CP-9020259-EU | CP-9020259-AU | CP-9020259-UK | CP-9020259-JP | CP9020259NA,Full,1000
302dee3e-d661-4298-9dc4-864152b33cba,ASRock Taichi TC-1300T Black / Silver 1300W Fully Modular 80+ Titanium Certified ATX,ASRock,Taichi,1300W Titanium,,302dee3e-d661-4298-9dc4-864152b33cba.json,BLACK | GREY,1,2,0,6,2,8,12,,,80+ Titanium,False,ATX,B0DG7612X3,,,,N82E16817955002,14461570001,180,,,,TC-1300T | 90-UXT130-TFUAAB,Full,1300
303a4075-5136-4c49-aa4a-eb5685a7c170,Thermaltake Toughpower SFX 850W Fully Modular 80+ Gold,Thermaltake,Toughpower,850W Gold,,303a4075-5136-4c49-aa4a-eb5685a7c170.json,BLACK,1,0,0,0,0,0,8,,,80+ Gold,False,SFX,B0BMWKHFN8,,,,N82E16817153441,1349206591,100,,,,PS-STP-0850FNFAGU-1 | PS-STP-0850FNFAGE-1 | PS-STP-0850FNFAGA-1,Full,850
304ca2d5-c41b-4779-b1b0-3208bcf7886d,Apevia ATX-AS520W-BK 520W Non-Modular,Apevia,ATX-AS520W-BK,520W ,,304ca2d5-c41b-4779-b1b0-3208bcf7886d.json,,1,0,0,6,0,2,4,,,,False,ATX,,,,,,,170,,,,ATX-AS520W-BK,Non-Modular,520
309e882f-cd05-4323-bd18-83af778b0afc,Sparkle SCC-850AF ATX 850W Semi-Modular 80+ Gold,Sparkle,SCC-850AF,850W Gold,,309e882f-cd05-4323-bd18-83af778b0afc.json,,1,1,0,9,0,4,9,,,80+ Gold,False,ATX,,,,,,,174,,,,SCC-850AF,Semi-Modular,850
30a46e65-4b49-408b-9be5-2b6bc38bb69f,SeaSonic Snow Silent Silent 1050W Fully Modular 80+ Platinum Certified,SeaSonic,Snow,1050W Platinum,,30a46e65-4b49-408b-9be5-2b6bc38bb69f.json,,1,2,0,5,0,8,14,,,80+ Platinum,False,ATX,,,,,,,190,,,,Snow Silent-1050 | SS-1050XP3,Full,1050
30a542b6-d5ca-4dea-8e55-0223a7a93945,SeaSonic M12II 750W Semi-Modular 80+ Bronze Certified,SeaSonic,M12II,750W Bronze,,30a542b6-d5ca-4dea-8e55-0223a7a93945.json,,1,2,0,5,0,4,8,,,80+ Bronze,False,ATX,,,,,,,160,,,,SS-750AM,Semi-Modular,750
30a9de5d-98a1-4bf4-9f85-8b8d976c4e32,Silverstone Strider Titanium 1100W Fully Modular 80+ Titanium Certified ATX,Silverstone,Strider,1100W Titanium,,30a9de5d-98a1-4bf4-9f85-8b8d976c4e32.json,BLACK | BLUE,1,2,0,6,0,8,16,,,80+ Titanium,False,ATX,,,,,,,180,,,,SST-ST1100-TI,Full,1100
30d585c6-41dc-4e29-9c12-3cf938e59d94,FSP Group Hydro Ti PRO Gen 5 Black 850W Fully Modular 80+ Titanium Certified,FSP Group,Hydro,850W Titanium,,30d585c6-41dc-4e29-9c12-3cf938e59d94.json,BLACK,1,2,0,4,1,5,12,,,80+ Titanium,False,ATX,,,,,,,150,,,,HTI-850M | Gen5,Full,850
30e83c0b-60c1-403f-baeb-711dcee4bf95,SeaSonic Platinum Fanless ATX 400W Fully Modular 80+ Platinum,SeaSonic,Platinum,400W Platinum,,30e83c0b-60c1-403f-baeb-711dcee4bf95.json,,1,1,0,5,0,2,6,,,80+ Platinum,True,ATX,,,,,,,160,,,,SS-400FL2 | SS-400FL2 Active PFC F3 | SS-400FL2 F3,Full,400
3104fa8c-84ff-481a-9ab2-f48e97ec37db,Sentey SDP750-SS ATX 750W Non-Modular 80+ Certified,Sentey,SDP750-SS,750W 80+,,3104fa8c-84ff-481a-9ab2-f48e97ec37db.json,,1,1,0,5,0,2,8,,,80+,False,ATX,,,,,,,180,,,,SDP750-SS,Non-Modular,750
3121b628-e300-4186-abc9-dc7c8ef8e1e6,SHARKOON Rebel P20 1000 1000W Fully Modular,SHARKOON,Rebel,1000W ,,3121b628-e300-4186-abc9-dc7c8ef8e1e6.json,BLACK,1,2,0,1,1,4,11,,,,False,ATX,,,,,,,140,,,,Rebel P20 1000,Full,1000
314245c4-b6ee-4994-938f-c0e05d46ac9c,Thermaltake Toughpower GF A3 ATX 3.0 Black 750W Fully Modular 80+ Gold Certified,Thermaltake,Toughpower,750W Gold,,314245c4-b6ee-4994-938f-c0e05d46ac9c.json,BLACK,1,2,0,4,1,4,8,,,80+ Gold,False,ATX,,,,,,,140,,,,PS-TPD-0750FNFAGA-H,Full,750
3153bdb1-91ad-4847-8407-f101512c561e,KOLINK Continuum Black 1500W Fully Modular 80+ Platinum Certified ATX,KOLINK,Continuum,1500W Platinum,,3153bdb1-91ad-4847-8407-f101512c561e.json,BLACK,1,2,0,8,0,12,8,,,80+ Platinum,False,ATX,,,,,,,180,,,,KL-C1500PL,Full,1500
31625197-f187-4a16-be71-d92fd54ad44b,Thortech Thunderbolt PLUS ATX 800W Fully Modular 80+ Gold Certified,Thortech,Thunderbolt,800W Gold,,31625197-f187-4a16-be71-d92fd54ad44b.json,,1,1,0,6,0,4,8,,,80+ Gold,False,ATX,,,,,,,,,,,TTB800G,Full,800
3164ba6e-b13e-4167-b364-1d418b84213a,Corsair RM750x White (2018) 750W 80+ Gold Certified Fully Modular ATX,Corsair,RM750x,750W Gold,,3164ba6e-b13e-4167-b364-1d418b84213a.json,WHITE | BLACK,1,0,0,0,0,0,9,,,80+ Gold,False,ATX,B07JHRLXWG,,,,,922163903,150,,,,CP-9020187-NA | CP-9020187-EU | CP-9020187-UK,Full,750
3177fafa-6118-4f70-bb3f-3521a4b9192d,be quiet! Dark Power Pro 11 850W Semi-Modular 80+ Platinum,be quiet!,Dark,850W Platinum,,3177fafa-6118-4f70-bb3f-3521a4b9192d.json,,1,2,0,7,0,6,8,,,80+ Platinum,False,ATX,,,,,,,193,,,,BN253 | BN653,Semi-Modular,850
317b18c2-3d64-4a7d-b891-f8cb11f5349b,Super Flower LEADEX VII XG 850W 80+ Gold Certified Fully Modular,Super Flower,LEADEX,850W Gold,,317b18c2-3d64-4a7d-b891-f8cb11f5349b.json,BLACK,1,0,0,0,0,0,12,,,80+ Gold,False,ATX,,,,,,,150,,,,SF-850F14XG,Full,850
31b398b4-9a7f-481a-85a9-5e8e6feefa04,be quiet! Pure Power 9 500W Semi-Modular 80+ Silver Certified,be quiet!,Pure,500W Silver,,31b398b4-9a7f-481a-85a9-5e8e6feefa04.json,,1,1,0,3,0,2,6,,,80+ Silver,False,ATX,,,,,,,160,,,,BN267 | BN663,Semi-Modular,500
31b75106-c628-4cf9-8a70-d454299774db,Corsair RM750x ATX 750W Fully Modular 80+ Gold Certified,Corsair,RM750x,750W Gold,,31b75106-c628-4cf9-8a70-d454299774db.json,,1,0,0,0,0,0,8,,,80+ Gold,False,ATX,B015YEI9NQ,,,,,49689867,180,,,,CP-9020092-NA | RM750x | CP-9020092-UK,Full,750
31bbd467-d2f9-4ac2-be2d-cbbf150f3e09,EVGA 650 B3 650W 80+ Bronze Certified Fully Modular,EVGA,650,650W Bronze,,31bbd467-d2f9-4ac2-be2d-cbbf150f3e09.json,,1,0,0,0,0,0,6,,,80+ Bronze,False,ATX,,,,,,,150,,,,220-B3-0650-V1 | 220-B3-0650-V3 | 220-B3-0650-V2,Full,650
31d52470-985b-4c38-862f-343cd403fb86,Seasonic PRIME PX ATX 850W Fully Modular 80+ Platinum Certified,SeaSonic,PRIME,850W Platinum,,31d52470-985b-4c38-862f-343cd403fb86.json,BLACK | GREY,1,2,0,7,0,6,14,,,80+ Platinum,False,ATX,,,,,,,170,,,,PRIME-PX-850,Full,850
3200d85d-2c68-460a-a173-e4b764995ce1,Enermax EMG700AWT 700W Fully Modular 80+ Gold,Enermax,EMG700AWT,700W Gold,,3200d85d-2c68-460a-a173-e4b764995ce1.json,,1,2,0,8,0,4,8,,,80+ Gold,False,ATX,,,,,,,160,,,,EMG700AWT,Full,700
320866c7-bda8-4ebf-8f18-590772e8061b,FSP Group Raider 550 ATX 550W Non-Modular 80+ Bronze,FSP Group,Raider,550W Bronze,,320866c7-bda8-4ebf-8f18-590772e8061b.json,,1,1,0,3,0,2,6,,,80+ Bronze,False,ATX,,,,,,,139,,,,Raider 550,Non-Modular,550
32283f0a-e82e-445f-8a6c-360f3f6f00b4,Thermaltake German 650W Semi-Modular 80+ Gold,Thermaltake,German,650W Gold,,32283f0a-e82e-445f-8a6c-360f3f6f00b4.json,,1,1,0,4,0,4,12,,,80+ Gold,False,ATX,,,,,,,160,,,,W0493RE,Semi-Modular,650
32445f31-23ac-44a0-97e1-4d962b14a59f,Xilence XP450R10 Black / Red ATX 450W Non-Modular 80+ Bronze Certified,Xilence,XP450R10,450W Bronze,,32445f31-23ac-44a0-97e1-4d962b14a59f.json,BLACK | RED,1,1,0,3,0,1,5,,,80+ Bronze,False,ATX,,,,,,,140,,,,XN213,Non-Modular,450
324ed5a1-aa70-4d72-91d8-0b4b0e586bee,NOX URANO VX Black / Orange 650W Non-Modular 80+ Bronze Certified,NOX,URANO,650W Bronze,,324ed5a1-aa70-4d72-91d8-0b4b0e586bee.json,BLACK | ORANGE,1,1,0,2,0,2,6,,,80+ Bronze,False,ATX,B076D1WYM9,,,,,,140,,,,NXURVX650BZ,Non-Modular,650
32d33967-f2e8-42ef-9021-2fd395c812fb,NZXT C1500 1500W Fully Modular 80+ Platinum Certified,NZXT,C1500,1500W Platinum,,32d33967-f2e8-42ef-9021-2fd395c812fb.json,BLACK,1,0,0,0,0,0,12,,,80+ Platinum,False,ATX,B0D1VDZST3,6586157,30616,,1HU-001J-000C6,8443965472,180,,,,PA-5P1BB-US | PA-5P1BB-EU | PA-5P1BB-AU | PA-5P1BB-UK,Full,1500
32e75fc3-fdae-445b-9142-b9078e490434,SeaSonic FOCUS SGX (2021) SFX 550W Fully Modular 80+ Gold Certified,SeaSonic,FOCUS,550W Gold,,32e75fc3-fdae-445b-9142-b9078e490434.json,BLACK,1,1,0,3,0,2,3,,,80+ Gold,False,SFX,,,,,,,100,,,,FOCUS SGX-550,Full,550
33070eff-4729-4a12-936c-9a23064b6f37,Deepcool PQ650M ATX 650W Fully Modular 80+ Gold Certified,DeepCool,PQ650M,650W Gold,,33070eff-4729-4a12-936c-9a23064b6f37.json,BLACK,1,1,0,3,0,3,8,,,80+ Gold,False,ATX,B005VBGRZK,,,,,,140,,,,R-PQ650M-FA0B-US,Full,650
33076b59-0197-4f7e-bc27-1cca250b49bb,Super Flower Leadex III White ARGB 750W Fully Modular 80+ Gold,Super Flower,Leadex,750W Gold,,33076b59-0197-4f7e-bc27-1cca250b49bb.json,WHITE,1,2,0,4,0,6,9,,,80+ Gold,False,ATX,B082L24N5J,,,,,,160,,,,SF-750F14RG,Full,750
33175663-f529-4704-ad80-f7cab00dd2b0,Gigabyte AORUS ELITE P1000 Black 1000W Fully Modular 80+ Platinum Certified,Gigabyte,AORUS,1000W Platinum,2025,33175663-f529-4704-ad80-f7cab00dd2b0.json,BLACK,1,2,0,4,1,6,8,Cybenetics Platinum,Cybenetics A++,80+ Platinum,False,ATX,B0DL7LNS2H,,,https://www.gigabyte.com/Power-Supply/GP-AE1000PM-PG5-rev-10/sp,N82E16817233046,14333873295,140,,2026-03-20T16:32:51.708Z,Black,GP-AE1000PM PG5 | 28200-AE10P-1CEUR,Full,1000
332d9534-b3ce-4c8d-ada8-fafa12b00f7e,Rosewill Capstone G750 750W Semi-Modular 80+ Gold Certified,Rosewill,Capstone,750W Gold,,332d9534-b3ce-4c8d-ada8-fafa12b00f7e.json,,1,2,0,4,0,4,8,,,80+ Gold,False,ATX,,,,,,,160,,,,Capstone G750,Semi-Modular,750
333c9ca4-2f74-4b7d-8eae-8cc54894209c,Corsair CX550M ATX 550W Semi-Modular 80+ Bronze Certified,Corsair,CX550M,550W Bronze,,333c9ca4-2f74-4b7d-8eae-8cc54894209c.json,,1,0,0,0,0,0,5,,,80+ Bronze,False,ATX,B01B72W0A2,,,,9SIAD6HJ9A4180,51913836,140,,,,CP-9020102-NA | CP-9020102-EU | CP-9020102-AU | CP-9020102-UK,Semi-Modular,550
3341a6eb-7f21-48f2-afba-686c902ee91d,Cooler Master MWE Gold V2 ATX3.0 750W Fully Modular 80+ Gold Certified,Cooler Master,MWE,750W Gold,,3341a6eb-7f21-48f2-afba-686c902ee91d.json,BLACK,1,2,0,4,1,4,12,,,80+ Gold,False,ATX,,,,,,,160,,,,MPE-7501-AFAAG-3 | MPE-7501-AFAAG-3UK | MPE-7501-AFAAG-3US | MPE-7501-AFAAG-3U2 | MPE-7501-AFAAG-3AU | MPE-7501-AFAAG-3WO | MPE-7501-AFAAG-3EU,Full,750
33429dd0-8fb1-4059-83c9-9c83ffe83ddf,Thermaltake Toughpower 1500W Gold Semi Modular PSU,Thermaltake,Toughpower,1500W Gold,2014,33429dd0-8fb1-4059-83c9-9c83ffe83ddf.json,,1,2,1,8,0,10,16,,,80+ Gold,False,ATX,B00M2UIN6Y,,,,9SIAD6H7CU0224,40770706,86,,,,PS-TPD-1500MPCGUS-1,Semi-Modular,1500
336b8de4-46c8-442e-b4fa-6f54a4bdefcf,Rosewill RP600V2-S-SL 600 W ATX,Rosewill,RP600V2-S-SL,600W ,,336b8de4-46c8-442e-b4fa-6f54a4bdefcf.json,,1,1,0,6,0,1,4,,,,False,ATX,,,,,,,139,,,,RP600V2-S-SL,Non-Modular,600
336d5437-6a17-4ddc-858a-e66404c69185,Antec VP PLUS ATX 550W Non-Modular 80+ Certified,Antec,VP,550W 80+,,336d5437-6a17-4ddc-858a-e66404c69185.json,,1,1,0,2,0,2,7,,,80+,False,ATX,,,,,,,140,,,,VP550 Plus,Non-Modular,550
3375c432-3e17-45d5-820d-7564711260c5,1STPLAYER NGDP White 850W Fully Modular 80+ Gold Certified ATX,1STPLAYER,NGDP,850W Gold,,3375c432-3e17-45d5-820d-7564711260c5.json,WHITE,1,0,0,0,0,0,8,,,80+ Gold,False,ATX,,,,,,,140,,,,NGDP-GLD-850-WH-US,Full,850
337737d6-580b-4ce4-93b5-37b249b58544,be quiet! SFX Power 3 Black 450W Non-Modular 80+ Bronze Certified,be quiet!,SFX,450W Bronze,,337737d6-580b-4ce4-93b5-37b249b58544.json,BLACK,1,0,0,0,0,0,3,,,80+ Bronze,False,SFX,B0937H4WJW,,,,,,100,,,,BN321,Non-Modular,450
33aabeac-8bb3-4a71-af10-5b2b2a1ce3d4,Thermalright TGFX850 Black SFX 850W Fully Modular 80+ Gold Certified,Thermalright,TGFX850,850W Gold,,33aabeac-8bb3-4a71-af10-5b2b2a1ce3d4.json,BLACK,1,1,0,3,1,4,6,,,80+ Gold,False,SFX,,,,,,,100,,,,TGFX850,Full,850
33c0e522-a210-4367-9a90-2daa29a3ed22,Cougar DX600 ATX 600W Non-Modular 80+,Cougar,DX600,600W 80+,,33c0e522-a210-4367-9a90-2daa29a3ed22.json,,1,0,0,4,0,1,5,,,80+,False,ATX,,,,,,,160,,,,DX600,Non-Modular,600
33d7dfe4-8d74-4b04-9d06-872bdaafa639,SilentiumPC Vero L3 Black 500W Non-Modular 80+ Bronze,SilentiumPC,Vero,500W Bronze,,33d7dfe4-8d74-4b04-9d06-872bdaafa639.json,BLACK,1,1,0,2,0,2,7,,,80+ Bronze,False,ATX,,,,,,,140,,,,SPC265,Non-Modular,500
33e96b5a-bcd1-4961-bf2c-beb7485256dd,Silverstone DA1000R Black 1000W Fully Modular 80+ Gold,Silverstone,DA1000R,1000W Gold,,33e96b5a-bcd1-4961-bf2c-beb7485256dd.json,BLACK,1,2,0,3,1,6,12,,,80+ Gold,False,ATX,B0BHMRCKHB,,,,,2079780149,150,,,,SST-DA1000R-GM | SST-AX1000MCGD-A,Full,1000
33f7c2f4-102e-46f1-8428-002e7ae1c183,Corsair RM850x White 850W Fully Modular 80+ Gold Certified,Corsair,RM850x,850W Gold,,33f7c2f4-102e-46f1-8428-002e7ae1c183.json,WHITE | BLACK,1,0,0,0,0,0,10,,,80+ Gold,False,ATX,,,,,,,180,,,,CP-9020156-NA | CP-9020156-UK | CP-9020156-EU | CP-9020156-AU | CP-9020156-CN | CP-9020156-JP | CP-9020156-KR | CP-9020156-WW | CP-9020156-TW,Full,850
33ff9154-9d26-463a-80ae-11db71102c98,be quiet! Dark Power Pro 11 650W Semi-Modular 80+ Platinum Certified,be quiet!,Dark,650W Platinum,,33ff9154-9d26-463a-80ae-11db71102c98.json,,1,2,0,5,0,4,8,,,80+ Platinum,False,ATX,B06W51YGX5,,,,,,180,,,,BN251BN651 | BN651,Semi-Modular,650
34078da7-5827-4690-8cb4-502ccf312032,Azza PSAZ-850B14 ATX 850W Non-Modular,Azza,PSAZ-850B14,850W ,,34078da7-5827-4690-8cb4-502ccf312032.json,,1,1,0,8,0,2,6,,,,False,ATX,,,,,,,,,,,PSAZ-850B14,Non-Modular,850
340c1f5b-a951-4551-a26a-dd88cba8354c,Thermaltake Smart ATX 750W Non-Modular 80+ Bronze Certified,Thermaltake,Smart,750W Bronze,,340c1f5b-a951-4551-a26a-dd88cba8354c.json,,1,1,0,4,0,4,8,,,80+ Bronze,False,ATX,,,,,,,139,,,,SP-750PCBUS | TT-SP-750PCBAU | SP-750P,Non-Modular,750
343a14d2-0db3-4d9f-9d4b-e54ab29ebc4b,Apex AG-M Black 650W Fully Modular 80+ Gold Certified ATX,Apex,AG-M,650W Gold,,343a14d2-0db3-4d9f-9d4b-e54ab29ebc4b.json,BLACK,1,2,0,4,0,4,6,,,80+ Gold,False,ATX,,,,,,,160,,,,AG-650M,Full,650
343fa2a3-169d-4721-977b-0349768cda64,LC-Power LC6 V2.31 White / Gray 1000W Fully Modular 80+ Gold Certified ATX,LC-Power,LC6,1000W Gold,,343fa2a3-169d-4721-977b-0349768cda64.json,WHITE | GREY,1,2,0,5,0,6,10,,,80+ Gold,False,ATX,,,,,,,142,,,,LC1000MW V2.31,Full,1000
344e7721-7af8-4c89-b08a-7612f9b08240,NZXT C (2019) 750W Fully Modular 80+ Gold,NZXT,C,750W Gold,,344e7721-7af8-4c89-b08a-7612f9b08240.json,BLACK,1,2,0,6,0,4,8,,,80+ Gold,False,ATX,B082DYTR5Z,,,,9SIAG1PK8E4400,271660853,150,,,,NP-C750M-US | NP-C750M-UK | NP-C750M-EU | NP-C750M-AU | NP-C750M-JP | NP-C750M-WO,Full,750
3469fe95-a8ba-40d5-bc16-6e596bd766f9,Zalman zm-750-XG ATX 750W Semi-Modular 80+ Gold Certified,Zalman,zm-750-XG,750W Gold,,3469fe95-a8ba-40d5-bc16-6e596bd766f9.json,,1,1,0,7,0,4,8,,,80+ Gold,False,ATX,,,,,,,180,,,,zm-750-XG,Semi-Modular,750
3478aba1-bcf5-4130-83ed-7655bc5662bc,Enermax EMD625AWT_II 625W 80+ Bronze Certified Fully Modular,Enermax,EMD625AWT_II,625W Bronze,,3478aba1-bcf5-4130-83ed-7655bc5662bc.json,,1,2,0,8,0,4,8,,,80+ Bronze,False,ATX,,,,,,,139,,,,EMD625AWT_II,Full,625
34904155-d59b-4390-86db-77365a31dc76,EVGA 700 BR 700W Non-Modular 80+ Bronze Certified ATX,EVGA,700,700W Bronze,,34904155-d59b-4390-86db-77365a31dc76.json,,1,1,0,3,0,4,9,,,80+ Bronze,False,ATX,B07DTP6MWS,,,,N82E16817438147,975152637,140,,,,100-BR-0700-K1 | 100-BR-0700-K2 | 100-BR-0700-K3,Non-Modular,700
3491ecd5-9b45-45b2-93f7-465385a4c27e,LC-Power LC6 V2.31 Black / Gray ATX 650W Fully Modular 80+ Gold Certified,LC-Power,LC6,650W Gold,,3491ecd5-9b45-45b2-93f7-465385a4c27e.json,BLACK | GREY,1,0,0,0,0,0,10,,,80+ Gold,False,ATX,,,,,,,142,,,,LC6650M V2.31,Full,650
34a4d839-55a2-4c2f-b879-eb4e9244b88a,Enermax NAXN ADV. 650W 80+ Bronze Certified Semi-Modular,Enermax,NAXN,650W Bronze,,34a4d839-55a2-4c2f-b879-eb4e9244b88a.json,,1,1,0,4,0,2,7,,,80+ Bronze,False,ATX,,,,,,,139,,,,ETL650AWT,Semi-Modular,650
34b25afd-f69b-460a-8542-a1aedb6d7b71,Deepcool PN750D White 750W Non-Modular 80+ Gold Certified ATX,DeepCool,PN750D,750W Gold,,34b25afd-f69b-460a-8542-a1aedb6d7b71.json,WHITE,1,2,0,2,1,3,8,,,80+ Gold,False,ATX,,,,,,,140,,,,R-PN750D-FC0W-US | R-PN750D-FC0W-EU | R-PN750D-FC0W-WO | PN750D WH | R-PN750D-FC0W-UK,Non-Modular,750
34bc04c0-43ad-44cd-904e-08b9a165a938,Thermaltake Smart ATX 630W Non-Modular 80+ Certified,Thermaltake,Smart,630W 80+,,34bc04c0-43ad-44cd-904e-08b9a165a938.json,,1,1,0,4,0,2,6,,,80+,False,ATX,,,,,,,139,,,,SP-630P,Non-Modular,630
34fc277a-fb20-4259-bbb2-73b95a816ead,Enermax ENP600AWT 600W Non-Modular 80+,Enermax,ENP600AWT,600W 80+,,34fc277a-fb20-4259-bbb2-73b95a816ead.json,,1,1,0,4,0,1,7,,,80+,False,ATX,,,,,,,,,,,ENP600AWT,Non-Modular,600
35186284-45f0-4df4-8658-ea92ec1fda7b,PC Power & Cooling Silencer Mk II 950W Non-Modular 80+ Silver,PC Power & Cooling,Silencer,950W Silver,,35186284-45f0-4df4-8658-ea92ec1fda7b.json,,1,2,0,7,0,3,12,,,80+ Silver,False,ATX,,,,,,,160,,,,PPCMK2S950,Non-Modular,950
35322f46-fc22-4b91-9c3e-d36554ca40e2,SHARKOON Rebel P20 SFX 850W Fully Modular 80+ Platinum Certified,SHARKOON,Rebel,850W Platinum,,35322f46-fc22-4b91-9c3e-d36554ca40e2.json,BLACK,1,2,0,1,1,2,8,,,80+ Platinum,False,SFX,,,,,,,100,,,,Rebel P20 SFX 850,Full,850
3547a19b-c8bc-471e-bc41-78a855421a03,Deepcool PM750D Black ATX 750W Non-Modular 80+ Gold Certified,DeepCool,PM750D,750W Gold,,3547a19b-c8bc-471e-bc41-78a855421a03.json,BLACK,1,2,0,3,0,3,6,,,80+ Gold,False,ATX,B09Y5M2422,,,,,,140,,,,R-PM750D-FA0B-US | R-PM750D-FA0B-JP | R-PM750D-FA0B-EU | R-PM750D-FA0B-UK | R-PM750D-FA0B-BR | R-PM750D-FA0B-AR | R-PM750D-FA0B-WO | R-PM750D-FA0B-AU | R-PM750D-FA0B-BU,Non-Modular,750
354a98fe-85fa-4131-aa48-3711cca697d2,SeaSonic SS-500ES 500W Non-Modular 80+ Bronze,SeaSonic,SS-500ES,500W Bronze,,354a98fe-85fa-4131-aa48-3711cca697d2.json,,1,0,0,0,0,0,0,,,80+ Bronze,False,ATX,,,,,,,140,,,,SS-500ES Bronze,Non-Modular,500
35670137-bbef-48f5-acdb-a9b14b0e976b,LEPA MaxGold ATX 600W Non-Modular 80+ Gold Certified,LEPA,MaxGold,600W Gold,,35670137-bbef-48f5-acdb-a9b14b0e976b.json,,1,1,0,4,0,2,7,,,80+ Gold,False,ATX,,,,,,,160,,,,G600-MB,Non-Modular,600
35c65eab-d2ca-4336-996b-75391279c330,ENDORFY Vero L5 Black ATX 700W Non-Modular 80+ Bronze Certified,ENDORFY,Vero,700W Bronze,,35c65eab-d2ca-4336-996b-75391279c330.json,BLACK,1,2,0,1,0,3,5,,,80+ Bronze,False,ATX,,,,,,,140,,,,EY7A006,Non-Modular,700
35d40e1b-ea0e-4d05-9484-0f6c04b7be0a,Asus ROG THOR P2 EVA Edition 1000W Fully Modular 80+ Platinum Black / Silver,Asus,ROG Thor,1000W EVA Edition Platinum II,,35d40e1b-ea0e-4d05-9484-0f6c04b7be0a.json,BLACK | GREY | RED | RGB,1,2,0,6,0,8,12,Cybenetics Platinum,Cybenetics A++,80+ Platinum,False,ATX,B0BB6BJW27,,,https://rog.asus.com/power-supply-units/rog-thor/rog-thor-1000p2-eva-gaming-model/spec/,9SIBKYEK6T7216,1509423152,190,,2026-04-11T17:38:03.647Z,Black/Silver,ROG-THOR-1000P2-EVA-GAMING | 90YE00L3-B0WA00 | 90YE00L3-B0NA00,Full,1000
35d72e65-2c6a-4715-a985-3eeadd7acdb8,Enermax EPR525AWT_II 525W Non-Modular 80+ Bronze,Enermax,EPR525AWT_II,525W Bronze,,35d72e65-2c6a-4715-a985-3eeadd7acdb8.json,,1,1,0,6,0,3,7,,,80+ Bronze,False,ATX,,,,,,,139,,,,EPR525AWT_II,Non-Modular,525
35f80a25-c96c-44d9-a77b-a77f58640fec,Vetroo 50315153244479 850W 80+ Gold Certified Fully Modular,Vetroo,50315153244479,850W Gold,,35f80a25-c96c-44d9-a77b-a77f58640fec.json,BLACK,1,0,0,0,0,0,8,,,80+ Gold,False,ATX,B0DP2KLT8P,,,,,15553051997,140,,,,50315153244479 | VT-850W-G5(BK) | 850 G5 | 850G5,Full,850
36038b34-c97e-4805-8ab6-4a6698fec036,Thermaltake Toughpower GT Beige 750W Fully Modular 80+ Gold,Thermaltake,Toughpower,750W Gold,,36038b34-c97e-4805-8ab6-4a6698fec036.json,BROWN,1,0,0,0,0,0,6,,,80+ Gold,False,ATX,B0DJ6BM9X8,,,,,,140,,,,PS-TPT-0750FNFAGE-3 | PS-TPT-0750FNFAGU-1,Full,750
3607c048-d801-4c24-b622-03e88439dc0a,SeaSonic SSP-300SFG Silver SFX 300W Non-Modular 80+ Gold Certified,SeaSonic,SSP-300SFG,300W Gold,,3607c048-d801-4c24-b622-03e88439dc0a.json,GREY,1,0,0,0,0,0,3,,,80+ Gold,False,SFX,B0164FA2LQ,,,,N82E16817151156,321322313,100,,,,SSP-300SFG,Non-Modular,300
360cc944-ac86-409f-9746-83cfab4f5b40,LC-Power LC6650 V2.3 ATX 650W Non-Modular 80+ Bronze Certified,LC-Power,LC6650,650W Bronze,,360cc944-ac86-409f-9746-83cfab4f5b40.json,BLACK,1,1,0,3,0,2,5,,,80+ Bronze,False,ATX,,,,,,,140,,,,LC6650V23,Non-Modular,650
366d0bad-b460-4b94-b7dd-45c851347a0b,NZXT C1200 Fully Modular ATX Power Supply - 1200 Watts ATX 3.1 - White,NZXT,C1200,1200W Gold,2024,366d0bad-b460-4b94-b7dd-45c851347a0b.json,WHITE,1,2,0,4,1,3,12,Cybenetics Gold,Cybenetics A-,80+ Gold,False,ATX,B0D1VDQ8KP,6586152,30615,https://nzxt.com/en-intl/products/c1200-gold-atx?srsltid=AfmBOopr75kRIf0TDvNpJtvQhUusHnu_T0-i2wJHFlybW2lie3v-cbbt,N82E16817116055,10066318127,150,,2026-03-28T21:19:16.054Z,White,PA-0G2BW | PA-2G2BW-US,Full,1200
367ce15b-5fa5-47b0-b2aa-04f66de4a130,Cooler Master MWE Gold V3 Black ATX 750W Fully Modular 80+ Gold Certified,Cooler Master,MWE,750W Gold,,367ce15b-5fa5-47b0-b2aa-04f66de4a130.json,BLACK,1,0,0,0,0,0,6,,,80+ Gold,False,ATX,B0D68TLYKR,,,,N82E16817171242,6648715351,160,,,,MPX-7503-AFAG-2BUV | MWE Gold 750 V3,Full,750
36ab4e58-3cfb-49d4-938a-e6af79da3b57,NZXT HALE82 V2 550W 80+ Bronze Certified Fully Modular,NZXT,HALE82,550W Bronze,,36ab4e58-3cfb-49d4-938a-e6af79da3b57.json,,1,1,0,3,0,2,6,,,80+ Bronze,False,ATX,,,,,,,160,,,,V2 550W,Full,550
36ac7b86-5445-4192-9513-307ca0a1505d,Rosewill Glacier 500M 500W 80+ Bronze Semi-Modular,Rosewill,Glacier,500W Bronze,,36ac7b86-5445-4192-9513-307ca0a1505d.json,,1,1,0,4,0,2,5,,,80+ Bronze,False,ATX,,,,,,,157,,,,Glacier 500M,Semi-Modular,500
36bd9581-983e-4309-9039-fa93e3f3d2d9,Thermaltake Litepower GEN2 230V Black 650W Non-Modular,Thermaltake,Litepower,650W ,,36bd9581-983e-4309-9039-fa93e3f3d2d9.json,BLACK,1,1,0,6,0,2,5,,,,False,ATX,,,,,,,140,,,,PS-LTP-0650NPCNAU-2,Non-Modular,650
36e8ea94-8f0a-42e6-a40f-fe1d82263635,be quiet! Pure Power 9 ATX 400W Non-Modular 80+ Silver Certified,be quiet!,Pure,400W Silver,,36e8ea94-8f0a-42e6-a40f-fe1d82263635.json,,1,1,0,2,0,2,5,,,80+ Silver,False,ATX,,,,,,,150,,,,BN262,Non-Modular,400
36ef9adf-fe96-4588-b04b-13d0ad13ee80,Enermax Revolution D.F. X Black ATX 1050W Fully Modular 80+ Gold Certified,Enermax,Revolution,1050W Gold,,36ef9adf-fe96-4588-b04b-13d0ad13ee80.json,BLACK,1,2,0,6,2,4,12,,,80+ Gold,False,ATX,B0C9L3259S,,,,,1760901027,140,,,,ERT1050EWT,Full,1050
36f9c20d-5bf1-4611-875a-dc04a516495d,SeaSonic S12III Black ATX 650W Non-Modular 80+ Bronze Certified,SeaSonic,S12III,650W Bronze,,36f9c20d-5bf1-4611-875a-dc04a516495d.json,BLACK,1,0,0,0,0,0,6,,,80+ Bronze,False,ATX,B07MWHRG99,,,,N82E16817151228,,140,,,,SSR-650GB3 | SS-650GB | S12III-650,Non-Modular,650
36fe393d-0c64-48b9-a308-71c59f9f0052,SeaSonic 750FX White 750W Fully Modular 80+ Gold,SeaSonic,750FX,750W Gold,,36fe393d-0c64-48b9-a308-71c59f9f0052.json,WHITE,1,2,0,3,0,4,10,,,80+ Gold,False,ATX,,,,,,,140,,,,SSR-750FX WHITE,Full,750
37019035-95ae-42b2-8c6b-8cf031c3d77d,Thermaltake Toughpower GF2 ARGB 850W 80+ Gold Fully Modular,Thermaltake,Toughpower,850W Gold,,37019035-95ae-42b2-8c6b-8cf031c3d77d.json,BLACK,1,2,0,4,0,6,12,,,80+ Gold,False,ATX,,,,,,,160,,,,PS-TPD-0850F3FAGU-2,Full,850
37138cc9-ddb2-4300-bd04-a793c69d7daf,SeaSonic PRIME PX-1300 1300 W 80+ Platinum Certified Fully Modular ATX Power Supply,SeaSonic,PRIME PX,1300W,2018,37138cc9-ddb2-4300-bd04-a793c69d7daf.json,,1,2,0,5,0,12,12,,,80+ Platinum,False,ATX,B0788DL6VN,,,,,,170,,,,SSR-1300PD,Full,1300
37294701-6e9a-412d-9a8c-f4f33ccb7c36,Cooler Master MWE Black 700W Non-Modular 80+,Cooler Master,MWE,700W 80+,,37294701-6e9a-412d-9a8c-f4f33ccb7c36.json,BLACK,1,2,0,3,0,4,6,,,80+,False,ATX,B07RWJMQW9,,,,,,140,,,,MPE-7001-ACABW | MPE-7001-ACABW-EU | MPE-7001-ACABW-AU | MPE-7001-ACABW-UK | MPE-7001-ACABW-US,Non-Modular,700
37323b4c-a9b9-4adc-b1c1-bea3d3a02bb5,Enermax TRIATHLOR ECO 800W Semi-Modular 80+ Bronze Certified,Enermax,TRIATHLOR,800W Bronze,,37323b4c-a9b9-4adc-b1c1-bea3d3a02bb5.json,,1,2,0,4,0,4,12,,,80+ Bronze,False,ATX,,,,,,,165,,,,ETL800EWT-M,Semi-Modular,800
3734d839-b142-4175-ba40-990f55d4c416,EVGA 750 BQ 750W 80+ Bronze Certified Semi-Modular,EVGA,750,750W Bronze,,3734d839-b142-4175-ba40-990f55d4c416.json,,1,0,0,0,0,0,9,,,80+ Bronze,False,ATX,B01FYDUDJ0,5622828,,,9SIB9AJGZK2680,152618065,140,,,,110-BQ-0750-V1 | 110-BQ-0750-V2 | 110-BQ-0750-V3,Semi-Modular,750
3744fcd5-80d3-4e12-887b-da7113cd232d,LC-Power LC6550 V2.3 Black 550W Non-Modular 80+ Bronze,LC-Power,LC6550,550W Bronze,,3744fcd5-80d3-4e12-887b-da7113cd232d.json,BLACK,1,1,0,4,0,1,4,,,80+ Bronze,False,ATX,,,,,,,140,,,,LC6550V23,Non-Modular,550
37652a8d-7fa4-4172-8f01-06aded64fadd,Rosewill PHOTON-550 550W 80+ Gold Certified Fully Modular,Rosewill,PHOTON-550,550W Gold,,37652a8d-7fa4-4172-8f01-06aded64fadd.json,,1,1,0,3,0,2,6,,,80+ Gold,False,ATX,B08RQPSNM4,,,,,,160,,,,PHOTON-550 | PMG550 | 9B17-182-433,Full,550
377309ef-efd0-47fe-9665-fe8b52752e87,Fractal Design Ion Black 850W Fully Modular 80+ Gold Certified ATX,Fractal Design,Ion,850W Gold,,377309ef-efd0-47fe-9665-fe8b52752e87.json,BLACK,1,0,0,0,0,0,8,,,80+ Gold,False,ATX,B08X249F7T,,,,,702557099,150,,,,FD-P-IA2G-850 | FD-P-IA2G-850-EU | FD-P-IA2G-850-UK | FD-P-IA2G-850-US,Full,850
378044aa-1fa1-4c94-aa7f-570264733c60,Corsair CX750 ATX 750W Non-Modular 80+ Bronze Certified,Corsair,CX750,750W Bronze,,378044aa-1fa1-4c94-aa7f-570264733c60.json,,1,0,0,0,0,0,6,,,80+ Bronze,False,ATX,,,,,,,140,,,,CP-9020015-NA | CP-9020015-UK | CP-9020015-AU | CP-9020015-EU,Non-Modular,750
37a99f86-0b6c-46d5-a779-19309a725ac6,LEPA G1000-MB 1000W 80+ Gold Fully Modular,LEPA,G1000-MB,1000W Gold,,37a99f86-0b6c-46d5-a779-19309a725ac6.json,,1,0,0,0,0,0,12,,,80+ Gold,False,ATX,,,,,,,175,,,,G1000-MB,Full,1000
37cafcad-23ec-4dc2-945a-15ebfaf516b0,Corsair CX650 (2017) ATX 650W Non-Modular 80+ Bronze Certified,Corsair,CX650,650W Bronze,,37cafcad-23ec-4dc2-945a-15ebfaf516b0.json,,1,0,0,0,0,0,6,,,80+ Bronze,False,ATX,B01MRW2K7E,,,,9SIB8AKKBA8438,524585314,140,,,,CP-9020122-NA,Non-Modular,650
37d7ff1f-1411-41a1-9edc-37c38cb99644,Silverstone NJ700 Silver Fanless ATX 700W Fully Modular 80+ Titanium Certified,Silverstone,NJ700,700W Titanium,,37d7ff1f-1411-41a1-9edc-37c38cb99644.json,GREY,1,2,0,6,0,4,12,,,80+ Titanium,True,ATX,,,,,,,170,,,,SST-NJ700,Full,700
37da8a43-8852-410f-9f92-13191bd98993,Xigmatek NRP-PC602 ATX 600W Non-Modular 80+ Bronze Certified,Xigmatek,NRP-PC602,600W Bronze,,37da8a43-8852-410f-9f92-13191bd98993.json,,1,1,0,7,0,2,8,,,80+ Bronze,False,ATX,,,,,,,160,,,,NRP-PC602,Non-Modular,600
37ea6f42-7737-4bbb-9f18-f57ec4e1e6cf,BitFenix Whisper M 850W Fully Modular 80+ Gold Certified,BitFenix,Whisper,850W Gold,,37ea6f42-7737-4bbb-9f18-f57ec4e1e6cf.json,,1,2,0,4,0,6,12,,,80+ Gold,False,ATX,,,,,,,160,,,,BP-WG850UMAG-7FM | BP-WG850UMAG-0FM | BP-WG850UMAG-6FM | BP-WG850UMAG-8FM | BP-WG850UMAG-9FM,Full,850
37f17d43-25ad-4f78-abb5-78ee4fe18512,EVGA SuperNOVA 750 G6 750W Fully Modular 80+ Gold,EVGA,SuperNOVA,750W Gold,,37f17d43-25ad-4f78-abb5-78ee4fe18512.json,BLACK,1,2,0,4,0,6,9,,,80+ Gold,False,ATX,B0998KZ8SP,,,,9SIAA9UK8H0122,690833527,140,,,,220-G6-0750-X1 | 220-G6-0750-X3,Full,750
37f4f276-5a24-4b5c-a1fe-e162dffdae08,GameMax GX Pro Rampage Black 850W Fully Modular 80+ Gold Certified,GameMax,GX,850W Gold,,37f4f276-5a24-4b5c-a1fe-e162dffdae08.json,BLACK,1,2,0,3,1,4,6,,,80+ Gold,False,ATX,,,,,,,160,,,,GX-850 PRO BK,Full,850
3801ea50-079b-4eae-a4b8-5054e2a33703,EVGA 450 B1 ATX 450W Non-Modular 80+ Bronze Certified,EVGA,450,450W Bronze,,3801ea50-079b-4eae-a4b8-5054e2a33703.json,,1,0,0,0,0,0,4,,,80+ Bronze,False,ATX,,,,,,,140,,,,100-B1-0450-K1 | 100-B1-0450-K2 | 100-B1-0450-K3,Non-Modular,450
381df4ab-ae10-4e49-8fc5-d517139bd88e,FSP Group FSP300-60GHS(85) Silver SFX 300W Non-Modular 80+ Bronze,FSP Group,FSP300-60GHS(85),300W Bronze,,381df4ab-ae10-4e49-8fc5-d517139bd88e.json,GREY,1,0,0,2,0,0,2,,,80+ Bronze,False,SFX,,,,,,,100,,,,FSP300-60GHS(85),Non-Modular,300
383a86fe-98f5-46c3-bd52-da307639ce17,Cooler Master MasterWatt 650W Semi-Modular 80+ Bronze Certified ATX,Cooler Master,MasterWatt,650W Bronze,,383a86fe-98f5-46c3-bd52-da307639ce17.json,,1,1,0,3,0,4,9,,,80+ Bronze,False,ATX,,,,,,,139,,,,MPX-6501-AMAAB-US | MPX-6501-AMAAB-EU | MPX-6501-AMAAB-JP | MPX-6501-AMAAB-BR | MPX-6501-AMAAB-KR | MPX-6501-AMAAB-UK,Semi-Modular,650
385d0eba-46b5-4207-b744-630dd4c1068c,XFX P1-650X-CAH9 650W Fully Modular 80+ Bronze Certified ATX,XFX,P1-650X-CAH9,650W Bronze,,385d0eba-46b5-4207-b744-630dd4c1068c.json,,1,2,0,6,0,3,6,,,80+ Bronze,False,ATX,,,,,,,,,,,P1-650X-CAH9,Full,650
3873d9dd-00e2-461c-80f8-02aa479032cb,Rosewill Capstone 750W Semi-Modular 80+ Gold Certified,Rosewill,Capstone,750W Gold,,3873d9dd-00e2-461c-80f8-02aa479032cb.json,,1,2,0,5,0,4,8,,,80+ Gold,False,ATX,,,,,,,169,,,,CAPSTONE-750-M,Semi-Modular,750
388982a7-a919-4637-a5fe-a290c846aa92,be quiet! Straight Power E9 600W 80+ Gold Certified Non-Modular,be quiet!,Straight,600W Gold,,388982a7-a919-4637-a5fe-a290c846aa92.json,,1,1,0,4,0,4,8,,,80+ Gold,False,ATX,,,,,,,160,,,,BN193,Non-Modular,600
389a70c0-8424-4376-9594-1dcbf21f4dc5,600W Power Supply RGB Fully Modular ATX Gaming PSU Full Voltage 90-265V Active PFC with FDB Fan Multiple ARGB Light Modes for Desktop PC Server,T.F.SKYWINDINTL,,,0,389a70c0-8424-4376-9594-1dcbf21f4dc5.json,,0,0,0,0,0,1,6,,,,False,ATX,,,,,,,0,,,,TF400 | 659135228584,Full,600
38c7f70b-e4d5-4247-8f1d-3385019a0c19,Xion XON-800R14N 800W Fully Modular,Xion,XON-800R14N,800W ,,38c7f70b-e4d5-4247-8f1d-3385019a0c19.json,,1,1,0,8,0,2,6,,,,False,ATX,,,,,,,,,,,XON-800R14N,Full,800
38d18f7e-49c2-44f0-ac19-eb470544df89,Logisys PS600XBK 600W Non-Modular,Logisys,PS600XBK,600W ,,38d18f7e-49c2-44f0-ac19-eb470544df89.json,,1,0,0,0,0,0,4,,,,False,ATX,,,,,,,150,,,,PS600XBK,Non-Modular,600
38ece429-6b07-4640-ba5b-99fe839d4865,Super Flower Golden Green HX 550W Non-Modular 80+ Gold,Super Flower,Golden,550W Gold,,38ece429-6b07-4640-ba5b-99fe839d4865.json,,1,1,0,5,0,2,5,,,80+ Gold,False,ATX,,,,,,,145,,,,SF-550P14XE (HX),Non-Modular,550
38f09bc1-cde9-4e75-820f-09fd279a19e5,Corsair GS700 ATX 700W Non-Modular 80+ Bronze Certified,Corsair,GS700,700W Bronze,,38f09bc1-cde9-4e75-820f-09fd279a19e5.json,,1,1,0,6,0,2,8,,,80+ Bronze,False,ATX,,,,,,,160,,,,GS700,Non-Modular,700
38fa06bb-12b7-45f2-a732-c61c9d079d72,SeaSonic PRIME Ultra Gold Black 650W Fully Modular 80+ Gold,SeaSonic,PRIME,650W Gold,,38fa06bb-12b7-45f2-a732-c61c9d079d72.json,BLACK,1,1,0,3,0,4,6,,,80+ Gold,False,ATX,,,,,,,140,,,,SSR-650GD2,Full,650
39099283-994a-4b7f-b367-6392bc72d213,Thermaltake Toughpower DPS G 750W Fully Modular 80+ Gold,Thermaltake,Toughpower,750W Gold,,39099283-994a-4b7f-b367-6392bc72d213.json,,1,0,0,0,0,0,8,,,80+ Gold,False,ATX,,,,,,,180,,,,PS-TPG-0750DPCGUS-1,Full,750
394349db-32ac-42a0-8fd1-6e440c7b3ee3,Chieftec Polaris Black 1250W Fully Modular 80+ Gold Certified,Chieftec,Polaris,1250W Gold,,394349db-32ac-42a0-8fd1-6e440c7b3ee3.json,BLACK,1,2,0,4,0,6,12,,,80+ Gold,False,ATX,,,,,,,160,,,,PPS-1250FC,Full,1250
394ecb07-f1ce-489e-840a-7fd3bcad45b2,Thermalright TG White 650W Fully Modular 80+ Gold Certified,Thermalright,TG,650W Gold,,394ecb07-f1ce-489e-840a-7fd3bcad45b2.json,WHITE,1,1,0,3,1,4,8,,,80+ Gold,False,ATX,,,,,,,140,,,,TG-650-W | TR-TG-650-W,Full,650
39529c20-9933-4935-8499-96f2d446b5e5,SeaSonic PRIME Ultra Titanium 650W Fully Modular 80+ Titanium Certified,SeaSonic,PRIME,650W Titanium,,39529c20-9933-4935-8499-96f2d446b5e5.json,,1,2,0,5,0,4,6,,,80+ Titanium,False,ATX,,,,,,,170,,,,SSR-650TR,Full,650
39557061-aae7-435d-96b7-11350ca43666,Thermaltake Toughpower ATX 750W Non-Modular 80+ Gold Certified,Thermaltake,Toughpower,750W Gold,,39557061-aae7-435d-96b7-11350ca43666.json,,1,1,0,4,0,4,6,,,80+ Gold,False,ATX,,,,,,,139,,,,TP-750P,Non-Modular,750
3967a49e-d60e-400f-929f-c7696a88da94,NZXT HALE82N ATX 650W Non-Modular 80+ Bronze Certified,NZXT,HALE82N,650W Bronze,,3967a49e-d60e-400f-929f-c7696a88da94.json,,1,0,0,0,0,0,8,,,80+ Bronze,False,ATX,,,,,,,140,,,,NP-1BN-0650A-US | NP-1BN-0650A-UK,Non-Modular,650
39a8ddb4-a31e-45a4-8a08-016d36f8301b,Deepcool GamerStorm DQ-M Black / Silver 750W Fully Modular 80+ Gold Certified,DeepCool,GamerStorm,750W Gold,,39a8ddb4-a31e-45a4-8a08-016d36f8301b.json,BLACK | GREY,1,2,0,6,0,4,10,,,80+ Gold,False,ATX,,,,,,,160,,,,DQ750-M,Full,750
39b057a4-103f-4482-9817-dbb5a1d8912f,Deepcool PK550D Black Certified ATX 550W Non-Modular 80+ Bronze,DeepCool,PK550D,550W Bronze,,39b057a4-103f-4482-9817-dbb5a1d8912f.json,BLACK,1,2,0,3,0,2,6,,,80+ Bronze,False,ATX,B09TSRJ85N,,,,,,140,,,,R-PK550D-FA0B-US | R-PK550D-FA0B-BP | R-PK550D-FA0B-JP | R-PK550D-FA0B-CN | R-PK550D-FA0B-BR | R-PK550D-FA0B-UK | R-PK550D-FA0B-AR | R-PK550D-FA0B-WO | R-PK550D-FA0B-AU | R-PK550D-FA0B-EU,Non-Modular,550
39b39ddb-7b96-4d84-999f-1686b2523bfc,Corsair SF850 (2024) Black SFX 850W Fully Modular 80+ Platinum Certified,Corsair,SF850,850W Platinum,,39b39ddb-7b96-4d84-999f-1686b2523bfc.json,BLACK,1,0,0,0,0,0,8,,,80+ Platinum,False,SFX,B0D45PQ8C4,,,,N82E16817139331,7278418163,100,,,,CP-9020256 | CP-9020256-NA | CP-9020256-AU | CP-9020256-UK | CP-9020256-EU,Full,850
39b89db4-003e-4aa6-b2a7-dabec2c22767,Segotep GM 1000W Fully Modular 80+ Gold Certified,Segotep,GM,1000W Gold,,39b89db4-003e-4aa6-b2a7-dabec2c22767.json,BLACK,1,2,0,6,1,6,12,,,80+ Gold,False,ATX,,,,,,,180,,,,GM1000W,Full,1000
39d30ffb-6c35-41ee-a6a4-b651f1313363,Montech CENTURY G5 Black 850W Fully Modular 80+ Gold,Montech,CENTURY,850W Gold,,39d30ffb-6c35-41ee-a6a4-b651f1313363.json,BLACK,1,2,0,3,1,2,6,,,80+ Gold,False,ATX,B0CJWYHNDW,,,,,,140,,,,CENTURY G5 850W,Full,850
3a086de3-7f38-4fab-b751-19e1a35d86e2,Corsair CX-500 V3 500W Non-Modular 80+ Bronze Certified,Corsair,CX-500,500W Bronze,,3a086de3-7f38-4fab-b751-19e1a35d86e2.json,,1,1,0,4,0,2,5,,,80+ Bronze,False,ATX,,,,,,,140,,,,CMPSU-500CXV3,Non-Modular,500
3a1f9333-c274-4672-afef-3d6023a363a4,Cooler Master M620 ATX 620W Semi-Modular 80+ Certified,Cooler Master,M620,620W 80+,,3a1f9333-c274-4672-afef-3d6023a363a4.json,,1,1,0,10,0,0,6,,,80+,False,ATX,,,,,,,150,,,,RS-620-ASAA-A1,Semi-Modular,620
3a231271-8dbd-4ee6-a9c3-305c59e2d28c,Sunbeam PSU-H680-REV-US-BL 680W Non-Modular,Sunbeam,PSU-H680-REV-US-BL,680W ,,3a231271-8dbd-4ee6-a9c3-305c59e2d28c.json,,1,0,0,0,0,0,0,,,,False,ATX,,,,,,,,,,,PSU-H680-REV-US-BL,Non-Modular,680
3a2eebaa-72bb-4d29-a030-da12b62fa564,Sentey ERP-700-SS ATX 700W Non-Modular,Sentey,ERP-700-SS,700W ,,3a2eebaa-72bb-4d29-a030-da12b62fa564.json,,1,1,0,6,0,2,6,,,,False,ATX,,,,,,,165,,,,ERP-700-SS,Non-Modular,700
3a343928-f196-43af-8357-8d1a19def6a7,Xigmatek ACXTNRP-PC402 ATX 400W Non-Modular 80+ Bronze Certified,Xigmatek,ACXTNRP-PC402,400W Bronze,,3a343928-f196-43af-8357-8d1a19def6a7.json,,1,1,0,6,0,0,4,,,80+ Bronze,False,ATX,,,,,,,160,,,,ACXTNRP-PC402,Non-Modular,400
3a63c96d-b7ac-435d-b3ab-79a083d5aa29,Antec High Current Gamer 850W Fully Modular 80+ Bronze Certified,Antec,High,850W Bronze,,3a63c96d-b7ac-435d-b3ab-79a083d5aa29.json,BLACK,1,2,0,4,0,4,9,,,80+ Bronze,False,ATX,,,,,,,165,,,,HCG850 Bronze,Full,850
3a8120c0-2deb-4715-b9c4-036b736b7011,Montech APX Black 650W Non-Modular 80+ Certified,Montech,APX,650W 80+,,3a8120c0-2deb-4715-b9c4-036b736b7011.json,BLACK,1,0,0,0,0,0,6,,,80+,False,ATX,B0D81NWX43,,,,,,140,,,,APX 650W | APX650,Non-Modular,650
3a8d1a2c-7aaa-4b3c-bab5-29d42b6cd954,GAMDIAS ASTRAPE E1 Black / Multicolor 550W Non-Modular 80+ Certified ATX,GAMDIAS,ASTRAPE,550W 80+,,3a8d1a2c-7aaa-4b3c-bab5-29d42b6cd954.json,BLACK | RGB,1,1,0,2,0,2,5,,,80+,False,ATX,,,,,,,140,,,,ASTRAPE E1-550 | E1-550,Non-Modular,550
3a8fa21e-1496-4099-99bc-b4b8864663f1,XFX XTR 550W 80+ Gold Fully Modular,XFX,XTR,550W Gold,,3a8fa21e-1496-4099-99bc-b4b8864663f1.json,,1,2,0,6,0,2,8,,,80+ Gold,False,ATX,,,,,,,,,,,P1-550B-BEFX,Full,550
3aa204e4-6038-4321-badb-1c24a91d451a,Lian Li SX Platinum 850W SXP Compact ATX Form Factor Power Supply w/ 12V-2x6 Cable - ATX 3.1 & PCIE 5.1 Compliant - 140mm Fan - Full Modular - 10 Year Warranty - Black (SX0850P.B,Lian Li,SX Platinum,850W ,2025,3aa204e4-6038-4321-badb-1c24a91d451a.json,BLACK,1,2,,1,1,3,2,Cybenetics Platinum,Cybenetics A,80+ Platinum,False,ATX,B0FPCGCFLD,,,https://lian-li.com/product/sx-platinum/https://lian-li.com/product/sx-platinum/,9SIAFSTKKB5227,19427214219,140,,2025-12-28T22:28:50.111Z,,SP0850P.B | SX0850P.B,Full,850
3ad60608-656a-45bd-ae8f-51de6ca6401f,SeaSonic FOCUS GX-750 Black ATX 3.0 750W Fully Modular 80+ Gold Certified,SeaSonic,FOCUS,750W Gold,,3ad60608-656a-45bd-ae8f-51de6ca6401f.json,BLACK,1,0,0,0,0,0,10,,,80+ Gold,False,ATX,B0C5B6PXJ7,,,,,,140,,,,ATX3-FOCUS-GX-750 | FOCUS-GX-750-ATX30,Full,750
3af3db74-dde5-4caf-9411-89252f7aa6a1,KOLINK Modular Black 600W Semi-Modular 80+ Bronze Certified,KOLINK,Modular,600W Bronze,,3af3db74-dde5-4caf-9411-89252f7aa6a1.json,BLACK,1,1,0,2,0,2,4,,,80+ Bronze,False,ATX,,,,,,,160,,,,KL-600MV2,Semi-Modular,600
3afb0cf7-a08c-473e-8d61-35d5760e0266,Thermaltake Toughpower GF A3 Snow 850W 80+ Gold Fully Modular,Thermaltake,Toughpower,850W Gold,,3afb0cf7-a08c-473e-8d61-35d5760e0266.json,WHITE,1,0,0,0,0,0,4,,,80+ Gold,False,ATX,B0CKS5GYH2,6626443,,,N82E16817153459,5141333654,140,,,,PS-TPD-0850FNFAGU-N | PS-TPD-0850FNFAGE-N | PS-TPD-0850FNFAGA-N | TTP-0850AH2FLG,Full,850
3b044bcb-f656-4ea6-af99-72f6808c9bdb,Deepcool DQ750-M-V2L White / Black 750W 80+ Gold Certified Fully Modular ATX,DeepCool,DQ750-M-V2L,750W Gold,,3b044bcb-f656-4ea6-af99-72f6808c9bdb.json,WHITE | BLACK,1,2,0,4,0,4,8,,,80+ Gold,False,ATX,,,,,,,160,,,,DP-DQ750-M-V2L WH,Full,750
3b07db03-f189-4124-b1e2-6f6fb4417255,Cooler Master GX III GOLD 1050W Fully Modular 80+ Gold,Cooler Master,GX,1050W Gold,,3b07db03-f189-4124-b1e2-6f6fb4417255.json,BLACK | PURPLE,1,2,0,4,1,3,12,,,80+ Gold,False,ATX,,,,,,,160,,,,MPX-A503-AFAG-BUS | MPX-A503-AFAG-BUK | MPX-A503-AFAG-BAU | MPX-A503-AFAG-BWO | MPX-A503-AFAG-BEU,Full,1050
3b0e40ba-17fe-4e4f-8804-23f1d094fc20,ROG Strix 650 Full Modular 80 Plus Gold 650W ATX Power Supply with 0dB Axial Tech Fan and 10 Year Warranty,Asus,ROG Strix,,0,3b0e40ba-17fe-4e4f-8804-23f1d094fc20.json,,1,2,0,3,0,4,8,,,80+ Gold,False,ATX,B07YXKM3KZ,,,,9SIBTK0KAU9619,611141243,160,,2025-10-03T04:31:17.393Z,,ROG-STRIX-650G,Full,650
3b2812cb-5ce5-4f52-b54d-f9d4c80f9963,be quiet! Straight Power 12 1500 W 80+ Platinum Certified Fully Modular ATX,be quiet!,Straight Power 12,1500W,,3b2812cb-5ce5-4f52-b54d-f9d4c80f9963.json,BLACK,1,2,0,2,2,4,9,,,80+ Platinum,False,ATX,B0CC8JMDVH,,,https://www.bequiet.com/en/powersupply/4657,1HU-004H-000T5,5149623241,180,,2026-03-16T14:27:55.425Z,Black,BN529 | BN518,Full,1500
3b2dba22-e3b8-478d-ac00-06e1425b7278,EVGA SuperNOVA 850 P5 Black / Teal 850W Fully Modular 80+ Platinum,EVGA,SuperNOVA,850W Platinum,,3b2dba22-e3b8-478d-ac00-06e1425b7278.json,BLACK | GREEN,1,2,0,4,0,6,9,,,80+ Platinum,False,ATX,B09NB4PC6K,,,,N82E16817438223,883600534,150,,,,220-P5-0850-X1,Full,850
3b361c16-fde0-46ac-9e1a-0ca0c65f6f04,Gigabyte AORUS ELITE P1000 ICE White 1000W Fully Modular 80+ Platinum,Gigabyte,AORUS,1000W Platinum,,3b361c16-fde0-46ac-9e1a-0ca0c65f6f04.json,WHITE,1,2,0,4,1,6,8,,,80+ Platinum,False,ATX,B0DL78MJMY,,,https://www.gigabyte.com/Power-Supply/GP-AE1000PM-PG5-ICE-rev-11/sp#sp,N82E16817233045,14386155373,150,,2025-12-10T15:36:31.948Z,,GP-AE1000PM PG5 ICE,Full,1000
3b4b3dac-df04-4a07-873f-5c550aed9788,In Win P75F 750 W 80+ Gold Certified ATX,In Win,P75F,750W Gold,,3b4b3dac-df04-4a07-873f-5c550aed9788.json,,1,1,0,3,0,4,6,,,80+ Gold,False,ATX,,,,,,,140,,,,IW-PS-PF750W,Non-Modular,750
3b4d181a-2076-451a-815b-1ef58c5de9f4,Zalman ZM770-XT 770 W 80+ Bronze Certified Fully Modular ATX,Zalman,ZM770-XT,770W Bronze,,3b4d181a-2076-451a-815b-1ef58c5de9f4.json,,1,1,0,6,0,1,12,,,80+ Bronze,False,ATX,,,,,,,180,,,,ZM770-XT,Full,770
3b4d2dcb-973b-4078-97c1-ed9939644953,Antec VP PLUS Black ATX 550W Non-Modular 80+,Antec,VP,550W 80+,,3b4d2dcb-973b-4078-97c1-ed9939644953.json,BLACK,1,1,0,2,0,2,7,,,80+,False,ATX,,,,,,,140,,,,VP550P PLUS | V3000A202H-18 | 0-761345-11670-1,Non-Modular,550
3b50aa86-d1b3-49b0-9951-c5d62b165786,Thermaltake Toughpower GF1 ARGB 850W 80+ Gold Fully Modular,Thermaltake,Toughpower,850W Gold,,3b50aa86-d1b3-49b0-9951-c5d62b165786.json,,1,2,0,4,0,6,12,,,80+ Gold,False,ATX,B07WM1XBFW,,,,,873053176,160,,,,PS-TPD-0850F3FAGU-1 | PS-TPD-0850F3FAGK-1 | PS-TPD-0850F3FAGA-1 | PS-TPD-0850F3FAGE-1,Full,850
3b6e8411-60e0-4fc9-9d79-0488fa1cd962,Silverstone Extreme 1200R SFX 1200W Fully Modular 80+ Platinum,Silverstone,Extreme,1200W ,,3b6e8411-60e0-4fc9-9d79-0488fa1cd962.json,,1,2,0,3,1,4,8,,,,False,SFX,,,,,,,130,,,,SST-EX1200R-PL,Full,1200
3b7c3ea5-2a3d-48ed-874b-a4f9d5367ab2,Inter-Tech Coba Nitrox Nobility Black / Orange 700W Semi-Modular ATX 80+ Silver Certified,Inter-Tech,Coba,700W Silver,,3b7c3ea5-2a3d-48ed-874b-a4f9d5367ab2.json,BLACK | ORANGE,1,2,0,3,0,2,6,,,80+ Silver,False,ATX,,,,,,,160,,,,88882050,Semi-Modular,700
3bb2a5ab-b7cb-4b81-a5ca-a9e22a754e27,Raidmax Cobra Black / Gold 1200W Semi-Modular 80+ Gold Certified ATX,Raidmax,Cobra,1200W Gold,,3bb2a5ab-b7cb-4b81-a5ca-a9e22a754e27.json,BLACK | GOLD,1,1,0,6,0,6,9,,,80+ Gold,False,ATX,,,,,,,160,,,,RX-1200AE-B,Semi-Modular,1200
3bba3af1-f590-4c50-a94e-c0af01caadfc,FSP Group AURUM S 400W Non-Modular 80+ Gold Certified ATX,FSP Group,AURUM,400W Gold,,3bba3af1-f590-4c50-a94e-c0af01caadfc.json,,1,1,0,3,0,2,5,,,80+ Gold,False,ATX,,,,,,,139,,,,AURUM S 400W,Non-Modular,400
3bd23819-daaa-4e7e-bbd4-42ec09564066,PC Cooler YN850 Black 850W Fully Modular 80+ Gold,PC Cooler,YN850,850W Gold,,3bd23819-daaa-4e7e-bbd4-42ec09564066.json,BLACK,1,0,0,0,0,0,9,,,80+ Gold,False,ATX,,,,,,,150,,,,P5-YN850-G1FFBK1-US,Full,850
3bd25bee-95be-4dc3-bf0a-c876abab9b6c,Inter-Tech HA-1200BA4 Black 1200W Fully Modular 80+ Gold Certified ATX,Inter-Tech,HA-1200BA4,1200W Gold,,3bd25bee-95be-4dc3-bf0a-c876abab9b6c.json,BLACK,1,0,0,0,0,0,8,,,80+ Gold,False,ATX,,,,,,,165,,,,88882236,Full,1200
3be4e2a4-c0f3-46f2-b37c-806a06273dd3,Zalman TX ATX 500W Non-Modular,Zalman,TX,500W ,,3be4e2a4-c0f3-46f2-b37c-806a06273dd3.json,,1,1,0,3,0,2,5,,,,False,ATX,,,,,,,157,,,,ZM500-TX,Non-Modular,500
3beffa58-3f64-4f1a-844f-376b3734a431,LEPA P1375-MA 1375W Fully Modular 80+ Platinum,LEPA,P1375-MA,1375W Platinum,,3beffa58-3f64-4f1a-844f-376b3734a431.json,,1,2,0,10,0,8,14,,,80+ Platinum,False,ATX,,,,,,,180,,,,P1375-MA,Full,1375
3bfcc8b0-b965-410d-bb54-2d93e1214197,Antec High Current Gamer 520W Non-Modular 80+ Bronze,Antec,High,520W Bronze,,3bfcc8b0-b965-410d-bb54-2d93e1214197.json,,1,1,0,6,0,2,6,,,80+ Bronze,False,ATX,,,,,,,160,,,,HCG-520,Non-Modular,520
3c01681c-185d-4379-9824-74bad5bed1a9,Aerocool AER-P7-P650W ATX 650W Fully Modular 80+ Platinum Certified,Aerocool,AER-P7-P650W,650W Platinum,,3c01681c-185d-4379-9824-74bad5bed1a9.json,,1,2,0,6,0,4,8,,,80+ Platinum,False,ATX,,,,,,,160,,,,AER-P7-P650W,Full,650
3c0cd654-a3eb-44d9-889d-5539d6070045,SeaSonic ATX3-FOCUS-GX-1000-WHITE White 1000W Fully Modular 80+ Gold Certified,SeaSonic,ATX3-FOCUS-GX-1000-WHITE,1000W Gold,,3c0cd654-a3eb-44d9-889d-5539d6070045.json,WHITE,1,2,0,3,1,3,10,,,80+ Gold,False,ATX,,,,,,,140,,,,ATX3-FOCUS-GX-1000-WHITE,Full,1000
3c33567a-0f62-4c2a-9b52-6c9a2f1538a6,Silverstone Essential Black / Blue 650W Semi-Modular 80+ Gold ATX,Silverstone,Essential,650W Gold,,3c33567a-0f62-4c2a-9b52-6c9a2f1538a6.json,BLACK | BLUE,1,1,0,3,0,4,9,,,80+ Gold,False,ATX,,,,,,,160,,,,SST-ET650-HG,Semi-Modular,650
3c63a00a-fc5e-48c0-bc63-11b3b3907b04,Ion SFX 650G,Fractal Design,Ion,,0,3c63a00a-fc5e-48c0-bc63-11b3b3907b04.json,,1,1,0,2,0,4,8,,,80+ Gold,False,SFX,B07ZJT1ZGT,5597201,,,9SIAUNCK0V9188,508786590,125,,,,FD-PSU-ION-SFX-650G-BK-EU | FD-PSU-ION-SFX-650G-BK,Full,650
3c7327f4-deff-4e58-851f-fdc9b6ef93eb,Zalman TeraMax II 850W Fully Modular 80+ Gold Certified,Zalman,TeraMax,850W Gold,,3c7327f4-deff-4e58-851f-fdc9b6ef93eb.json,BLACK,1,0,0,0,0,0,12,,,80+ Gold,False,ATX,,,,,,,140,,,,ZM850-TMX2 BK,Full,850
3c7e1041-0fdb-4e33-bff8-f2528e07598a,Rosewill Capstone ATX 750W Non-Modular 80+ Gold,Rosewill,Capstone,750W Gold,,3c7e1041-0fdb-4e33-bff8-f2528e07598a.json,,1,1,0,5,0,4,8,,,80+ Gold,False,ATX,,,,,,,163,,,,CAPSTONE-750,Non-Modular,750
3c8a9a00-a8e9-472c-bf5f-dc44104219a5,be quiet! System Power U9 Black 400W Non-Modular 80+ Bronze Certified,be quiet!,System,400W Bronze,,3c8a9a00-a8e9-472c-bf5f-dc44104219a5.json,BLACK,1,1,0,2,0,2,5,,,80+ Bronze,False,ATX,,,,,,,140,,,,BN606 | BN286,Non-Modular,400
3c905f0b-8b7b-4f38-8036-3b4b09dba629,Cooler Master MasterWatt 550 550 W 80+ Bronze Certified Semi-modular ATX Power Supply,Cooler Master,MasterWatt,,0,3c905f0b-8b7b-4f38-8036-3b4b09dba629.json,,1,1,1,4,0,2,6,,,80+ Bronze,False,ATX,B074ZDLGMK,5597201,,,9SIAET8K854858,820900916,140,,,,MPX-5501-AMAAB-US,Semi-Modular,550
3c967ec6-e882-40f0-aa17-749a29efd486,Thermalright TGFX750 SFX 750W Fully Modular 80+ Gold Certified,Thermalright,TGFX750,750W Gold,,3c967ec6-e882-40f0-aa17-749a29efd486.json,WHITE,1,1,0,3,1,4,6,,,80+ Gold,False,SFX,,,,,,,100,,,,TGFX750-W,Full,750
3c971d8c-315c-4434-a60a-d555a04ea7ce,Corsair RM750x (2024) ATX 750W Fully Modular,Corsair,RM750x,750W ,,3c971d8c-315c-4434-a60a-d555a04ea7ce.json,BLACK,1,0,0,0,0,0,8,,,,False,ATX,B0DJ1M18CY,,29943,,N82E16817139335,12860457514,160,,,,CP-9020285-NA | CP-9020285-UK | CP-9020285-AU | CP-9020285-EU,Full,750
3ca74ae1-3a15-48f4-8314-d6cf0a593fee,Rosewill HERCULES-1600 1600W 80+ Silver Semi-Modular,Rosewill,HERCULES-1600,1600W Silver,,3ca74ae1-3a15-48f4-8314-d6cf0a593fee.json,,1,2,0,0,0,16,0,,,80+ Silver,False,ATX,,,,,,,241,,,,HERCULES-1600,Semi-Modular,1600
3cb3a850-2b1f-4b75-b205-959244486164,Corsair RM850e (2025) ATX 850W Fully Modular,Corsair,RM,850e,,3cb3a850-2b1f-4b75-b205-959244486164.json,BLACK,1,2,0,2,1,2,4,Cybenetics Platinum,Cybenetics A-,80+ Gold,False,ATX,B0DPR86ZC8,6611986,30684,https://www.corsair.com/us/en/p/psu/cp-9020296-na/rme-series-rm850e-fully-modular-low-noise-atx-power-supply-cp-9020296-na?srsltid=AfmBOooFS8XkW4x_8wfH3u1Pk1L1kLj0n8rTI38811cAAsOMppRysYSz,N82E16817139336,15036922615,140,,2026-01-30T19:41:32.843Z,,CP-9020296-NA | CP-9020296-AU | CP-9020296-UK | CP-9020296-EU,Full,850
3cc6bb00-5ef1-4c59-9244-9715eceb8bd7,Corsair RM750i 750W Fully Modular 80+ Gold,Corsair,RM750i,750W Gold,,3cc6bb00-5ef1-4c59-9244-9715eceb8bd7.json,,1,1,0,7,0,4,8,,,80+ Gold,False,ATX,,,,,,,180,,,,CP-9020082-NA | CP-9020082-EU | CP-9020082-UK,Full,750
3cca4f16-79f9-4bf8-8039-7e01145eb3c8,Corsair RM650i 650W 80+ Gold Fully Modular,Corsair,RM650i,650W Gold,,3cca4f16-79f9-4bf8-8039-7e01145eb3c8.json,,1,1,0,7,0,4,8,,,80+ Gold,False,ATX,,,,,,,160,,,,CP-9020081-NA | CP-9020081-UK | CP-9020081-EU | CP-9020081-AU,Full,650
3d0e8774-6f75-4317-a206-35a7a3f3f15e,SAMA GT ATX 750W Fully Modular 80+ Gold Certified,SAMA,GT,750W Gold,,3d0e8774-6f75-4317-a206-35a7a3f3f15e.json,BLACK,1,0,0,0,0,0,6,,,80+ Gold,False,ATX,,,,,1HU-02S6-00060,,140,,,,GT750-BKGFFXX1-US,Full,750
3d12c6ed-2d2d-4b59-beba-180942740e85,In Win Commander II 1200W 80+ Bronze Certified Fully Modular,In Win,Commander,1200W Bronze,,3d12c6ed-2d2d-4b59-beba-180942740e85.json,,1,2,0,8,0,8,8,,,80+ Bronze,False,ATX,,,,,,,165,,,,IRP-COM1200 II | Commander 1200W,Full,1200
3d147264-7022-4bbf-a262-43a37911ca70,Cooler Master MWE Gold V2 850W Fully Modular 80+ Gold Certified,Cooler Master,MWE,850W Gold,,3d147264-7022-4bbf-a262-43a37911ca70.json,BLACK,1,0,0,0,0,0,12,,,80+ Gold,False,ATX,B08M9M6DB9,6587958,,,N82E16817171180,401128184,160,,,,MPE-8501-AFAAG-US | MPE-8501-AFAAG-U2 | MPE-8501-AFAAG-UK | MPE-8501-AFAAG-EU | MPE-8501-AFAAG-JP | MPE-8501-AFAAG-AU,Full,850
3d2b512d-0545-4748-b796-6d8b5da60511,be quiet! Pure L7 530W Non-Modular 80+ Certified,be quiet!,Pure,530W 80+,,3d2b512d-0545-4748-b796-6d8b5da60511.json,,1,1,0,4,0,2,5,,,80+,False,ATX,,,,,,,140,,,,BN106,Non-Modular,530
3d448ee7-8123-43b2-9741-f38fbd0d15f2,be quiet! Pure Power 10 300W Non-Modular 80+ Bronze Certified,be quiet!,Pure,300W Bronze,,3d448ee7-8123-43b2-9741-f38fbd0d15f2.json,,1,1,0,2,0,1,4,,,80+ Bronze,False,ATX,,,,,,,150,,,,BN270,Non-Modular,300
3d683dc0-1946-48c5-87af-a8e935809d1f,Gigabyte P1000GM ATX 1000W Fully Modular 80+ Gold Certified,Gigabyte,P1000GM,1000W Gold,,3d683dc0-1946-48c5-87af-a8e935809d1f.json,BLACK,1,0,0,0,0,0,8,,,80+ Gold,False,ATX,B08T3VBD2X,,,,,,140,,,,GP-P1000GM | B-GIGABYTE GP-P1000GM | GP-P1000GM-UK,Full,1000
3d88de13-e0c4-4f73-a281-9e6dbc92f724,Cooler Master V550 SFX 550W Fully Modular 80+ Gold,Cooler Master,V550,550W Gold,,3d88de13-e0c4-4f73-a281-9e6dbc92f724.json,BLACK,1,1,0,4,0,4,8,,,80+ Gold,False,SFX,B08LP6LPQN,,,,N82E16817171173,467583136,100,,,,MPY-5501-SFHAGV-US,Full,550
3d92ff6e-3bbc-4bbd-aaa6-b877cd024732,Antec High Current Gamer Gold 650W Fully Modular 80+ Gold Certified,Antec,High,650W Gold,,3d92ff6e-3bbc-4bbd-aaa6-b877cd024732.json,BLACK,1,1,0,3,0,4,8,,,80+ Gold,False,ATX,,,,,,,140,,,,HCG650 Gold,Full,650
3d9dc40d-fb44-4aa8-9c52-846ac85648f6,Cooler Master GXII ATX 550W Non-Modular 80+ Bronze Certified,Cooler Master,GXII,550W Bronze,,3d9dc40d-fb44-4aa8-9c52-846ac85648f6.json,,1,1,0,3,0,2,6,,,80+ Bronze,False,ATX,,,,,,,139,,,,RS550-ACAAB1-US,Non-Modular,550
3da1608f-1509-4c30-93a3-c47c59ca4ef6,be quiet! Pure Power L8 530W Semi-Modular 80+ Bronze,be quiet!,Pure,530W Bronze,,3da1608f-1509-4c30-93a3-c47c59ca4ef6.json,,1,1,0,4,0,2,5,,,80+ Bronze,False,ATX,,,,,,,160,,,,BN181 | BN881,Semi-Modular,530
3daf9f08-5c1f-4db0-ac38-bb217aefec2d,Gigabyte AORUS ICE White 850W Fully Modular 80+ Platinum Certified,Gigabyte,AORUS,850W Platinum,,3daf9f08-5c1f-4db0-ac38-bb217aefec2d.json,WHITE,1,0,0,0,0,0,8,,,80+ Platinum,False,ATX,B0DJFKL1VT,,,,N82E16817233047,14321266757,140,,,,GP-AE850PM PG5 ICE,Full,850
3df5c6e9-f9cd-4faf-a825-bf7f2ce5f6cc,Chieftec Polaris Black 650W Fully Modular 80+ Gold Certified,Chieftec,Polaris,650W Gold,,3df5c6e9-f9cd-4faf-a825-bf7f2ce5f6cc.json,BLACK,1,2,0,3,0,4,6,,,80+ Gold,False,ATX,,,,,,,140,,,,PPS-650FC,Full,650
3e1236df-60fa-4381-b9a5-fcd4552e7c09,SeaSonic X Fanless 400W 80+ Gold Certified Fully Modular ATX,SeaSonic,X,400W Gold,,3e1236df-60fa-4381-b9a5-fcd4552e7c09.json,,1,1,0,5,0,2,6,,,80+ Gold,True,ATX,,,,,,,160,,,,SS-400FL,Full,400
3e2b1992-3c5f-4d66-ac9a-a9fb9f8c57bb,Lian Li SP Platinum 850W Black SP0850P,Lian Li,SP Platinum,850W Black,2025,3e2b1992-3c5f-4d66-ac9a-a9fb9f8c57bb.json,BLACK,1,2,,4,1,3,8,Cybenetics Platinum,Cybenetics A,80+ Platinum,False,SFX,B0FN7JS7LZ,,,https://lian-li.com/product/sp-platinum/,,18988963379,100,,2025-12-31T20:51:29.711Z,,SP0850P | SP0850P.B,Full,850
3e5dad18-3a22-42b3-bd00-ca52e8cbe2cb,Corsair CX500 ATX 500W Non-Modular 80+ Bronze,Corsair,CX500,500W Bronze,,3e5dad18-3a22-42b3-bd00-ca52e8cbe2cb.json,,1,1,0,4,0,2,5,,,80+ Bronze,False,ATX,B0092ML0MY,,,,,26462914,139,,,,CX500 | CP-9020047-UK | CP-9020047-AU | CP-9020047-US | CP-9020047-EU,Non-Modular,500
3e5fb35a-9ccc-4238-a33f-0163e93956fe,NZXT HALE90 V2 1200W 80+ Gold Fully Modular,NZXT,HALE90,1200W Gold,,3e5fb35a-9ccc-4238-a33f-0163e93956fe.json,,1,2,0,14,0,8,16,,,80+ Gold,False,ATX,,,,,,,190,,,,PS-H9V2-120,Full,1200
3e9adcec-bc79-4a2d-9434-09b2927c907c,Silverstone ATTIS 650R White ATX Certified 650W Non-Modular 80+ Bronze,Silverstone,ATTIS,650W Bronze,,3e9adcec-bc79-4a2d-9434-09b2927c907c.json,WHITE,1,2,0,3,0,4,6,,,80+ Bronze,False,ATX,,,,,,,140,,,,SST-AT650R-BF-WBW,Non-Modular,650
3eb8290a-6feb-447a-bc6d-0c6083059cbb,NOX Hummer X Black 650W Fully Modular 80+ Gold Certified ATX,NOX,Hummer,650W Gold,,3eb8290a-6feb-447a-bc6d-0c6083059cbb.json,BLACK,1,1,0,3,0,2,9,,,80+ Gold,False,ATX,,,,,,,140,,,,NXHUMMERX650WGD,Full,650
3ecf78e5-4971-4df0-869f-451578f2cb36,Cougar VTX Black ATX 500W Non-Modular 80+ Bronze Certified,Cougar,VTX,500W Bronze,,3ecf78e5-4971-4df0-869f-451578f2cb36.json,BLACK,1,1,0,3,0,4,8,,,80+ Bronze,False,ATX,,,,,,,140,,,,VTX500,Non-Modular,500
3ed3fa41-03a6-4104-a4a8-de1a8014704e,FSP Group HEXA Black ATX Certified 450W Non-Modular 80+ Bronze,FSP Group,HEXA,450W Bronze,,3ed3fa41-03a6-4104-a4a8-de1a8014704e.json,BLACK,1,0,0,0,0,0,8,,,80+ Bronze,False,ATX,,,,,,,140,,,,HEXA 85+ 450W,Non-Modular,450
3ee3bfd9-5c7a-4d8c-8ff3-a70c37504d1d,Cooler Master MWE GOLD 750 V2 FULL MODULAR,Cooler Master,MWE Gold V2,Full Modular,2020,3ee3bfd9-5c7a-4d8c-8ff3-a70c37504d1d.json,,1,2,0,4,0,4,12,,,80+ Gold,False,ATX,B08M9LDLXH,,,,N82E16817171181,212228911,140,,,,MPE-7501-AFAAG-US,Full,750
3ee83864-4451-4624-bd46-06e63592f154,Corsair CX850M V2 (2017 Edition) Black / White 850W Semi-Modular 80+ Bronze,Corsair,CX850M,850W Bronze,,3ee83864-4451-4624-bd46-06e63592f154.json,BLACK | WHITE,1,1,0,6,0,4,8,,,80+ Bronze,False,ATX,,,,,,,140,,,,CP-9020157-NA,Semi-Modular,850
3efcca16-9f79-4a85-a44e-a910968863c8,Corsair SF750 (2024) SFX 750W Fully Modular 80+ Platinum Certified,Corsair,SF750,750W Platinum,,3efcca16-9f79-4a85-a44e-a910968863c8.json,BLACK,1,0,0,0,0,0,8,,,80+ Platinum,False,SFX,B0D45QCZHX,,,,N82E16817139330,7645057619,100,,,,CP-9020284 | CP-9020284-UK | CP-9020284-AU | CP-9020284-NA | CP-9020284-EU,Full,750
3f08f8ad-c2d1-48b3-a162-ef76c345119e,Corsair HX650 ATX 650W Semi-Modular 80+ Gold,Corsair,HX650,650W Gold,,3f08f8ad-c2d1-48b3-a162-ef76c345119e.json,,1,1,0,8,0,4,9,,,80+ Gold,False,ATX,,,,,,,149,,,,CMPSU-650HX A,Semi-Modular,650
3f11bebf-e431-45fa-96bf-49f8f6fe5eaf,Enermax ETL650AWT-M 650W Semi-Modular 80+ Bronze,Enermax,ETL650AWT-M,650W Bronze,,3f11bebf-e431-45fa-96bf-49f8f6fe5eaf.json,,1,1,0,4,0,4,8,,,80+ Bronze,False,ATX,,,,,,,140,,,,ETL650AWT-M,Semi-Modular,650
3f12d2ad-0b66-443f-b9eb-1ae040f5368a,Cooler Master MasterWatt TUF Gaming Alliance Edition 650W Semi-Modular 80+ Bronze Certified,Cooler Master,MasterWatt,650W Bronze,,3f12d2ad-0b66-443f-b9eb-1ae040f5368a.json,BLACK | GREY,1,1,0,3,0,4,9,,,80+ Bronze,False,ATX,,,,,,,140,,,,MPX-6501-AMAAB-SF,Semi-Modular,650
3f222c24-8109-40a4-baa8-b14677e74446,Super Flower Leadex III Gold 750W Fully Modular 80+ Gold Certified,Super Flower,Leadex,750W Gold,,3f222c24-8109-40a4-baa8-b14677e74446.json,BLACK,1,0,0,0,0,0,8,,,80+ Gold,False,ATX,,,,,,,160,,,,SF-750F14HG,Full,750
3f287cbe-d25c-49d1-9312-68ae643946b9,Apevia Prestige White ATX 600W Non-Modular 80+ Gold Certified,Apevia,Prestige,600W Gold,,3f287cbe-d25c-49d1-9312-68ae643946b9.json,WHITE,1,0,0,0,0,0,4,,,80+ Gold,False,ATX,B0D1HDXC7W,,,,,9242157398,160,,,,ATX-PR600W-WH,Non-Modular,600
3f4ed55b-4461-4d3a-8675-a1fa39c542f5,Athena Power AP-MFATX40 Mini-ITX 400W Non-Modular 80+ Bronze,Athena Power,AP-MFATX40,400W Bronze,,3f4ed55b-4461-4d3a-8675-a1fa39c542f5.json,,1,2,0,2,0,2,3,,,80+ Bronze,False,Mini-ITX,,,,,,,150,,,,AP-MFATX40,Non-Modular,400
3f55fe8a-7375-494a-a8f0-d83c7d31fc65,Super Flower Leadex Titanium 1600W 80+ Titanium Certified Fully Modular ATX,Super Flower,Leadex,1600W Titanium,,3f55fe8a-7375-494a-a8f0-d83c7d31fc65.json,BLACK,1,2,0,5,0,9,14,,,80+ Titanium,False,ATX,B00SKAV0UQ,,,,,,220,,,,SF-1600F14HT | SF-1600F14HT(BK),Full,1600
3f706768-7745-4e61-add7-5af3fdf58d26,Thermaltake Smart 650W Non-Modular 80+ Bronze,Thermaltake,Smart,650W Bronze,,3f706768-7745-4e61-add7-5af3fdf58d26.json,,1,1,0,4,0,2,6,,,80+ Bronze,False,ATX,,,,,,,139,,,,SP-650PCBUS | TT-SP-650PCBAU | SP-650P,Non-Modular,650
3f82e937-0519-4305-85b1-ef939e4b9841,Cooler Master eXtreme Power ATX 600W Non-Modular,Cooler Master,eXtreme,600W ,,3f82e937-0519-4305-85b1-ef939e4b9841.json,,1,1,0,3,0,2,6,,,,False,ATX,,,,,,,140,,,,RS600-PCARE3-US,Non-Modular,600
3f8d7ea5-3eab-4709-ab23-5429eceee5ee,Sentey SDP550-SS 550W 80+ Certified Non-Modular,Sentey,SDP550-SS,550W 80+,,3f8d7ea5-3eab-4709-ab23-5429eceee5ee.json,,1,1,0,5,0,1,4,,,80+,False,ATX,,,,,,,180,,,,SDP550-SS,Non-Modular,550
3fb93df7-75e2-48dc-aaed-8e0259e60269,Deepcool PX1000G Black 1000W Fully Modular 80+ Gold Certified ATX,DeepCool,PX1000G,1000W Gold,,3fb93df7-75e2-48dc-aaed-8e0259e60269.json,BLACK,1,0,0,0,0,0,8,,,80+ Gold,False,ATX,B0BRXWWTBX,,,,,,160,,,,R-PXA00G-FC0B-US | R-PXA00G-FC0B-CN | R-PXA00G-FC0B-AU | R-PXA00G-FC0B-UK | R-PXA00G-FC0B-JP | R-PXA00G-FC0B-BP | R-PXA00G-FC0B-WO | R-PXA00G-FC0B-EU,Full,1000
3fd8a00e-3cdb-4105-aa1c-05aa29525bfd,Thermaltake Smart BX1 Black 550W Non-Modular 80+ Bronze Certified ATX,Thermaltake,Smart,550W Bronze,,3fd8a00e-3cdb-4105-aa1c-05aa29525bfd.json,BLACK,1,0,0,0,0,0,6,,,80+ Bronze,False,ATX,B07NPMJ7RM,,,,,946157249,140,,,,PS-SPD-0550NNFABU-1,Non-Modular,550
3fed3032-d909-4b75-b675-5a2aa414f2a8,Thermaltake Smart BM2 Black 550W Semi-Modular 80+ Bronze,Thermaltake,Smart,550W Bronze,,3fed3032-d909-4b75-b675-5a2aa414f2a8.json,BLACK,1,2,0,4,0,2,6,,,80+ Bronze,False,ATX,,,,,,,160,,,,PS-SPD-0550MNFABU-1 | PS-SPD-0550MNFABA-1 | PS-SPD-0550MNFABE-1 | PS-SPD-0550MNFABK-1,Semi-Modular,550
3ff7ea8d-9333-4adb-ac75-7a7c184d848e,EVGA 750 B5 750W 80+ Bronze Certified Fully Modular,EVGA,750,750W Bronze,,3ff7ea8d-9333-4adb-ac75-7a7c184d848e.json,BLACK,1,2,0,3,0,4,6,,,80+ Bronze,False,ATX,B084R89CJ5,,,,9SIAA9UK9J0771,408492754,150,,,,220-B5-0750-V1 | 750 B5,Full,750
3ffa9f24-85f8-4cbb-8e37-fbe9ea435e06,EVGA SuperNOVA 1600 G+ 1600W 80+ Gold Fully Modular,EVGA,SuperNOVA,1600W Gold,,3ffa9f24-85f8-4cbb-8e37-fbe9ea435e06.json,BLACK,1,0,0,0,0,0,14,,,80+ Gold,False,ATX,B08F1DKWX5,6451643,,,N82E16817438191,704700501,200,,,,220-GP-1600-X1 | 1600 G+,Full,1600
3ffe73f2-e44c-4276-b49e-7b2390ceccaa,Corsair AX860 ATX 860W Fully Modular 80+ Platinum Certified,Corsair,AX860,860W Platinum,,3ffe73f2-e44c-4276-b49e-7b2390ceccaa.json,,1,2,0,6,0,6,12,,,80+ Platinum,False,ATX,,,,,,,160,,,,AX860 | CP-9020044-NA | CP-9020044-UK | CP-9020044-AU | CP-9020044-EU,Full,860
401cb10b-abe7-4367-9207-75e5865ca4a3,Rosewill Capstone 550W Semi-Modular 80+ Gold Certified ATX,Rosewill,Capstone,550W Gold,,401cb10b-abe7-4367-9207-75e5865ca4a3.json,,1,1,0,5,0,2,6,,,80+ Gold,False,ATX,,,,,,,169,,,,CAPSTONE-550-M,Semi-Modular,550
40284330-f217-41d1-9f3b-937b40d57e78,SeaSonic S12G ATX 550W Non-Modular 80+ Gold Certified,SeaSonic,S12G,550W Gold,,40284330-f217-41d1-9f3b-937b40d57e78.json,,1,1,0,3,0,2,8,,,80+ Gold,False,ATX,,,,,,,140,,,,S12G-550,Non-Modular,550
402a74ec-8423-4c7d-9a09-0bc6d3432dff,FSP Group AURUM S 600W Non-Modular 80+ Gold,FSP Group,AURUM,600W Gold,,402a74ec-8423-4c7d-9a09-0bc6d3432dff.json,,1,1,0,3,0,4,9,,,80+ Gold,False,ATX,,,,,,,139,,,,AURUM S 600W,Non-Modular,600
402a934c-7af2-4318-95b7-0317cfc1007c,Corsair RM750x (2018) 750W Fully Modular 80+ Gold Certified,Corsair,RM750x,750W Gold,,402a934c-7af2-4318-95b7-0317cfc1007c.json,BLACK,1,0,0,0,0,0,9,,,80+ Gold,False,ATX,B079HGN5QS,,,,N82E16817139233,569887395,160,,,,CP-9020179-NA | CP-9020179-EU | CP-9020092-UK | CP-9020179-UK,Full,750
40300961-b014-4895-b88a-54513343e8e7,Silverstone Strider ATX 1000W Fully Modular 80+ Gold Certified,Silverstone,Strider,1000W Gold,,40300961-b014-4895-b88a-54513343e8e7.json,,1,2,0,6,0,4,8,,,80+ Gold,False,ATX,,,,,,,180,,,,ST1000-G,Full,1000
40301525-a4f8-4beb-b572-b9a3c3add8ae,SeaSonic FOCUS SGX (2021) Black SFX 650W Fully Modular 80+ Gold,SeaSonic,FOCUS,650W Gold,,40301525-a4f8-4beb-b572-b9a3c3add8ae.json,BLACK,1,2,0,3,0,4,6,,,80+ Gold,False,SFX,,,,,,,100,,,,FOCUS SGX-650,Full,650
40672ece-3582-4f9a-80a2-135575b64450,Thermaltake TR2 Certified ATX 600W Non-Modular 80+ Bronze,Thermaltake,TR2,600W Bronze,,40672ece-3582-4f9a-80a2-135575b64450.json,,1,1,0,4,0,2,6,,,80+ Bronze,False,ATX,,,,,,,140,,,,PS-TR2-0600NPCBUS-B,Non-Modular,600
40704585-f3f6-4cea-a5c2-ffa7bc752dc3,Antec High Current Gamer 850W Semi-Modular 80+ Bronze,Antec,High,850W Bronze,,40704585-f3f6-4cea-a5c2-ffa7bc752dc3.json,,1,2,0,6,0,4,9,,,80+ Bronze,False,ATX,,,,,,,170,,,,HCG-850M,Semi-Modular,850
408f158c-23f6-4b02-8b35-37624eb625f4,GAMDIAS ASTRAPE Black / Multicolor ATX 750W Fully Modular 80+ Gold Certified,GAMDIAS,ASTRAPE,750W Gold,,408f158c-23f6-4b02-8b35-37624eb625f4.json,BLACK | RGB,1,2,0,3,0,4,9,,,80+ Gold,False,ATX,,,,,,,163,,,,ASTRAPE P1-750W-G | P1-750W-G | GD-ASTRAPE P1 750W,Full,750
40c1220b-51c6-4b3a-b0db-4f2ed36e720b,Cooler Master Silent Pro Gold 1000W Semi-Modular 80+ Gold,Cooler Master,Silent,1000W Gold,,40c1220b-51c6-4b3a-b0db-4f2ed36e720b.json,,1,2,0,4,0,4,9,,,80+ Gold,False,ATX,,,,,,,180,,,,RSA00-80GAD3-US,Semi-Modular,1000
40d44975-9b2f-445a-a127-92cfd964f197,Thermaltake Toughpower GF1 PE 850W Fully Modular 80+ Gold Certified,Thermaltake,Toughpower,850W Gold,,40d44975-9b2f-445a-a127-92cfd964f197.json,BLACK,1,0,0,0,0,0,12,,,80+ Gold,False,ATX,B07PZR9JLT,6453262,,,N82E16817153403,611140681,160,,,,PS-TPD-0850FNFAGU-1 | PS-TPD-0850FNFAGx-1 | PS-TPD-0850FNFAGA-1 | PS-TPD-0850FNFAGE-1,Full,850
41038b34-8ea9-4368-a83b-1f971bed33bd,Thermaltake TR2 ATX 1200W Semi-Modular 80+ Certified,Thermaltake,TR2,1200W 80+,,41038b34-8ea9-4368-a83b-1f971bed33bd.json,,1,1,0,8,0,0,8,,,80+,False,ATX,,,,,,,180,,,,TRX-1200M,Semi-Modular,1200
4105bdd7-a2c0-41d2-a8f9-bea5f8c89f16,Apex AL-A400ATX ATX 400W Non-Modular,Apex,AL-A400ATX,400W ,,4105bdd7-a2c0-41d2-a8f9-bea5f8c89f16.json,,1,0,0,3,0,0,2,,,,False,ATX,B00008ZPNA,,,,,,140,,,,AL-A400ATX,Non-Modular,400
411a6fea-47eb-48a2-b370-ede0ff0b637c,FSP Group HYPER S Black ATX 500W Non-Modular 80+ Certified,FSP Group,HYPER,500W 80+,,411a6fea-47eb-48a2-b370-ede0ff0b637c.json,BLACK,1,1,0,3,0,2,6,,,80+,False,ATX,,,,,,,140,,,,HP500S,Non-Modular,500
411c0c7f-ba00-4d29-bcb5-08d150bd9e52,Lian Li EDGE Black 850W Fully Modular 80+ Platinum,Lian Li,EDGE,850W Platinum,,411c0c7f-ba00-4d29-bcb5-08d150bd9e52.json,BLACK,1,0,0,0,0,0,12,,,80+ Platinum,False,ATX,B0D8SNGWWD,,,,,7707410442,182,,,,EG850 | EG850.BE | EG850BE | EG0850 Black | EG0850BE.US,Full,850
4125e4e8-f9e7-45d6-bd2a-6ba480e7ccee,Thermaltake Smart ATX 850W Semi-Modular 80+ Bronze Certified,Thermaltake,Smart,850W Bronze,,4125e4e8-f9e7-45d6-bd2a-6ba480e7ccee.json,,1,1,0,6,0,4,9,,,80+ Bronze,False,ATX,,,,,,,160,,,,SP-850M | SP-850MPCBUS,Semi-Modular,850
413e4c4c-a80c-431e-bebf-acf9119a079f,XFX P1-750X-XXB9 ATX 750W Semi-Modular 80+ Bronze Certified,XFX,P1-750X-XXB9,750W Bronze,,413e4c4c-a80c-431e-bebf-acf9119a079f.json,,1,2,0,5,0,4,8,,,80+ Bronze,False,ATX,,,,,,,,,,,P1-750X-XXB9,Semi-Modular,750
4151a4a4-cd42-4d3a-824e-47d135322a3e,Zalman ZM660-XT ATX 660W Fully Modular 80+ Bronze Certified,Zalman,ZM660-XT,660W Bronze,,4151a4a4-cd42-4d3a-824e-47d135322a3e.json,,1,1,0,6,0,2,12,,,80+ Bronze,False,ATX,,,,,,,180,,,,ZM660-XT,Full,660
4176dd46-f25e-44bf-a9d2-4841721fa3c6,LEPA G1200-MA 1200W 80+ Gold Certified Semi-Modular,LEPA,G1200-MA,1200W Gold,,4176dd46-f25e-44bf-a9d2-4841721fa3c6.json,,1,0,0,0,0,0,12,,,80+ Gold,False,ATX,,,,,,,175,,,,G1200-MA,Semi-Modular,1200
41941037-60a5-4537-921c-9cd01ce48ba6,Athena Power AP-TFX40 Silver TFX 400W Non-Modular 80+ Bronze Certified,Athena Power,AP-TFX40,400W Bronze,,41941037-60a5-4537-921c-9cd01ce48ba6.json,GREY,1,1,0,2,0,0,3,,,80+ Bronze,False,TFX,,,,,,,175,,,,AP-TFX40,Non-Modular,400
41bb326b-be16-4e62-85f8-4e7ecceec7f8,Chieftec PowerPlay Black / Red 550W Fully Modular 80+ Gold Certified,Chieftec,PowerPlay,550W Gold,,41bb326b-be16-4e62-85f8-4e7ecceec7f8.json,BLACK | RED,1,1,0,3,0,2,6,,,80+ Gold,False,ATX,,,,,,,160,,,,GPU-550FC,Full,550
41bdcb2c-0346-4db0-a495-6b3f919b3ee6,Thermaltake Toughpower GF A3 TT Premium Edition Black 1200W Fully Modular 80+ Gold,Thermaltake,Toughpower,1200W Gold,,41bdcb2c-0346-4db0-a495-6b3f919b3ee6.json,BLACK,1,0,0,0,0,0,12,,,80+ Gold,False,ATX,,,,,,,140,,,,PS-TPD-1200FNFAGE-H | PS-TPD-0750FNFAGE-H,Full,1200
41e9ce22-89b3-4a70-9407-0d7914a69a7d,Thermalright AG-650 Black 650W Fully Modular 80+ Gold Certified,Thermalright,AG-650,650W Gold,,41e9ce22-89b3-4a70-9407-0d7914a69a7d.json,BLACK,1,2,0,4,1,2,8,,,80+ Gold,False,ATX,,,,,,,140,,,,AG-650 | TR-AG650,Full,650
420247eb-ba07-4025-b0d3-e3a5b87bd14b,Super Flower LEADEX VII XG White ATX 1000W Fully Modular 80+ Gold Certified,Super Flower,LEADEX,1000W Gold,,420247eb-ba07-4025-b0d3-e3a5b87bd14b.json,WHITE,1,0,0,0,0,0,12,,,80+ Gold,False,ATX,,,,,1HU-024C-00059,,150,,,,SF-1000F14XG(WH) | SF-1000F14XG (WH),Full,1000
420312e7-18e2-43f6-a41e-6da2cd7d55c4,Topower ZU-500W ATX 500W Non-Modular,Topower,ZU-500W,500W ,,420312e7-18e2-43f6-a41e-6da2cd7d55c4.json,,1,0,0,6,0,0,4,,,,False,ATX,,,,,,,140,,,,ZU-500W,Non-Modular,500
422672ef-2c10-4d3c-9143-d1a554f4cc1b,EVGA SuperNOVA NEX1500 Classified 1500W Fully Modular 80+ Gold,EVGA,SuperNOVA,1500W Gold,,422672ef-2c10-4d3c-9143-d1a554f4cc1b.json,,1,2,0,8,0,12,12,,,80+ Gold,False,ATX,,,,,,,200,,,,120-PG-1500-VR,Full,1500
422bae99-304e-49c8-b97a-7e0331fee1d9,BitFenix BFG GOLD ATX3.0 Black ATX 850W Fully Modular 80+ Gold,BitFenix,BFG,850W Gold,,422bae99-304e-49c8-b97a-7e0331fee1d9.json,BLACK,1,2,0,4,1,4,8,,,80+ Gold,False,ATX,B0C8SSVQYD,,,,1HU-006H-00078,,140,,,,BP-BGA850UMAG | BP-BGA850UMAG-9R,Full,850
42500351-41ca-43ee-906b-db7580244217,EVGA SuperNOVA 1600 G2 ATX 1600W 80+ Gold Fully Modular,EVGA,SuperNOVA,1600W Gold,,42500351-41ca-43ee-906b-db7580244217.json,,1,2,0,6,0,9,16,,,80+ Gold,False,ATX,B00MMLUIE8,,,,,40171152,220,,,,120-G2-1600-X1 | 120-G2-1600-X3 | 120-G2-1600-X4 | 120-G2-1600-X2 | 120-G2-1600-XR,Full,1600
42517543-d64a-412d-a6db-b6227b5f7833,FSP Group Hydro K Pro ATX3.0 Black 750W Non-Modular 80+ Bronze,FSP Group,Hydro,750W Bronze,,42517543-d64a-412d-a6db-b6227b5f7833.json,BLACK,1,2,0,2,1,2,8,,,80+ Bronze,False,ATX,,,,,,,140,,,,PPA7506908 | HD2-750,Non-Modular,750
425dc719-6d33-4ed8-97e5-f07452d0110b,Cougar SL500 ATX 500W Non-Modular,Cougar,SL500,500W ,,425dc719-6d33-4ed8-97e5-f07452d0110b.json,,1,1,0,2,0,1,4,,,,False,ATX,,,,,,,139,,,,SL500,Non-Modular,500
4269f640-57b6-4264-9c3c-e55758b10e2e,XClio DIAMONDPOWER ATX 1080W Non-Modular,XClio,DIAMONDPOWER,1080W ,,4269f640-57b6-4264-9c3c-e55758b10e2e.json,,1,0,0,0,0,0,8,,,,False,ATX,,,,,,,,,,,DIAMONDPOWER 1080W,Non-Modular,1080
426a16af-2b6e-4236-b341-512cb561e99b,Silverstone TX500-G Black TFX 500W Non-Modular 80+ Gold Certified,Silverstone,TX500-G,500W Gold,,426a16af-2b6e-4236-b341-512cb561e99b.json,BLACK,1,1,0,4,0,2,4,,,80+ Gold,False,TFX,B08WT6WCCQ,,,,1B4-00JV-00092,803821321,175,,,,SST-TX500-G | TX500-G,Non-Modular,500
42965e63-c054-4d23-a0d1-31468bb39456,Phanteks Revolt Pro Silver / Black 1000W Fully Modular 80+ Gold Certified,Phanteks,Revolt,1000W Gold,,42965e63-c054-4d23-a0d1-31468bb39456.json,GREY | BLACK,1,2,0,3,0,8,14,,,80+ Gold,False,ATX,,,,,,,170,,,,PH-P1000GC | PH-P1000GC_EU,Full,1000
4298d82b-dbae-436d-a006-ee2c9f0dee4e,Thermaltake Toughpower PF3-L 1200W 80+ Platinum Certified Fully Modular,Thermaltake,Toughpower,1200W Platinum,,4298d82b-dbae-436d-a006-ee2c9f0dee4e.json,BLACK,1,2,0,8,1,5,12,,,80+ Platinum,False,ATX,B0BWKT2JRV,,,,N82E16817153443,3001316268,140,,,,PS-TPD-1200FNFAPU-L,Full,1200
42a9757c-e676-4021-b391-3d34573ce082,Thermalright TP 850W Fully Modular 80+ Platinum Certified,Thermalright,TP,850W Platinum,,42a9757c-e676-4021-b391-3d34573ce082.json,BLACK,1,1,0,5,1,4,10,,,80+ Platinum,False,ATX,,,,,,,140,,,,TP-850 | TR-TP-850,Full,850
42d2158b-6724-4e7a-be6a-e45938cb7fe3,PC Power & Cooling Silencer ATX 910W Non-Modular 80+ Silver Certified,PC Power & Cooling,Silencer,910W Silver,,42d2158b-6724-4e7a-be6a-e45938cb7fe3.json,,1,0,0,0,0,0,12,,,80+ Silver,False,ATX,,,,,,,180,,,,PPCS910,Non-Modular,910
42ff3c30-e6f1-42e6-9430-eb53547cfc89,Antec VP PLUS 500W Non-Modular 80+ Certified,Antec,VP,500W 80+,,42ff3c30-e6f1-42e6-9430-eb53547cfc89.json,,1,1,0,2,0,2,7,,,80+,False,ATX,,,,,,,140,,,,VP500 Plus,Non-Modular,500
433edef0-5997-435c-a782-983bd350c49f,Rosewill VSB ATX 750W Semi-Modular 80+ Bronze Certified,Rosewill,VSB,750W Bronze,,433edef0-5997-435c-a782-983bd350c49f.json,BLACK,1,0,0,0,0,0,6,,,80+ Bronze,False,ATX,B0FFPWFLFH,,,,N82E16817182465,,140,,,,VSB750,Semi-Modular,750
434b9e17-e6f0-4b9c-bb59-94dcaf47dfa1,OCZ Z Series Gold 850W 80+ Gold Semi-Modular,OCZ,Z,850W Gold,,434b9e17-e6f0-4b9c-bb59-94dcaf47dfa1.json,,1,2,0,3,0,4,9,,,80+ Gold,False,ATX,,,,,,,160,,,,OCZZ850M,Semi-Modular,850
436e64fa-65b2-4d76-bef2-924fdf94e99c,Thermaltake Toughpower GX1 600W Semi-Modular 80+ Gold,Thermaltake,Toughpower,600W Gold,,436e64fa-65b2-4d76-bef2-924fdf94e99c.json,BLACK,1,1,0,4,0,2,8,,,80+ Gold,False,ATX,,,,,,,140,,,,PS-TPD-0700NNFAGE-1,Semi-Modular,600
43861493-d688-4e10-83a3-0acea1993bf2,XFX Black 750W Fully Modular 80+ Silver Certified,XFX,Black,750W Silver,,43861493-d688-4e10-83a3-0acea1993bf2.json,,1,2,0,3,0,4,4,,,80+ Silver,False,ATX,B0033YD9RG,,,,,,,,,,P1-750B-CAG9,Full,750
43ab4462-8936-401c-8aa5-83c64e88d1f6,Silverstone Strider ATX 700W Non-Modular 80+ Gold,Silverstone,Strider,700W Gold,,43ab4462-8936-401c-8aa5-83c64e88d1f6.json,,1,1,0,3,0,1,9,,,80+ Gold,False,ATX,,,,,,,140,,,,ST70F-ESG | SST-ST70F-ESG,Non-Modular,700
43be96dd-7722-407a-9479-df4eba94dbe2,Silverstone Strider 750W Fully Modular 80+ Silver Certified,Silverstone,Strider,750W Silver,,43be96dd-7722-407a-9479-df4eba94dbe2.json,,1,2,0,6,0,4,6,,,80+ Silver,False,ATX,,,,,,,,,,,ST75F-P | SST-ST75F-P,Full,750
43c2758f-7a67-4049-90c8-e2621e0e4d58,EVGA SuperNOVA 650 G6 650W 80+ Gold Fully Modular,EVGA,SuperNOVA,650W Gold,,43c2758f-7a67-4049-90c8-e2621e0e4d58.json,BLACK,1,1,0,4,0,3,6,,,80+ Gold,False,ATX,B08WJJQRGB,,,,9SIA1K6HW03337,447653001,140,,,,220-G6-0650-X1,Full,650
43c71660-76d8-4860-bc11-328338fde3fd,Super Flower Legion GX Pro Black 650W Semi-Modular 80+ Gold Certified,Super Flower,Legion,650W Gold,,43c71660-76d8-4860-bc11-328338fde3fd.json,BLACK,1,2,0,4,0,4,6,,,80+ Gold,False,ATX,,,,,,,160,,,,SF- 650P14XE,Semi-Modular,650
441d9b8f-0f7f-42fb-8c30-7dbae45b1e83,Raidmax Vortex Black ATX 600W Non-Modular 80+ Gold Certified,Raidmax,Vortex,600W Gold,,441d9b8f-0f7f-42fb-8c30-7dbae45b1e83.json,BLACK,1,1,0,2,0,2,5,,,80+ Gold,False,ATX,B0849MMKW1,,,,,,140,,,,RX-600AE-V,Non-Modular,600
4425aad2-d9da-421e-ad9e-34d435d927ed,Rosewill Quark 650 650W 80+ Platinum Certified Fully Modular ATX,Rosewill,Quark,650W Platinum,,4425aad2-d9da-421e-ad9e-34d435d927ed.json,,1,1,0,4,0,4,6,,,80+ Platinum,False,ATX,,,,,,,160,,,,Quark 650,Full,650
442fbd7b-fe30-4557-9fb1-90696b52938b,ASRock Steel White 850W Fully Modular 80+ Gold,ASRock,Steel,850W Gold,,442fbd7b-fe30-4557-9fb1-90696b52938b.json,WHITE,1,0,0,0,0,0,9,,,80+ Gold,False,ATX,B0DGB1HF7C,,,,N82E16817955013,15096472852,150,,,,SL-850GW | 90-UXS085-GFGABA,Full,850
4438a827-1af5-4442-9ac9-482df48ed53f,LEPA MaxBron 700W 80+ Bronze Semi-Modular,LEPA,MaxBron,700W Bronze,,4438a827-1af5-4442-9ac9-482df48ed53f.json,,1,1,0,4,0,4,9,,,80+ Bronze,False,ATX,,,,,,,165,,,,B700-MB,Semi-Modular,700
4461f8aa-c41e-400f-8984-4c7b5c139c5d,SeaSonic CORE GM 650W Semi-Modular 80+ Gold Certified,SeaSonic,CORE,650W Gold,,4461f8aa-c41e-400f-8984-4c7b5c139c5d.json,BLACK,1,1,0,3,0,4,6,,,80+ Gold,False,ATX,,,,,,,140,,,,CORE-GM-650,Semi-Modular,650
4462fa0d-6a11-49d5-bfbe-e3ba27c6cdfe,Antec Earthwatts Green 750W Non-Modular 80+ Bronze Certified,Antec,Earthwatts,750W Bronze,,4462fa0d-6a11-49d5-bfbe-e3ba27c6cdfe.json,,1,1,0,6,0,4,9,,,80+ Bronze,False,ATX,,,,,,,180,,,,EA-750 Green,Non-Modular,750
4485976a-8503-403e-bab3-16ccd1d789f7,SeaSonic FOCUS GX Black 550W Fully Modular 80+ Gold Certified,SeaSonic,FOCUS,550W Gold,,4485976a-8503-403e-bab3-16ccd1d789f7.json,BLACK,1,2,0,3,0,2,10,,,80+ Gold,False,ATX,,,,,,,140,,,,FOCUS-GX-550,Full,550
4499ab69-f675-4600-8ce4-10d1965e20ef,Super Flower Golden Green HX 750W Non-Modular 80+ Gold,Super Flower,Golden,750W Gold,,4499ab69-f675-4600-8ce4-10d1965e20ef.json,,1,2,0,4,0,4,8,,,80+ Gold,False,ATX,,,,,,,145,,,,SF-750P14XE (HX),Non-Modular,750
44e95bb3-1ad8-4695-a441-deb0d8bb930b,be quiet! Dark Power 12 1000W 80+ Titanium Certified Fully Modular ATX,be quiet!,Dark,1000W Titanium,,44e95bb3-1ad8-4695-a441-deb0d8bb930b.json,BLACK,1,2,0,5,0,8,13,,,80+ Titanium,False,ATX,,,,,,,175,,,,BN316 | BN658,Full,1000
4510c2a1-0d95-4415-91f3-06a287f28c93,Cooler Master MWE Black ATX 400W Non-Modular 80+ Certified,Cooler Master,MWE,400W 80+,,4510c2a1-0d95-4415-91f3-06a287f28c93.json,BLACK,1,1,0,3,0,1,6,,,80+,False,ATX,,,,,,,140,,,,MPW-4002-ACABW-EU | MPW-5002-ACABW-AU | MPW-5002-ACABW-UK,Non-Modular,400
45213438-9ebc-4b14-beea-e999008ebc5c,G.Skill PS750G ATX 750W Fully Modular 80+ Gold Certified,G.Skill,PS750G,750W Gold,,45213438-9ebc-4b14-beea-e999008ebc5c.json,BLACK,1,1,0,8,0,4,10,,,80+ Gold,False,ATX,,,,,,,180,,,,GP-GD750A-CWV1,Full,750
452f9214-31d2-4a71-9925-c87df953cd85,HEC HEC200SA-2FX Mini ITX 200W Non-Modular,HEC,HEC200SA-2FX,200W ,,452f9214-31d2-4a71-9925-c87df953cd85.json,GREY,1,0,0,0,0,0,1,,,,False,Mini-ITX,,,,,,,150,,,,HEC200SA-2FX,Non-Modular,200
453d0d40-6eb5-447b-b4bc-52ce7b1c04e3,FSP Group Hydro G Pro Black 1000W Fully Modular 80+ Gold Certified,FSP Group,Hydro,1000W Gold,,453d0d40-6eb5-447b-b4bc-52ce7b1c04e3.json,BLACK,1,2,0,5,0,8,14,,,80+ Gold,False,ATX,B07VKQRZBY,,,,9SIABP99MG3035,854679560,150,,,,HG2-1000 | PS-FS-HG2P1000,Full,1000
454cbe27-7fc7-4828-9ff6-fb3694542e59,Thermaltake TR2 700W Non-Modular,Thermaltake,TR2,700W ,,454cbe27-7fc7-4828-9ff6-fb3694542e59.json,,1,1,0,4,0,4,8,,,,False,ATX,,,,,,,160,,,,TR-700,Non-Modular,700
45816399-9784-4958-95c3-4c2b29b24c56,Silverstone SX300-B SFX 300W Non-Modular 80+ Bronze Certified,Silverstone,SX300-B,300W Bronze,,45816399-9784-4958-95c3-4c2b29b24c56.json,BLACK,1,1,0,2,0,1,3,,,80+ Bronze,False,SFX,,,,,,,100,,,,SST-SX300-B,Non-Modular,300
45846f7d-a07b-4101-a585-f2b1c7b92d18,be quiet! System Power 9 Black ATX 700W Non-Modular 80+ Bronze Certified,be quiet!,System,700W Bronze,,45846f7d-a07b-4101-a585-f2b1c7b92d18.json,BLACK,1,1,0,2,0,4,6,,,80+ Bronze,False,ATX,,,,,,,140,,,,BN248,Non-Modular,700
4589c35a-82c2-4b84-933a-bda8bb84417c,Deepcool PM600D Black ATX 600W Non-Modular 80+ Gold Certified,DeepCool,PM600D,600W Gold,,4589c35a-82c2-4b84-933a-bda8bb84417c.json,BLACK,1,1,0,3,0,2,6,,,80+ Gold,False,ATX,,,,,,,140,,,,R-PM600D-FA0B-US | R-PM600D-FA0B-BR | R-PM600D-FA0B-CN | R-PM600D-FA0B-JP | R-PM600D-FA0B-AU | R-PM600D-FA0B-EU | R-PM600D-FA0B-BU | R-PM600D-FA0B-WO | R-PM600D-FA0B-AR | R-PM600D-FA0B-UK,Non-Modular,600
45a1cea4-65c7-4c19-b771-803c37d9ceee,SeaSonic FOCUS Plus 750W 80+ Gold Fully Modular,SeaSonic,FOCUS,750W Gold,,45a1cea4-65c7-4c19-b771-803c37d9ceee.json,,1,0,0,0,0,0,8,,,80+ Gold,False,ATX,B073GWKDVM,,,,,,140,,,,SSR-750FX,Full,750
45aa8003-6787-4641-9465-1cea15358c97,CORSAIR CV Series CV550 CP-9020210-NA 550 W ATX12V 80 PLUS BRONZE Certified Non-Modular Power Supply,Corsair,CV Series,,2019,45aa8003-6787-4641-9465-1cea15358c97.json,,1,1,1,4,0,2,6,,,80+ Bronze,False,ATX,B0838YKLCS,,,,9SIB8AKKAN3205,688945867,125,,,,CP-9020210-NA,Non-Modular,550
45b0b446-ae1a-4fce-a1e0-195cf6ff648e,Cooler Master Elite 400 V3 400W Non-Modular 80+ Certified,Cooler Master,Elite,400W 80+,,45b0b446-ae1a-4fce-a1e0-195cf6ff648e.json,BLACK,1,1,0,3,0,1,6,,,80+,False,ATX,B07B6Q4B3M,,,,9SIAD6H8SJ0504,759014771,140,,,,MPW-4001-ACAAN1-US | MPW-4001-ACAAN1,Non-Modular,400
45bed034-a17f-4ccf-9e2b-d79218b83d94,BFG BFGR650WGSPSU ATX 650W Non-Modular,BFG,BFGR650WGSPSU,650W ,,45bed034-a17f-4ccf-9e2b-d79218b83d94.json,,1,1,0,4,0,1,4,,,,False,ATX,,,,,,,140,,,,BFGR650WGSPSU,Non-Modular,650
45d732a6-a41a-499f-b1f0-5a4a417a9c3f,Sparkle FSP300-60ATV ATX 300W Non-Modular,Sparkle,FSP300-60ATV,300W ,,45d732a6-a41a-499f-b1f0-5a4a417a9c3f.json,,1,0,0,6,0,0,0,,,,False,ATX,B0045788AI,,,,,991051796,,,,,FSP300-60ATV,Non-Modular,300
45dda080-165a-4f35-bd78-947b0ddee413,GAMDIAS HELIOS P2-1000G Black 1000W Non-Modular 80+ Gold,GAMDIAS,HELIOS,1000W Gold,,45dda080-165a-4f35-bd78-947b0ddee413.json,BLACK,1,2,0,4,1,4,12,,,80+ Gold,False,ATX,B0C2Z263FT,,,,,,150,,,,HELIOS P2-1000G | HELIOS P1-1000G,Non-Modular,1000
45e2cfe2-1b23-4c5e-be32-fc0a0ecad096,Silverstone Strider ATX 600W Non-Modular 80+ Bronze Certified,Silverstone,Strider,600W Bronze,,45e2cfe2-1b23-4c5e-be32-fc0a0ecad096.json,,1,1,0,6,0,0,6,,,80+ Bronze,False,ATX,,,,,,,140,,,,ST60EF,Non-Modular,600
45e6e027-fbf8-4a88-b2f2-0c50cdb19422,SeaSonic SSP-350SE Certified ATX 350W Non-Modular 80+ Bronze Certified,SeaSonic,SSP-350SE,350W Bronze,,45e6e027-fbf8-4a88-b2f2-0c50cdb19422.json,,1,1,0,0,0,0,0,,,80+ Bronze,False,ATX,,,,,,,140,,,,SSP-350SE,Non-Modular,350
46454a4a-bd50-46ea-9f8c-192e69ae8951,Apevia Galaxy 1000W 80+ Gold Certified Semi-Modular,Apevia,Galaxy,1000W Gold,,46454a4a-bd50-46ea-9f8c-192e69ae8951.json,BLACK,1,0,0,0,0,0,4,,,80+ Gold,False,ATX,B0941WP4XB,,,,9SIA0ZXK2D5476,3819246674,160,,,,ATX-GX1000W,Semi-Modular,1000
46481c77-47c6-43ab-a95d-90131a1e238f,Asus Prime Black ATX Certified 750W Non-Modular 80+ Bronze,Asus,Prime,750W Bronze,,46481c77-47c6-43ab-a95d-90131a1e238f.json,BLACK,1,0,0,0,0,0,6,,,80+ Bronze,False,ATX,,,,,,,150,,,,PRIME-750B-BLACK | 90YE00Y0-B0NA00,Non-Modular,750
46575364-ec64-497c-89f7-8bacbd76a2ad,Silverstone Strider 700W Fully Modular 80+ Bronze,Silverstone,Strider,700W Bronze,,46575364-ec64-497c-89f7-8bacbd76a2ad.json,,1,1,0,3,0,4,8,,,80+ Bronze,False,ATX,B00S5V5C4A,,,,N82E16817256115,717140130,139,,,,ST70F-PB | PS-ST70F-PB,Full,700
4665522c-836d-457b-aadd-9e9b535950e2,FSP Group HV PRO Black ATX 650W Non-Modular 80+ Certified,FSP Group,HV,650W 80+,,4665522c-836d-457b-aadd-9e9b535950e2.json,BLACK,1,2,0,2,0,2,4,,,80+,False,ATX,,,,,,,140,,,,FSP650-51AAC,Non-Modular,650
466ffa98-c149-4b58-99d1-b3244184ad07,Corsair CS750M ATX 750W Semi-Modular 80+ Gold Certified,Corsair,CS750M,750W Gold,,466ffa98-c149-4b58-99d1-b3244184ad07.json,,1,1,0,7,0,4,8,,,80+ Gold,False,ATX,,,,,,,139,,,,CS750M | CP-9020078-UK | CP-9020078-AU | CP-9020078-NA | CP-9020078-EU,Semi-Modular,750
4698c33a-a750-439a-999f-9c67d142cd1f,KOLINK KL-850M Black 850W Semi-Modular 80+ Bronze Certified ATX,KOLINK,KL-850M,850W Bronze,,4698c33a-a750-439a-999f-9c67d142cd1f.json,BLACK,1,1,0,3,0,4,6,,,80+ Bronze,False,ATX,,,,,,,160,,,,KL-850M,Semi-Modular,850
46b23490-6bec-4005-899e-050e2230f651,ADATA XPG CYBERCORE II Black 1000W Fully Modular 80+ Platinum Certified,ADATA,XPG,1000W Platinum,,46b23490-6bec-4005-899e-050e2230f651.json,BLACK,1,2,0,4,1,6,8,,,80+ Platinum,False,ATX,B0CB97LPYX,,,,1HU-022B-00057,2998659536,160,,,,CYBERCOREII1000P-BKCUS | CYBERCOREII1000P-BKCGB | CYBERCOREII1000P-BKCAU | CYBERCOREII1000P-BKCEU,Full,1000
46bc9c40-b535-469e-ae29-c11d79f98168,SHARKOON WPM Gold Zero 550W Semi-Modular 80+ Gold,SHARKOON,WPM,550W Gold,,46bc9c40-b535-469e-ae29-c11d79f98168.json,BLACK,1,0,0,0,0,0,9,,,80+ Gold,False,ATX,B09YTZVTHW,,,,,,160,,,,4044951026548,Semi-Modular,550
46d70080-acf0-40f2-83f7-25af77fe0fc7,be quiet! System Power 9 Black ATX 400W Non-Modular 80+ Bronze Certified,be quiet!,System,400W Bronze,,46d70080-acf0-40f2-83f7-25af77fe0fc7.json,BLACK,1,1,0,2,0,2,5,,,80+ Bronze,False,ATX,,,,,,,140,,,,BN245,Non-Modular,400
46d96514-3ab3-4581-8321-00d286ea68a9,ADATA XPG Core Reactor II Black 650W Fully Modular 80+ Gold ATX,ADATA,XPG,650W Gold,,46d96514-3ab3-4581-8321-00d286ea68a9.json,BLACK,1,0,0,0,0,0,8,,,80+ Gold,False,ATX,B0CBQW8NNR,,,,N82E16817478007,2552453043,140,,,,COREREACTORII650G-BKCUS | COREREACTORII650G-BKCEU | COREREACTORII650G-BKCAU,Full,650
46f4cf27-5abe-4334-ad44-73c5f7c8de04,HEC Raptor500 500W Non-Modular,HEC,Raptor500,500W ,,46f4cf27-5abe-4334-ad44-73c5f7c8de04.json,,1,1,0,5,0,0,4,,,,False,ATX,,,,,,,,,,,Raptor500,Non-Modular,500
46fac784-c7e5-458a-80f3-59616e165f44,Cooler Master GX III GOLD 650W 80+ Gold Certified Fully Modular,Cooler Master,GX,650W Gold,,46fac784-c7e5-458a-80f3-59616e165f44.json,BLACK | PURPLE,1,2,0,4,1,2,8,,,80+ Gold,False,ATX,,,,,,,160,,,,MPX-6503-AFAG | MPX-6503-AFAG-BWO | MPX-6503-AFAG-BEU | MPX-6503-AFAG-BUS | MPX-6503-AFAG-BUK | MPX-6503-AFAG-BAU | MPX-6503-AFAG-BJP,Full,650
4705d3b7-d178-4343-9567-abc915c7e12a,be quiet! Pure Power 12 M Black 550W Fully Modular 80+ Gold Certified,be quiet!,Pure,550W Gold,,4705d3b7-d178-4343-9567-abc915c7e12a.json,BLACK,1,0,0,0,0,0,5,,,80+ Gold,False,ATX,B0BVXTHGGN,,,,,,160,,,,BN502 | BN713 | BN341,Full,550
4723a69b-7fd1-49f7-aaca-1881c7b407df,GameMax VP-600-RGB 600W Non-Modular 80+ Bronze Certified,GameMax,VP-600-RGB,600W Bronze,,4723a69b-7fd1-49f7-aaca-1881c7b407df.json,BLACK,1,1,0,3,0,2,5,,,80+ Bronze,False,ATX,,,,,,,140,,,,VP-600-RGB BK | VP-600-RGB,Non-Modular,600
47439d63-77ee-45b0-bf5f-8e80704d177d,Super Flower Leadex V Pro Black ATX 1000W Fully Modular 80+ Platinum Certified,Super Flower,Leadex,1000W Platinum,,47439d63-77ee-45b0-bf5f-8e80704d177d.json,BLACK,1,2,0,4,0,8,12,,,80+ Platinum,False,ATX,,,,,,,130,,,,SF-1000F14TP-BK | SF-1000F14TP(BK),Full,1000
474917ad-27e2-4115-ad6c-fd344edb3ec5,Enermax REVOLUTION D.F. 2 1050W Fully Modular 80+ Gold Certified,Enermax,REVOLUTION,1050W Gold,,474917ad-27e2-4115-ad6c-fd344edb3ec5.json,BLACK,1,2,0,4,0,6,8,,,80+ Gold,False,ATX,B0BYBQGR9S,,,,N82E16817194146,1114491983,140,,,,ERS1050EWT,Full,1050
47559c02-6497-49e5-9ed2-248a414b9e6a,1STPLAYER NGDP Black 850W Fully Modular 80+ Gold,1STPLAYER,NGDP,850W Gold,,47559c02-6497-49e5-9ed2-248a414b9e6a.json,BLACK,1,0,0,0,0,0,8,,,80+ Gold,False,ATX,,,,,,,140,,,,NGDP-GLD-850-BK-US,Full,850
4760cac1-3c64-4741-a7f2-430a7522c733,be quiet! Pure Power 11 Black ATX 300W Non-Modular 80+ Bronze Certified,be quiet!,Pure,300W Bronze,,4760cac1-3c64-4741-a7f2-430a7522c733.json,BLACK,1,0,0,0,0,0,4,,,80+ Bronze,False,ATX,,,,,,,150,,,,BN290,Non-Modular,300
4761a54e-8a68-4d6b-8918-682e483fe1e0,XFX TS Certified ATX 430W Non-Modular 80+ Bronze,XFX,TS,430W Bronze,,4761a54e-8a68-4d6b-8918-682e483fe1e0.json,,1,1,0,2,0,1,3,,,80+ Bronze,False,ATX,,,,,,,140,,,,P1-430S-XXB9,Non-Modular,430
47833386-967a-41f2-87d7-794b63b1b848,SHARKOON Rebel P20 Black 1200W Fully Modular ATX,SHARKOON,Rebel,1200W ,,47833386-967a-41f2-87d7-794b63b1b848.json,BLACK,1,2,0,1,1,4,11,,,,False,ATX,,,,,,,140,,,,Rebel P20 1200,Full,1200
478e5e5c-3238-4ea6-9407-055ead9e5277,Xion EN-600F12 ATX 600W Non-Modular,Xion,EN-600F12,600W ,,478e5e5c-3238-4ea6-9407-055ead9e5277.json,,1,1,0,3,0,2,6,,,,False,ATX,,,,,,,140,,,,EN-600F12,Non-Modular,600
479a943f-49f7-4301-a7b2-af6ee2ef90d2,Cooler Master V SFX 1100W Fully Modular 80+ Platinum Certified,Cooler Master,V,1100W Platinum,,479a943f-49f7-4301-a7b2-af6ee2ef90d2.json,BLACK,1,0,0,0,0,0,8,,,80+ Platinum,False,SFX,B0BTQN4Q13,6587959,,,N82E16817171231,1921795979,100,,,,MPZ-B001-SFAP-BUS | MPZ-B001-SFAP-BUK | MPZ-B001-SFAP-BEU | MPZ-B001-SFAP-BAU,Full,1100
47a48b04-10a3-4e9a-894d-7d99d3f049d2,Thermaltake Toughpower GT 1200W Black,Thermaltake,Toughpower GT,,2025,47a48b04-10a3-4e9a-894d-7d99d3f049d2.json,BLACK,,,,,2,5,,,,80+ Gold,True,ATX,B0FK36N2T3,6665530,,https://www.thermaltake.com/toughpower-gt-1000w.html#additional,N82E16817153476,17618557220,140,None,,Black,PS-TPT-1200FNFAGU-3,Full,1200
47b52ade-e791-467a-b717-bd8c3d084aad,Corsair RM1000x (2024) Black ATX 1000W Fully Modular,Corsair,RM1000x,1000W ,,47b52ade-e791-467a-b717-bd8c3d084aad.json,BLACK,1,0,0,0,0,0,12,,,,False,ATX,B0DJ1M9C62,6587607,29945,,N82E16817139334,12862706932,160,,,,CP-9020271-NA | CP-9020271-EU | CP-9020271-AU | CP-9020271-UK,Full,1000
47c94b5c-f2b5-46bb-abf5-dfc31c65c34f,Seasonic PRIME Black 850W Fully Modular 80+ Gold Certified,SeaSonic,PRIME,850W Gold,,47c94b5c-f2b5-46bb-abf5-dfc31c65c34f.json,BLACK,1,0,0,0,0,0,14,,,80+ Gold,False,ATX,,,,,,,170,,,,PRIME-GX-850,Full,850
47ee72f1-8bd8-4040-a6c9-19f6e3ade6ab,be quiet! Pure Power L8 500W Non-Modular 80+ Bronze Certified,be quiet!,Pure,500W Bronze,,47ee72f1-8bd8-4040-a6c9-19f6e3ade6ab.json,,1,1,0,4,0,4,5,,,80+ Bronze,False,ATX,,,,,,,150,,,,BN623,Non-Modular,500
4808d771-133c-4d43-bcb4-c2ab0c310ea2,Thermalright TG White 750W Fully Modular 80+ Gold,Thermalright,TG,750W Gold,,4808d771-133c-4d43-bcb4-c2ab0c310ea2.json,WHITE,1,1,0,3,1,4,8,,,80+ Gold,False,ATX,,,,,,,140,,,,TG-750-W | TR-TG-750-W,Full,750
480af8fb-2d60-4a09-9a21-bcaf5f8a2cb5,Sparkle FSP350-60GNV SFX 350W Non-Modular,Sparkle,FSP350-60GNV,350W ,,480af8fb-2d60-4a09-9a21-bcaf5f8a2cb5.json,,1,0,0,0,0,0,2,,,,False,SFX,B0015TS7A0,,,,9SIA9PV8TV0127,33555781,,,,,FSP350-60GNV,Non-Modular,350
4816ef62-1c81-41d8-b7be-2866c3b8c3f4,SeaSonic PRIME Ultra Gold 550W Fully Modular 80+ Gold Certified,SeaSonic,PRIME,550W Gold,,4816ef62-1c81-41d8-b7be-2866c3b8c3f4.json,BLACK,1,1,0,3,0,2,6,,,80+ Gold,False,ATX,,,,,,,140,,,,SSR-550GD2,Full,550
4826f8be-1a1d-4985-8692-a645202bebbe,Cooler Master V1000 Platinum 1000W Fully Modular 80+ Platinum Certified,Cooler Master,V1000,1000W Platinum,,4826f8be-1a1d-4985-8692-a645202bebbe.json,BLACK,1,2,0,8,0,8,12,,,80+ Platinum,False,ATX,,,,,,,201,,,,MPZ-A001-AFBAPV-US | MPZ-A001-AFBAPV-AU,Full,1000
482e48f2-37f1-4ac4-ae8d-2b872094abd6,Corsair AX1200i ATX 1200W Fully Modular 80+ Platinum Certified,Corsair,AX1200i,1200W Platinum,,482e48f2-37f1-4ac4-ae8d-2b872094abd6.json,,1,2,0,12,0,8,16,,,80+ Platinum,False,ATX,B008Q7HUR0,,,,9SIB8AKKAN6959,,200,,,,AX1200i | CP-9020008-NA | CP-9020008-UK | CMPSU-AX1200i | CP-9020008-AU | CP-9020008-EU,Full,1200
48476a90-f632-49f0-86ee-747b590b00e8,Cooler Master XG750 Plus 750W Fully Modular 80+ Platinum Certified ATX,Cooler Master,XG750,750W Platinum,,48476a90-f632-49f0-86ee-747b590b00e8.json,BLACK,1,0,0,0,0,0,12,,,80+ Platinum,False,ATX,B09WP6CC23,,,,,3410903936,160,,,,MPG-7501-AFBAP-XUS | MPG-7501-AFBAP-XUK | MPG-7501-AFBAP-XAU | MPG-7501-AFBAP-XJP | MPG-7501-AFBAP-XIN | MPG-7501-AFBAP-XKR | MPG-7501-AFBAP-XST | MPG-7501-AFBAP-XWO | MPG-7501-AFBAP-XEU | MPG-7501-AFBAP-XTW | MPG-7501-AFBAP-XBR,Full,750
4854d1ab-34a1-4a1c-a2b0-0665d8897bed,Enermax MaxTytan ATX 1250W Fully Modular 80+ Titanium Certified,Enermax,MaxTytan,1250W Titanium,,4854d1ab-34a1-4a1c-a2b0-0665d8897bed.json,BLACK | GREY,1,2,0,8,0,8,16,,,80+ Titanium,False,ATX,,,,,,,200,,,,EDT1250EWT,Full,1250
4864f790-653b-4538-bce6-a1c5d67735f3,PC Power & Cooling Silencer MK III 850W Semi-Modular 80+ Gold,PC Power & Cooling,Silencer,850W Gold,,4864f790-653b-4538-bce6-a1c5d67735f3.json,,1,2,0,4,0,6,12,,,80+ Gold,False,ATX,,,,,,,180,,,,PPCMK3S850,Semi-Modular,850
487ac149-7a3b-4c73-856b-64f68d89b2ca,Antec EDGE ATX 650W Fully Modular 80+ Gold Certified,Antec,EDGE,650W Gold,,487ac149-7a3b-4c73-856b-64f68d89b2ca.json,,1,1,0,6,0,4,9,,,80+ Gold,False,ATX,,,,,,,170,,,,EDGE 650 | EDG650,Full,650
48852875-650b-4b00-846f-02f5cffa8dd9,SeaSonic VERTEX GX White 1000W Fully Modular 80+ Gold,SeaSonic,VERTEX,1000W Gold,,48852875-650b-4b00-846f-02f5cffa8dd9.json,WHITE,1,2,0,3,1,3,18,,,80+ Gold,False,ATX,,,,,,,160,,,,VERTEX GX-1000 White,Full,1000
48870bce-be1c-476c-a5b2-fa66208bfbbc,Corsair RM750x (2021) Black 750W 80+ Gold Certified Fully Modular ATX,Corsair,RM750x,750W Gold,,48870bce-be1c-476c-a5b2-fa66208bfbbc.json,BLACK,1,0,0,0,0,0,10,,,80+ Gold,False,ATX,B08R5W27JS,6492459,,,N82E16817139271,237078187,160,,,,CP-9020199-NA | CP-9020199-UK | CP-9020199-EU | CP-9020199-AU,Full,750
488c02cc-be42-4bc4-9e60-74b01ebaf0b5,Enermax Platimax D.F. Black 1050W Fully Modular 80+ Platinum Certified,Enermax,Platimax,1050W Platinum,,488c02cc-be42-4bc4-9e60-74b01ebaf0b5.json,BLACK,1,2,0,4,0,2,4,,,80+ Platinum,False,ATX,,,,,,,160,,,,EPF1050EWT,Full,1050
48a93b30-a62a-47e5-bd90-f31c709c9af2,Cooler Master i700 ATX 700W Non-Modular 80+ Bronze Certified,Cooler Master,i700,700W Bronze,,48a93b30-a62a-47e5-bd90-f31c709c9af2.json,,1,1,0,3,0,4,9,,,80+ Bronze,False,ATX,,,,,,,139,,,,RS700-ACAAB1-US,Non-Modular,700
48ab0c24-6173-4bd3-adf7-d64bbc8b7204,Vida Lite Black ATX 500W Non-Modular,Vida,Lite,500W ,,48ab0c24-6173-4bd3-adf7-d64bbc8b7204.json,BLACK,1,1,0,3,0,0,6,,,,False,ATX,,,,,,,140,,,,AA-500-YY,Non-Modular,500
48bd6c18-b083-4143-a335-f08dae7874c1,Enermax MAXREVO Black ATX 1800W Fully Modular 80+ Gold,Enermax,MAXREVO,1800W Gold,,48bd6c18-b083-4143-a335-f08dae7874c1.json,BLACK,1,2,0,10,0,6,14,,,80+ Gold,False,ATX,,,,,,,180,,,,EMR1800EXT,Full,1800
48c0a479-189c-4d2f-a7f3-0c74f8a730ec,FSP Group Hydro X 550W Non-Modular 80+ Gold,FSP Group,Hydro,550W Gold,,48c0a479-189c-4d2f-a7f3-0c74f8a730ec.json,,1,1,0,2,0,4,6,,,80+ Gold,False,ATX,,,,,,,150,,,,HGX550,Non-Modular,550
48e491cd-f984-46f9-a1e2-9fe05245cdd2,Corsair RM750e (2025) Black 750W Fully Modular,Corsair,RM,750e,,48e491cd-f984-46f9-a1e2-9fe05245cdd2.json,BLACK,1,2,0,2,1,3,4,Cybenetics Platinum,Cybenetics Standard+,80+ Gold,False,ATX,B0DPR6X7JX,6611985,30738,https://www.corsair.com/us/en/p/psu/cp-9020295-na/rme-series-rm750e-fully-modular-low-noise-atx-power-supply-cp-9020295-na?srsltid=AfmBOor4LXl0YungIzbFUYHjp1FvIQtRoo-1XOqw-JSVhVDDArjuFsjJ,N82E16817139339,15095002530,140,,2026-01-30T19:40:14.364Z,,CP-9020295-NA | CP-9020295-EU | CP-9020295-UK | CP-9020295-AU,Full,750
48ff55b3-92b9-4e9c-9c7f-814dbde2791c,EVGA SuperNOVA 750 GA ATX 750W 80+ Gold Certified Fully Modular,EVGA,SuperNOVA,750W Gold,,48ff55b3-92b9-4e9c-9c7f-814dbde2791c.json,,1,2,0,4,0,4,9,,,80+ Gold,False,ATX,,,,,,,165,,,,220-GL-0750-X1 | 220-GL-0750-X2 | 220-GL-0750-X3,Full,750
490e52c0-2e74-4083-a695-6d7193ffae0c,FSP Group Hydro GE 650W 80+ Gold Fully Modular,FSP Group,Hydro,650W Gold,,490e52c0-2e74-4083-a695-6d7193ffae0c.json,,1,1,0,3,0,4,12,,,80+ Gold,False,ATX,B077VJDWZ1,,,,,361207262,170,,,,HGE650,Full,650
492026e0-1dd9-4430-a3f5-4aabfc297c4c,Gigabyte UD1000GM PG5 (rev. 2.0) 1000W Fully Modular 80+ Gold Certified,Gigabyte,UD1000GM,1000W Gold,,492026e0-1dd9-4430-a3f5-4aabfc297c4c.json,BLACK,1,0,0,0,0,0,8,,,80+ Gold,False,ATX,B0BTJYYTGM,,,,N82E16817233039,3083016923,140,,,,GP-UD1000GM PG5 2.0 | GP-UD1000GM PG5 REV 2.0 | GP-UD1000GM PG5 V2 | GP-UD1000GM PG5 | GP-UD1000GM PG5 REV2.0,Full,1000
4920b8c4-8055-4f85-8d57-0db878da5e4f,EVGA SuperNOVA 1000 PS 1000W Fully Modular 80+ Platinum,EVGA,SuperNOVA,1000W Platinum,,4920b8c4-8055-4f85-8d57-0db878da5e4f.json,,1,2,0,5,0,10,16,,,80+ Platinum,False,ATX,,,,,,,170,,,,220-PS-1000-V1 | 220-PS-1000-V2 | 220-PS-1000-V3,Full,1000
49250cc3-6819-4a59-b978-e6135340afb5,In Win P85 Black 850W Fully Modular 80+ Gold Certified ATX,In Win,P85,850W Gold,,49250cc3-6819-4a59-b978-e6135340afb5.json,BLACK,1,2,0,4,0,6,12,,,80+ Gold,False,ATX,B089QWV81T,,,,,971751467,160,,,,IW-PS-P850W | P85 | 3RAMAP035900,Full,850
49314570-0c0b-4d30-9209-acf1e8a281b8,XFX Black 850W Fully Modular 80+ Silver Certified,XFX,Black,850W Silver,,49314570-0c0b-4d30-9209-acf1e8a281b8.json,,1,2,0,3,0,4,4,,,80+ Silver,False,ATX,,,,,,,,,,,P1850BCAG9,Full,850
493a3b69-3ef8-408b-9d13-04ecb0dad5ef,Silverstone FX350-G Black Flex ATX 350W Non-Modular 80+ Gold,Silverstone,FX350-G,350W Gold,,493a3b69-3ef8-408b-9d13-04ecb0dad5ef.json,BLACK,1,1,0,2,0,0,3,,,80+ Gold,False,Flex ATX,B07CK72QK8,,,,N82E16817256209,733995651,150,,,,SST-FX350-G,Non-Modular,350
4948bc27-c838-4c8f-8dbb-6f68e53f06f6,be quiet! Pure Power 11 Black 700W Non-Modular 80+ Gold Certified,be quiet!,Pure,700W Gold,,4948bc27-c838-4c8f-8dbb-6f68e53f06f6.json,BLACK,1,1,0,3,0,4,6,,,80+ Gold,False,ATX,,,,,,,150,,,,BN295 | BN631,Non-Modular,700
4958b25b-fa53-4635-9379-c5ed5be37a85,FSP Group Hydro G 850W 80+ Gold Certified Fully Modular,FSP Group,Hydro,850W Gold,,4958b25b-fa53-4635-9379-c5ed5be37a85.json,,1,2,0,6,0,6,12,,,80+ Gold,False,ATX,,,,,,,170,,,,HG850,Full,850
496d766d-a255-4be4-8ed6-a95857fa2298,FSP Group Berzerker ATX 500W Non-Modular 80+ Bronze Certified,FSP Group,Berzerker,500W Bronze,,496d766d-a255-4be4-8ed6-a95857fa2298.json,,1,1,0,2,0,1,4,,,80+ Bronze,False,ATX,,,,,,,140,,,,FSP500-60GMN | Berserker 500,Non-Modular,500
498f6c4b-a3b1-4164-a0f7-095a7a82a50b,Raidmax RX-1200AE ATX 1200W Semi-Modular 80+ Bronze Certified,Raidmax,RX-1200AE,1200W Bronze,,498f6c4b-a3b1-4164-a0f7-095a7a82a50b.json,,1,2,0,8,0,6,8,,,80+ Bronze,False,ATX,,,,,,,165,,,,RX-1200AE,Semi-Modular,1200
49a70609-3064-472f-b6df-9e63c79e9950,Thermaltake Smart BM3 Black ATX 750W Semi-Modular 80+ Bronze Certified,Thermaltake,Smart,750W Bronze,,49a70609-3064-472f-b6df-9e63c79e9950.json,BLACK,1,0,0,0,0,0,6,,,80+ Bronze,False,ATX,B0CFXGFQNZ,6569210,,,N82E16817153455,5028965342,140,,,,PS-SPD-0750MNFABU-3 | PS-SPD-0750MNFABE-3 | SPD-750AH2CLB,Semi-Modular,750
49c6cdd1-08a1-4d98-b4fe-4001c24b9cef,Chieftec Polaris Black 1050W Fully Modular 80+ Gold Certified,Chieftec,Polaris,1050W Gold,,49c6cdd1-08a1-4d98-b4fe-4001c24b9cef.json,BLACK,1,2,0,4,0,6,12,,,80+ Gold,False,ATX,B08VGZZCKR,,,,,,160,,,,PPS-1050FC,Full,1050
49cd5156-37f7-4e22-88a9-eb31a362b8a7,Thermaltake Toughpower DPS G RGB 850W Fully Modular 80+ Gold,Thermaltake,Toughpower,850W Gold,,49cd5156-37f7-4e22-88a9-eb31a362b8a7.json,,1,1,0,8,0,6,12,,,80+ Gold,False,ATX,,,,,,,180,,,,PS-TPG-0850DPCGUS-R | TPG-850DH3FCG-R | TPG-0850D-R,Full,850
49db5faf-8d78-431f-a80b-9880b52a0b95,Lian Li EDGE Black ATX 1300W Fully Modular 80+ Platinum Certified,Lian Li,EDGE,1300W Platinum,2024,49db5faf-8d78-431f-a80b-9880b52a0b95.json,BLACK,1,0,0,0,0,0,12,Cybenetics Titanium,Cybenetics Standard+,80+ Platinum,False,ATX,B0D8SN6MP1,,,,1HU-01PP-00010,6939116038,182,None,,Black,EG1300 | EG1300 Black | EG1300BE.US,Full,1300
49e5baf9-96a7-4c68-a836-8b3f0989aae6,Gigabyte UD1600PM PG5 AI TOP Black 1600W Fully Modular 80+ Platinum,Gigabyte,UD1600PM,1600W Platinum,,49e5baf9-96a7-4c68-a836-8b3f0989aae6.json,BLACK,1,0,0,0,0,0,16,,,80+ Platinum,False,ATX,,,,,,,190,,,,GP-UD1600PM PG5,Full,1600
49ea76a6-2896-4f77-b217-bb4ca9bdd873,Cooler Master MWE GOLD V2 Black 850W Non-Modular 80+ Gold,Cooler Master,MWE,850W Gold,,49ea76a6-2896-4f77-b217-bb4ca9bdd873.json,BLACK,1,2,0,4,0,4,12,,,80+ Gold,False,ATX,,,,,,,140,,,,MPE-8501-ACAAG,Non-Modular,850
49f9c4a5-f866-4a0b-b962-5bb2c581f866,Raidmax Thunder RGB 535W Semi-Modular 80+ Bronze Certified,Raidmax,Thunder,535W Bronze,,49f9c4a5-f866-4a0b-b962-5bb2c581f866.json,BLACK,1,1,0,3,0,2,6,,,80+ Bronze,False,ATX,,,,,,,160,,,,RX-535AP-R,Semi-Modular,535
4a27f51a-e016-4f84-8e3f-b5dee2eb27f3,Diablotek PHD550 ATX 550W Non-Modular,Diablotek,PHD550,550W ,,4a27f51a-e016-4f84-8e3f-b5dee2eb27f3.json,,1,0,0,0,0,0,4,,,,False,ATX,,,,,,,,,,,PHD550,Non-Modular,550
4a5fdfcd-b22a-42ef-9221-ba5393e689e0,SeaSonic Platinum ATX 760W 80+ Platinum Fully Modular,SeaSonic,Platinum,760W Platinum,,4a5fdfcd-b22a-42ef-9221-ba5393e689e0.json,,1,2,0,5,0,4,10,,,80+ Platinum,False,ATX,,,,,,,160,,,,SS-760XP,Full,760
4a7f0aca-1b25-45e4-b3f7-b48a1c589d6e,SeaSonic FOCUS GX Black 1000W Fully Modular 80+ Gold,SeaSonic,FOCUS,1000W Gold,,4a7f0aca-1b25-45e4-b3f7-b48a1c589d6e.json,BLACK,1,2,0,5,0,6,10,,,80+ Gold,False,ATX,B07WVWJW8N,,,,,,140,,,,FOCUS-GX-1000 | FOCUS GX-1000,Full,1000
4aa73260-8d17-4af4-891c-762d81312fa8,be quiet! Straight Power 10 CM 600W Semi-Modular 80+ Gold Certified ATX,be quiet!,Straight,600W Gold,,4aa73260-8d17-4af4-891c-762d81312fa8.json,,1,1,0,3,0,4,9,,,80+ Gold,False,ATX,,,,,,,160,,,,BN235 | BN635,Semi-Modular,600
4aa82e97-8e08-470f-807e-787b5961e4a4,FSP Group Hydro K Pro ATX3.0 Black 850W Non-Modular 80+ Bronze Certified,FSP Group,Hydro,850W Bronze,,4aa82e97-8e08-470f-807e-787b5961e4a4.json,BLACK,1,2,0,2,1,2,8,,,80+ Bronze,False,ATX,,,,,,,140,,,,PPA8503209 | HD2-850,Non-Modular,850
4ac0e15a-82b7-446c-94d2-85c7d67c826f,Asus TUF Gaming 850G Black 850W Fully Modular 80+ Gold Certified ATX,Asus,TUF,850W Gold,,4ac0e15a-82b7-446c-94d2-85c7d67c826f.json,BLACK,1,0,0,0,0,0,5,,,80+ Gold,False,ATX,B0BZX42XX2,,,,N82E16817320030,3958622886,150,,,,90YE00S2-B0NA00 | TUF-GAMING-850G,Full,850
4ace8f44-ba26-425d-b8d8-7097304b27b3,Thermalright TG 1200W Fully Modular 80+ Gold Certified,Thermalright,TG,1200W Gold,,4ace8f44-ba26-425d-b8d8-7097304b27b3.json,WHITE,1,1,0,5,1,4,10,,,80+ Gold,False,ATX,,,,,,,140,,,,TG-1200-W | TR-TG-1200-W,Full,1200
4ae02cc1-a76c-4eda-a30d-17d41b1cdf65,Super Flower Leadex Gold 1000W Fully Modular 80+ Gold,Super Flower,Leadex,1000W Gold,,4ae02cc1-a76c-4eda-a30d-17d41b1cdf65.json,,1,2,0,5,0,8,10,,,80+ Gold,False,ATX,,,,,,,200,,,,SF-1000F14MG,Full,1000
4ae2ca64-ddbc-452a-94dc-f3798245b7be,In Win P130II Black ATX 1300W Fully Modular 80+ Platinum Certified,In Win,P130II,1300W Platinum,,4ae2ca64-ddbc-452a-94dc-f3798245b7be.json,BLACK,1,2,0,3,2,6,9,,,80+ Platinum,False,ATX,B0CJN2WHCM,,,,,,150,,,,IW-PS-PII1300W | P130II,Full,1300
4af3f42d-57c1-4403-a533-9c28c18c28fc,Cougar GEX Black ATX 750W Fully Modular 80+ Gold,Cougar,GEX,750W Gold,,4af3f42d-57c1-4403-a533-9c28c18c28fc.json,BLACK,1,2,0,6,0,4,8,,,80+ Gold,False,ATX,,,,,,,160,,,,GEX750 | 31GE075002P01,Full,750
4af982fd-7559-4cb0-b66d-fcb5de002587,Super Flower Golden Green HX 350W Non-Modular 80+ Gold,Super Flower,Golden,350W Gold,,4af982fd-7559-4cb0-b66d-fcb5de002587.json,,1,1,0,4,0,2,5,,,80+ Gold,False,ATX,,,,,,,145,,,,SF-350P14XE (HX),Non-Modular,350
4b0a6b75-8787-4ec5-a154-26d39c532209,PC Power & Cooling Silencer 1200W Fully Modular 80+ Platinum,PC Power & Cooling,Silencer,1200W Platinum,,4b0a6b75-8787-4ec5-a154-26d39c532209.json,,1,2,0,6,0,8,12,,,80+ Platinum,False,ATX,B075SMMWRK,,,,,333532770,180,,,,FPS1200-A5M00,Full,1200
4b0a9912-9330-4e7b-8375-e76061c75160,be quiet! Pure Power 10 CM 700W 80+ Silver Certified Semi-Modular,be quiet!,Pure,700W Silver,,4b0a9912-9330-4e7b-8375-e76061c75160.json,,1,1,0,3,0,4,6,,,80+ Silver,False,ATX,,,,,,,160,,,,BN279,Semi-Modular,700
4b13abdb-e952-4926-829f-9a4d9dacd231,Xigmatek Vector ATX 650W Semi-Modular 80+ Gold Certified,Xigmatek,Vector,650W Gold,,4b13abdb-e952-4926-829f-9a4d9dacd231.json,,1,2,0,4,0,4,6,,,80+ Gold,False,ATX,,,,,,,,,,,Vector G650,Semi-Modular,650
4b1d52e5-1d1d-46a9-9264-caea61039fb1,Cooler Master V550S 550W 80+ Gold Certified Semi-Modular,Cooler Master,V550S,550W Gold,,4b1d52e5-1d1d-46a9-9264-caea61039fb1.json,,1,1,0,3,0,2,6,,,80+ Gold,False,ATX,,,,,,,140,,,,RS550-AMAAG1-AU,Semi-Modular,550
4b1f289b-fe1e-4202-acda-91847dce0a35,Enermax Revolution D.F. 650W Fully Modular 80+ Gold Certified,Enermax,Revolution,650W Gold,,4b1f289b-fe1e-4202-acda-91847dce0a35.json,BLACK,1,1,0,4,0,4,8,,,80+ Gold,False,ATX,B07PB67ZS7,,,,,299550807,160,,,,ERF650AWT,Full,650
4b2c9119-3ce8-4446-a7a3-492f472b9c40,Fractal Design Tesla R2 800W Non-Modular 80+ Gold Certified,Fractal Design,Tesla,800W Gold,,4b2c9119-3ce8-4446-a7a3-492f472b9c40.json,,1,1,0,2,0,4,7,,,80+ Gold,False,ATX,,,,,,,165,,,,FD-PSU-TS2B-800W,Non-Modular,800
4b36fb2e-e4d3-4345-923e-122269bffe35,Enermax REVOLUTION III Black / Gold 750W Fully Modular 80+ Gold,Enermax,REVOLUTION,750W Gold,,4b36fb2e-e4d3-4345-923e-122269bffe35.json,BLACK | GOLD,1,0,0,0,0,0,9,,,80+ Gold,False,ATX,B0DSLRQYF8,,,,,,140,,,,ERV750G-AHG-MAC | ERV750G-AHG-MAV,Full,750
4b42a098-7cfc-4983-95ce-9ea5a4c1ccf8,SeaSonic M12II 850 EVO Black 850W Fully Modular 80+ Bronze Certified,SeaSonic,M12II,850W Bronze,,4b42a098-7cfc-4983-95ce-9ea5a4c1ccf8.json,BLACK,1,2,0,5,0,6,10,,,80+ Bronze,False,ATX,,,,,,,170,,,,SSR-850GM2 | SSR-850AM2,Full,850
4b52ca50-011b-4265-9fbd-6a85bcb1cdc2,SeaSonic SS-600ES Gray 600W Non-Modular 80+ Bronze,SeaSonic,SS-600ES,600W Bronze,,4b52ca50-011b-4265-9fbd-6a85bcb1cdc2.json,GREY,1,0,0,3,0,2,3,,,80+ Bronze,False,ATX,B0065SHMYI,,,,,500069100,140,,,,SS-600ES | SS-600ES BRONZE,Non-Modular,600
4babd2d8-3b7e-4e7b-b7c9-0692b93ece81,Antec High Current Gamer Black 850W Fully Modular 80+ Gold,Antec,High,850W Gold,,4babd2d8-3b7e-4e7b-b7c9-0692b93ece81.json,BLACK,1,2,0,5,0,6,10,,,80+ Gold,False,ATX,,,,,,,140,,,,HCG850 Gold,Full,850
4bb62959-c1eb-432b-8b2e-041b5fc31144,Montech TITAN Gold 850W Fully Modular 80+ Gold,Montech,TITAN,850W Gold,,4bb62959-c1eb-432b-8b2e-041b5fc31144.json,BLACK,1,4,0,4,1,4,12,,,80+ Gold,False,ATX,B0BPXRBJR6,,,,,,160,,,,TITAN GOLD 850WTIS0124 | TIS0124,Full,850
4bcd20ef-d8ad-49e5-8ba7-4a0e11f1677a,EVGA 600 BR 600W Non-Modular 80+ Bronze,EVGA,600,600W Bronze,,4bcd20ef-d8ad-49e5-8ba7-4a0e11f1677a.json,,1,0,0,0,0,0,6,,,80+ Bronze,False,ATX,B07DTP6QKG,,,,N82E16817438146,304555422,140,,,,100-BR-0600-K1 | 100-BR-0600-K2 | 100-BR-0600-K3,Non-Modular,600
4bf2c66d-2c5e-481d-8f4a-fe946272adbf,MSI MAG A850GN PCIE5 Black 850W Non-Modular 80+ Gold Certified,MSI,MAG,850W Gold,,4bf2c66d-2c5e-481d-8f4a-fe946272adbf.json,BLACK,1,2,0,2,1,2,4,,,80+ Gold,False,ATX,,,,,1HU-001W-000G8,,140,,,,MAG A850GN PCIE5,Non-Modular,850
4c2b57c8-e8d8-45ce-bbd0-b407e27672f9,Montech TITAN GOLD 1000W Fully Modular 80+ Gold Certified ATX,Montech,TITAN,1000W Gold,,4c2b57c8-e8d8-45ce-bbd0-b407e27672f9.json,BLACK,1,4,0,4,1,5,12,,,80+ Gold,False,ATX,B0BPXQZJV4,,,,,,160,,,,TITAN GOLD 1000W | P012,Full,1000
4c2c0195-9e1b-47cd-b8b0-e138bb6809e6,Rosewill SMG650 Black ATX 650W Fully Modular 80+ Gold Certified,Rosewill,SMG650,650W Gold,,4c2c0195-9e1b-47cd-b8b0-e138bb6809e6.json,BLACK,1,1,0,4,0,4,8,,,80+ Gold,False,ATX,,,,,,,160,,,,SMG650,Full,650
4c52cd70-607f-4b6e-8ec7-b20003211085,Thermaltake Toughpower GT 850W White,Thermaltake,Toughpower GT,,2024,4c52cd70-607f-4b6e-8ec7-b20003211085.json,WHITE,1,2,,4,1,4,6,,,80+ Gold,True,ATX,B0DMBBV4BD,,,https://www.thermaltake.com/toughpower-gt-snow-850w.html,N82E16817153473,4548809380,140,None,,White,PS-TPT-0850FNFAGU-W,Full,850
4c7704d0-cfb2-4fce-b037-bbbbb6f6ab75,Vida ATX-500W Black ATX 500W Non-Modular,Vida,ATX-500W,500W ,,4c7704d0-cfb2-4fce-b037-bbbbb6f6ab75.json,BLACK,1,0,0,0,0,0,6,,,,False,ATX,,,,,,,140,,,,ATX-500W,Non-Modular,500
4c7ef65e-c8db-4f5d-bf25-e29cbf10d863,Mars Gaming MPIII750 Black ATX 750W Non-Modular,Mars Gaming,MPIII750,750W ,,4c7ef65e-c8db-4f5d-bf25-e29cbf10d863.json,BLACK,1,1,0,2,0,2,6,,,,False,ATX,,,,,,,145,,,,MPIII750,Non-Modular,750
4c8d3f17-5466-447e-9ac3-4fc3742d5fd8,Sparkle ATX-400PA ATX 400W Non-Modular,Sparkle,ATX-400PA,400W ,,4c8d3f17-5466-447e-9ac3-4fc3742d5fd8.json,,1,0,0,0,0,0,2,,,,False,ATX,,,,,,,139,,,,ATX-400PA,Non-Modular,400
4c9099ba-c801-4255-876f-1bcb6fc45c64,Antec CSK ATX 650W Non-Modular 80+ Bronze Certified,Antec,CSK,650W Bronze,,4c9099ba-c801-4255-876f-1bcb6fc45c64.json,BLACK | YELLOW,1,1,0,2,0,4,7,,,80+ Bronze,False,ATX,B091DRZQ5D,,,,,,140,,,,CSK650 | X5000A255HC-20 | 0-761345-11747-0 | 0-761345-11745-6,Non-Modular,650
4c935759-7bda-4e9d-aded-959926066da0,Thermaltake Smart Certified ATX 700W Non-Modular 80+ Certified,Thermaltake,Smart,700W 80+,2015,4c935759-7bda-4e9d-aded-959926066da0.json,BLACK,1,1,0,5,0,2,6,,,80+,False,ATX,B014W3EAX8,,,https://www.thermaltake.com/smart-700w.html,N82E16817153231,47524920,140,,2026-03-18T19:35:27.519Z,Black,PS-SPD-0700NPCWUS-W | SPD-0700NP,Non-Modular,700
4ca92f50-2632-4da4-8417-034bf3a0d4e1,PowerSpec PS 550BF Black 550W Non-Modular 80+ Bronze,PowerSpec,PS,550W Bronze,,4ca92f50-2632-4da4-8417-034bf3a0d4e1.json,BLACK,1,1,0,3,0,2,6,,,80+ Bronze,False,ATX,,,,,,,140,,,,PS 550BF,Non-Modular,550
4ca964d8-5111-4267-801f-696beaa0a3dd,be quiet! Pure Power 10 600W Non-Modular 80+ Silver,be quiet!,Pure,600W Silver,,4ca964d8-5111-4267-801f-696beaa0a3dd.json,,1,1,0,3,0,4,6,,,80+ Silver,False,ATX,,,,,,,150,,,,BN274 | BN674,Non-Modular,600
4cb33635-ae78-4acd-a81d-ad9a3af1d7f9,NZXT HALE90 V2 ATX 1200W Fully Modular 80+ Gold Certified,NZXT,HALE90,1200W Gold,,4cb33635-ae78-4acd-a81d-ad9a3af1d7f9.json,,1,2,0,14,0,8,16,,,80+ Gold,False,ATX,,,,,,,189,,,,NP-1GM-1200A-NEEU,Full,1200
4cbabb99-5580-4f0a-a1f8-0bc68d0b21b6,Lian Li EDGE White 1000W Fully Modular 80+ Platinum,Lian Li,EDGE,1000W Platinum,,4cbabb99-5580-4f0a-a1f8-0bc68d0b21b6.json,WHITE,1,0,0,0,0,0,12,,,80+ Platinum,False,ATX,B0D8SPDPRY,,,,1HU-01PP-00009,6934619867,182,,,,EG1000 White | EG1000WE.US,Full,1000
4cc073e8-99e3-4921-a03e-92e9433ddfe4,Cougar COUGAR-SX700 ATX 700W Non-Modular 80+ Silver Certified,Cougar,COUGAR-SX700,700W Silver,,4cc073e8-99e3-4921-a03e-92e9433ddfe4.json,,1,0,0,0,0,0,8,,,80+ Silver,False,ATX,,,,,,,180,,,,COUGAR-SX700,Non-Modular,700
4ccad2de-98fe-41fb-8692-6c93351d7af3,Phanteks Revolt Black SFX 850W Fully Modular 80+ Platinum,Phanteks,Revolt,850W Platinum,,4ccad2de-98fe-41fb-8692-6c93351d7af3.json,BLACK,1,2,0,1,1,5,9,,,80+ Platinum,False,SFX,B0BVNY4LKY,,,,N82E16817987017,3576509577,100,,,,PH-P850PSF_02,Full,850
4cd254af-eca5-42bb-96aa-f718328be734,Raidmax XT ATX 500W Non-Modular,Raidmax,XT,500W ,,4cd254af-eca5-42bb-96aa-f718328be734.json,,1,1,0,2,0,1,5,,,,False,ATX,,,,,,,140,,,,RX-500XT,Non-Modular,500
4ce99111-2aff-4175-bb33-d21dad2090f3,Fractal Design Tesla R2 500W Non-Modular 80+ Gold Certified,Fractal Design,Tesla,500W Gold,,4ce99111-2aff-4175-bb33-d21dad2090f3.json,,1,1,0,2,0,2,5,,,80+ Gold,False,ATX,,,,,,,165,,,,FD-PSU-TS2B-500W,Non-Modular,500
4cedf881-4e30-452f-a4a4-01428e374798,MSI MPG A1000G Fully Modular ATX Power Supply - 1000 Watts ATX 3.1 - Black,MSI,MPG,1000W Gold,2022,4cedf881-4e30-452f-a4a4-01428e374798.json,BLACK,1,2,1,4,1,7,12,Cybenetics Gold,Cybenetics Standard++,80+ Gold,False,ATX,B0B434DB7Y,6522750,31523,https://www.msi.com/Power-Supply/MPG-A1000G-PCIE5,N82E16817701016,1657376878,150,,,Black,MPG A1000G PCIE 5 | 306-7ZP7C11-CE0,Full,1000
4cfe0afb-960f-49de-bef0-91376aa855ae,GameMax GM Black ATX 1800W Non-Modular 80+ Gold Certified,GameMax,GM,1800W Gold,,4cfe0afb-960f-49de-bef0-91376aa855ae.json,BLACK,1,1,0,5,0,18,8,,,80+ Gold,False,ATX,,,,,,,230,,,,GM-1800,Non-Modular,1800
4d0046fe-59bd-4fb3-9ed2-552ed1ae7d03,Silverstone ST85F-GS-V2 850W Fully Modular 80+ Gold ATX,Silverstone,ST85F-GS-V2,850W Gold,,4d0046fe-59bd-4fb3-9ed2-552ed1ae7d03.json,,1,2,0,6,0,6,8,,,80+ Gold,False,ATX,B07K5Z3W5W,,,,1B4-042J-000J7,483431708,140,,,,SST-ST85F-GS-V2 | ST85F-GS-V2,Full,850
4d0292f9-9a8b-46d0-beb4-28874064c40d,Silverstone SFX Black 700W Fully Modular SFX 80+ Platinum Certified,Silverstone,SFX,700W Platinum,,4d0292f9-9a8b-46d0-beb4-28874064c40d.json,BLACK,1,1,0,3,0,4,9,,,80+ Platinum,False,SFX,B01G26SMTQ,,,,N82E16817256166,578124361,130,,,,SX700-LPT | SST-SX700-LPT | PS-SX700-LPT,Full,700
4d146e5e-13a4-40bc-89b0-0ccf91153c3d,Thermaltake Toughpower Grand RGB 750W 80+ Gold Fully Modular,Thermaltake,Toughpower,750W Gold,,4d146e5e-13a4-40bc-89b0-0ccf91153c3d.json,,1,1,0,4,0,4,9,,,80+ Gold,False,ATX,,,,,,,160,,,,PS-TPG-0750FPCGUS-R,Full,750
4d151f1e-db2a-4f4a-805a-11f1ff002967,Gigabyte P750GM Black 750W Fully Modular 80+ Gold,Gigabyte,P750GM,750W Gold,,4d151f1e-db2a-4f4a-805a-11f1ff002967.json,BLACK,1,0,0,0,0,0,8,,,80+ Gold,False,ATX,,,,,,,140,,,,GP-P750GM | GP-P750GM-UK,Full,750
4d284a5c-4b5c-4244-8f59-941101f466cc,Azza ARGB ATX 650W Non-Modular 80+ Bronze Certified,Azza,ARGB,650W Bronze,,4d284a5c-4b5c-4244-8f59-941101f466cc.json,BLACK,1,1,0,2,0,2,5,,,80+ Bronze,False,ATX,B084RWV5R8,,,,,,165,,,,PSAZ-650W(ARGB),Non-Modular,650
4d52d17b-c840-4e2c-af99-7833def66a3d,Fractal Design Edison M 450W 80+ Gold Certified Semi-Modular ATX,Fractal Design,Edison,450W Gold,,4d52d17b-c840-4e2c-af99-7833def66a3d.json,,1,1,0,5,0,1,6,,,80+ Gold,False,ATX,,,,,,,160,,,,FD-PSU-ED1B-450W,Semi-Modular,450
4d6b3ceb-4201-43c8-9c3b-26cfb275a413,KOLINK Core Black ATX 300W Non-Modular 80+ Certified,KOLINK,Core,300W 80+,,4d6b3ceb-4201-43c8-9c3b-26cfb275a413.json,BLACK,1,1,0,2,0,0,4,,,80+,False,ATX,,,,,,,140,,,,KL-C300 | PGW-PS-KOL-004,Non-Modular,300
4d82678f-d8af-472c-84ef-efcff318491f,be quiet! Power Zone 2 750W 80+ Platinum Certified Fully Modular ATX,be quiet!,Power,750W Platinum,,4d82678f-d8af-472c-84ef-efcff318491f.json,BLACK,1,0,0,0,0,0,6,,,80+ Platinum,False,ATX,B0DVJGSK2W,,,,N82E16817222041,15161108520,160,,,,BP006US | BP006EU,Full,750
4d8c243a-0b21-49ed-912f-4ce7812b3c69,NZXT E500 ATX 500W Fully Modular 80+ Gold Certified,NZXT,E500,500W Gold,,4d8c243a-0b21-49ed-912f-4ce7812b3c69.json,BLACK,1,1,0,3,0,2,8,,,80+ Gold,False,ATX,,,,,,,150,,,,NP-1PM-E500A | NP-1PM-E500A-US | NP-1PM-E500A-EU | NP-1PM-E500A-UK | NP-1PM-E500A-AU | NP-1PM-E500A-WO | NP-1PM-E500A-JP,Full,500
4dcfd16c-2c53-4dd4-9395-59b6c1e6f4df,Phanteks AMP GH Black 750W Fully Modular 80+ Gold,Phanteks,AMP,750W Gold,,4dcfd16c-2c53-4dd4-9395-59b6c1e6f4df.json,BLACK,1,2,0,2,1,3,10,,,80+ Gold,False,ATX,,,,,,,140,,,,PH-P750GH_BK01 | PH-P750GH_BK01_UK | PH-P750GH_BK01_EU,Full,750
4dee899f-360c-4d18-9c3a-111286981089,MSI MAG A750BE Black 750W Semi-Modular 80+ Bronze,MSI,MAG,750W Bronze,,4dee899f-360c-4d18-9c3a-111286981089.json,BLACK,1,0,0,0,0,0,8,,,80+ Bronze,False,ATX,B0CZWCZ138,6619435,,,,,140,,,,MAG A750BE,Semi-Modular,750
4df2f2ed-a37a-4045-b24b-f537b39685d3,be quiet! Straight Power 11 Black 550W Fully Modular 80+ Platinum,be quiet!,Straight,550W Platinum,,4df2f2ed-a37a-4045-b24b-f537b39685d3.json,BLACK,1,2,0,3,0,4,9,,,80+ Platinum,False,ATX,,,,,,,160,,,,BN640 | BN305,Full,550
4e06a0aa-a373-460e-a08d-7e8cd947bde8,Fractal Design Newton R3 1000W Semi-Modular 80+ Platinum Certified ATX,Fractal Design,Newton,1000W Platinum,,4e06a0aa-a373-460e-a08d-7e8cd947bde8.json,,1,0,0,0,0,0,12,,,80+ Platinum,False,ATX,,,,,,,165,,,,FD-PSU-NT3W-1000W,Semi-Modular,1000
4e09e733-e29d-48e3-bd8e-c7da09a234a0,Cooler Master V550 V2 White 550W Fully Modular 80+ Gold,Cooler Master,V550,550W Gold,,4e09e733-e29d-48e3-bd8e-c7da09a234a0.json,WHITE,1,2,0,4,0,2,8,,,80+ Gold,False,ATX,B08G38N88V,,,,N82E16817171168,618178979,160,,,,MPY-550V-AGBAG-US | MPY-550V-AGBAG-JP | MPY-550V-AGBAG-EU | MPY-550V-AGBAG-UK | MPY-550V-AGBAG-TW | MPY-550V-AGBAG-KR | MPY-550V-AGBAG-IN | MPY-550V-AGBAG-ST | MPY-550V-AGBAG-WO | MPY-550V-AGBAG-AU | MPY-550V-AGBAG-BR,Full,550
4e3426f2-4a58-4ec5-8796-b0d00b36e47e,Cooler Master Elite NEX White 500W Non-Modular 80+ Certified,Cooler Master,Elite,500W 80+,,4e3426f2-4a58-4ec5-8796-b0d00b36e47e.json,BLACK,1,0,0,0,0,0,5,,,80+,False,ATX,,,,,,,140,,,,MPW-5001-ACAW-B,Non-Modular,500
4e3928b5-1e43-42bd-99b4-0611fecf2c60,EVGA 750 GQ 750W 80+ Gold Semi-Modular,EVGA,750,750W Gold,,4e3928b5-1e43-42bd-99b4-0611fecf2c60.json,,1,0,0,0,0,0,9,,,80+ Gold,False,ATX,B017HA3RGE,,,,N82E16817438060,528135107,165,,,,210-GQ-0750 | 210-GQ-0750-V1 | 210-GQ-0750-V2 | 210-GQ-0750-V3,Semi-Modular,750
4e736ab9-c9fc-4ebe-ae55-734f4308e080,Thermaltake Toughpower GT 1200W White,Thermaltake,Toughpower GT,,2025,4e736ab9-c9fc-4ebe-ae55-734f4308e080.json,WHITE,1,2,,1,2,5,2,Cybenetics Gold,,80+ Gold,True,ATX,B0FK37CP83,11065218,,https://www.thermaltake.com/toughpower-gt-snow-1000w.html,N82E16817153478,17666874272,140,None,,White,PS-TPT-1200FNFAGU-W,Full,1200
4e78fb10-b910-40e2-99af-79cc42b629a1,1STPLAYER NGDP ATX 3.0 Black 1300W Fully Modular 80+ Platinum Certified ATX,1STPLAYER,NGDP,1300W Platinum,,4e78fb10-b910-40e2-99af-79cc42b629a1.json,BLACK,1,0,0,0,0,0,12,,,80+ Platinum,False,ATX,,,,,,,140,,,,NGDP-PLT-1300-BK-US | HA-1000BA3,Full,1300
4ea40ecd-63fd-4be8-8c84-5656d18312a0,Corsair VS550 ATX 550W Non-Modular,Corsair,VS550,550W ,,4ea40ecd-63fd-4be8-8c84-5656d18312a0.json,,1,1,0,4,0,2,4,,,,False,ATX,,,,,,,140,,,,CP-9020050-WW | CMPSU-VS550,Non-Modular,550
4eb3020d-18e2-4e59-86c0-452ebf5d8a6d,Thermaltake Smart DPS G 650W Semi-Modular 80+ Gold Certified ATX,Thermaltake,Smart,650W Gold,,4eb3020d-18e2-4e59-86c0-452ebf5d8a6d.json,,1,1,0,3,0,4,6,,,80+ Gold,False,ATX,,,,,,,160,,,,PS-SPG-0650DPCGUS-G,Semi-Modular,650
4ee1f559-1034-43ec-91e9-424ee72500a1,Corsair RM1200x SHIFT Side Interface 1200W Fully Modular 80+ Gold Certified,Corsair,RM1200x,1200W Gold,,4ee1f559-1034-43ec-91e9-424ee72500a1.json,WHITE,1,0,0,0,0,0,16,,,80+ Gold,False,ATX,B0CWLV1635,,,,N82E16817139329,5362033017,160,,,,CP-9020276-NA | CP-9020276-UK | CP-9020276-AU | CP-9020276-EU,Non-Modular,1200
4eebc8e4-5e50-4c87-bf31-163bf95727f2,Super Flower Amazon ATX 300W Non-Modular 80+ Bronze Certified,Super Flower,Amazon,300W Bronze,,4eebc8e4-5e50-4c87-bf31-163bf95727f2.json,,1,1,0,6,0,1,3,,,80+ Bronze,False,ATX,,,,,,,163,,,,SF-300P14HE,Non-Modular,300
4ef6b3eb-6034-4da9-a550-afce41ab1e15,KOLINK Core RGB Black 600W Non-Modular 80+,KOLINK,Core,600W 80+,,4ef6b3eb-6034-4da9-a550-afce41ab1e15.json,BLACK,1,1,0,3,0,2,5,,,80+,False,ATX,,,,,,,140,,,,PGW-PS-KOL-030 | KL-C600-RGB,Non-Modular,600
4f2c8670-cd24-4ae0-a12b-83cd7b3f098f,Lian Li EDGE White 1300W Fully Modular 80+ Platinum Certified,Lian Li,EDGE,1300W Platinum,,4f2c8670-cd24-4ae0-a12b-83cd7b3f098f.json,WHITE,1,0,0,0,0,0,12,,,80+ Platinum,False,ATX,B0D8SPL2FJ,,,,1HU-01PP-00011,6941818460,182,,,,EG1300 White | EG1300WE.US,Full,1300
4f33f773-7fe1-4408-aa45-276f6c1ab78a,Apevia ATX-TL450W 450W Non-Modular,Apevia,ATX-TL450W,450W ,,4f33f773-7fe1-4408-aa45-276f6c1ab78a.json,,1,0,0,3,0,0,2,,,,False,ATX,,,,,,,135,,,,ATX-TL450W,Non-Modular,450
4f3e28d1-a0c3-4167-bbc2-2a57a9693d12,PC Cooler YS1200 Black 1200W Fully Modular 80+ Gold Certified,PC Cooler,YS1200,1200W Gold,,4f3e28d1-a0c3-4167-bbc2-2a57a9693d12.json,BLACK,1,2,0,3,1,3,12,,,80+ Gold,False,ATX,,,,,,,160,,,,P5-YS1200-G1FFBK1-US,Full,1200
4f3ffc19-3e13-4631-bf69-0e1a785674a3,Silverstone Strider ATX 400W Non-Modular 80+ Certified,Silverstone,Strider,400W 80+,,4f3ffc19-3e13-4631-bf69-0e1a785674a3.json,,1,1,0,3,0,0,4,,,80+,False,ATX,,,,,,,139,,,,SST-ST40F-ES | ST40F-ES,Non-Modular,400
4f843c12-2815-45b8-9d6b-ecd2c4afc8dd,Corsair CX (2023) Black 650W Non-Modular 80+ Bronze Certified ATX,Corsair,CX,650W Bronze,,4f843c12-2815-45b8-9d6b-ecd2c4afc8dd.json,BLACK,1,0,0,0,0,0,3,,,80+ Bronze,False,ATX,B0CQMSTN94,,,,N82E16817139322,5317217359,125,,,,CP-9020278-NA | CP-9020278-EU | CP-9020278-AU | CP-9020278-WW | CP-9020278-UK,Non-Modular,650
4f9ebf54-efee-4aad-aeee-fd367fe4ec02,Cooler Master V SFX ATX 3.0 Black 750W Fully Modular 80+ Gold Certified,Cooler Master,V,750W Gold,,4f9ebf54-efee-4aad-aeee-fd367fe4ec02.json,BLACK,1,2,0,4,1,4,8,,,80+ Gold,False,SFX,,,,,,,100,,,,MPY-7501-SFHAGV-3US | MPY-7501-SFHAGV-3EU | MPY-7501-SFHAGV-3BR | MPY-7501-SFHAGV-3UK | MPY-7501-SFHAGV-3KR | MPY-7501-SFHAGV-3WO | MPY-7501-SFHAGV-3IN | MPY-7501-SFHAGV-3ST | MPY-7501-SFHAGV-3JP | MPY-7501-SFHAGV-3TW | MPY-7501-SFHAGV-3AU,Full,750
4faeac38-2a31-471d-8b82-26e9a702f08a,Silverstone Strider ATX 600W Non-Modular 80+ Bronze,Silverstone,Strider,600W Bronze,,4faeac38-2a31-471d-8b82-26e9a702f08a.json,,1,2,0,6,0,1,6,,,80+ Bronze,False,ATX,,,,,,,160,,,,ST60F-P | SST-ST60F-P,Non-Modular,600
4fbc8462-0268-44a7-aad2-ec611868087f,Deepcool PQ1000M Black 1000W Fully Modular 80+ Gold Certified,DeepCool,PQ1000M,1000W Gold,,4fbc8462-0268-44a7-aad2-ec611868087f.json,BLACK,1,2,0,5,0,3,10,,,80+ Gold,False,ATX,B09Y5LS58G,,,,,,140,,,,R-PQA00M-FA0B-US,Full,1000
4fc09dac-7be9-438c-af25-13a41d6a364e,Deepcool PN850D Black 850W Non-Modular 80+ Gold Certified ATX,DeepCool,PN850D,850W Gold,,4fc09dac-7be9-438c-af25-13a41d6a364e.json,BLACK,1,2,0,2,1,3,8,,,80+ Gold,False,ATX,,,,,,,140,,,,R-PN850D-FC0B-US | R-PN850D-FC0B-UK | R-PN850D-FC0B-EU | R-PN850D-FC0B-WO | PN850D,Non-Modular,850
5053a0cc-e623-4b3f-b6e9-3c0c63337532,XFX P1-550S-XXB9 ATX 550W Non-Modular 80+ Bronze Certified,XFX,P1-550S-XXB9,550W Bronze,,5053a0cc-e623-4b3f-b6e9-3c0c63337532.json,,1,0,0,0,0,0,9,,,80+ Bronze,False,ATX,,,,,,,139,,,,P1-550S-XXB9,Non-Modular,550
5076f1c7-2fb5-4e0b-ab7e-4efe57246bd6,SeaSonic PRIME Gold 750W 80+ Gold Fully Modular,SeaSonic,PRIME,750W Gold,,5076f1c7-2fb5-4e0b-ab7e-4efe57246bd6.json,,1,2,0,3,0,4,8,,,80+ Gold,False,ATX,,,,,,,170,,,,SSR-750GD,Full,750
507bc48f-521e-4e26-b90a-f9d11fb7bc84,NZXT C (2019) Black ATX 850W Fully Modular 80+ Gold Certified,NZXT,C,850W Gold,,507bc48f-521e-4e26-b90a-f9d11fb7bc84.json,BLACK,1,2,0,6,0,6,8,,,80+ Gold,False,ATX,,,,,,,150,,,,NP-C850M-US | NP-C850M-UK | NP-C850M-EU | NP-C850M-AU | NP-C850M-JP | NP-C850M-WO,Full,850
507cf3c9-9e23-46d5-a276-4e3278ff4c1c,Rosewill SMG1050 1050W 80+ Gold Certified Fully Modular ATX,Rosewill,SMG1050,1050W Gold,,507cf3c9-9e23-46d5-a276-4e3278ff4c1c.json,BLACK,1,2,0,4,0,8,16,,,80+ Gold,False,ATX,,,,,,,180,,,,SMG1050,Full,1050
50833c8c-de13-4b93-b725-100262b9ab90,Cooler Master V850 Gold V2 ATX 850W Fully Modular 80+ Gold Certified,Cooler Master,V850,850W Gold,,50833c8c-de13-4b93-b725-100262b9ab90.json,BLACK,1,2,0,4,0,6,12,,,80+ Gold,False,ATX,,,,,,,160,,,,MPY-850V-AFBAG | MPY-850V-AFBAG-KR | MPY-850V-AFBAG-IN | MPY-850V-AFBAG-AU | MPY-850V-AFBAG-WO | MPY-850V-AFBAG-US | MPY-850V-AFBAG-UK | MPY-850V-AFBAG-EU | MPY-850V-AFBAG-JP,Full,850
509ec8cd-9da2-4d28-ab0d-3bdcb70b8fe6,Thermaltake Smart ATX Certified 550W Non-Modular 80+ Bronze,Thermaltake,Smart,550W Bronze,,509ec8cd-9da2-4d28-ab0d-3bdcb70b8fe6.json,,1,1,0,4,0,2,6,,,80+ Bronze,False,ATX,,,,,,,139,,,,SP-550PCBUS | TT-SP-550PCBAU | SP-550P,Non-Modular,550
50b149c6-21bd-492f-a53d-13d44f802fe3,Corsair HX850 Black 850W Fully Modular 80+ Platinum,Corsair,HX850,850W Platinum,,50b149c6-21bd-492f-a53d-13d44f802fe3.json,BLACK,1,3,0,4,0,4,14,,,80+ Platinum,False,ATX,,,,,,,160,,,,CP-9020213-NA | CP-9020213-AU | CP-9020213-KR | CP-9020213-WW,Full,850
50b8781f-4526-45d7-bba9-27076c922e20,Cooler Master MasterWatt Lite 230V ATX 500W Non-Modular 80+ Certified,Cooler Master,500W,500W 80+,,50b8781f-4526-45d7-bba9-27076c922e20.json,,1,1,0,3,0,2,6,,,80+,False,ATX,,,,,,,140,,,,MPX-5001-ACABW,Non-Modular,500
50d00205-cca3-4103-aa31-635d66c12681,SeaSonic PRIME Black 750W Fully Modular 80+ Platinum,SeaSonic,PRIME,750W Platinum,,50d00205-cca3-4103-aa31-635d66c12681.json,BLACK,1,2,0,3,0,4,8,,,80+ Platinum,False,ATX,,,,,,,140,,,,SSR-750PD2,Full,750
50f2b040-2f4c-426b-b198-d407429b83f1,FSP Group Twins ATX 500W Non-Modular 80+ Gold Certified,FSP Group,Twins,500W Gold,,50f2b040-2f4c-426b-b198-d407429b83f1.json,,1,2,0,2,0,2,6,,,80+ Gold,False,ATX,,,,,,,190,,,,TWINS500,Non-Modular,500
51236f56-e0db-4472-b534-4bd18fbc021c,Apevia ATX-IB680W-GN 680W Non-Modular,Apevia,ATX-IB680W-GN,680W ,,51236f56-e0db-4472-b534-4bd18fbc021c.json,,1,1,0,6,0,0,6,,,,False,ATX,,,,,,,170,,,,ATX-IB680W-GN,Non-Modular,680
51413c65-25d2-4fe5-99b7-7f7158d51413,Thermaltake TR2 ATX 700W Non-Modular 80+ Certified,Thermaltake,TR2,700W 80+,,51413c65-25d2-4fe5-99b7-7f7158d51413.json,,1,1,0,7,0,2,7,,,80+,False,ATX,,,,,,,140,,,,TR-700P,Non-Modular,700
514c4fe9-d2fa-4788-882f-984bdb1cfb76,StarTech ATX2POWER350 ATX 350W Non-Modular,StarTech,ATX2POWER350,350W ,,514c4fe9-d2fa-4788-882f-984bdb1cfb76.json,,1,0,0,4,0,0,2,,,,False,ATX,,,,,,,140,,,,ATX2POWER350,Non-Modular,350
515afa02-be50-4e55-bac0-578e5eea9164,Corsair RM850 Black 850W Fully Modular 80+ Gold Certified,Corsair,RM850,850W Gold,,515afa02-be50-4e55-bac0-578e5eea9164.json,BLACK,1,0,0,0,0,0,14,,,80+ Gold,False,ATX,B0974WJY2Y,,,,N82E16817139281,778120033,160,,,,CP-9020235-NA | CP-9020235-UK | CP-9020235-AU | CP-9020235-EU,Full,850
5160da97-f0da-4b3f-800a-af6fbfa8f42f,Thermaltake TR2 ATX 600W Non-Modular,Thermaltake,TR2,600W ,,5160da97-f0da-4b3f-800a-af6fbfa8f42f.json,,1,1,0,6,0,1,6,,,,False,ATX,,,,,,,139,,,,W0388RU,Non-Modular,600
5174c683-aa00-49d9-9462-c947167f6cb8,GameMax GS Silver SFX 300W Non-Modular 80+ Bronze Certified,GameMax,GS,300W Bronze,,5174c683-aa00-49d9-9462-c947167f6cb8.json,GREY,1,1,0,1,0,0,3,,,80+ Bronze,False,SFX,,,,,,,100,,,,GS-300,Non-Modular,300
51a2c097-653d-4918-97a3-c561cee1f171,Cooler Master MasterWatt ATX 450W Semi-Modular 80+ Bronze Certified,Cooler Master,MasterWatt,450W Bronze,,51a2c097-653d-4918-97a3-c561cee1f171.json,BLACK,1,1,0,2,0,2,6,,,80+ Bronze,False,ATX,,,,,,,140,,,,MPX-4501-AMAAB-US | MPX-4501-AMAAB-AU | MPX-4501-AMAAB-EU | MPX-4501-AMAAB-UK | MPX-4501-AMAAB-JP | MPX-4501-AMAAB-KR,Semi-Modular,450
51a33ede-6733-4822-9c6b-fb613453957d,Sentey MBP HM Black 850W Semi-Modular 80+ Bronze Certified,Sentey,MBP,850W Bronze,,51a33ede-6733-4822-9c6b-fb613453957d.json,BLACK,1,2,0,4,0,4,8,,,80+ Bronze,False,ATX,,,,,,,160,,,,MBP850-HM,Semi-Modular,850
51b510f8-f7cb-437c-8281-7e96a0fd557f,In Win P105II 1050W 80+ Platinum Certified Fully Modular,In Win,P105II,1050W Platinum,,51b510f8-f7cb-437c-8281-7e96a0fd557f.json,BLACK,1,2,0,3,1,6,9,,,80+ Platinum,False,ATX,B0CJN3WSND,,,,,,150,,,,IW-PS-PII1050W | P105II,Full,1050
51f3bc0a-9d99-4143-897c-7dda257f2fb4,Athena Power AP-MFATX25 Mini-ITX 250W Non-Modular 80+ Certified,Athena Power,AP-MFATX25,250W 80+,,51f3bc0a-9d99-4143-897c-7dda257f2fb4.json,,1,0,0,2,0,0,2,,,80+,False,Mini-ITX,,,,,,,150,,,,AP-MFATX25,Non-Modular,250
52011b80-0103-4533-9504-593442270bca,In Win PB ATX 850W 80+ Gold Fully Modular,In Win,PB,850W Gold,,52011b80-0103-4533-9504-593442270bca.json,,1,2,0,4,0,6,12,,,80+ Gold,False,ATX,,,,,,,160,,,,PB-850W,Full,850
52075b22-9073-4b73-ae67-96695c375c4f,Asus Prime AP-750G White / Black 750W Fully Modular 80+ Gold,Asus,Prime,750W Gold,,52075b22-9073-4b73-ae67-96695c375c4f.json,WHITE | BLACK,1,0,0,0,0,0,5,,,80+ Gold,False,ATX,B0CPR1FR7H,,,,N82E16817320045,5254386545,150,,,,AP-750G | 90YE00U1-B0NB00 | 90YE00U1-B0NA00,Full,750
5227d1bd-60f7-40d6-b968-5fb14bfc4047,Segotep GF SFX 750W Fully Modular 80+ Gold Certified,Segotep,GF,750W Gold,,5227d1bd-60f7-40d6-b968-5fb14bfc4047.json,WHITE,1,0,0,0,0,0,4,,,80+ Gold,False,SFX,,,,,,,100,,,,CP-PSU-ST-GF750-SFX-WT,Full,750
5229b8d9-0758-416b-984e-6d7e3b554fba,Aerocool Integrator Black ATX 700W Non-Modular 80+ Bronze Certified,Aerocool,Integrator,700W Bronze,,5229b8d9-0758-416b-984e-6d7e3b554fba.json,BLACK,1,0,0,0,0,0,5,,,80+ Bronze,False,ATX,,,,,,,140,,,,ACPB-IT70AKC.13,Non-Modular,700
523740c1-1873-45cb-8cd9-9912101f2aad,FSP Group HEXA 85+ PRO ATX Black 650W Non-Modular 80+ Bronze Certified,FSP Group,HEXA,650W Bronze,,523740c1-1873-45cb-8cd9-9912101f2aad.json,BLACK,1,2,0,2,0,2,8,,,80+ Bronze,False,ATX,,,,,,,140,,,,HA2-650 | PPA6505301,Non-Modular,650
524934e1-4bbb-4915-967c-7d0e3a0ba75c,Corsair RM850i ATX 850W Fully Modular 80+ Gold Certified,Corsair,RM850i,850W Gold,,524934e1-4bbb-4915-967c-7d0e3a0ba75c.json,,1,2,0,8,0,6,10,,,80+ Gold,False,ATX,,,,,,,180,,,,CP-9020083-NA | CP-9020083-EU | RM850i | CP-9020083-UK | CP-9020083-AU,Full,850
5255649a-40b5-4cdd-a360-2ead130dd6aa,Enermax ENM750AWT 750W Semi-Modular 80+ Bronze,Enermax,ENM750AWT,750W Bronze,,5255649a-40b5-4cdd-a360-2ead130dd6aa.json,,1,0,0,0,0,0,10,,,80+ Bronze,False,ATX,,,,,,,,,,,ENM750AWT,Semi-Modular,750
525e2e03-75be-442f-833f-13e5c99963ca,RIOTORO ENIGMA G2 Black / Yellow ATX 750W Fully Modular 80+ Gold Certified,RIOTORO,ENIGMA,750W Gold,,525e2e03-75be-442f-833f-13e5c99963ca.json,BLACK | YELLOW,1,2,0,5,0,6,10,,,80+ Gold,False,ATX,,,,,,,180,,,,PR-GP0750-FMG2-UK,Full,750
528b0559-d51b-42f6-a6a9-43cb9b2ab381,Enermax EPM750AWT 750W 80+ Platinum Certified Semi-Modular,Enermax,EPM750AWT,750W Platinum,,528b0559-d51b-42f6-a6a9-43cb9b2ab381.json,,1,2,0,8,0,4,12,,,80+ Platinum,False,ATX,,,,,,,175,,,,EPM750AWT,Semi-Modular,750
528b58a6-3129-4ba2-a314-fb84cef23598,Super Flower Leadex Platinum SE 1000W Fully Modular 80+ Platinum Certified ATX,Super Flower,Leadex,1000W Platinum,,528b58a6-3129-4ba2-a314-fb84cef23598.json,BLACK,1,2,0,5,0,6,10,,,80+ Platinum,False,ATX,B087GYDTG4,,,,,,180,,,,SF-1000F14MP V2 | SF-1000F14MP,Full,1000
528c5c8e-36df-4bbc-96d3-3e88fcacc2fa,NZXT C1000 Fully Modular ATX Power Supply - 1000 Watts ATX 3.1 - White,NZXT,C1000,1000W Gold,2024,528c5c8e-36df-4bbc-96d3-3e88fcacc2fa.json,WHITE,1,2,0,4,1,3,12,Cybenetics Gold,Cybenetics A,80+ Gold,False,ATX,B0D1VFVG11,6586156,30612,https://nzxt.com/en-intl/products/c1000-gold-atx?srsltid=AfmBOoqe6aCu-It3u94nQrDjLJ8sUJFucdO45xqcwpc7sTZq12GcZvdZ,N82E16817116053,10061700654,150,,2026-03-28T20:59:38.212Z,White,PA-0G2BW-US,Full,1000
52a01aa1-f823-4f81-9932-08ba7b02987e,In Win P85FII Black / Yellow ATX 850W Non-Modular 80+ Gold Certified,In Win,P85FII,850W Gold,,52a01aa1-f823-4f81-9932-08ba7b02987e.json,BLACK | YELLOW,1,2,0,3,1,4,6,,,80+ Gold,False,ATX,,,,,,,140,,,,IW-PS-PFII850W,Non-Modular,850
52c58517-fadd-447d-8a08-6b5d213b1771,KOLINK Regulator Black 1200W Fully Modular 80+ Gold Certified ATX,KOLINK,Regulator,1200W Gold,,52c58517-fadd-447d-8a08-6b5d213b1771.json,BLACK,1,2,0,4,1,4,8,,,80+ Gold,False,ATX,,,,,,,140,,,,KL-R1200FG,Full,1200
52d2cf60-3e35-41a9-9bfe-4c311906d93e,Rosewill RV350 ATX 350W Non-Modular,Rosewill,RV350,350W ,,52d2cf60-3e35-41a9-9bfe-4c311906d93e.json,,1,0,0,6,0,0,2,,,,False,ATX,,,,,,,140,,,,RV350,Non-Modular,350
52daf301-03b3-46d8-b244-adf61150ad5c,"Lexar 4TB NM790 SSD with Heatsink PCIe Gen4 NVMe M.2 2280 Internal Solid State Drive, Up to 7400/6500 MB/s Read/Write, Compatible with PS5, for Gamers and Creators, Black (LNM790X004T-RN9NU)",Lexar,NM790,With Heatsink,2023,52daf301-03b3-46d8-b244-adf61150ad5c.json,,0,0,0,0,0,0,0,,,,False,,B0CGKY9K2Y,,,,,,0,,,,LNM790X004T-RN9NU,,0
52e73696-fc80-4003-89f3-d5b75be1c6bd,be quiet! Pure Power 11 CM 500W Semi-Modular 80+ Gold Certified,be quiet!,Pure,500W Gold,,52e73696-fc80-4003-89f3-d5b75be1c6bd.json,BLACK,1,1,0,3,0,2,6,,,80+ Gold,False,ATX,,,,,,,160,,,,BN297 | BN628,Semi-Modular,500
52ec4fad-385b-4f10-8fda-97335cc2d777,Athena Power Apollo SFX 300W Non-Modular,Athena Power,Apollo,300W ,,52ec4fad-385b-4f10-8fda-97335cc2d777.json,,1,0,0,4,0,0,2,,,,False,SFX,B002DBSRIQ,,,,,,105,,,,AP-MP4ATX30,Non-Modular,300
5348cd45-1a24-4ec3-aade-c0883a783cb6,FSP Group HEXA Black ATX 550W Non-Modular 80+ Bronze Certified,FSP Group,HEXA,550W Bronze,,5348cd45-1a24-4ec3-aade-c0883a783cb6.json,BLACK,1,1,0,2,0,4,8,,,80+ Bronze,False,ATX,,,,,,,140,,,,HEXA 85+ 550W,Non-Modular,550
534ba90c-f537-41e6-8d63-ee9e5e2d1636,Cougar COUGAR-SX850 850W Fully Modular 80+ Silver Certified,Cougar,COUGAR-SX850,850W Silver,,534ba90c-f537-41e6-8d63-ee9e5e2d1636.json,,1,2,0,6,0,4,10,,,80+ Silver,False,ATX,,,,,,,180,,,,COUGAR-SX850,Full,850
535cba95-2750-4378-9db2-eebd8942270f,XFX TS 550W Non-Modular 80+ Bronze Certified ATX,XFX,TS,550W Bronze,,535cba95-2750-4378-9db2-eebd8942270f.json,,1,2,0,6,0,1,9,,,80+ Bronze,False,ATX,,,,,,,139,,,,XFX TS 550W | P1-550S-GREN | P1550SXXB9,Non-Modular,550
5367eddf-c7aa-451a-a3ce-c415b98d41ac,be quiet! Pure Power L8 500W 80+ Bronze Non-Modular,be quiet!,Pure,500W Bronze,,5367eddf-c7aa-451a-a3ce-c415b98d41ac.json,,1,1,0,4,0,2,5,,,80+ Bronze,False,ATX,,,,,,,150,,,,BN223 | BN800,Non-Modular,500
53844bad-ac1b-45d1-9972-17514baa3321,FSP Group AURUM GOLD ATX 700W Non-Modular 80+ Gold Certified,FSP Group,AURUM,700W Gold,,53844bad-ac1b-45d1-9972-17514baa3321.json,,1,2,0,4,0,4,7,,,80+ Gold,False,ATX,,,,,,,140,,,,AURUM GOLD 700,Non-Modular,700
539c7a2b-2cfe-42fb-b7ed-6db97473a1ba,Corsair HX1000 1000W 80+ Certified Semi-Modular,Corsair,HX1000,1000W 80+,,539c7a2b-2cfe-42fb-b7ed-6db97473a1ba.json,,1,2,0,12,0,6,12,,,80+,False,ATX,,,,,,,200,,,,CMPSU-1000HX,Semi-Modular,1000
53be02db-8763-426b-ae01-5fc5d4598c90,KOLINK Modular Black 500W Semi-Modular 80+ Bronze,KOLINK,Modular,500W Bronze,,53be02db-8763-426b-ae01-5fc5d4598c90.json,BLACK,1,1,0,2,0,2,4,,,80+ Bronze,False,ATX,,,,,,,160,,,,KL-500MV2,Semi-Modular,500
53cdc4aa-d6b6-4763-b1fb-498fdcaf70e4,SHARKOON SilentStorm Icewind Black 650W Semi-Modular 80+ Bronze Certified ATX,SHARKOON,SilentStorm,650W Bronze,,53cdc4aa-d6b6-4763-b1fb-498fdcaf70e4.json,BLACK,1,1,0,3,0,4,9,,,80+ Bronze,False,ATX,,,,,,,160,,,,SilentStorm Icewind black 650 Watt,Semi-Modular,650
53e0edb1-34b4-438a-ab01-6eee268e29e9,Silverstone Strider 850W 80+ Silver Certified Fully Modular ATX,Silverstone,Strider,850W Silver,,53e0edb1-34b4-438a-ab01-6eee268e29e9.json,,1,2,0,6,0,2,6,,,80+ Silver,False,ATX,,,,,,,160,,,,ST85F-P | SST-ST85F-P,Full,850
53e369bb-8892-4945-b88b-e55e62729464,Deepcool DQ650-M-V2L ATX 650W Fully Modular 80+ Gold Certified,DeepCool,DQ650-M-V2L,650W Gold,,53e369bb-8892-4945-b88b-e55e62729464.json,BLACK,1,1,0,4,0,2,8,,,80+ Gold,False,ATX,,,,,,,160,,,,DP-DQ650-M-V2L | DP-GD-DQ650-M-V2L,Full,650
5406152a-eae9-42af-8108-2e18cba8e56e,RIOTORO BUILDER Black / Red ATX 500W Non-Modular 80+ Certified,RIOTORO,BUILDER,500W 80+,,5406152a-eae9-42af-8108-2e18cba8e56e.json,BLACK | RED,1,1,0,3,0,2,6,,,80+,False,ATX,,,,,,,140,,,,PR-BFX500-UK,Non-Modular,500
540b3b7c-93b0-4df0-813e-3b5eae99d27e,ADATA XPG PYLON ATX 550W Non-Modular 80+ Bronze Certified,ADATA,XPG,550W Bronze,,540b3b7c-93b0-4df0-813e-3b5eae99d27e.json,BLACK,1,0,0,0,0,0,5,,,80+ Bronze,False,ATX,B08G7SX67L,,,,,,140,,,,PYLON550B-BKCUS | PYLON550B-BKCAR | PYLON550B-BKCAU | PYLON550B-BKCBR | PYLON550B-BKCCN | PYLON550B-BKCEU | PYLON550B-BKCGB | PYLON550B-BKCJP | PYLON550B-BKCKR | PYLON550B-BKCTW | PYLON550B-BKCZA | PYLON 550 | 75260122 | Pylon,Non-Modular,550
541b16f1-7cef-48c2-8e5d-e3d08211ddaf,Asus ROG LOKI Silver / Black SFX 1000W Fully Modular 80+ Platinum Certified,Asus,ROG,1000W Platinum,,541b16f1-7cef-48c2-8e5d-e3d08211ddaf.json,GREY | BLACK,1,0,0,0,0,0,6,,,80+ Platinum,False,SFX,B0BZJ5WNJS,,,,N82E16817320035,3975410526,125,,,,90YE00N1-B0NA00 | ROG-LOKI-1000P-SFX-L-GAMING,Full,1000
541bea7b-60f1-41a4-ae2a-2a6e26e067ed,Thermaltake Toughpower XT 1475W 80+ Gold Certified Semi-Modular,Thermaltake,Toughpower,1475W Gold,,541bea7b-60f1-41a4-ae2a-2a6e26e067ed.json,,1,2,0,6,0,6,16,,,80+ Gold,False,ATX,,,,,,,199,,,,TPX-1475M | TPX-1475MPCGAU,Semi-Modular,1475
543e3a7c-567a-4059-9e8d-d90ea25045d6,Sentey MBP HM Black 1000W Semi-Modular 80+ Bronze Certified,Sentey,MBP,1000W Bronze,,543e3a7c-567a-4059-9e8d-d90ea25045d6.json,BLACK,1,2,0,4,0,0,8,,,80+ Bronze,False,ATX,,,,,,,160,,,,MBP1000-HM,Semi-Modular,1000
5442c5e7-6fca-49b5-85de-701f9ebef918,YEYIAN Pegasus 850W 80+ Gold Certified Fully Modular ATX,YEYIAN,Pegasus,850W Gold,,5442c5e7-6fca-49b5-85de-701f9ebef918.json,BLACK,1,2,0,3,0,2,9,,,80+ Gold,False,ATX,,,,,,,160,,,,YFG-85031-01,Full,850
5447a92f-f5ee-4b1e-b8fa-8d4a5b524d09,"be quiet! Straight Power 11 650W, BN618, Fully Modular, 80 Plus Gold, Power Supply",be quiet!,Straight Power 11,,0,5447a92f-f5ee-4b1e-b8fa-8d4a5b524d09.json,,0,0,1,3,0,4,9,,,80+ Gold,False,ATX,B085WW5WJH,,,,9SIAUNCJK68974,,160,,,,BN641 | BN282,Full,650
54577348-faaa-4073-9f25-2845a53d9232,Thermaltake TR2 Certified ATX 450W Non-Modular 80+ Bronze,Thermaltake,TR2,450W Bronze,,54577348-faaa-4073-9f25-2845a53d9232.json,,1,1,0,3,0,1,4,,,80+ Bronze,False,ATX,,,,,,,140,,,,PS-TR2-0450NPCBUS-B,Non-Modular,450
546111b1-7446-45a6-88c0-8858e78159eb,SeaSonic PRIME SNOWSILENT White 550W Fully Modular 80+ Gold Certified,SeaSonic,PRIME,550W Gold,,546111b1-7446-45a6-88c0-8858e78159eb.json,WHITE,1,1,0,3,0,2,6,,,80+ Gold,False,ATX,,,,,,,140,,,,SSR-550GD2-SNOWSILENT | PRIME Snow Silent 550,Full,550
546520d4-5811-4ab5-9033-80de0ee1515c,Thermalright TB550S Black ATX 550W Non-Modular 80+ Bronze Certified,Thermalright,TB550S,550W Bronze,,546520d4-5811-4ab5-9033-80de0ee1515c.json,BLACK,1,2,0,3,0,1,5,,,80+ Bronze,False,ATX,,,,,,,140,,,,TB-550S | TR-TB550S,Non-Modular,550
54654148-5b3a-4ccd-8142-f5c90d1c866d,Thermaltake Smart BX1 RGB 750W Non-Modular 80+ Bronze,Thermaltake,Smart,750W Bronze,,54654148-5b3a-4ccd-8142-f5c90d1c866d.json,BLACK,1,1,0,4,0,4,8,,,80+ Bronze,False,ATX,,,,,,,140,,,,PS-SPR-0750NHFABU-1,Non-Modular,750
546b9149-05bb-49a5-a665-ab32e5e56cf9,Thermaltake Toughpower GF3 Snow 1200W Fully Modular 80+ Gold,Thermaltake,Toughpower,1200W Gold,,546b9149-05bb-49a5-a665-ab32e5e56cf9.json,WHITE,1,0,0,0,0,0,8,,,80+ Gold,False,ATX,B0CKS5P7KF,,,,N82E16817153457,5134830903,160,,,,PS-TPD-1200FNFAGU-N | PS-TPD-1200FNFAGE-N | PS-TPD-1200FNFAGA-N,Full,1200
546d0f74-827d-42bf-b572-f2a03e6849f1,Rosewill Glacier 700M 700W Semi-Modular 80+ Bronze Certified,Rosewill,Glacier,700W Bronze,,546d0f74-827d-42bf-b572-f2a03e6849f1.json,,1,1,0,4,0,4,6,,,80+ Bronze,False,ATX,,,,,,,165,,,,Glacier 700M,Semi-Modular,700
5475e626-76dd-474d-8d69-84370173458f,Antec NeoECO 620 W 80+ Bronze Certified ATX,Antec,NeoECO,620W Bronze,,5475e626-76dd-474d-8d69-84370173458f.json,,1,1,0,6,0,2,6,,,80+ Bronze,False,ATX,,,,,,,149,,,,NEO ECO 620C,Non-Modular,620
547651dc-152d-4e24-93ff-257390af5cd2,Thermaltake TOUGHPOWER PF1 ARGB 850W Fully Modular 80+ Platinum,Thermaltake,TOUGHPOWER,850W Platinum,,547651dc-152d-4e24-93ff-257390af5cd2.json,,1,2,0,4,0,6,12,,,80+ Platinum,False,ATX,B07WJLBV55,,,,N82E16817153408,452571037,180,,,,PS-TPD-0850F3FAPU-1 | PS-TPD-0850F3FAPK-1 | PS-TPD-0850F3FAPA-1,Full,850
54aad5ef-0398-495c-b28e-68d48a6f0a7d,Deepcool PK450D Black 450W 80+ Bronze Certified ATX Non-Modular,DeepCool,PK450D,450W Bronze,,54aad5ef-0398-495c-b28e-68d48a6f0a7d.json,BLACK,1,1,0,3,0,2,6,,,80+ Bronze,False,ATX,,,,,,,140,,,,R-PK450D-FA0B-US | R-PK450D-FA0B-WO | R-PK450D-FA0B-JP | R-PK450D-FA0B-BP | R-PK450D-FA0B-UK | R-PK450D-FA0B-AR | R-PK450D-FA0B-EU | R-PK450D-FA0B-AU | R-PK450D-FA0B-CN | R-PK450D-FA0B-BR,Non-Modular,450
54ad43f4-13ce-40db-bad3-594be47fcb03,Raidmax Thunder RGB 735W Semi-Modular 80+ Bronze Certified,Raidmax,Thunder,735W Bronze,,54ad43f4-13ce-40db-bad3-594be47fcb03.json,BLACK,1,1,0,3,0,4,8,,,80+ Bronze,False,ATX,,,,,,,159,,,,RX-735AP-R,Semi-Modular,735
54c69bcd-b89e-4848-84e7-1972432c276a,Cooler Master Silent Pro Hybrid 1300W Fully Modular 80+ Gold Certified,Cooler Master,Silent,1300W Gold,,54c69bcd-b89e-4848-84e7-1972432c276a.json,,1,2,0,5,0,8,12,,,80+ Gold,False,ATX,,,,,,,177,,,,RS-D00-SPHA-D3,Full,1300
54f8838d-8d90-4385-8ca5-ede147dea0db,GAMDIAS KRATOS E1 Black 500W Non-Modular 80+ Certified,GAMDIAS,KRATOS,500W 80+,,54f8838d-8d90-4385-8ca5-ede147dea0db.json,BLACK,1,1,0,4,0,2,5,,,80+,False,ATX,,,,,,,140,,,,KRATOS E1 500,Non-Modular,500
54fabbe7-afc2-4f66-9b9a-830c1e5c8e57,be quiet! System Power 11 U Black 650W Non-Modular 80+ Bronze Certified ATX,be quiet!,System,650W Bronze,,54fabbe7-afc2-4f66-9b9a-830c1e5c8e57.json,BLACK,1,0,0,0,0,0,5,,,80+ Bronze,False,ATX,,,,,,,140,,,,BP011US | BP011U2,Non-Modular,650
55111fb7-787c-44e6-b7af-b42b908971d6,GameMax GX Pro Rampage ATX 1250W Fully Modular 80+ Platinum Certified,GameMax,GX,1250W Platinum,,55111fb7-787c-44e6-b7af-b42b908971d6.json,BLACK,1,2,0,3,1,4,10,,,80+ Platinum,False,ATX,,,,,,,160,,,,GX-1250 PRO BK,Full,1250
55186fd7-68be-4f8c-aa00-13db7f924886,SeaSonic VERTEX GX-1000 Sakura Edition White / Pink 1000W 80+ Gold Fully Modular,SeaSonic,VERTEX,1000W Gold,,55186fd7-68be-4f8c-aa00-13db7f924886.json,WHITE | PINK,1,2,0,3,1,3,18,,,80+ Gold,False,ATX,,,,,,,160,,,,GX-1000SAKURA,Full,1000
552c6fc1-df60-4304-b028-3e6f6e0d0836,SHARKOON WPM Bronze 700W Semi-Modular 80+ Bronze,SHARKOON,WPM,700W Bronze,,552c6fc1-df60-4304-b028-3e6f6e0d0836.json,,1,1,0,5,0,2,6,,,80+ Bronze,False,ATX,,,,,,,165,,,,WPM700,Semi-Modular,700
5536e043-6e0b-4060-899d-4043cee2bb0f,Asus TUF Gaming Black ATX 750W Non-Modular 80+ Bronze,Asus,TUF,750W Bronze,,5536e043-6e0b-4060-899d-4043cee2bb0f.json,BLACK,1,0,0,0,0,0,8,,,80+ Bronze,False,ATX,B08SBY73C2,,,,9SIBTK0K911611,492111562,150,,,,TUF GAMING 750B | TUF-GAMING-750B,Non-Modular,750
555d4b20-9d06-47e9-b0bb-853750e0210d,be quiet! Straight Power 11 1200W Fully Modular 80+ Platinum Certified ATX,be quiet!,Straight,1200W Platinum,,555d4b20-9d06-47e9-b0bb-853750e0210d.json,BLACK,1,2,0,4,0,6,11,,,80+ Platinum,False,ATX,,,,,,,170,,,,BN645 | BN310,Full,1200
557169ec-2143-4000-a9df-667c6dfcc04e,be quiet! Dark Power 13 Black ATX 750W Fully Modular 80+ Titanium Certified,be quiet!,Dark,750W Titanium,,557169ec-2143-4000-a9df-667c6dfcc04e.json,BLACK,1,0,0,0,0,0,12,,,80+ Titanium,False,ATX,B0BV6FSFL9,,,,,,175,,,,BN659 | BN333 | BN703 | BN706 | BN700,Full,750
557a8b8a-977b-4475-9748-aa866ffc8ceb,EVGA SuperNOVA 850 P2 850W Fully Modular 80+ Platinum Certified ATX,EVGA,SuperNOVA,850W Platinum,,557a8b8a-977b-4475-9748-aa866ffc8ceb.json,,1,2,0,6,0,4,9,,,80+ Platinum,False,ATX,,,,,,,165,,,,220-P2-0850-X1 | 220-P2-0850-X3 | 220-P2-0850-X2 | 220-P2-0850-X4,Full,850
55898543-2732-495f-a360-5d9c35be2f3f,"EVGA SuperNOVA 1000 P2, 80+ PLATINUM 1000W, Fully Modular, EVGA ECO Mode, 10 Year Warranty, Includes FREE Power On Self Tester",EVGA,Supernova,P2,2013,55898543-2732-495f-a360-5d9c35be2f3f.json,,1,2,1,5,0,6,10,,,80+ Platinum,False,ATX,B00EKJQM5E,,,,9SIBC43HEE6407,39138014,200,,,,220-P2-1000-XR,Full,1000
5597ba89-c130-441f-b079-ff23dc735a19,Corsair AX760 760W 80+ Platinum Fully Modular,Corsair,AX760,760W Platinum,,5597ba89-c130-441f-b079-ff23dc735a19.json,,1,2,0,8,0,6,12,,,80+ Platinum,False,ATX,B00A0HZMEM,,,,,31093289,160,,,,AX760 | CP-9020045-NA | CP-9020045-UK | CP-9020045-AU | CP-9020045-EU,Full,760
55bee7e5-25bb-482a-afdb-246805c5777f,MSI MPG A1000G Black 1000W Fully Modular 80+ Gold Certified,MSI,MPG,1000W Gold,,55bee7e5-25bb-482a-afdb-246805c5777f.json,BLACK,1,2,0,4,0,7,12,,,80+ Gold,False,ATX,B09NTQ8TZJ,,31523,,,1657376878,150,,,,MPG A1000G | 306-7ZP5C11-CE0 | 306-7ZP7C11-CE0 | MPG A1000G PCIE5 | MPG A1000G PCIe5,Full,1000
55bf4864-27bc-4133-a18c-dab786671235,Enermax Platimax ATX 1500W Fully Modular 80+ Platinum Certified,Enermax,Platimax,1500W Platinum,,55bf4864-27bc-4133-a18c-dab786671235.json,,1,2,0,10,0,4,14,,,80+ Platinum,False,ATX,,,,,,,180,,,,EPM1500EGT,Full,1500
55e387b1-a026-48b5-9f24-b26d5da4b5cd,Xilence XP550R10 Black / Red ATX 550W Non-Modular 80+ Bronze Certified,Xilence,XP550R10,550W Bronze,,55e387b1-a026-48b5-9f24-b26d5da4b5cd.json,BLACK | RED,1,1,0,3,0,2,6,,,80+ Bronze,False,ATX,,,,,,,140,,,,XN215,Non-Modular,550
55f0c495-0c05-4a3f-b8d6-4f77979c5057,Corsair CX550F White / Black 550W Fully Modular 80+ Bronze Certified,Corsair,CX550F,550W Bronze,,55f0c495-0c05-4a3f-b8d6-4f77979c5057.json,WHITE | BLACK,1,1,0,4,0,2,7,,,80+ Bronze,False,ATX,,,,,,,140,,,,CP-9020225-NA,Full,550
55f220c6-2c5c-4314-b793-77be386fd183,Cooler Master GX ATX 650W Non-Modular 80+ Certified,Cooler Master,GX,650W 80+,,55f220c6-2c5c-4314-b793-77be386fd183.json,,1,1,0,3,0,2,6,,,80+,False,ATX,,,,,,,139,,,,RS650-ACAAD3-US | RS650-ACAAD3-UK,Non-Modular,650
560bf42a-b792-4e7a-b85d-468892ccd63e,EVGA SuperNOVA 650 P6 650 W 80+ Platinum Certified Fully Modular ATX,EVGA,SuperNOVA,650W Platinum,,560bf42a-b792-4e7a-b85d-468892ccd63e.json,,1,1,0,4,0,3,6,,,80+ Platinum,False,ATX,,,,,,,140,,,,220-P6-0650-X1,Full,650
5617c4bc-6cb9-4284-b39f-82ae6e47825d,ADATA XPG Core Reactor II Black 750W Fully Modular 80+ Gold,ADATA,XPG,750W Gold,,5617c4bc-6cb9-4284-b39f-82ae6e47825d.json,BLACK,1,0,0,0,0,0,8,,,80+ Gold,False,ATX,B0CLNS4RQM,,,,N82E16817478005,1536704812,140,,,,COREREACTORII750G-BKCUS | COREREACTORII750G-BKCAU | COREREACTORII750G-BKCEU | 75261186,Full,750
56329ede-d114-47cf-ba44-9f0e6c313398,Enermax CYBERBRON Black / Silver ATX 700W Non-Modular 80+ Bronze Certified,Enermax,CYBERBRON,700W Bronze,,56329ede-d114-47cf-ba44-9f0e6c313398.json,BLACK | GREY,1,2,0,4,0,4,8,,,80+ Bronze,False,ATX,,,,,,,140,,,,ECB700AWT,Non-Modular,700
56598009-a076-47e6-bcc0-aef4cda6aaa6,Sentey SDP850-SS 850W Non-Modular 80+ Certified,Sentey,SDP850-SS,850W 80+,,56598009-a076-47e6-bcc0-aef4cda6aaa6.json,,1,1,0,5,0,2,8,,,80+,False,ATX,,,,,,,180,,,,SDP850-SS,Non-Modular,850
5661082c-c681-454e-ab80-6fa5f823e7e8,Aerocool Integrator Black ATX 850W Non-Modular 80+ Bronze Certified,Aerocool,Integrator,850W Bronze,,5661082c-c681-454e-ab80-6fa5f823e7e8.json,BLACK,1,2,0,4,0,2,7,,,80+ Bronze,False,ATX,,,,,,,140,,,,ACPB-IT85AKC.13,Non-Modular,850
566c5238-80b3-452d-81a1-b6dd05af43f1,ASRock Phantom Gaming PG-850G Black 850W Fully Modular 80+ Gold,ASRock,Phantom,850W Gold,,566c5238-80b3-452d-81a1-b6dd05af43f1.json,BLACK,1,2,0,3,1,4,9,,,80+ Gold,False,ATX,B0DNNVCV9F,,,,N82E16817955006,15620057924,150,,,,PG-850G | 90-UXP085-GFUAAB,Full,850
56814992-ba3c-4c32-89f0-adaf28ac3257,FSP Group Hydro Pro Black 800W Non-Modular 80+ Bronze Certified,FSP Group,Hydro,800W Bronze,,56814992-ba3c-4c32-89f0-adaf28ac3257.json,BLACK,1,2,0,2,0,4,8,,,80+ Bronze,False,ATX,,,,,,,140,,,,HP2-800,Non-Modular,800
5694e9c9-9f90-490e-9df7-d90a6c71f5a3,RAIJINTEK CRATOS White 850W Fully Modular 80+ Gold Certified ATX,RAIJINTEK,CRATOS,850W Gold,,5694e9c9-9f90-490e-9df7-d90a6c71f5a3.json,WHITE,1,2,0,4,1,3,8,,,80+ Gold,False,ATX,,,,,,,140,,,,0R30B00008 | CRATOS 850 WHITE,Full,850
56957625-667d-4463-8b1d-78f1cf64e24d,Azza PSAZ-500B12 ATX 500W Non-Modular,Azza,PSAZ-500B12,500W ,,56957625-667d-4463-8b1d-78f1cf64e24d.json,,1,1,0,6,0,0,4,,,,False,ATX,,,,,,,,,,,PSAZ-500B12,Non-Modular,500
56983a2d-b864-4c65-b933-e88ddf926d1c,Seasonic SSP-450RT ATX 450W Non-Modular 80+ Gold Certified,SeaSonic,SSP-450RT,450W Gold,,56983a2d-b864-4c65-b933-e88ddf926d1c.json,,1,1,0,0,0,2,0,,,80+ Gold,False,ATX,,,,,,,139,,,,SSP-450RT,Non-Modular,450
569c4f8c-38a3-4c5f-a11c-a7326158c543,LC-Power LC6 V2.31 Black / Gray 750W Fully Modular 80+ Gold,LC-Power,LC6,750W Gold,,569c4f8c-38a3-4c5f-a11c-a7326158c543.json,BLACK | GREY,1,2,0,5,0,6,10,,,80+ Gold,False,ATX,,,,,,,142,,,,LC6750M V2.31,Full,750
56bd9c9c-cfaa-4eac-9070-a072597ecb48,be quiet! Dark ATX 750W Semi-Modular 80+ Platinum Certified,be quiet!,Dark,750W Platinum,,56bd9c9c-cfaa-4eac-9070-a072597ecb48.json,,1,2,0,7,0,6,8,,,80+ Platinum,False,ATX,,,,,,,180,,,,BN252 | BN652,Semi-Modular,750
56c39e40-3c52-4637-941a-25624c470050,Gigabyte P650G (US) Black 650W Non-Modular 80+ Gold Certified,Gigabyte,P650G,650W Gold,,56c39e40-3c52-4637-941a-25624c470050.json,BLACK,1,0,0,0,0,0,6,,,80+ Gold,False,ATX,B09VK3W3Y3,,,,9SIAET8JV96554,,140,,,,GP-P650G-US,Non-Modular,650
56cde5ba-b9a2-420e-8869-cdb8cd0be136,KOLINK ENCLAVE ATX 600W Fully Modular 80+ Gold Certified,KOLINK,ENCLAVE,600W Gold,,56cde5ba-b9a2-420e-8869-cdb8cd0be136.json,BLACK | YELLOW,1,1,0,4,0,4,8,,,80+ Gold,False,ATX,B07X8S6XJ1,,,,,,160,,,,KL-G600FM,Full,600
56e14f53-b7b4-49e5-998f-fe8dd341ee8d,Thermaltake Toughpower GF A3 TT Premium Edition Black 750W 80+ Gold Fully Modular,Thermaltake,Toughpower,750W Gold,,56e14f53-b7b4-49e5-998f-fe8dd341ee8d.json,BLACK,1,0,0,0,0,0,8,,,80+ Gold,False,ATX,B0C1JKB652,6566242,,,N82E16817153450,3214141380,140,,,,PS-TPD-0750FNFAGU-L | TTP-0750AH2FLG,Full,750
56e95990-ed6e-4891-8a34-1c76f3af6230,Topower TOP-1000P12-ADJ ATX 1000W Semi-Modular,Topower,TOP-1000P12-ADJ,1000W ,,56e95990-ed6e-4891-8a34-1c76f3af6230.json,,1,1,0,3,0,2,4,,,,False,ATX,,,,,,,165,,,,TOP-1000P12-ADJ,Semi-Modular,1000
56ed5bb3-fc0f-4f58-ae21-a889fa94b1b0,1STPLAYER NGDP White ATX 3.0 1300W Fully Modular 80+ Platinum Certified,1STPLAYER,NGDP,1300W Platinum,,56ed5bb3-fc0f-4f58-ae21-a889fa94b1b0.json,WHITE,1,0,0,0,0,0,12,,,80+ Platinum,False,ATX,,,,,,,140,,,,NGDP-PLT-1300-WH-US,Full,1300
56ff2b09-4e75-4b64-a770-cd89579531f8,Thermaltake Toughpower SFX 600W Fully Modular 80+ Gold,Thermaltake,Toughpower,600W Gold,,56ff2b09-4e75-4b64-a770-cd89579531f8.json,BLACK,1,1,0,2,0,2,3,,,80+ Gold,False,SFX,B01KGCXMXS,,,,9SIAA9UJVX6728,170709564,100,,,,PS-STP-0600FPCGUS-G | PS-STP-0600FPCGEU-G | PS-STP-0600FPCGAU-G,Full,600
57023003-afe2-4171-ad7f-faaca5aeeb98,Silverstone DA850R-GMA Black 850W Fully Modular 80+ Gold Certified,Silverstone,DA850R-GMA,850W Gold,,57023003-afe2-4171-ad7f-faaca5aeeb98.json,BLACK,1,2,0,4,1,4,8,,,80+ Gold,False,ATX,,,,,,5363356177,140,,,,SST-DA850R-GMA | SST-AX0850MCGD-D,Full,850
5723071b-61f9-4189-b468-0a8f5d57e7f7,Sparkle SPI300T8AB-B204 Silver TFX 300W Non-Modular 80+ Bronze Certified,Sparkle,SPI300T8AB-B204,300W Bronze,,5723071b-61f9-4189-b468-0a8f5d57e7f7.json,GREY,1,0,0,0,0,0,3,,,80+ Bronze,False,TFX,,,,,,,,,,,SPI300T8AB-B204,Non-Modular,300
57349dd2-7c23-4c08-b76b-497db0e061d1,Thermaltake Toughpower DPS G RGB Titanium 850W Fully Modular 80+ Titanium,Thermaltake,Toughpower,850W Titanium,,57349dd2-7c23-4c08-b76b-497db0e061d1.json,,1,2,0,12,0,3,20,,,80+ Titanium,False,ATX,,,,,,,200,,,,PS-TPG-0850DPCTUS-T | TPG-850DH5FET | TPG-0850D-T,Full,850
573e63b8-70b6-4010-a1e3-56151b0965c1,FSP Group AU-1000PRO ATX 1000W Non-Modular 80+ Gold,FSP Group,AU-1000PRO,1000W Gold,,573e63b8-70b6-4010-a1e3-56151b0965c1.json,,1,2,0,6,0,8,10,,,80+ Gold,False,ATX,,,,,,,180,,,,AU-1000PRO,Non-Modular,1000
5747cad4-b7fb-43b3-a278-4c0710553901,Cooler Master V 650W Semi-Modular 80+ Gold,Cooler Master,V,650W Gold,,5747cad4-b7fb-43b3-a278-4c0710553901.json,,1,1,0,6,0,2,8,,,80+ Gold,False,ATX,,,,,,,139,,,,RS-650-AMAA-G1,Semi-Modular,650
57586109-c3e0-482e-abe8-c6af0b6825a8,FSP Group VITA-850GM Black ATX 850W Fully Modular 80+ Gold Certified,FSP Group,VITA-850GM,850W Gold,,57586109-c3e0-482e-abe8-c6af0b6825a8.json,BLACK,1,0,0,0,0,0,8,,,80+ Gold,False,ATX,B0DMR2FB12,,,,,14520660701,140,,,,VITA-850GM,Full,850
5761c4d2-3583-4cac-acfe-e2c719121652,Corsair RM850x SHIFT Side Interface 850W Fully Modular 80+ Gold Certified,Corsair,RM850x,850W Gold,,5761c4d2-3583-4cac-acfe-e2c719121652.json,BLACK,1,0,0,0,0,0,12,,,80+ Gold,False,ATX,B0BP8BJ7X4,6532109,,,N82E16817139302,1836822958,160,,,,CP-9020252-NA | CP-9020252-UK | CP-9020252-EU | CP-9020252-AU,Non-Modular,850
576b709f-bb65-4565-9244-c041802ea702,In Win P65F Black ATX 650W Non-Modular 80+ Gold Certified,In Win,P65F,650W Gold,,576b709f-bb65-4565-9244-c041802ea702.json,BLACK,1,1,0,3,0,2,6,,,80+ Gold,False,ATX,,,,,,,140,,,,IW-PS-PF650W,Non-Modular,650
5791f807-bd00-437d-833d-830b1db91abe,SeaSonic SS-350ET Bronze ATX 350W Non-Modular 80+ Bronze Certified,SeaSonic,SS-350ET,350W Bronze,,5791f807-bd00-437d-833d-830b1db91abe.json,,1,0,0,0,0,0,0,,,80+ Bronze,False,ATX,,,,,,,139,,,,SS-350ET Bronze,Non-Modular,350
579a262d-c1b5-4bf2-be18-66ba882ddf73,EVGA SuperNOVA 1000 P5 1000W 80+ Platinum Fully Modular,EVGA,SuperNOVA,1000W Platinum,,579a262d-c1b5-4bf2-be18-66ba882ddf73.json,BLUE | BLACK,1,2,0,4,0,8,12,,,80+ Platinum,False,ATX,B09C2QJ5W6,,,,N82E16817438222,739105642,150,,,,220-P5-1000-X1,Full,1000
57af05f2-030a-465f-b622-0588b53982a0,Antec VP 700W ATX 700W Non-Modular,Antec,VP,700W ,,57af05f2-030a-465f-b622-0588b53982a0.json,,1,1,0,4,0,4,6,,,,False,ATX,,,,,,,140,,,,VP-700P,Non-Modular,700
57d1c23c-3d66-42c3-9227-79d1f53f61d6,Thermalright TGFX650 White SFX 650W Fully Modular 80+ Gold Certified,Thermalright,TGFX650,650W Gold,,57d1c23c-3d66-42c3-9227-79d1f53f61d6.json,WHITE,1,0,0,0,0,0,6,,,80+ Gold,False,SFX,,,,,,,100,,,,TGFX650-W,Full,650
57e846da-8f03-4141-aab5-9a673d29e2b5,Cooler Master MWE Bronze V3 230V ATX 750W Non-Modular 80+ Bronze,Cooler Master,MWE,750W Bronze,,57e846da-8f03-4141-aab5-9a673d29e2b5.json,BLACK,1,2,0,3,0,4,6,,,80+ Bronze,False,ATX,,,,,,,140,,,,MPE-7501-ACABW-3BUK | MPE-7501-ACABW-3BAU | MPE-7501-ACABW-3BEU | MPE-7503-ACABW-3BKR | MPE-7501-ACABW-3BBR | MPE-7501-ACABW-3BTH | MPE-7501-ACABW-3BIN | MPE-7501-ACABW-3BST,Non-Modular,750
580aaf0c-b56c-4923-a2e2-660ef4c03bc1,Gigabyte UD850GM PG5 (rev. 2.0) 850 W 80+ Gold Certified Fully Modular ATX,Gigabyte,UD850GM,850W Gold,,580aaf0c-b56c-4923-a2e2-660ef4c03bc1.json,,1,2,0,3,1,4,8,,,80+ Gold,False,ATX,B0BVBH33TP,,,,N82E16817233040,2525981000,140,,,,GP-UD850GM PG5 2.0 | GP-UD850GM PG5 (rev. 2.0) | GP-UD850GM PG5 | GP-UD850GM PG5 REV2.0,Full,850
583d42fb-ea77-41b8-b69d-eb38d5184274,Thermaltake Toughpower XT 675W 80+ Bronze Certified Semi-Modular,Thermaltake,Toughpower,675W Bronze,,583d42fb-ea77-41b8-b69d-eb38d5184274.json,,1,2,0,6,0,2,6,,,80+ Bronze,False,ATX,,,,,,,160,,,,TPX-675M,Semi-Modular,675
584477c3-35a3-45b1-a8e2-dd6fd5ef55f8,Rosewill RV2-700 ATX 700W Non-Modular,Rosewill,RV2-700,700W ,,584477c3-35a3-45b1-a8e2-dd6fd5ef55f8.json,,1,1,0,5,0,1,6,,,,False,ATX,,,,,,,139,,,,RV2-700,Non-Modular,700
58486f3c-c041-4467-a175-f26630b96af1,Cougar CMX1200V3 ATX 1200W Semi-Modular 80+ Bronze Certified,Cougar,CMX1200V3,1200W Bronze,,58486f3c-c041-4467-a175-f26630b96af1.json,,1,1,0,4,0,6,10,,,80+ Bronze,False,ATX,,,,,,,160,,,,CMX1200V3,Semi-Modular,1200
5884ea57-d930-420f-8d88-bc53c83c746a,PowerSpec PS 650GSM Black 650W Semi-Modular 80+ Gold Certified ATX,PowerSpec,PS,650W Gold,,5884ea57-d930-420f-8d88-bc53c83c746a.json,BLACK,1,1,0,6,0,4,8,,,80+ Gold,False,ATX,,,,,,,160,,,,PS 650GSM,Semi-Modular,650
588a90e4-5d34-4db2-808f-5aab705c4162,Silverstone DA750 Gold 750W Fully Modular 80+ Gold,Silverstone,DA750,750W Gold,,588a90e4-5d34-4db2-808f-5aab705c4162.json,BLACK | WHITE,1,2,0,6,0,4,8,,,80+ Gold,False,ATX,B091SJBDYC,,,,2AM-0024-001C5,735745420,140,,,,SST-DA750-G | DA750-G,Full,750
58a40fe4-a059-40d9-9c30-40cbcee810dc,Rosewill G650 ATX 650W Semi-Modular 80+ Gold Certified,Rosewill,G650,650W Gold,,58a40fe4-a059-40d9-9c30-40cbcee810dc.json,,1,1,0,4,0,2,8,,,80+ Gold,False,ATX,,,,,,,160,,,,Capstone G650,Semi-Modular,650
58d1703c-bb94-406f-8ac1-7adc476371da,Corsair HX1200i (2025) Black 1200W Fully Modular 80+ Platinum Certified ATX,Corsair,HX1200i,1200W Platinum,,58d1703c-bb94-406f-8ac1-7adc476371da.json,BLACK,1,0,0,0,0,0,8,,,80+ Platinum,False,ATX,B0F1NF61BQ,6618664,,,,,200,,,,CP-9020307-NA | CP-9020307-AU | CP-9020307-WW | CP-9020307-UK | CP-9020307 | CP-9020307-EU,Full,1200
58f3ebf8-0eab-49a9-b2f4-cf3268f5ed72,NZXT HALE82N ATX 550W Non-Modular 80+ Bronze Certified,NZXT,HALE82N,550W Bronze,,58f3ebf8-0eab-49a9-b2f4-cf3268f5ed72.json,,1,0,0,0,0,0,8,,,80+ Bronze,False,ATX,,,,,,,140,,,,NP-1BN-0550A-US,Non-Modular,550
58fd33b8-8442-4374-b020-6a83cfd3cb6a,SeaSonic FOCUS 850W Semi-Modular 80+ Gold Certified,SeaSonic,FOCUS,850W Gold,,58fd33b8-8442-4374-b020-6a83cfd3cb6a.json,BLACK,1,1,0,3,0,6,8,,,80+ Gold,False,ATX,,,,,N82E16817151231,,140,,,,FOCUS GM-850,Semi-Modular,850
58ffc868-756c-4600-ad00-a964c00584f0,Corsair CX750F White / Black 750W 80+ Bronze Certified Fully Modular ATX,Corsair,CX750F,750W Bronze,,58ffc868-756c-4600-ad00-a964c00584f0.json,WHITE | BLACK,1,2,0,4,0,4,8,,,80+ Bronze,False,ATX,,,,,,,140,,,,CP-9020227-NA,Full,750
59156074-43e0-41d4-900b-ef2ea6fe091a,Kingwin Lazer Platinum 1000W Semi-Modular 80+ Platinum Certified,Kingwin,Lazer,1000W Platinum,,59156074-43e0-41d4-900b-ef2ea6fe091a.json,,1,2,0,3,0,5,12,,,80+ Platinum,False,ATX,,,,,,,169,,,,LZP-1000,Semi-Modular,1000
591a2b29-f24c-4514-b4a1-3dad0851d02b,Cooler Master G700 Black ATX 700W Non-Modular 80+ Gold Certified,Cooler Master,G700,700W Gold,,591a2b29-f24c-4514-b4a1-3dad0851d02b.json,BLACK,1,2,0,3,0,4,6,,,80+ Gold,False,ATX,B09HZFCFKY,,,,,,140,,,,MPW-7001-ACAAG-US | MPW-7001-ACAAG-BR | MPW-7001-ACAAG-JP | MPW-7001-ACAAG-AU | MPW-7001-ACAAG-UK | MPW-7001-ACAAG-ST | MPW-7001-ACAAG-IN | MPW-7001-ACAAG-TW | MPW-7001-ACAAG-WO | MPW-7001-ACAAG-EU | MPW-7001-ACAAG-KR,Non-Modular,700
59206e52-112e-44f1-8682-b38c4afe6fce,be quiet! Pure Power 10 700W 80+ Silver Certified Non-Modular ATX,be quiet!,Pure,700W Silver,,59206e52-112e-44f1-8682-b38c4afe6fce.json,,1,1,0,3,0,4,6,,,80+ Silver,False,ATX,,,,,,,150,,,,BN275,Non-Modular,700
59571630-a219-4b0e-aa05-ed7d4e55bd54,Thermaltake Toughpower GF A3 TT Premium Edition Black 850W Fully Modular 80+ Gold Certified ATX,Thermaltake,Toughpower,850W Gold,,59571630-a219-4b0e-aa05-ed7d4e55bd54.json,BLACK,1,2,0,4,1,5,12,,,80+ Gold,False,ATX,,,,,,,140,,,,PS-TPD-850FNFAGE-H,Full,850
5966c170-5847-4359-9b96-b29a10edbb32,FSP Group Hydro GE Black 650W Fully Modular 80+ Gold Certified,FSP Group,Hydro,650W Gold,,5966c170-5847-4359-9b96-b29a10edbb32.json,BLACK,1,1,0,0,0,4,12,,,80+ Gold,False,ATX,,,,,1HU-0095-00070,,170,,,,HGE650M,Full,650
59796799-d966-45f7-83ce-5558c3e384bf,FSP Group VITA BD Black ATX 850W Non-Modular 80+ Bronze Certified,FSP Group,VITA,850W Bronze,,59796799-d966-45f7-83ce-5558c3e384bf.json,BLACK,1,0,0,0,0,0,6,,,80+ Bronze,False,ATX,,,,,,,140,,,,VITA-850BD,Non-Modular,850
597f41a1-3f42-425d-90b2-084afb837273,Deepcool PN750M ATX 750W Fully Modular 80+ Gold Certified,DeepCool,PN750M,750W Gold,,597f41a1-3f42-425d-90b2-084afb837273.json,BLACK,1,0,0,0,0,0,8,,,80+ Gold,False,ATX,,,,,,,140,,,,R-PN750M-FC0B-US | PN750M | R-PN750M-FC0B-WO | R-PN750M-FC0B-UK | R-PN750M-FC0B-EU | PN750M-AMAZON,Full,750
5981c1df-086e-4894-a272-dcf316de8320,SeaSonic FOCUS SGX (2021) Black SFX 750W Fully Modular 80+ Gold Certified,SeaSonic,FOCUS,750W Gold,,5981c1df-086e-4894-a272-dcf316de8320.json,BLACK,1,0,0,0,0,0,6,,,80+ Gold,False,SFX,B09TDV18HG,,,,,735899449,100,,,,FOCUS SGX-750 | SSR-750SGX | SSR-750SGX V2(2021) | FOCUS-SGX-750,Full,750
5997495c-27b5-4f67-a7de-1babe4261b93,be quiet! Dark Power Pro 10 750W Semi-Modular 80+ Gold,be quiet!,Dark,750W Gold,,5997495c-27b5-4f67-a7de-1babe4261b93.json,,1,2,0,8,0,6,9,,,80+ Gold,False,ATX,,,,,,,180,,,,BN602 | BN202,Semi-Modular,750
59a93c85-5bda-4e5b-b9a8-40ec18ef09ec,Thermaltake Litepower GEN2 230V Black ATX 450W Non-Modular,Thermaltake,Litepower,450W ,,59a93c85-5bda-4e5b-b9a8-40ec18ef09ec.json,BLACK,1,1,0,4,0,2,4,,,,False,ATX,,,,,,,140,,,,PS-LTP-0450NPCNAU-2,Non-Modular,450
59aa6b19-32dd-45b8-b7e3-e53eafad82e3,GAMDIAS HELIOS P2-750G Black 750W Non-Modular 80+ Gold Certified,GAMDIAS,HELIOS,750W Gold,,59aa6b19-32dd-45b8-b7e3-e53eafad82e3.json,BLACK,1,1,0,3,1,2,6,,,80+ Gold,False,ATX,,,,,,,140,,,,HELIOS P2-750G,Non-Modular,750
59ab914c-4404-453f-b30d-0038be8f4c55,MSI MAG Black A750GL PCIE5 II 750W Fully Modular 80+ Gold,MSI,MAG,750W Gold,,59ab914c-4404-453f-b30d-0038be8f4c55.json,BLACK,1,2,0,4,1,3,8,,,80+ Gold,False,ATX,,,,,,,140,,,,MAG A750GL PCIE5 II,Full,750
59c00cd8-3b51-4a68-90bd-fb86067d5e19,Super Flower Golden Green HX 450W Non-Modular 80+ Gold,Super Flower,Golden,450W Gold,,59c00cd8-3b51-4a68-90bd-fb86067d5e19.json,,1,1,0,4,0,2,4,,,80+ Gold,False,ATX,,,,,,,145,,,,SF-450P14XE (HX),Non-Modular,450
59c2a311-e16c-4bfb-b64b-9dc3e6e7e041,EVGA SuperNOVA 650 P6 650 W 80+ Platinum Certified Fully Modular ATX Power Supply,EVGA,SuperNOVA P6,650W,,59c2a311-e16c-4bfb-b64b-9dc3e6e7e041.json,,1,1,1,4,0,3,6,,,80+ Platinum,False,ATX,B09D8T9WWJ,,,,N82E16817438217,805072217,140,,,,9B17-438-217 | 220-P6-0650-X1,Full,650
59d493f1-c403-4993-8e19-6335e8645599,Cougar POLAR X2 White / Gray 1200W Fully Modular 80+ Platinum Certified,Cougar,POLAR,1200W Platinum,,59d493f1-c403-4993-8e19-6335e8645599.json,WHITE | GREY,1,2,0,4,1,7,12,,,80+ Platinum,False,ATX,,,,,,,180,,,,CGR PRX2-1200 | 31PX120001P01,Full,1200
59d5ec26-0595-404c-a744-88601861a358,Montech TITAN PLA White 1200W Fully Modular 80+ Platinum Certified,Montech,TITAN,1200W Platinum,,59d5ec26-0595-404c-a744-88601861a358.json,WHITE,1,2,0,4,1,2,12,,,80+ Platinum,False,ATX,,,,,,,160,,,,TITAN PLA 1200W | TITAN PLA 1200 | TITANPLA1200WW,Full,1200
59dbfe3a-cb54-4201-b2c2-b4c6d980593c,NZXT C (2019) Black 650W Fully Modular 80+ Gold,NZXT,C,650W Gold,,59dbfe3a-cb54-4201-b2c2-b4c6d980593c.json,BLACK,1,1,0,6,0,4,8,,,80+ Gold,False,ATX,B082DYQCZC,,,,9SIAG1PBBC6370,102835315,150,,,,NP-C650M-US | NP-C650M-UK | NP-C650M-EU | NP-C650M-AU | NP-C650M-JP | NP-C650M-WO,Full,650
59e2cdaa-7d80-498f-b659-87c5e268efaa,CV Series CV650 — 650 Watt 80 Plus® Bronze Certified PSU,Corsair,CV Series,,0,59e2cdaa-7d80-498f-b659-87c5e268efaa.json,,1,1,0,1,0,2,7,,,80+ Bronze,False,ATX,B08MBBQBRB,,,,9SIAUNCJK68934,,125,,,,CP-9020236-NA | CP-9020236,Non-Modular,650
5a0f0f09-371a-4c49-ae82-6414c0861b35,Corsair HX1200 Platinum 1200W Fully Modular 80+ Platinum,Corsair,HX1200,1200W Platinum,,5a0f0f09-371a-4c49-ae82-6414c0861b35.json,,1,0,0,0,0,0,16,,,80+ Platinum,False,ATX,B01MZ8A8NW,,,,9SIB8AKKAN6956,276096344,200,,,,CP-9020140-NA | CP-9020140-WW | CP-9020140-UK | CP-9020140-EU | CP-9020140-AU | CP-9020140-CN | CP-9020140-JP | CP-9020140-KR,Full,1200
5a1668b7-4339-4473-b693-560801373594,MSI MAG A550BN Black 550W Non-Modular 80+ Bronze Certified,MSI,MAG,A550BN,2021,5a1668b7-4339-4473-b693-560801373594.json,BLACK,1,1,1,2,0,2,5,,,80+ Bronze,False,ATX,B0991W1HKT,,,https://www.msi.com/Power-Supply/MAG-A550BN/Specification,N82E16817701012,3421448202,140,,2026-03-18T19:28:45.729Z,Black,MAG A550BN | 306-7ZP2A11-CE0,Non-Modular,550
5a2a7fb6-44f4-407a-a014-4b2b213da44a,Cooler Master MWE Gold V2 White ATX3.0 ATX 850W Fully Modular 80+ Gold Certified,Cooler Master,MWE,850W Gold,,5a2a7fb6-44f4-407a-a014-4b2b213da44a.json,WHITE,1,2,0,4,1,4,12,,,80+ Gold,False,ATX,,,,,,,160,,,,MPE-8501-AFAAG-3G | MPE-8501-AFAAG-3GUS | MPE-8501-AFAAG-3GUK | MPE-8501-AFAAG-3GAU | MPE-8501-AFAAG-3GEU | MPE-8501-AFAAG-3GWO | MPE-8501-AFAAG-3GU2,Full,850
5a4ef8d0-26c9-4c63-a0a2-af85ac4f9016,Aerocool GT-1050SG 1050W Semi-Modular 80+ Gold Certified,Aerocool,GT-1050SG,1050W Gold,,5a4ef8d0-26c9-4c63-a0a2-af85ac4f9016.json,,1,2,0,6,0,6,8,,,80+ Gold,False,ATX,,,,,,,180,,,,GT-1050SG,Semi-Modular,1050
5a525b41-1b5f-4588-9b62-9dfadc431b56,Rosewill RX850-S-B ATX 850W Non-Modular 80+ Certified,Rosewill,RX850-S-B,850W 80+,,5a525b41-1b5f-4588-9b62-9dfadc431b56.json,,1,2,0,6,0,0,6,,,80+,False,ATX,,,,,,,157,,,,RX850-S-B,Non-Modular,850
5a659beb-7316-4ef1-b6a8-e76a6bcd0855,Silverstone Nightjar Fanless ATX 520W Fully Modular 80+ Platinum Certified,Silverstone,Nightjar,520W Platinum,,5a659beb-7316-4ef1-b6a8-e76a6bcd0855.json,,1,1,0,6,0,4,6,,,80+ Platinum,True,ATX,,,,,,,160,,,,NJ520 | SST-NJ520,Full,520
5a6a02a8-adac-427b-93f7-39369dcd8474,Cooler Master Elite V3 Black 600W Non-Modular 80+,Cooler Master,Elite,600W 80+,,5a6a02a8-adac-427b-93f7-39369dcd8474.json,BLACK,1,1,0,3,0,2,6,,,80+,False,ATX,B07BDPXVMF,,,,,292056511,140,,,,MPW-6001-ACAAN1-US,Non-Modular,600
5aa362db-1f9c-468d-beb1-0d94ad6f06a0,Thermaltake TR2 ATX 500W Non-Modular,Thermaltake,TR2,500W ,,5aa362db-1f9c-468d-beb1-0d94ad6f06a0.json,,1,1,0,6,0,1,5,,,,False,ATX,,,,,,,139,,,,W0379RU,Non-Modular,500
5ab89ca7-d2d9-4c71-99a1-cdd6d7f3f2b5,OCZ ModXStream Pro 500W 80+ Certified Semi-Modular,OCZ,ModXStream,500W 80+,,5ab89ca7-d2d9-4c71-99a1-cdd6d7f3f2b5.json,,1,1,0,4,0,1,6,,,80+,False,ATX,,,,,,,165,,,,OCZ500MXSP,Semi-Modular,500
5ac2a34f-275f-4dcd-865c-d72cc1758c23,ADATA XPG CORE Reactor 750 Black 750W Fully Modular 80+ Gold Certified ATX,ADATA,XPG,750W Gold,,5ac2a34f-275f-4dcd-865c-d72cc1758c23.json,BLACK,1,2,0,4,0,6,12,,,80+ Gold,False,ATX,B07ZRWYMNW,,,,,,140,,,,COREREACTOR750G-BKCUS | 75260051 | 75260050 | COREREACTOR750G-BKCJP,Full,750
5ac723e6-c065-4889-b7d5-200ff012d2d8,FSP Group CANNON PRO (230V) ATX 2000W Fully Modular 80+ Gold Certified,FSP Group,CANNON,2000W Gold,,5ac723e6-c065-4889-b7d5-200ff012d2d8.json,BLACK,1,2,0,5,0,18,14,,,80+ Gold,False,ATX,,,,,,,200,,,,Cannon Pro 2000,Full,2000
5aced89f-318c-49a5-b804-6f1d53f98827,Zalman zm-400-LE ATX 400W Non-Modular,Zalman,zm-400-LE,400W ,,5aced89f-318c-49a5-b804-6f1d53f98827.json,,1,1,0,3,0,0,4,,,,False,ATX,,,,,,,139,,,,zm-400-LE,Non-Modular,400
5ae34599-0234-4021-a97e-232aab3b6e25,"EVGA SuperNOVA 850 P2, 80+ PLATINUM 850W, Fully Modular , EVGA ECO Mode, 10 Year Warranty , Includes FREE Power On Self Tester Power Supply",EVGA,SuperNOVA P2,,0,5ae34599-0234-4021-a97e-232aab3b6e25.json,,1,2,1,4,0,4,10,,,80+ Platinum,False,ATX,B010HWDOH6,,,,9SIB8AKKCT9708,48714413,165,,,,220-P2-0850-X1,Full,850
5ae49eac-ac40-470d-b618-e2f21d404962,FSP Group HEXA Black 85+ PRO 750W Non-Modular 80+ Bronze,FSP Group,HEXA,750W Bronze,,5ae49eac-ac40-470d-b618-e2f21d404962.json,BLACK,1,2,0,2,0,4,8,,,80+ Bronze,False,ATX,,,,,,,140,,,,HA2-750,Non-Modular,750
5ae9eafa-7986-4f37-81b3-6b58eea8d771,FSP Group VITA BD 750W Non-Modular 80+ Bronze Certified ATX,FSP Group,VITA,750W Bronze,,5ae9eafa-7986-4f37-81b3-6b58eea8d771.json,BLACK,1,0,0,0,0,0,6,,,80+ Bronze,False,ATX,,,,,,,140,,,,VITA-750BD,Non-Modular,750
5aff388c-c8d4-40af-a4fb-89ea9ca8b453,YEYIAN Raiden RGB 650W Non-Modular 80+ Bronze Certified,YEYIAN,Raiden,650W Bronze,,5aff388c-c8d4-40af-a4fb-89ea9ca8b453.json,BLACK,1,1,0,5,0,2,6,,,80+ Bronze,False,ATX,,,,,,,160,,,,YFR-46201,Non-Modular,650
5b38b35a-c49a-4316-91ac-ec96487a64fd,Silverstone Strider 650W Non-Modular 80+ Bronze,Silverstone,Strider,650W Bronze,,5b38b35a-c49a-4316-91ac-ec96487a64fd.json,,1,0,0,0,0,0,6,,,80+ Bronze,False,ATX,,,,,,,140,,,,ST65EF | SST-ST65EF,Non-Modular,650
5b3a25ef-e702-4ebd-93ff-4c5df9789abe,Thermaltake TR2 1000W Semi-Modular 80+,Thermaltake,TR2,1000W 80+,,5b3a25ef-e702-4ebd-93ff-4c5df9789abe.json,,1,1,0,8,0,0,8,,,80+,False,ATX,,,,,,,180,,,,TRX-1000M,Semi-Modular,1000
5b3bc43b-a06f-47b2-823a-c13c816f0aa5,HEC HEC200SAFX Mini-ITX 200W Non-Modular,HEC,HEC200SAFX,200W ,,5b3bc43b-a06f-47b2-823a-c13c816f0aa5.json,,1,0,0,3,0,0,1,,,,False,Mini-ITX,,,,,,,,,,,HEC200SAFX,Non-Modular,200
5b42e7c5-9dbb-48ad-9d21-4d598369bc4e,EVGA SuperNOVA 650 GT 650 W 80+ Gold Certified Fully Modular ATX,EVGA,SuperNOVA,650W Gold,,5b42e7c5-9dbb-48ad-9d21-4d598369bc4e.json,,1,1,0,3,0,3,6,,,80+ Gold,False,ATX,,,,,,,150,,,,220-GT-0650-Y1,Full,650
5b63b3c6-f1fe-4a13-979b-fb8613ff073f,be quiet! Straight Power 11 ATX 750W Fully Modular 80+ Gold Certified,be quiet!,Straight,750W Gold,,5b63b3c6-f1fe-4a13-979b-fb8613ff073f.json,,1,0,0,0,0,0,11,,,80+ Gold,False,ATX,B07CXGWTG3,,,,,,170,,,,BN283 | BN619,Full,750
5b6c7c01-4ed6-4e21-8fd1-86594b567c78,Enermax ENP650AWT B 650W Non-Modular 80+ Bronze,Enermax,ENP650AWT,650W Bronze,,5b6c7c01-4ed6-4e21-8fd1-86594b567c78.json,,1,1,0,4,0,2,7,,,80+ Bronze,False,ATX,,,,,,,,,,,ENP650AWT B,Non-Modular,650
5b722a9e-df1b-4bb5-b4ac-be287e73e8ef,In Win IP-P300BN7-2 ATX 300W Non-Modular 80+,In Win,IP-P300BN7-2,300W 80+,,5b722a9e-df1b-4bb5-b4ac-be287e73e8ef.json,,1,0,0,2,0,0,2,,,80+,False,ATX,B002JTJFY2,,,,,,,,,,IP-P300BN7-2 | 89890,Non-Modular,300
5b78230a-85bf-471f-8462-0124ab43c319,be quiet! Pure Power 12 M 1200W 80+ Gold Certified Fully Modular,be quiet!,Pure,1200W Gold,,5b78230a-85bf-471f-8462-0124ab43c319.json,BLACK,1,0,0,0,0,0,6,,,80+ Gold,False,ATX,B0C6F2LM22,,,,1HU-004H-000S9,5149111548,160,,,,BN513 | BN346 | BN729,Full,1200
5b7c14bc-1df9-4975-b854-e67c0df70e14,be quiet! DARK POWER 14 1000W,be quiet!,DARK POWER 14,1000W,2025,5b7c14bc-1df9-4975-b854-e67c0df70e14.json,BLACK,1,2,,,1,4,13,Cybenetics Titanium,Cybenetics A++,80+ Titanium,True,ATX,,,,https://www.bequiet.com/en/powersupply/7333,,,175,None,,Black,BP020UK,Full,1000
5b86f735-42b4-4cdf-a30d-533ba38915a3,HEC X-Power Pro 600 600W Non-Modular,HEC,X-Power,600W ,,5b86f735-42b4-4cdf-a30d-533ba38915a3.json,,1,1,0,4,0,1,3,,,,False,ATX,,,,,,,165,,,,X-Power Pro 600,Non-Modular,600
5b8ce30d-efe8-4851-a4bb-a13dffb7fd2e,Cougar CMX700V3 ATX 700W Semi-Modular 80+ Bronze Certified,Cougar,CMX700V3,700W Bronze,,5b8ce30d-efe8-4851-a4bb-a13dffb7fd2e.json,,1,1,0,3,0,4,8,,,80+ Bronze,False,ATX,,,,,,,160,,,,CMX700V3 | 31TK070.0064 | CGR B2-700CM,Semi-Modular,700
5ba35bb4-8564-4c25-a266-00d87708efee,Super Flower Leadex V Platinum Pro White 850W Fully Modular 80+ Platinum Certified,Super Flower,Leadex,850W Platinum,,5ba35bb4-8564-4c25-a266-00d87708efee.json,WHITE,1,2,0,4,0,3,9,,,80+ Platinum,False,ATX,,,,,,,130,,,,SF-850F14TP,Full,850
5badfc19-360b-4fba-b5da-d3bba1eb5d99,Sentey MBP HM 650W Semi-Modular 80+ Bronze Certified,Sentey,MBP,650W Bronze,,5badfc19-360b-4fba-b5da-d3bba1eb5d99.json,BLACK,1,1,0,4,0,1,6,,,80+ Bronze,False,ATX,,,,,,,160,,,,MBP650-HM,Semi-Modular,650
5baeada4-1775-4169-b0e8-b811b57fb82d,Thermaltake TR2 750W 80+ Bronze Certified Semi-Modular,Thermaltake,TR2,750W Bronze,,5baeada4-1775-4169-b0e8-b811b57fb82d.json,,1,1,0,7,0,2,7,,,80+ Bronze,False,ATX,,,,,,,160,,,,W0382RU,Semi-Modular,750
5bba0bb4-b1a5-4bb2-b727-aba55a8aeec7,be quiet! Pure Power 11 550W Fully Modular 80+ Gold Certified,be quiet!,Pure,550W Gold,,5bba0bb4-b1a5-4bb2-b727-aba55a8aeec7.json,BLACK,1,1,0,2,0,2,9,,,80+ Gold,False,ATX,B0948R8MZB,,,,,,165,,,,BN670 | BN317 | BN960,Full,550
5bbbaa5f-f889-4ff1-a6c5-a64afbbc3acc,ASRock Steel Legend SL-1000G Black 1000W Fully Modular 80+ Gold,ASRock,Steel,1000W Gold,,5bbbaa5f-f889-4ff1-a6c5-a64afbbc3acc.json,BLACK,1,2,0,3,1,3,9,,,80+ Gold,False,ATX,B0DNL6G97H,,,,N82E16817955008,14393972783,150,,,,SL-1000G | 90-UXS100-GFUAAA,Full,1000
5bbd3e76-c788-4877-a38f-b432273a7f61,In Win Commander III 600 600W Semi-Modular 80+ Gold Certified,In Win,Commander,600W Gold,,5bbd3e76-c788-4877-a38f-b432273a7f61.json,,1,1,0,3,0,4,9,,,80+ Gold,False,ATX,,,,,,,160,,,,Commander III 600,Semi-Modular,600
5bc065c6-56db-4fca-a3a6-9dfef30b2bc7,GameMax RGB Rainbow 750W Fully Modular 80+ Gold Certified ATX,GameMax,RGB,750W Gold,,5bc065c6-56db-4fca-a3a6-9dfef30b2bc7.json,BLACK,1,2,0,3,0,2,8,,,80+ Gold,False,ATX,B0C6T6XB36,,,,1HU-0249-00008,,170,,,,RGB-750,Full,750
5bc47a3b-5377-4f40-a292-cb8a32ca6ff1,Thermaltake TR2 500W Non-Modular 80+ Bronze,Thermaltake,TR2,500W Bronze,,5bc47a3b-5377-4f40-a292-cb8a32ca6ff1.json,,1,1,0,4,0,2,6,,,80+ Bronze,False,ATX,,,,,,,140,,,,PS-TR2-0500NPCBUS-B,Non-Modular,500
5bc6771e-2a00-4165-abaa-7f2061a7109d,GameMax GX-750 Black ATX 750W Fully Modular 80+ Gold,GameMax,GX-750,750W Gold,,5bc6771e-2a00-4165-abaa-7f2061a7109d.json,BLACK,1,2,0,3,0,4,6,,,80+ Gold,False,ATX,,,,,,,160,,,,GX-750 Modular,Full,750
5bc6ae31-26a7-4719-9d58-b18eeaf9dddd,Deepcool PN750M White 750W 80+ Gold Fully Modular,DeepCool,PN750M,750W Gold,,5bc6ae31-26a7-4719-9d58-b18eeaf9dddd.json,WHITE,1,2,0,2,1,3,8,,,80+ Gold,False,ATX,,,,,,,140,,,,R-PN750M-FC0W-US | PN750M WH | R-PN750M-FC0W-UK | R-PN750M-FC0W-WO | R-PN750M-FC0W-EU,Full,750
5bcb146f-a936-4678-9f0e-1ce709a78500,Corsair RM850 (2019) Black 850W Fully Modular 80+ Gold Certified ATX,Corsair,RM850,850W Gold,,5bcb146f-a936-4678-9f0e-1ce709a78500.json,BLACK,1,2,0,4,0,6,12,,,80+ Gold,False,ATX,,,,,,,160,,,,CP-9020196-NA | CP-9020196-UK | CP-9020196-AU | CP-9020196-WW | CP-9020196-EU,Full,850
5bda0354-601b-4ec7-90cf-25821a89b41e,EVGA W3 Black ATX 600W Non-Modular 80+ Certified,EVGA,W3,600W 80+,,5bda0354-601b-4ec7-90cf-25821a89b41e.json,BLACK,1,1,0,3,0,2,6,,,80+,False,ATX,,,,,,,140,,,,100-W3-0600-K1,Non-Modular,600
5bddcf0a-8c8a-498d-b52a-7eac93f05872,EVGA SuperNOVA 1000 G7 1000W 80+ Gold Certified Fully Modular ATX,EVGA,SuperNOVA,1000W Gold,,5bddcf0a-8c8a-498d-b52a-7eac93f05872.json,BLACK | BLUE,1,2,0,4,0,8,12,,,80+ Gold,False,ATX,B0B2J3B6KN,,,,,1983322978,130,,,,220-G7-1000-X1,Full,1000
5be244a7-a982-4e89-bfd9-98ef37bd84ca,Rosewill LP-6100C ATX 300W Non-Modular,Rosewill,LP-6100C,300W ,,5be244a7-a982-4e89-bfd9-98ef37bd84ca.json,,1,0,0,6,0,0,2,,,,False,ATX,,,,,,,,,,,LP-6100C,Non-Modular,300
5be814bd-73fa-4886-87dd-b392ef10d58d,FSP Group Hydro PTM X PRO Black 850W Fully Modular 80+ Platinum Certified,FSP Group,Hydro,850W Platinum,,5be814bd-73fa-4886-87dd-b392ef10d58d.json,BLACK,1,2,0,3,0,6,12,,,80+ Platinum,False,ATX,,,,,,,130,,,,HPT3-850M,Full,850
5c00821a-f577-4e53-bba7-d0619e3d08e8,Super Flower Leadex V Pro Black / Gold ATX 1000W Fully Modular 80+ Gold Certified,Super Flower,Leadex,1000W Gold,,5c00821a-f577-4e53-bba7-d0619e3d08e8.json,BLACK | GOLD,1,2,0,4,0,8,12,,,80+ Gold,False,ATX,,,,,1HU-024C-00035,,130,,,,SF-1000F14TG,Full,1000
5c2a0b8a-8ea2-4230-9884-4bbcae9a3b38,Logisys PS550E12BK ATX 550W Non-Modular,Logisys,PS550E12BK,550W ,,5c2a0b8a-8ea2-4230-9884-4bbcae9a3b38.json,,1,0,0,0,0,0,2,,,,False,ATX,,,,,,,,,,,PS550E12BK,Non-Modular,550
5c2e22dc-6bc0-4238-ad30-3978217497da,Lian Li SP SFX 750W Fully Modular 80+ Gold Certified,Lian Li,SP,750W Gold,,5c2e22dc-6bc0-4238-ad30-3978217497da.json,BLACK,1,0,0,0,0,0,8,,,80+ Gold,False,SFX,B09HJND3Q4,,,,,,100,,,,SP750 | G89.SP750B.00EU,Full,750
5c4551d2-0733-435b-b287-977f344f35e1,EVGA SuperNOVA 450 GM SFX 450W Fully Modular 80+ Gold,EVGA,SuperNOVA,450W Gold,,5c4551d2-0733-435b-b287-977f344f35e1.json,BLACK,1,1,0,4,0,2,4,,,80+ Gold,False,SFX,B07JFLNG3B,,,,9SIB8AKKCT9705,409472287,100,,,,123-GM-0450-Y1 | 123-GM-0450-Y2 | 123-GM-0450-Y3 | 450 GM,Full,450
5c80ed91-dd82-4a36-924f-01702b819294,OCZ EliteXStream 800W Non-Modular 80+,OCZ,EliteXStream,800W 80+,,5c80ed91-dd82-4a36-924f-01702b819294.json,,1,1,0,8,0,4,8,,,80+,False,ATX,,,,,,,160,,,,OCZ800EXS,Non-Modular,800
5c906524-ba2a-4feb-9e6e-bf0275660758,EVGA SuperNOVA 1200 P2 1200W 80+ Platinum Fully Modular,EVGA,SuperNOVA,1200W Platinum,,5c906524-ba2a-4feb-9e6e-bf0275660758.json,,1,2,0,5,0,6,12,,,80+ Platinum,False,ATX,B00KYK1CKI,,,,,38398746,200,,,,220-P2-1200-X1 | 220-P2-1200-X4 | 220-P2-1200-X3 | 220-P2-1200-X2,Full,1200
5c91bb21-0a6a-4ccf-a1df-7006e5b0077f,FSP Group FSP220-60LE(80) Mini-ITX 220W Non-Modular 80+ Certified,FSP Group,FSP220-60LE(80),220W 80+,,5c91bb21-0a6a-4ccf-a1df-7006e5b0077f.json,,1,0,0,0,0,0,0,,,80+,False,Mini-ITX,B0015PSYHA,,,,,,150,,,,FSP220-60LE(80),Non-Modular,220
5ca9a4b3-942e-4170-be28-8f79fcb02f9f,FSP Group FSP300-60LG-5K Silver Flex ATX 300W Non-Modular 80+ Bronze,FSP Group,FSP300-60LG-5K,300W Bronze,,5ca9a4b3-942e-4170-be28-8f79fcb02f9f.json,GREY,1,0,0,2,0,0,3,,,80+ Bronze,False,Flex ATX,B00QQ6871G,,,,,,150,,,,FSP300-60LG-5K,Non-Modular,300
5cc6bf17-94c5-4f0c-94fc-071d52ab471a,Rosewill Capstone G850 850W Semi-Modular 80+ Gold Certified,Rosewill,Capstone,850W Gold,,5cc6bf17-94c5-4f0c-94fc-071d52ab471a.json,,1,2,0,4,0,6,10,,,80+ Gold,False,ATX,,,,,,,160,,,,Capstone G850,Semi-Modular,850
5ccd6938-b5da-43d7-9dbf-0443aabd8484,Super Flower Leadex III Super Pro Black ATX 650W Fully Modular 80+ Bronze Certified,Super Flower,Leadex,650W Bronze,,5ccd6938-b5da-43d7-9dbf-0443aabd8484.json,BLACK,1,2,0,4,0,4,6,,,80+ Bronze,False,ATX,,,,,,,150,,,,SF-650R14HE,Full,650
5cdecc29-40cf-42a1-b18e-d54e94ad3bc0,be quiet! Pure Power 12 Black 550W Non-Modular 80+ Gold,be quiet!,Pure,550W Gold,,5cdecc29-40cf-42a1-b18e-d54e94ad3bc0.json,BLACK,1,1,0,1,1,2,5,,,80+ Gold,False,ATX,,,,,,,160,,,,BP001US | BP001EU | BP001U2,Non-Modular,550
5ce2c31d-67e6-4bac-9bf4-67435b36a939,Thermaltake Toughpower GX1 RGB Black 500W Non-Modular 80+ Gold,Thermaltake,Toughpower,500W Gold,,5ce2c31d-67e6-4bac-9bf4-67435b36a939.json,BLACK,1,1,0,4,0,2,6,,,80+ Gold,False,ATX,,,,,,,140,,,,PS-TPD-0500NHFAGU-1,Non-Modular,500
5cfcb42d-a9a2-4a5b-9553-54692b67952c,Corsair RM750e (2022) 750W 80+ Gold Certified Fully Modular ATX,Corsair,RM750e,750W Gold,,5cfcb42d-a9a2-4a5b-9553-54692b67952c.json,BLACK,1,0,0,0,0,0,7,,,80+ Gold,False,ATX,B0BN234QRZ,,,,,,140,,,,CP-9020248-NA | CP-9020248-AU | CP-9020248-EU | CP-9020248-UK,Full,750
5cfde0ed-401b-403f-a8f9-0330a8692729,be quiet! PURE POWER 9 CM 600W Semi-Modular 80+ Silver,be quiet!,PURE,600W Silver,,5cfde0ed-401b-403f-a8f9-0330a8692729.json,,1,1,0,3,0,4,6,,,80+ Silver,False,ATX,,,,,,,160,,,,BN268 | BN668,Semi-Modular,600
5d25ced6-8386-42bc-9c22-c34434d9e813,Thermaltake Toughpower Grand RGB 650 SE Black 650W Fully Modular 80+ Gold Certified,Thermaltake,Toughpower,650W Gold,,5d25ced6-8386-42bc-9c22-c34434d9e813.json,BLACK,1,1,0,4,0,4,9,,,80+ Gold,False,ATX,,,,,,,160,,,,PS-TPG-0650FPCGUS-S,Full,650
5d37a265-7596-4825-8196-a0e1fa70d33c,Rosewill CFZ ATX 600W Semi-Modular 80+ Bronze Certified,Rosewill,CFZ,600W Bronze,,5d37a265-7596-4825-8196-a0e1fa70d33c.json,BLACK,1,1,0,3,0,2,6,,,80+ Bronze,False,ATX,B00S8NOAJ8,,,,,52043658,140,,,,CFZ600 | Glacier 600M,Semi-Modular,600
5d518481-27ea-4e39-b7fb-37a55cb0a71b,Cooler Master MWE Gold V2 Black 1050W 80+ Gold Certified Fully Modular ATX,Cooler Master,MWE,1050W Gold,,5d518481-27ea-4e39-b7fb-37a55cb0a71b.json,BLACK,1,2,0,4,0,6,12,,,80+ Gold,False,ATX,,,,,,,180,,,,MPE-A501-AFCAG-US | MPE-A501-AFCAG-UK | MPE-A501-AFCAG-JP | MPE-A501-AFCAG-EU | MPE-A501-AFCAG-WO | MPE-A501-AFCAG-AU,Full,1050
5d5fed12-bd7e-4aa0-8dab-2eb2fe70bad8,Cooler Master Elite NEX Black 700W Non-Modular 80+,Cooler Master,Elite,700W 80+,,5d5fed12-bd7e-4aa0-8dab-2eb2fe70bad8.json,BLACK,1,0,0,0,0,0,5,,,80+,False,ATX,,,,,,,140,,,,MPW-7001-ACBW-BE1,Non-Modular,700
5d8ca44a-397c-4746-b363-ac9d04f230af,Corsair TX750M ATX 750W Semi-Modular 80+ Bronze Certified,Corsair,TX750M,750W Bronze,,5d8ca44a-397c-4746-b363-ac9d04f230af.json,,1,1,0,6,0,4,8,,,80+ Bronze,False,ATX,,,,,,,160,,,,TX750M | CP-9020003-UK | CP-9020040-NA,Semi-Modular,750
5da0b01f-12b7-4ba8-b7d2-f4acfd5707a4,Corsair RM650 650W Fully Modular 80+ Gold Certified,Corsair,RM650,650W Gold,,5da0b01f-12b7-4ba8-b7d2-f4acfd5707a4.json,,1,1,0,7,0,4,8,,,80+ Gold,False,ATX,,,,,,,,,,,RM650 | CP-9020054-UK | CP-9020054-NA | CP-9020054-EU,Full,650
5da66a92-a3da-415d-976d-4c757876f412,FSP Group Hydro G 750W 80+ Gold Fully Modular,FSP Group,Hydro,750W Gold,,5da66a92-a3da-415d-976d-4c757876f412.json,,1,2,0,6,0,4,12,,,80+ Gold,False,ATX,,,,,,,170,,,,HG750,Full,750
5db5dd7d-ee97-4741-82b8-8b17f7af0ba0,Corsair HX1200i (2024) ATX 1200W Fully Modular 80+ Platinum Certified,Corsair,HX1200i,1200W Platinum,,5db5dd7d-ee97-4741-82b8-8b17f7af0ba0.json,BLACK,1,0,0,0,0,0,8,,,80+ Platinum,False,ATX,B0CTR6PK19,6577051,,,N82E16817139325,5505161874,200,,,,CP-9020281-NA | CP-9020281-AU | CP-9020281-UK | CP-9020281-WW | CP-9020281-EU | CP9020281NA,Full,1200
5e0cedfb-de5d-464c-bde7-56c8ded73d30,EVGA SuperNOVA 750 GA 750W 80+ Gold Certified Fully Modular,EVGA,SuperNOVA,750W Gold,,5e0cedfb-de5d-464c-bde7-56c8ded73d30.json,BLACK,1,0,0,0,0,0,6,,,80+ Gold,False,ATX,B07WW1XF51,6459381,,,1HU-00J7-004V2,809614754,150,,,,220-GA-0750-X1,Full,750
5e0f384c-d788-4b14-9698-f5c66956e407,Sparkle FSP300-60THA 300W Non-Modular,Sparkle,FSP300-60THA,300W ,,5e0f384c-d788-4b14-9698-f5c66956e407.json,,1,0,0,6,0,0,2,,,,False,ATX,,,,,,,,,,,FSP300-60THA,Non-Modular,300
5e1e9916-d875-4a91-a0eb-83dfa529fd73,Corsair VS650 (2018) ATX 650W Non-Modular 80+,Corsair,VS650,650W 80+,,5e1e9916-d875-4a91-a0eb-83dfa529fd73.json,,1,0,0,0,0,0,6,,,80+,False,ATX,B078HJ2RCW,,,,9SIB8AKKAN3204,844597296,125,,,,CP-9020172-NA | CP-9020172-UK,Non-Modular,650
5e4148fa-fd1c-4003-94f6-e4392779ae8e,Cooler Master MWE GOLD V2 Black 550W Fully Modular 80+ Gold Certified,Cooler Master,MWE,550W Gold,,5e4148fa-fd1c-4003-94f6-e4392779ae8e.json,BLACK,1,2,0,4,0,2,8,,,80+ Gold,False,ATX,,,,,,,160,,,,MPE-5501-AFAAG,Full,550
5e4ac95c-cac2-4d52-b81b-e9082066f053,Thermaltake Toughpower GF1 Snow TT Premium Snow 750W Fully Modular 80+ Gold,Thermaltake,Toughpower,750W Gold,,5e4ac95c-cac2-4d52-b81b-e9082066f053.json,WHITE,1,1,0,4,0,4,9,,,80+ Gold,False,ATX,,,,,,,160,,,,PS-TPD-0750FNFAGx-W | PS-TPD-0750FNFAGU-W | PS-TPD-0750FNFAGE-W,Full,750
5e4bf087-3b90-4e06-b3e2-67e432969302,PC Power & Cooling PPCT1200ESA ATX 1200W Non-Modular,PC Power & Cooling,PPCT1200ESA,1200W ,,5e4bf087-3b90-4e06-b3e2-67e432969302.json,,1,1,0,8,0,3,8,,,,False,ATX,,,,,,,,,,,PPCT1200ESA,Non-Modular,1200
5e522f2b-8f41-47cb-9e54-454953c6d6f0,Gigabyte GreenMax Plus 650W Non-Modular 80+ Bronze Certified,Gigabyte,GreenMax,650W Bronze,,5e522f2b-8f41-47cb-9e54-454953c6d6f0.json,,1,1,0,5,0,2,7,,,80+ Bronze,False,ATX,,,,,,,139,,,,GZ-EMS65A-C1,Non-Modular,650
5ea54440-a2ea-4f5d-a6b2-fa7ab0736250,Logisys PS480D ATX 480W Non-Modular,Logisys,PS480D,480W ,,5ea54440-a2ea-4f5d-a6b2-fa7ab0736250.json,,1,0,0,3,0,0,2,,,,False,ATX,B000F0DUT8,,,,,,150,,,,PS480D,Non-Modular,480
5ea998f9-a929-44c3-b926-a9b4037e1dcd,Cougar COUGAR-RS450 450W Non-Modular 80+ Certified,Cougar,COUGAR-RS450,450W 80+,,5ea998f9-a929-44c3-b926-a9b4037e1dcd.json,,1,1,0,3,0,0,5,,,80+,False,ATX,,,,,,,139,,,,COUGAR-RS450,Non-Modular,450
5eaec358-2b94-43cd-a785-57d2c56c8dda,Chieftec Vega Black / Blue 850W Non-Modular 80+ Gold Certified,Chieftec,Vega,850W Gold,,5eaec358-2b94-43cd-a785-57d2c56c8dda.json,BLACK | BLUE,1,0,0,0,0,0,6,,,80+ Gold,False,ATX,,,,,,,150,,,,PPG-850-S,Non-Modular,850
5eb1b6b4-a5ed-42d5-b8f3-a193efa13874,Thermaltake Toughpower SFX 750W Fully Modular 80+ Gold Certified,Thermaltake,Toughpower,750W Gold,,5eb1b6b4-a5ed-42d5-b8f3-a193efa13874.json,BLACK,1,0,0,0,0,0,8,,,80+ Gold,False,SFX,B0BMWL7KN4,,,,,,100,,,,PS-STP-0750FNFAGU-1 | PS-STP-0750FNFAGA-1 | PS-STP-0750FNFAGE-1,Full,750
5eb4fea5-4df7-44aa-b1da-4b8c3b3c4d75,Thermaltake Toughpower GX3 Black 850W Non-Modular 80+ Gold Certified,Thermaltake,Toughpower,850W Gold,,5eb4fea5-4df7-44aa-b1da-4b8c3b3c4d75.json,BLACK,1,0,0,0,0,0,6,,,80+ Gold,False,ATX,B0CBQZFPL2,,,,N82E16817153451,5001618121,140,,,,PS-TPD-0850NNFAGU-3 | PS-TPD-0850NNFAGE-3,Non-Modular,850
5ec38fd4-aade-4c23-864f-fb6f11ab94e8,OCZ ZT ATX 550W Fully Modular 80+ Bronze Certified,OCZ,ZT,550W Bronze,,5ec38fd4-aade-4c23-864f-fb6f11ab94e8.json,,1,1,0,6,0,2,6,,,80+ Bronze,False,ATX,,,,,,,175,,,,OCZ-ZT550W,Full,550
5ef3b8bd-a15e-4d40-ad9c-724e36836a68,Cooler Master MWE Gold Black 550W Non-Modular 80+ Gold Certified ATX,Cooler Master,MWE,550W Gold,,5ef3b8bd-a15e-4d40-ad9c-724e36836a68.json,BLACK,1,1,0,3,0,2,4,,,80+ Gold,False,ATX,,,,,,,140,,,,MPY-5501-ACAAG-US,Non-Modular,550
5ef67a4f-a8da-466f-afc1-34ce574ce8d0,Cooler Master Elite NEX N700 Black 230V ATX 700W Non-Modular,Cooler Master,Elite,700W ,,5ef67a4f-a8da-466f-afc1-34ce574ce8d0.json,BLACK,1,0,0,0,0,0,5,,,,False,ATX,,,,,,,140,,,,MPW-7001-ACBN-B,Non-Modular,700
5f06edaf-a59c-483a-9f09-94e31001f433,KOLINK Core Black ATX 500W Non-Modular 80+ Certified,KOLINK,Core,500W 80+,,5f06edaf-a59c-483a-9f09-94e31001f433.json,BLACK,1,1,0,3,0,1,4,,,80+,False,ATX,,,,,,,140,,,,KL-C500 | PGW-PS-KOL-008,Non-Modular,500
5f1bc82c-a228-4992-b8b3-cd7d9414251e,RAIJINTEK CRATOS White 1000W Fully Modular 80+ Gold,RAIJINTEK,CRATOS,1000W Gold,,5f1bc82c-a228-4992-b8b3-cd7d9414251e.json,WHITE,1,2,0,4,1,4,8,,,80+ Gold,False,ATX,,,,,,,140,,,,0R30B00006 | CRATOS 1000 WHITE,Full,1000
5f2479b3-a0ce-49d3-8e65-1714284fab42,Super Flower Leadex Silver 550W 80+ Silver Certified Fully Modular,Super Flower,Leadex,550W Silver,,5f2479b3-a0ce-49d3-8e65-1714284fab42.json,,1,1,0,5,0,3,10,,,80+ Silver,False,ATX,,,,,,,165,,,,SF-550F14MT,Full,550
5f4f53c7-e410-402e-90d0-49323d8db5b1,Kuroutoshikou KRPW-BR650W/85+ Black ATX 650W Non-Modular 80+ Bronze Certified,Kuroutoshikou,KRPW-BR650W/85+,650W Bronze,,5f4f53c7-e410-402e-90d0-49323d8db5b1.json,BLACK,1,2,0,2,0,2,6,,,80+ Bronze,False,ATX,,,,,,,140,,,,KRPW-BR650W | 85+,Non-Modular,650
5f5b745b-870a-40d6-882b-96df63b79d55,ENDORFY Supremo FM5 Black 750W Fully Modular 80+ Gold Certified,ENDORFY,Supremo,750W Gold,,5f5b745b-870a-40d6-882b-96df63b79d55.json,BLACK,1,2,0,1,0,3,8,,,80+ Gold,False,ATX,B0BM4R2Q9V,,,,,,140,,,,EY7A008,Full,750
5f5e61b3-6f51-49b5-b1cb-ccb694de332e,SeaSonic PRIME PX Black / Silver 1000W Fully Modular 80+ Platinum Certified ATX,SeaSonic,PRIME,1000W Platinum,,5f5e61b3-6f51-49b5-b1cb-ccb694de332e.json,BLACK | GREY,1,2,0,7,0,6,14,,,80+ Platinum,False,ATX,B07XG1QNSR,,,,,,170,,,,PRIME-PX-1000 | PRIME PX-1000,Full,1000
5f5e884d-751e-4663-95c5-7e9e5acd0f82,Gigabyte UD-GM PG5 Black 850W Fully Modular 80+ Gold,Gigabyte,UD-GM,850W Gold,,5f5e884d-751e-4663-95c5-7e9e5acd0f82.json,BLACK,1,2,0,3,1,4,8,,,80+ Gold,False,ATX,B0BVBH33TP,,,,N82E16817233040,2525981000,140,,,,GP-UD850GM PG5 | GP-UD850GM PG5 V2 | GP-UD850GM PG5 REV2.0,Full,850
5f5ecba1-066c-41bc-a68e-feac893c3996,SeaSonic PRIME PX Black / Silver 750W Fully Modular 80+ Platinum,SeaSonic,PRIME,750W Platinum,,5f5ecba1-066c-41bc-a68e-feac893c3996.json,BLACK | GREY,1,2,0,5,0,4,10,,,80+ Platinum,False,ATX,,,,,,,140,,,,PRIME-PX-750,Full,750
5f8b09ad-c4e9-4700-a07f-a623831811d0,Corsair RM750 ATX 750W Fully Modular 80+ Gold Certified,Corsair,RM750,750W Gold,,5f8b09ad-c4e9-4700-a07f-a623831811d0.json,,1,0,0,0,0,0,8,,,80+ Gold,False,ATX,,,,,,,180,,,,RM750 | CP-9020055-UK | CP-9020055-WW | CP-9020055-NA | CP-9020055-EU,Full,750
5f8e1fa4-239e-4c75-8592-1cd9dc7e65b7,SilentiumPC Vero L2 ATX 500W 80+ Bronze Certified,SilentiumPC,Vero,500W Bronze,,5f8e1fa4-239e-4c75-8592-1cd9dc7e65b7.json,BLACK,1,1,0,3,0,2,7,,,80+ Bronze,False,ATX,,,,,,,160,,,,SPC164,Non-Modular,500
5fcce30c-4a8d-420f-bca6-4c02104bf4d6,SeaSonic G12 GC 850W Non-Modular 80+ Gold,SeaSonic,G12,850W Gold,,5fcce30c-4a8d-420f-bca6-4c02104bf4d6.json,BLACK | BLUE,1,2,0,3,0,3,6,,,80+ Gold,False,ATX,,,,,,,140,,,,G12-GC-850,Non-Modular,850
5fd8cfb4-1221-41a3-8c25-81a6ea3932c1,Silverstone Triton Black 850W Non-Modular,Silverstone,Triton,850W ,,5fd8cfb4-1221-41a3-8c25-81a6ea3932c1.json,BLACK,1,0,0,0,0,0,6,,,,False,ATX,,,,,,,140,,,,SST-TR850R-GF,Non-Modular,850
5fe8e450-f155-43dc-8ae2-c0c9668b1361,GameMax VP Black ATX 600W Non-Modular 80+ Bronze Certified,GameMax,VP,600W Bronze,,5fe8e450-f155-43dc-8ae2-c0c9668b1361.json,BLACK,1,1,0,3,0,2,5,,,80+ Bronze,False,ATX,,,,,,,140,,,,VP-600,Non-Modular,600
5fecabb2-8e2a-41ca-a768-c4f91a6d46b0,be quiet! Power Zone 850W Fully Modular 80+ Bronze Certified,be quiet!,Power,850W Bronze,,5fecabb2-8e2a-41ca-a768-c4f91a6d46b0.json,,1,1,0,6,0,4,9,,,80+ Bronze,False,ATX,,,,,,,175,,,,BN612 | BN212,Full,850
5ff0bb27-1436-48e1-8451-8c26037c2f13,Sparkle R-SPI650ACAG ATX 650W Non-Modular 80+ Gold Certified,Sparkle,R-SPI650ACAG,650W Gold,,5ff0bb27-1436-48e1-8451-8c26037c2f13.json,,1,0,0,0,0,0,7,,,80+ Gold,False,ATX,,,,,,,139,,,,R-SPI650ACAG,Non-Modular,650
60192e06-8836-4e72-8f13-445076185b49,CoolMax I-500 ATX 500W Non-Modular,CoolMax,I-500,500W ,,60192e06-8836-4e72-8f13-445076185b49.json,,1,0,0,0,0,0,2,,,,False,ATX,B0081H7EDK,,,,9SIA17PKCM9507,29811909,143,,,,I-500 | 14805,Non-Modular,500
60304141-ea84-4053-b0c9-c71fc5ec56e7,LEPA MaxBron ATX 800W Semi-Modular 80+ Bronze Certified,LEPA,MaxBron,800W Bronze,,60304141-ea84-4053-b0c9-c71fc5ec56e7.json,,1,2,0,4,0,4,12,,,80+ Bronze,False,ATX,,,,,,,165,,,,B800-MB,Semi-Modular,800
606d3150-00e6-4347-96c1-d725247d95a8,SHARKOON SilentStorm Cool Zero Black 850W Fully Modular 80+ Gold Certified,SHARKOON,SilentStorm,850W Gold,,606d3150-00e6-4347-96c1-d725247d95a8.json,BLACK,1,2,0,1,0,4,12,,,80+ Gold,False,ATX,B07MHXXGPL,,,,,,160,,,,4044951026487,Full,850
60834e03-6bc2-46ca-b81f-436382fab698,Thermaltake Toughpower XT 775W Fully Modular 80+ Bronze Certified,Thermaltake,Toughpower,775W Bronze,,60834e03-6bc2-46ca-b81f-436382fab698.json,,1,2,0,6,0,2,8,,,80+ Bronze,False,ATX,,,,,,,160,,,,TPX-775M,Full,775
60ccf3e4-1b9c-4571-9369-de5cb09be196,Silverstone OP1000-P ATX 1000W Non-Modular 80+,Silverstone,OP1000-P,1000W 80+,,60ccf3e4-1b9c-4571-9369-de5cb09be196.json,,1,1,0,6,0,2,6,,,80+,False,ATX,,,,,,,150,,,,OP1000-P,Non-Modular,1000
60cd404f-a28f-4a8c-beb0-942de2404f6d,BitFenix BFG GOLD ATX3.0 Black ATX 1000W Fully Modular 80+ Gold Certified,BitFenix,BFG,1000W Gold,,60cd404f-a28f-4a8c-beb0-942de2404f6d.json,BLACK,1,2,0,4,1,4,12,,,80+ Gold,False,ATX,,,,,,,150,,,,BP-BGA1000UMAG,Full,1000
60ebe484-41b9-414f-9d10-b0f36b3eea04,Super Flower Leadex Gold 650W Fully Modular 80+ Gold,Super Flower,Leadex,650W Gold,,60ebe484-41b9-414f-9d10-b0f36b3eea04.json,,1,2,0,5,0,4,10,,,80+ Gold,False,ATX,,,,,,,200,,,,SF-650F14MG,Full,650
6132189e-946d-4835-9aff-1d8398d9224e,Super Flower Leadex VI Platinum PRO Black / Blue 850W Fully Modular 80+ Platinum,Super Flower,Leadex,850W Platinum,,6132189e-946d-4835-9aff-1d8398d9224e.json,BLACK | BLUE,1,2,0,4,0,6,9,,,80+ Platinum,False,ATX,,,,,,,150,,,,SF-850F14PE,Full,850
614095f9-b380-485a-b557-63a903164ac7,OCZ StealthXstream II 500W Non-Modular 80+ Certified,OCZ,StealthXstream,500W 80+,,614095f9-b380-485a-b557-63a903164ac7.json,,1,0,0,0,0,0,3,,,80+,False,ATX,,,,,,,139,,,,OCZ500SXS2,Non-Modular,500
6163c21f-9775-4b42-9731-9f00a3557e36,Cooler Master V Platinum V2 Black / Purple 1600W Fully Modular 80+ Platinum Certified ATX,Cooler Master,V,1600W Platinum,,6163c21f-9775-4b42-9731-9f00a3557e36.json,BLACK | PURPLE,1,0,0,0,0,0,16,,,80+ Platinum,False,ATX,B0D3T16NVZ,,,,N82E16817171240,5895424406,160,,,,MPZ-G002-AFAP-BUS | MPZ-G002-AFAP-BEU | MPZ-G002-AFAP-BAU | MPZ-G002-AFAP-BWO | MPZ-G002-AFAP-BUK,Full,1600
617a107e-5319-4d4c-8bb5-cc4af2ba93c4,GameMax GM 800W Semi-Modular 80+ Bronze Certified,GameMax,GM,800W Bronze,,617a107e-5319-4d4c-8bb5-cc4af2ba93c4.json,BLACK,1,1,0,3,0,2,8,,,80+ Bronze,False,ATX,,,,,,,160,,,,GM-800,Semi-Modular,800
618bbc2e-a8d6-4253-9b2a-1bfe737f12ab,SeaSonic M12II ATX 380W Non-Modular 80+ Bronze Certified,SeaSonic,M12II,380W Bronze,,618bbc2e-a8d6-4253-9b2a-1bfe737f12ab.json,,1,0,0,6,0,0,4,,,80+ Bronze,False,ATX,,,,,,,139,,,,S12II 380B,Non-Modular,380
618ec1fb-33a4-4b1d-b401-598cca1bb0cf,OCZ ZX 1250W 80+ Gold Fully Modular,OCZ,ZX,1250W Gold,,618ec1fb-33a4-4b1d-b401-598cca1bb0cf.json,,1,2,0,9,0,6,12,,,80+ Gold,False,ATX,,,,,,,175,,,,OCZ-ZX1250W,Full,1250
619248ee-bb56-4053-85bd-493594ad89f1,ADATA XPG Core Reactor II Black ATX 1200W Fully Modular 80+ Gold Certified,ADATA,XPG,1200W Gold,,619248ee-bb56-4053-85bd-493594ad89f1.json,BLACK,1,2,0,3,1,8,9,,,80+ Gold,False,ATX,,,,,N82E16817478009,,160,,,,COREREACTORII1200G-BKCUS | COREREACTORII1200G-BKCAU | COREREACTORII1200G-BKCEU,Full,1200
619d089e-cdb2-4f78-a594-04abd16f6a90,Apevia Spirit ATX 600W Non-Modular,Apevia,Spirit,600W ,,619d089e-cdb2-4f78-a594-04abd16f6a90.json,,1,1,0,4,0,1,4,,,,False,ATX,,,,,,,160,,,,ATX-SP600W,Non-Modular,600
619ec0a3-bf00-40b4-80ec-c76f05003d8f,MWE GOLD 750 V2 FULL MODULAR 750 W 80+ Gold Certified Fully Modular ATX Power Supply,Cooler Master,MWE GOLD V2,FULL MODULAR,,619ec0a3-bf00-40b4-80ec-c76f05003d8f.json,,1,2,0,4,0,4,12,,,80+ Gold,False,ATX,B08M9LDLXH,,,,N82E16817171181,212228911,160,,,,MPE-7501-AFAAG-US,Full,750
61a0f19b-8258-4b22-a50e-05bf0ccb9a7a,FSP Group PT1200FM 1200W Fully Modular 80+ Platinum Certified ATX,FSP Group,PT1200FM,1200W Platinum,,61a0f19b-8258-4b22-a50e-05bf0ccb9a7a.json,,1,2,0,6,0,8,13,,,80+ Platinum,False,ATX,,,,,,,190,,,,PT1200FM,Full,1200
61c0ba4d-c474-4324-a510-09d71f6e9f69,EVGA SuperNOVA 1000 G6 1000W Fully Modular 80+ Gold,EVGA,SuperNOVA,1000W Gold,,61c0ba4d-c474-4324-a510-09d71f6e9f69.json,BLACK,1,0,0,0,0,0,12,,,80+ Gold,False,ATX,B0997XYF3R,,,,N82E16817438215,748296465,140,,,,220-G6-1000-X1,Full,1000
61c1cb1e-e356-4709-b7c9-e556329fb389,Silverstone Strider 1200W Fully Modular 80+ Gold Certified,Silverstone,Strider,1200W Gold,,61c1cb1e-e356-4709-b7c9-e556329fb389.json,,1,2,0,6,0,4,16,,,80+ Gold,False,ATX,,,,,,,180,,,,SST-ST1200-G Evolution | ST1200-G Evolution,Full,1200
61d2a93b-b719-4920-a853-2a6e09a4bcbb,Cooler Master V550 Gold V2 Black 550W Fully Modular 80+ Gold,Cooler Master,V550,550W Gold,,61d2a93b-b719-4920-a853-2a6e09a4bcbb.json,BLACK,1,2,0,4,0,2,4,,,80+ Gold,False,ATX,,,,,,,160,,,,MPY-550V-AFBAG | MPY-550V-AFBAG-US | MPY-550V-AFBAG-IN | MPY-550V-AFBAG-EU | MPY-550V-AFBAG-AU | MPY-550V-AFBAG-WO | MPY-550V-AFBAG-KR | MPY-550V-AFBAG-JP | MPY-550V-AFBAG-UK,Full,550
61e112e5-2e44-41c3-9a3b-abd95b789579,"EVGA SuperNOVA 1000 PQ, 80+ PLATINUM 1000W, Modular, EVGA ECO Mode, 10 Year Warranty, Power Supply 210-PQ-1000-X1",EVGA,SuperNOVA PQ,,2019,61e112e5-2e44-41c3-9a3b-abd95b789579.json,,1,2,1,3,0,10,12,,,80+ Platinum,False,ATX,B07BVQKWYH,,,,9SIB8AKKCU0002,,180,,,,210-PQ-1000-X1,Semi-Modular,1000
6203884d-ef5d-4e21-b972-e652e7ddf329,Corsair TX650 650W 80+ Non-Modular,Corsair,TX650,650W 80+,,6203884d-ef5d-4e21-b972-e652e7ddf329.json,,1,1,0,8,0,2,8,,,80+,False,ATX,B000X24ISU,,,,,,150,,,,CMPSU-650TX,Non-Modular,650
62052a23-3602-4b46-b265-9e1691b30dd3,FSP Group FSP450-60GHS(85)-R SFX 450W Non-Modular 80+ Bronze Certified,FSP Group,FSP450-60GHS(85)-R,450W Bronze,,62052a23-3602-4b46-b265-9e1691b30dd3.json,BLACK,1,1,0,3,0,1,3,,,80+ Bronze,False,SFX,,,,,,,100,,,,FSP450-60GHS(85)-R,Non-Modular,450
620e133b-104e-47aa-81d0-1144876bf878,LC-Power LC1200 V2.4 Black 1200W Fully Modular 80+ Platinum Certified ATX,LC-Power,LC1200,1200W Platinum,,620e133b-104e-47aa-81d0-1144876bf878.json,BLACK,1,2,0,6,0,10,9,,,80+ Platinum,False,ATX,,,,,,,190,,,,LC1200 V2.4,Full,1200
62108dd6-df4d-4df1-bb13-83644d858991,MSI MAG A750GL PCIE5 Black 750W Fully Modular 80+ Gold Certified,MSI,MAG,750W Gold,2023,62108dd6-df4d-4df1-bb13-83644d858991.json,BLACK,1,2,1,4,1,3,8,Cybenetics Gold,Cybenetics Standard+,80+ Gold,False,ATX,B0CC3QBGDL,6562433,31576,https://www.msi.com/Power-Supply/MAG-A750GL-PCIE5/Specification,N82E16817701022,3527155175,140,,,Black,MAG A750GL PCIE5 | 306-7ZP8B11-CE0,Full,750
622f7475-ebd6-4824-a7ce-d1ecbaee6060,FSP Group Hydro Pro Black 600W Non-Modular 80+ Bronze Certified,FSP Group,Hydro,600W Bronze,,622f7475-ebd6-4824-a7ce-d1ecbaee6060.json,BLACK,1,1,0,3,0,2,6,,,80+ Bronze,False,ATX,,,,,,,140,,,,HP2-600 | PPA6005600,Non-Modular,600
62517116-f617-45bd-8803-72af2e3060d9,BitFenix BFG GOLD ATX3.0 Black ATX 750W Fully Modular 80+ Gold Certified,BitFenix,BFG,750W Gold,,62517116-f617-45bd-8803-72af2e3060d9.json,BLACK,1,2,0,4,1,2,8,,,80+ Gold,False,ATX,B0C8STPNY8,,,,1HU-006H-00079,,140,,,,BP-BGA750UMAG | 4712883218705,Full,750
6261e3fa-4859-444e-adfe-ba5c47ef29d6,EVGA 500 BA Black 500W Non-Modular 80+ Bronze,EVGA,500,500W Bronze,,6261e3fa-4859-444e-adfe-ba5c47ef29d6.json,BLACK,1,1,0,3,0,2,6,,,80+ Bronze,False,ATX,B08BNLL2SJ,,,,,409126130,140,,,,100-BA-0500-K1,Non-Modular,500
6266f680-756e-4971-a398-11e6b9d2a645,ARESGAME AGS 850W Semi-Modular 80+ Gold Certified,ARESGAME,AGS,850W Gold,,6266f680-756e-4971-a398-11e6b9d2a645.json,BLACK | RED,1,1,0,3,0,4,6,,,80+ Gold,False,ATX,,,,,,,140,,,,PZ850 | AGS850,Semi-Modular,850
626e6ac4-ea79-4ab8-82f0-050858cc8326,Thermaltake Smart 650W Semi-Modular 80+ Bronze Certified,Thermaltake,Smart,650W Bronze,,626e6ac4-ea79-4ab8-82f0-050858cc8326.json,,1,1,0,4,0,4,6,,,80+ Bronze,False,ATX,,,,,,,,,,,SP-650MPCBUS,Semi-Modular,650
62769d07-3acd-458c-ad59-b4002246431b,Cooler Master V700 700W Fully Modular 80+ Gold,Cooler Master,V700,700W Gold,,62769d07-3acd-458c-ad59-b4002246431b.json,,1,1,0,4,0,4,9,,,80+ Gold,False,ATX,,,,,,,170,,,,RS700-AFBAG1-US,Full,700
6288e426-49e0-4811-9d8e-15f56e744984,Apevia ATX-TL450W-BK 450W Non-Modular,Apevia,ATX-TL450W-BK,450W ,,6288e426-49e0-4811-9d8e-15f56e744984.json,,1,0,0,3,0,0,2,,,,False,ATX,,,,,,,135,,,,ATX-TL450W-BK,Non-Modular,450
6289a279-f5ce-4091-a526-96bd713d8305,ASRock Challenger Black 650W Non-Modular 80+ Gold Certified,ASRock,Challenger,650W Gold,,6289a279-f5ce-4091-a526-96bd713d8305.json,BLACK,1,0,0,0,0,0,4,,,80+ Gold,False,ATX,B0DG9V1ZTQ,,,,N82E16817955016,14841161325,140,,,,CL-650G | 90-UXC065-GNUAAA,Non-Modular,650
628bd8c7-2503-4bdb-bb64-278471a99a26,Logisys PS575XBK ATX 575W Non-Modular,Logisys,PS575XBK,575W ,,628bd8c7-2503-4bdb-bb64-278471a99a26.json,,1,1,0,4,0,0,4,,,,False,ATX,,,,,,,,,,,PS575XBK,Non-Modular,575
6295b2f7-ff28-4c0d-acf0-5f5b206f7372,XFX Core ATX 750W Non-Modular 80+ Bronze Certified,XFX,Core,750W Bronze,,6295b2f7-ff28-4c0d-acf0-5f5b206f7372.json,,1,1,0,4,0,2,8,,,80+ Bronze,False,ATX,,,,,,,170,,,,PRO750W (P1-750S-NLB9),Non-Modular,750
62b0d7f9-5e38-4e9e-90ee-b8e12d6dd0e3,StarTech ATX2PW400PRO ATX 400W Non-Modular,StarTech,ATX2PW400PRO,400W ,,62b0d7f9-5e38-4e9e-90ee-b8e12d6dd0e3.json,,1,0,0,0,0,0,4,,,,False,ATX,,,,,,,,,,,ATX2PW400PRO,Non-Modular,400
62d615ea-75ca-4232-8dee-279ea88abc60,Deepcool PN650M ATX 650W Fully Modular 80+ Gold Certified,DeepCool,PN650M,650W Gold,,62d615ea-75ca-4232-8dee-279ea88abc60.json,BLACK,1,2,0,2,1,3,8,,,80+ Gold,False,ATX,,,,,,,140,,,,R-PN650M-FC0B-US | R-PN650M-FC0B-EU | PN650M | R-PN650M-FC0B-UK | R-PN650M-FC0B-WO | PN650M-AMAZON,Full,650
62e0d39a-e7d0-429f-a6c6-dc44d38a3282,SeaSonic G ATX 650W Semi-Modular 80+ Gold Certified,SeaSonic,G,650W Gold,,62e0d39a-e7d0-429f-a6c6-dc44d38a3282.json,,1,2,0,5,0,4,8,,,80+ Gold,False,ATX,,,,,,,160,,,,SSR-650RM,Semi-Modular,650
62eed77b-f107-43e1-9262-6a673c16b000,PC Cooler YN750 Black 750W Fully Modular 80+ Gold Certified ATX,PC Cooler,YN750,750W Gold,,62eed77b-f107-43e1-9262-6a673c16b000.json,BLACK,1,0,0,0,0,0,6,,,80+ Gold,False,ATX,,,,,,,150,,,,P5-YN750-G1FFBK1-US,Full,750
62fe9e13-6253-4955-8984-a1919438fd55,HEC Zephyr MX-750 750W Non-Modular 80+ Bronze,HEC,Zephyr,750W Bronze,,62fe9e13-6253-4955-8984-a1919438fd55.json,,1,2,0,5,0,2,8,,,80+ Bronze,False,ATX,,,,,,,165,,,,Zephyr MX-750,Non-Modular,750
630c8f25-7957-4ffd-bcca-97c10143f07f,Enermax RevoBron TGA ATX 700W Semi-Modular 80+ Bronze Certified,Enermax,RevoBron,700W Bronze,,630c8f25-7957-4ffd-bcca-97c10143f07f.json,BLACK,1,1,0,4,0,4,8,,,80+ Bronze,False,ATX,,,,,,,140,,,,ERB700AWT-TR,Semi-Modular,700
6319375e-febe-48f4-825d-e467b0f9ea05,iTek GF EVO Black 850W Fully Modular 80+ Gold,iTek,GF,850W Gold,,6319375e-febe-48f4-825d-e467b0f9ea05.json,BLACK,1,1,0,3,0,2,9,,,80+ Gold,False,ATX,,,,,,,188,,,,ITPSEGF850,Full,850
6322b771-39cd-4bd9-ac2e-1b0cbddd49a9,SeaSonic PRIME Gold 650W Fully Modular 80+ Gold Certified ATX,SeaSonic,PRIME,650W Gold,,6322b771-39cd-4bd9-ac2e-1b0cbddd49a9.json,,1,1,0,3,0,4,6,,,80+ Gold,False,ATX,,,,,,,170,,,,SSR-650GD,Full,650
635fafdb-c495-4df8-a7ad-86580b22f0b2,SeaSonic G12 GC Black / Blue 650W Non-Modular 80+ Gold,SeaSonic,G12,650W Gold,,635fafdb-c495-4df8-a7ad-86580b22f0b2.json,BLACK | BLUE,1,0,0,0,0,0,6,,,80+ Gold,False,ATX,B0DYPJS8XP,,,,,,140,,,,G12-GC-650 | 796299 | SSP-650RT2,Non-Modular,650
636a3baf-010b-48d0-89f8-4964e10aa4aa,be quiet! Pure Power 12 Black 750W Non-Modular 80+ Gold,be quiet!,Pure,750W Gold,,636a3baf-010b-48d0-89f8-4964e10aa4aa.json,BLACK,1,0,0,0,0,0,6,,,80+ Gold,False,ATX,B0DLH798TM,,,,N82E16817222036,14404214442,160,,,,BP003US | BP003U2 | BP003EU | BP003,Non-Modular,750
63735983-fe11-474c-932d-3d69f290b8e9,Thermaltake TR2 Black 700W Non-Modular 80+,Thermaltake,TR2,700W 80+,,63735983-fe11-474c-932d-3d69f290b8e9.json,BLACK,1,0,0,0,0,0,6,,,80+,False,ATX,B016WFYCFU,,,,,,140,,,,PS-TRS-0700NPCWEU-2 | 4717964401908,Non-Modular,700
637aea62-a9c0-4375-b1e7-6f7a02be6408,Thermaltake Toughpower PF1 - TT Premium Edition Black 1050W Fully Modular 80+ Platinum,Thermaltake,Toughpower,1050W Platinum,,637aea62-a9c0-4375-b1e7-6f7a02be6408.json,BLACK,1,2,0,8,0,8,12,,,80+ Platinum,False,ATX,B0B661WLXR,,,,,,140,,,,PS-TPD-1050FNFAPE-1 | PS-TPD-1050FNFAPU-1,Full,1050
638889aa-9711-4c48-9060-d07782e0f20e,Cooler Master MASTERWATT MAKER MIJ 1200W 80+ Titanium Certified Fully Modular,Cooler Master,MASTERWATT,1200W Titanium,,638889aa-9711-4c48-9060-d07782e0f20e.json,,1,2,0,13,0,12,16,,,80+ Titanium,False,ATX,,,,,,,224,,,,MPZ-C002-AFBAT | MPZ-C002-AFBAT-US | MPZ-C002-AFBAT-AU | MPZ-C002-AFBAT-BR | MPZ-C002-AFBAT-EU | MPZ-C002-AFBAT-JP | MPZ-C002-AFBAT-KR | MPZ-C002-AFBAT-TW | MPW-3501-ASAAN-UK | MPZ-C002-AFBAT-CN,Full,1200
638b7891-6363-4683-a26f-3e5399ceaed4,ADATA XPG KYBER Black ATX 650W Non-Modular 80+ Gold Certified,ADATA,XPG,650W Gold,,638b7891-6363-4683-a26f-3e5399ceaed4.json,BLACK,1,0,0,0,0,0,6,,,80+ Gold,False,ATX,B0CW3VVHTF,,,,,5806818813,140,,,,KYBER650G-BKCUS | KYBER650G-BKCEU | KYBER650G-BKCAU,Non-Modular,650
638e6833-e3ee-4741-aebe-d15176668c1c,Corsair VX550 550 W 80+ Certified ATX,Corsair,VX550,550W 80+,,638e6833-e3ee-4741-aebe-d15176668c1c.json,,1,1,0,6,0,1,6,,,80+,False,ATX,,,,,,,,,,,CMPSU-550VX,Non-Modular,550
63b98fff-a54a-4a31-85fc-491203144a0c,Rosewill VALENS-500 ATX 500W Non-Modular 80+ Gold,Rosewill,VALENS-500,500W Gold,,63b98fff-a54a-4a31-85fc-491203144a0c.json,,1,0,0,0,0,0,5,,,80+ Gold,False,ATX,,,,,,,160,,,,VALENS-500,Non-Modular,500
63bfbbfe-c224-44d9-a418-eb623b0aff4a,Logisys AT750BK ATX 750W Non-Modular 80+ Bronze Certified,Logisys,AT750BK,750W Bronze,,63bfbbfe-c224-44d9-a418-eb623b0aff4a.json,,1,1,0,4,0,1,6,,,80+ Bronze,False,ATX,,,,,,,154,,,,AT750BK,Non-Modular,750
63c01f05-3deb-495a-9263-8b855463ba8d,Apevia ATX-PR850W PCIE5.0 ATX 850W Non-Modular 80+ Gold Certified,Apevia,ATX-PR850W,850W Gold,,63c01f05-3deb-495a-9263-8b855463ba8d.json,BLACK,1,0,0,0,0,0,7,,,80+ Gold,False,ATX,B0BTK946JB,,,,,3810692994,158,,,,ATX-PR850W PCIE5.0 | ATX-PR850W PCIE5,Non-Modular,850
63d6ed53-de82-43d0-aee6-9c5bc0a7c1f0,Super Flower SF-1000F14MP White 1000W Fully Modular 80+ Platinum Certified ATX,Super Flower,SF-1000F14MP,1000W Platinum,,63d6ed53-de82-43d0-aee6-9c5bc0a7c1f0.json,,1,2,0,5,0,4,10,,,80+ Platinum,False,ATX,,,,,,,200,,,,SF-1000F14MP white,Full,1000
63efe17e-26e0-4530-8a1b-4cfb615b56d8,Cooler Master Elite 460W Non-Modular,Cooler Master,Elite,460W ,,63efe17e-26e0-4530-8a1b-4cfb615b56d8.json,,1,0,0,0,0,0,4,,,,False,ATX,,,,,,,140,,,,RS-460-PSAR-J3,Non-Modular,460
641b9b98-331d-4bdb-a50a-0494a6ddaa9b,Rosewill HIVE ATX 650W Semi-Modular 80+ Bronze Certified,Rosewill,HIVE,650W Bronze,,641b9b98-331d-4bdb-a50a-0494a6ddaa9b.json,,1,1,0,4,0,2,8,,,80+ Bronze,False,ATX,B005ILWYJQ,,,,,692964223,160,,,,Hive-650 | Hive-650S,Semi-Modular,650
641dfcd9-0b55-4567-8387-4664ccae9f24,FSP Group FSP500-50FSPT Flex ATX 500W Non-Modular 80+ Platinum Certified,FSP Group,FSP500-50FSPT,500W Platinum,,641dfcd9-0b55-4567-8387-4664ccae9f24.json,GREY,1,2,0,2,0,0,4,,,80+ Platinum,False,Flex ATX,B01N4IGM0O,,,,,,150,,,,FSP500-50FSPT,Non-Modular,500
642252bb-f621-49d6-9da5-46f71782de3e,Xilence XP850MR9.2 Black / Red ATX 850W Semi-Modular 80+ Gold Certified,Xilence,XP850MR9.2,850W Gold,,642252bb-f621-49d6-9da5-46f71782de3e.json,BLACK | RED,1,1,0,3,1,3,6,,,80+ Gold,False,ATX,,,,,,,160,,,,XN174 | XP850MR9.2,Semi-Modular,850
6426ac1f-e8dd-4ce7-9b11-87f6d1bfa221,Corsair RM650x 650W 80+ Gold Fully Modular,Corsair,RM650x,650W Gold,,6426ac1f-e8dd-4ce7-9b11-87f6d1bfa221.json,BLACK | GREY,1,0,0,0,0,0,9,,,80+ Gold,False,ATX,B079H6111J,,,,9SIB8AKKAN3202,394258987,160,,,,CP-9020178-NA | CP-9020178-UK | CP-9020178-EU,Full,650
64329f83-f78c-4fd7-9db1-5225ff1717c3,Cooler Master G Gold V2 550W Non-Modular 80+ Gold,Cooler Master,G,550W Gold,,64329f83-f78c-4fd7-9db1-5225ff1717c3.json,BLACK,1,2,0,3,0,2,6,,,80+ Gold,False,ATX,,,,,,,140,,,,MPE-5502-ACAAG-US | MPE-5502-ACAAG-IN | MPE-5502-ACAAG-JP | MPE-5502-ACAAG-AU | MPE-5502-ACAAG-TW | MPE-5502-ACAAG-BR | MPE-5502-ACAAG-ST | MPE-5502-ACAAG-UK | MPE-5502-ACAAG-KR | MPE-5502-ACAAG-EU,Non-Modular,550
643c0f30-4a5c-4e33-b62c-358ac8025c6a,SeaSonic SS-300ET Bronze 300W Non-Modular 80+ Bronze,SeaSonic,SS-300ET,300W Bronze,,643c0f30-4a5c-4e33-b62c-358ac8025c6a.json,,1,0,0,0,0,0,0,,,80+ Bronze,False,ATX,,,,,,,139,,,,SS-300ET Bronze,Non-Modular,300
644b090e-5c34-4342-a7eb-5d37d9f362ac,FSP Group AU-400FL Fanless ATX 400W Semi-Modular 80+ Gold,FSP Group,AU-400FL,400W Gold,,644b090e-5c34-4342-a7eb-5d37d9f362ac.json,,1,1,0,4,0,4,5,,,80+ Gold,True,ATX,,,,,,,160,,,,AU-400FL,Semi-Modular,400
6459b1b5-d5db-4c4d-9fb0-454eb208a6fe,Deepcool PM700D Black ATX 700W Non-Modular 80+ Gold,DeepCool,PM700D,700W Gold,,6459b1b5-d5db-4c4d-9fb0-454eb208a6fe.json,BLACK,1,2,0,3,0,3,6,,,80+ Gold,False,ATX,,,,,,,140,,,,R-PM700D-FA0B-US | R-PM700D-FA0B-AR | R-PM700D-FA0B-EU | R-PM700D-FA0B-UK | R-PM700D-FA0B-BR | R-PM700D-FA0B-WO | R-PM700D-FA0B-JP | R-PM700D-FA0B-BU | R-PM700D-FA0B-AU | R-PM700D-FA0B-CN,Non-Modular,700
646d4a4c-dffb-465b-9775-7017f9cc33dd,Thermaltake Toughpower PF1 - TT Premium Edition 650W Fully Modular 80+ Platinum Certified,Thermaltake,Toughpower,650W Platinum,,646d4a4c-dffb-465b-9775-7017f9cc33dd.json,,1,2,0,4,0,4,9,,,80+ Platinum,False,ATX,B08BVD9H1F,,,,,,140,,,,PS-TPD-0650FNFAPU-1 | PS-TPD-0650FNFAPE-1,Full,650
647030ce-c7ee-4726-b9e9-dba83cc655f9,Rosewill RX750-S-B ATX 750W Non-Modular 80+ Certified,Rosewill,RX750-S-B,750W 80+,,647030ce-c7ee-4726-b9e9-dba83cc655f9.json,,1,2,0,6,0,4,6,,,80+,False,ATX,,,,,,,157,,,,RX750-S-B,Non-Modular,750
6470c39d-b129-4ebc-a0ec-df16c0db5563,Rosewill Capstone ATX 1000W Semi-Modular 80+ Gold Certified,Rosewill,Capstone,1000W Gold,,6470c39d-b129-4ebc-a0ec-df16c0db5563.json,BLACK,1,2,0,5,0,6,10,,,80+ Gold,False,ATX,,,,,,,165,,,,CAPSTONE 1000M-2,Semi-Modular,1000
647135ac-50af-42a0-a36b-ce2c3d9e35a2,SeaSonic FOCUS GX Black 650W Fully Modular 80+ Gold Certified,SeaSonic,FOCUS,650W Gold,,647135ac-50af-42a0-a36b-ce2c3d9e35a2.json,BLACK,1,0,0,0,0,0,10,,,80+ Gold,False,ATX,B077J9QTDR,,,,N82E16817151186,,140,,,,FOCUS-GX-650 | FOCUS GX-650,Full,650
647f6327-17f1-4678-ab2b-e73fcf111c1a,XFX P1-750S-NLB9 ATX 750W Non-Modular 80+ Bronze Certified,XFX,P1-750S-NLB9,750W Bronze,,647f6327-17f1-4678-ab2b-e73fcf111c1a.json,,1,0,0,0,0,0,8,,,80+ Bronze,False,ATX,,,,,,,170,,,,P1-750S-NLB9,Non-Modular,750
648bb172-61b1-4e21-967d-5b517a9b8210,FSP Group Hydro PTM Black 550W Fully Modular 80+ Platinum Certified,FSP Group,Hydro,550W Platinum,,648bb172-61b1-4e21-967d-5b517a9b8210.json,BLACK,1,1,0,3,0,4,8,,,80+ Platinum,False,ATX,,,,,,,170,,,,HPT550M,Full,550
64af1cbb-a31b-43b5-8d7f-a0fbdb01410e,Sparkle R-SPI900GCM 900W Semi-Modular 80+,Sparkle,R-SPI900GCM,900W 80+,,64af1cbb-a31b-43b5-8d7f-a0fbdb01410e.json,,1,1,0,0,0,2,0,,,80+,False,ATX,,,,,,,165,,,,R-SPI900GCM,Semi-Modular,900
64b9c413-19b9-487f-ab50-7f633eb142f1,Deepcool PN850M 850W Fully Modular 80+ Gold Certified,DeepCool,PN850M,850W Gold,,64b9c413-19b9-487f-ab50-7f633eb142f1.json,BLACK,1,0,0,0,0,0,8,,,80+ Gold,False,ATX,,,,,,,140,,,,R-PN850M-FC0B-US | R-PN850M-FC0B-WO | R-PN850M-FC0B-UK | PN850M | R-PN850M-FC0B-EU | PN850M-AMAZON,Full,850
64bef2d4-eb2d-4346-bd54-5aa4832641f8,FSP Group HYPER K PRO Black / Yellow ATX 700W Non-Modular 80+ Certified,FSP Group,HYPER,700W 80+,,64bef2d4-eb2d-4346-bd54-5aa4832641f8.json,BLACK | YELLOW,1,2,0,2,0,4,8,,,80+,False,ATX,,,,,,,140,,,,HK-700,Non-Modular,700
64c87a56-205a-4a21-b3fe-09979617417b,be quiet! Straight Power 11 1000W,be quiet!,Straight Power 11,,2018,64c87a56-205a-4a21-b3fe-09979617417b.json,,1,2,1,8,0,6,11,,,80+ Gold,False,ATX,,5622828,,,N82E16817320005,,170,,,,ROG-STRIX-750G | BN285,Full,1000
64d8ce07-49b5-414b-9b57-84245743ddd3,Gigabyte P450B 450 W 80+ Bronze Certified ATX,Gigabyte,P450B,450W Bronze,,64d8ce07-49b5-414b-9b57-84245743ddd3.json,,1,1,0,3,0,2,6,,,80+ Bronze,False,ATX,,,,,,,140,,,,GP-P450B,Non-Modular,450
64fecaec-e37f-480a-b248-ea4cab173001,Fractal Design Newton R3 600W Semi-Modular 80+ Platinum Certified,Fractal Design,Newton,600W Platinum,,64fecaec-e37f-480a-b248-ea4cab173001.json,,1,1,0,4,0,4,9,,,80+ Platinum,False,ATX,,,,,,,165,,,,Newton R3 600W,Semi-Modular,600
65042da7-308a-4b21-a2a8-8b042439b7ac,Cougar CMX850V3 850W 80+ Bronze Certified Semi-Modular,Cougar,CMX850V3,850W Bronze,,65042da7-308a-4b21-a2a8-8b042439b7ac.json,,1,1,0,3,0,4,8,,,80+ Bronze,False,ATX,,,,,,,160,,,,CMX850V3,Semi-Modular,850
6521fd88-12a2-43d3-8aac-95fbeb543d6b,Silverstone Essential Black ATX 650W Non-Modular 80+ Gold Certified,Silverstone,Essential,650W Gold,,6521fd88-12a2-43d3-8aac-95fbeb543d6b.json,BLACK,1,1,0,3,0,4,8,,,80+ Gold,False,ATX,,,,,,,140,,,,SST-ET650-G,Non-Modular,650
65248196-cf73-4005-8376-0f0bca2d05d6,Thermaltake Toughpower GT 1000W White,Thermaltake,Toughpower GT,,2025,65248196-cf73-4005-8376-0f0bca2d05d6.json,WHITE,1,2,,1,1,5,2,,,80+ Gold,True,ATX,B0FK3921YR,6665520,,https://www.thermaltake.com/toughpower-gt-snow-1000w.html,N82E16817153477,17700668625,140,None,,White,PS-TPT-1000FNFAGU-W,Full,1000
65257a65-9b6b-4be2-b17e-28192203fb5d,be quiet! Pure Power L8 700W Non-Modular 80+ Bronze Certified,be quiet!,Pure,700W Bronze,,65257a65-9b6b-4be2-b17e-28192203fb5d.json,,1,1,0,4,0,4,5,,,80+ Bronze,False,ATX,,,,,,,150,,,,BN625 | BN225,Non-Modular,700
65486c51-e1ea-4b0b-b137-d78012d44f57,Solid Gear SDGR-900E ATX 900W Non-Modular,Solid Gear,SDGR-900E,900W ,,65486c51-e1ea-4b0b-b137-d78012d44f57.json,,1,1,0,7,0,2,8,,,,False,ATX,,,,,,,180,,,,SDGR-900E,Non-Modular,900
656ab78c-42e0-456a-8a09-76eda7711297,Corsair HX1200i 1200W 80+ Platinum Certified Fully Modular,Corsair,HX1200i,1200W Platinum,,656ab78c-42e0-456a-8a09-76eda7711297.json,,1,2,0,12,0,6,12,,,80+ Platinum,False,ATX,B00U6GTONM,,,,9SIB8AKK9U4217,44812316,200,,,,CP-9020070-NA | CP-9020070-UK | HX1200i | CP-9020070-EU | CP-9020070,Full,1200
656dc56f-be55-4883-beaf-567b0fb3b1ea,In Win PB ATX 750W Fully Modular 80+ Gold,In Win,PB,750W Gold,,656dc56f-be55-4883-beaf-567b0fb3b1ea.json,,1,2,0,4,0,4,12,,,80+ Gold,False,ATX,,,,,,,160,,,,PB-750W,Full,750
6584918b-be77-4dc1-9d52-b4e05d1fcfac,be quiet! Dark Power Pro 10 1000W Semi-Modular 80+ Gold Certified,be quiet!,Dark,1000W Gold,,6584918b-be77-4dc1-9d52-b4e05d1fcfac.json,,1,2,0,8,0,8,11,,,80+ Gold,False,ATX,,,,,,,190,,,,BN604 | BN204,Semi-Modular,1000
6589e33b-509f-4eda-a63f-f3b99cf43cef,In Win P55F Black 550W Non-Modular 80+ Gold,In Win,P55F,550W Gold,,6589e33b-509f-4eda-a63f-f3b99cf43cef.json,BLACK,1,1,0,3,0,2,6,,,80+ Gold,False,ATX,,,,,,,140,,,,IW-PS-PF550W,Non-Modular,550
659a4c30-b15e-43a8-ad0e-6fa88642574c,SeaSonic PRIME Ultra Black 850W Fully Modular 80+ Platinum,SeaSonic,PRIME,850W Platinum,,659a4c30-b15e-43a8-ad0e-6fa88642574c.json,BLACK,1,2,0,5,0,6,10,,,80+ Platinum,False,ATX,,,,,,,170,,,,SSR-850PD-U | SSR-850PD (ULTRA),Full,850
659a5879-02a0-4f59-93a5-ab0c80081e6e,Cooler Master MWE Gold Black 650W Fully Modular 80+ Gold,Cooler Master,MWE,650W Gold,,659a5879-02a0-4f59-93a5-ab0c80081e6e.json,BLACK,1,0,0,0,0,0,8,,,80+ Gold,False,ATX,B07JFLBN3K,,,,9SIBKYEK6T7458,849376650,160,,,,MPY-6501-AFAAG-US,Full,650
659a7259-711b-46c0-af24-afdd4251328b,FSP Group Hydro PTM X PRO Gen5 White 1000W Fully Modular 80+ Platinum,FSP Group,Hydro,1000W Platinum,,659a7259-711b-46c0-af24-afdd4251328b.json,WHITE,1,2,0,3,1,4,12,,,80+ Platinum,False,ATX,,,,,,,130,,,,HPT3-1000M | Gen5 (White Edition),Full,1000
65a7c3ea-6651-48a0-9c18-abfdfcbf78e0,NZXT C850 Fully Modular ATX Power Supply - 850 Watts ATX 3.1 - White,NZXT,C850,850W Gold,2024,65a7c3ea-6651-48a0-9c18-abfdfcbf78e0.json,WHITE,1,1,0,4,1,3,12,Cybenetics Gold,Cybenetics A-,80+ Gold,False,ATX,B0D1VCY51R,6586150,30611,https://nzxt.com/en-intl/products/c850-gold-atx?srsltid=AfmBOorOffYoy-znjZeyCGnQ2D6E-kHzvdFUNtNtyZA9vwq-1ylDCPrB,N82E16817116051,10538610503,150,,,White,PA-8G2BW-US,Full,850
65aee62d-cb8b-4f6e-947b-657be397692c,Thermaltake Toughpower Grand ATX 1200W Non-Modular 80+ Gold Certified,Thermaltake,Toughpower,1200W Gold,,65aee62d-cb8b-4f6e-947b-657be397692c.json,,1,0,0,0,0,0,12,,,80+ Gold,False,ATX,,,,,,,179,,,,TPG-1200M,Non-Modular,1200
65c06619-9fbb-445c-9ff2-fa0a2a9a2bfb,Azza PSAZ-1000PT14 1000W 80+ Platinum Certified Semi-Modular,Azza,PSAZ-1000PT14,1000W Platinum,,65c06619-9fbb-445c-9ff2-fa0a2a9a2bfb.json,,1,2,0,6,0,4,12,,,80+ Platinum,False,ATX,,,,,,,180,,,,PSAZ-1000PT14,Semi-Modular,1000
65f7885f-5197-4a30-b910-1490b8c689fa,EVGA SuperNOVA 650 G+ 650W Fully Modular 80+ Gold,EVGA,SuperNOVA,650W Gold,,65f7885f-5197-4a30-b910-1490b8c689fa.json,BLACK,1,2,0,6,0,4,9,,,80+ Gold,False,ATX,,,,,,,170,,,,120-GP-0650-X1 | 120-GP-0650-X2 | 120-GP-0650-X3,Full,650
65fccba2-e41e-4dce-9a64-3a8483a5396e,Antec High Black 1000W Fully Modular 80+ Gold,Antec,High,1000W Gold,,65fccba2-e41e-4dce-9a64-3a8483a5396e.json,BLACK,1,2,0,6,0,8,12,,,80+ Gold,False,ATX,,,,,,,160,,,,HCG1000 Gold | 0-761345-11773-9 | 0-761345-11774-6,Full,1000
6604bed9-3a69-4a85-abe0-8180e0238f0c,be quiet! TFX Power 2 Black TFX 300W Non-Modular 80+ Bronze Certified,be quiet!,TFX,300W Bronze,,6604bed9-3a69-4a85-abe0-8180e0238f0c.json,BLACK,1,0,0,2,0,0,4,,,80+ Bronze,False,TFX,,,,,,,185,,,,BN228,Non-Modular,300
663a64bd-aca0-4ac5-8bdc-cea73143f5c3,be quiet! System Power 9 Black 500W Non-Modular 80+ Bronze Certified,be quiet!,System,500W Bronze,,663a64bd-aca0-4ac5-8bdc-cea73143f5c3.json,BLACK,1,1,0,2,0,2,6,,,80+ Bronze,False,ATX,,,,,,,140,,,,BN246,Non-Modular,500
6640e4cc-9bd5-4a71-a26a-5ec7f82e4f74,Zalman ZM600-HP 600W Fully Modular,Zalman,ZM600-HP,600W ,,6640e4cc-9bd5-4a71-a26a-5ec7f82e4f74.json,,1,1,0,7,0,0,6,,,,False,ATX,,,,,,,165,,,,ZM600-HP,Full,600
6643b786-709a-4bad-853b-bffb24083e59,FSP Group Dagger Pro SFX 850W Fully Modular 80+ Gold Certified,FSP Group,Dagger,850W Gold,,6643b786-709a-4bad-853b-bffb24083e59.json,BLACK | GOLD,1,1,0,2,0,4,5,,,80+ Gold,False,SFX,,,,,,,100,,,,SDA2-850,Full,850
664405c2-d0c1-4258-8add-fc519184bd21,Asus ROG STRIX 1200P Gaming ATX 1200W Fully Modular 80+ Platinum Certified,Asus,ROG,1200W Platinum,,664405c2-d0c1-4258-8add-fc519184bd21.json,BLACK | GREY,1,0,0,0,0,0,6,,,80+ Platinum,False,ATX,B0DJ1SW3S1,,,,N82E16817320053,15507955645,160,,,,rog-strix-1200p-gaming | 90YE00W0-B0NA00 | ROG-STRIX-1200P-GAMING,Full,1200
668214cf-bc72-4bbe-b7b1-17c5ecc7d0fe,"SilverStone Technology ST1300-TI, 80 Plus Titanium 1300W Fully Modular ATX/PS2 Power Supply, SST-ST1300-TI-X",SilverStone Technology,Strider Titanium,ST1300-TI,2021,668214cf-bc72-4bbe-b7b1-17c5ecc7d0fe.json,,1,2,1,6,0,8,16,,,80+ Titanium,False,ATX,B09237VRR5,,,,9SIBM22K857979,,180,,,,PS-ST1300-TI-X | SST-ST1300-TI,Full,1300
668c5082-d91b-4353-b709-d16c0dcd292c,G.Skill MB850G Black 850W Fully Modular 80+ Gold Certified ATX,G.Skill,MB850G,850W Gold,,668c5082-d91b-4353-b709-d16c0dcd292c.json,BLACK,1,2,0,3,0,6,9,,,80+ Gold,False,ATX,B09D2N8C6Y,,,,,,140,,,,GP-GD850A-CWMB1 | GPX850G,Full,850
66a33105-af85-4395-b608-7506ba2100fa,FSP Group FSP300-57FCB Black Flex ATX 300W Fully Modular 80+ Gold Certified,FSP Group,FSP300-57FCB,300W Gold,,66a33105-af85-4395-b608-7506ba2100fa.json,BLACK,1,1,0,1,0,0,5,,,80+ Gold,False,Flex ATX,,,,,1HU-0095-00118,,150,,,,FSP300-57FCB | PPA3004302,Full,300
66c67682-b693-40d4-b37f-351d1155a397,Corsair RM1200e 1200W 80+ Gold Fully Modular,Corsair,RM1200e,1200W Gold,,66c67682-b693-40d4-b37f-351d1155a397.json,BLACK,1,0,0,0,0,0,7,,,80+ Gold,False,ATX,B0DXVPBJJ2,6615249,,,N82E16817139315,5069217697,150,,,,CP-9020258-NA,Full,1200
66cc8ce1-73c4-4455-9867-d9e8d2197eb5,Deepcool DQ850M-V3L Black 850W Fully Modular 80+ Gold Certified,DeepCool,DQ850M-V3L,850W Gold,,66cc8ce1-73c4-4455-9867-d9e8d2197eb5.json,BLACK,1,2,0,4,0,3,8,,,80+ Gold,False,ATX,,,,,,,140,,,,R-DQ850M-FB0B-US | R-DQ850M-FB0B-UK | R-DQ850M-FB0B-WO | R-DQ850M-FB0B-EU,Full,850
66d1d46c-c823-4df1-a801-8eda5cbf45e6,MSI MAG A750GLS,MSI,MAG,A750GLS PCIE5,2025,66d1d46c-c823-4df1-a801-8eda5cbf45e6.json,BLACK,1,2,1,2,1,4,5,Cybenetics Platinum,Cybenetics A,80+ Gold,,ATX,B0FF8K7CLD,6645320,,https://www.msi.com/Power-Supply/MAG-A750GLS-PCIE5,N82E16817701035,17423456787,150,,2026-02-27T17:31:25.088Z,,306-7ZPHX11-HD8 | 306-7ZP1B11-CE0 | MAG A750GLS PCIE5,Full,750
66d1eae4-4b5d-45c8-bf4e-89f7cf104095,Deepcool DQ750M-V3L Black ATX 750W Fully Modular 80+ Gold Certified,DeepCool,DQ750M-V3L,750W Gold,,66d1eae4-4b5d-45c8-bf4e-89f7cf104095.json,BLACK,1,2,0,4,0,3,8,,,80+ Gold,False,ATX,,,,,,,140,,,,R-DQ750M-FB0B-US | R-DQ750M-FB0B-WO | R-DQ750M-FB0B-EU | R-DQ750M-FB0B-UK,Full,750
66d7bba7-0974-48e2-af37-8dbe5b9208f7,SAMA GT Black ATX 650W Fully Modular 80+ Gold Certified,SAMA,GT,650W Gold,,66d7bba7-0974-48e2-af37-8dbe5b9208f7.json,BLACK,1,0,0,0,0,0,6,,,80+ Gold,False,ATX,,,,,1HU-02S6-00062,,140,,,,GT650-BKGFFXX1-US,Full,650
66dcc8fd-f028-4275-b097-6d3dcfe20c42,LC-Power LC6 V2.31 1000W Fully Modular 80+ Gold Certified,LC-Power,LC6,1000W Gold,,66dcc8fd-f028-4275-b097-6d3dcfe20c42.json,BLACK | GREY,1,2,0,5,0,6,10,,,80+ Gold,False,ATX,,,,,,,142,,,,LC1000M V2.31,Full,1000
66e1d4a3-b729-4be3-9c69-eaec1a54b909,Antec NE1000G M ATX3.0 Black 1000W Fully Modular 80+ Gold Certified,Antec,NE1000G,1000W Gold,,66e1d4a3-b729-4be3-9c69-eaec1a54b909.json,BLACK,1,2,0,4,1,4,12,,,80+ Gold,False,ATX,B0CD3RFL9Z,,,,N82E16817371147,5023415930,140,,,,NE1000G M ATX3.0 | 0-761345-11393-9 | 0-761345-11394-6 | 0-761345-11392-2 | 0-761345-11395-3 | 0-761345-11391-5,Full,1000
66f0eee8-170c-420a-94cc-3437d2289059,EVGA SuperNOVA 1000 G3 1000W Fully Modular 80+ Gold,EVGA,SuperNOVA,1000W Gold,,66f0eee8-170c-420a-94cc-3437d2289059.json,,1,2,0,4,0,4,12,,,80+ Gold,False,ATX,B01LZ3SFB3,,,,,143903412,150,,,,220-G3-1000 | 220-G3-1000-X1 | 220-G3-1000-X2 | 220-G3-1000-X3,Full,1000
670709b8-26df-469f-81b9-32dcf88b2814,Thermaltake Smart BM2 Black 450W Semi-Modular 80+ Bronze Certified,Thermaltake,Smart,450W Bronze,,670709b8-26df-469f-81b9-32dcf88b2814.json,BLACK,1,2,0,4,0,2,6,,,80+ Bronze,False,ATX,B08BS7KNRQ,,,,,,160,,,,PS-SPD-0450MNFABU-1 | PS-SPD-0450MNFABA-1 | PS-SPD-0450MNFABE-1 | PS-SPD-0450MNFABK-1 | Smart BM2 450W Semi Modular 80,Semi-Modular,450
670e7d7f-23bd-4a71-a717-1c52b292b094,Zalman TXIIv2 Black ATX 800W Non-Modular 80+ Certified,Zalman,TXIIv2,800W 80+,,670e7d7f-23bd-4a71-a717-1c52b292b094.json,BLACK,1,2,0,4,0,4,8,,,80+,False,ATX,,,,,,,140,,,,ZM800-TXIIv2,Non-Modular,800
67294bdb-6c0a-40f8-ab34-285775f60262,Enermax ETL450AWT-M ATX 450W 80+ Bronze Certified Semi-Modular,Enermax,ETL450AWT-M,450W Bronze,,67294bdb-6c0a-40f8-ab34-285775f60262.json,,1,1,0,4,0,2,8,,,80+ Bronze,False,ATX,,,,,,,140,,,,ETL450AWT-M,Semi-Modular,450
6746de8e-2139-40e1-9548-1604b40b44ad,Montech CENTURY II 1200W Fully Modular 80+ Gold Certified,Montech,CENTURY,II 1200W Gold,,6746de8e-2139-40e1-9548-1604b40b44ad.json,BLACK | GREY,1,2,0,1,3,1,3,Cybenetics Platinum,Cybenetics A-,80+ Gold,False,ATX,B0F3XV451X,11500562,,https://www.montechpc.com/century-ii-1200w,N82E16817959010,16104706665,140,,2026-01-30T19:16:07.548Z,,CENTURY II 1200W | Century II 1200 | 17-959-010,Full,1200
6748613c-6797-4397-8371-2b4d0f9d188a,be quiet! Straight Power E9 450W Non-Modular 80+ Gold Certified,be quiet!,STRAIGHT,450W Gold,,6748613c-6797-4397-8371-2b4d0f9d188a.json,,1,1,0,4,0,2,7,,,80+ Gold,False,ATX,,,,,,,160,,,,BN191,Non-Modular,450
6756c249-14b4-4b4c-ac4f-b6cecead8916,Corsair TX650M Black 650W Semi-Modular ATX 80+ Gold Certified,Corsair,TX650M,650W Gold,,6756c249-14b4-4b4c-ac4f-b6cecead8916.json,BLACK,1,2,0,4,0,4,6,,,80+ Gold,False,ATX,,,,,,,140,,,,CP-9020229-EU | CP-9020229-UK,Semi-Modular,650
675d4ebe-336c-4d89-a721-5f60db555101,Thermaltake Toughpower PF3 1200W Fully Modular 80+ Platinum Certified ATX,Thermaltake,Toughpower,1200W Platinum,,675d4ebe-336c-4d89-a721-5f60db555101.json,BLACK,1,2,0,8,1,5,12,,,80+ Platinum,False,ATX,,,,,,,140,,,,PS-TPD-1200FNFAPU-3 | PS-TPD-1200FNFAPE-3,Full,1200
6768a6c6-3876-42c9-98e4-b226f0f8ec23,Sentey ERP-500-SM ATX 500W Fully Modular,Sentey,ERP-500-SM,500W ,,6768a6c6-3876-42c9-98e4-b226f0f8ec23.json,,1,1,0,4,0,1,4,,,,False,ATX,,,,,,,165,,,,ERP-500-SM,Full,500
679b1514-3d77-440a-9450-e5e5c76c59e8,Super Flower Leadex III Gold UP Black 850W Fully Modular 80+ Gold Certified ATX,Super Flower,Leadex,850W Gold,,679b1514-3d77-440a-9450-e5e5c76c59e8.json,BLACK,1,0,0,0,0,0,8,,,80+ Gold,False,ATX,,,,,1HU-024C-00080,,150,,,,SF-850F14GE,Full,850
67c42a65-ef79-498e-9e9f-eec85c32f895,Rosewill Glacier 1000M ATX 1000W Semi-Modular 80+ Bronze Certified,Rosewill,Glacier,1000W Bronze,,67c42a65-ef79-498e-9e9f-eec85c32f895.json,,1,2,0,6,0,6,8,,,80+ Bronze,False,ATX,,,,,,,165,,,,Glacier 1000M,Semi-Modular,1000
67d934ef-14c8-4c53-a910-990f5d7472f8,Vetroo GV1000 ATX 1000W Fully Modular 80+ Gold Certified,Vetroo,GV1000,1000W Gold,,67d934ef-14c8-4c53-a910-990f5d7472f8.json,BLACK,1,0,0,0,0,0,8,,,80+ Gold,False,ATX,B0BR7RXPYS,,,,,,140,,,,CP-PSU-VT-GV1000(BK) | CP-PSU-VT-1000G5 (BK) | 1000G5,Full,1000
67e852e1-5cad-46e4-8fd1-0527230ea482,SeaSonic FOCUS Plus Platinum 750W Fully Modular 80+ Platinum,SeaSonic,FOCUS,750W Platinum,,67e852e1-5cad-46e4-8fd1-0527230ea482.json,,1,2,0,3,0,4,8,,,80+ Platinum,False,ATX,B074NB1PBZ,,,,,,140,,,,SSR-750PX,Full,750
67f774d1-25f6-44f8-bb69-728790798647,Deepcool PK750D Black ATX 750W Non-Modular 80+ Bronze Certified,DeepCool,PK750D,750W Bronze,,67f774d1-25f6-44f8-bb69-728790798647.json,BLACK,1,2,0,4,0,4,8,,,80+ Bronze,False,ATX,B09TSRCJTH,,,,,,140,,,,R-PK750D-FA0B-US | R-PK750D-FA0B-JP | R-PK750D-FA0B-AU | R-PK750D-FA0B-AR | R-PK750D-FA0B-BR | R-PK750D-FA0B-BP | R-PK750D-FA0B-EU | R-PK750D-FA0B-CN | R-PK750D-FA0B-WO | R-PK750D-FA0B-UK,Non-Modular,750
68162e75-c080-4354-9204-262c4343adce,SHARKOON SilentStorm SFX Black 450W Non-Modular 80+ Bronze Certified,SHARKOON,SilentStorm,450W Bronze,,68162e75-c080-4354-9204-262c4343adce.json,BLACK,1,0,0,2,0,1,3,,,80+ Bronze,False,SFX,B00W4IVZQY,,,,,,100,,,,4044951016402 | FA09312016,Non-Modular,450
68180948-3827-4296-b2a5-9105d9e053cf,CoolMax CA-400 400W Non-Modular,CoolMax,CA-400,400W ,,68180948-3827-4296-b2a5-9105d9e053cf.json,,1,0,0,4,0,0,1,,,,False,ATX,,,,,,,,,,,CA-400,Non-Modular,400
682aa6bc-54b5-4f7d-897c-4b89eaa780cf,EVGA 750 N1 750W Non-Modular,EVGA,750,750W ,,682aa6bc-54b5-4f7d-897c-4b89eaa780cf.json,,1,0,0,0,0,0,9,,,,False,ATX,B01LZ3WDQG,,,,N82E16817438107,141776052,140,,,,100-N1-0750-L1 | 100-N1-0750-L2,Non-Modular,750
683bc2e2-73c4-4dfa-8e87-18da2178a4f4,MSI MAG A750BN PCIE5 III,MSI,MAG,A750BN PCIE5 III,2025,683bc2e2-73c4-4dfa-8e87-18da2178a4f4.json,GREY | BLACK,1,2,,2,1,3,3,,,80+ Gold,,ATX,B0G3CXRQ67,6676834,,https://us-store.msi.com/MAG-A750BN-PCIE5-III,N82E16817701040,19096516134,140,,2026-02-26T22:24:03.720Z,,MAG A750BN PCIE5 III,Non-Modular,750
684cf629-e3fb-4734-993b-8318fe11595c,Gigabyte GP-G750H ATX 750W Semi-Modular 80+ Gold Certified,Gigabyte,GP-G750H,750W Gold,,684cf629-e3fb-4734-993b-8318fe11595c.json,BLACK,1,1,0,3,0,4,7,,,80+ Gold,False,ATX,,,,,,,160,,,,GP-G750H,Semi-Modular,750
68729216-db0b-46b6-ad47-c9dbf9389323,Thermaltake TR2 500W Non-Modular,Thermaltake,TR2,500W ,,68729216-db0b-46b6-ad47-c9dbf9389323.json,,1,1,0,4,0,1,6,,,,False,ATX,B0058FAYQC,,,,,170691356,139,,,,TR-500 | TR2-500W | TR-500CUS,Non-Modular,500
6887a1b0-253d-489b-9427-f0027ee70c06,CORSAIR TX-M Series TX550M CP-9020133-NA/RF 550 W ATX12V v2.4 / EPS 2.92 80 PLUS GOLD Certified Semi-Modular Power Supply,Corsair,TX-M Series,,0,6887a1b0-253d-489b-9427-f0027ee70c06.json,,1,1,1,4,0,2,5,,,80+ Gold,False,ATX,B01MSEYY23,,,,9SIAD6HJ9A4110,577506860,140,,,,CP-9020133-NA,Semi-Modular,550
68a5ae66-9103-4590-b01f-bd92c4c918d3,MSI MAG A550BNL Black ATX 550W Non-Modular 80+ Bronze Certified,MSI,MAG,550W Bronze,,68a5ae66-9103-4590-b01f-bd92c4c918d3.json,BLACK,1,1,0,2,0,2,5,,,80+ Bronze,False,ATX,,,,,,,140,,,,MAG A550BNL,Non-Modular,550
68a66784-19c9-4564-b73a-175660911309,Silverstone DA650 Gold Black / White ATX 650W Fully Modular 80+ Gold Certified,Silverstone,DA650,650W Gold,,68a66784-19c9-4564-b73a-175660911309.json,BLACK | WHITE,1,0,0,0,0,0,8,,,80+ Gold,False,ATX,B091R6VHQ9,,,,2AM-006F-001J9,884318903,140,,,,SST-DA650-G | DA650-G,Full,650
68acf53f-6623-4122-855e-b62bcc842767,Athena Power AP-P4ATX80FEP8 ATX 800W Non-Modular 80+ Bronze Certified,Athena Power,AP-P4ATX80FEP8,800W Bronze,,68acf53f-6623-4122-855e-b62bcc842767.json,,1,0,0,0,0,0,8,,,80+ Bronze,False,ATX,,,,,,,156,,,,AP-P4ATX80FEP8,Non-Modular,800
693ce972-7b50-4dab-8937-277999244f99,Thermaltake EVO_Blue 650W Semi-Modular 80+ Gold Certified,Thermaltake,EVO_Blue,650W Gold,,693ce972-7b50-4dab-8937-277999244f99.json,,1,1,0,4,0,4,6,,,80+ Gold,False,ATX,B00BJ6UBLC,,,,,,160,,,,EVO-650MPCGUS | EVO-650M,Semi-Modular,650
695d6787-eca0-4ac3-8164-b2974a4f7ef0,Deepcool PK700D Black 700W Non-Modular 80+ Bronze Certified ATX,DeepCool,PK700D,700W Bronze,,695d6787-eca0-4ac3-8164-b2974a4f7ef0.json,BLACK,1,2,0,4,0,4,7,,,80+ Bronze,False,ATX,,,,,,,140,,,,R-PK700D-FA0B-USR-PK700D-FA0B-BPR-PK700D-FA0B-JPR-PK700D-FA0B-EUR-PK700D-FA0B-BRR-PK700D-FA0B-CNR-PK700D-FA0B-AUR-PK700D-FA0B-UKR-PK700D-FA0B-ARR-PK700D-FA0B-WO,Non-Modular,700
696a5896-00fd-433d-84be-b495a5bf4250,NZXT C750 (2023) Black ATX 750W Non-Modular 80+ Bronze Certified,NZXT,C750,750W Bronze,,696a5896-00fd-433d-84be-b495a5bf4250.json,BLACK,1,0,0,0,0,0,4,,,80+ Bronze,False,ATX,,,,,,,140,,,,PA-7B2BB-US | PA-7B2BB-UK | PA-7B2BB-EU | PA-7B2BB-AU | PA-7B2BB,Non-Modular,750
6977ad59-a494-4461-9b16-78882b300a90,YEYIAN Thunder Black ATX 500W Non-Modular 80+ Certified,YEYIAN,Thunder,500W 80+,,6977ad59-a494-4461-9b16-78882b300a90.json,BLACK,1,1,0,3,0,2,6,,,80+,False,ATX,,,,,,,140,,,,YPE-PS500,Non-Modular,500
697ea1a3-2e00-4ec6-bafd-b8d418dd53ca,Vetroo CP-PSU-VT-850W-SFX White SFX 850W Fully Modular 80+ Gold Certified,Vetroo,CP-PSU-VT-850W-SFX,850W Gold,,697ea1a3-2e00-4ec6-bafd-b8d418dd53ca.json,WHITE,1,0,0,0,0,0,4,,,80+ Gold,False,SFX,B0F43P3145,,,,,,99,,,,CP-PSU-VT-850W-SFX (WT) | 850SFX,Full,850
698130c6-51bb-48cf-aab9-dd0e02481324,Thermaltake Toughpower iRGB PLUS 1000W Fully Modular 80+ Platinum Certified,Thermaltake,Toughpower,1000W Platinum,,698130c6-51bb-48cf-aab9-dd0e02481324.json,BLACK,1,2,0,4,0,8,12,,,80+ Platinum,False,ATX,B077Z5FZ49,,,,9SIAMG8K7W3759,477045344,160,,,,PS-TPI-1050F2FDPU-1 | PS-TPI-1050F2FDPE-1,Full,1000
698fa901-100a-4815-93ea-2436ef04ec83,Rosewill SMG750 750W Fully Modular 80+ Gold Certified ATX,Rosewill,SMG750,750W Gold,,698fa901-100a-4815-93ea-2436ef04ec83.json,BLACK,1,0,0,0,0,0,8,,,80+ Gold,False,ATX,,,,,,,160,,,,SMG750,Full,750
69ac40c4-8947-4c77-ae40-30dec2d007ba,Kingwin ABT-650MM 650W Non-Modular,Kingwin,ABT-650MM,650W ,,69ac40c4-8947-4c77-ae40-30dec2d007ba.json,,1,1,0,3,0,1,4,,,,False,ATX,,,,,,,146,,,,ABT-650MM,Non-Modular,650
69d31c2c-6606-412c-8d5d-e99214af5b6b,FSP Group Hydro PTM 750W Fully Modular 80+ Platinum Certified,FSP Group,Hydro,750W Platinum,,69d31c2c-6606-412c-8d5d-e99214af5b6b.json,BLACK,1,0,0,0,0,0,14,,,80+ Platinum,False,ATX,,,,,,,170,,,,HPT750M,Full,750
69d6bbe9-2298-40c8-ad47-4ceca3d14e7f,"Cooler Master MWE Gold 650 V2 Fully Modular, 650W, 80+ Gold Efficiency, 2 EPS Connectors, 120mm HDB Fan, Semi-fanless Operation, 5 Year Warranty",Cooler Master,MWE Gold 650 V2,,0,69d6bbe9-2298-40c8-ad47-4ceca3d14e7f.json,,1,2,0,4,0,4,8,,,80+ Gold,False,ATX,B08M9DQN8Q,,,,9SIB0ASKD91525,549944940,140,,,,MPE-6501-AFAAG-US,Full,650
69d7a4da-adba-4a05-81d6-8cb7cdab6c33,Kuroutoshikou KRPW-L5-500W/80+ ATX 500W Non-Modular 80+,Kuroutoshikou,KRPW-L5-500W/80+,500W 80+,,69d7a4da-adba-4a05-81d6-8cb7cdab6c33.json,,1,1,0,2,0,1,4,,,80+,False,ATX,,,,,,,140,,,,KRPW-L5-500W | 80+,Non-Modular,500
69eabcd3-a0d0-42e3-84f8-7f185b7243d1,Silverstone Strider Platinum 850W 80+ Platinum Certified Fully Modular ATX,Silverstone,Strider,850W Platinum,,69eabcd3-a0d0-42e3-84f8-7f185b7243d1.json,,1,2,0,3,0,4,12,,,80+ Platinum,False,ATX,B01GPNHNAA,,,,9SIAKN7JN67088,125287790,140,,,,ST85F-PT | SST-ST85F-PT | PS-ST85F-PT,Full,850
6a00a6c2-2bd7-4a10-9966-e0cd41e0e192,Cooler Master eXtreme Power Plus 460W Non-Modular,Cooler Master,eXtreme,460W ,,6a00a6c2-2bd7-4a10-9966-e0cd41e0e192.json,,1,1,0,5,0,0,3,,,,False,ATX,,,,,,,140,,,,RS-460-PMSR-A3,Non-Modular,460
6a25b66b-8dc6-44ce-ad40-2ab91e0b4e5f,be quiet! System Power 10 U Black 550W Non-Modular 80+ Bronze Certified,be quiet!,System,550W Bronze,,6a25b66b-8dc6-44ce-ad40-2ab91e0b4e5f.json,BLACK,1,1,0,1,0,4,5,,,80+ Bronze,False,ATX,,,,,,,140,,,,BN986 | BN994 | BN691 | BN990 | BN687,Non-Modular,550
6a3d937e-c821-4bb5-ba37-aa755ae0d892,Cougar STX ATX 650W Non-Modular 80+,Cougar,STX,650W 80+,,6a3d937e-c821-4bb5-ba37-aa755ae0d892.json,,1,1,0,3,0,2,6,,,80+,False,ATX,,,,,,,140,,,,31TC065.0035,Non-Modular,650
6a5ab1ce-8575-4f07-98b3-ae4b9fdae651,be quiet! Pure Power 11 CM 700W Semi-Modular 80+ Gold Certified,be quiet!,Pure,700W Gold,,6a5ab1ce-8575-4f07-98b3-ae4b9fdae651.json,BLACK,1,1,0,3,0,4,6,,,80+ Gold,False,ATX,B07JJ76PFM,,,,,,160,,,,BN299 | BN630 | BN295,Semi-Modular,700
6a7dcc18-805b-49db-a5df-96950483b0bc,Cooler Master 600W MasterWatt Lite 230V ATX 600W Non-Modular 80+ Certified,Cooler Master,600W,600W 80+,,6a7dcc18-805b-49db-a5df-96950483b0bc.json,,1,1,0,3,0,2,6,,,80+,False,ATX,,,,,,,140,,,,MPX-6001-ACABW,Non-Modular,600
6a8ff85b-f641-4b5e-b375-651357493d52,Rosewill HIVE ATX 550W Fully Modular 80+ Bronze Certified,Rosewill,HIVE,550W Bronze,,6a8ff85b-f641-4b5e-b375-651357493d52.json,,1,1,0,4,0,2,8,,,80+ Bronze,False,ATX,,,,,,,160,,,,Hive-550S,Full,550
6a954646-ad40-4455-b6fa-5c94da841072,Thermaltake Toughpower PF1 TT Premium Edition Black 750W Fully Modular 80+ Platinum Certified,Thermaltake,Toughpower,750W Platinum,,6a954646-ad40-4455-b6fa-5c94da841072.json,BLACK,1,2,0,4,0,4,9,,,80+ Platinum,False,ATX,B08BQV9CMM,,,,,150998635,140,,,,PS-TPD-0750FNFAPU-1 | PS-TPD-0750FNFAPE-1,Full,750
6acc2609-4d43-4d98-92ff-ec49ebd45cbb,FSP Group AURUM CM GOLD 650W Semi-Modular 80+ Gold Certified,FSP Group,AURUM,650W Gold,,6acc2609-4d43-4d98-92ff-ec49ebd45cbb.json,,1,1,0,5,0,4,8,,,80+ Gold,False,ATX,,,,,,,160,,,,AURUM CM GOLD 650,Semi-Modular,650
6ace8f57-5551-41a3-ad63-337cd18ae337,Cooler Master M2000 Black 2000W Fully Modular 80+ Platinum Certified,Cooler Master,M2000,2000W Platinum,,6ace8f57-5551-41a3-ad63-337cd18ae337.json,BLACK,1,0,0,0,0,0,12,,,80+ Platinum,False,ATX,B09BHPYZ9H,,,,,,180,,,,MPZ-K001-AFFBP-UK | MPZ-K001-AFFBP-EU | MPZ-K001-AFFBP-KR | MPZ-K001-AFFBP-BC | MPZ-K001-AFFBP-BR | MPZ-K001-AFFBP-AU | MPZ-K001-AFFBP-NL | MPZ-K001-AFFBP-CN | MPZ-K001-AFFBP-HK | MPZ-K001-AFFBP-KB | MPZ-K001-AFFBP,Full,2000
6acf0081-e703-451b-a736-a57f485e8900,PC Power & Cooling Fatal1ty Gaming 750W Fully Modular 80+ Gold,PC Power & Cooling,Fatal1ty,750W Gold,,6acf0081-e703-451b-a736-a57f485e8900.json,BLACK | RED,1,1,0,6,0,4,8,,,80+ Gold,False,ATX,,,,,,,160,,,,FPS0750-A4M00,Full,750
6ad09464-a295-487d-973d-0d016fc9dbfc,Gigabyte UD850GM 850W Fully Modular 80+ Gold Certified,Gigabyte,UD850GM,850W Gold,,6ad09464-a295-487d-973d-0d016fc9dbfc.json,BLACK,1,0,0,0,0,0,8,,,80+ Gold,False,ATX,B09RK7GFQL,,,,N82E16817233036R,617103208,140,,,,GP-UD850GM,Full,850
6ae2a810-e07c-43b6-a35e-7827ba11b14e,Thermaltake Toughpower ATX 1000W Non-Modular 80+,Thermaltake,Toughpower,1000W 80+,,6ae2a810-e07c-43b6-a35e-7827ba11b14e.json,,1,2,0,8,0,0,8,,,80+,False,ATX,,,,,,,200,,,,W0155RU,Non-Modular,1000
6ae78e01-1767-4538-b6c3-9f6f321e145f,Thermaltake Toughpower Grand 600W 80+ Platinum Certified Semi-Modular,Thermaltake,Toughpower,600W Platinum,,6ae78e01-1767-4538-b6c3-9f6f321e145f.json,,1,2,0,6,0,4,8,,,80+ Platinum,False,ATX,,,,,,,180,,,,TPG-600M,Semi-Modular,600
6b018629-0e28-4219-93d8-83ead479e487,Rosewill PMG1050 Black ATX 1050W Fully Modular 80+ Gold Certified,Rosewill,PMG1050,1050W Gold,,6b018629-0e28-4219-93d8-83ead479e487.json,BLACK,1,2,0,3,0,8,8,,,80+ Gold,False,ATX,,,,,,,185,,,,PMG1050,Full,1050
6b18f255-59a6-486f-96c0-fb77d059000a,Cooler Master V850 V2 White 850W Fully Modular 80+ Gold,Cooler Master,V850,850W Gold,,6b18f255-59a6-486f-96c0-fb77d059000a.json,WHITE,1,2,0,4,0,6,12,,,80+ Gold,False,ATX,B00FZSIALI,,,,9SIBKYEK6X7330,185024737,160,,,,MPY-850V-AGBAG-US | MPY-850V-AGBAG-UK | MPY-850V-AGBAG-KR | MPY-850V-AGBAG-WO | MPY-850V-AGBAG-BR | MPY-850V-AGBAG-EU | MPY-850V-AGBAG-AU | MPY-850V-AGBAG-JP | MPY-850V-AGBAG-TW | MPY-850V-AGBAG-ST | MPY-850V-AGBAG-IN,Full,850
6b583e9c-96fb-43f7-b92f-30613872743c,Corsair G600 ATX 600W Non-Modular 80+,Corsair,G600,600W 80+,,6b583e9c-96fb-43f7-b92f-30613872743c.json,,1,1,0,8,0,2,6,,,80+,False,ATX,,,,,,,160,,,,CMPSU-600G,Non-Modular,600
6b5e6967-e4a9-4ba1-95cd-30f027df7f6a,Corsair TX650M Gold 650W Semi-Modular 80+ Gold Certified,Corsair,TX650M,650W Gold,,6b5e6967-e4a9-4ba1-95cd-30f027df7f6a.json,,1,0,0,0,0,0,6,,,80+ Gold,False,ATX,B01N18J52E,,,,,719137829,140,,,,CP-9020132-NA | CP-9020132-UK,Semi-Modular,650
6b82fc69-536f-4415-94f6-5e456080ac87,CORSAIR CX-F RGB Series CX550F RGB 550W 80 PLUS Bronze Fully Modular ATX Power Supply,Corsair,CX550F RGB,,2020,6b82fc69-536f-4415-94f6-5e456080ac87.json,,1,1,0,4,0,2,7,,,80+ Bronze,False,ATX,B08FVHGKDY,,,,9SIB8AKKAN3156,753396699,140,,,,CP-9020216-NA,Full,550
6b942caa-d1c1-412b-a3aa-a2ac987af810,Thermaltake Toughpower GT 850W Fully Modular 80+ Gold Certified,Thermaltake,Toughpower,850W Gold,,6b942caa-d1c1-412b-a3aa-a2ac987af810.json,BROWN,1,0,0,0,0,0,6,,,80+ Gold,False,ATX,B0DCZJSJ7Z,,,,,,140,,,,PS-TPT-0850FNFAGE-3,Full,850
6ba01b41-6d46-4a2a-86cd-53402ed3ec2c,High Power PG-750 Black 750W Non-Modular,High Power,PG-750,750W ,,6ba01b41-6d46-4a2a-86cd-53402ed3ec2c.json,BLACK,1,1,0,3,0,4,6,,,,False,ATX,,,,,,,140,,,,HP1-J750GD-F12S,Non-Modular,750
6ba2cd1b-650a-498b-ab24-0ac8266f19a8,Cooler Master G800 Black 800W Non-Modular 80+ Gold Certified ATX,Cooler Master,G800,800W Gold,,6ba2cd1b-650a-498b-ab24-0ac8266f19a8.json,BLACK,1,0,0,0,0,0,6,,,80+ Gold,False,ATX,B09JPKXGH5,,,,,305680369,140,,,,MPW-8001-ACAAG-US | MPW-8001-ACAAG-IN | MPW-8001-ACAAG-WO | MPW-8001-ACAAG-BR | MPW-8001-ACAAG-KR | MPW-8001-ACAAG-EU | MPW-8001-ACAAG-UK | MPW-8001-ACAAG-TW | MPW-8001-ACAAG-AU | MPW-8001-ACAAG-JP | MPW-8001-ACAAG-ST | US,Non-Modular,800
6bc8d284-be4a-4041-9322-5fa1c7e380ce,Deepcool PK600D Black ATX 600W Non-Modular 80+ Bronze,DeepCool,PK600D,600W Bronze,,6bc8d284-be4a-4041-9322-5fa1c7e380ce.json,BLACK,1,2,0,3,0,2,6,,,80+ Bronze,False,ATX,,,,,,,140,,,,R-PK600D-FA0B-USR-PK600D-FA0B-CNR-PK600D-FA0B-BPR-PK600D-FA0B-BRR-PK600D-FA0B-EUR-PK600D-FA0B-UKR-PK600D-FA0B-JPR-PK600D-FA0B-WOR-PK600D-FA0B-AUR-PK600D-FA0B-AR,Non-Modular,600
6bd44ba8-00ce-4da5-995c-869fcbf81e26,Cooler Master MasterWatt ATX 750W Semi-Modular 80+ Bronze Certified,Cooler Master,MasterWatt,750W Bronze,,6bd44ba8-00ce-4da5-995c-869fcbf81e26.json,BLACK,1,1,0,3,0,4,9,,,80+ Bronze,False,ATX,B074ZLQZH6,5597201,,,,335264812,140,,,,MPX-7501-AMAAB-US | MPX-7501-AMAAB-AU | MPX-7501-AMAAB-EU | MPX-7501-AMAAB-UK,Semi-Modular,750
6be19a34-9dbe-4438-8eb5-2648ba4a5ee7,EVGA SuperNOVA 850 P6 Black / Silver 850W 80+ Platinum Fully Modular,EVGA,SuperNOVA,850W Platinum,,6be19a34-9dbe-4438-8eb5-2648ba4a5ee7.json,BLACK | GREY,1,2,0,4,0,6,9,,,80+ Platinum,False,ATX,,,,,,,140,,,,220-P6-0850-X1 | 220-P6-0850-X2,Full,850
6bf48db7-755f-4570-821e-a0a06705cd9d,Cougar COUGAR-A560 560W Non-Modular 80+ Bronze,Cougar,COUGAR-A560,560W Bronze,,6bf48db7-755f-4570-821e-a0a06705cd9d.json,,1,1,0,4,0,2,6,,,80+ Bronze,False,ATX,,,,,,,139,,,,COUGAR-A560,Non-Modular,560
6c0006ac-6eba-4f7d-936e-4ffe502af59b,Thermalright TPFX650 Black SFX 650W Fully Modular 80+ Platinum Certified,Thermalright,TPFX650,650W Platinum,,6c0006ac-6eba-4f7d-936e-4ffe502af59b.json,BLACK,1,0,0,0,0,0,6,,,80+ Platinum,False,SFX,,,,,,,100,,,,TPFX650,Full,650
6c0bef11-adf6-4b0a-974b-2ec28cb15586,KOLINK KL-SFX350 SFX 350W Non-Modular 80+ Bronze Certified,KOLINK,KL-SFX350,350W Bronze,,6c0bef11-adf6-4b0a-974b-2ec28cb15586.json,BLACK | GREEN,1,1,0,2,0,1,2,,,80+ Bronze,False,SFX,,,,,,,100,,,,KL-SFX350,Non-Modular,350
6c27e75f-9102-472d-b54a-a0ff167e9b40,Raidmax RX-630SS 630W Semi-Modular,Raidmax,RX-630SS,630W ,,6c27e75f-9102-472d-b54a-a0ff167e9b40.json,,1,1,0,3,0,1,6,,,,False,ATX,,,,,,,165,,,,RX-630SS,Semi-Modular,630
6c328fa5-d314-4289-b070-3150b85fe769,Zalman TXIIv2 Black ATX 700W Non-Modular 80+ Certified,Zalman,TXIIv2,700W 80+,,6c328fa5-d314-4289-b070-3150b85fe769.json,BLACK,1,2,0,4,0,4,6,,,80+,False,ATX,,,,,,,140,,,,ZM700-TXIIv2,Non-Modular,700
6c445c07-bb8d-4d6b-b3f8-fee46d951405,Corsair RM650x (2021) Black 650W Fully Modular ATX 80+ Gold Certified,Corsair,RM650x,650W Gold,,6c445c07-bb8d-4d6b-b3f8-fee46d951405.json,BLACK,1,0,0,0,0,0,7,,,80+ Gold,False,ATX,,,,,,,160,,,,CP-9020198-NA | CP-9020198-UK | CP-9020198-EU | CP-9020198-AU,Full,650
6c469373-f2d2-4694-8f53-bbf5def925d0,Deepcool PN650D Black ATX 650W Non-Modular 80+ Gold Certified,DeepCool,PN650D,650W Gold,,6c469373-f2d2-4694-8f53-bbf5def925d0.json,BLACK,1,2,0,2,1,3,6,,,80+ Gold,False,ATX,,,,,,,140,,,,R-PN650D-FC0B-US | PN650D | R-PN650D-FC0B-EU | R-PN650D-FC0B-WO | R-PN650D-FC0B-UK,Non-Modular,650
6c4a7f61-9ba9-42f1-bf39-c1f9933a16d2,Antec High Current Pro 750W Fully Modular 80+ Platinum,Antec,High,750W Platinum,,6c4a7f61-9ba9-42f1-bf39-c1f9933a16d2.json,,1,2,0,6,0,6,9,,,80+ Platinum,False,ATX,,,,,,,190,,,,HCP-750 Platinum,Full,750
6c70426e-0431-4317-8540-c39d8bc6a3b1,Phanteks AMP GH Black 1000W Fully Modular 80+ Platinum Certified,Phanteks,AMP,1000W Platinum,,6c70426e-0431-4317-8540-c39d8bc6a3b1.json,BLACK,1,0,0,0,0,0,14,,,80+ Platinum,False,ATX,,,,,,,140,,,,PH-P1000GH_BK01 | PH-P1000GH_BK01_UK | PH-P1000GH_BK01_EU,Full,1000
6c814a18-9f7c-4368-8417-b43c83a0af05,Mars Gaming MP700 700W Non-Modular,Mars Gaming,MP700,700W ,,6c814a18-9f7c-4368-8417-b43c83a0af05.json,,1,1,0,4,0,2,4,,,,False,ATX,,,,,,,140,,,,MP700,Non-Modular,700
6c9598b0-2eaf-4e1d-bac4-94df09d6b493,be quiet! Pure Black 1000W Fully Modular 80+ Gold,be quiet!,Pure,1000W Gold,,6c9598b0-2eaf-4e1d-bac4-94df09d6b493.json,BLACK,1,2,0,2,0,6,10,,,80+ Gold,False,ATX,B09V4M84NS,,,,,,160,,,,BN676 | BN325,Full,1000
6ca0330b-81b2-40f8-be1d-fb89463a3731,Cooler Master MWE 450 Black 450W Non-Modular 80+ Certified,Cooler Master,MWE,450W 80+,,6ca0330b-81b2-40f8-be1d-fb89463a3731.json,BLACK,1,1,0,3,0,2,6,,,80+,False,ATX,,,,,,,140,,,,MPW-4502-ACABW-EU | MPW-5002-ACABW-AU | MPW-5002-ACABW-UK,Non-Modular,450
6ccb9929-0669-45dd-b1ee-9071ffab16d2,Cougar POWERX 700W Non-Modular 80+ Bronze Certified ATX,Cougar,POWERX,700W Bronze,,6ccb9929-0669-45dd-b1ee-9071ffab16d2.json,,1,2,0,3,0,2,8,,,80+ Bronze,False,ATX,,,,,,,139,,,,PX700V2,Non-Modular,700
6cd51bd3-b54c-4c89-8b0e-2d68eae00733,Antec High Current Pro 1300W Fully Modular 80+ Platinum Certified,Antec,High,1300W Platinum,,6cd51bd3-b54c-4c89-8b0e-2d68eae00733.json,,1,2,0,6,0,10,9,,,80+ Platinum,False,ATX,,,,,,,190,,,,HCP-1300 Platinum | 0-761345-06261-9,Full,1300
6ce212cb-44d8-4086-b2fe-853af1812ef7,Xigmatek NRP-MC802 800W Fully Modular 80+ Bronze Certified,Xigmatek,NRP-MC802,800W Bronze,,6ce212cb-44d8-4086-b2fe-853af1812ef7.json,,1,2,0,6,0,3,10,,,80+ Bronze,False,ATX,,,,,,,180,,,,NRP-MC802,Full,800
6cf5857e-dfb4-450c-a68b-7c25a6d5a1db,Silverstone HELA 2050 W Fully Modular ATX,Silverstone,HELA,2050W ,,6cf5857e-dfb4-450c-a68b-7c25a6d5a1db.json,,1,2,0,3,0,18,12,,,,False,ATX,B09NVR44C1,,,,,,180,,,,SST-HA2050-PT,Full,2050
6cf7c74b-1afe-436b-8d6d-5e1e557a6e64,EVGA 510 BP Black 510W Non-Modular 80+ Bronze Certified,EVGA,510,510W Bronze,,6cf7c74b-1afe-436b-8d6d-5e1e557a6e64.json,BLACK,1,1,0,3,0,2,6,,,80+ Bronze,False,ATX,,,,,,,120,,,,100-BP-0510-K1,Non-Modular,510
6d03e00f-9020-429e-80dc-2776ab8b0f58,Apevia ATX-AS680W-BK 680W Non-Modular,Apevia,ATX-AS680W-BK,680W ,,6d03e00f-9020-429e-80dc-2776ab8b0f58.json,,1,1,0,6,0,0,6,,,,False,ATX,,,,,,,170,,,,ATX-AS680W-BK,Non-Modular,680
6d1d4001-643f-4e7d-beb6-708c1027736b,SeaSonic PRIME Ultra Platinum 650W Fully Modular 80+ Platinum Certified ATX,SeaSonic,PRIME,650W Platinum,,6d1d4001-643f-4e7d-beb6-708c1027736b.json,BLACK,1,1,0,3,0,4,6,,,80+ Platinum,False,ATX,,,,,,,140,,,,SSR-650PD2,Full,650
6d555583-449d-4b4a-b320-467fd5c3bfc4,Apevia APEVIA 680W Semi-Modular,Apevia,APEVIA,680W ,,6d555583-449d-4b4a-b320-467fd5c3bfc4.json,,1,1,0,4,0,2,4,,,,False,ATX,,,,,,,157,,,,ATX-WR680W,Semi-Modular,680
6d6c9a1b-23fc-4427-913f-219061903ba3,Zalman ZM-600-GT ATX 600W Semi-Modular 80+ Bronze Certified,Zalman,ZM-600-GT,600W Bronze,,6d6c9a1b-23fc-4427-913f-219061903ba3.json,,1,1,0,4,0,4,6,,,80+ Bronze,False,ATX,B098ZF39QX,,,,9SIABW9FD19837,433631569,140,,,,ZM-600-GT | ZM600-GVII-A | P-ZM600-GVII-A-FBA,Semi-Modular,600
6d954339-b355-42da-9559-954f0ac95327,SHARKOON Rebel P30 Gold 1000W Fully Modular 80+ Gold Certified,SHARKOON,Rebel,1000W Gold,,6d954339-b355-42da-9559-954f0ac95327.json,WHITE,1,2,0,2,1,4,12,,,80+ Gold,False,ATX,,,,,,,160,,,,REBEL P30 Gold White 1000 W | 4044951038534,Full,1000
6d9b869f-ee2f-43b1-a658-ef7140964d49,Silverstone SX1000-LPT SFX 1000W Fully Modular 80+ Platinum Certified,Silverstone,SX1000-LPT,1000W Platinum,,6d9b869f-ee2f-43b1-a658-ef7140964d49.json,BLACK,1,0,0,0,0,0,8,,,80+ Platinum,False,SFX,B0919YY7Z6,,,,9SIAA9UJWC0176,398122520,130,,,,SST-SX1000-LPT | SST-SX1000-LPT v1.1 | SST-SX1000-LPT-X | SST-SX1000-LPT-X V1.1,Full,1000
6d9f7452-20e8-47f2-9df5-b4a7a4f2ed34,Super Flower Leadex Titanium Black 1000W Fully Modular 80+ Titanium Certified,Super Flower,Leadex,1000W Titanium,,6d9f7452-20e8-47f2-9df5-b4a7a4f2ed34.json,BLACK,1,0,0,0,0,0,12,,,80+ Titanium,False,ATX,B010IYY59Y,,,,1HU-024C-00012,,180,,,,SF-1000F14HT,Full,1000
6da32f2d-16cf-424e-a0f5-04de8e5cf3ba,Gigabyte PW400 Black 400W Non-Modular 80+ Certified,Gigabyte,PW400,400W 80+,,6da32f2d-16cf-424e-a0f5-04de8e5cf3ba.json,BLACK,1,1,0,4,0,1,3,,,80+,False,ATX,,,,,,,140,,,,GP-PW400,Non-Modular,400
6db6e1aa-c288-4be0-863c-09b5439a19a6,SeaSonic FOCUS Gold 550W Semi-Modular 80+ Gold Certified,SeaSonic,FOCUS,550W Gold,,6db6e1aa-c288-4be0-863c-09b5439a19a6.json,,1,1,0,3,0,2,6,,,80+ Gold,False,ATX,B084TSDNKT,,,,,,140,,,,SSR-550FM | G12-GM-550 | G12 GM-550 | FOCUS GM-550,Semi-Modular,550
6dcf10a5-c430-4ca9-8a0a-3436bb26a7bd,Antec High Current Gamer 400W Semi-Modular 80+ Bronze Certified ATX,Antec,High,400W Bronze,,6dcf10a5-c430-4ca9-8a0a-3436bb26a7bd.json,,1,1,0,4,0,2,5,,,80+ Bronze,False,ATX,,,,,,,160,,,,HCG-400M,Semi-Modular,400
6dd8769a-095d-4df7-9e04-0acb7c797fab,Thermaltake Toughpower XT 650W Fully Modular 80+ Bronze Certified,Thermaltake,Toughpower,650W Bronze,,6dd8769a-095d-4df7-9e04-0acb7c797fab.json,,1,0,0,0,0,0,6,,,80+ Bronze,False,ATX,,,,,,,139,,,,W0227RU,Full,650
6ddab6d1-9a3b-48e1-9174-6e6b51f6d389,FSP Group AURUM GOLD 600W Non-Modular 80+ Gold,FSP Group,AURUM,600W Gold,,6ddab6d1-9a3b-48e1-9174-6e6b51f6d389.json,,1,2,0,4,0,3,6,,,80+ Gold,False,ATX,,,,,,,140,,,,AURUM GOLD 600,Non-Modular,600
6e23b31e-2d45-4b8c-9b98-332095b9a2f3,Thermaltake Toughpower PF3 Black 750W Fully Modular 80+ Platinum Certified ATX,Thermaltake,Toughpower,750W Platinum,,6e23b31e-2d45-4b8c-9b98-332095b9a2f3.json,BLACK,1,2,0,4,1,4,8,,,80+ Platinum,False,ATX,,,,,,,140,,,,PS-TPD-0750FNFAPU-3 | PS-TPD-0750FNFAPE-3,Full,750
6e6769f6-ff8d-4669-89a8-9308441799bd,Deepcool PM500D Black ATX 500W Non-Modular 80+ Gold Certified,DeepCool,PM500D,500W Gold,,6e6769f6-ff8d-4669-89a8-9308441799bd.json,BLACK,1,1,0,3,0,2,6,,,80+ Gold,False,ATX,,,,,,,140,,,,R-PM500D-FA0B-US | R-PM500D-FA0B-BU | R-PM500D-FA0B-AU | R-PM500D-FA0B-AR | R-PM500D-FA0B-JP | R-PM500D-FA0B-UK | R-PM500D-FA0B-CN | R-PM500D-FA0B-BR | R-PM500D-FA0B-EU | R-PM500D-FA0B-WO,Non-Modular,500
6e69dcd8-e7e4-4cec-8372-d4d8804ce6b0,Xilence XP500R6 Black / Red 500W Non-Modular,Xilence,XP500R6,500W ,,6e69dcd8-e7e4-4cec-8372-d4d8804ce6b0.json,BLACK | RED,1,1,0,2,0,1,4,,,,False,ATX,B00OZ08W3S,,,,,,140,,,,XN042 | 4044953500220,Non-Modular,500
6e766365-baac-43aa-8ba7-964aa850679d,Vetroo G5 850W Fully Modular 80+ Gold Certified,Vetroo,G5,850W Gold,,6e766365-baac-43aa-8ba7-964aa850679d.json,PINK,1,0,0,0,0,0,8,,,80+ Gold,False,ATX,,,,,,,140,,,,CP-PSU-VT-850W-G5(PK),Full,850
6e8239a7-2edb-4a05-b7ab-6a110cc4e1e6,Thermaltake Toughpower GF1 PE 750W Fully Modular 80+ Gold Certified,Thermaltake,Toughpower,750W Gold,,6e8239a7-2edb-4a05-b7ab-6a110cc4e1e6.json,BLACK,1,1,0,4,0,4,9,,,80+ Gold,False,ATX,B07SL9NFVS,6453264,,,N82E16817153397,356984597,160,,,,PS-TPD-0750FNFAGU-1 | PS-TPD-0750FNFAGA-1 | PS-TPD-0750FNFAGx-1 | PS-TPD-0750FNFAGE-1,Full,750
6e864c17-9489-4d76-a5ce-e16a26d2b060,SeaSonic M12II 620W Non-Modular 80+ Bronze,SeaSonic,M12II,620W Bronze,,6e864c17-9489-4d76-a5ce-e16a26d2b060.json,,1,1,0,4,0,2,8,,,80+ Bronze,False,ATX,,,,,,,140,,,,S12II 620 Bronze | SS-620GB | SS-620GB F3,Non-Modular,620
6ea38471-5bb1-44be-b4af-4c1553dc5176,PC Power & Cooling Silencer MK III 1200W 80+ Platinum Certified Semi-Modular,PC Power & Cooling,Silencer,1200W Platinum,,6ea38471-5bb1-44be-b4af-4c1553dc5176.json,,1,2,0,4,0,6,12,,,80+ Platinum,False,ATX,,,,,,,179,,,,PPCMK3S1200,Semi-Modular,1200
6ec8b926-85d4-4796-8a5c-c92c00c255fa,Corsair SF1000 (2024) Black SFX 1000W Fully Modular 80+ Platinum Certified,Corsair,SF1000,1000W Platinum,,6ec8b926-85d4-4796-8a5c-c92c00c255fa.json,BLACK,1,0,0,0,0,0,8,,,80+ Platinum,False,SFX,B0D45RN3KZ,,,,N82E16817139332,7257015060,100,,,,CP-9020257 | CP-9020257-AU | CP-9020257-NA | CP-9020257-EU | CP-9020257-UK | CP9020257NA,Full,1000
6ecb5f77-5ccf-459e-8307-5d6636915a26,Antec Earthwatts Green 430W Non-Modular 80+ Bronze Certified,Antec,Earthwatts,430W Bronze,,6ecb5f77-5ccf-459e-8307-5d6636915a26.json,,1,1,0,4,0,0,5,,,80+ Bronze,False,ATX,B002VLYJRG,,,,,,139,,,,EA-430D Green | EA 430D | EA-430D GREEN,Non-Modular,430
6ecd8037-38c2-4b09-ab3c-07852d1ce580,Asus TUF Gaming 1000G White 1000W Fully Modular 80+ Gold,Asus,TUF,1000W Gold,,6ecd8037-38c2-4b09-ab3c-07852d1ce580.json,WHITE,1,0,0,0,0,0,5,,,80+ Gold,False,ATX,B0DHYRB6C3,,,,N82E16817320051,13193262448,150,,,,90YE00S5-B0NA00 | TUF-GAMING-1000G-WHITE,Full,1000
6ece85e9-4448-42cc-9088-223629edc372,Antec High 850W Semi-Modular 80+ Gold,Antec,High,850W Gold,,6ece85e9-4448-42cc-9088-223629edc372.json,,1,2,0,6,0,6,9,,,80+ Gold,False,ATX,,,,,,,180,,,,HCP-850,Semi-Modular,850
6ee31334-67ce-4435-9c35-385d491824ef,ENDORFY Supremo FM6 Black 850W Fully Modular 80+ Gold Certified,ENDORFY,Supremo,850W Gold,,6ee31334-67ce-4435-9c35-385d491824ef.json,BLACK,1,0,0,0,0,0,4,,,80+ Gold,False,ATX,,,,,,,140,,,,EY7A012-U1 | EY7A012,Full,850
6eede9f5-c329-44e1-bb33-cab24f47fb34,Thermalright TP ATX 850W Fully Modular 80+ Platinum Certified,Thermalright,TP,850W Platinum,,6eede9f5-c329-44e1-bb33-cab24f47fb34.json,WHITE,1,1,0,5,1,4,10,,,80+ Platinum,False,ATX,,,,,,,140,,,,TP-850-W | TR-TP-850-W,Full,850
6f176fa7-93a8-4caf-8013-6fbf75341fb4,Mushkin MKNPSJL1000 ATX 1000W Non-Modular 80+ Gold Certified,Mushkin,MKNPSJL1000,1000W Gold,,6f176fa7-93a8-4caf-8013-6fbf75341fb4.json,,1,1,0,4,0,6,12,,,80+ Gold,False,ATX,,,,,,,176,,,,MKNPSJL1000,Non-Modular,1000
6f183462-a047-4540-a216-d535ed70e65b,Rosewill Tachyon ATX 550W Semi-Modular 80+ Platinum Certified,Rosewill,Tachyon,550W Platinum,,6f183462-a047-4540-a216-d535ed70e65b.json,,1,1,0,5,0,2,6,,,80+ Platinum,False,ATX,,,,,,,170,,,,Tachyon-550,Semi-Modular,550
6f3dafb6-0dfa-4c48-8427-ff7be3d82cd0,Zalman ACRUX Black / Silver 1200W Fully Modular 80+ Platinum Certified ATX,Zalman,ACRUX,1200W Platinum,,6f3dafb6-0dfa-4c48-8427-ff7be3d82cd0.json,BLACK | GREY,1,2,0,8,0,6,16,,,80+ Platinum,False,ATX,,,,,,,180,,,,ZM1200-ARX,Full,1200
6f46c624-f31c-44c9-b26f-a4c6f1c82462,Enermax REVOLUTION ATX 3.0 Black / White 1200W Fully Modular 80+ Gold,Enermax,REVOLUTION,1200W Gold,,6f46c624-f31c-44c9-b26f-a4c6f1c82462.json,BLACK | WHITE,1,2,0,4,1,4,12,,,80+ Gold,False,ATX,,,,,,,150,,,,ERA1200EWT,Full,1200
6f804360-bed7-4419-bdb0-4d6bf18a170a,Antec High Current Gamer Gold Black 750W Fully Modular 80+ Gold Certified,Antec,High,750W Gold,,6f804360-bed7-4419-bdb0-4d6bf18a170a.json,BLACK,1,2,0,3,0,4,8,,,80+ Gold,False,ATX,,,,,,,140,,,,HCG750 Gold,Full,750
6f81d585-d831-4196-8187-fb558b4dae4e,Corsair AX1000 1000W Fully Modular 80+ Titanium Certified ATX,Corsair,AX1000,1000W Titanium,,6f81d585-d831-4196-8187-fb558b4dae4e.json,BLACK | GREY,1,2,0,8,0,8,16,,,80+ Titanium,False,ATX,B07M9TP7VM,,,,,610055764,170,,,,CP-9020152-NA | CP-9020152-UK | AX1000,Full,1000
6f871ff7-d790-438f-94e9-f9b3014285e5,Thortech Thunderbolt 850W 80+ Gold Certified Fully Modular,Thortech,Thunderbolt,850W Gold,,6f871ff7-d790-438f-94e9-f9b3014285e5.json,,1,2,0,6,0,4,12,,,80+ Gold,False,ATX,,,,,,,,,,,TTB850G,Full,850
6fce55e9-c42f-4a01-8b6d-9cb91c330d53,Asus ROG Thor P2 1000W Fully Modular 80+ Silver / Black,Asus,ROG Thor,1000W Platinum II,2021,6fce55e9-c42f-4a01-8b6d-9cb91c330d53.json,GREY | BLACK | RGB,1,2,0,6,1,8,12,Cybenetics Platinum,Cybenetics A++,80+ Platinum,False,ATX,B09SGQ9PPC,,,https://rog.asus.com/in/power-supply-units/rog-thor/rog-thor-1000p2-gaming-model/spec/,N82E16817320020,3260427435,190,,2026-04-11T17:42:21.741Z,Black/Silver,ROG-THOR-1000P2-GAMING | 90YE00L1-B0NA00,Full,1000
6fecbb87-47ac-4d54-9a8a-73f6310d7294,Corsair CS650M 650W 80+ Gold Semi-Modular,Corsair,CS650M,650W Gold,,6fecbb87-47ac-4d54-9a8a-73f6310d7294.json,,1,1,0,4,0,4,6,,,80+ Gold,False,ATX,,,,,,,139,,,,CS650M | CP-9020077-UK | CP-9020077-NA | CP-9020077-EU,Semi-Modular,650
6ffe1a9b-5b3e-4ee9-a0b2-efa3d7db502d,CoolMax ZPG-1200B ATX 1200W Semi-Modular 80+ Gold Certified,CoolMax,ZPG-1200B,1200W Gold,,6ffe1a9b-5b3e-4ee9-a0b2-efa3d7db502d.json,,1,2,0,6,0,6,12,,,80+ Gold,False,ATX,,,,,,,160,,,,ZPG-1200B,Semi-Modular,1200
7007fea5-10c9-42f1-b02a-198927ff6ba9,Enermax REVOLUTION X't 430W Semi-Modular 80+ Gold Certified,Enermax,REVOLUTION,430W Gold,,7007fea5-10c9-42f1-b02a-198927ff6ba9.json,,1,1,0,4,0,2,8,,,80+ Gold,False,ATX,,,,,,,160,,,,ERX430AWT,Semi-Modular,430
7018e03f-dcc1-4a1b-8a06-cc91b8aaa78b,Deepcool PQ750M Black 750W Fully Modular 80+ Gold Certified,DeepCool,PQ750M,750W Gold,,7018e03f-dcc1-4a1b-8a06-cc91b8aaa78b.json,BLACK,1,1,0,3,0,3,8,,,80+ Gold,False,ATX,B09Y5LMRZL,,,,,,140,,,,R-PQ750M-FA0B-US,Full,750
701a8186-3fac-4d76-9d88-c03a5fc8640a,Kuroutoshikou KRPW-BR550W/85+ Black ATX 550W Non-Modular 80+ Bronze Certified,Kuroutoshikou,KRPW-BR550W/85+,550W Bronze,,701a8186-3fac-4d76-9d88-c03a5fc8640a.json,BLACK,1,2,0,2,0,2,6,,,80+ Bronze,False,ATX,,,,,,,140,,,,KRPW-BR550W | 85+,Non-Modular,550
70274314-12ce-49db-a1ef-e8d47a61f804,LC-Power LC850P V3.0 Black 850W Fully Modular 80+ Platinum Certified ATX,LC-Power,LC850P,850W Platinum,,70274314-12ce-49db-a1ef-e8d47a61f804.json,BLACK,1,2,0,5,1,4,10,,,80+ Platinum,False,ATX,,,,,,,180,,,,LC850P V3.0,Full,850
703a9369-ee7f-4f03-873e-76cfdb9af310,Nexus NX-5000 R3 ATX 530W Non-Modular 80+ Bronze Certified,Nexus,NX-5000,530W Bronze,,703a9369-ee7f-4f03-873e-76cfdb9af310.json,,1,1,0,6,0,1,6,,,80+ Bronze,False,ATX,,,,,,,124,,,,NX-5000 R3,Non-Modular,530
70537eb0-9021-48fb-807c-1bd43eb25ab2,Corsair GS800 800W 80+ Bronze Non-Modular,Corsair,GS800,800W Bronze,,70537eb0-9021-48fb-807c-1bd43eb25ab2.json,,1,1,0,8,0,4,8,,,80+ Bronze,False,ATX,,,,,,,160,,,,GS800 | CP-9020014-NA | CP-9020014-UK,Non-Modular,800
706f1408-4dca-4182-9c12-679bbab17c7b,Thermaltake TR2 S 650W Non-Modular 80+ Certified,Thermaltake,TR2,650W 80+,,706f1408-4dca-4182-9c12-679bbab17c7b.json,,1,1,0,4,0,2,5,,,80+,False,ATX,,,,,,,140,,,,TRS-0650P-2 | PS-TRS-0650NPCWAU-2 | PS-TRS-0650NPCWEU-2,Non-Modular,650
7071b1d8-e7b4-4c84-9774-a95758cc2936,LEPA B550-SA ATX 550W Non-Modular 80+ Bronze,LEPA,B550-SA,550W Bronze,,7071b1d8-e7b4-4c84-9774-a95758cc2936.json,,1,1,0,4,0,1,5,,,80+ Bronze,False,ATX,,,,,,,140,,,,B550-SA,Non-Modular,550
707b7267-f21c-4b2f-9984-d00043600131,Cooler Master MWE Gold V2 ATX3.0 1050W 80+ Gold Certified Fully Modular ATX,Cooler Master,MWE,1050W Gold,,707b7267-f21c-4b2f-9984-d00043600131.json,BLACK,1,2,0,4,1,3,12,,,80+ Gold,False,ATX,B0BVRTCD7M,,,,9SIA2W0K3C5978,3247365355,180,,,,MPE-A501-AFCAG-3 | MPE-A501-AFCAG-3U2 | MPE-A501-AFCAG-3AU | MPE-A501-AFCAG-3UK | MPE-A501-AFCAG-3EU | MPE-A501-AFCAG-3JP | MPE-A501-AFCAG-3US | MPE-A501-AFCAG-3WO,Full,1050
7081e452-07c4-40df-826a-17b6e1e58d91,GALAX PGO1BGPFNAFB0 ATX 1200W Fully Modular 80+ Gold Certified,GALAX,PGO1BGPFNAFB0,1200W Gold,,7081e452-07c4-40df-826a-17b6e1e58d91.json,BLACK,1,2,0,3,1,5,8,,,80+ Gold,False,ATX,,,,,,,160,,,,PGO1BGPFNAFB0,Full,1200
7085fbb1-5aea-4194-8981-6b9f29d8ae04,Rosewill CS-850M 850W Fully Modular 80+ Gold Certified,Rosewill,CS-850M,850W Gold,,7085fbb1-5aea-4194-8981-6b9f29d8ae04.json,BLACK,1,0,0,0,0,0,9,,,80+ Gold,False,ATX,,,,,,,160,,,,CS-850M,Full,850
709a1ddf-091d-4ae1-8757-0e76c65dbd64,EVGA SuperNOVA 750 G1 750W Fully Modular 80+ Gold,EVGA,SuperNOVA,750W Gold,,709a1ddf-091d-4ae1-8757-0e76c65dbd64.json,,1,2,0,6,0,4,9,,,80+ Gold,False,ATX,,,,,,,180,,,,120-G1-0750-XR | 120-G1-0750-X2 | 120-G1-0750-X3,Full,750
70a853cf-5daf-4595-b9cb-1cb1dfbd1905,LC-Power OFFICE SERIES Black ATX 600W Non-Modular,LC-Power,OFFICE,600W ,,70a853cf-5daf-4595-b9cb-1cb1dfbd1905.json,BLACK,1,1,0,2,0,1,6,,,,False,ATX,,,,,,,140,,,,LC600H-12 V2.31,Non-Modular,600
70d3c1f3-6305-42bf-8c26-1f990f49da28,Corsair SF450 (2016) SFX Black 450W Fully Modular 80+ Gold,Corsair,SF450,450W Gold,,70d3c1f3-6305-42bf-8c26-1f990f49da28.json,BLACK,1,1,0,4,0,2,4,,,80+ Gold,False,SFX,B01CGGOXWQ,,,,,50519032,100,,,,CP-9020104-NA | CP-9020104-AU | SF450 | CP-9020104-UK | CP-9020104-EU,Full,450
70e50fe1-4247-4924-85c6-e85cf6ef66c5,SeaSonic SSP-350ST 350W Non-Modular 80+ Bronze,SeaSonic,SSP-350ST,350W Bronze,,70e50fe1-4247-4924-85c6-e85cf6ef66c5.json,,1,1,0,0,0,0,0,,,80+ Bronze,False,ATX,,,,,,,140,,,,SSP-350ST,Non-Modular,350
70f1522b-f599-4171-87bf-ec9e925086c2,Silverstone SX750-PT Black SFX 750W Fully Modular 80+ Platinum Certified,Silverstone,SX750-PT,750W Platinum,,70f1522b-f599-4171-87bf-ec9e925086c2.json,BLACK,1,3,0,3,0,4,8,,,80+ Platinum,False,SFX,B08KTLZN4N,,,,1HU-00RG-000Z2,101770488,100,,,,SST-SX750-PT | RNAB08PHGCDZH | SST-SX750-PTv11,Full,750
7146f04a-d366-4c0c-b0cf-4ebc802b4aaa,Gigabyte UD1000GM Black 1000W Fully Modular 80+ Gold Certified ATX,Gigabyte,UD1000GM,1000W Gold,,7146f04a-d366-4c0c-b0cf-4ebc802b4aaa.json,BLACK,1,0,0,0,0,0,8,,,80+ Gold,False,ATX,B09VKF3CFC,,,,N82E16817233035,444072941,140,,,,GP-UD1000GM,Full,1000
717c7476-66dc-4f75-bfff-be00147e2294,Thermaltake TR2 S 550W Non-Modular 80+ Certified,Thermaltake,TR2,550W 80+,,717c7476-66dc-4f75-bfff-be00147e2294.json,,1,1,0,4,0,2,5,,,80+,False,ATX,,,,,,,140,,,,TRS-0550P-2 | PS-TRS-0550NPCWAU-2,Non-Modular,550
717c94bc-b1b1-4d19-a29f-8e2aba49bbbd,Super Flower Leadex V Gold Pro Black 1000W Fully Modular 80+ Gold Certified,Super Flower,Leadex,1000W Gold,,717c94bc-b1b1-4d19-a29f-8e2aba49bbbd.json,BLACK,1,2,0,4,0,4,12,,,80+ Gold,False,ATX,,,,,,,130,,,,SF-1000F14TG v2.0,Full,1000
71a4d390-f819-4935-ae5e-7ee26a90b27d,750W DeepCool PL750D 80 Plus Bronze PSU,DeepCool,PL,PL750D,0,71a4d390-f819-4935-ae5e-7ee26a90b27d.json,,0,2,0,2,1,3,8,,,80+ Bronze,False,ATX,,,,,,,0,,,,r-pl750d-fc0b-uk-750w,Non-Modular,750
71a78c56-2b70-4335-afce-cfec1de5ba4b,Corsair VS500 ATX 500W Non-Modular 80+ Certified,Corsair,VS500,500W 80+,,71a78c56-2b70-4335-afce-cfec1de5ba4b.json,,1,1,0,2,0,2,7,,,80+,False,ATX,B01N2HRRH4,,,,,,140,,,,CP-9020118-NA,Non-Modular,500
71c16e4f-66e0-4c0c-b1d5-220f20b36615,ARESGAME AGV ATX 750W Semi-Modular 80+ Bronze Certified,ARESGAME,AGV,750W Bronze,,71c16e4f-66e0-4c0c-b1d5-220f20b36615.json,BLACK,1,0,0,0,0,0,6,,,80+ Bronze,False,ATX,B0B4N4T8VW,,,,,,140,,,,AGV750,Semi-Modular,750
71c5b683-e9cd-4187-b1b2-44517a24a7f0,Zalman TeraMax II White 850W Fully Modular 80+ Gold,Zalman,TeraMax,850W Gold,,71c5b683-e9cd-4187-b1b2-44517a24a7f0.json,WHITE,1,2,0,3,1,4,12,,,80+ Gold,False,ATX,,,,,,,140,,,,ZM850-TMX2 WH,Full,850
71d030ab-206c-49a0-a39d-65287d029157,Rosewill Capstone ATX 650W Semi-Modular 80+ Gold Certified,Rosewill,Capstone,650W Gold,,71d030ab-206c-49a0-a39d-65287d029157.json,,1,1,0,5,0,4,8,,,80+ Gold,False,ATX,B00822BTLC,,,,,742606966,169,,,,CAPSTONE-650-M,Semi-Modular,650
71d3729e-96db-4881-87d8-39e84206c2a1,Thermalright TG Black ATX 750W Fully Modular 80+ Gold Certified,Thermalright,TG,750W Gold,,71d3729e-96db-4881-87d8-39e84206c2a1.json,BLACK,1,1,0,3,1,4,8,,,80+ Gold,False,ATX,,,,,,,140,,,,TG-750 | TR-TG-750,Full,750
71e1cebf-4762-43df-905f-62dfedc60c9b,Xilence XP650R9 ATX 650W Non-Modular 80+ Gold Certified,Xilence,XP650R9,650W Gold,,71e1cebf-4762-43df-905f-62dfedc60c9b.json,BLACK | RED,1,1,0,3,0,2,6,,,80+ Gold,False,ATX,,,,,,,150,,,,XN072,Non-Modular,650
71ed706a-9d8c-4a94-bda5-15024c6f3b59,Cooler Master MasterWatt Maker ATX 1200W Fully Modular 80+ Titanium Certified,Cooler Master,MasterWatt,1200W Titanium,,71ed706a-9d8c-4a94-bda5-15024c6f3b59.json,,1,2,0,12,0,10,16,,,80+ Titanium,False,ATX,,,,,,,200,,,,MPZ-C001-AFBAT | MPZ-C002-AFBAT-US,Full,1200
71ee7fda-346d-456c-8a5d-3a0d5a5e3cf8,Corsair AX850 850W Fully Modular 80+ Titanium Certified,Corsair,AX850,850W Titanium,,71ee7fda-346d-456c-8a5d-3a0d5a5e3cf8.json,BLACK | GREY,1,2,0,6,0,6,16,,,80+ Titanium,False,ATX,,,,,,,170,,,,CP-9020151-NA | CP-9020151-UK | CP-9020151-AU,Full,850
71f03654-3f81-49d7-b88d-05abd83fa8de,Cooler Master MWE Gold Black 550W Fully Modular 80+ Gold,Cooler Master,MWE,550W Gold,,71f03654-3f81-49d7-b88d-05abd83fa8de.json,BLACK,1,1,0,3,0,2,8,,,80+ Gold,False,ATX,B07DVLFK78,,,,9SIBKYEK6T7461,670910081,160,,,,MPY-5501-AFAAG-US | MPY-5501-AFAAG-UK | MPY-5501-AFAAG-AU,Full,550
72003e5d-aec8-4901-9a93-5450df7df281,Raidmax XT ATX 300W Non-Modular,Raidmax,XT,300W ,,72003e5d-aec8-4901-9a93-5450df7df281.json,,1,1,0,2,0,0,4,,,,False,ATX,B0CHDLR5CH,,,,,,146,,,,RX-300XT | RX-450XT,Non-Modular,300
722081ff-cdb2-4993-b933-a8ebec6e0426,SeaSonic CORE GX-500 Black / Gold 500W Fully Modular 80+ Gold,SeaSonic,CORE,500W Gold,,722081ff-cdb2-4993-b933-a8ebec6e0426.json,BLACK | GOLD,1,1,0,3,0,2,6,,,80+ Gold,False,ATX,,,,,,,140,,,,CORE-GX-500,Full,500
7225d11a-a1b0-46cc-b9e2-958a44ac2b4f,MSI MPG A1250GS PCIE5 Black ATX 1250W Fully Modular 80+ Gold Certified,MSI,MPG,1250W Gold,,7225d11a-a1b0-46cc-b9e2-958a44ac2b4f.json,BLACK,1,2,0,4,2,1,8,,,80+ Gold,False,ATX,B0DT2Q53TH,6629566,,,N82E16817701029,15427168042,150,,,,MPG A1250GS PCIE5 | 306-7ZPFX11-CE0 | MPGA1250GSPCIE5,Full,1250
723b0c27-fe3e-4a7a-8556-30763d3d05bf,SeaSonic X 650W Fully Modular 80+ Gold,SeaSonic,X,650W Gold,,723b0c27-fe3e-4a7a-8556-30763d3d05bf.json,,1,2,0,5,0,4,10,,,80+ Gold,False,ATX,,,,,,,160,,,,SS-650KM3 | SS-650KM3 F3 | X-650 | X650 Gold (SS-650KM3 Active PFC),Full,650
724937b1-72a3-41fd-84c6-300cc1a03976,be quiet! TFX Power 2 Black TFX 300W Non-Modular 80+ Gold Certified,be quiet!,TFX,300W Gold,,724937b1-72a3-41fd-84c6-300cc1a03976.json,BLACK,1,0,0,2,0,0,4,,,80+ Gold,False,TFX,,,,,,,175,,,,BN229,Non-Modular,300
72496fd9-978c-4687-9bd2-07e63b189520,Silverstone Extreme Rz SFX 550W Fully Modular 80+ Gold Certified,Silverstone,Extreme,550W Gold,,72496fd9-978c-4687-9bd2-07e63b189520.json,BLACK,1,0,0,0,0,0,6,,,80+ Gold,False,SFX,,,,,,,100,,,,SST-EX550R-GM,Full,550
72686975-d84b-44a8-8e60-f92f4d197fa2,be quiet! Dark Power Pro 11 550W Semi-Modular 80+ Platinum,be quiet!,Dark,550W Platinum,,72686975-d84b-44a8-8e60-f92f4d197fa2.json,,1,2,0,5,0,4,8,,,80+ Platinum,False,ATX,,,,,,,180,,,,BN250 | BN650,Semi-Modular,550
7275d7d5-8b73-45c0-a0a3-bb76e993f34d,GameMax RGB Black ATX 1300W Fully Modular 80+ Platinum Certified,GameMax,RGB,1300W Platinum,,7275d7d5-8b73-45c0-a0a3-bb76e993f34d.json,BLACK,1,2,0,3,1,4,10,,,80+ Platinum,False,ATX,,,,,,,170,,,,RGB-1300,Full,1300
727d93fb-546a-45a3-a672-c71c84c5b2ab,Thermaltake Toughpower GF3 TT Premium Black 850W Fully Modular 80+ Gold Certified,Thermaltake,Toughpower,850W Gold,,727d93fb-546a-45a3-a672-c71c84c5b2ab.json,BLACK,1,0,0,0,0,0,12,,,80+ Gold,False,ATX,B0BF3YF9KY,6535777,,,N82E16817153438,1127467367,160,,,,PS-TPD-0850FNFAGU-4 | PS-TPD-0850FNFAGE-4 | PS-TPD-0850FNFAGA-4,Full,850
7290f3cb-1cb2-428f-a309-5e785199ea23,EVGA 850 B5 Black 850W Fully Modular 80+ Bronze Certified,EVGA,850,850W Bronze,,7290f3cb-1cb2-428f-a309-5e785199ea23.json,BLACK,1,0,0,0,0,0,9,,,80+ Bronze,False,ATX,B084R8FT1X,,,,N82E16817438164,329126097,150,,,,220-B5-0850-V1,Full,850
729364fa-603a-4b7d-8ff1-29981d5105f2,Thermaltake Toughpower 1000W 80+ Bronze Fully Modular,Thermaltake,Toughpower,1000W Bronze,,729364fa-603a-4b7d-8ff1-29981d5105f2.json,,1,2,0,8,0,0,8,,,80+ Bronze,False,ATX,,,,,,,200,,,,W0132RU,Full,1000
72d079c9-45ac-46bd-849c-c50c521b6bf5,Enermax Platimax ATX 500W 80+ Platinum Certified Semi-Modular,Enermax,Platimax,500W Platinum,,72d079c9-45ac-46bd-849c-c50c521b6bf5.json,,1,0,0,0,0,0,6,,,80+ Platinum,False,ATX,,,,,,,160,,,,EPM500AWT,Semi-Modular,500
72d6fcfb-eff6-412e-adc3-8ae95d803ae7,SeaSonic SS-400ET Bronze 400W Non-Modular 80+ Bronze Certified,SeaSonic,SS-400ET,400W Bronze,,72d6fcfb-eff6-412e-adc3-8ae95d803ae7.json,,1,0,0,5,0,0,4,,,80+ Bronze,False,ATX,B004GWZRRO,,,,,29926538,139,,,,SS-400ET Bronze | SS-400ET BRONZE | SS400ET BRONZE,Non-Modular,400
72ec0453-c543-4b8c-900a-9e0bbdcf659a,Apevia ATX-VN500W ATX 500W Non-Modular,Apevia,ATX-VN500W,500W ,,72ec0453-c543-4b8c-900a-9e0bbdcf659a.json,,1,0,0,0,0,0,3,,,,False,ATX,,,,,,,140,,,,ATX-VN500W,Non-Modular,500
72f0b49b-79b5-4bc0-827d-daef2398ea77,Apevia Astro Black 500W Non-Modular,Apevia,Astro,500W ,,72f0b49b-79b5-4bc0-827d-daef2398ea77.json,BLACK,1,0,0,3,0,0,3,,,,False,ATX,,,,,,,140,,,,ATX-AS500W,Non-Modular,500
72f90204-e658-43ca-a519-d7e01f7c669f,Montech CENTURY Black 650W Fully Modular 80+ Gold Certified ATX,Montech,CENTURY,650W Gold,,72f90204-e658-43ca-a519-d7e01f7c669f.json,BLACK,1,2,0,3,0,4,8,,,80+ Gold,False,ATX,,,,,,,140,,,,CENTURY 650,Full,650
72ff2685-bff6-4258-bc9c-e06042a85fc1,SeaSonic X ATX 850W Fully Modular 80+ Gold Certified,SeaSonic,X,850W Gold,,72ff2685-bff6-4258-bc9c-e06042a85fc1.json,,1,2,0,5,0,4,10,,,80+ Gold,False,ATX,,,,,,,160,,,,X-850 | SS-850KM3 | SS-850KM-F3 | X-850 SS-850KM3 ACTIVE P | X-850 (SS-850KM3 Active PFC F3),Full,850
73162cef-0c62-44b1-9e4f-b736146c0461,Xilence XP750R12.ARGB Black 750W Non-Modular 80+ Gold,Xilence,XP750R12.ARGB,750W Gold,,73162cef-0c62-44b1-9e4f-b736146c0461.json,BLACK,1,3,0,0,0,3,6,,,80+ Gold,False,ATX,B0BVQTDGW6,,,,,,140,,,,XN335,Non-Modular,750
7326db51-7774-4440-af27-e51cea00e85e,Thermalright TB750S Black 750W Non-Modular 80+ Bronze Certified ATX,Thermalright,TB750S,750W Bronze,,7326db51-7774-4440-af27-e51cea00e85e.json,BLACK,1,2,0,3,1,2,5,,,80+ Bronze,False,ATX,,,,,,,140,,,,TB-750S | TR-TB750S,Non-Modular,750
73992223-debc-477e-bdb7-0f004bb80bdf,Corsair RM550 550W 80+ Gold Fully Modular,Corsair,RM550,550W Gold,,73992223-debc-477e-bdb7-0f004bb80bdf.json,,1,1,0,4,0,2,6,,,80+ Gold,False,ATX,,,,,,,,,,,RM550 | CP-9020053-UK | CP-9020053-NA | CP-9020053-EU,Full,550
739c4053-0d24-4587-b439-82dc88eb1e01,MSI MPG A750GF White 750W Fully Modular 80+ Gold,MSI,MPG,750W Gold,,739c4053-0d24-4587-b439-82dc88eb1e01.json,WHITE,1,2,0,4,0,6,8,,,80+ Gold,False,ATX,,,,,,,160,,,,MPG A750GF WHITE | 306-7ZP0B30-CE0,Full,750
73aa2fec-01ee-430d-81c9-a04c5c0380e3,SeaSonic FOCUS SGX SFX 500W Fully Modular 80+ Gold Certified,SeaSonic,FOCUS,500W Gold,,73aa2fec-01ee-430d-81c9-a04c5c0380e3.json,BLACK,1,1,0,3,0,2,3,,,80+ Gold,False,SFX,,,,,,,125,,,,SSR-500SGX | FOCUS SGX-500 | SGX-500,Full,500
73b968ee-16a0-4837-a478-e5ffefb18f19,Silverstone Strider 1000W Semi-Modular 80+ Gold,Silverstone,Strider,1000W Gold,,73b968ee-16a0-4837-a478-e5ffefb18f19.json,,1,2,0,6,0,4,8,,,80+ Gold,False,ATX,,,,,,,180,,,,SST-ST1000-G Evolution | SST-ST1000-G Evo,Semi-Modular,1000
73d96a89-44a2-4a75-925a-c323f3007784,NZXT HALE90 V2 1000W Fully Modular 80+ Gold,NZXT,HALE90,1000W Gold,,73d96a89-44a2-4a75-925a-c323f3007784.json,,1,2,0,14,0,6,12,,,80+ Gold,False,ATX,,,,,,,190,,,,NP-1GM-1000A,Full,1000
74143bb4-2fec-492c-9655-a2fbeb53946d,Rosewill VMG 1000W Fully Modular 80+ Gold Certified ATX,Rosewill,VMG,1000W Gold,,74143bb4-2fec-492c-9655-a2fbeb53946d.json,BLACK,1,0,0,0,0,0,8,,,80+ Gold,False,ATX,B0FFQRCM37,,,,N82E16817182469,,140,,,,VMG1000,Full,1000
7453078c-ff6a-4114-ba4f-0e7e1a0a2535,EVGA SuperNOVA 850 GT 850W Fully Modular 80+ Gold,EVGA,SuperNOVA,850W Gold,,7453078c-ff6a-4114-ba4f-0e7e1a0a2535.json,BLACK,1,0,0,0,0,0,9,,,80+ Gold,False,ATX,B08X1C8TK9,6481207,,,N82E16817438199,532739308,150,,,,220-GT-0850-Y1,Full,850
749586e4-3da5-42fe-b9a5-88f057525d15,Thermaltake Toughpower Grand 650W Semi-Modular 80+ Gold,Thermaltake,Toughpower,650W Gold,,749586e4-3da5-42fe-b9a5-88f057525d15.json,,1,2,0,8,0,0,8,,,80+ Gold,False,ATX,,,,,,,160,,,,TPG-650M,Semi-Modular,650
7496239b-8c28-42e7-9a75-412ea4fc9578,Raidmax Cobra Certified ATX 600W Non-Modular 80+ Bronze,Raidmax,Cobra,600W Bronze,,7496239b-8c28-42e7-9a75-412ea4fc9578.json,,1,1,0,4,0,2,5,,,80+ Bronze,False,ATX,,,,,,,165,,,,RX-600AF-B,Non-Modular,600
74997776-ff6a-411e-8d18-a3c1130f33e8,Corsair RM1000e (2023) Black 1000W Fully Modular 80+ Gold Certified,Corsair,RM1000e,1000W Gold,,74997776-ff6a-411e-8d18-a3c1130f33e8.json,BLACK,1,0,0,0,0,0,7,,,80+ Gold,False,ATX,B0BYQHWJXC,6589973,,,N82E16817139305,3364273819,140,,,,CP-9020264-NA | CP-9020264-AU | CP-9020264-UK | CP-9020264-EU,Full,1000
74cccf8b-ec01-402a-9dec-bf3f8620cd83,Xigmatek Vector 850W Semi-Modular 80+ Gold,Xigmatek,Vector,850W Gold,,74cccf8b-ec01-402a-9dec-bf3f8620cd83.json,,1,2,0,4,0,6,9,,,80+ Gold,False,ATX,,,,,,,,,,,Vector G850,Semi-Modular,850
74f50641-6b93-4122-aae7-83ce11b95259,be quiet! DARK POWER 14 850W,be quiet!,DARK POWER 14,850W,2025,74f50641-6b93-4122-aae7-83ce11b95259.json,BLACK,1,2,,,1,4,13,Cybenetics Titanium,Cybenetics A++,80+ Titanium,False,ATX,,,,https://www.bequiet.com/en/powersupply/5990,,,175,None,,Black,BP019US,Full,850
74f6d2e4-fb0d-4336-a159-4cd263b5521b,EVGA 450 BT 450W Non-Modular 80+ Bronze Certified,EVGA,450,450W Bronze,,74f6d2e4-fb0d-4336-a159-4cd263b5521b.json,,1,1,0,3,0,2,4,,,80+ Bronze,False,ATX,,,,,,,142,,,,100-BT-0450-K1 | 100-BT-0450-K2 | 100-BT-0450-K3,Non-Modular,450
75087990-f645-44b5-974e-012c5603dcc1,NZXT C650 650W Semi-Modular 80+ Bronze Certified,NZXT,C650,650W Bronze,,75087990-f645-44b5-974e-012c5603dcc1.json,BLACK,1,2,0,3,0,4,6,,,80+ Bronze,False,ATX,,,,,,,140,,,,PA-6B1BB-US | PA-6B1BB-EU | PA-6B1BB-UK | PA-6B1BB-AU | PA-6B1BB-JP | PA-6B1BB-WO,Semi-Modular,650
7508e9bf-77ea-4231-ae93-8b404230d629,Thermalright TGFX750 SFX 750W Fully Modular 80+ Gold Certified,Thermalright,TGFX750,750W Gold,,7508e9bf-77ea-4231-ae93-8b404230d629.json,BLACK,1,1,0,3,1,4,6,,,80+ Gold,False,SFX,,,,,,,100,,,,TGFX750,Full,750
75178865-598c-456f-85aa-1e3bbe171444,BitFenix Formula Bronze Black 700W Non-Modular 80+ Bronze,BitFenix,Formula,700W Bronze,,75178865-598c-456f-85aa-1e3bbe171444.json,BLACK,1,1,0,2,0,4,6,,,80+ Bronze,False,ATX,,,,,,,140,,,,BP-FB700ULCB-7R,Non-Modular,700
752ba8d1-2bfd-4f5b-aaf4-baf3407e2883,SeaSonic X 560W 80+ Gold Fully Modular,SeaSonic,X,560W Gold,,752ba8d1-2bfd-4f5b-aaf4-baf3407e2883.json,,1,1,0,5,0,2,8,,,80+ Gold,False,ATX,,,,,,,160,,,,SS-560KM Active PFC F3,Full,560
753f57fc-60f5-4dd1-80d6-c7cbbe6f289a,In Win P75FII Black / Yellow 750W Non-Modular 80+ Gold,In Win,P75FII,750W Gold,,753f57fc-60f5-4dd1-80d6-c7cbbe6f289a.json,BLACK | YELLOW,1,2,0,3,1,4,6,,,80+ Gold,False,ATX,,,,,,,140,,,,IW-PS-PFII750W,Non-Modular,750
7543c667-4517-4c69-aeb5-4caa8695bf7a,FSP Group Hyper M Black ATX 700W Semi-Modular 80+ Certified,FSP Group,Hyper,700W 80+,,7543c667-4517-4c69-aeb5-4caa8695bf7a.json,BLACK,1,1,0,4,0,4,9,,,80+,False,ATX,,,,,,,165,,,,MF700MS,Semi-Modular,700
75620640-afd0-4bbd-bcb6-70646ed39ebe,CoolMax CU-700B 700W Semi-Modular,CoolMax,CU-700B,700W ,,75620640-afd0-4bbd-bcb6-70646ed39ebe.json,,1,0,0,0,0,0,4,,,,False,ATX,,,,,,,142,,,,CU-700B,Semi-Modular,700
7588c7ee-a01a-4dcb-89f7-8dced5371b4e,Raidmax Scorpio Black / Blue 535W Semi-Modular 80+ Bronze Certified ATX,Raidmax,Scorpio,535W Bronze,,7588c7ee-a01a-4dcb-89f7-8dced5371b4e.json,BLACK | BLUE,1,1,0,3,0,2,5,,,80+ Bronze,False,ATX,,,,,,,160,,,,RX-535AP-S,Semi-Modular,535
759bef40-396d-4dc4-a1aa-5dbaa16fa6cf,NZXT C650 (2022) ATX 650W Fully Modular 80+ Gold Certified,NZXT,C650,650W Gold,,759bef40-396d-4dc4-a1aa-5dbaa16fa6cf.json,BLACK,1,2,0,6,0,4,6,,,80+ Gold,False,ATX,B09H3KMQZ6,,,,9SIB8AKK6P7292,643720649,150,,,,PA-6G1BB-US | PA-6G1BB-UK | PA-6G1BB-EU | PA-6G1BB-AU | PA-6G1BB-JP | PA-6G1BB-WO | PA-6B1BB-US,Full,650
759de465-892d-4a45-b828-85a875df750d,Antec NeoECO Gold 750W Fully Modular 80+ Gold,Antec,NeoECO,750W Gold,,759de465-892d-4a45-b828-85a875df750d.json,,1,2,0,4,0,4,8,,,80+ Gold,False,ATX,,,,,,,140,,,,NE750G M | X7000A081-17 | 0-761345-11758-6,Full,750
75a5a6cf-6b79-4933-9c93-593189617006,Thermaltake Toughpower XT 875W 80+ Bronze Certified Fully Modular,Thermaltake,Toughpower,875W Bronze,,75a5a6cf-6b79-4933-9c93-593189617006.json,,1,2,0,6,0,2,8,,,80+ Bronze,False,ATX,,,,,,,160,,,,TPX-875M,Full,875
75b73f8f-a59a-4b3b-b1de-e7f64c3e1cc6,EVGA SuperNOVA 1050 GS 1050W 80+ Gold Fully Modular,EVGA,SuperNOVA,1050W Gold,,75b73f8f-a59a-4b3b-b1de-e7f64c3e1cc6.json,,1,2,0,5,0,10,16,,,80+ Gold,False,ATX,,,,,,,170,,,,220-GS-1050-V1 | 220-GS-0850-V2 | 220-GS-0850-V3,Full,1050
75c111b9-2db2-4424-af55-0900ab3c76ff,LEPA MX-F1 600W Non-Modular,LEPA,MX-F1,600W ,,75c111b9-2db2-4424-af55-0900ab3c76ff.json,,1,1,0,4,0,2,7,,,,False,ATX,,,,,,,140,,,,N600-SB,Non-Modular,600
75c45515-318c-4810-b6b3-ec4c31c00a43,GAMDIAS ASTRAPE M1 B Black / Multicolor ATX 750W Non-Modular 80+ Bronze Certified,GAMDIAS,ASTRAPE,750W Bronze,,75c45515-318c-4810-b6b3-ec4c31c00a43.json,BLACK | RGB,1,1,0,2,0,4,5,,,80+ Bronze,False,ATX,,,,,,,140,,,,ASTRAPE M1-750B | M1-750B,Non-Modular,750
75d2bbad-cfa6-48eb-af0f-a65222be48af,SeaSonic Platinum Fanless ATX 520W Fully Modular 80+ Platinum Certified,SeaSonic,Platinum,520W Platinum,,75d2bbad-cfa6-48eb-af0f-a65222be48af.json,,1,1,0,5,0,2,5,,,80+ Platinum,True,ATX,,,,,,,160,,,,SS-520FL,Full,520
75de04d2-281b-4851-a75e-fc825f595740,FSP Group AURUM S 500W Non-Modular 80+ Gold Certified,FSP Group,AURUM,500W Gold,,75de04d2-281b-4851-a75e-fc825f595740.json,,1,1,0,3,0,2,5,,,80+ Gold,False,ATX,,,,,,,139,,,,AURUM S 500W,Non-Modular,500
761c782d-0dc6-4c43-8f0f-cd7f8ba76c7d,be quiet! Straight Power E9 480W Fully Modular 80+ Gold,be quiet!,STRAIGHT,480W Gold,,761c782d-0dc6-4c43-8f0f-cd7f8ba76c7d.json,,1,1,0,4,0,2,8,,,80+ Gold,False,ATX,,,,,,,160,,,,BN197,Full,480
7625a1cf-0c59-4380-be0b-f981946d85dd,Cooler Master MWE GOLD V2 ATX 650W Non-Modular 80+ Gold,Cooler Master,MWE,650W Gold,,7625a1cf-0c59-4380-be0b-f981946d85dd.json,BLACK,1,2,0,4,0,4,8,,,80+ Gold,False,ATX,,,,,,,140,,,,MPE-6501-ACAAG,Non-Modular,650
7645443f-55bf-42c8-9979-86388473434f,Super Flower Golden Green HX 650W Non-Modular 80+ Gold,Super Flower,Golden,650W Gold,,7645443f-55bf-42c8-9979-86388473434f.json,,1,2,0,5,0,4,8,,,80+ Gold,False,ATX,,,,,,,145,,,,SF-650P14XE (HX),Non-Modular,650
764584b0-c5a3-4ff3-a067-5eba8c3c7dea,Ultra ULT-LSP550 ATX 550W Non-Modular,Ultra,ULT-LSP550,550W ,,764584b0-c5a3-4ff3-a067-5eba8c3c7dea.json,,1,1,0,0,0,0,0,,,,False,ATX,,,,,,,140,,,,ULT-LSP550,Non-Modular,550
7652f7b3-8f76-4158-b525-44f740b0477a,Antec NeoECO Gold ZEN Black / Gold ATX 700W Non-Modular 80+ Gold,Antec,NeoECO,700W Gold,,7652f7b3-8f76-4158-b525-44f740b0477a.json,BLACK | GOLD,1,2,0,2,0,4,6,,,80+ Gold,False,ATX,,,,,,,140,,,,NE700G ZEN,Non-Modular,700
7659f3f0-5baa-4d65-a19a-3d1889477b67,FSP Group HYPER K PRO Black / Yellow 600W Non-Modular 80+ Certified,FSP Group,HYPER,600W 80+,,7659f3f0-5baa-4d65-a19a-3d1889477b67.json,BLACK | YELLOW,1,1,0,3,0,2,6,,,80+,False,ATX,,,,,,,140,,,,HK-600,Non-Modular,600
765bf2dc-b8a2-40bd-9907-794bdf065b8f,Silverstone Strider Black 1500W Fully Modular 80+ Silver Certified,Silverstone,Strider,1500W Silver,,765bf2dc-b8a2-40bd-9907-794bdf065b8f.json,BLACK,1,2,0,12,0,4,12,,,80+ Silver,False,ATX,B002BH3Z84,,,,,29908466,219,,,,ST1500 | SST-ST1500,Full,1500
7673e759-b409-407f-8ff2-e702af86a6b7,Rosewill Capstone ATX 550W Non-Modular 80+ Gold Certified,Rosewill,Capstone,550W Gold,,7673e759-b409-407f-8ff2-e702af86a6b7.json,,1,1,0,5,0,3,6,,,80+ Gold,False,ATX,,,,,,,163,,,,CAPSTONE-550,Non-Modular,550
7682ecaa-a68d-4f6c-a004-5b8ace61a8a6,NZXT HALE82N 550W 80+ Bronze Certified Non-Modular,NZXT,HALE82N,550W Bronze,,7682ecaa-a68d-4f6c-a004-5b8ace61a8a6.json,,1,1,0,5,0,2,8,,,80+ Bronze,False,ATX,,,,,,,140,,,,NP-1BN-0550A,Non-Modular,550
768bee4c-cc08-4068-ab0d-dfb9fbbce17c,Deepcool PN750D Black ATX 750W Non-Modular 80+ Gold Certified,DeepCool,PN750D,750W Gold,,768bee4c-cc08-4068-ab0d-dfb9fbbce17c.json,BLACK,1,2,0,2,1,3,8,,,80+ Gold,False,ATX,,,,,,,140,,,,R-PN750D-FC0B-US | R-PN750D-FC0B-UK | R-PN750D-FC0B-EU | R-PN750D-FC0B-WO | PN750D,Non-Modular,750
76c9d819-a44c-49d5-ad37-59f7059125cf,Fractal Design Ion Gold Black 550W Fully Modular 80+ Gold,Fractal Design,Ion,550W Gold,,76c9d819-a44c-49d5-ad37-59f7059125cf.json,BLACK,1,1,0,3,0,2,6,,,80+ Gold,False,ATX,B08X25JG5X,,,,N82E16817580030,763286928,150,,,,FD-P-IA2G-550 | FD-P-IA2G-550-EU | FD-P-IA2G-550-UK | FD-P-IA2G-550-US | FD-P-IA2G-550-AU,Full,550
76d30e7b-2c07-4d1c-85c3-4abfef8bc6ab,SeaSonic FOCUS GX 750W 80+ Gold Certified Fully Modular,SeaSonic,FOCUS,750W Gold,,76d30e7b-2c07-4d1c-85c3-4abfef8bc6ab.json,BLACK,1,0,0,0,0,0,10,,,80+ Gold,False,ATX,B077J9G9CH,,,,,,140,,,,FOCUS-GX-750 | FOCUS GX-750,Full,750
76ea8395-5163-4104-9816-3572437b4574,RIOTORO ONYX 650 650W Semi-Modular 80+ Bronze Certified,RIOTORO,ONYX,650W Bronze,,76ea8395-5163-4104-9816-3572437b4574.json,,1,1,0,3,0,2,6,,,80+ Bronze,False,ATX,,,,,,,140,,,,PR-BP0650-SM,Semi-Modular,650
771341bd-f04b-45f5-937c-80cdbdda70fe,EVGA 550 B5 550W Fully Modular 80+ Bronze Certified,EVGA,550,550W Bronze,,771341bd-f04b-45f5-937c-80cdbdda70fe.json,BLACK,1,0,0,0,0,0,6,,,80+ Bronze,False,ATX,B084RGH8W4,,,,9SIA1K6FCV7319,517987427,150,,,,220-B5-0550-V1,Full,550
77173e83-5fe5-45cb-be56-7f8f0078e243,Enermax DIGIFANLESS ATX 550W Fully Modular 80+ Platinum Certified,Enermax,DIGIFANLESS,550W Platinum,,77173e83-5fe5-45cb-be56-7f8f0078e243.json,,1,0,0,0,0,0,8,,,80+ Platinum,False,ATX,,,,,,,175,,,,EDF550AWN,Full,550
77306c67-fb0e-4b1b-8a65-df97c52e9e0f,Antec EDGE 550W Fully Modular 80+ Gold Certified ATX,Antec,EDGE,550W Gold,,77306c67-fb0e-4b1b-8a65-df97c52e9e0f.json,,1,1,0,3,0,2,8,,,80+ Gold,False,ATX,,,,,,,170,,,,EDGE 550 | EDG550,Full,550
77380591-886c-47bf-be1a-4d070cb49f65,Silverstone Strider Plus 500W Fully Modular 80+ Bronze Certified,Silverstone,Strider,500W Bronze,,77380591-886c-47bf-be1a-4d070cb49f65.json,,1,1,0,3,0,2,8,,,80+ Bronze,False,ATX,,,,,,,140,,,,SST-ST50F-PB | ST50F-PB,Full,500
77422b20-1c5a-4c5e-81a2-88b8028f8451,FSP Group Dagger Pro Black SFX 650W Fully Modular 80+ Gold Certified,FSP Group,Dagger,650W Gold,,77422b20-1c5a-4c5e-81a2-88b8028f8451.json,BLACK,1,0,0,0,0,0,5,,,80+ Gold,False,SFX,B07SYSLZDR,,,,1HU-0095-000G7,475764998,100,,,,SDA2-650,Full,650
7746d03f-b931-4447-a09f-3079753e1538,Cooler Master Silent Pro Gold 550W Non-Modular 80+ Gold Certified ATX,Cooler Master,Silent,550W Gold,,7746d03f-b931-4447-a09f-3079753e1538.json,,1,1,0,3,0,2,6,,,80+ Gold,False,ATX,,,,,,,140,,,,RS-550-80GA,Non-Modular,550
7755efbe-9cc2-400e-b702-4443e0daafee,OCZ ZX 850W 80+ Gold Semi-Modular,OCZ,ZX,850W Gold,,7755efbe-9cc2-400e-b702-4443e0daafee.json,,1,2,0,9,0,4,12,,,80+ Gold,False,ATX,,,,,,,175,,,,OCZ-ZX850W,Semi-Modular,850
7760f74a-1da2-405c-bb3e-6af02a41b7dc,Antec NE850G M 850W 80+ Gold Fully Modular,Antec,NE850G,850W Gold,,7760f74a-1da2-405c-bb3e-6af02a41b7dc.json,WHITE,1,2,0,5,0,6,10,,,80+ Gold,False,ATX,,,,,,,140,,,,NE850G M White | 0-761345-11234-5 | 0-761345-11232-1 | 0-761345-11230-7 | 0-761345-11231-4 | 0-761345-11233-8,Full,850
77a5638e-2f0e-47b4-a401-fea0c663d658,PC Power & Cooling Silencer Mk II 650W Non-Modular 80+ Bronze Certified,PC Power & Cooling,Silencer,650W Bronze,,77a5638e-2f0e-47b4-a401-fea0c663d658.json,,1,1,0,7,0,1,8,,,80+ Bronze,False,ATX,,,,,,,160,,,,PPCMK2S650,Non-Modular,650
77d06b31-1a3c-4f3f-b72e-418a8e1f7474,Lian Li EDGE GOLD 750W Fully Modular 80+ Gold Certified ATX,Lian Li,EDGE,750W Gold,,77d06b31-1a3c-4f3f-b72e-418a8e1f7474.json,BLACK,1,0,0,0,0,0,10,,,80+ Gold,False,ATX,B0DKWTHLGW,,,,1HU-01PP-00012,15254205119,182,,,,EG0750G Black | EDGE GOLD 750 Black,Full,750
77d1718e-523f-497e-9adc-7289db577348,Cooler Master Silent Pro Gold 1200W Semi-Modular 80+ Gold,Cooler Master,Silent,1200W Gold,,77d1718e-523f-497e-9adc-7289db577348.json,,1,2,0,4,0,4,9,,,80+ Gold,False,ATX,,,,,,,180,,,,RSC00-80GAD3-US,Semi-Modular,1200
77d99379-f0a7-4786-91c8-a42321b0540b,Cooler Master MasterWatt Maker (no Bluetooth) 1500W Fully Modular 80+ Titanium,Cooler Master,MasterWatt,1500W Titanium,,77d99379-f0a7-4786-91c8-a42321b0540b.json,,1,2,0,12,0,8,20,,,80+ Titanium,False,ATX,,,,,,,200,,,,MPZ-F001-AFBAT-S1,Full,1500
77ddaf2c-7ae7-44ed-b3b8-634e732735be,CoolMax ZX-700 700W Non-Modular 80+,CoolMax,ZX-700,700W 80+,,77ddaf2c-7ae7-44ed-b3b8-634e732735be.json,,1,1,0,5,0,1,5,,,80+,False,ATX,B0075WFEAM,,,,N82E16817159126,29872118,165,,,,ZX-700,Non-Modular,700
7830673f-42b8-4698-9df1-f8fe0c86d6f3,Cooler Master V750 750W 80+ Gold Fully Modular,Cooler Master,V750,750W Gold,,7830673f-42b8-4698-9df1-f8fe0c86d6f3.json,,1,2,0,6,0,4,8,,,80+ Gold,False,ATX,,,,,,,140,,,,RS750-AFBAG1-US,Full,750
783bbd75-7397-42a0-957b-cfa795022067,Corsair HX1000i (2022) Black 1000W 80+ Platinum Certified Fully Modular,Corsair,HX1000i,1000W Platinum,,783bbd75-7397-42a0-957b-cfa795022067.json,BLACK,1,3,0,8,0,6,8,,,80+ Platinum,False,ATX,B0B3S8HR8M,,,,,1324485079,180,,,,CP-9020214-NA | CP-9020214-EU | CP-9020214-UK | CP-9020214-DE | CP-9020214-AU,Full,1000
784eadc5-4af4-49c3-b1f9-304908f2ef02,FSP Group Hydro Pro Black 500W Non-Modular 80+ Bronze Certified,FSP Group,Hydro,500W Bronze,,784eadc5-4af4-49c3-b1f9-304908f2ef02.json,BLACK,1,1,0,3,0,2,6,,,80+ Bronze,False,ATX,,,,,,,140,,,,HP2-500,Non-Modular,500
784ecba7-8915-4224-9152-e4bff851e9c7,Corsair CX430 430W Non-Modular 80+ Bronze,Corsair,CX430,430W Bronze,,784ecba7-8915-4224-9152-e4bff851e9c7.json,,1,1,0,3,0,1,4,,,80+ Bronze,False,ATX,,,,,,,139,,,,CX430 | CP-9020046-EU,Non-Modular,430
786f0f3c-bd3d-4074-9c40-a8130b565d10,Cooler Master MWE White V2 230V Black 650W Non-Modular 80+ Certified,Cooler Master,MWE,650W 80+,,786f0f3c-bd3d-4074-9c40-a8130b565d10.json,BLACK,1,2,0,3,0,4,6,,,80+,False,ATX,B083LBPS4K,,,,9SIAD6HBGT4223,,140,,,,MPE-6501-ACABW-EU | MPE-6501-ACAAW-US,Non-Modular,650
789fe59b-7509-4621-9a48-e3f20ee11ccc,Xion AXP-1000K14XE 1000W Semi-Modular 80+ Bronze Certified,Xion,AXP-1000K14XE,1000W Bronze,,789fe59b-7509-4621-9a48-e3f20ee11ccc.json,,1,1,0,4,0,4,8,,,80+ Bronze,False,ATX,,,,,,,,,,,AXP-1000K14XE,Semi-Modular,1000
78b28a0b-3afc-4124-90e5-6f52702bc92d,Fractal Design Ion+ 760P 80 PLUS Platinum Certified 760W Full Modular Compact ATX Power Supply with UltraFlex Cables,Fractal Design,Ion+,,0,78b28a0b-3afc-4124-90e5-6f52702bc92d.json,,1,2,0,4,0,6,10,,,80+ Platinum,False,ATX,B07VWXJQD5,5597201,,,N82E16817580023,690187454,150,,,,FD-PSU-IONP-760P-BK-US | FD-PSU-IONP-760P-BK,Full,760
78c6b124-8661-45d8-b191-d6abf5d31b08,Silverstone DA550 Gold 550W Fully Modular 80+ Gold Certified ATX,Silverstone,DA550,550W Gold,,78c6b124-8661-45d8-b191-d6abf5d31b08.json,BLACK | WHITE,1,2,0,3,0,2,8,,,80+ Gold,False,ATX,,,,,,,140,,,,SST-DA550-G,Full,550
78ea0bca-5d36-47e8-83f6-07cb383d870c,Mars Gaming MPIII750 White ATX 750W Non-Modular,Mars Gaming,MPIII750,750W ,,78ea0bca-5d36-47e8-83f6-07cb383d870c.json,WHITE,1,0,0,0,0,0,6,,,,False,ATX,B0B38W37WL,,,,,,145,,,,MPIII750W | MPIII750,Non-Modular,750
78fa92a1-8472-453f-b5ce-726d72db6c42,SeaSonic Focus GX V4 ATX 3 (2024) ATX 1000W Fully Modular 80+ Gold Certified,SeaSonic,Focus,1000W Gold,,78fa92a1-8472-453f-b5ce-726d72db6c42.json,WHITE,1,0,0,0,0,0,8,,,80+ Gold,False,ATX,B0DWDTQB37,,,,N82E16817151273,15261261393,140,,,,FOCUS-GX-1000-V4-WHITE | Focus V4 GX-1000 White | SRP-FGX751-A5A32SF WHITE | Focus GX-750 White ATX 3.1 | FOCUS-GX-750-V4-WHITE,Full,1000
78fef11c-b474-4d3e-84e3-8f5fb7aeb310,CORSAIR SF Series SF600 CP-9020182-NA 600 W SFX 80 PLUS PLATINUM Certified Full Modular Power Supply,Corsair,SF Series,SF600,0,78fef11c-b474-4d3e-84e3-8f5fb7aeb310.json,,1,1,0,0,0,2,4,,,80+ Platinum,True,SFX,B01CGI5M24,,,,9SIB8AKKD13467,50527233,100,,,,CP-9020105-NA,Full,600
79103ecb-6de2-4116-8736-e1999b40bc65,Corsair HX1000i 1000W 80+ Platinum Certified Fully Modular,Corsair,HX1000i,1000W Platinum,,79103ecb-6de2-4116-8736-e1999b40bc65.json,,1,0,0,0,0,0,12,,,80+ Platinum,False,ATX,B00M2UINT6,,,,,,180,,,,CP-9020074 | CP-9020074-UK | CP-9020074-NA | CP-9020074-AU | CP-9020074-EU,Full,1000
79378de4-85fd-492a-b427-cbd94cd06b8b,EVGA SuperNOVA 550 GS 550W Fully Modular 80+ Gold,EVGA,SuperNOVA,550W Gold,,79378de4-85fd-492a-b427-cbd94cd06b8b.json,,1,2,0,4,0,4,6,,,80+ Gold,False,ATX,,,,,,,150,,,,220-GS-0550-V1 | 220-GS-0550-V2 | 220-GS-0550-V3,Full,550
7938e58c-5296-42d4-b5cb-deaf024fcdf1,be quiet! Pure Power 12 M 750W Fully Modular 80+ Gold Certified,be quiet!,Pure,750W Gold,,7938e58c-5296-42d4-b5cb-deaf024fcdf1.json,BLACK,1,0,0,0,0,0,5,,,80+ Gold,False,ATX,B0BVXYF78D,,,,1HU-004H-000S3,,160,,,,BN504 | BN343 | BN715,Full,750
79409f62-7ca5-4355-ac7f-dc918ac068e5,Corsair RM850x SHIFT Side Interface ATX 850W Fully Modular 80+ Gold Certified,Corsair,RM850x,850W Gold,,79409f62-7ca5-4355-ac7f-dc918ac068e5.json,WHITE,1,0,0,0,0,0,12,,,80+ Gold,False,ATX,B0CWLWGM67,6577058,,,N82E16817139327,5518702573,160,,,,CP-9020274-NA | CP-9020274-AU | CP-9020274-UK | CP-9020274-EU,Non-Modular,850
794b288c-d65d-43cc-b7f8-b6f052e94e09,SeaSonic VERTEX GX-850 Black / Silver 850W Fully Modular 80+ Gold Certified ATX,SeaSonic,VERTEX,850W Gold,,794b288c-d65d-43cc-b7f8-b6f052e94e09.json,BLACK | GREY,1,0,0,0,0,0,18,,,80+ Gold,False,ATX,B0BQRDR7QM,,,,N82E16817151258,,160,,,,VERTEX GX-850,Full,850
7957e9db-791b-4216-8496-64c28627ae69,Gigabyte AORUS P1200W 1200W Fully Modular 80+ Platinum Certified,Gigabyte,AORUS,1200W Platinum,,7957e9db-791b-4216-8496-64c28627ae69.json,BLACK,1,2,0,6,0,10,16,,,80+ Platinum,False,ATX,B09VKFM255,,,https://www.gigabyte.com/Power-Supply/GP-AP1200PM/sp#sp,N82E16817233033,1476505222,150,,2025-12-10T15:41:58.763Z,,GP-AP1200PM,Full,1200
7977405c-85a3-46c1-bbca-71f0bdaf944f,Cougar POLAR ATX 1050W Fully Modular 80+ Platinum Certified,Cougar,POLAR,1050W Platinum,,7977405c-85a3-46c1-bbca-71f0bdaf944f.json,WHITE,1,2,0,4,0,9,12,,,80+ Platinum,False,ATX,,,,,N82E16817553051,,180,,,,CGR PR-1050 | 31PL105001P01 | PR-1050 | Polar 1050,Full,1050
798605f3-4bfe-44e2-808c-e96b28e6f9e4,Cooler Master V450 ATX 450W Semi-Modular 80+ Gold Certified,Cooler Master,V450,450W Gold,,798605f3-4bfe-44e2-808c-e96b28e6f9e4.json,,1,1,0,3,0,2,6,,,80+ Gold,False,ATX,,,,,,,140,,,,RS450-AMAAG1-AU,Semi-Modular,450
79b5c23e-b32a-4e55-b0df-225fff99058a,NZXT C1200 (2024) White 1200W Fully Modular 80+ Gold,NZXT,C1200,1200W Gold,,79b5c23e-b32a-4e55-b0df-225fff99058a.json,WHITE,1,0,0,0,0,0,12,,,80+ Gold,False,ATX,B0D1VDQ8KP,6586152,30615,,N82E16817116055,10066318127,160,,,,PA-2G2BW-US | PA-2G2BW-UK | PA-2G2BW-AU | PA-2G2BW-EU,Full,1200
79b8253d-13c6-4962-a355-2903fc13e4ba,SeaSonic CORE GX ATX 3 (2024) Black 650W Fully Modular 80+ Gold Certified,SeaSonic,CORE,650W Gold,,79b8253d-13c6-4962-a355-2903fc13e4ba.json,BLACK,1,2,0,3,1,2,6,,,80+ Gold,False,ATX,,,,,,,140,,,,CORE ATX 3 GX-650,Full,650
79dae1e1-a03f-4a57-9ac7-ca4267a002ff,Corsair RM650 (2023) 650W Fully Modular 80+ Gold,Corsair,RM650,650W Gold,,79dae1e1-a03f-4a57-9ac7-ca4267a002ff.json,BLACK,1,0,0,0,0,0,7,,,80+ Gold,False,ATX,,,,,,,140,,,,CP-9020280-NA | CP-9020280-WW | CP-9020280-EU | CP-9020280-AU | CP-9020280-UK,Full,650
79e59820-c384-4bf5-94be-3c09ad9c73cd,be quiet! Straight Power 10 ATX 500W Non-Modular 80+ Gold Certified,be quiet!,Straight,500W Gold,,79e59820-c384-4bf5-94be-3c09ad9c73cd.json,,1,1,0,3,0,2,9,,,80+ Gold,False,ATX,,,,,,,160,,,,BN231,Non-Modular,500
79ee51d7-69db-44bd-915c-6ec2ee44ead7,Rosewill Quark ATX 750W 80+ Platinum Certified Fully Modular,Rosewill,Quark,750W Platinum,,79ee51d7-69db-44bd-915c-6ec2ee44ead7.json,,1,2,0,4,0,4,8,,,80+ Platinum,False,ATX,,,,,,,160,,,,Quark 750,Full,750
79f9a19f-f89a-4454-bedb-03b3793488aa,Apex AL-A350ATX 350W Non-Modular,Apex,AL-A350ATX,350W ,,79f9a19f-f89a-4454-bedb-03b3793488aa.json,,1,0,0,3,0,0,2,,,,False,ATX,,,,,,,140,,,,AL-A350ATX,Non-Modular,350
7a1c2e75-7911-4023-ae34-b81f6fd1253a,FSP Group Hydro Pro Black 700W Non-Modular 80+ Bronze Certified,FSP Group,Hydro,700W Bronze,,7a1c2e75-7911-4023-ae34-b81f6fd1253a.json,BLACK,1,2,0,2,0,4,8,,,80+ Bronze,False,ATX,,,,,,,140,,,,HP2-700,Non-Modular,700
7a1cddc4-8173-45bf-b96f-411feac37c9b,Cooler Master Hyper White 600W Non-Modular 80+,Cooler Master,Hyper,600W 80+,,7a1cddc4-8173-45bf-b96f-411feac37c9b.json,BLACK,1,1,0,3,0,2,5,,,80+,False,ATX,,,,,,,140,,,,MPE-6001-ACAAN-HUS | MPE-6001-ACAAN-HBR | MPE-6001-ACAAN-HWO,Non-Modular,600
7a274962-3d1f-409c-b205-68bdcf7b20c6,Corsair RM650 Black ATX 650W Fully Modular 80+ Gold Certified,Corsair,RM650,650W Gold,,7a274962-3d1f-409c-b205-68bdcf7b20c6.json,BLACK,1,2,0,4,0,4,10,,,80+ Gold,False,ATX,B093NGBKKD,,,,,412100205,160,,,,CP-9020233-NA | CP-9020233-UK | CP-9020233-AU,Full,650
7a344679-4162-42ac-bbd7-255ccaf22896,SeaSonic PRIME PX 1600W Fully Modular 80+ Platinum Certified,SeaSonic,PRIME,1600W Platinum,,7a344679-4162-42ac-bbd7-255ccaf22896.json,BLACK | GREY,1,3,0,3,2,8,16,,,80+ Platinum,False,ATX,B09RTF7NWB,,,,,,210,,,,PRIME PX-1600 | PRIME-PX-1600,Full,1600
7a3784e2-38a4-444e-ba08-41e226ff9397,FSP Group FSP400-60FGGBA Flex ATX 400W Non-Modular 80+ Gold,FSP Group,FSP400-60FGGBA,400W Gold,,7a3784e2-38a4-444e-ba08-41e226ff9397.json,GREY,1,1,0,2,0,0,4,,,80+ Gold,False,Flex ATX,B014G2OUG2,,,,,,150,,,,FSP400-60FGGBA,Non-Modular,400
7a389d2e-9d76-48b0-89a0-d897da6f5661,Chieftec Vega Black / Blue 750W Non-Modular 80+ Gold,Chieftec,Vega,750W Gold,,7a389d2e-9d76-48b0-89a0-d897da6f5661.json,BLACK | BLUE,1,0,0,0,0,0,6,,,80+ Gold,False,ATX,B0F2G2M4SL,,,,,,150,,,,PPG-750-S,Non-Modular,750
7a3d4bd6-72c5-4b21-8489-ec52af040663,be quiet! Dark Power 12 Black 850W Fully Modular 80+ Titanium Certified ATX,be quiet!,Dark,850W Titanium,,7a3d4bd6-72c5-4b21-8489-ec52af040663.json,BLACK,1,2,0,5,0,6,12,,,80+ Titanium,False,ATX,B08XXXVCS2,,,,,,175,,,,BN315 | BN657 | BN658,Full,850
7a4502b0-340f-4f0d-92a4-e9e9d9657bac,Logisys PS480D2 ATX 480W Non-Modular,Logisys,PS480D2,480W ,,7a4502b0-340f-4f0d-92a4-e9e9d9657bac.json,,1,0,0,2,0,0,4,,,,False,ATX,B000N519KC,,,,9SIA9PV4RY7857,,150,,,,PS480D2 | PS480D2-GRY,Non-Modular,480
7a4b1414-64ed-4883-8b28-e68ecb38a6c9,MSI MAG A1250GL PCIE5 Black 1250W Fully Modular 80+ Gold ATX,MSI,MAG,1250W Gold,,7a4b1414-64ed-4883-8b28-e68ecb38a6c9.json,BLACK,1,0,0,0,0,0,12,,,80+ Gold,False,ATX,B0CT41F6FV,,,,N82E16817701025,5445870552,150,,,,MAG A1250GL PCIE5 | 306-7ZP9A11-CE0 | MAGA1250GLPCIE5,Full,1250
7a5eaa7d-c0ec-4f3f-a182-ce81730b7aee,Super Flower Leadex III Super Pro 750W Fully Modular 80+ Bronze Certified,Super Flower,Leadex,750W Bronze,,7a5eaa7d-c0ec-4f3f-a182-ce81730b7aee.json,BLACK,1,2,0,4,0,4,8,,,80+ Bronze,False,ATX,,,,,,,150,,,,SF- 750R14HE,Full,750
7a91f332-f65e-4d03-abd1-bdf10a78c5f9,Cougar VTE X2 Black ATX 750W Non-Modular 80+ Certified,Cougar,VTE,750W 80+,,7a91f332-f65e-4d03-abd1-bdf10a78c5f9.json,BLACK,1,1,0,4,0,3,8,,,80+,False,ATX,,,,,,,140,,,,VTE X2 750 | 31VX075.0001P | CGR VX-750,Non-Modular,750
7aaed1a0-cd0e-469e-a813-3b704df64da9,Thermalright TG White 1000W Fully Modular 80+ Gold Certified ATX,Thermalright,TG,1000W Gold,,7aaed1a0-cd0e-469e-a813-3b704df64da9.json,WHITE,1,1,0,5,1,4,10,,,80+ Gold,False,ATX,,,,,,,140,,,,TG-1000-W | TR-TG-1000-W,Full,1000
7acb1172-e347-4f7f-bf03-3989335602c7,Silverstone SX-G SFX 700W Fully Modular 80+ Gold Certified,Silverstone,SX-G,700W Gold,,7acb1172-e347-4f7f-bf03-3989335602c7.json,BLACK,1,1,0,3,0,4,6,,,80+ Gold,False,SFX,B07M6F81J7,,,,N82E16817256214,180844771,100,,,,SX700-G | SST-SX700-G,Full,700
7acbbbf9-e967-45f9-aaf6-98194cbc50e5,Lian Li EDGE GOLD 1000W Fully Modular 80+ Gold Certified ATX,Lian Li,EDGE,1000W Gold,,7acbbbf9-e967-45f9-aaf6-98194cbc50e5.json,BLACK,1,0,0,0,0,0,10,,,80+ Gold,False,ATX,,,,,,,182,,,,EG1000G Black | EDGE GOLD 1000 Black,Full,1000
7b07cf94-a2e0-437f-9f36-4d8c3e723843,Segotep GM White ATX 750W Fully Modular 80+ Gold Certified,Segotep,GM,750W Gold,,7b07cf94-a2e0-437f-9f36-4d8c3e723843.json,WHITE,1,2,0,3,1,4,8,,,80+ Gold,False,ATX,,,,,,,140,,,,CP-PSU-ST-GM750-WT,Full,750
7b1772e6-dccf-4281-be8f-cc2fe83a590f,Apevia Galaxy Black ATX 850W Semi-Modular 80+ Gold Certified,Apevia,Galaxy,850W Gold,,7b1772e6-dccf-4281-be8f-cc2fe83a590f.json,BLACK,1,0,0,0,0,0,4,,,80+ Gold,False,ATX,B094282KV4,,,,9SIA1K6K056617,3971049806,160,,,,ATX-GX850W,Semi-Modular,850
7b1875df-2d01-49a7-ace2-5d8f7246b8d8,Thermalright TB-850 Black 850W Fully Modular 80+ Bronze Certified,Thermalright,TB-850,850W Bronze,,7b1875df-2d01-49a7-ace2-5d8f7246b8d8.json,BLACK,1,0,0,0,0,0,6,,,80+ Bronze,False,ATX,,,,,,,140,,,,TB-850 | TR-TB850,Full,850
7b226832-a476-47c7-be14-fd69485f1622,Antec NE1300G Black ATX3.0 ATX 1300W Fully Modular 80+ Gold,Antec,NE1300G,1300W Gold,,7b226832-a476-47c7-be14-fd69485f1622.json,BLACK,1,2,0,4,1,4,12,,,80+ Gold,False,ATX,B00BO1MADE,,,,N82E16817371148,1075038157,140,,,,NE1300G M ATX3.0 | 0-761345-11398-4 | 0-761345-11430-1 | 0-761345-11396-0 | 0-761345-11397-7 | 0-761345-11399-1,Full,1300
7b55a94a-da46-4e16-b8a8-472a6aff38ba,KOLINK Classic Power Black / Red ATX 700W Non-Modular 80+ Bronze Certified,KOLINK,Classic,700W Bronze,,7b55a94a-da46-4e16-b8a8-472a6aff38ba.json,BLACK | RED,1,1,0,2,0,4,6,,,80+ Bronze,False,ATX,B07ZJZ56T4,,,,,,160,,,,KL-700v2,Non-Modular,700
7b5d57ad-ea07-49ab-bb52-ce0a9d059656,NE600G ZEN,Antec,NE600G Zen,,0,7b5d57ad-ea07-49ab-bb52-ce0a9d059656.json,,1,1,0,2,0,4,6,,,80+ Gold,False,ATX,B07XDHHTX8,,,,N82E16817371128,771370123,140,,,,NE700G Zen | X7000A013A-19,Non-Modular,600
7b6b6ac2-7519-4dba-86e7-96ee1e7a6c9d,Kingwin MK 650W Non-Modular,Kingwin,MK,650W ,,7b6b6ac2-7519-4dba-86e7-96ee1e7a6c9d.json,,1,1,0,4,0,2,4,,,,False,ATX,,,,,,,163,,,,MK-650W,Non-Modular,650
7b77aef0-c485-42d5-9b1a-f64af7dd7b20,Antec GSK Black ATX3.1 750W Fully Modular ATX 80+ Gold Certified,Antec,GSK,750W Gold,,7b77aef0-c485-42d5-9b1a-f64af7dd7b20.json,BLACK,1,2,0,4,1,4,8,,,80+ Gold,False,ATX,,,,,,,140,,,,0-761345-20053-0 | 0-761345-20054-7 | 0-761345-20056-1 | 0-761345-20055-4 | 0-761345-20057-8,Full,750
7b9be75b-da3d-40e1-bda3-5a9933459eb3,MSI MAG A1000GLS PCIE5 Black ATX 1000W Fully Modular 80+ Gold,MSI,MAG,1000W Gold,2025,7b9be75b-da3d-40e1-bda3-5a9933459eb3.json,BLACK,1,2,1,4,1,4,11,Cybenetics Platinum,Cybenetics A-,80+ Gold,False,ATX,B0DMSWJL8G,6645324,,https://www.msi.com/Power-Supply/MAG-A1000GLS-PCIE5/,N82E16817701032,18287306142,150,,2026-02-26T21:26:07.115Z,,MAG A1000GLS PCIE5 | 306-7ZPIX11-CE0 | 4711377297738 | 306-7ZP1B21-CE0,Full,1000
7be665ce-8a7a-4431-a785-5b9336d72b97,SeaSonic ATX3-FOCUS-GX-750-WHITE White 750W Fully Modular 80+ Gold,SeaSonic,ATX3-FOCUS-GX-750-WHITE,750W Gold,,7be665ce-8a7a-4431-a785-5b9336d72b97.json,WHITE,1,2,0,3,1,2,10,,,80+ Gold,False,ATX,,,,,,,140,,,,ATX3-FOCUS-GX-750-WHITE,Full,750
7beb52f3-6811-4dce-8b27-7887d3d870b8,Antec True Power 550W Non-Modular 80+ Gold,Antec,True,550W Gold,,7beb52f3-6811-4dce-8b27-7887d3d870b8.json,,1,1,0,5,0,2,6,,,80+ Gold,False,ATX,,,,,,,139,,,,TP-550C | TPC-550 | 0-761345-07703-3,Non-Modular,550
7beb6726-4c05-40bc-81b4-8aadab364631,Chieftec Vita Black / Blue ATX 750W Non-Modular 80+ Bronze Certified,Chieftec,Vita,750W Bronze,,7beb6726-4c05-40bc-81b4-8aadab364631.json,BLACK | BLUE,1,0,0,0,0,0,6,,,80+ Bronze,False,ATX,B0DBVG96X5,,,,,,140,,,,BPX-750-S,Non-Modular,750
7bed99bb-40c8-4828-b885-234846708e52,SilverStone HELA 2050 Platinum Cybenetics Platinum 2050W,SilverStone Technology,HELA 2050 Platinum,Cybenetics Platinum 2050W,2021,7bed99bb-40c8-4828-b885-234846708e52.json,,1,2,1,3,0,18,12,Cybenetics Platinum,,,False,ATX,B09P8CSLVD,,,,2S7-05S9-00011,265527950,180,,,,SST-AX2050MCPT-A,Full,2050
7bedd535-8430-4710-a533-6db34f523adb,Gigabyte P550SS White 550W Non-Modular 80+ Silver Certified,Gigabyte,P550SS,550W Silver,,7bedd535-8430-4710-a533-6db34f523adb.json,WHITE,1,1,0,3,0,2,5,,,80+ Silver,False,ATX,,,,,,,140,,,,GP-P550SS ICE,Non-Modular,550
7c1256b1-39e1-4eb5-840d-e695bb27d625,Chieftec Vita SM3 Black / Blue 750W Semi-Modular 80+ Bronze Certified,Chieftec,Vita,750W Bronze,,7c1256b1-39e1-4eb5-840d-e695bb27d625.json,BLACK | BLUE,1,0,0,0,0,0,6,,,80+ Bronze,False,ATX,,,,,,,140,,,,BPX-750-C,Semi-Modular,750
7c1c498a-6209-49e9-b87f-177be2533c8b,Rosewill HIVE ATX 550W Semi-Modular 80+ Bronze Certified,Rosewill,HIVE,550W Bronze,,7c1c498a-6209-49e9-b87f-177be2533c8b.json,,1,1,0,6,0,2,8,,,80+ Bronze,False,ATX,,,,,,,160,,,,Hive-550,Semi-Modular,550
7c20c4cf-1046-4a2d-a507-4ac5dd3b2b78,Seasonic PRIME TX-1000 Black ATX 1000W Fully Modular 80+ Titanium Certified,SeaSonic,PRIME,1000W Titanium,,7c20c4cf-1046-4a2d-a507-4ac5dd3b2b78.json,BLACK,1,0,0,0,0,0,14,,,80+ Titanium,False,ATX,B07WDQTTWH,,,,,,170,,,,PRIME-TX-1000 | PRIME TX-1000,Full,1000
7c2233bc-81e2-4b7c-b29d-dfdb4495c993,Cooler Master G500 Black 500W Non-Modular 80+ Gold,Cooler Master,G500,500W Gold,,7c2233bc-81e2-4b7c-b29d-dfdb4495c993.json,BLACK,1,2,0,3,0,2,6,,,80+ Gold,False,ATX,,,,,,,140,,,,MPW-5001-ACAAG-US | MPW-5001-ACAAG-KR | MPW-5001-ACAAG-JP | MPW-5001-ACAAG-WO | MPW-5001-ACAAG-BR | MPW-5001-ACAAG-AU | MPW-5001-ACAAG-EU | MPW-5001-ACAAG-TW | MPW-5001-ACAAG-ST | MPW-5001-ACAAG-UK | MPW-5001-ACAAG-IN,Non-Modular,500
7c414d5d-7a7c-4b7e-9c9b-44bd1e7a12e8,Deepcool PN550D Black 550W Non-Modular 80+ Gold,DeepCool,PN550D,550W Gold,,7c414d5d-7a7c-4b7e-9c9b-44bd1e7a12e8.json,BLACK,1,2,0,2,1,3,6,,,80+ Gold,False,ATX,,,,,,,140,,,,R-PN550D-FC0B-US | PN550D | R-PN550D-FC0B-UK | R-PN550D-FC0B-EU | R-PN550D-FC0B-WO,Non-Modular,550
7c70a8cb-f55e-46be-b47d-830cf038b995,Fractal Design Edison M 550W Semi-Modular 80+ Gold Certified,Fractal Design,Edison,550W Gold,,7c70a8cb-f55e-46be-b47d-830cf038b995.json,,1,1,0,5,0,2,6,,,80+ Gold,False,ATX,,,,,,,160,,,,FD-PSU-ED1B-550W,Semi-Modular,550
7c80f517-a951-41c0-9292-c6682ff25f66,Cooler Master XG850 Plus 850W Fully Modular 80+ Platinum Certified,Cooler Master,XG850,850W Platinum,,7c80f517-a951-41c0-9292-c6682ff25f66.json,BLACK,1,2,0,4,0,6,12,,,80+ Platinum,False,ATX,B09WPBD741,,,,,1108651738,160,,,,MPG-8501-AFBAP-XUS | MPG-8501-AFBAP-XEU | MPG-8501-AFBAP-XUK | MPG-8501-AFBAP-XTW | MPG-8501-AFBAP-XKR | MPG-8501-AFBAP-XST | MPG-8501-AFBAP-XBR | MPG-8501-AFBAP-XAU | MPG-8501-AFBAP-XWO | MPG-8501-AFBAP-XJP | MPG-8501-AFBAP-XIN,Full,850
7ccff2c1-2a20-4aae-95cd-a31594aa4a4b,Thermaltake Smart BM3 Black 850W Semi-Modular 80+ Bronze Certified,Thermaltake,Smart,850W Bronze,,7ccff2c1-2a20-4aae-95cd-a31594aa4a4b.json,BLACK,1,0,0,0,0,0,6,,,80+ Bronze,False,ATX,B0CFWMX4R8,6569207,,,,5022323353,140,,,,PS-SPD-0850MNFABU-3 | PS-SPD-0850MNFABE-3,Semi-Modular,850
7cd57757-b23b-4a3c-8b4f-dbca5fca3bcc,Thermaltake TR2 ATX 430W Non-Modular,Thermaltake,TR2,430W ,,7cd57757-b23b-4a3c-8b4f-dbca5fca3bcc.json,,1,1,0,6,0,0,2,,,,False,ATX,,,,,,,160,,,,W0070RUC,Non-Modular,430
7cd89493-48f1-4482-9c3e-9cb14bbaa6a7,Aerocool Integrator Gold 1000W Fully Modular 80+ Gold Certified,Aerocool,Integrator,1000W Gold,,7cd89493-48f1-4482-9c3e-9cb14bbaa6a7.json,BLACK,1,2,0,4,0,4,8,,,80+ Gold,False,ATX,,,,,,,140,,,,ACPG-IMK0FKC.31,Full,1000
7cdfbc7a-04f9-4f21-a545-3852cbcbbff1,Corsair TX850M ATX 850W Semi-Modular 80+ Bronze Certified,Corsair,TX850M,850W Bronze,,7cdfbc7a-04f9-4f21-a545-3852cbcbbff1.json,,1,1,0,6,0,4,8,,,80+ Bronze,False,ATX,,,,,,,160,,,,TX850M | CP-9020004-UK | CP-9020004-NA,Semi-Modular,850
7cf02109-71a4-446f-9cc7-0f1cef63bf19,Cooler Master eXtreme 550W Non-Modular,Cooler Master,eXtreme,550W ,,7cf02109-71a4-446f-9cc7-0f1cef63bf19.json,,1,1,0,3,0,2,6,,,,False,ATX,,,,,,,140,,,,RS550-PCARE3-US,Non-Modular,550
7d10aae0-a6d2-48f5-a400-d07af32a461b,NOX URANO VX Black / Orange 750W Non-Modular 80+ Bronze,NOX,URANO,750W Bronze,,7d10aae0-a6d2-48f5-a400-d07af32a461b.json,BLACK | ORANGE,1,1,0,2,0,2,6,,,80+ Bronze,False,ATX,,,,,,,160,,,,NXURVX750BZ,Non-Modular,750
7d342abd-ad84-4b0e-b502-643263841e3c,be quiet! TFX Power 3 Black TFX 300W Non-Modular 80+ Bronze Certified,be quiet!,TFX,300W Bronze,,7d342abd-ad84-4b0e-b502-643263841e3c.json,BLACK,1,0,0,2,0,1,3,,,80+ Bronze,False,TFX,,,,,,,175,,,,BN322,Non-Modular,300
7d44d67a-33dd-4682-8a30-0b76a3aac7b1,Antec EA-750 750W Non-Modular 80+ Platinum,Antec,EA-750,750W Platinum,,7d44d67a-33dd-4682-8a30-0b76a3aac7b1.json,,1,1,0,4,0,4,6,,,80+ Platinum,False,ATX,,,,,,,139,,,,EA-750 PLATINUM,Non-Modular,750
7d53cf63-c97c-40bd-ad6a-84b9ef68f2a4,Super Flower Zillion FG Black 1050W Fully Modular 80+ Gold Certified,Super Flower,Zillion,1050W Gold,,7d53cf63-c97c-40bd-ad6a-84b9ef68f2a4.json,BLACK,1,0,0,0,0,0,8,,,80+ Gold,False,ATX,B0DX9JJT2X,,,,1HU-024C-00077,15930658238,140,,,,SF-1050Z12FG,Full,1050
7d59c5f9-aa84-45a1-8881-ce94282f4c2d,Antec VP PLUS Black ATX 450W Non-Modular 80+ Certified,Antec,VP,450W 80+,,7d59c5f9-aa84-45a1-8881-ce94282f4c2d.json,BLACK,1,1,0,2,0,2,7,,,80+,False,ATX,,,,,,,140,,,,VP450P PLUS | V3000A200H-18,Non-Modular,450
7d6892d3-ef5d-40f3-bf8f-8f6edfc7367e,EVGA 700 B1 700W Non-Modular 80+ Bronze,EVGA,700,700W Bronze,,7d6892d3-ef5d-40f3-bf8f-8f6edfc7367e.json,,1,1,0,3,0,2,9,,,80+ Bronze,False,ATX,,,,,,,140,,,,100-B1-0700-K1 | 100-B1-0700-K2 | 100-B1-0700-K3,Non-Modular,700
7d77aa68-4c1e-4735-bbc4-179d2b413b6e,SeaSonic SSP-550RT ATX 550W Non-Modular 80+ Gold,SeaSonic,SSP-550RT,550W Gold,,7d77aa68-4c1e-4735-bbc4-179d2b413b6e.json,,1,1,0,0,0,2,0,,,80+ Gold,False,ATX,,,,,,,139,,,,SSP-550RT,Non-Modular,550
7d7af5c2-669b-4e44-a6e8-564a61e4f258,SeaSonic X Fanless ATX 460W 80+ Platinum Certified Fully Modular,SeaSonic,X,460W Platinum,,7d7af5c2-669b-4e44-a6e8-564a61e4f258.json,,1,1,0,5,0,2,6,,,80+ Platinum,True,ATX,,,,,,,160,,,,SS-460FL2 Active PFC F3,Full,460
7d9b8a72-7ab8-435d-b4e4-1b4ab2d1d129,Raidmax Scorpio ATX 635W Semi-Modular 80+ Bronze Certified,Raidmax,Scorpio,635W Bronze,,7d9b8a72-7ab8-435d-b4e4-1b4ab2d1d129.json,,1,1,0,3,0,2,6,,,80+ Bronze,False,ATX,,,,,,,160,,,,RX-635AP-S,Semi-Modular,635
7dc774a4-1cbf-44d5-be18-83041ed89cc8,YEYIAN Raiden Black ATX 500W Non-Modular 80+ Certified,YEYIAN,Raiden,500W 80+,,7dc774a4-1cbf-44d5-be18-83041ed89cc8.json,BLACK,1,1,0,2,0,1,4,,,80+,False,ATX,,,,,,,140,,,,YFW-50020-01,Non-Modular,500
7dcf701f-905a-4a9c-826e-760ad6608686,Apex AG-M Black 750W Fully Modular 80+ Gold Certified,Apex,AG-M,750W Gold,,7dcf701f-905a-4a9c-826e-760ad6608686.json,BLACK,1,2,0,4,0,4,8,,,80+ Gold,False,ATX,B0B1QBT9YN,,,,9SIA17PKDX0361,2726520294,160,,,,AG-750M | AG-750M V2,Full,750
7dea5600-53ef-487e-a117-30f2bf3d2055,Chieftec Polaris Black ATX 550W Fully Modular 80+ Gold Certified,Chieftec,Polaris,550W Gold,,7dea5600-53ef-487e-a117-30f2bf3d2055.json,BLACK,1,2,0,3,0,2,6,,,80+ Gold,False,ATX,,,,,,,140,,,,PPS-550FC,Full,550
7e0193d3-4d18-4739-9fde-2c9c1c1bc0d6,Cougar POLAR X2 White/Gray 1050W Fully Modular 80+ Platinum Certified,Cougar,POLAR,1050W Platinum,,7e0193d3-4d18-4739-9fde-2c9c1c1bc0d6.json,WHITE | GREY,1,2,0,4,1,7,12,,,80+ Platinum,False,ATX,,,,,,,180,,,,CGR PRX2-1050 | 31PX105001P01,Full,1050
7e12dfdc-8792-43c6-93eb-7aedd8fcd564,FSP Group Hydro M Pro ATX3.0(PCIe5.0) ATX Black 800W Semi-Modular 80+ Bronze Certified,FSP Group,Hydro,800W Bronze,,7e12dfdc-8792-43c6-93eb-7aedd8fcd564.json,BLACK,1,0,0,0,0,0,8,,,80+ Bronze,False,ATX,,,,,,,140,,,,HP2-800M,Semi-Modular,800
7e262ae2-32d6-4714-b67e-07c2b7b5d9d1,"EVGA SuperNOVA 850 P6, 80 Plus Platinum 850W, Fully Modular, Eco Mode with FDB Fan, 10 Year Warranty, Includes Power ON Self Tester, Compact 140mm Size, Power Supply 220-P6-0850-X1",EVGA,SuperNOVA P6,,2021,7e262ae2-32d6-4714-b67e-07c2b7b5d9d1.json,,1,2,1,0,0,6,9,,,80+ Platinum,False,ATX,B09CRLXL76,,,,9SIAD6HFNM2049,139067582,140,,,,220-P6-0850-X1,Full,850
7e4d12c3-deaf-46e8-abcf-b59df54f616f,Cooler Master V750 SFX 750W Fully Modular 80+ Gold Certified,Cooler Master,V750,750W Gold,,7e4d12c3-deaf-46e8-abcf-b59df54f616f.json,WHITE,1,2,0,4,0,4,8,,,80+ Gold,False,SFX,B08DCRW8C4,,,,,,100,,,,MPY-7501-SFHAGV-WU | MPY-7501-SFHAGV-WK | MPY-7501-SFHAGV-WE | MPY-7501-SFHAGV-WS | MPY-7501-SFHAGV-WA | MPY-7501-SFHAGV-WB | MPY-7501-SFHAGV-WY | MPY-7501-SFHAGV-WT | MPY-7501-SFHAGV-WJ | MPY-7501-SFHAGV-WI | MPY-7501-SFHAGV-WW | MPY-7501-SFHAGV-EU,Full,750
7e75fe33-1c7b-40b4-ad7f-b1129cfe12d1,EVGA SuperNOVA 1000 G+ 1000W Fully Modular 80+ Gold Certified ATX,EVGA,SuperNOVA,1000W Gold,,7e75fe33-1c7b-40b4-ad7f-b1129cfe12d1.json,BLACK,1,2,0,6,0,8,12,,,80+ Gold,False,ATX,,,,,,,180,,,,120-GP-1000-X1 | 120-GP-1000-X2 | 120-GP-1000-X3,Full,1000
7e776e52-f5c1-4b93-86bd-3ab37d103dbd,ASRock Steel Legend SL-1000GW White 1000W Fully Modular 80+ Gold,ASRock,Steel,1000W Gold,,7e776e52-f5c1-4b93-86bd-3ab37d103dbd.json,WHITE,1,0,0,0,0,0,9,,,80+ Gold,False,ATX,B0DNLPGGDT,,,,N82E16817955012,15148064773,150,,,,SL-1000GW | 90-UXS100-GFUABA,Full,1000
7e7d1223-e28e-4d98-9e68-0503a74fbd7f,OCZ StealthXstream II 600W Non-Modular 80+ Certified,OCZ,StealthXstream,600W 80+,,7e7d1223-e28e-4d98-9e68-0503a74fbd7f.json,,1,1,0,5,0,1,3,,,80+,False,ATX,,,,,,,139,,,,OCZ600SXS2,Non-Modular,600
7e807ed8-d76e-47f1-9634-c5a1c8adce1a,Cougar VTE X2 Black 700W Non-Modular 80+ Certified,Cougar,VTE,700W 80+,,7e807ed8-d76e-47f1-9634-c5a1c8adce1a.json,BLACK,1,1,0,4,0,3,8,,,80+,False,ATX,,,,,,,140,,,,VTE X2 700 | 31VX070.0001P | CGR VX-700,Non-Modular,700
7e825e3e-936d-4f60-aad7-486460cfc8dd,FSP Group VITA-1000GM Black 1000W Fully Modular 80+ Gold Certified,FSP Group,VITA-1000GM,1000W Gold,,7e825e3e-936d-4f60-aad7-486460cfc8dd.json,BLACK,1,2,0,4,1,4,8,,,80+ Gold,False,ATX,,,,,,,140,,,,VITA-1000GM,Full,1000
7e8dc79b-4f68-4288-96ff-118a6f5696ce,SeaSonic CORE GX ATX 3 (2024) Black ATX 850W Fully Modular 80+ Gold Certified,SeaSonic,CORE,850W Gold,,7e8dc79b-4f68-4288-96ff-118a6f5696ce.json,BLACK,1,2,0,3,1,3,6,,,80+ Gold,False,ATX,,,,,,,140,,,,CORE ATX 3 GX-850,Full,850
7e93a614-a32a-40c1-b590-28c7444e3ca9,Thermaltake Toughpower GF2 ARGB 650W Fully Modular 80+ Gold Certified,Thermaltake,Toughpower,650W Gold,,7e93a614-a32a-40c1-b590-28c7444e3ca9.json,BLACK,1,2,0,4,0,4,9,,,80+ Gold,False,ATX,B08PC8SW2M,,,,N82E16817153428,794007979,160,,,,PS-TPD-0650F3FAGU-2,Full,650
7edc42b8-4d9f-456d-9634-ff6045e1dea1,Corsair Vengeance 400 400W Non-Modular 80+ Bronze Certified ATX,Corsair,Vengeance,400W Bronze,,7edc42b8-4d9f-456d-9634-ff6045e1dea1.json,,1,1,0,3,0,2,4,,,80+ Bronze,False,ATX,,,,,,,140,,,,CP-9020106-DE,Non-Modular,400
7edef8dd-5d64-4143-9bdb-b67b4a4abf08,SeaSonic Core GC Black ATX 650W Non-Modular 80+ Gold Certified,SeaSonic,Core,650W Gold,,7edef8dd-5d64-4143-9bdb-b67b4a4abf08.json,BLACK,1,1,0,3,0,4,6,,,80+ Gold,False,ATX,B07WVMT2RZ,,,,,,140,,,,CORE-GC-650 | CORE-GM-650 | SSR-650LM,Non-Modular,650
7ee55fe9-886b-48c1-b5cc-1042de206336,Nfortec Sagitta RGB 650W Fully Modular 80+ Gold Certified ATX,Nfortec,Sagitta,650W Gold,,7ee55fe9-886b-48c1-b5cc-1042de206336.json,BLACK,1,1,0,3,0,2,6,,,80+ Gold,False,ATX,,,,,,,170,,,,NF-PSU-SAGITTA-650WM,Full,650
7efe7810-830e-4199-92d6-f5c869c07a7a,SeaSonic SS-300TFX Bronze TFX 300W Non-Modular 80+ Bronze Certified,SeaSonic,SS-300TFX,300W Bronze,,7efe7810-830e-4199-92d6-f5c869c07a7a.json,GREY,1,0,0,0,0,0,0,,,80+ Bronze,False,TFX,B004JUVNVC,,,,,,175,,,,SS-300TFX Bronze | SS-300TFX,Non-Modular,300
7f03082f-2744-4f6a-8196-11af7782a88a,Thermaltake Toughpower ATX 1350W Semi-Modular 80+ Silver Certified,Thermaltake,Toughpower,1350W Silver,,7f03082f-2744-4f6a-8196-11af7782a88a.json,,1,0,0,0,0,0,12,,,80+ Silver,False,ATX,,,,,,,199,,,,TP-1350M,Semi-Modular,1350
7f124356-feb6-4e36-ac10-6c655c71c9b9,be quiet! Dark Power Pro 11 1000W Semi-Modular 80+ Platinum Certified,be quiet!,Dark,1000W Platinum,,7f124356-feb6-4e36-ac10-6c655c71c9b9.json,,1,2,0,8,0,8,10,,,80+ Platinum,False,ATX,,,,,,,193,,,,BN254 | BN654,Semi-Modular,1000
7f351512-71f3-4576-ae33-8ca37fe5bb12,Apevia ATX-WA750W ATX 750W Non-Modular,Apevia,ATX-WA750W,750W ,,7f351512-71f3-4576-ae33-8ca37fe5bb12.json,,1,1,0,8,0,0,6,,,,False,ATX,,,,,,,155,,,,ATX-WA750W,Non-Modular,750
7f3c4505-ac13-4c49-9ad9-3c49d29b290b,Raidmax RX-500AF ATX 500W Non-Modular 80+ Bronze Certified,Raidmax,RX-500AF,500W Bronze,,7f3c4505-ac13-4c49-9ad9-3c49d29b290b.json,,1,1,0,4,0,1,6,,,80+ Bronze,False,ATX,,,,,,,165,,,,RX-500AF,Non-Modular,500
7f55f887-8139-4991-a3ec-3133536a0e24,SeaSonic VERTEX PX-850 Black / Silver 850W Fully Modular 80+ Platinum Certified,SeaSonic,VERTEX,850W Platinum,,7f55f887-8139-4991-a3ec-3133536a0e24.json,BLACK | GREY,1,2,0,3,1,3,18,,,80+ Platinum,False,ATX,B0C57385RR,,,,,,160,,,,VERTEX PX-850,Full,850
7f72a4f2-a64d-4075-91dd-996f51b405ed,Corsair HX620 620W Fully Modular 80+ Certified,Corsair,HX620,620W 80+,,7f72a4f2-a64d-4075-91dd-996f51b405ed.json,,1,1,0,10,0,2,8,,,80+,False,ATX,,,,,,,150,,,,CMPSU-620HX,Full,620
7f75b18c-9bdc-4438-8cfc-0806a81d792b,Corsair HX1500i (2022) Black 1500W Fully Modular 80+ Platinum Certified,Corsair,HX1500i,1500W Platinum,,7f75b18c-9bdc-4438-8cfc-0806a81d792b.json,BLACK,1,0,0,0,0,0,8,,,80+ Platinum,False,ATX,B0B3S8GMCK,,,,,1711000154,200,,,,CP-9020215-NA | CP-9020215-EU | CP-9020215-UK | CP-9020215-DE | CP-9020215-AU,Full,1500
7f7e6ce7-318d-4d87-8866-fd508a41fd2f,Thermaltake Hamburg Black 530W Non-Modular 80+ Certified,Thermaltake,Hamburg,530W 80+,,7f7e6ce7-318d-4d87-8866-fd508a41fd2f.json,BLACK,1,1,0,4,0,2,6,,,80+,False,ATX,,,,,,,140,,,,W0392RE,Non-Modular,530
7f8afc2e-0b39-425b-b278-10eb6c02a7f3,LEPA B650-SA 650W Non-Modular 80+ Bronze,LEPA,B650-SA,650W Bronze,,7f8afc2e-0b39-425b-b278-10eb6c02a7f3.json,,1,1,0,4,0,2,7,,,80+ Bronze,False,ATX,,,,,,,140,,,,B650-SA,Non-Modular,650
7f8c1f32-6e9c-4314-84d8-36af17b59c1b,CORSAIR CX-F RGB Series™ CX650F RGB 80 PLUS Bronze Fully Modular ATX Power Supply,Corsair,cx650f,,2020,7f8c1f32-6e9c-4314-84d8-36af17b59c1b.json,,1,2,0,4,0,4,7,,,80+ Bronze,False,ATX,B08FVFDYFD,6449963,,,9SIB8AKKAN3200,609741751,140,,,,CP-9020217-NA,Full,650
7f9cb3b9-de42-4476-98f7-3d883af92ef5,Zalman 1250 Platinum 1250W Semi-Modular 80+ Platinum,Zalman,1250,1250W Platinum,,7f9cb3b9-de42-4476-98f7-3d883af92ef5.json,,1,2,0,9,0,8,12,,,80+ Platinum,False,ATX,,,,,,,199,,,,1250 Platinum,Semi-Modular,1250
7f9d8073-55f8-4f8b-a63d-41ea5ed7a2d5,FSP Group Dagger Pro SFX 550W Fully Modular 80+ Gold Certified,FSP Group,Dagger,550W Gold,,7f9d8073-55f8-4f8b-a63d-41ea5ed7a2d5.json,BLACK,1,1,0,2,0,2,5,,,80+ Gold,False,SFX,,,,,,,100,,,,SDA2-550,Full,550
7fb9075d-8695-44ea-a596-6abe7f0610a1,Rosewill Stallion ATX 450W Non-Modular,Rosewill,Stallion,450W ,,7fb9075d-8695-44ea-a596-6abe7f0610a1.json,,1,0,0,0,0,0,4,,,,False,ATX,,,,,,,140,,,,RD450-2-DB,Non-Modular,450
7fe5863d-581a-4e3e-957d-737674d04653,Chieftec Polaris ATX 850W Fully Modular 80+ Gold,Chieftec,Polaris,850W Gold,,7fe5863d-581a-4e3e-957d-737674d04653.json,BLACK,1,2,0,4,0,4,12,,,80+ Gold,False,ATX,,,,,,,160,,,,PPS-850FC,Full,850
800ed42e-9d5e-4a4b-99df-5447bb46bccb,Thermaltake Smart ATX 430W Non-Modular 80+,Thermaltake,Smart,430W 80+,,800ed42e-9d5e-4a4b-99df-5447bb46bccb.json,,1,1,0,4,0,1,5,,,80+,False,ATX,,,,,,,139,,,,SP-430P,Non-Modular,430
8023c04e-067b-4677-8854-b9c1468071a3,FSP Group Hyper M85+ Black 650W Semi-Modular 80+ Bronze Certified ATX,FSP Group,Hyper,650W Bronze,,8023c04e-067b-4677-8854-b9c1468071a3.json,BLACK,1,1,0,3,0,4,8,,,80+ Bronze,False,ATX,,,,,,,165,,,,HA650M,Semi-Modular,650
8034324a-53fd-4c5f-98d7-76c4f37029bb,RIOTORO BUILDER Black / Red 1200W Fully Modular 80+ Gold Certified,RIOTORO,BUILDER,1200W Gold,,8034324a-53fd-4c5f-98d7-76c4f37029bb.json,BLACK | RED,1,2,0,4,0,8,16,,,80+ Gold,False,ATX,,,,,,,180,,,,PR-GP1200FM-UK,Full,1200
80387787-e251-4da6-8c2b-13fe74959437,Enermax REVOLUTION X't 530W Semi-Modular 80+ Gold,Enermax,REVOLUTION,530W Gold,,80387787-e251-4da6-8c2b-13fe74959437.json,,1,1,0,4,0,2,8,,,80+ Gold,False,ATX,,,,,,,160,,,,ERX530AWT,Semi-Modular,530
804d22a0-55b0-48f8-8809-a4583416543c,Thermaltake EVO_Blue 750W 80+ Gold Semi-Modular,Thermaltake,EVO_Blue,750W Gold,,804d22a0-55b0-48f8-8809-a4583416543c.json,,1,1,0,6,0,4,9,,,80+ Gold,False,ATX,,,,,,,160,,,,EVO-750MPCGUS-A | tt-evo-750mpcgau,Semi-Modular,750
80514de1-2cf4-4230-9ec3-354116765183,SeaSonic PRIME Ultra Platinum 1000 1000W 80+ Platinum Certified Fully Modular,SeaSonic,PRIME,1000W Platinum,,80514de1-2cf4-4230-9ec3-354116765183.json,BLACK,1,2,0,5,0,8,12,,,80+ Platinum,False,ATX,B075M3B1R7,,,,,,170,,,,SSR-1000PD-U | SSR-1000PD (V2) ULTRA,Full,1000
805b843c-3695-4524-9101-b01d6c773159,In Win Commander ATX 1200W Fully Modular 80+ Certified,In Win,Commander,1200W 80+,,805b843c-3695-4524-9101-b01d6c773159.json,,1,0,0,0,0,0,8,,,80+,False,ATX,,,,,,,200,,,,IRP-COM1200,Full,1200
8061f19f-2dbd-43fc-a9e3-1df0358e12b4,Thermaltake Toughpower 1500W Semi-Modular 80+ Gold Certified,Thermaltake,Toughpower,1500W Gold,,8061f19f-2dbd-43fc-a9e3-1df0358e12b4.json,,1,2,0,8,0,10,16,,,80+ Gold,False,ATX,,,,,,,220,,,,PS-TPD-1500MPCGUS-1,Semi-Modular,1500
80738b5e-2bac-425e-bcb2-d2abda008a64,Cooler Master Silent Pro M2 1000W Semi-Modular 80+ Silver Certified,Cooler Master,Silent,1000W Silver,,80738b5e-2bac-425e-bcb2-d2abda008a64.json,,1,2,0,5,0,6,12,,,80+ Silver,False,ATX,,,,,,,180,,,,RSA00-SPM2D3-US,Semi-Modular,1000
8082c5e1-babb-4d8f-9388-c2c7fc0f2102,Deepcool PF550 Black 230V 550W Non-Modular 80+ Certified,DeepCool,PF550,550W 80+,,8082c5e1-babb-4d8f-9388-c2c7fc0f2102.json,BLACK,1,1,0,2,0,2,6,,,80+,False,ATX,B09PQD3VS5,,,,,,140,,,,R-PF550D-HA0B-US | R-PF550D-HA0B-EU | R-PF550D-HA0B-BP | R-PF550D-HA0B-AR | R-PF550D-HA0B-AU | R-PF550D-HA0B-UK | R-PF550D-HA0B-WO | R-PF550D-HA0B-CN,Non-Modular,550
808d52ff-a962-42fa-8c39-b90a76bcd4f0,Silverstone HELA R Black 1300W Fully Modular 80+ Platinum,Silverstone,HELA,1300W Platinum,,808d52ff-a962-42fa-8c39-b90a76bcd4f0.json,BLACK,1,2,0,6,1,8,8,,,80+ Platinum,False,ATX,,,,,,,140,,,,SST-HA1300R-PM,Full,1300
80938d9f-9e18-4ce3-855c-7dc3832d41fd,Antec True Power 1200W Semi-Modular 80+ Silver Certified ATX,Antec,True,1200W Silver,,80938d9f-9e18-4ce3-855c-7dc3832d41fd.json,,1,2,0,9,0,4,11,,,80+ Silver,False,ATX,,,,,,,200,,,,TPQ-1200,Semi-Modular,1200
809e02c1-5df4-464c-a804-aaeb5439e529,Thermaltake TR2 Certified ATX 700W Non-Modular 80+ Gold,Thermaltake,TR2,700W Gold,,809e02c1-5df4-464c-a804-aaeb5439e529.json,,1,1,0,4,0,4,8,,,80+ Gold,False,ATX,,,,,,,140,,,,PS-TR2-0700NPCGUS-G,Non-Modular,700
80b4ed57-2ccf-441a-8c8b-39fb7523bb9a,SeaSonic VERTEX PX-1000 Black / Silver 1000W Fully Modular 80+ Platinum,SeaSonic,VERTEX,1000W Platinum,,80b4ed57-2ccf-441a-8c8b-39fb7523bb9a.json,BLACK | GREY,1,0,0,0,0,0,18,,,80+ Platinum,False,ATX,B0C571R3V8,,,,N82E16817320024,5079569028,160,,,,VERTEX PX-1000 | VERTEX1000P | Vertex PX-1000 ATX 3.1,Full,1000
80c2c659-b370-44a5-8cbf-35a3d5e30ea6,XFX ProSeries ATX 1000W Fully Modular 80+ Platinum Certified,XFX,ProSeries,1000W Platinum,,80c2c659-b370-44a5-8cbf-35a3d5e30ea6.json,,1,2,0,8,0,8,11,,,80+ Platinum,False,ATX,,,,,,,190,,,,P1-1000-BELX,Full,1000
80d55008-6e20-48cb-b8df-60b0a3431f3a,Gigabyte GE-P450P-C2 ATX 550W Non-Modular 80+ Certified,Gigabyte,GE-P450P-C2,550W 80+,,80d55008-6e20-48cb-b8df-60b0a3431f3a.json,,1,1,0,4,0,1,4,,,80+,False,ATX,,,,,,,140,,,,GE-P450P-C2,Non-Modular,550
80fbc7ca-a35f-42e4-84b4-7c0f3160389e,Thermalright TP Black 1000W Fully Modular 80+ Platinum Certified,Thermalright,TP,1000W Platinum,,80fbc7ca-a35f-42e4-84b4-7c0f3160389e.json,BLACK,1,1,0,5,1,4,10,,,80+ Platinum,False,ATX,,,,,,,140,,,,TP-1000 | TR-TP-1000,Full,1000
810274f2-19d6-46cc-bd44-8c36a611fd5e,Raidmax Cobra ATX 700W Non-Modular 80+ Bronze Certified,Raidmax,Cobra,700W Bronze,,810274f2-19d6-46cc-bd44-8c36a611fd5e.json,,1,1,0,4,0,2,6,,,80+ Bronze,False,ATX,B01056KUJ4,,,,9SIA9ZN59B4732,,165,,,,RX-700AC-B,Non-Modular,700
81052345-eff2-4690-8050-49aac3666249,Enermax REVOLUTION DUO ATX 500W Non-Modular 80+ Gold Certified,Enermax,REVOLUTION,500W Gold,,81052345-eff2-4690-8050-49aac3666249.json,,1,1,0,4,0,2,6,,,80+ Gold,False,ATX,,,,,,,140,,,,ERD500AWL-F,Non-Modular,500
8107219b-169d-4fda-9ae9-712d2e155c1f,Enermax Platimax Black 1350W Fully Modular 80+ Platinum Certified,Enermax,Platimax,1350W Platinum,,8107219b-169d-4fda-9ae9-712d2e155c1f.json,BLACK,1,2,0,10,0,8,14,,,80+ Platinum,False,ATX,,,,,,,180,,,,EPM1350EWT,Full,1350
8119d1d6-1bed-4cb3-9b8a-7dbe5a7850ef,be quiet! SFX Power 3 Black 300W Non-Modular 80+ Bronze,be quiet!,SFX,300W Bronze,,8119d1d6-1bed-4cb3-9b8a-7dbe5a7850ef.json,BLACK,1,0,0,2,0,1,3,,,80+ Bronze,False,SFX,B0937GNL7W,,,,,,100,,,,BN320,Non-Modular,300
8158f840-0986-4d54-960c-c6f12a5fe533,SeaSonic SS-460FL Active PFC F3 Fanless ATX 460W Fully Modular 80+ Platinum Certified,SeaSonic,SS-460FL,460W Platinum,,8158f840-0986-4d54-960c-c6f12a5fe533.json,,1,1,0,2,0,2,5,,,80+ Platinum,True,ATX,,,,,,,160,,,,SS-460FL2,Full,460
816b617d-cf34-4c76-bbe7-e9848f441ee7,Thermaltake Toughpower DPS G 850W Fully Modular 80+ Gold Certified,Thermaltake,Toughpower,850W Gold,,816b617d-cf34-4c76-bbe7-e9848f441ee7.json,,1,0,0,0,0,0,12,,,80+ Gold,False,ATX,,,,,,,180,,,,PS-TPG-0850DPCGUS-1,Full,850
816b9984-cd89-40d7-9b44-46480f547ac1,MSI MAG A1000GL PCIE5 WHITE,MSI,MAG,A1000GL PCIE5 / WHITE,2025,816b9984-cd89-40d7-9b44-46480f547ac1.json,WHITE | GREY,1,2,1,4,1,4,12,Cybenetics Gold,Cybenetics Standard++,80+ Gold,,ATX,B0FXNV6Y7H,,,https://www.msi.com/Power-Supply/MAG-A1000GL-PCIE5/Specification,N82E16817701039,1878941919,150,,2026-02-26T21:18:33.271Z,,A1000GL PCIE5 / WHITE | MAG A1000GL PCIE5 WHITE,Full,1000
8172bc12-a022-4827-aeb8-7f0e40c297ae,GAMDIAS ASTRAPE M1 B 650W Non-Modular 80+ Bronze Certified ATX,GAMDIAS,ASTRAPE,650W Bronze,,8172bc12-a022-4827-aeb8-7f0e40c297ae.json,BLACK | RGB,1,1,0,2,0,2,5,,,80+ Bronze,False,ATX,,,,,,,140,,,,ASTRAPE M1-650B | M1-650B,Non-Modular,650
81a84a73-a38e-4b27-826b-d039303ea04a,SeaSonic CORE GX ATX 3 (2024) White ATX 750W Fully Modular 80+ Gold Certified,SeaSonic,CORE,750W Gold,,81a84a73-a38e-4b27-826b-d039303ea04a.json,WHITE,1,2,0,3,1,2,6,,,80+ Gold,False,ATX,,,,,,,140,,,,CORE ATX 3 GX-750 White,Full,750
81b57975-5363-459e-a705-4038e5225fe0,Silverstone Strider Platinum 550W Fully Modular 80+ Platinum Certified,Silverstone,Strider,550W Platinum,,81b57975-5363-459e-a705-4038e5225fe0.json,,1,0,0,0,0,0,8,,,80+ Platinum,False,ATX,,,,,,,140,,,,ST55F-PT | SST-ST55F-PT | PS-ST55F-PT,Full,550
81cc8e73-18a8-44b4-98b6-4d85786bd890,Silverstone Strider ATX 700W Non-Modular 80+,Silverstone,Strider,700W 80+,,81cc8e73-18a8-44b4-98b6-4d85786bd890.json,,1,1,0,3,0,1,6,,,80+,False,ATX,,,,,,,139,,,,ST70F-ES | SST-ST70F-ES,Non-Modular,700
81e343af-73fc-4cd1-96f8-e2eb05828c1c,CoolMax CL-500B ATX 500W Non-Modular,CoolMax,CL-500B,500W ,,81e343af-73fc-4cd1-96f8-e2eb05828c1c.json,,1,1,0,4,0,0,4,,,,False,ATX,B002PZTIV0,,,,,,160,,,,CL-500B | 14741,Non-Modular,500
81f197b9-9551-4788-8a61-79dcfffcf962,EVGA Supernova 850 PQ 80+ Platinum 850W,,,,,81f197b9-9551-4788-8a61-79dcfffcf962.json,,,,,,,,,,,,,,B07CDMZKB5,,,,,512087834,,,,,210-PQ-0850-X1,,
81fe40bc-c948-4f88-a3e4-e51cd9239f08,XFX XT 400W Non-Modular 80+ Bronze Certified,XFX,XT,400W Bronze,,81fe40bc-c948-4f88-a3e4-e51cd9239f08.json,,1,1,0,2,0,2,3,,,80+ Bronze,False,ATX,,,,,,,140,,,,P1-400B-XTFR,Non-Modular,400
8247f1b7-9d8d-4745-a0b9-910224cd0f5c,Thermaltake Toughpower iRGB PLUS Black 1200W Fully Modular 80+ Platinum Certified,Thermaltake,Toughpower,1200W Platinum,,8247f1b7-9d8d-4745-a0b9-910224cd0f5c.json,BLACK,1,2,0,8,0,8,12,,,80+ Platinum,False,ATX,,,,,,,180,,,,PS-TPI-1200F2FDPU-1 | PS-TPI-1200F2FDPE-1 | PS-TPI-1200F2FDPA-1,Full,1200
8279df8d-eb19-4cce-8dba-3b5a603235ea,Athena Power APOLLO 600 Black SFX 600W Non-Modular 80+ Bronze Certified,Athena Power,APOLLO,600W Bronze,,8279df8d-eb19-4cce-8dba-3b5a603235ea.json,BLACK,1,2,0,2,0,2,6,,,80+ Bronze,False,SFX,B073JXZSCM,,,,,672885052,130,,,,AP-MP4ATX60FEP8,Non-Modular,600
828fde9c-cc6b-43c2-9460-8a3b0187951b,be quiet! Straight Power E9 400W 80+ Gold Non-Modular,be quiet!,STRAIGHT,400W Gold,,828fde9c-cc6b-43c2-9460-8a3b0187951b.json,,1,1,0,4,0,1,5,,,80+ Gold,False,ATX,,,,,,,160,,,,BN190,Non-Modular,400
82afb2f9-cd7f-4495-9aa1-80c5e85a93a6,PC Power & Cooling Silencer 1050W Platinum ATX 1050W Fully Modular 80+ Platinum Certified,PC Power & Cooling,Silencer,1050W Platinum,,82afb2f9-cd7f-4495-9aa1-80c5e85a93a6.json,,1,2,0,6,0,6,12,,,80+ Platinum,False,ATX,B077YXBMTC,,,,,126822307,180,,,,FPS1050-A5M00,Full,1050
82b52ffb-3ba0-4a09-b9f1-26f7324382ff,FSP Group FSP500-50FGGBN Flex ATX 500W Non-Modular 80+ Gold Certified,FSP Group,FSP500-50FGGBN,500W Gold,,82b52ffb-3ba0-4a09-b9f1-26f7324382ff.json,,1,1,0,2,0,2,2,,,80+ Gold,False,Flex ATX,B078X1TQGK,,,,,,150,,,,FSP500-50FGGBN,Non-Modular,500
82bdd8b7-5a6c-4eb4-8f03-cdee8bdfa4ad,Super Flower Leadex Titanium 750W 80+ Titanium Certified Fully Modular,Super Flower,Leadex,750W Titanium,,82bdd8b7-5a6c-4eb4-8f03-cdee8bdfa4ad.json,BLACK,1,2,0,4,0,4,10,,,80+ Titanium,False,ATX,,,,,,,180,,,,SF-750F14HT,Full,750
82cd57d7-816f-4780-bf7c-2281d1fae1ef,EVGA GE Black 800W Non-Modular 80+ Gold Certified ATX,EVGA,GE,800W Gold,,82cd57d7-816f-4780-bf7c-2281d1fae1ef.json,BLACK,1,2,0,3,0,4,8,,,80+ Gold,False,ATX,B0C1ZXDZF2,,,,N82E16817438244,2793900606,140,,,,200-GE-0800-V1,Non-Modular,800
82d12135-052e-4dba-8c5a-89d77a0929f8,be quiet! Pure Power 12 Black ATX 1000W Non-Modular 80+ Gold,be quiet!,Pure,1000W Gold,,82d12135-052e-4dba-8c5a-89d77a0929f8.json,BLACK,1,0,0,0,0,0,6,,,80+ Gold,False,ATX,B0DLHB1QVR,,,,N82E16817222038,14413557248,160,,,,BP005US | BP005U2 | BP005EU | BP005,Non-Modular,1000
82d46860-a180-4a9e-9cba-50c60fc75caf,SilverStone Strider ST1100-TI,SilverStone Technology,Strider,Titanium,2017,82d46860-a180-4a9e-9cba-50c60fc75caf.json,,1,2,1,6,0,8,16,,,80+ Titanium,False,ATX,B09234BWHV,,,,,,180,,,,PS-ST1100-TI-X | SST-ST1100-TI,Full,1100
82e3abd4-2120-4394-96d9-f428777f864e,Montech CENTURY ATX 850W Fully Modular 80+ Gold Certified,Montech,CENTURY,850W Gold,,82e3abd4-2120-4394-96d9-f428777f864e.json,BLACK,1,2,0,3,0,6,10,,,80+ Gold,False,ATX,,,,,,,140,,,,CENTURY 850,Full,850
8342bac5-dc77-424f-9b45-6a64a00615f6,XFX Core Edition 450W Non-Modular 80+ Bronze Certified,XFX,Core,450W Bronze,,8342bac5-dc77-424f-9b45-6a64a00615f6.json,,1,1,0,6,0,1,6,,,80+ Bronze,False,ATX,,,,,,,139,,,,P1-450S-XXB9,Non-Modular,450
834dfe30-dcd9-4e9c-9a80-e651f7e5acc5,Cougar VTE Black 600W Non-Modular 80+ Bronze Certified,Cougar,VTE,600W Bronze,,834dfe30-dcd9-4e9c-9a80-e651f7e5acc5.json,BLACK,1,0,0,0,0,0,6,,,80+ Bronze,False,ATX,B071RV6FPX,,,,9SIA25VKBT4845,,,,,,VTE600,Non-Modular,600
83926e40-44dc-4826-bd71-8e00e17ea979,Silverstone SFX Black Certified SFX 300W Non-Modular 80+ Bronze Certified,Silverstone,SFX,300W Bronze,,83926e40-44dc-4826-bd71-8e00e17ea979.json,BLACK,1,1,0,2,0,0,3,,,80+ Bronze,False,SFX,,,,,,,100,,,,ST30SF | SST-ST30SF,Non-Modular,300
83947d0d-bdf1-4042-9d91-eb9df9add118,Thermaltake TR2 ATX 380W Non-Modular 80+ Bronze Certified,Thermaltake,TR2,380W Bronze,,83947d0d-bdf1-4042-9d91-eb9df9add118.json,,1,1,0,3,0,1,5,,,80+ Bronze,False,ATX,,,,,,,,,,,TR-380P,Non-Modular,380
83c3e6e2-7862-4626-a795-618b9d3bbad6,Deepcool PX1300P Black / Silver ATX 1300W Fully Modular 80+ Platinum Certified,DeepCool,PX1300P,1300W Platinum,,83c3e6e2-7862-4626-a795-618b9d3bbad6.json,BLACK | GREY,1,2,0,4,2,5,8,,,80+ Platinum,False,ATX,,,,,,,160,,,,R-PXD00P-FC0B-US | R-PXD00P-FC0B-AU | R-PXD00P-FC0B-UK | R-PXD00P-FC0B-BP | R-PXD00P-FC0B-WO | R-PXD00P-FC0B-EU,Full,1300
83dd47b7-59c2-4be8-b319-529e12843ac7,Silverstone Zeus 1350W Fully Modular 80+ Silver Certified ATX,Silverstone,Zeus,1350W Silver,,83dd47b7-59c2-4be8-b319-529e12843ac7.json,,1,2,0,6,0,8,16,,,80+ Silver,False,ATX,,,,,,,230,,,,ZM1350 | SST-ZM1350,Full,1350
83e09369-95e5-4673-8b3b-2ccc79a42135,Cooler Master V Gold Gold 750W Fully Modular 80+ Gold Certified ATX,Cooler Master,V,750W Gold,,83e09369-95e5-4673-8b3b-2ccc79a42135.json,BLACK,1,2,0,4,0,4,12,,,80+ Gold,False,ATX,,,,,,,160,,,,MPY-7501-AFAAGV-US,Full,750
83e2dd25-2d1a-47b0-aedb-60f778e81309,SeaSonic VERTEX PX-1200 Black / Silver 1200W Fully Modular 80+ Platinum Certified,SeaSonic,VERTEX,1200W Platinum,,83e2dd25-2d1a-47b0-aedb-60f778e81309.json,BLACK | GREY,1,0,0,0,0,0,18,,,80+ Platinum,False,ATX,B0C571DW23,,,,N82E16817320025,5024485628,160,,,,VERTEX PX-1200 | VERTEX1200P,Full,1200
83e7bf52-7306-4ddc-b8bf-e45412b8b592,Enermax Revolution D.F. X Black 850W Fully Modular 80+ Gold Certified,Enermax,Revolution,850W Gold,,83e7bf52-7306-4ddc-b8bf-e45412b8b592.json,BLACK,1,2,0,6,2,4,12,,,80+ Gold,False,ATX,B0C9L8YDN1,,30619,,,1050053442,140,,,,ERT850EWT,Full,850
83f35e01-3521-45a5-9110-d1cb47a0da68,SeaSonic PRIME Black 750W Fully Modular 80+ Gold Certified,SeaSonic,PRIME,750W Gold,,83f35e01-3521-45a5-9110-d1cb47a0da68.json,BLACK,1,2,0,3,0,4,10,,,80+ Gold,False,ATX,,,,,,,140,,,,PRIME-GX-750,Full,750
84058411-d847-4d21-b139-9bca29f03a06,FSP Group AURUM GOLD 400W Non-Modular 80+ Gold,FSP Group,AURUM,400W Gold,,84058411-d847-4d21-b139-9bca29f03a06.json,,1,1,0,3,0,1,4,,,80+ Gold,False,ATX,,,,,,,140,,,,AURUM GOLD 400,Non-Modular,400
841cd803-8c5c-4280-981a-5c51eeedbaab,In Win Classic 900W Fully Modular 80+ Platinum Certified,In Win,Classic,900W Platinum,,841cd803-8c5c-4280-981a-5c51eeedbaab.json,,1,2,0,6,0,4,6,,,80+ Platinum,False,ATX,,,,,,,165,,,,C900W,Full,900
8441f48a-b10b-4627-ad3e-26ac8be74c52,Antec True Power 1200W 80+ Silver Certified Fully Modular,Antec,True,1200W Silver,,8441f48a-b10b-4627-ad3e-26ac8be74c52.json,,1,2,0,9,0,4,11,,,80+ Silver,False,ATX,,,,,,,200,,,,TPQ-1200 OC,Full,1200
845c8c58-72e6-4a83-bdf5-57b10b1e54d3,SeaSonic FOCUS Black 650W Semi-Modular 80+ Gold,SeaSonic,FOCUS,650W Gold,,845c8c58-72e6-4a83-bdf5-57b10b1e54d3.json,BLACK,1,1,0,3,0,4,6,,,80+ Gold,False,ATX,,,,,,,140,,,,FOCUS-GM-650,Semi-Modular,650
846209bb-128e-40fe-bbc3-b078d044446d,EVGA GE Black ATX 500W Non-Modular 80+ Gold Certified,EVGA,GE,500W Gold,,846209bb-128e-40fe-bbc3-b078d044446d.json,BLACK,1,1,0,3,0,2,6,,,80+ Gold,False,ATX,B0C1ZXGT67,,,,,1864796403,140,,,,200-GE-0500-V1,Non-Modular,500
846eebb5-c46b-4ebb-b6ab-e64e4d2da3f5,Thermaltake Toughpower SFX 750W Fully Modular 80+ Platinum Certified SFX,Thermaltake,Toughpower,750W Platinum,,846eebb5-c46b-4ebb-b6ab-e64e4d2da3f5.json,BLACK,1,0,0,0,0,0,8,,,80+ Platinum,False,SFX,B0D2838XV2,6626444,,,N82E16817153465,5909664204,104,,,,PS-STP-0750FNFAPU-1,Full,750
847c05ea-5d06-4cb0-9ed0-f50c4659fef7,CoolMax ZU-600B 600W Semi-Modular 80+ Bronze,CoolMax,ZU-600B,600W Bronze,,847c05ea-5d06-4cb0-9ed0-f50c4659fef7.json,,1,1,0,5,0,1,5,,,80+ Bronze,False,ATX,,,,,,,165,,,,ZU-600B,Semi-Modular,600
84833b02-62bf-4e13-a0b4-c2129bfa5320,SilentiumPC Supremo FM2 Black 750W Fully Modular 80+ Gold,SilentiumPC,Supremo,750W Gold,,84833b02-62bf-4e13-a0b4-c2129bfa5320.json,BLACK,1,2,0,3,0,4,9,,,80+ Gold,False,ATX,,,,,,,160,,,,SPC169,Full,750
84921cc6-42eb-48ee-8623-227d3e5b436b,Deepcool DA600-M 600W Fully Modular 80+ Bronze Certified ATX,DeepCool,DA600-M,600W Bronze,,84921cc6-42eb-48ee-8623-227d3e5b436b.json,BLACK,1,1,0,3,0,2,5,,,80+ Bronze,False,ATX,,,,,,,140,,,,DP-BZ-DA600-MFM,Full,600
849c4c9b-ece5-4966-9b5a-82b724ff7788,Zalman ZM460B-APS ATX 460W Non-Modular,Zalman,ZM460B-APS,460W ,,849c4c9b-ece5-4966-9b5a-82b724ff7788.json,,1,1,0,4,0,0,4,,,,False,ATX,,,,,,,139,,,,ZM460B-APS,Non-Modular,460
84b7cf31-3a6c-4a81-bc3d-03b8e4299706,EVGA SuperNOVA G2 650W,EVGA,SuperNOVA G2,650W,2015,84b7cf31-3a6c-4a81-bc3d-03b8e4299706.json,,1,2,1,6,2,2,9,,,80+ Gold,False,ATX,B0106RDIN2,,,,9SIB8AKKCT9703,48592375,165,,,,220-G2-0650-Y1,Full,650
84cbad14-8686-4e58-aeee-b6cfb6e88e81,Topower TOP-1200W 1200W Fully Modular 80+,Topower,TOP-1200W,1200W 80+,,84cbad14-8686-4e58-aeee-b6cfb6e88e81.json,,1,0,0,0,0,0,12,,,80+,False,ATX,,,,,,,175,,,,TOP-1200W,Full,1200
84e270a7-c1b5-43d3-bd6f-2654f3789bc2,FSP Group Hydro M Pro ATX3.0(PCIe5.0) Black 700W Semi-Modular 80+ Bronze Certified,FSP Group,Hydro,700W Bronze,,84e270a7-c1b5-43d3-bd6f-2654f3789bc2.json,BLACK,1,2,0,3,1,2,8,,,80+ Bronze,False,ATX,,,,,,,140,,,,HP2-700M,Semi-Modular,700
84f0c52a-0a69-4ea9-a6bb-de82bf07bb45,"EVGA 500 BR, 80+ BRONZE 500W, 3 Year Warranty, Power Supply",EVGA,BR Power Supply,,2018,84f0c52a-0a69-4ea9-a6bb-de82bf07bb45.json,,1,1,1,3,0,2,6,,,80+ Bronze,False,ATX,B07DTMXD83,,,,N82E16817438145,868721783,140,,,,100-BR-0500-K1,Non-Modular,500
84f4e771-2bf0-4878-ae2a-c910fa2e2a61,SeaSonic FOCUS SPX (2021) SFX 650W Fully Modular 80+ Platinum Certified,SeaSonic,FOCUS,650W Platinum,,84f4e771-2bf0-4878-ae2a-c910fa2e2a61.json,BLACK,1,1,0,3,0,4,6,,,80+ Platinum,False,SFX,,,,,,,100,,,,FOCUS-SPX-650-2021,Full,650
84fc5a14-4153-4677-a80c-a80bce7502d8,Corsair AX1500i 1500W Fully Modular 80+ Titanium Certified,Corsair,AX1500i,1500W Titanium,,84fc5a14-4153-4677-a80c-a80bce7502d8.json,,1,0,0,0,0,0,20,,,80+ Titanium,False,ATX,B00MFJ4OBA,,,,9SIB8AKKD13468,40177630,225,,,,CP-9020057-NA | CP-9020057-UK | AX1500i | CMPSU-AX1500i | CP-9020057-EU,Full,1500
850d5f51-16bb-4e4d-9fe9-f454a68d0412,Raidmax Cobra Black 850W Fully Modular 80+ Gold,Raidmax,Cobra,850W Gold,,850d5f51-16bb-4e4d-9fe9-f454a68d0412.json,BLACK,1,2,0,3,1,4,9,,,80+ Gold,False,ATX,,,,,,,140,,,,RX-850AEM,Full,850
85192fea-ae35-4ad2-997c-386988f5cdac,SeaSonic PRIME TX 1300 Black / Silver ATX 1300W Fully Modular 80+ Titanium Certified,SeaSonic,PRIME,1300W Titanium,,85192fea-ae35-4ad2-997c-386988f5cdac.json,BLACK | GREY,1,0,0,0,0,0,16,,,80+ Titanium,False,ATX,B09RTGD4NZ,,,,,,210,,,,PRIME-TX-1300 | PRIME TX-1300,Full,1300
8556cd7b-22b8-4869-a2c6-bfe6dde59c65,Corsair VS450 450W Non-Modular 80+,Corsair,VS450,450W 80+,,8556cd7b-22b8-4869-a2c6-bfe6dde59c65.json,,1,1,0,4,0,2,6,,,80+,False,ATX,,,,,,,125,,,,CP-9020170-NA,Non-Modular,450
855ea6eb-e84c-4394-b1a4-11099c580b77,BitFenix BFG GOLD 650W Fully Modular 80+ Gold Certified,BitFenix,BFG,650W Gold,,855ea6eb-e84c-4394-b1a4-11099c580b77.json,BLACK,1,2,0,3,0,4,8,,,80+ Gold,False,ATX,,,,,,,140,,,,BP-BGA650UMAG,Full,650
856f6e53-dcaa-42f6-bfde-520555265116,SeaSonic M12II ATX 430W Non-Modular 80+ Bronze Certified,SeaSonic,M12II,430W Bronze,,856f6e53-dcaa-42f6-bfde-520555265116.json,,1,1,0,3,0,1,6,,,80+ Bronze,False,ATX,,,,,,,139,,,,S12II 430B,Non-Modular,430
8570777f-a568-455e-8cd6-a63ace0d1454,Asus ROG STRIX 1000P GAMING White 1000W Fully Modular 80+ Platinum,Asus,ROG,1000W Platinum,,8570777f-a568-455e-8cd6-a63ace0d1454.json,WHITE,1,0,0,0,0,0,6,,,80+ Platinum,False,ATX,,,,,,,160,,,,ROG-STRIX-1000P-GAMING-WHITE,Full,1000
85891574-4f58-41f3-bc45-9f7b4f477415,Cooler Master V650 V2 White 650W Fully Modular 80+ Gold,Cooler Master,V650,650W Gold,,85891574-4f58-41f3-bc45-9f7b4f477415.json,WHITE,1,2,0,4,0,4,8,,,80+ Gold,False,ATX,B08FKRZ2SK,,,,N82E16817171167,104816036,160,,,,MPY-650V-AGBAG-US | MPY-650V-AGBAG-TW | MPY-650V-AGBAG-ST | MPY-650V-AGBAG-WO | MPY-650V-AGBAG-EU | MPY-650V-AGBAG-AU | MPY-650V-AGBAG-IN | MPY-650V-AGBAG-UK | MPY-650V-AGBAG-KR | MPY-650V-AGBAG-BR | MPY-650V-AGBAG-JP,Full,650
8589c32b-c0de-403b-8f9e-dffc406dc345,Corsair CX650M Black (2021) ATX 650W Semi-Modular 80+ Bronze Certified,Corsair,CX650M,650W Bronze,,8589c32b-c0de-403b-8f9e-dffc406dc345.json,BLACK,1,0,0,0,0,0,6,,,80+ Bronze,False,ATX,B093NTQJSF,6459240,,,N82E16817139275,351702054,140,,,,CP-9020221-NA | CP-9020221-UK | CP-9020221-EU | CP-9020221-AU | CP9020221NA,Semi-Modular,650
85aecba7-c972-41ec-84d6-eaef94420406,Sentey MBP HM Black 750W Semi-Modular 80+ Bronze Certified,Sentey,MBP,750W Bronze,,85aecba7-c972-41ec-84d6-eaef94420406.json,BLACK,1,1,0,4,0,4,6,,,80+ Bronze,False,ATX,,,,,,,140,,,,MBP750-HM,Semi-Modular,750
85b52844-7ff3-4874-bc81-7ad76725077d,Gigabyte PB500 500W Non-Modular 80+ Bronze Certified,Gigabyte,PB500,500W Bronze,,85b52844-7ff3-4874-bc81-7ad76725077d.json,,1,1,0,3,0,2,4,,,80+ Bronze,False,ATX,,,,,,,140,,,,PB500,Non-Modular,500
85bfad8c-731c-4e27-876b-950a4daefcde,Cooler Master GX III GOLD 750W Fully Modular 80+ Gold Certified,Cooler Master,GX,750W Gold,,85bfad8c-731c-4e27-876b-950a4daefcde.json,BLACK | PURPLE,1,2,0,4,1,3,8,,,80+ Gold,False,ATX,,,,,,,160,,,,MPX-7503-AFAG | MPX-7503-AFAG-BUS | MPX-7503-AFAG-BJP | MPX-7503-AFAG-BAU | MPX-7503-AFAG-BWO | MPX-7503-AFAG-BEU | MPX-7503-AFAG-BUK,Full,750
85c9bfaa-15b2-4e64-88cf-a122cca0fcef,Corsair VS350 Black ATX 350W Non-Modular 80+ Certified,Corsair,VS350,350W 80+,,85c9bfaa-15b2-4e64-88cf-a122cca0fcef.json,BLACK,1,0,0,0,0,0,4,,,80+,False,ATX,B00LMBQD3O,,,,,,140,,,,CP-9020052-EU | CP-9020052-UK | CP-9020095-EU,Non-Modular,350
85d56729-7fe8-4732-85cf-54c9d5deee26,Cooler Master MWE Gold V3 Black 750W Non-Modular 80+ Gold Certified ATX,Cooler Master,MWE,750W Gold,,85d56729-7fe8-4732-85cf-54c9d5deee26.json,BLACK,1,0,0,0,0,0,6,,,80+ Gold,False,ATX,,,,,,,140,,,,MPE-7506-ACAG-BUS | MPE-7506-ACAG-BEU | MPE-7506-ACAG-BUK | MPE-7506-ACAG-BAU,Non-Modular,750
85e2a0ad-9dbc-420c-aa3c-1ac292fa70d8,SeaSonic X ATX 750W Fully Modular 80+ Gold Certified,SeaSonic,X,750W Gold,,85e2a0ad-9dbc-420c-aa3c-1ac292fa70d8.json,,1,2,0,5,0,4,10,,,80+ Gold,False,ATX,,,,,,,160,,,,SS-750KM3 | X750 GOLD | X-750 SS-750KM3 ACTIVE P | X-750 KM3 (SS-750KM F3),Full,750
860ca22a-b4bc-45d9-b7eb-50394dbd5355,EVGA 400 N1 400W Non-Modular,EVGA,400,400W ,,860ca22a-b4bc-45d9-b7eb-50394dbd5355.json,,1,0,0,0,0,0,4,,,,False,ATX,B00LV8TZAG,,,,N82E16817438038,38685125,140,,,,100-N1-0400-L1 | 100-N1-0400-L2,Non-Modular,400
8614e902-6106-4977-87bb-b7064f2103be,GameMax RGB Rainbow 850 W 80+ Gold Certified Fully Modular ATX Power Supply,GameMax,RGB,Rainbow,2021,8614e902-6106-4977-87bb-b7064f2103be.json,,1,2,0,3,0,2,8,,,80+ Gold,False,ATX,B088QYVBBH,5597201,,,,,165,,,,RGB-850,Full,850
861a5ea7-d7be-4300-b1bd-b793431809a2,Thermaltake Toughpower iRGB PLUS 850W Fully Modular 80+ Gold Certified,Thermaltake,Toughpower,850W Gold,,861a5ea7-d7be-4300-b1bd-b793431809a2.json,BLACK,1,2,0,4,0,6,12,,,80+ Gold,False,ATX,,,,,,,160,,,,PS-TPI-0850F3FDGU-1,Full,850
864079aa-d501-4db2-9d54-05c275e7d91d,Thermaltake Toughpower Grand 1200W Fully Modular 80+ Platinum Certified,Thermaltake,Toughpower,1200W Platinum,,864079aa-d501-4db2-9d54-05c275e7d91d.json,,1,2,0,8,0,8,12,,,80+ Platinum,False,ATX,,,,,,,180,,,,PS-TPG-1200FPCPUS-P,Full,1200
86463cdb-c8e4-4ccc-8e46-da861c6d500e,OCZ ZX ATX 1000W Fully Modular 80+ Gold Certified,OCZ,ZX,1000W Gold,,86463cdb-c8e4-4ccc-8e46-da861c6d500e.json,,1,2,0,9,0,6,12,,,80+ Gold,False,ATX,,,,,,,175,,,,OCZ-ZX1000W,Full,1000
864f6671-7386-4ac6-8b0e-c4bbc2be6b0d,Asus ROG LOKI Black / Silver SFX 850W Fully Modular 80+ Platinum Certified,Asus,ROG,850W Platinum,,864f6671-7386-4ac6-8b0e-c4bbc2be6b0d.json,BLACK | GREY,1,0,0,0,0,0,6,,,80+ Platinum,False,SFX,B0BZFPPT6C,,,,N82E16817320031,3533962387,125,,,,90YE00N3-B0NA00 | rog-loki-850p-sfx-l-gaming | rog-loki-850p-sfx-l | ROG-LOKI-850P-SFX-L-GAMING,Full,850
865bd663-5004-4ddf-a570-46d27fc5cdba,be quiet! System Power 9 Black 700W Semi-Modular 80+ Bronze,be quiet!,System,700W Bronze,,865bd663-5004-4ddf-a570-46d27fc5cdba.json,BLACK,1,1,0,2,0,4,10,,,80+ Bronze,False,ATX,B07V6MCGG5,,,,,,140,,,,BN303,Semi-Modular,700
868b22cf-3665-4d40-9034-fba1ad961ca1,Thermalright TG Black 1200W Fully Modular 80+ Gold Certified,Thermalright,TG,1200W Gold,,868b22cf-3665-4d40-9034-fba1ad961ca1.json,BLACK,1,1,0,5,1,4,10,,,80+ Gold,False,ATX,,,,,,,140,,,,TG-1200 | TR-TG-1200,Full,1200
86a3ac70-0e68-4352-8aba-f770ac0e46b2,Montech APX Black ATX 750W Non-Modular 80+ Certified,Montech,APX,750W 80+,,86a3ac70-0e68-4352-8aba-f770ac0e46b2.json,BLACK,1,0,0,0,0,0,6,,,80+,False,ATX,B0D7ZCT11Q,,,,,,140,,,,APX 750W,Non-Modular,750
86a95da4-115d-4375-a073-6aa70a794b78,Thermaltake Toughpower GT 1000W Black,Thermaltake,Toughpower,,,86a95da4-115d-4375-a073-6aa70a794b78.json,,,,,,,,,,,80+ Gold,,ATX,,,,,,,,,,Black,,Full,1000
86a97631-ae9c-4813-8118-67c3c1d3c450,GIGABYTE P650B GP-P650B 650 W,Gigabyte,P650B,,0,86a97631-ae9c-4813-8118-67c3c1d3c450.json,,1,1,1,3,0,4,6,,,80+ Bronze,False,ATX,B079SSKYWB,,,,9SIA7ABDSW6872,297530029,140,,,,GP-P650B,Non-Modular,650
86cba8c3-a9c0-4559-ba1d-e0c37c1cadcd,Razer Katana Chroma Black 850W 80+ Platinum Certified Fully Modular,Razer,Katana,850W Platinum,,86cba8c3-a9c0-4559-ba1d-e0c37c1cadcd.json,BLACK,1,2,0,4,0,4,8,,,80+ Platinum,False,ATX,B0B6Y8Y1RL,,,,N82E16817954001,13328668113,160,,,,RC21-01840200-R3UT | RC21-01840200-R3B1 | RC21-01840200-R3W1 | RC21-01840200-R351 | RC21-01840200-R3U1,Full,850
86eaedf0-e099-466c-86c8-4d40811c4876,Montech CENTURY MINI SFX 650W Fully Modular 80+ Gold Certified,Montech,CENTURY,650W Gold,,86eaedf0-e099-466c-86c8-4d40811c4876.json,BLACK,1,2,0,3,0,4,6,,,80+ Gold,False,SFX,,,,,,,100,,,,CENTURY MINI 650,Full,650
86ef42ac-0355-42c1-8244-807634118f04,Super Flower Leadex III Gold UP 650W Fully Modular 80+ Gold Certified ATX,Super Flower,Leadex,650W Gold,,86ef42ac-0355-42c1-8244-807634118f04.json,BLACK,1,2,0,4,1,2,6,,,80+ Gold,False,ATX,,,,,,,150,,,,SF-650F14GE,Full,650
872f0340-06e5-4b0a-b009-95a528a0f149,SeaSonic PRIME ATX 1000W Fully Modular 80+ Gold Certified,SeaSonic,PRIME,1000W Gold,,872f0340-06e5-4b0a-b009-95a528a0f149.json,BLACK,1,2,0,5,0,6,14,,,80+ Gold,False,ATX,B075M4FVPT,,,,,,170,,,,PRIME-GX-1000 | SSR-1000GD,Full,1000
8740ebf4-b54d-44d4-9bab-449fd1a67571,In Win Classic 750W Fully Modular 80+ Platinum Certified,In Win,Classic,750W Platinum,,8740ebf4-b54d-44d4-9bab-449fd1a67571.json,,1,2,0,6,0,4,6,,,80+ Platinum,False,ATX,,,,,,,165,,,,C750W,Full,750
875dea1d-7996-42c1-a95d-9b28ea634309,SeaSonic FOCUS GX-850 ATX 3.0 850W Fully Modular 80+ Gold Certified,SeaSonic,FOCUS,850W Gold,,875dea1d-7996-42c1-a95d-9b28ea634309.json,BLACK,1,0,0,0,0,0,10,,,80+ Gold,False,ATX,B0C5B888CM,,,,,,140,,,,ATX3-FOCUS-GX-850 | FOCUS-GX-850-ATX30 | SSR-850FX3,Full,850
877ec617-8e7e-4fe0-a06f-1486adfda335,Montech TITAN White 850W Fully Modular 80+ Platinum Certified,Montech,TITAN,850W Platinum,,877ec617-8e7e-4fe0-a06f-1486adfda335.json,WHITE,1,2,0,4,1,2,12,,,80+ Platinum,False,ATX,B0DKVT2HFQ,,,,N82E16817959005,,160,,,,TITAN PLA 850W | TITAN PLA 850 | TITANPLA850WW,Full,850
878e10a2-450b-4eda-9c0b-fc130ec3c320,Silverstone DA1650 Gold Black / White 1650W Fully Modular 80+ Gold,Silverstone,DA1650,1650W Gold,,878e10a2-450b-4eda-9c0b-fc130ec3c320.json,BLACK | WHITE,1,4,0,6,0,12,16,,,80+ Gold,False,ATX,B08WWXNHZQ,,,,9SIBM22K852792,780320613,180,,,,SST-DA1650-G,Full,1650
87a3d787-4870-4a51-9a09-8e681bd7c1a8,Cooler Master Silent Pro M 700W 80+ Bronze Certified Fully Modular,Cooler Master,Silent,700W Bronze,,87a3d787-4870-4a51-9a09-8e681bd7c1a8.json,,1,1,0,5,0,2,9,,,80+ Bronze,False,ATX,,,,,,,150,,,,RS-700-AMBA-D3 | RS700-AMBAD3-US,Full,700
87cf7830-87db-4a9a-a9c7-348deaef97f2,KOLINK Classic Black / Red 600W Non-Modular 80+ Bronze Certified,KOLINK,Classic,600W Bronze,,87cf7830-87db-4a9a-a9c7-348deaef97f2.json,BLACK | RED,1,1,0,2,0,2,4,,,80+ Bronze,False,ATX,B07ZK29K8M,,,,,,160,,,,KL-600v2,Non-Modular,600
87e4726a-c39f-4116-96bf-630f4c777ad8,FSP Group ATX300-PA ATX 300W Non-Modular,FSP Group,ATX300-PA,300W ,,87e4726a-c39f-4116-96bf-630f4c777ad8.json,,1,0,0,4,0,0,1,,,,False,ATX,,,,,,,140,,,,ATX300-PA,Non-Modular,300
87e7e5d9-10a1-472d-a8ed-bb9fe765fcf7,Athena Power AP-MFATX50P8 Silver Flex ATX 500W Non-Modular 80+ Silver Certified,Athena Power,AP-MFATX50P8,500W Silver,,87e7e5d9-10a1-472d-a8ed-bb9fe765fcf7.json,GREY,1,1,0,2,0,2,3,,,80+ Silver,False,Flex ATX,B073JXM2K2,,,,N82E16817338120,999768300,152,,,,AP-MFATX50P8,Non-Modular,500
87f04659-d78e-4438-b506-c8f4a9078b49,EVGA 650 N1 650W Non-Modular,EVGA,650,650W ,,87f04659-d78e-4438-b506-c8f4a9078b49.json,,1,0,0,0,0,0,6,,,,False,ATX,B01LYRXRDI,,,,N82E16817438106,103124335,140,,,,100-N1-0650-L1 | 100-N1-0650-L2,Non-Modular,650
87f2a568-5c9f-4eed-93da-a9d509be3c24,Phanteks AMP Black 1000W Fully Modular 80+ Gold Certified,Phanteks,AMP,1000W Gold,,87f2a568-5c9f-4eed-93da-a9d509be3c24.json,BLACK,1,2,0,5,0,6,10,,,80+ Gold,False,ATX,,,,,,,140,,,,PH-P1000G | PH-P1000G_BK,Full,1000
87f84278-f604-4120-a30c-480156477646,XFX P1-850S-CAB9 ATX 850W 80+ Bronze Certified Non-Modular,XFX,P1-850S-CAB9,850W Bronze,,87f84278-f604-4120-a30c-480156477646.json,,1,1,0,7,0,2,11,,,80+ Bronze,False,ATX,,,,,,,170,,,,P1-850S-CAB9,Non-Modular,850
87fba158-94ff-49c9-bf45-a195f127ce01,EVGA SuperNOVA 850 G+ 850W Fully Modular 80+ Gold,EVGA,SuperNOVA,850W Gold,,87fba158-94ff-49c9-bf45-a195f127ce01.json,,1,2,0,6,0,6,9,,,80+ Gold,False,ATX,B0797D6G5R,6459364,,,9SIAMG8K7W3769,381054999,180,,,,120-GP-0850-X1 | 120-GP-0850-X2 | 120-GP-0850-X3,Full,850
880a024c-7621-44fe-af13-b8df6fb49b89,ASRock Phantom Gaming PG-750G Black 750W Fully Modular 80+ Gold Certified ATX,ASRock,Phantom,750W Gold,,880a024c-7621-44fe-af13-b8df6fb49b89.json,BLACK,1,2,0,3,1,3,9,,,80+ Gold,False,ATX,B0DG78SHF2,,,,N82E16817955007,15559563213,150,,,,PG-750G | 90-UXP075-GFUAAB,Full,750
88355cc0-36de-4bfe-9999-46c7111cd002,Corsair CX (2023) 750W Non-Modular 80+ Bronze,Corsair,CX,750W Bronze,,88355cc0-36de-4bfe-9999-46c7111cd002.json,BLACK,1,0,0,0,0,0,3,,,80+ Bronze,False,ATX,B0CQMJN49P,,,,N82E16817139323,5253384003,125,,,,CP-9020279-NA | CP-9020279-EU | CP-9020279-AU | CP-9020279-WW | CP-9020279-UK,Non-Modular,750
884ab706-3031-4c5d-8693-268f0905cd29,FSP Group VITA BD 650W Non-Modular 80+ Bronze Certified,FSP Group,VITA,650W Bronze,,884ab706-3031-4c5d-8693-268f0905cd29.json,BLACK,1,0,0,0,0,0,6,,,80+ Bronze,False,ATX,,,,,,,140,,,,VITA-650BD,Non-Modular,650
8865ae80-2d91-46aa-bbce-9fa84ea41fb6,Ultra LSP ATX 550W Non-Modular,Ultra,LSP,550W ,,8865ae80-2d91-46aa-bbce-9fa84ea41fb6.json,,1,1,0,4,0,0,6,,,,False,ATX,,,,,,,,,,,U12-42505,Non-Modular,550
886c5b1d-d595-471e-b9de-1a2d55dee41e,Enermax MarbleBron White 850W Semi-Modular 80+ Bronze Certified,Enermax,MarbleBron,850W Bronze,,886c5b1d-d595-471e-b9de-1a2d55dee41e.json,WHITE,1,2,0,4,0,4,8,,,80+ Bronze,False,ATX,,,,,,,140,,,,EMB850EWT-W,Semi-Modular,850
888711bd-5917-4bf4-a9b5-955a2e6f4b4c,Fractal Design Integra M 550W 80+ Bronze Certified Semi-Modular ATX,Fractal Design,Integra,550W Bronze,,888711bd-5917-4bf4-a9b5-955a2e6f4b4c.json,,1,1,0,2,0,2,5,,,80+ Bronze,False,ATX,,,,,,,140,,,,FD-PSU-IN3B-550W,Semi-Modular,550
88a31ed1-9a96-4383-a357-897819f0a7ed,XFX TS 550W Non-Modular 80+ Gold Certified ATX,XFX,TS,550W Gold,,88a31ed1-9a96-4383-a357-897819f0a7ed.json,,1,2,0,4,0,2,8,,,80+ Gold,False,ATX,,,,,,,,,,,P1-550G-TS3X,Non-Modular,550
88b8542d-e599-4ea9-a2d0-a9d976d5d866,Corsair CX600M ATX 600W Semi-Modular 80+ Bronze Certified,Corsair,CX600M,600W Bronze,,88b8542d-e599-4ea9-a2d0-a9d976d5d866.json,,1,1,0,4,0,2,6,,,80+ Bronze,False,ATX,B00ALYOPSS,,,,,,140,,,,CX600M | CP-9020060-NA | CP-9020060-UK | CMPSU-600CXM | CP-9020060-AU | FBA_CP-9020060-NA,Semi-Modular,600
88d01832-f1e4-4dcb-811b-be3a07a20ba0,Thermaltake Toughpower Grand RGB 750 SE Black 750W Fully Modular 80+ Gold,Thermaltake,Toughpower,750W Gold,,88d01832-f1e4-4dcb-811b-be3a07a20ba0.json,BLACK,1,1,0,4,0,4,9,,,80+ Gold,False,ATX,,,,,,,160,,,,PS-TPG-0750FPCGUS-S,Full,750
88d7a0d1-d84e-41fd-a106-f423f9ac7e2a,Lian Li PE SFX 750W Fully Modular 80+ Platinum Certified,Lian Li,PE,750W Platinum,,88d7a0d1-d84e-41fd-a106-f423f9ac7e2a.json,,1,1,0,3,0,2,12,,,80+ Platinum,False,SFX,,,,,,,130,,,,PE-750,Full,750
88fbec7e-5185-4a9b-af1c-cfedd0edf37f,Thermaltake Smart ATX 530W Non-Modular 80+ Certified,Thermaltake,Smart,530W 80+,,88fbec7e-5185-4a9b-af1c-cfedd0edf37f.json,,1,1,0,4,0,2,6,,,80+,False,ATX,,,,,,,139,,,,SP-530P,Non-Modular,530
891b69f9-5122-47b1-8e7e-5af5483a9160,SeaSonic SS-750HT Silver 750W Non-Modular 80+ Silver Certified,SeaSonic,SS-750HT,750W Silver,,891b69f9-5122-47b1-8e7e-5af5483a9160.json,,1,2,0,6,0,2,9,,,80+ Silver,False,ATX,,,,,,,160,,,,SS-750HT Silver,Non-Modular,750
89333e69-2346-4d94-9823-7e2d3ec4dac3,EVGA SuperNOVA 850 GA 850W 80+ Gold Fully Modular,EVGA,SuperNOVA,850W Gold,,89333e69-2346-4d94-9823-7e2d3ec4dac3.json,,1,2,0,4,0,4,9,,,80+ Gold,False,ATX,B01LXH982W,,,,,,180,,,,220-GL-0850-X1 | 220-GL-0850-X2 | 220-GL-0850-X3,Full,850
893c83e4-5d68-4b43-b0fa-6f45418aef4f,EVGA SuperNOVA 850 GA 850W Fully Modular 80+ Gold Certified,EVGA,SuperNOVA,850W Gold,,893c83e4-5d68-4b43-b0fa-6f45418aef4f.json,BLACK,1,2,0,4,0,6,9,,,80+ Gold,False,ATX,B07WSXQTD9,,,,9SIB8AKKCT9707,744875137,150,,,,220-GA-0850-X1,Full,850
89411112-8336-49c5-9c8c-3e3aeeca6094,Athena Power AP-P4ATX55FEC 550W Non-Modular,Athena Power,AP-P4ATX55FEC,550W ,,89411112-8336-49c5-9c8c-3e3aeeca6094.json,,1,0,0,0,0,0,0,,,,False,ATX,,,,,,,,,,,AP-P4ATX55FEC,Non-Modular,550
8944c3c9-78fb-44da-8374-9bdb8b60bcff,Thermaltake Toughpower SFX 450W Fully Modular 80+ Gold Certified,Thermaltake,Toughpower,450W Gold,,8944c3c9-78fb-44da-8374-9bdb8b60bcff.json,BLACK,1,1,0,2,0,2,3,,,80+ Gold,False,SFX,,,,,,,100,,,,PS-STP-0450FPCGUS-G,Full,450
8944fd48-2ea2-4b38-bead-81a7aae91250,Cooler Master G600 Black ATX 600W Non-Modular 80+ Gold Certified,Cooler Master,G600,600W Gold,,8944fd48-2ea2-4b38-bead-81a7aae91250.json,BLACK,1,0,0,0,0,0,6,,,80+ Gold,False,ATX,B09HZD4MXK,,,,,,140,,,,MPW-6001-ACAAG-US | MPW-6001-ACAAG-WO | MPW-6001-ACAAG-UK | MPW-6001-ACAAG-TW | MPW-6001-ACAAG-BR | MPW-6001-ACAAG-AU | MPW-6001-ACAAG-IN | MPW-6001-ACAAG-ST | MPW-6001-ACAAG-EU | MPW-6001-ACAAG-JP | MPW-6001-ACAAG-KR,Non-Modular,600
894f9bb1-d9c0-4ff6-982d-984599f4d123,Deepcool PL750D Black 750W Non-Modular 80+ Bronze Certified,DeepCool,PL750D,750W Bronze,,894f9bb1-d9c0-4ff6-982d-984599f4d123.json,BLACK,1,0,0,0,0,0,8,,,80+ Bronze,False,ATX,,,,,,,140,,,,R-PL750D-FC0B-US | R-PL750D-FC0B-UK | R-PL750D-FC0B-WO | R-PL750D-FC0B-IN | R-PL750D-FC0B-EU | R-PL750D-FC0B-AU | R-PL750D-FC0B-JP,Non-Modular,750
895e7987-8f9f-4545-a5ec-007b5aa1aa41,Rosewill Tachyon Black 1200W Fully Modular 80+ Platinum Certified,Rosewill,Tachyon,1200W Platinum,,895e7987-8f9f-4545-a5ec-007b5aa1aa41.json,BLACK,1,0,0,0,0,0,16,,,80+ Platinum,False,ATX,,,,,,,180,,,,TACHYON Series,Full,1200
896c60d7-f83c-40df-9298-0bc5e8d74ec2,Xilence XP850MR9 ATX 850W Semi-Modular 80+ Gold Certified,Xilence,XP850MR9,850W Gold,,896c60d7-f83c-40df-9298-0bc5e8d74ec2.json,BLACK | RED,1,1,0,4,0,4,8,,,80+ Gold,False,ATX,,,,,,,150,,,,XN074,Semi-Modular,850
897cf1b0-489f-44a6-8dea-b9b64900c48c,EVGA GE Black ATX 700W Non-Modular 80+ Gold Certified,EVGA,GE,700W Gold,,897cf1b0-489f-44a6-8dea-b9b64900c48c.json,BLACK,1,1,0,3,0,4,6,,,80+ Gold,False,ATX,B0C1ZX7P1W,,,,9SIA6ZPJUP7616,2448718335,140,,,,200-GE-0700-V1,Non-Modular,700
899d2d6d-7920-4e58-8759-02d5d888e1b0,be quiet! Straight Power 10 CM 800W Semi-Modular 80+ Gold,be quiet!,Straight,800W Gold,,899d2d6d-7920-4e58-8759-02d5d888e1b0.json,,1,1,0,4,0,4,11,,,80+ Gold,False,ATX,,,,,,,160,,,,BN237 | BN637,Semi-Modular,800
89b5c757-f093-407b-ab1c-1c98b099549d,SeaSonic PRIME 1300 Gold Black 1300W 80+ Gold Fully Modular,SeaSonic,PRIME,1300W Gold,,89b5c757-f093-407b-ab1c-1c98b099549d.json,BLACK,1,2,0,5,0,12,12,,,80+ Gold,False,ATX,B0787HCJY1,,,,,,170,,,,SSR-1300GD | PRIME-GX-1300,Full,1300
89c73db0-2aba-46e5-a345-898ceadc3ec8,CoolMax ZX-500 ATX 500W Non-Modular 80+ Certified,CoolMax,ZX-500,500W 80+,,89c73db0-2aba-46e5-a345-898ceadc3ec8.json,,1,0,0,0,0,0,5,,,80+,False,ATX,B0075WFDYO,,,,,,165,,,,ZX-500,Non-Modular,500
89c8c3b2-5009-4d88-8b4c-d0459ce5c30d,Deepcool DQ650ST ATX 650W Non-Modular 80+ Gold,DeepCool,DQ650ST,650W Gold,,89c8c3b2-5009-4d88-8b4c-d0459ce5c30d.json,,1,1,0,3,0,4,5,,,80+ Gold,False,ATX,,,,,,,140,,,,DQ650ST,Non-Modular,650
89cfffc4-c2db-4c8f-9736-c71f3305a43a,SeaSonic FOCUS Black 500W 80+ Gold Certified Semi-Modular ATX,SeaSonic,FOCUS,500W Gold,,89cfffc4-c2db-4c8f-9736-c71f3305a43a.json,BLACK,1,1,0,3,0,2,4,,,80+ Gold,False,ATX,,,,,,,140,,,,FOCUS-GM-500,Semi-Modular,500
89d8fea9-6aaf-4f87-9281-bd8b80ead5ad,SeaSonic Electronics Prime Snow Silent 750 Titanium SSR-750TR 750W 80+ Titanium ATX12V & EPS12V Full Modular 135mm FDB Fan Power On Self Tester 12 Year Warranty Power Supply Color White,SeaSonic,PRIME SNOW SILENT,750 Titanium,2022,89d8fea9-6aaf-4f87-9281-bd8b80ead5ad.json,,1,1,0,3,0,0,4,,,80+ Titanium,False,ATX,B07BYX1SL9,,,,,,170,,,,PRIME SNOW SILENT750,Full,750
89da0d2f-bbd4-4151-938b-282d87c6c860,SHARKOON Rebel P20 Black 750W Fully Modular ATX,SHARKOON,Rebel,750W ,,89da0d2f-bbd4-4151-938b-282d87c6c860.json,BLACK,1,2,0,1,1,4,11,,,,False,ATX,,,,,,,140,,,,Rebel P20 750,Full,750
89ef24df-deda-4de7-b781-abe9eb2bb16e,Apevia Prestige Black ATX 1000W Non-Modular 80+ Gold Certified,Apevia,Prestige,1000W Gold,,89ef24df-deda-4de7-b781-abe9eb2bb16e.json,BLACK,1,1,0,4,0,2,7,,,80+ Gold,False,ATX,B08XMZSK3W,,,,,,160,,,,ATX-PR1000W | ATX-PR1000,Non-Modular,1000
89f5511d-2b8c-4ac8-8712-f17fc70afc89,Corsair RM550x (2018) ATX 550W Fully Modular 80+ Gold Certified,Corsair,RM550x,550W Gold,,89f5511d-2b8c-4ac8-8712-f17fc70afc89.json,BLACK | GREY,1,1,0,4,0,2,6,,,80+ Gold,False,ATX,,,,,,,160,,,,CP-9020177-NA | CP-9020177-UK | CP-9020177-EU,Full,550
8a2e154a-f3ee-43d5-a1c3-c401c1f90fb4,Lian Li EDGE 1000W 80+ Platinum Certified Fully Modular ATX,Lian Li,EDGE,1000W Platinum,,8a2e154a-f3ee-43d5-a1c3-c401c1f90fb4.json,BLACK,1,0,0,0,0,0,12,,,80+ Platinum,False,ATX,,,,,1HU-01PP-00008,,182,,,,EG1000 | EG1000 Black,Full,1000
8a46d37c-b469-4efd-b67c-51191621b73f,ARESGAME AGV Series 500W Power Supply,ARESGAME,AGV,,0,8a46d37c-b469-4efd-b67c-51191621b73f.json,,1,0,0,0,0,0,0,,,80+ Bronze,False,ATX,,,,,,,0,,,,B0BDCKFJJT,Non-Modular,500
8a4e5378-e6cc-4181-9ad6-1f9ed2e61c35,EVGA 460 BP Black ATX 460W Non-Modular 80+ Bronze Certified,EVGA,460,460W Bronze,,8a4e5378-e6cc-4181-9ad6-1f9ed2e61c35.json,BLACK,1,1,0,3,0,2,6,,,80+ Bronze,False,ATX,B08N3XBX19,,,,,724003394,120,,,,100-BP-0460-K1,Non-Modular,460
8a554dab-2ae3-4510-b782-d4ba06efdb16,be quiet! TFX Power 3 Black TFX 300W Non-Modular 80+ Gold Certified,be quiet!,TFX,300W Gold,,8a554dab-2ae3-4510-b782-d4ba06efdb16.json,BLACK,1,0,0,2,0,1,3,,,80+ Gold,False,TFX,B0937HPKFT,,,,,,175,,,,BN323,Non-Modular,300
8a610fb0-f4ba-419e-a2c9-573ae196d48d,Deepcool PN650M White 650W Fully Modular 80+ Gold Certified ATX,DeepCool,PN650M,650W Gold,,8a610fb0-f4ba-419e-a2c9-573ae196d48d.json,WHITE,1,2,0,2,1,3,8,,,80+ Gold,False,ATX,,,,,,,140,,,,R-PN650M-FC0W-US | R-PN650M-FC0W-UK | PN650M WH | R-PN650M-FC0W-EU | R-PN650M-FC0W-WO,Full,650
8a657a97-8f53-40a4-ae39-517680347caa,ADATA XPG PYLON Black 750W Non-Modular 80+ Bronze,ADATA,XPG,750W Bronze,,8a657a97-8f53-40a4-ae39-517680347caa.json,BLACK,1,0,0,0,0,0,8,,,80+ Bronze,False,ATX,B08G7SGCZR,,,,,,140,,,,PYLON750B-BKCUS | PYLON750B-BKCAR | PYLON750B-BKCAU | PYLON750B-BKCBR | PYLON750B-BKCCN | PYLON750B-BKCEU | PYLON750B-BKCGB | PYLON750B-BKCJP | PYLON750B-BKCKR | PYLON750B-BKCTW | PYLON750B-BKCZA | 75260140 | PYLON 750,Non-Modular,750
8a667ef1-e444-476b-a55a-3a2b89f78bdc,MSI MPG A750G PCIE5 750W Fully Modular 80+ Gold ATX,MSI,MPG,750W Gold,,8a667ef1-e444-476b-a55a-3a2b89f78bdc.json,BLACK,1,2,0,4,1,6,8,,,80+ Gold,False,ATX,B0B434JDXG,,,,N82E16817701020,2784873763,150,,,,MPG A750G PCIE5 | 306-7ZP7A11-CE0,Full,750
8a7d254d-524e-4123-b1ad-898919a2d682,EVGA SuperNOVA 1300 G+ 1300W 80+ Gold Fully Modular,EVGA,SuperNOVA,1300W Gold,,8a7d254d-524e-4123-b1ad-898919a2d682.json,BLACK,1,2,0,6,0,8,12,,,80+ Gold,False,ATX,B08DZY15CW,,,,N82E16817438190,312402485,200,,,,220-GP-1300-X1,Full,1300
8a850821-f89f-4155-963d-0da52eeeaac6,CoolMax ZPG-500B ATX 500W Non-Modular 80+ Gold Certified,CoolMax,ZPG-500B,500W Gold,,8a850821-f89f-4155-963d-0da52eeeaac6.json,,1,1,0,3,0,2,6,,,80+ Gold,False,ATX,,,,,,,165,,,,ZPG-500B,Non-Modular,500
8a9eb1e5-1797-474a-bfa7-e23da7352af1,Fractal Design Newton R3 800W Semi-Modular 80+ Platinum Certified,Fractal Design,Newton,800W Platinum,,8a9eb1e5-1797-474a-bfa7-e23da7352af1.json,,1,2,0,4,0,4,9,,,80+ Platinum,False,ATX,,,,,,,165,,,,FD-PSU-NT3B-800W,Semi-Modular,800
8aa03af8-bfd6-4bc9-a0c3-2c996b695020,RAIJINTEK CRATOS 1200W Fully Modular 80+ Gold Certified,RAIJINTEK,CRATOS,1200W Gold,,8aa03af8-bfd6-4bc9-a0c3-2c996b695020.json,WHITE,1,2,0,4,1,4,8,,,80+ Gold,False,ATX,,,,,,,140,,,,0R30B00004 | CRATOS 1200 WHITE,Full,1200
8ad1ab0f-622e-4a72-bd66-02be27825f49,Asus ROG-STRIX-850G-GUNDAM-EDITION White 850W Fully Modular 80+ Gold,Asus,ROG-STRIX-850G-GUNDAM-EDITION,850W Gold,,8ad1ab0f-622e-4a72-bd66-02be27825f49.json,WHITE,1,2,0,6,0,6,8,,,80+ Gold,False,ATX,,,,,,,160,,,,rog-strix-850g-gundam-edition | 90YE00A6-B0NA00,Full,850
8adfbef3-4f40-40cc-88d4-50ff58684f03,Super Flower LEADEX VII XG Black 1000W Fully Modular 80+ Gold Certified,Super Flower,LEADEX,1000W Gold,,8adfbef3-4f40-40cc-88d4-50ff58684f03.json,BLACK,1,0,0,0,0,0,12,,,80+ Gold,False,ATX,B0CYTJ5YLS,,,,1HU-024C-00056,,150,,,,SF-1000F14XG,Full,1000
8ae03fcf-a9c2-442a-9488-dcd5c316b3a6,Inter-Tech Argus RGB CM II RGB 750W Semi-Modular 80+ Gold Certified,Inter-Tech,Argus,750W Gold,,8ae03fcf-a9c2-442a-9488-dcd5c316b3a6.json,BLACK,1,0,0,0,0,0,8,,,80+ Gold,False,ATX,B0897W7HBW,,,,,,160,,,,88882174,Semi-Modular,750
8ae42a29-3dfa-4caf-8236-d0c4f73ee8d8,Enermax EPM1200EWT 1200W 80+ Platinum Certified Fully Modular,Enermax,EPM1200EWT,1200W Platinum,,8ae42a29-3dfa-4caf-8236-d0c4f73ee8d8.json,,1,0,0,0,0,0,14,,,80+ Platinum,False,ATX,,,,,,,,,,,EPM1200EWT,Full,1200
8afabc26-8dde-49c4-b8fc-d63dcd37a4c2,Antec Earthwatts Green 500W Non-Modular 80+ Certified,Antec,Earthwatts,500W 80+,,8afabc26-8dde-49c4-b8fc-d63dcd37a4c2.json,,1,1,0,4,0,1,5,,,80+,False,ATX,B0084EQRKG,,,,,,140,,,,EA500D | EA-500D,Non-Modular,500
8b0b35bd-2e03-4471-a476-a9e221d7d8da,Enermax Platimax Black 1000W Semi-Modular 80+ Platinum Certified,Enermax,Platimax,1000W Platinum,,8b0b35bd-2e03-4471-a476-a9e221d7d8da.json,BLACK,1,2,0,8,0,6,12,,,80+ Platinum,False,ATX,,,,,,,175,,,,EPM1000EWT,Semi-Modular,1000
8b3463f5-89a8-4830-8e87-4cbbe3d2bc03,KOLINK Continuum Black 850W Fully Modular 80+ Platinum Certified,KOLINK,Continuum,850W Platinum,,8b3463f5-89a8-4830-8e87-4cbbe3d2bc03.json,BLACK,1,2,0,6,0,6,8,,,80+ Platinum,False,ATX,,,,,,,180,,,,KL-C850PL,Full,850
8b45e08e-ef56-4588-a6ef-dae1a9039abe,SeaSonic PRIME Ultra Titanium 850W 80+ Titanium Fully Modular,SeaSonic,PRIME,850W Titanium,,8b45e08e-ef56-4588-a6ef-dae1a9039abe.json,,1,2,0,5,0,6,10,,,80+ Titanium,False,ATX,,,,,,,170,,,,SSR-850TR,Full,850
8b465786-8499-4b65-a893-432b462a0484,Asus ROG Strix Aura Edition Black 1200W Fully Modular 80+ Gold Certified,Asus,ROG,1200W Gold,,8b465786-8499-4b65-a893-432b462a0484.json,BLACK,1,0,0,0,0,0,5,,,80+ Gold,False,ATX,B0C65T6F8N,,,,N82E16817320044,,180,,,,90YE00P0-B0NA00 | rog-strix-1200g-aura-gaming,Full,1200
8b64aa32-3d5f-4b5d-8902-453e756969dd,Cooler Master V 550W Semi-Modular 80+ Gold,Cooler Master,V,550W Gold,,8b64aa32-3d5f-4b5d-8902-453e756969dd.json,,1,1,0,3,0,2,6,,,80+ Gold,False,ATX,,,,,,,139,,,,RS-550-AMAA-G1,Semi-Modular,550
8b6c3aea-dfc5-47fa-864e-9406420c5cb7,Enermax Revolution D.F. Black / Silver 850W Fully Modular 80+ Gold Certified,Enermax,Revolution,850W Gold,,8b6c3aea-dfc5-47fa-864e-9406420c5cb7.json,BLACK | GREY,1,2,0,4,0,6,12,,,80+ Gold,False,ATX,B07P7XLVJG,,,,,207836804,160,,,,ERF850EWT | ERF850AWT,Full,850
8b6c5541-8a3f-49e2-a0b4-188c10c26fdb,Thermaltake Toughpower ATX 650W Non-Modular 80+ Gold Certified,Thermaltake,Toughpower,650W Gold,,8b6c5541-8a3f-49e2-a0b4-188c10c26fdb.json,,1,1,0,4,0,4,6,,,80+ Gold,False,ATX,,,,,,,139,,,,TP-650P,Non-Modular,650
8b729422-80c7-49bd-8baf-d6bf2c45ec25,Thermalright TGFX550 Black SFX 550W Fully Modular 80+ Gold Certified,Thermalright,TGFX550,550W Gold,,8b729422-80c7-49bd-8baf-d6bf2c45ec25.json,BLACK,1,1,0,3,0,2,6,,,80+ Gold,False,SFX,,,,,,,100,,,,TGFX550,Full,550
8b94e629-d116-4140-848b-e5c66461382c,SilentiumPC Supremo FM2 Black 650W Fully Modular 80+ Gold ATX,SilentiumPC,Supremo,650W Gold,,8b94e629-d116-4140-848b-e5c66461382c.json,BLACK,1,1,0,3,0,4,9,,,80+ Gold,False,ATX,,,,,,,160,,,,SPC168,Full,650
8b9d07ab-b648-4891-b6b2-a949d99cc7c6,Corsair CX850M 850W 80+ Bronze Certified Semi-Modular,Corsair,CX850M,850W Bronze,,8b9d07ab-b648-4891-b6b2-a949d99cc7c6.json,,1,0,0,0,0,0,8,,,80+ Bronze,False,ATX,,,,,,,160,,,,CP-9020099-NA | CP-9020099-EU | CMPSU-850CXM | CP-9020099-UK,Semi-Modular,850
8ba3946d-a9d6-4c64-88e6-987572ed0dcc,Cooler Master G450M ATX 450W Semi-Modular 80+ Bronze Certified,Cooler Master,G450M,450W Bronze,,8ba3946d-a9d6-4c64-88e6-987572ed0dcc.json,,1,1,0,3,0,2,6,,,80+ Bronze,False,ATX,,,,,,,140,,,,RS450-AMAAB1-EU,Semi-Modular,450
8ba748d0-88e8-4a0e-bceb-2c7b82402ba4,Cooler Master V850 Platinum Black 850W Fully Modular 80+ Platinum Certified ATX,Cooler Master,V850,850W Platinum,,8ba748d0-88e8-4a0e-bceb-2c7b82402ba4.json,BLACK,1,2,0,4,0,6,12,,,80+ Platinum,False,ATX,,,,,,,201,,,,MPZ-8501-AFBAPV-US,Full,850
8be4d13e-1318-4907-9791-ff9ee0c4e89c,Enermax EGX1250EWT ATX 1250W Semi-Modular 80+ Bronze Certified,Enermax,EGX1250EWT,1250W Bronze,,8be4d13e-1318-4907-9791-ff9ee0c4e89c.json,,1,2,0,6,0,2,4,,,80+ Bronze,False,ATX,,,,,,,189,,,,EGX1250EWT,Semi-Modular,1250
8c310dbe-3d38-47bd-9754-4132d5190f69,YEYIAN Thunder Black / Blue 650W Non-Modular 80+ Bronze Certified ATX,YEYIAN,Thunder,650W Bronze,,8c310dbe-3d38-47bd-9754-4132d5190f69.json,BLACK | BLUE,1,1,0,3,0,2,6,,,80+ Bronze,False,ATX,,,,,,,140,,,,YPE-PS650,Non-Modular,650
8c67e45d-17aa-409e-96a7-d6b1e3c61736,Chieftec Vega M Black / Blue 750W Fully Modular 80+ Gold,Chieftec,Vega,750W Gold,,8c67e45d-17aa-409e-96a7-d6b1e3c61736.json,BLACK | BLUE,1,0,0,0,0,0,6,,,80+ Gold,False,ATX,B0F2GQBD7F,,,,,,150,,,,PPG-750-C,Full,750
8c6b843f-e368-4ccd-9505-6579a9419bda,GameMax RGB Pro White 1050W Fully Modular 80+ Gold Certified,GameMax,RGB,1050W Gold,,8c6b843f-e368-4ccd-9505-6579a9419bda.json,WHITE,1,2,0,3,0,4,10,,,80+ Gold,False,ATX,B0CLGK2794,,,,,,170,,,,RGB1050-WHITE,Full,1050
8c6e7ac0-8095-4b44-9980-3ebfa03e3bbe,Super Flower SF-750F14TG Black 750W 80+ Gold Fully Modular ATX,Super Flower,SF-750F14TG,750W Gold,,8c6e7ac0-8095-4b44-9980-3ebfa03e3bbe.json,BLACK,1,2,0,4,0,6,9,,,80+ Gold,False,ATX,,,,,,,130,,,,SF-750F14TG,Full,750
8c784003-d606-4270-9965-0c6131bc1639,Corsair VS650 ATX 650W Non-Modular,Corsair,VS650,650W ,,8c784003-d606-4270-9965-0c6131bc1639.json,,1,1,0,4,0,2,4,,,,False,ATX,,,,,,,140,,,,CP-9020051-WW | CMPSU-VS650,Non-Modular,650
8c7ad56e-0a25-4ed8-aec9-36dbd69cc75d,Rosewill Green ATX 430W Non-Modular 80+ Certified,Rosewill,Green,430W 80+,,8c7ad56e-0a25-4ed8-aec9-36dbd69cc75d.json,,1,1,0,6,0,0,4,,,80+,False,ATX,B004GLBID2,,,,,,139,,,,RG430-S12,Non-Modular,430
8c7f1d1a-ffa9-4825-b2c1-4d3dea53e60e,Super Flower Legion GX Pro Black ATX 850W Semi-Modular 80+ Gold Certified,Super Flower,Legion,850W Gold,,8c7f1d1a-ffa9-4825-b2c1-4d3dea53e60e.json,BLACK,1,2,0,4,0,4,9,,,80+ Gold,False,ATX,,,,,,,160,,,,SF- 850P14XE,Semi-Modular,850
8c9d813e-7ea3-4ac2-be87-8bfd3f018846,Fractal Design Tesla R2 ATX Certified 650W Non-Modular 80+ Gold Certified,Fractal Design,Tesla,650W Gold,,8c9d813e-7ea3-4ac2-be87-8bfd3f018846.json,,1,1,0,2,0,2,6,,,80+ Gold,False,ATX,,,,,,,165,,,,FD-PSU-TS2W-650W,Non-Modular,650
8ca37fdc-5278-412e-9893-ab469f9e52cc,Xilence Performance A+ III Black / Red 550W Non-Modular 80+ Bronze Certified,Xilence,Performance,550W Bronze,,8ca37fdc-5278-412e-9893-ab469f9e52cc.json,BLACK | RED,1,1,0,3,0,2,6,,,80+ Bronze,False,ATX,,,,,,,140,,,,XN083,Non-Modular,550
8cbdc7ee-181d-4571-9875-1118d3ce40e3,Sentey SDP650-SS ATX 650W Non-Modular 80+ Certified,Sentey,SDP650-SS,650W 80+,,8cbdc7ee-181d-4571-9875-1118d3ce40e3.json,,1,1,0,5,0,1,6,,,80+,False,ATX,,,,,,,180,,,,SDP650-SS,Non-Modular,650
8cdf9936-7090-4e92-a873-2bfbdde106e2,SeaSonic M12II ATX 520W Fully Modular 80+ Bronze Certified,SeaSonic,M12II,520W Bronze,,8cdf9936-7090-4e92-a873-2bfbdde106e2.json,,1,2,0,6,0,1,6,,,80+ Bronze,False,ATX,,,,,,,160,,,,M12II 520 Bronze,Full,520
8ce64b01-f516-4317-b237-06f3bf3b9cf9,Super Flower LEADEX VII Platinum PRO 1000W Fully Modular 80+ Platinum Certified,Super Flower,LEADEX,1000W Platinum,,8ce64b01-f516-4317-b237-06f3bf3b9cf9.json,BLACK,1,0,0,0,0,0,12,,,80+ Platinum,False,ATX,B0CYTJ7BWP,,,,1HU-024C-00067,12682210963,150,,,,SF-1000F14XP | SF-1000F14XP(BK),Full,1000
8ce98ca5-ac80-45ad-a8bc-39936d0f2029,FSP Group Raider S 750W Non-Modular 80+ Silver Certified,FSP Group,Raider,750W Silver,,8ce98ca5-ac80-45ad-a8bc-39936d0f2029.json,,1,1,0,3,0,4,9,,,80+ Silver,False,ATX,,,,,,,140,,,,Raider S 750,Non-Modular,750
8ceb0ad4-9df3-426d-a058-b9ce456544f7,Aerocool XPredator GM 1000W Semi-Modular 80+ Gold Certified,Aerocool,XPredator,1000W Gold,,8ceb0ad4-9df3-426d-a058-b9ce456544f7.json,BLACK,1,1,0,6,0,8,10,,,80+ Gold,False,ATX,,,,,,,165,,,,Xpredator 1000GM,Semi-Modular,1000
8cf499e0-8ff1-4100-afcd-226fac65f560,EVGA SuperNOVA 1300 G2 1300W 80+ Gold Fully Modular,EVGA,SuperNOVA,1300W Gold,,8cf499e0-8ff1-4100-afcd-226fac65f560.json,,1,2,0,5,0,6,12,,,80+ Gold,False,ATX,B00COIZTZM,,,,,606242979,200,,,,120-G2-1300-XR | 120-G2-1300-X2 | 120-G2-1300-X3,Full,1300
8cfa7ca3-a1cf-4b78-a7ed-c749e5a6fbb8,Corsair SF750 (2018) SFX 750W Fully Modular 80+ Platinum Certified,Corsair,SF750,750W Platinum,,8cfa7ca3-a1cf-4b78-a7ed-c749e5a6fbb8.json,BLACK,1,0,0,0,0,0,8,,,80+ Platinum,False,SFX,,,,,,,100,,,,CP-9020186-NA | CP-9020186-EU | CP-9020186-UK | CP-9020186-AU,Full,750
8d114298-7be4-40e9-8d20-c1866af9144f,Rosewill Stallion 700W Non-Modular,Rosewill,Stallion,700W ,,8d114298-7be4-40e9-8d20-c1866af9144f.json,,1,1,0,2,0,1,8,,,,False,ATX,,,,,,,165,,,,RD700,Non-Modular,700
8d195b2e-1629-4846-980e-e85d2cd74a3f,XFX P1-650X-XXB9 650W 80+ Bronze Certified Semi-Modular,XFX,P1-650X-XXB9,650W Bronze,,8d195b2e-1629-4846-980e-e85d2cd74a3f.json,,1,2,0,5,0,4,8,,,80+ Bronze,False,ATX,,,,,,,,,,,P1-650X-XXB9,Semi-Modular,650
8d26ead2-99a1-47b1-9ac6-001ff7fe502d,Thermaltake Toughpower iRGB PLUS 750W Fully Modular 80+ Gold Certified ATX,Thermaltake,Toughpower,750W Gold,,8d26ead2-99a1-47b1-9ac6-001ff7fe502d.json,BLACK,1,1,0,4,0,4,9,,,80+ Gold,False,ATX,B07NPLLLQK,,,,N82E16817153399,209573084,160,,,,PS-TPI-0750F3FDGU-1,Full,750
8d339048-1df8-427e-a94e-ea01f3d6ed7b,Thermaltake Toughpower ATX 850W Semi-Modular 80+ Gold Certified,Thermaltake,Toughpower,850W Gold,,8d339048-1df8-427e-a94e-ea01f3d6ed7b.json,,1,2,0,8,0,6,12,,,80+ Gold,False,ATX,,,,,,,180,,,,PS-TPD-0850MPCGUS-1,Semi-Modular,850
8d3cc9b5-f43a-4059-bb69-faca47f3e71b,Chieftec Polaris 750W Fully Modular 80+ Gold Certified ATX,Chieftec,Polaris,750W Gold,,8d3cc9b5-f43a-4059-bb69-faca47f3e71b.json,BLACK,1,2,0,3,0,4,8,,,80+ Gold,False,ATX,,,,,,,140,,,,PPS-750FC,Full,750
8d4282f6-bb48-4b24-94dc-a357465b3bf6,LEPA MaxBron ATX 650W Semi-Modular 80+ Bronze Certified,LEPA,MaxBron,650W Bronze,,8d4282f6-bb48-4b24-94dc-a357465b3bf6.json,,1,1,0,4,0,2,7,,,80+ Bronze,False,ATX,,,,,,,139,,,,B650-MB,Semi-Modular,650
8d671d1e-29d1-408a-8b81-8c5f7125f2a7,Corsair CX550M (2021) 550W Semi-Modular 80+ Bronze Certified,Corsair,CX550M,550W Bronze,,8d671d1e-29d1-408a-8b81-8c5f7125f2a7.json,BLACK,1,1,0,4,0,2,6,,,80+ Bronze,False,ATX,,,,,,,140,,,,CP-9020220-NA | CP-9020220-EU | CP-9020220-UK | CP-9020220-AU,Semi-Modular,550
8d885c30-b692-4dbf-88ca-28478e405ec7,Enermax MaxTytan ATX 800W Fully Modular 80+ Titanium Certified,Enermax,MaxTytan,800W Titanium,,8d885c30-b692-4dbf-88ca-28478e405ec7.json,,1,2,0,4,0,6,12,,,80+ Titanium,False,ATX,,,,,,,180,,,,EMT800EWT,Full,800
8d987e2e-1aeb-48f8-be93-21170b1d091c,StarTech ATX2PW550WH 550W Non-Modular 80+,StarTech,ATX2PW550WH,550W 80+,,8d987e2e-1aeb-48f8-be93-21170b1d091c.json,,1,0,0,0,0,0,4,,,80+,False,ATX,,,,,,,140,,,,ATX2PW550WH,Non-Modular,550
8da32625-4429-4e46-919e-0bf13d2fffe8,Silverstone Essential Black 550W Semi-Modular 80+ Gold Certified,Silverstone,Essential,550W Gold,,8da32625-4429-4e46-919e-0bf13d2fffe8.json,BLACK,1,1,0,3,0,2,9,,,80+ Gold,False,ATX,,,,,N82E16817256204,,160,,,,SST-ET550-HG,Semi-Modular,550
8db02643-c7d9-4c2c-b21e-fbd52c5a2f6f,Rosewill VALENS-700M 700W 80+ Gold Certified Semi-Modular,Rosewill,VALENS-700M,700W Gold,,8db02643-c7d9-4c2c-b21e-fbd52c5a2f6f.json,,1,2,0,4,0,4,6,,,80+ Gold,False,ATX,,,,,,,160,,,,VALENS-700M,Semi-Modular,700
8dc66f0f-fd30-4d8d-a4b8-ab1279718056,Phanteks AMP ATX 550W Fully Modular 80+ Gold Certified,Phanteks,AMP,550W Gold,,8dc66f0f-fd30-4d8d-a4b8-ab1279718056.json,BLACK,1,2,0,3,0,2,6,,,80+ Gold,False,ATX,,,,,,,140,,,,PH-P550G_US01 | PH-P550G_AU01 | PH-P550G | PH-P550G_BK,Full,550
8dd00599-b609-4c23-a0ba-525132c7a179,Raidmax RX-635AP ATX 635W Semi-Modular 80+ Bronze Certified,Raidmax,RX-635AP,635W Bronze,,8dd00599-b609-4c23-a0ba-525132c7a179.json,,1,1,0,3,0,2,6,,,80+ Bronze,False,ATX,,,,,,,165,,,,RX-635AP,Semi-Modular,635
8dd4a378-6682-4708-af03-9b2cac87fdf8,Corsair TX650 V2 ATX 650W Non-Modular 80+ Bronze Certified,Corsair,TX650,650W Bronze,,8dd4a378-6682-4708-af03-9b2cac87fdf8.json,,1,1,0,8,0,2,8,,,80+ Bronze,False,ATX,,,,,,,160,,,,CMPSU-650TXV2 | CMPSU-650TXV2UK,Non-Modular,650
8dd5bf3a-b624-4693-9b0d-85ace00838a3,Lian Li EG850 Mesh 850W Fully Modular 80+ Gold Certified,Lian Li,EG850,850W Gold,,8dd5bf3a-b624-4693-9b0d-85ace00838a3.json,BLACK,1,2,0,4,1,3,12,,,80+ Gold,False,ATX,,,,,,,182,,,,EG850 Mesh,Full,850
8de8e34a-e1ab-4a85-b48d-a356934bfa09,Silverstone OP800 800W Non-Modular,Silverstone,OP800,800W ,,8de8e34a-e1ab-4a85-b48d-a356934bfa09.json,,1,1,0,6,0,0,6,,,,False,ATX,,,,,,,150,,,,OP800,Non-Modular,800
8dfc8f49-540c-4385-a3b9-996911807e00,Silverstone Strider Platinum S 1200W Fully Modular 80+ Platinum Certified,Silverstone,Strider,1200W Platinum,,8dfc8f49-540c-4385-a3b9-996911807e00.json,BLACK,1,2,0,6,0,8,8,,,80+ Platinum,False,ATX,B07PYJQKK1,,,,N82E16817256213,1405100155,140,,,,SST-ST1200-PTS,Full,1200
8e100795-68ee-4cc2-bbc2-0ed4c7d211d1,Fractal Design Ion SFX 500G 500 W 80+ Gold Certified Fully Modular SFX Power Supply (FD-PSU-ION-SFX-500G-BK),Fractal Design,Ion SFX Gold Series,,2019,8e100795-68ee-4cc2-bbc2-0ed4c7d211d1.json,,1,1,0,2,0,2,4,,,80+ Gold,False,SFX-L,B07ZQVSNF8,5597201,,,9SIA4REJU92040,289487064,125,,,,FD-PSU-ION-SFX-500G-BK,Full,500
8e4ae4c0-c461-4225-b44c-2f644b35b555,be quiet! Straight Power 11 850W 80+ Gold Certified Fully Modular,be quiet!,Straight,850W Gold,,8e4ae4c0-c461-4225-b44c-2f644b35b555.json,,1,2,0,8,0,4,11,,,80+ Gold,False,ATX,B078X22YBR,,,,,,170,,,,BN284 | BN620 | T380693,Full,850
8e4b413a-ab2e-4040-afbc-eeaafa45e4c2,Sentey ERP-600-SS ATX 600W Non-Modular,Sentey,ERP-600-SS,600W ,,8e4b413a-ab2e-4040-afbc-eeaafa45e4c2.json,,1,1,0,4,0,1,6,,,,False,ATX,,,,,,,165,,,,ERP-600-SS,Non-Modular,600
8e50ffed-6140-4384-bd5b-c5eba7ee447e,Cooler Master MWE Black V2 230V 450W Non-Modular 80+ Certified,Cooler Master,MWE,450W 80+,,8e50ffed-6140-4384-bd5b-c5eba7ee447e.json,BLACK,1,1,0,3,0,2,6,,,80+,False,ATX,,,,,,,140,,,,MPE-4501-ACAAW-EU,Non-Modular,450
8e6e4171-8dec-4e61-9e75-f088547038d1,SeaSonic G12 GM Black / Blue 750W Semi-Modular 80+ Gold,SeaSonic,G12,750W Gold,,8e6e4171-8dec-4e61-9e75-f088547038d1.json,BLACK | BLUE,1,2,0,3,0,3,6,,,80+ Gold,False,ATX,B0B7BFHVSD,,,,,,140,,,,G12-GM-750,Semi-Modular,750
8e6fa8fa-f1dc-40cf-b11b-a6b8c704e79a,Thermaltake Toughpower GF1 ARGB 650W Fully Modular 80+ Gold Certified,Thermaltake,Toughpower,650W Gold,,8e6fa8fa-f1dc-40cf-b11b-a6b8c704e79a.json,,1,1,0,4,0,4,9,,,80+ Gold,False,ATX,B07WLZG2MV,,,,N82E16817153411,269764473,160,,,,PS-TPD-0650F3FAGU-1 | PS-TPD-0650F3FAGK-1 | PS-TPD-0650F3FAGA-1 | PS-TPD-0650F3FAGE-1,Full,650
8e795e2e-67c6-431a-9b34-396fa2514903,Cougar GX Black / Gold 800W Fully Modular 80+ Gold Certified ATX,Cougar,GX,800W Gold,,8e795e2e-67c6-431a-9b34-396fa2514903.json,BLACK | GOLD,1,2,0,4,0,4,10,,,80+ Gold,False,ATX,,,,,,,160,,,,GX800,Full,800
8e7b08c8-0030-429e-865b-ca728ae32b95,Enermax RevoBron Black 500W Semi-Modular 80+ Bronze Certified,Enermax,RevoBron,500W Bronze,,8e7b08c8-0030-429e-865b-ca728ae32b95.json,BLACK,1,1,0,4,0,2,6,,,80+ Bronze,False,ATX,,,,,,,140,,,,ERB500AWT,Semi-Modular,500
8e8964bd-db8f-4f82-97da-2f694f46ee8c,G.Skill PS1250P Black 1250W Fully Modular 80+ Platinum Certified ATX,G.Skill,PS1250P,1250W Platinum,,8e8964bd-db8f-4f82-97da-2f694f46ee8c.json,BLACK,1,2,0,8,0,8,14,,,80+ Platinum,False,ATX,,,,,,,200,,,,GP-PL1250A-CWV1,Full,1250
8e9ad0fc-c2b5-4cc4-9529-2bd5b1b5b77a,XClio GOODPOWER 500W ATX 500W Non-Modular,XClio,GOODPOWER,500W ,,8e9ad0fc-c2b5-4cc4-9529-2bd5b1b5b77a.json,,1,0,0,0,0,0,2,,,,False,ATX,,,,,,,,,,,GOODPOWER 500W,Non-Modular,500
8ea822bf-3353-4675-ae36-5ca921633050,Corsair GS600 ATX 600W Non-Modular 80+ Bronze,Corsair,GS600,600W Bronze,,8ea822bf-3353-4675-ae36-5ca921633050.json,,1,1,0,6,0,2,6,,,80+ Bronze,False,ATX,,,,,,,160,,,,GS600,Non-Modular,600
8eb3dfb4-33f7-4cba-9136-fbe9537b2f5d,Enermax MAXREVO SLI 1350W 80+ Gold Fully Modular,Enermax,MAXREVO,1350W Gold,,8eb3dfb4-33f7-4cba-9136-fbe9537b2f5d.json,BLACK | GOLD,1,2,0,10,0,8,14,,,80+ Gold,False,ATX,B0051VVU6G,,,,,29945686,180,,,,EMR1350EWT,Full,1350
8ebf3d7a-1591-4017-9fe4-818255068459,Apevia ATX-RP500W 500W Non-Modular,Apevia,ATX-RP500W,500W ,,8ebf3d7a-1591-4017-9fe4-818255068459.json,,1,0,0,3,0,0,3,,,,False,ATX,,,,,,,140,,,,ATX-RP500W,Non-Modular,500
8ed92c91-4dae-463a-9598-01dc1bfe27ec,Thermaltake Smart SE 630W Semi-Modular,Thermaltake,Smart,630W ,,8ed92c91-4dae-463a-9598-01dc1bfe27ec.json,,1,1,0,4,0,2,6,,,,False,ATX,B00BDBZH3A,,,,,,160,,,,SPS-630M | SPS-630MPCBEU | NZ000176,Semi-Modular,630
8ee51025-c360-400d-b551-7a65f72bce79,Cooler Master MWE Gold 850 V3 850W Fully Modular 80+ Gold Certified,Cooler Master,MWE,850W Gold,,8ee51025-c360-400d-b551-7a65f72bce79.json,BLACK,1,0,0,0,0,0,6,,,80+ Gold,False,ATX,B0D68VH8DR,,,,N82E16817171241,6667151183,160,,,,MPX-8503-AFAG-2BUV | MWE Gold 850 V3,Full,850
8efb98bc-8250-4516-b5b7-c29e1cc77253,Thermaltake German ATX 630W Non-Modular 80+ Certified,Thermaltake,German,630W 80+,,8efb98bc-8250-4516-b5b7-c29e1cc77253.json,,1,1,0,4,0,2,6,,,80+,False,ATX,,,,,,,140,,,,W0393RE,Non-Modular,630
8f13d4b6-6005-46a6-8495-8551f21e1dd4,Asus ROG LOKI SFX 750W Fully Modular 80+ Platinum Certified,Asus,ROG,750W Platinum,,8f13d4b6-6005-46a6-8495-8551f21e1dd4.json,BLACK | GREY,1,0,0,0,0,0,6,,,80+ Platinum,False,SFX,B0BZFQZR81,,,,N82E16817320037,3490947409,125,,,,90YE00N4-B0NA00 | rog-loki-750p-sfx-l-gaming | rog-loki-750p-sfx-l | ROG-LOKI-750P-SFX-L-GAMING,Full,750
8f13d7e2-7db7-4c75-9b61-1ec73bc62b0f,SeaSonic Focus GX V4 ATX 3 (2024) Black 850W Fully Modular 80+ Gold Certified,SeaSonic,Focus,850W Gold,,8f13d7e2-7db7-4c75-9b61-1ec73bc62b0f.json,BLACK,1,0,0,0,0,0,8,,,80+ Gold,False,ATX,B0DLFMTX12,10871713,31482,,N82E16817151271,14334558602,140,,,,FOCUS-GX-850-V4 | Focus V4 GX-850 | FOCUS ATX3 (2024) GX-850 | FOCUS GX-850 (ATX3) | Focus GX-850 ATX 3.1 | Focus GX-850 V4 (2024),Full,850
8f24b773-b187-498b-8a36-866c560fc477,FSP Group HYPER S Black 700W Non-Modular 80+ Certified,FSP Group,HYPER,700W 80+,,8f24b773-b187-498b-8a36-866c560fc477.json,BLACK,1,1,0,2,0,4,8,,,80+,False,ATX,,,,,,,140,,,,HP700S,Non-Modular,700
8f29eb56-c520-41df-952f-b586f6662df7,Seasonic PRIME Platinum ATX 750W Fully Modular 80+ Platinum Certified,SeaSonic,PRIME,750W Platinum,,8f29eb56-c520-41df-952f-b586f6662df7.json,,1,2,0,3,0,4,8,,,80+ Platinum,False,ATX,,,,,,,170,,,,SSR-750PD,Full,750
8f4b2abf-6b77-4edb-a681-18cc34db6c22,Rosewill Fortress ATX 750W Non-Modular 80+ Platinum Certified,Rosewill,Fortress,750W Platinum,,8f4b2abf-6b77-4edb-a681-18cc34db6c22.json,,1,2,0,5,0,4,8,,,80+ Platinum,False,ATX,,,,,,,165,,,,FORTRESS-750,Non-Modular,750
8f559ee1-5caf-40e8-b20a-ca55c1409839,SHARKOON WPM Bronze 400W Semi-Modular 80+ Bronze,SHARKOON,WPM,400W Bronze,,8f559ee1-5caf-40e8-b20a-ca55c1409839.json,,1,1,0,5,0,2,6,,,80+ Bronze,False,ATX,,,,,,,165,,,,WPM400,Semi-Modular,400
8f79d3a2-d333-41b6-85bc-74e860176752,Thermaltake Toughpower Black TF1 - TT Premium 1550W Fully Modular 80+ Titanium,Thermaltake,Toughpower,1550W Titanium,,8f79d3a2-d333-41b6-85bc-74e860176752.json,BLACK,1,2,0,8,0,4,16,,,80+ Titanium,False,ATX,B097GCT2YK,6510214,,,9SIAA9UJVX6680,565305344,180,,,,PS-TPD-1550FNFATx-1 | PS-TPD-1550FNFATE-1 | PS-TPD-1550FNFATA-1 | PS-TPD-1550FNFATU-1 | TTP-1550AH3FCT,Full,1550
8f8d36f7-5f80-4ab7-95d6-35aed89e1dac,Asus TUF Gaming 1000G 1000W Fully Modular 80+ Gold Certified,Asus,TUF,1000W Gold,,8f8d36f7-5f80-4ab7-95d6-35aed89e1dac.json,BLACK,1,0,0,0,0,0,5,,,80+ Gold,False,ATX,B0BZWZYTWJ,,,,N82E16817320029,3175505412,150,,,,90YE00S1-B0NA00 | TUF-GAMING-1000G,Full,1000
8f97e613-e9af-40b9-891a-2c25282d093b,Raidmax Cobra 1000W Semi-Modular 80+ Gold,Raidmax,Cobra,1000W Gold,,8f97e613-e9af-40b9-891a-2c25282d093b.json,,1,1,0,6,0,6,9,,,80+ Gold,False,ATX,,,,,,,160,,,,RX-1000AE-B,Semi-Modular,1000
8fa27380-3c46-4804-a060-b0637446de3d,ADATA XPG Core Reactor II VE 750W 80+ Gold Fully Modular,ADATA,XPG,750W Gold,,8fa27380-3c46-4804-a060-b0637446de3d.json,,1,0,0,0,0,0,6,,,80+ Gold,False,ATX,,,,,,,140,,,,COREREACTORIIVE750G-BKCUS | COREREACTORIIVE750G-BKCAU | COREREACTORIIVE750G-BKCEU | COREREACTORIIVE750G-BKCJP | COREREACTORIIVE750G-BKCTW | COREREACTORIIVE750G-BKCAR | COREREACTORIIVE750G-BKCZA | COREREACTORIIVE750G-BKCBR | COREREACTORIIVE750G-BKCGB,Full,750
8fc98e51-b784-44bd-aa25-30961f74b6bf,FSP Group Hydro PTM X PRO Gen5 1200W Fully Modular 80+ Platinum Certified,FSP Group,Hydro,1200W Platinum,,8fc98e51-b784-44bd-aa25-30961f74b6bf.json,BLACK,1,2,0,3,1,4,12,,,80+ Platinum,False,ATX,B0BTTX8J4H,,,,,2099780588,130,,,,HPT3-1200M-G5 | HPT3-1200M | Gen5 | PPA12A1200 | HPT3-1200M GEN5,Full,1200
8fd7385f-da52-4dc7-99dd-58de4d36495d,KOLINK ENCLAVE Black / Yellow 700W Fully Modular 80+ Gold Certified,KOLINK,ENCLAVE,700W Gold,,8fd7385f-da52-4dc7-99dd-58de4d36495d.json,BLACK | YELLOW,1,1,0,4,0,4,8,,,80+ Gold,False,ATX,B07X9W4M57,,,,,,160,,,,KL-G700FM,Full,700
8fd91503-1b31-4ede-a658-6c07c677c5b9,Enermax MarbleBron 650W Semi-Modular 80+ Bronze Certified,Enermax,MarbleBron,650W Bronze,,8fd91503-1b31-4ede-a658-6c07c677c5b9.json,BLACK,1,1,0,4,0,4,8,,,80+ Bronze,False,ATX,,,,,,,140,,,,EMB650AWT,Semi-Modular,650
900cd370-62fd-4561-9c69-f2cc2536efcf,Corsair AX760i 760W Fully Modular 80+ Platinum Certified,Corsair,AX760i,760W Platinum,,900cd370-62fd-4561-9c69-f2cc2536efcf.json,,1,2,0,8,0,6,12,,,80+ Platinum,False,ATX,,,,,,,160,,,,AX760i | CMPSU-AX760i | CP-9020036-UK | CP-9020036-AU | CP-9020036-NA,Full,760
901dd0ed-7684-41ca-85ba-e887401aaf33,be quiet! Pure Power 12 Black 650W Non-Modular 80+ Gold Certified,be quiet!,Pure,650W Gold,,901dd0ed-7684-41ca-85ba-e887401aaf33.json,BLACK,1,0,0,0,0,0,5,,,80+ Gold,False,ATX,B0DLH776YJ,,,,N82E16817222035,14426715232,160,,,,BP002US | BP002U2 | BP002EU | BP002,Non-Modular,650
902dc7b2-48f1-45ef-b6d1-0d5249f79e05,BitFenix Whisper M 450W Fully Modular 80+ Gold Certified,BitFenix,Whisper,450W Gold,,902dc7b2-48f1-45ef-b6d1-0d5249f79e05.json,,1,1,0,4,0,2,8,,,80+ Gold,False,ATX,,,,,,,160,,,,BP-WG450UMAG-7FM | BP-WG450UMAG-0FM | BP-WG450UMAG-6FM | BP-WG450UMAG-8FM | BP-WG450UMAG-9FM,Full,450
90366f7b-d30d-4dd1-800a-a5a212c32d12,Thermaltake Toughpower ATX 550W Non-Modular 80+ Gold Certified,Thermaltake,Toughpower,550W Gold,,90366f7b-d30d-4dd1-800a-a5a212c32d12.json,,1,1,0,4,0,2,6,,,80+ Gold,False,ATX,,,,,,,139,,,,TP-550P,Non-Modular,550
9052cf47-2d9b-4fee-9d06-b36fdfb1e032,Corsair TX850 V2 850W Non-Modular 80+ Bronze Certified,Corsair,TX850,850W Bronze,,9052cf47-2d9b-4fee-9d06-b36fdfb1e032.json,,1,1,0,8,0,4,8,,,80+ Bronze,False,ATX,,,,,,,160,,,,TX850 V2,Non-Modular,850
90631a84-96a3-41ad-b3f3-e373e24e8840,Rosewill VNG 650W 80+ Gold,Rosewill,VNG,,,90631a84-96a3-41ad-b3f3-e373e24e8840.json,BLACK,1,1,,2,1,2,6,,,80+ Gold,False,ATX,B0GFH7L16Y,,,,N82E16817182471,,140,None,,Black,VNG650,Non-Modular,650
9080374c-b61a-429c-b13d-0351b61c7656,EVGA W3 Black 500W Non-Modular 80+ Certified,EVGA,W3,500W 80+,,9080374c-b61a-429c-b13d-0351b61c7656.json,BLACK,1,1,0,3,0,2,6,,,80+,False,ATX,,,,,,,140,,,,100-W3-0500-K1,Non-Modular,500
90973b59-d4a4-4729-b160-4e7a7628a6f3,FSP Group VITAL 400 ATX 400W Non-Modular 80+ Certified,FSP Group,VITAL,400W 80+,,90973b59-d4a4-4729-b160-4e7a7628a6f3.json,,1,1,0,3,0,1,4,,,80+,False,ATX,,,,,,,140,,,,VITAL 400,Non-Modular,400
909dcf4e-9186-4903-9ef2-430387b61687,Cooler Master Silent Pro M2 Black 520W Semi-Modular 80+ Bronze Certified,Cooler Master,Silent,520W Bronze,,909dcf4e-9186-4903-9ef2-430387b61687.json,BLACK,1,1,0,5,0,2,6,,,80+ Bronze,False,ATX,,,,,,,163,,,,RS-520-SPM2,Semi-Modular,520
90b4ab3f-5558-4214-9e5d-ae10d4af26da,FSP Group Hydro PTM X PRO Gen5 White 850W Fully Modular 80+ Platinum Certified,FSP Group,Hydro,850W Platinum,,90b4ab3f-5558-4214-9e5d-ae10d4af26da.json,WHITE,1,2,0,3,1,4,12,,,80+ Platinum,False,ATX,,,,,,,130,,,,HPT3-850M | Gen5 (White Edition),Full,850
90ca70ba-eab0-4580-ba55-ddefa0abd2f2,be quiet! Power Zone 2 ATX 1000W Fully Modular 80+ Platinum Certified,be quiet!,Power,1000W Platinum,,90ca70ba-eab0-4580-ba55-ddefa0abd2f2.json,BLACK,1,0,0,0,0,0,7,,,80+ Platinum,False,ATX,B0DVJNVW8P,,,,N82E16817222039,15193756517,160,,,,BP008US | BP008EU,Full,1000
90ef3871-bf5c-410e-bd3d-b95eb4ccaf72,NZXT HALE82N ATX 750W Non-Modular 80+ Bronze,NZXT,HALE82N,750W Bronze,,90ef3871-bf5c-410e-bd3d-b95eb4ccaf72.json,,1,1,0,5,0,4,12,,,80+ Bronze,False,ATX,,,,,,,140,,,,NP-1BN-0750A-US | NP-1BN-0750A-UK,Non-Modular,750
9120831f-215e-4e54-8028-2402d97015e6,SAMA GT White ATX 650W Fully Modular 80+ Gold Certified,SAMA,GT,650W Gold,,9120831f-215e-4e54-8028-2402d97015e6.json,WHITE,1,0,0,0,0,0,6,,,80+ Gold,False,ATX,,,,,1HU-02S6-00063,,140,,,,GT650-WHGFFXX1-US,Full,650
913e4fc0-04bd-4e51-99fe-7e9848d5a012,KOLINK ENCLAVE Black 700W Fully Modular 80+ Gold Certified,KOLINK,ENCLAVE,700W Gold,,913e4fc0-04bd-4e51-99fe-7e9848d5a012.json,BLACK,1,1,0,4,0,4,8,,,80+ Gold,False,ATX,,,,,,,160,,,,PGW-PS-KOL-018 | KL-G700FM,Full,700
91466d39-ff30-493c-b21b-886d04998014,PC Cooler YN1000 Black 1000W Fully Modular 80+ Gold Certified ATX,PC Cooler,YN1000,1000W Gold,,91466d39-ff30-493c-b21b-886d04998014.json,BLACK,1,0,0,0,0,0,9,,,80+ Gold,False,ATX,,,,,,,150,,,,P5-YN1000-G1FFBK1-US,Full,1000
91539500-7f12-4b9e-888e-ad6dca132dbe,Silverstone Strider ATX 850W Fully Modular 80+ Gold Certified,Silverstone,Strider,850W Gold,,91539500-7f12-4b9e-888e-ad6dca132dbe.json,,1,2,0,6,0,4,8,,,80+ Gold,False,ATX,,,,,,,150,,,,ST85F-GS | SST-ST85F-GS,Full,850
91794aa4-fa57-466b-af02-7a1816212916,XFX TS 650W 80+ Gold Non-Modular,XFX,TS,650W Gold,,91794aa4-fa57-466b-af02-7a1816212916.json,,1,2,0,4,0,4,10,,,80+ Gold,False,ATX,,,,,,,160,,,,P1-650G-TS3X,Non-Modular,650
917db8bd-46b9-43c9-876e-9c86d047fa75,Silverstone NJ600 Silver Fanless ATX 600W Fully Modular 80+ Titanium Certified,Silverstone,NJ600,600W Titanium,,917db8bd-46b9-43c9-876e-9c86d047fa75.json,GREY,1,2,0,5,0,4,6,,,80+ Titanium,True,ATX,,,,,,,170,,,,SST-NJ600,Full,600
919f822e-bbf7-4665-8acf-755f7683db8a,Thermaltake Smart BX1 Black 650W Non-Modular 80+ Bronze Certified,Thermaltake,Smart,650W Bronze,,919f822e-bbf7-4665-8acf-755f7683db8a.json,BLACK,1,0,0,0,0,0,6,,,80+ Bronze,False,ATX,B07NPM8WZ7,,,,N82E16817153404,213081461,140,,,,PS-SPD-0650NNFABU-1,Non-Modular,650
91a91eb1-0ea3-4a01-9e88-e54b5fa93a66,PC Cooler YS850 Black ATX 850W Fully Modular 80+ Gold Certified,PC Cooler,YS850,850W Gold,,91a91eb1-0ea3-4a01-9e88-e54b5fa93a66.json,BLACK,1,0,0,0,0,0,12,,,80+ Gold,False,ATX,,,,,,,160,,,,P5-YS850-G1FFBK1-US,Full,850
91d5c415-b66b-449f-9c9e-b5069763ea7f,Rosewill VALENS-600M 600W Semi-Modular 80+ Gold,Rosewill,VALENS-600M,600W Gold,,91d5c415-b66b-449f-9c9e-b5069763ea7f.json,,1,1,0,4,0,2,6,,,80+ Gold,False,ATX,,,,,,,160,,,,VALENS-600M,Semi-Modular,600
91dc4691-8b3e-4ade-aec0-1266eb9cb667,Apevia Prestige Black 800W Non-Modular 80+ Gold Certified ATX,Apevia,Prestige,800W Gold,,91dc4691-8b3e-4ade-aec0-1266eb9cb667.json,BLACK,1,0,0,0,0,0,7,,,80+ Gold,False,ATX,B07NWZZXHQ,,,,9SIA25VK8M2722,722189325,160,,,,ATX-RP800W,Non-Modular,800
91f7653b-bfd3-494d-b416-e37da2dd0785,Antec NeoECO V2 Black 650W Semi-Modular 80+ Bronze Certified,Antec,NeoECO,650W Bronze,,91f7653b-bfd3-494d-b416-e37da2dd0785.json,BLACK,1,1,0,3,0,4,6,,,80+ Bronze,False,ATX,,,,,,,140,,,,NE650M V2 | 0-761345-10574-3 | 0-761345-10532-3,Semi-Modular,650
92127481-3b62-46bf-95d8-cf0eeeb14601,EVGA SuperNOVA 750 GT Black 750W Fully Modular 80+ Gold Certified,EVGA,SuperNOVA,750W Gold,,92127481-3b62-46bf-95d8-cf0eeeb14601.json,BLACK,1,0,0,0,0,0,6,,,80+ Gold,False,ATX,B088SV1FH9,,,,N82E16817438187,195529847,150,,,,220-GT-0750-Y1 | 220-GT-0750-Y7 | 220-GT-0750-Y2,Full,750
922aa7c1-2104-4fbe-a886-383ed8058d88,Antec High Current Gamer PRO ATX3.1 Black 850W Fully Modular 80+ Platinum Certified,Antec,High,850W Platinum,,922aa7c1-2104-4fbe-a886-383ed8058d88.json,BLACK,1,2,0,3,1,3,14,,,80+ Platinum,False,ATX,,,,,,,160,,,,0-761345-20006-6 | 0-761345-20011-0 | 0-761345-20007-3 | 0-761345-20009-7 | 0-761345-20008-0 | 0-761345-20010-3,Full,850
9254b1f9-a735-4c8a-9865-34abe8675ba3,SeaSonic M12II 620W 80+ Bronze Fully Modular,SeaSonic,M12II,620W Bronze,,9254b1f9-a735-4c8a-9865-34abe8675ba3.json,,1,1,0,5,0,4,8,,,80+ Bronze,False,ATX,B003BIEOCI,,,,,33378271,160,,,,"SS-620GM2 | M12II 620 Bronze | S12II 620 BRONZE, SS-620GB",Full,620
925f355d-649e-433e-94a8-d157db18a3c1,FSP Group FSP270-60LE Silver Mini-ITX 270W Non-Modular 80+ Certified,FSP Group,FSP270-60LE,270W 80+,,925f355d-649e-433e-94a8-d157db18a3c1.json,GREY,1,0,0,0,0,0,0,,,80+,False,Mini-ITX,,,,,,,150,,,,FSP270-60LE,Non-Modular,270
92a618fb-11c3-4010-908d-d9acc4dbdcab,KOLINK KL-1000M ATX 1000W Semi-Modular 80+ Bronze Certified,KOLINK,KL-1000M,1000W Bronze,,92a618fb-11c3-4010-908d-d9acc4dbdcab.json,BLACK,1,1,0,3,0,4,8,,,80+ Bronze,False,ATX,,,,,,,160,,,,KL-1000M,Semi-Modular,1000
92ad58c2-c32f-466f-995a-8305e2d0fc21,Asus ROG THOR 1200P2  ATX 1200W Fully Modular 80+ Platinum Silver / Black,Asus,ROG Thor,1200W Platinum II,2021,92ad58c2-c32f-466f-995a-8305e2d0fc21.json,GREY | BLACK | RGB,1,2,0,6,1,8,12,Cybenetics Platinum,Cybenetics A++,80+ Platinum,False,ATX,B0BWGWV29G,,,https://rog.asus.com/power-supply-units/rog-thor/rog-thor-1200p2-gaming-model/spec/,9SIAD6HJNP4275,3070953269,190,,,Black/Silver,ROG-THOR-1200P2-GAMING | 90YE00L0-B0NA00,Full,1200
92dbb8a2-9fae-4c62-8c04-0afb6d3862c3,Silverstone SFX Black 450W Non-Modular 80+ Bronze Certified,Silverstone,SFX,450W Bronze,,92dbb8a2-9fae-4c62-8c04-0afb6d3862c3.json,BLACK,1,0,0,0,0,0,3,,,80+ Bronze,False,SFX,B01LZFMKCI,,,,N82E16817256176,923017731,100,,,,ST45SF-V3 | SST-ST45SF-V3,Non-Modular,450
92f29aac-6c61-4f4b-a1d4-678eb6ea6bd4,SeaSonic PRIME Platinum 1000W 80+ Platinum Certified Fully Modular ATX,SeaSonic,PRIME,1000W Platinum,,92f29aac-6c61-4f4b-a1d4-678eb6ea6bd4.json,,1,2,0,5,0,8,12,,,80+ Platinum,False,ATX,,,,,,,170,,,,SSR-1000PD,Full,1000
9322d8f6-2615-4ba9-b046-04d21be951d9,Antec Basiq ATX 430W Non-Modular 80+ Certified,Antec,Basiq,430W 80+,,9322d8f6-2615-4ba9-b046-04d21be951d9.json,,1,0,0,4,0,0,3,,,80+,False,ATX,,,,,,,140,,,,BP430,Non-Modular,430
93283675-9cd4-415f-b833-8715903488c3,SeaSonic CORE GX ATX 3 (2024) White 650W Fully Modular 80+ Gold Certified,SeaSonic,CORE,650W Gold,,93283675-9cd4-415f-b833-8715903488c3.json,WHITE,1,2,0,3,1,2,6,,,80+ Gold,False,ATX,,,,,,,140,,,,CORE ATX 3 GX-650 White,Full,650
935454af-c8c1-4b20-998f-efbaae061ae7,Xilence XP630R8 Black / Red ATX 630W Non-Modular 80+ Bronze Certified,Xilence,XP630R8,630W Bronze,,935454af-c8c1-4b20-998f-efbaae061ae7.json,BLACK | RED,1,1,0,3,0,2,6,,,80+ Bronze,False,ATX,,,,,,,140,,,,XN062,Non-Modular,630
937dd5fa-0fb8-4429-84f2-4f4f15245e48,Super Flower Leadex Titanium ATX 2800W Fully Modular 80+ Titanium Certified,Super Flower,Leadex,2800W Titanium,,937dd5fa-0fb8-4429-84f2-4f4f15245e48.json,BLACK,1,0,0,0,0,0,16,,,80+ Titanium,False,ATX,B0FB7QSH2P,,,,9SIAMNPKE82822,,200,,,,SF-2800F14HP | SF-2800F14HP ATX3.1,Full,2800
93b7020e-aa87-4f2a-bbb4-7dd1d4ba85b8,Inter-Tech 88882037 Black 450W Non-Modular 80+,Inter-Tech,88882037,450W 80+,,93b7020e-aa87-4f2a-bbb4-7dd1d4ba85b8.json,BLACK,1,1,0,3,0,1,6,,,80+,False,ATX,,,,,,,140,,,,88882037,Non-Modular,450
93dccd41-c350-4b44-a24f-99960637d2d8,Enermax EMD625AWT 625W Fully Modular 80+ Bronze Certified,Enermax,EMD625AWT,625W Bronze,,93dccd41-c350-4b44-a24f-99960637d2d8.json,,1,1,0,6,0,4,9,,,80+ Bronze,False,ATX,,,,,,,,,,,EMD625AWT,Full,625
93df2f5a-9e7a-4235-83ad-7320392c32af,Topower TOP-500WB ATX 500W Non-Modular 80+ Bronze Certified,Topower,TOP-500WB,500W Bronze,,93df2f5a-9e7a-4235-83ad-7320392c32af.json,,1,1,0,6,0,1,6,,,80+ Bronze,False,ATX,,,,,,,,,,,TOP-500WB,Non-Modular,500
93f315d3-f42b-45b7-9ff6-479f506d977c,Zalman TeraMax II 1000W Fully Modular 80+ Gold Certified,Zalman,TeraMax,1000W Gold,,93f315d3-f42b-45b7-9ff6-479f506d977c.json,WHITE,1,0,0,0,0,0,12,,,80+ Gold,False,ATX,,,,,,,140,,,,ZM1000-TMX2 WH,Full,1000
94190ab9-094e-47b3-906f-68f85b910063,Thermaltake Toughpower GF3 TT Premium Black 1650W Fully Modular 80+ Gold Certified,Thermaltake,Toughpower,1650W Gold,,94190ab9-094e-47b3-906f-68f85b910063.json,BLACK,1,0,0,0,0,0,16,,,80+ Gold,False,ATX,B0BF3S8WDT,6535780,,,N82E16817153434,1655506604,180,,,,PS-TPD-1650FNFAGU-4 | PS-TPD-1650FNFAGA-4 | PS-TPD-1650FNFAGE-4 | TPD-1650AH3FSG,Full,1650
94288bba-8603-4278-8747-264b50104a5e,Silverstone Essential Black / Yellow 750W Non-Modular 80+ Gold,Silverstone,Essential,750W Gold,,94288bba-8603-4278-8747-264b50104a5e.json,BLACK | YELLOW,1,1,0,3,0,4,8,,,80+ Gold,False,ATX,B0762R8WJ9,,,,N82E16817256201,945581380,140,,,,SST-ET750-G,Non-Modular,750
94461ab5-9d2d-48e6-ac90-d3b9e8cba43a,EVGA 450 BT 450 W 80+ Bronze Certified ATX Power Supply,EVGA,450 BT,,0,94461ab5-9d2d-48e6-ac90-d3b9e8cba43a.json,,1,1,1,3,0,2,4,,,80+ Bronze,False,ATX,B01N9X3F8F,,,,9SIB4AMFZ21932,,142,,,,100-BT-0450-K1,Non-Modular,450
945bf199-e28f-4070-b267-2b7048e1b4f0,EVGA N1 550W Non-Modular,EVGA,N1,550W ,,945bf199-e28f-4070-b267-2b7048e1b4f0.json,,1,1,0,3,0,2,6,,,,False,ATX,B01LYGJL0E,,,,N82E16817438254,146682814,140,,,,100-N1-0550-L1100-N1-0550-L2 | 100-N1-0550-L1,Non-Modular,550
945d9565-e4f1-48c8-8e98-fd03c0c629bc,YEYIAN Pegasus Black 1000W Fully Modular 80+ Platinum Certified,YEYIAN,Pegasus,1000W Platinum,,945d9565-e4f1-48c8-8e98-fd03c0c629bc.json,BLACK,1,2,0,3,0,2,9,,,80+ Platinum,False,ATX,,,,,,,160,,,,YFP-1K031-01,Full,1000
948c51aa-ef59-40be-8fbf-ab48ee3dd0b3,CV Series™ CV750 — 750 Watt 80 Plus® Bronze Certified PSU,Corsair,CV750,,2021,948c51aa-ef59-40be-8fbf-ab48ee3dd0b3.json,,1,2,1,4,0,2,7,,,80+ Bronze,False,ATX,B09234R344,,,,9SIB8AKKDG2952,373519134,125,,,,CP-9020237-NA,Non-Modular,750
948d2b12-9e31-439d-9e08-6a600c48b3ab,GAMDIAS KRATOS P1 G Black 750W Semi-Modular 80+ Gold Certified ATX,GAMDIAS,KRATOS,750W Gold,,948d2b12-9e31-439d-9e08-6a600c48b3ab.json,BLACK,1,1,0,3,0,4,8,,,80+ Gold,False,ATX,,,,,,,140,,,,KRATOS P1 750G,Semi-Modular,750
94a1a67b-70db-4edf-9237-26df9af3efb6,Fractal Design Ion+ 2 Platinum 860W Fully Modular 80+ Platinum Certified,Fractal Design,Ion+,860W Platinum,,94a1a67b-70db-4edf-9237-26df9af3efb6.json,BLACK,1,0,0,0,0,0,6,,,80+ Platinum,False,ATX,B094D1T74K,,,,,879501814,150,,,,FD-P-IA2P-860 | FD-P-IA2P-860-UK | FD-P-IA2P-860-AU | FD-P-IA2P-860-EU,Full,860
94cdec36-43a8-43c8-9e58-c9b17d4f5f04,Corsair RM850x (2018) Black ATX 850W Fully Modular 80+ Gold Certified,Corsair,RM850x,850W Gold,,94cdec36-43a8-43c8-9e58-c9b17d4f5f04.json,BLACK,1,0,0,0,0,0,10,,,80+ Gold,False,ATX,B079H5WNXN,6229601,,,9SIAPMXJ7A0666,,160,,,,CP-9020180-NA | CP-9020180-EU | CP-9020180-UK,Full,850
94d1aaa8-ad9f-4fde-9d29-7e5ae59812fb,XFX ProSeries 750W Semi-Modular 80+ Silver,XFX,ProSeries,750W Silver,,94d1aaa8-ad9f-4fde-9d29-7e5ae59812fb.json,,1,2,0,8,0,4,8,,,80+ Silver,False,ATX,,,,,,,170,,,,P1-750B-NLG9,Semi-Modular,750
94d50115-d95d-4130-a922-701ef74ccf1b,Ultra X4 Special Edition 850W Fully Modular 80+ Bronze Certified,Ultra,X4,850W Bronze,,94d50115-d95d-4130-a922-701ef74ccf1b.json,,1,2,0,0,0,6,0,,,80+ Bronze,False,ATX,,,,,,,150,,,,U12-43186,Full,850
94f118a3-3cf3-4083-9804-d6b6188847aa,PowerSpec PS 650BSM Black 650W Semi-Modular 80+ Bronze Certified,PowerSpec,PS,650W Bronze,,94f118a3-3cf3-4083-9804-d6b6188847aa.json,BLACK,1,1,0,4,0,2,6,,,80+ Bronze,False,ATX,B08YYJJC23,,,,,,160,,,,PS 650BSM,Semi-Modular,650
94f4cd75-b12f-4de3-9e7b-eb02c8c17658,Cooler Master MWE Bronze V2 Black 600W Non-Modular 80+ Bronze Certified ATX,Cooler Master,MWE,600W Bronze,,94f4cd75-b12f-4de3-9e7b-eb02c8c17658.json,BLACK,1,2,0,4,0,2,6,,,80+ Bronze,False,ATX,B07S1PRCKP,,,,,,140,,,,MPE-6001-ACAAB-US | MPE-6001-ACAAB-AU | MPE-6001-ACAAB-EU | MPE-6001-ACAAB-UK | MPE-6001-ACAAB-IN | MPE-6001-ACABW-EU | 131076,Non-Modular,600
94f9bbce-f8bc-4953-96da-7fc2b26265df,Super Flower Legion GX Pro 750W Semi-modular 80+ Gold Certified,Super Flower,Legion,750W Gold,,94f9bbce-f8bc-4953-96da-7fc2b26265df.json,BLACK,1,2,0,4,0,4,9,,,80+ Gold,False,ATX,B07THV8Z1F,,,,,,160,,,,SF- 750P14XE | SF-750F14HG,Semi-Modular,750
9501890d-1e6a-4a90-a6bd-07bd780e0b31,Cooler Master X Silent Edge Platinum Fanless ATX 850W Fully Modular 80+ Platinum Certified,Cooler Master,X,850W Platinum,,9501890d-1e6a-4a90-a6bd-07bd780e0b31.json,BLACK,1,2,0,4,1,4,12,,,80+ Platinum,True,ATX,B0D62X3Y39,,,,N82E16817171245,15759359458,180,,,,MPS-8501-AFAP-BUS | MPS-8501-AFAP-BAU | MPS-8501-AFAP-BUK | MPS-8501-AFAP-BWO | MPS-8501-AFAP-BNL | MPS-8501-AFAP-BEU | MPS-8501-AZAP-BUS,Full,850
95084943-7604-400b-badb-92ae7931e826,Corsair HX850 Platinum 850W 80+ Platinum Certified Fully Modular ATX,Corsair,HX850,850W Platinum,,95084943-7604-400b-badb-92ae7931e826.json,,1,2,0,6,0,6,16,,,80+ Platinum,False,ATX,B01NARQ2QU,,,,9SIB8AKKAN6952,676412883,180,,,,CP-9020138-NA | CP-9020138-WW | CP-9020138-UK | CP-9020138-EU | CP-9020138-AU | CP-9020138-CN | CP-9020138-JP | CP-9020138-KR,Full,850
950b1dbc-900d-448f-bc3f-4698393a5ac5,Xilence XP430R8 Black / Red ATX 430W Non-Modular 80+ Bronze Certified,Xilence,XP430R8,430W Bronze,,950b1dbc-900d-448f-bc3f-4698393a5ac5.json,BLACK | RED,1,1,0,3,0,1,5,,,80+ Bronze,False,ATX,,,,,,,140,,,,XN060,Non-Modular,430
952641b5-733f-4640-9dab-e868411d8e52,Silverstone Zeus 1650R 1650W Fully Modular 80+ Titanium Certified,Silverstone,Zeus,1650W Titanium,,952641b5-733f-4640-9dab-e868411d8e52.json,,1,0,0,0,0,0,16,,,80+ Titanium,False,ATX,B0DQYDQWG6,,,,,,180,,,,SST-ZU1650R-TM | SST-AX1650MCTI-B,Full,1650
9544efc3-efd1-45f2-884f-0c5c6d37d340,Silverstone TX300 Black TFX 300W Non-Modular 80+ Bronze Certified,Silverstone,TX300,300W Bronze,,9544efc3-efd1-45f2-884f-0c5c6d37d340.json,BLACK,1,1,0,2,0,0,4,,,80+ Bronze,False,TFX,B06XS9YLTL,,,,N82E16817256183,709018751,175,,,,TX300 | SST-TX300,Non-Modular,300
9546f80c-8105-44a7-b5b1-4a0551611f6d,Corsair VS600 (2020) Black 600W Non-Modular 80+ Bronze Certified,Corsair,VS600,600W Bronze,,9546f80c-8105-44a7-b5b1-4a0551611f6d.json,BLACK,1,1,0,4,0,2,6,,,80+ Bronze,False,ATX,B08FNLGGQ2,,,,9SIB8AKKAN3206,958797624,125,,,,CP-9020224-NA | CP-9020224-UK | CP-9020224-AU,Non-Modular,600
95521232-b433-4a86-bcd9-839584b42beb,Antec NeoECO 620 W 80+ Bronze Certified ATX,Antec,NeoECO,620W Bronze,,95521232-b433-4a86-bcd9-839584b42beb.json,,1,1,0,6,0,2,6,,,80+ Bronze,False,ATX,,,,,,,149,,,,NEO ECO 620C,Non-Modular,620
9563b6a0-4ef0-40fa-864c-80a8899e86b1,Rosewill HIVE S 650W Fully Modular 80+ Bronze Certified,Rosewill,HIVE,650W Bronze,,9563b6a0-4ef0-40fa-864c-80a8899e86b1.json,,1,1,0,4,0,4,8,,,80+ Bronze,False,ATX,B005ILWYT6,,,,,47518036,160,,,,Hive-650S | Hive-750S,Full,650
956a045a-bd66-4dbb-899b-2b1b5a899110,Thermaltake Smart DPS G 750W Semi-Modular 80+ Gold Certified,Thermaltake,Smart,750W Gold,,956a045a-bd66-4dbb-899b-2b1b5a899110.json,,1,1,0,3,0,4,6,,,80+ Gold,False,ATX,,,,,,,160,,,,PS-SPG-0750DPCGUS-G,Semi-Modular,750
95771c2a-3089-4328-a9d2-9054c61c9eae,Xilence XP750R10 Black / Red 750W Non-Modular 80+ Bronze Certified ATX,Xilence,XP750R10,750W Bronze,,95771c2a-3089-4328-a9d2-9054c61c9eae.json,BLACK | RED,1,2,0,3,0,3,8,,,80+ Bronze,False,ATX,,,,,,,140,,,,XN235,Non-Modular,750
95b1cb4f-07fb-4a7d-92c9-395d59074ecf,Super Flower Leadex III Gold UP Black 1000W 80+ Gold Fully Modular ATX,Super Flower,Leadex,1000W Gold,,95b1cb4f-07fb-4a7d-92c9-395d59074ecf.json,BLACK,1,0,0,0,0,0,8,,,80+ Gold,False,ATX,,,,,1HU-024C-00078,,150,,,,SF-1000F14GE,Full,1000
95b256d8-2cd6-4015-aa09-c847a2522978,Corsair RM650 (2019) 650W 80+ Gold Fully Modular,Corsair,RM650,650W Gold,,95b256d8-2cd6-4015-aa09-c847a2522978.json,BLACK,1,0,0,0,0,0,6,,,80+ Gold,False,ATX,B07RFZPN8G,,,,9SIAUNCHR58232,,160,,,,CP-9020194-NA | CP-9020194-AU | CP-9020194-WW | CP-9020194-EU | CP-9020194-UK,Full,650
95c856aa-7921-46a3-bf34-f3f7b1094c07,Super Flower Leadex III ARGB Pro Black 850W Fully Modular 80+ Gold,Super Flower,Leadex,850W Gold,,95c856aa-7921-46a3-bf34-f3f7b1094c07.json,BLACK,1,2,0,4,0,6,9,,,80+ Gold,False,ATX,,,,,,,160,,,,SF-850F14RG V2.0,Full,850
95eb2697-15f8-42a8-8339-f79c598b8123,Corsair RM1000e Black 1000W Fully Modular 80+ Gold,Corsair,RM1000e,1000W Gold,,95eb2697-15f8-42a8-8339-f79c598b8123.json,BLACK,1,0,0,0,0,0,7,,,80+ Gold,False,ATX,B0B7237XFJ,,,,,,140,,,,CP-9020250-NA | CP-9020250-UK | CP-9020250-AU | CP-9020250-EU,Full,1000
95ff4299-077c-414e-8c32-b6eee0bb7dff,KOLINK Continuum 1050W Fully Modular 80+ Platinum Certified,KOLINK,Continuum,1050W Platinum,,95ff4299-077c-414e-8c32-b6eee0bb7dff.json,BLACK,1,2,0,8,0,6,8,,,80+ Platinum,False,ATX,,,,,,,180,,,,KL-C1050PL,Full,1050
96154827-9e13-4b49-bb78-e9cd8e0eaa01,Corsair RM1000e (2025) White 1000W Fully Modular,Corsair,RM,1000e,,96154827-9e13-4b49-bb78-e9cd8e0eaa01.json,WHITE,1,2,0,2,1,6,4,Cybenetics Platinum,Cybenetics A-,80+ Gold,False,ATX,B0DZXKYWSH,6621913,31462,https://www.corsair.com/us/en/p/psu/cp-9020294-na/rme-series-rm1000e-fully-modular-low-noise-atx-power-supply-white-na-cp-9020294-na?srsltid=AfmBOoqqhHfwL9heo8R49wuWZz8ajDsUKl9hG5mTEAiYZua-eGYBVYSt,N82E16817139342,16367515964,140,,2026-01-30T19:42:05.480Z,,CP-9020294-NA | CP-9020294-AU | CP-9020294-UK | CP-9020294-EU,Full,1000
96a5243d-8059-413a-86a7-44f1745ce923,Xilence XP750R6.2 Black ATX 750W Non-Modular 80+ Certified,Xilence,XP750R6.2,750W 80+,,96a5243d-8059-413a-86a7-44f1745ce923.json,BLACK,1,2,0,3,0,2,5,,,80+,False,ATX,,,,,,,140,,,,XN430 | XP750R6.2,Non-Modular,750
96b1762f-216d-428b-bc44-4fa8eff6ba68,Deepcool PQ850M 850W 80+ Gold Certified Fully Modular,DeepCool,PQ850M,850W Gold,,96b1762f-216d-428b-bc44-4fa8eff6ba68.json,BLACK,1,2,0,5,0,3,10,,,80+ Gold,False,ATX,B09Y5LJ63M,,,,,,140,,,,R-PQ850M-FA0B-US,Full,850
96ce056a-53a8-448e-9440-613b1b243170,ASRock Phantom Gaming PG-1300G Black 1300W Fully Modular 80+ Gold Certified,ASRock,Phantom,1300W Gold,,96ce056a-53a8-448e-9440-613b1b243170.json,BLACK,1,2,0,3,2,6,9,,,80+ Gold,False,ATX,B0DNNY5C8M,,,,N82E16817955004,14445359026,180,,,,PG-1300G | 90-UXP130-GFUAAB,Full,1300
96d9168c-39ba-4c30-a859-a551bf6c4f8e,Enermax NAXN ADV. 550W Non-Modular 80+ Bronze Certified,Enermax,NAXN,550W Bronze,,96d9168c-39ba-4c30-a859-a551bf6c4f8e.json,,1,1,0,4,0,1,5,,,80+ Bronze,False,ATX,,,,,,,139,,,,ETL550AWT,Non-Modular,550
96e0052d-c5a0-44ba-88d1-66fb0a5df383,Corsair CX-600 V3 600W 80+ Bronze Non-Modular,Corsair,CX-600,600W Bronze,,96e0052d-c5a0-44ba-88d1-66fb0a5df383.json,,1,1,0,4,0,2,6,,,80+ Bronze,False,ATX,,,,,,,140,,,,CMPSU-600CXV3,Non-Modular,600
96fcdf75-0f4e-4c8b-b4ed-4e8ae1be6f7c,Topower TOP-400W80 400W 80+ Non-Modular,Topower,TOP-400W80,400W 80+,,96fcdf75-0f4e-4c8b-b4ed-4e8ae1be6f7c.json,,1,0,0,0,0,0,3,,,80+,False,ATX,,,,,,,,,,,TOP-400W80,Non-Modular,400
9709e550-3691-46b1-a76d-6ea3dfaa3523,Chieftec ATMOS Black 750W Fully Modular 80+ Gold Certified ATX,Chieftec,ATMOS,750W Gold,,9709e550-3691-46b1-a76d-6ea3dfaa3523.json,BLACK,1,2,0,4,1,4,9,,,80+ Gold,False,ATX,B0CLWJ2SX6,,,,,,140,,,,CPX-750FC,Full,750
972499df-6ce2-489c-b9ed-5eeb614c7de6,KOLINK KL-SFX250 Black / Green SFX 250W Non-Modular 80+ Bronze Certified,KOLINK,KL-SFX250,250W Bronze,,972499df-6ce2-489c-b9ed-5eeb614c7de6.json,BLACK | GREEN,1,0,0,2,0,0,2,,,80+ Bronze,False,SFX,,,,,,,100,,,,KL-SFX250,Non-Modular,250
974dd036-123f-4ccd-a139-4deb483c8632,Azza PSAZ-700A14 Certified ATX 700W Non-Modular 80+ Bronze,Azza,PSAZ-700A14,700W Bronze,,974dd036-123f-4ccd-a139-4deb483c8632.json,,1,1,0,5,0,2,6,,,80+ Bronze,False,ATX,,,,,,,,,,,PSAZ-700A14,Non-Modular,700
97530ee8-4a96-4c36-ab39-322aa6787b8d,Deepcool DA500 Black / Gold 500W Non-Modular 80+ Bronze Certified,DeepCool,DA500,500W Bronze,,97530ee8-4a96-4c36-ab39-322aa6787b8d.json,BLACK | GOLD,1,1,0,3,0,2,5,,,80+ Bronze,False,ATX,B00N2QIML8,,,,,,140,,,,DP-BZ-DA500N | DA500,Non-Modular,500
977a8de9-daa1-4d9b-9762-323317f9603e,Silverstone SX700-PT Black SFX 700W Fully Modular 80+ Platinum Certified,Silverstone,SX700-PT,700W Platinum,,977a8de9-daa1-4d9b-9762-323317f9603e.json,BLACK,1,0,0,0,0,0,6,,,80+ Platinum,False,SFX,B07Y49P3Y4,,,,,794747113,100,,,,SST-SX700-PT | SX700-PT,Full,700
9786b193-0ec4-43d2-9002-ae37218c77ec,In Win P65 ATX 650W Fully Modular 80+ Gold Certified,In Win,P65,650W Gold,,9786b193-0ec4-43d2-9002-ae37218c77ec.json,BLACK,1,1,0,4,0,4,9,,,80+ Gold,False,ATX,B08LL6D766,,,,,577739705,160,,,,IW-PS-P650W | P65,Full,650
978f6afe-3c8d-4ce7-adef-0eb1c4458d97,Enermax REVOLUTION SFX Black 550W Fully Modular 80+ Gold,Enermax,REVOLUTION,550W Gold,,978f6afe-3c8d-4ce7-adef-0eb1c4458d97.json,BLACK,1,1,0,4,0,2,6,,,80+ Gold,False,SFX,,,,,,,100,,,,ERV550SWT,Full,550
97c6244f-7180-4281-95e5-ac448c7b4bbd,ENDORFY Supremo FM5 1000W Fully Modular 80+ Gold Certified,ENDORFY,Supremo,1000W Gold,,97c6244f-7180-4281-95e5-ac448c7b4bbd.json,BLACK,1,2,0,1,0,4,8,,,80+ Gold,False,ATX,,,,,,,140,,,,EY7A010,Full,1000
97e11681-a6f0-464f-9ff2-80c2d72385d6,Phanteks AMP White 1000W Fully Modular 80+ Platinum Certified,Phanteks,AMP,1000W Platinum,,97e11681-a6f0-464f-9ff2-80c2d72385d6.json,WHITE,1,2,0,2,1,4,14,,,80+ Platinum,False,ATX,,,,,,,140,,,,PH-P1000GH_WT01 | PH-P1000GH_WT01_UK | PH-P1000GH_WT01_EU,Full,1000
982a442a-8e0a-490f-ad13-ddce35b752a4,Corsair RM750e (2023) 750W 80+ Gold Fully Modular,Corsair,RM750e,750W Gold,,982a442a-8e0a-490f-ad13-ddce35b752a4.json,BLACK,1,0,0,0,0,0,7,,,80+ Gold,False,ATX,B0BYR1BXC6,6537989,,,N82E16817139307,,140,,,,CP-9020262-NA | CP-9020262-UK | CP-9020262-EU | CP-9020262-AU,Full,750
982af11e-327a-48f2-9001-5bc0ec32aa8b,EVGA 550 GD Black 550W Non-Modular 80+ Gold,EVGA,550,550W Gold,,982af11e-327a-48f2-9001-5bc0ec32aa8b.json,BLACK,1,1,0,3,0,2,6,,,80+ Gold,False,ATX,,,,,,,165,,,,100-GD-0550-V2 | 100-GD-0550-V1 | 100-GD-0550-V3,Non-Modular,550
98483a13-df40-4835-b5c7-d0a31c37bb89,Chieftec GPS-700A8 Black / White 700W Non-Modular 80+ Bronze,Chieftec,GPS-700A8,700W Bronze,,98483a13-df40-4835-b5c7-d0a31c37bb89.json,BLACK | WHITE,1,1,0,2,0,2,6,,,80+ Bronze,False,ATX,,,,,,,140,,,,GPS-700A8,Non-Modular,700
9854a0f2-c6e7-4e3b-81d1-9f8d132921c5,SeaSonic FOCUS ATX 550W Fully Modular 80+ Platinum Certified,SeaSonic,FOCUS,550W Platinum,,9854a0f2-c6e7-4e3b-81d1-9f8d132921c5.json,BLACK,1,2,0,3,0,2,10,,,80+ Platinum,False,ATX,B074N8YBK9,,,,,,140,,,,FOCUS-PX-550 | SSR-550PX,Full,550
985f08eb-1c04-44a3-8ec2-3deef45523f8,Corsair G700 700W 80+ Non-Modular,Corsair,G700,700W 80+,,985f08eb-1c04-44a3-8ec2-3deef45523f8.json,,1,1,0,8,0,2,6,,,80+,False,ATX,,,,,,,160,,,,CMPSU-700G,Non-Modular,700
987d8042-f749-455b-96a1-8b95d9d0daf1,FSP Group Hyper M85+ Black 550W Semi-Modular 80+ Bronze Certified,FSP Group,Hyper,550W Bronze,,987d8042-f749-455b-96a1-8b95d9d0daf1.json,BLACK,1,1,0,3,0,4,8,,,80+ Bronze,False,ATX,,,,,,,165,,,,HA550M,Semi-Modular,550
9895ff1a-f290-493c-a79a-40161e22d180,Fractal Design Ion+ 760P Black ATX 760W Fully Modular 80+ Platinum Certified,Fractal Design,Ion+,760W Platinum,,9895ff1a-f290-493c-a79a-40161e22d180.json,BLACK,1,2,0,4,0,6,10,,,80+ Platinum,False,ATX,,,,,,,150,,,,FD-PSU-IONP-760P-BK | FD-PSU-IONP-760P-BK-EU | FD-PSU-IONP-760P-BK-US,Full,760
98d5871d-13e2-4d31-8fa1-4ff35a7feea0,be quiet! Straight Power 11 ATX 1000W Fully Modular 80+ Gold Certified,be quiet!,Straight,1000W Gold,,98d5871d-13e2-4d31-8fa1-4ff35a7feea0.json,,1,2,0,8,0,6,11,,,80+ Gold,False,ATX,B078WZSN2W,,,,,,170,,,,BN285 | BN621,Full,1000
98df8d85-8c9d-4273-bf61-7db652bddc03,Fractal Design Newton R3 1000W Semi-Modular 80+ Platinum Certified,Fractal Design,Newton,1000W Platinum,,98df8d85-8c9d-4273-bf61-7db652bddc03.json,,1,2,0,4,0,6,12,,,80+ Platinum,False,ATX,,,,,,,165,,,,FD-PSU-NT3B-1000W,Semi-Modular,1000
990d12cc-40b5-4cee-911e-841bc15ec986,Corsair SF600 (2018) 600 W 80+ Platinum Certified Fully Modular SFX Power Supply,Corsair,SF Series SF600,SFX Platinum (600W),2018,990d12cc-40b5-4cee-911e-841bc15ec986.json,,1,1,0,4,0,2,4,,,80+ Platinum,False,SFX,B07F84FJ1G,6351844,,,9SIB8AKKDZ7378,250717047,100,,,,CP-9020182-NA,Full,600
991d00c2-04ac-449f-a8a2-72a9ee8c66a6,Seasonic Focus V4 GX-1000 Fully Modular ATX Power Supply - 1000 Watts ATX 3.1 - White,SeaSonic,Focus GX V4,1000W 80+ Gold,2024,991d00c2-04ac-449f-a8a2-72a9ee8c66a6.json,WHITE,1,1,0,3,1,1,4,Cybenetics Gold,Cybenetics A-,80+ Gold,False,ATX,B0DP4JRTST,10871636,31627,https://seasonic.com/focus-gx-white-atx-3/,N82E16817151275,16290062850,140,,2026-03-28T19:32:15.986Z,White,FOCUS-GX-1000W-V4 | SRP-FGX102-A5A32SF WHITE | Focus GX-1000 White ATX 3.1 | Focus GX-1000 V4 WHITE (2024) | FOCUS-GX-750-V4-WHITE | FOCUS-GX-1000-V4-WHITE,Full,1000
993f5969-f1e1-4478-a63f-e7a505b88574,Thermaltake Toughpower GX1 Black 500W Non-Modular 80+ Gold Certified,Thermaltake,Toughpower,500W Gold,,993f5969-f1e1-4478-a63f-e7a505b88574.json,BLACK,1,1,0,4,0,2,6,,,80+ Gold,False,ATX,B07NPKD38F,,,,9SIBJSDJZP1924,241905595,140,,,,PS-TPD-0500NNFAGU-1 | PS-TPD-0500NHFAGU-1 | CSP-321,Non-Modular,500
995fadf5-2dd1-45fb-bfbe-c674467ed817,Cooler Master GX Black 850W Fully Modular 80+ Gold,Cooler Master,GX,850W Gold,,995fadf5-2dd1-45fb-bfbe-c674467ed817.json,BLACK,1,2,0,4,1,3,8,,,80+ Gold,False,ATX,,,,,,,160,,,,MPX-8503-AFAG-BUS | MPX-8503-AFAG-BUK | MPX-8503-AFAG-BWO | MPX-8503-AFAG-BEU | MPX-8503-AFAG-BAU,Full,850
99b1d04f-ea8d-40fd-92da-308592a9e066,be quiet! Straight Power 12 Black 1000W Fully Modular 80+ Platinum Certified,be quiet!,Straight Power 12,1000W ,,99b1d04f-ea8d-40fd-92da-308592a9e066.json,BLACK,1,2,0,2,1,4,9,,,80+ Platinum,False,ATX,B0CC821H5S,,,https://www.bequiet.com/en/powersupply/4655,1HU-004H-000T2,,160,,2026-03-16T14:23:03.314Z,Black,BN527 | BN516,Full,1000
99b4fe01-c140-4410-b705-750498cf4184,Fractal Design Integra R2 650W 80+ Bronze Non-Modular,Fractal Design,Integra,650W Bronze,,99b4fe01-c140-4410-b705-750498cf4184.json,,1,1,0,2,0,2,6,,,80+ Bronze,False,ATX,,,,,,,139,,,,FD-PSU-IN2B-650W,Non-Modular,650
99bcd786-238e-425e-a189-2ca60edd05bf,Cooler Master MWE Bronze V3 Black 230V ATX 650W Non-Modular 80+ Bronze Certified,Cooler Master,MWE,650W Bronze,,99bcd786-238e-425e-a189-2ca60edd05bf.json,BLACK,1,2,0,3,0,4,6,,,80+ Bronze,False,ATX,,,,,,,140,,,,MPE-6501-ACABW-3BUK | MPE-6501-ACABW-3BTH | MPE-6501-ACABW-3BBR | MPE-6501-ACABW-3BIN | MPE-6503-ACABW-3BKR | MPE-6501-ACABW-3BEU | MPE-6501-ACABW-3BAU | MPE-6501-ACABW-3BST,Non-Modular,650
99bd1781-5405-4e14-9ea1-3b52f7a19f1d,Fractal Design Integra M ATX 650W Semi-Modular 80+ Bronze Certified,Fractal Design,Integra,650W Bronze,,99bd1781-5405-4e14-9ea1-3b52f7a19f1d.json,,1,1,0,2,0,2,6,,,80+ Bronze,False,ATX,,,,,,,140,,,,FD-PSU-IN3B-650W,Semi-Modular,650
99c1715f-6e9f-4d98-bbc3-c4fb1f01f6b7,Xilence Performance A+ III Black / Red Certified ATX 450W Non-Modular 80+ Bronze,Xilence,Performance,450W Bronze,,99c1715f-6e9f-4d98-bbc3-c4fb1f01f6b7.json,BLACK | RED,1,1,0,3,0,1,5,,,80+ Bronze,False,ATX,,,,,,,140,,,,XN081,Non-Modular,450
99c50655-ab43-487e-9488-dcdec8878911,LEPA MaxBron ATX 450W Semi-Modular 80+ Bronze Certified,LEPA,MaxBron,450W Bronze,,99c50655-ab43-487e-9488-dcdec8878911.json,,1,0,0,0,0,0,5,,,80+ Bronze,False,ATX,,,,,,,160,,,,B450-MB,Semi-Modular,450
99c9789d-1b58-4f27-8700-c31bc2115bf3,EVGA 500 BT Black 500W Non-Modular 80+ Bronze Certified ATX,EVGA,500,500W Bronze,,99c9789d-1b58-4f27-8700-c31bc2115bf3.json,BLACK,1,1,0,3,0,2,6,,,80+ Bronze,False,ATX,,,,,,,140,,,,100-BT-0500-K1 | 100-BT-0500-K2 | 100-BT-0500-K3,Non-Modular,500
9a05e502-a1ea-4ec5-b7fc-ce7320c7f4f4,Zalman TXII Black 600W Non-Modular 80+ Certified,Zalman,TXII,600W 80+,,9a05e502-a1ea-4ec5-b7fc-ce7320c7f4f4.json,BLACK,1,1,0,4,0,2,6,,,80+,False,ATX,,,,,,,140,,,,ZM600-TXII,Non-Modular,600
9a29d81c-c1d2-448e-99ec-3fc890d378a5,ADATA XPG PYLON Black 650W Non-Modular 80+ Bronze Certified,ADATA,XPG,650W Bronze,,9a29d81c-c1d2-448e-99ec-3fc890d378a5.json,BLACK,1,1,0,1,0,4,8,,,80+ Bronze,False,ATX,B08G7Q7TL2,,,,,,140,,,,PYLON650B-BKCUS | PYLON650B-BKCAR | PYLON650B-BKCAU | PYLON650B-BKCBR | PYLON650B-BKCCN | PYLON650B-BKCEU | PYLON650B-BKCGB | PYLON650B-BKCJP | PYLON650B-BKCKR | PYLON650B-BKCTW | PYLON650B-BKCZA | PYLON 650 | 75260131 | Pylon,Non-Modular,650
9a51e9a7-6de5-450d-8c00-75771a0f5402,Corsair HX650 650W 80+ Gold Semi-Modular,Corsair,HX650,650W Gold,,9a51e9a7-6de5-450d-8c00-75771a0f5402.json,,1,1,0,8,0,4,9,,,80+ Gold,False,ATX,,,,,,,149,,,,HX650 | CP-9020030-NA | CMPSU-650HX | CMPSU-650HXUK,Semi-Modular,650
9a7c181c-4e10-4d78-9524-c8ded8b6ec28,be quiet! Pure Power 13 M Fully Modular ATX Power Supply - 850 Watts ATX 3.1 - Black,be quiet!,Pure Power 13M ,850W Gold,2025,9a7c181c-4e10-4d78-9524-c8ded8b6ec28.json,BLACK,1,2,0,2,1,4,6,Cybenetics Platinum,Cybenetics A++,80+ Gold,False,ATX,B0FBY3F1NT,12202130,31519,https://www.bequiet.com/en/powersupply/5952,N82E16817222043,17077011494,160,,,Black,BP027US | BP027EU,Full,850
9a97c0ba-7815-4738-9481-5b965eb21146,Cooler Master MWE White V2 230V ATX 550W Non-Modular 80+ Bronze Certified,Cooler Master,MWE,550W Bronze,,9a97c0ba-7815-4738-9481-5b965eb21146.json,BLACK | WHITE,1,1,0,3,0,2,6,,,80+ Bronze,False,ATX,,,,,,,140,,,,MPE-5501-ACABW-B | MPE-5501-ACABW-BUS | MPE-5501-ACABW-BWO | MPE-5501-ACABW-BUK | MPE-5501-ACABW-BEU | MPE-5501-ACABW-BAU,Non-Modular,550
9a9cd65a-47cc-46d7-9135-77ae2219a26f,FSP Group Hydro X ATX 650W Non-Modular 80+ Gold Certified,FSP Group,Hydro,650W Gold,,9a9cd65a-47cc-46d7-9135-77ae2219a26f.json,,1,1,0,2,0,4,10,,,80+ Gold,False,ATX,,,,,,,150,,,,HGX650,Non-Modular,650
9ae8632e-c2fa-42e8-805d-371a57310d07,EVGA SuperNOVA 1000 G1 1000W Fully Modular 80+ Gold Certified,EVGA,SuperNOVA,1000W Gold,,9ae8632e-c2fa-42e8-805d-371a57310d07.json,,1,2,0,6,0,6,9,,,80+ Gold,False,ATX,,,,,,,199,,,,120-G1-1000-VR | 120-G1-1000-V2 | 120-G1-1000-V3,Full,1000
9ae9d1a7-5033-4303-876d-638794fba9c3,1STPLAYER NGDP 1000W Fully Modular 80+ Gold Certified ATX,1STPLAYER,NGDP,1000W Gold,,9ae9d1a7-5033-4303-876d-638794fba9c3.json,BLACK,1,0,0,0,0,0,8,,,80+ Gold,False,ATX,,,,,,,140,,,,NGDP-GLD-1000-BK-US,Full,1000
9b1061dd-b136-4f4b-8113-69bc21d4426d,Aerocool Integrator Gold 850W Fully Modular 80+ Gold Certified ATX,Aerocool,Integrator,850W Gold,,9b1061dd-b136-4f4b-8113-69bc21d4426d.json,BLACK,1,2,0,3,0,4,6,,,80+ Gold,False,ATX,,,,,,,140,,,,ACPG-IM85FKC.31,Full,850
9b5694c5-9721-4d52-adc8-d39e1681bbac,Rosewill RD-Z Black 500W Non-Modular 80+ Certified ATX,Rosewill,RD-Z,500W 80+,,9b5694c5-9721-4d52-adc8-d39e1681bbac.json,BLACK,1,1,0,3,0,2,5,,,80+,False,ATX,,,,,,,140,,,,RD 500Z,Non-Modular,500
9b758f7a-a08c-4f4a-bde6-3d7b3b8ed3e7,SeaSonic SSP-300SUG Flex ATX 300W Non-Modular 80+ Gold Certified,SeaSonic,SSP-300SUG,300W Gold,,9b758f7a-a08c-4f4a-bde6-3d7b3b8ed3e7.json,,1,1,0,0,0,0,0,,,80+ Gold,False,Flex ATX,B017XEIJDK,,,,,2095621681,150,,,,SSP-300SUG,Non-Modular,300
9b800582-77be-4641-924c-0a0d9ad5ce42,SeaSonic G ATX 750W Semi-Modular 80+ Gold Certified,SeaSonic,G,750W Gold,,9b800582-77be-4641-924c-0a0d9ad5ce42.json,,1,2,0,5,0,6,10,,,80+ Gold,False,ATX,,,,,,,159,,,,SSR-750RM,Semi-Modular,750
9b95a2f3-e588-4e5a-bbb9-bde7de957adc,"EVGA SuperNOVA 650 GT, 80 Plus Gold 650W, Fully Modular, Auto Eco Mode with FDB Fan, 7 Year Warranty, Includes Power ON Self Tester, Compact 150mm Size, Power Supply",EVGA,SuperNOVA,GT,0,9b95a2f3-e588-4e5a-bbb9-bde7de957adc.json,,1,1,1,3,0,3,6,,,80+ Gold,False,ATX,B088SSX883,,,,N82E16817438186,271553657,150,,,,220-GT-0650-Y1 | 220-GT-0650-Y7,Full,650
9ba47c2e-4887-4edd-92ab-5c267db4eac7,Antec High Current Gamer 620W Non-Modular 80+ Bronze,Antec,High,620W Bronze,,9ba47c2e-4887-4edd-92ab-5c267db4eac7.json,,1,1,0,6,0,2,6,,,80+ Bronze,False,ATX,,,,,,,160,,,,HCG-620,Non-Modular,620
9bd57e30-1c56-4e0a-b335-aa727c321e51,EVGA 600 B1 600W Non-Modular 80+ Bronze Certified,EVGA,600,600W Bronze,,9bd57e30-1c56-4e0a-b335-aa727c321e51.json,,1,1,0,3,0,2,6,,,80+ Bronze,False,ATX,B00EON40CS,,,,,32925489,139,,,,100-B1-0600-KR | 100-B1-0600-K2 | 100-B1-0600-K3,Non-Modular,600
9bf6f834-ed16-4959-9c1c-83f741104e53,Corsair TX550M 550W Semi-Modular 80+ Bronze Certified ATX,Corsair,TX550M,550W Bronze,,9bf6f834-ed16-4959-9c1c-83f741104e53.json,,1,1,0,8,0,2,6,,,80+ Bronze,False,ATX,,,,,,,160,,,,TX550M | CP-9020001-NA,Semi-Modular,550
9bf7f121-5d86-40b4-b3d0-b0562b5e1745,Thermaltake Smart Pro RGB 750W Fully Modular 80+ Bronze Certified,Thermaltake,Smart,750W Bronze,,9bf7f121-5d86-40b4-b3d0-b0562b5e1745.json,,1,0,0,0,0,0,9,,,80+ Bronze,False,ATX,B01NCRRCRR,,,,9SIBJSDK2D9836,55586366,170,,,,PS-SPR-0750FPCBUS-R | SPR-0750F-R,Full,750
9c382e04-4647-4225-87be-121b0790c615,Cooler Master V SFX ATX 3.0 850W Fully Modular 80+ Gold Certified,Cooler Master,V,850W Gold,,9c382e04-4647-4225-87be-121b0790c615.json,BLACK,1,0,0,0,0,0,8,,,80+ Gold,False,SFX,B0CFCZYC2Q,,,,N82E16817171238,5027567740,100,,,,MPY-8501-SFHAGV-3US | MPY-8501-SFHAGV-3KR | MPY-8501-SFHAGV-3AU | MPY-8501-SFHAGV-3JP | MPY-8501-SFHAGV-3TW | MPY-8501-SFHAGV-3IN | MPY-8501-SFHAGV-3UK | MPY-8501-SFHAGV-3EU | MPY-8501-SFHAGV-3BR | MPY-8501-SFHAGV-3ST | MPY-8501-SFHAGV-3WO | MPY-8501-SFHAGV-3U1,Full,850
9c4d5aac-2206-41c3-be6c-a1b8dd54b524,Deepcool PK650D Black ATX 650W Non-Modular 80+ Bronze Certified,DeepCool,PK650D,650W Bronze,,9c4d5aac-2206-41c3-be6c-a1b8dd54b524.json,BLACK,1,0,0,0,0,0,7,,,80+ Bronze,False,ATX,B09TSQ4PQT,,,,,,140,,,,R-PK650D-FA0B-US | R-PK650D-FA0B-JP | R-PK650D-FA0B-CN | R-PK650D-FA0B-UK | R-PK650D-FA0B-BR | R-PK650D-FA0B-BP | R-PK650D-FA0B-AR | R-PK650D-FA0B-AU | R-PK650D-FA0B-BE | R-PK650D-FA0B-WO | R-PK650D-FA0B-EU,Non-Modular,650
9c53c384-60a2-4bbf-9831-d49ddd2ca2d6,FSP Group Hydro PTM PRO 1200W Fully Modular 80+ Platinum Certified,FSP Group,Hydro,1200W Platinum,,9c53c384-60a2-4bbf-9831-d49ddd2ca2d6.json,BLACK,1,3,0,5,0,8,14,,,80+ Platinum,False,ATX,,,,,,,190,,,,HPT2-1200M,Full,1200
9c8657b4-c095-426e-868c-44169718765a,Thermaltake Smart 1200W Semi-Modular 80+ Bronze Certified,Thermaltake,Smart,1200W Bronze,,9c8657b4-c095-426e-868c-44169718765a.json,,1,2,0,6,0,6,12,,,80+ Bronze,False,ATX,,,,,,,160,,,,SP-1200M,Semi-Modular,1200
9c931c3a-86d1-4002-9f61-be391cae5fc8,Ultra X4 ATX 1050W Fully Modular 80+ Silver Certified,Ultra,X4,1050W Silver,,9c931c3a-86d1-4002-9f61-be391cae5fc8.json,,1,1,0,9,0,0,11,,,80+ Silver,False,ATX,,,,,,,,,,,U12-41564,Full,1050
9cb208e1-7cc1-46b1-bc2b-6dbd402a2ba4,be quiet! Pure Black 400W Semi-Modular 80+ Gold Certified,be quiet!,Pure,400W Gold,,9cb208e1-7cc1-46b1-bc2b-6dbd402a2ba4.json,BLACK,1,1,0,2,0,2,5,,,80+ Gold,False,ATX,,,,,,,160,,,,BN296,Semi-Modular,400
9cb931d5-608e-4312-b0c5-6551d3a983da,Thermalright TPFX650 White SFX 650W Fully Modular 80+ Platinum Certified,Thermalright,TPFX650,650W Platinum,,9cb931d5-608e-4312-b0c5-6551d3a983da.json,WHITE,1,1,0,3,0,4,6,,,80+ Platinum,False,SFX,,,,,,,100,,,,TPFX650-W,Full,650
9cc74cd7-1f3d-44ec-8c24-51b4fb07be54,Aerocool LUX RGB 750M 750W Semi-Modular 80+ Bronze Certified,Aerocool,LUX,750W Bronze,,9cc74cd7-1f3d-44ec-8c24-51b4fb07be54.json,BLACK,1,1,0,3,0,2,5,,,80+ Bronze,False,ATX,,,,,,,160,,,,LUX RGB 750M,Semi-Modular,750
9ccc2b1d-c1b1-4ffa-99b4-c4922abcf001,Phanteks AMP v2 White 1000W Fully Modular 80+ Gold Certified ATX,Phanteks,AMP,1000W Gold,,9ccc2b1d-c1b1-4ffa-99b4-c4922abcf001.json,WHITE,1,2,0,5,1,5,10,,,80+ Gold,False,ATX,,,,,,,140,,,,PH-P1000G_WT02,Full,1000
9cf32713-c466-43d1-8c61-23705d3328a2,EVGA Classified SR-2 1200W Fully Modular 80+ Silver Certified,EVGA,Classified,1200W Silver,,9cf32713-c466-43d1-8c61-23705d3328a2.json,,1,2,0,6,0,12,9,,,80+ Silver,False,ATX,,,,,,,200,,,,100-PS-1200-GR,Full,1200
9d339042-ad93-4a0f-a0c0-981fec8b0b8a,Thermaltake Toughpower Grand RGB 650W Fully Modular 80+ Gold Certified,Thermaltake,Toughpower,650W Gold,,9d339042-ad93-4a0f-a0c0-981fec8b0b8a.json,,1,1,0,4,0,4,9,,,80+ Gold,False,ATX,B01N7GD5HN,,,,9SIAD6HJN24898,859044424,160,,,,PS-TPG-0650FPCGUS-R,Full,650
9d39d89c-c940-4eea-9e6f-e656b6155947,Pure Power 10 | 600W CM,be quiet!,Pure Power 10,600W CM,0,9d39d89c-c940-4eea-9e6f-e656b6155947.json,,1,1,1,3,0,4,6,,,80+ Silver,False,ATX,B07CX32252,,,,,,160,,,,BN674 | BN278,Semi-Modular,600
9d3de699-eace-4387-ba17-5f213c9b690a,Aerocool P7 Platinum ATX 850W Fully Modular 80+ Platinum Certified,Aerocool,P7,850W Platinum,,9d3de699-eace-4387-ba17-5f213c9b690a.json,BLACK,1,2,0,6,0,6,10,,,80+ Platinum,False,ATX,,,,,,,165,,,,P785FUC11 | P7-850W Platinum,Full,850
9d47ad1f-c526-4d77-8280-6d4db7ee41b2,EVGA SuperNOVA 650 GM SFX 650W Fully Modular 80+ Gold Certified,EVGA,SuperNOVA,650W Gold,,9d47ad1f-c526-4d77-8280-6d4db7ee41b2.json,BLACK,1,1,0,4,0,4,6,,,80+ Gold,False,SFX,B07JG5M5TW,,,,N82E16817438149,324233004,100,,,,123-GM-0650-Y1 | 123-GM-0650-Y2 | 123-GM-0650-Y3 | 650GM,Full,650
9d4855e4-ee88-40ab-b963-5a89935b0c8c,Cougar CMD 600 600W Semi-Modular 80+ Bronze Certified,Cougar,CMD,600W Bronze,,9d4855e4-ee88-40ab-b963-5a89935b0c8c.json,BLACK | BLUE,1,1,0,3,0,2,6,,,80+ Bronze,False,ATX,,,,,,,160,,,,31TD060.0022 | CGR R-600,Semi-Modular,600
9d4f03d3-970b-4be0-801b-51fb08ce098d,Corsair VS450 ATX 450W Non-Modular,Corsair,VS450,450W ,,9d4f03d3-970b-4be0-801b-51fb08ce098d.json,,1,1,0,4,0,2,4,,,,False,ATX,,,,,,,140,,,,CP-9020049-WW | CMPSU-VS450 | CP-9020049 AU | CP-9020096-EU,Non-Modular,450
9d53cc4c-c2a5-49b8-a32e-1ec4944fb6ce,EVGA 700 GQ Black 700W Semi-Modular 80+ Gold Certified,EVGA,700,700W Gold,,9d53cc4c-c2a5-49b8-a32e-1ec4944fb6ce.json,BLACK,1,2,0,3,0,4,8,,,80+ Gold,False,ATX,,,,,,,140,,,,110-GQ-0700-V7 | 110-GQ-0700-V4,Semi-Modular,700
9d67c65a-b35f-459c-88dd-f856bdef97cb,NZXT HALE82 ATX 750W Semi-Modular 80+ Bronze Certified,NZXT,HALE82,750W Bronze,,9d67c65a-b35f-459c-88dd-f856bdef97cb.json,,1,2,0,6,0,2,8,,,80+ Bronze,False,ATX,,,,,,,160,,,,HALE82-750-M | HALE82 750W,Semi-Modular,750
9d7a1747-69fa-42d0-a2bf-75f35a041fbb,Thermaltake TR2 ATX 650W Fully Modular,Thermaltake,TR2,650W ,,9d7a1747-69fa-42d0-a2bf-75f35a041fbb.json,,1,1,0,6,0,2,6,,,,False,ATX,,,,,,,160,,,,TRX-650M,Full,650
9da7b0ea-6114-4bf6-8ba3-7c921d0f3dcc,Corsair RM850e Black 850W Fully Modular 80+ Gold,Corsair,RM850e,850W Gold,,9da7b0ea-6114-4bf6-8ba3-7c921d0f3dcc.json,BLACK,1,0,0,0,0,0,7,,,80+ Gold,False,ATX,B0BYQPH5J3,6589937,,,N82E16817139306,3177905350,140,,,,CP-9020263-NA | CP-9020263-EU | CP-9020263-UK | CP-9020263-AU,Full,850
9dda7314-f280-41b6-94d5-9d0338ada5df,Cooler Master eXtreme Power Plus 500W Non-Modular,Cooler Master,eXtreme,500W ,,9dda7314-f280-41b6-94d5-9d0338ada5df.json,,1,1,0,5,0,0,4,,,,False,ATX,,,,,,,140,,,,RS500-PCARA3-US,Non-Modular,500
9ddb8f90-d1ce-412b-8588-bf29adfcc60e,Silverstone Strider Titanium 700W Fully Modular 80+ Titanium Certified,Silverstone,Strider,700W Titanium,,9ddb8f90-d1ce-412b-8588-bf29adfcc60e.json,,1,2,0,3,0,4,12,,,80+ Titanium,False,ATX,B01CE7NUIU,,,,,,150,,,,ST70F-TI | PS-ST70F-TI | SST-ST70F-TI,Full,700
9ddc9cfd-6458-4add-884c-667df117d504,Apevia ATX-ES700-RGB Black ATX 700W Semi-Modular,Apevia,ATX-ES700-RGB,700W ,,9ddc9cfd-6458-4add-884c-667df117d504.json,BLACK,1,0,0,0,0,0,4,,,,False,ATX,B08ZBT29WY,,,,,689169100,160,,,,ATX-ES700-RGB,Semi-Modular,700
9de1cc42-2e1f-4053-8740-da9f03c413d9,Chieftec Polaris 3.0 ATX 1050W Fully Modular 80+ Gold Certified,Chieftec,Polaris,1050W Gold,,9de1cc42-2e1f-4053-8740-da9f03c413d9.json,BLACK,1,2,0,4,0,4,12,,,80+ Gold,False,ATX,,,,,,,160,,,,PPS-1050FC-A3,Full,1050
9defb284-1ab7-42e6-aa1d-66bb1592d0d2,EVGA SuperNOVA 750 PQ 750W Semi-Modular 80+ Platinum Certified ATX,EVGA,SuperNOVA,750W Platinum,,9defb284-1ab7-42e6-aa1d-66bb1592d0d2.json,BLACK,1,2,0,3,0,6,9,,,80+ Platinum,False,ATX,,,,,,,180,,,,210-PQ-0750-X1 | 210-PQ-0750-X2,Semi-Modular,750
9defba9f-4049-4cca-b12d-4b5916df0d90,Diablotek PSUL775 ATX 775W Non-Modular,Diablotek,PSUL775,775W ,,9defba9f-4049-4cca-b12d-4b5916df0d90.json,,1,2,0,6,0,4,6,,,,False,ATX,,,,,,,160,,,,PSUL775,Non-Modular,775
9e1311bc-d147-4ad8-b9fb-10f4fa03b49d,be quiet! Dark Power Pro 13 Black 1300W Fully Modular 80+ Titanium Certified ATX,be quiet!,Dark,1300W Titanium,,9e1311bc-d147-4ad8-b9fb-10f4fa03b49d.json,BLACK,1,0,0,0,0,0,16,,,80+ Titanium,False,ATX,B0C6FYQC81,,,,1HU-004H-000S7,5293700415,200,,,,BN500 | BN711 | BN941 | BN939 | BN331 | BN750 | BN998,Full,1300
9e1c6832-078c-4537-b71e-034036a490fc,FSP Group Hydro PTM PRO Gen5 1200W Fully Modular 80+ Platinum Certified ATX,FSP Group,Hydro,1200W Platinum,,9e1c6832-078c-4537-b71e-034036a490fc.json,BLACK,1,3,0,5,1,8,14,,,80+ Platinum,False,ATX,,,,,,,190,,,,HPT2-1200M | Gen5,Full,1200
9e26dbc6-3269-4802-91e8-3ef83c501942,be quiet! Pure Power 10 500W 80+ Silver Certified Non-Modular,be quiet!,Pure,500W Silver,,9e26dbc6-3269-4802-91e8-3ef83c501942.json,,1,1,0,3,0,2,6,,,80+ Silver,False,ATX,,,,,,,150,,,,BN273 | BN673,Non-Modular,500
9e274c03-a89f-494e-b0c3-68014900bac6,EVGA 850 GQ 850W 80+ Gold Semi-Modular,EVGA,850,850W Gold,,9e274c03-a89f-494e-b0c3-68014900bac6.json,,1,0,0,0,0,0,9,,,80+ Gold,False,ATX,B017HA3SO0,,,,N82E16817438061,48400363,180,,,,210-GQ-0850 | 210-GQ-0850-V1 | 210-GQ-0850-V2 | 210-GQ-0850-V3,Semi-Modular,850
9e31ef7f-9cbf-47a7-aee3-ea0b39912797,Topower ZU-400W12 ATX 400W Non-Modular,Topower,ZU-400W12,400W ,,9e31ef7f-9cbf-47a7-aee3-ea0b39912797.json,,1,0,0,4,0,0,2,,,,False,ATX,,,,,,,140,,,,ZU-400W12,Non-Modular,400
9e6878b5-2f7a-48ec-8d8a-e222ee8986bf,Zalman TeraMax II Black 1000W Fully Modular 80+ Gold Certified,Zalman,TeraMax,1000W Gold,,9e6878b5-2f7a-48ec-8d8a-e222ee8986bf.json,BLACK,1,2,0,3,1,4,12,,,80+ Gold,False,ATX,,,,,,,140,,,,ZM1000-TMX2 BK,Full,1000
9e7a6bff-b3b6-4862-9a7a-19f9257c6464,Enermax REVOLUTION D.F. 2 850W Fully Modular 80+ Gold Certified,Enermax,REVOLUTION,850W Gold,,9e7a6bff-b3b6-4862-9a7a-19f9257c6464.json,BLACK,1,2,0,4,0,6,8,,,80+ Gold,False,ATX,B0BVTBT25B,,,,N82E16817194145,2759560407,140,,,,ERS850EWT,Full,850
9e82c54d-b697-4985-ac3a-672ce124c484,Super Flower Leadex Platinum SE 1200W Fully Modular 80+ Platinum,Super Flower,Leadex,1200W Platinum,,9e82c54d-b697-4985-ac3a-672ce124c484.json,BLACK,1,2,0,5,0,8,12,,,80+ Platinum,False,ATX,B08LSKFM43,,,,,,180,,,,SF-1200F14MP V2,Full,1200
9ecfeef0-9cc7-4d0a-b8b9-7de243e6d3a8,SeaSonic PRIME PX Black / Silver ATX 650W 80+ Platinum Certified Fully Modular,SeaSonic,PRIME,650W Platinum,,9ecfeef0-9cc7-4d0a-b8b9-7de243e6d3a8.json,BLACK | GREY,1,2,0,5,0,4,10,,,80+ Platinum,False,ATX,,,,,,,140,,,,PRIME-PX-650,Full,650
9ed7fbe7-3aa1-46f1-b7fa-2d80183ec2a8,Cooler Master V ATX 750W Semi-Modular 80+ Gold Certified,Cooler Master,V,750W Gold,,9ed7fbe7-3aa1-46f1-b7fa-2d80183ec2a8.json,,1,1,0,6,0,4,8,,,80+ Gold,False,ATX,,,,,,,139,,,,RS-750-AMAA-G1,Semi-Modular,750
9ef38734-9e2d-4da5-814f-b7f1a534eb2e,Enermax REVOLUTION III Black / Gold 1000W Fully Modular 80+ Gold,Enermax,REVOLUTION,1000W Gold,,9ef38734-9e2d-4da5-814f-b7f1a534eb2e.json,BLACK | GOLD,1,0,0,0,0,0,9,,,80+ Gold,False,ATX,B0DT2YZ775,,31522,,,16319056041,140,,,,ERV1000G-AHG-MAC | ERV1000G-AHG-MAV | EP-RV3-1000G-FR,Full,1000
9efd8ceb-ceda-4100-bd22-649de40451be,Deepcool DQ1000M-V3L Black 1000W Fully Modular 80+ Gold Certified ATX,DeepCool,DQ1000M-V3L,1000W Gold,,9efd8ceb-ceda-4100-bd22-649de40451be.json,BLACK,1,2,0,4,0,4,8,,,80+ Gold,False,ATX,,,,,,,140,,,,R-DQA00M-FB0B-US | R-DQA00M-FB0B-UK | R-DQA00M-FB0B-WO | R-DQA00M-FB0B-EU,Full,1000
9f159cfc-bad4-48ac-be7b-0c2fc1291577,Vetroo GV1000 ATX 1000W Fully Modular 80+ Gold Certified,Vetroo,GV1000,1000W Gold,,9f159cfc-bad4-48ac-be7b-0c2fc1291577.json,PINK,1,0,0,0,0,0,8,,,80+ Gold,False,ATX,B0D97LBDR7,,,,,,140,,,,CP-PSU-VT-GV1000(PK) | 1000G5,Full,1000
9f254097-0fb8-4220-a52d-5f86c6c82bc3,Silverstone Strider ATX 500W Non-Modular 80+ Bronze Certified,Silverstone,Strider,500W Bronze,,9f254097-0fb8-4220-a52d-5f86c6c82bc3.json,,1,1,0,3,0,1,6,,,80+ Bronze,False,ATX,,,,,,,140,,,,ST50F-ESB,Non-Modular,500
9f46808d-333b-464b-b69c-c5a5c22c21cd,Sparkle ATX-450PN ATX 450W Non-Modular,Sparkle,ATX-450PN,450W ,,9f46808d-333b-464b-b69c-c5a5c22c21cd.json,,1,0,0,5,0,0,2,,,,False,ATX,,,,,,,,,,,ATX-450PN,Non-Modular,450
9f837ea5-5351-4c51-a23e-281ba5f04be7,GameMax GX Pro Rampage 1250W 80+ Platinum Certified Fully Modular,GameMax,GX,1250W Platinum,,9f837ea5-5351-4c51-a23e-281ba5f04be7.json,WHITE,1,2,0,3,1,4,10,,,80+ Platinum,False,ATX,,,,,,,160,,,,GX-1250 PRO WT,Full,1250
9f8ee13d-b03b-477a-b5da-9cb9a218c7be,Zalman ZM600-ST 600W Non-Modular 80+,Zalman,ZM600-ST,600W 80+,,9f8ee13d-b03b-477a-b5da-9cb9a218c7be.json,,1,1,0,6,0,1,6,,,80+,False,ATX,,,,,,,139,,,,ZM600-ST,Non-Modular,600
9f96977f-36f4-4d29-abf7-367db6c7390d,Athena Power AP-MFATX30 Silver Mini-ITX 300W Non-Modular 80+ Bronze Certified,Athena Power,AP-MFATX30,300W Bronze,,9f96977f-36f4-4d29-abf7-367db6c7390d.json,GREY,1,1,0,2,0,0,3,,,80+ Bronze,False,Mini-ITX,,,,,,,150,,,,AP-MFATX30,Non-Modular,300
9fb72dd1-e824-42a6-acbe-724ca62e90f2,Rosewill Libertas 650W Fully Modular 80+,Rosewill,Libertas,650W 80+,,9fb72dd1-e824-42a6-acbe-724ca62e90f2.json,,1,1,0,8,0,2,8,,,80+,False,ATX,,,,,,,139,,,,LIB650,Full,650
9fbe97d1-ebd8-4f2c-89a9-bc250fd7aed7,Thermaltake Toughpower Grand RGB 1050W 80+ Platinum Certified Fully Modular,Thermaltake,Toughpower,1050W Platinum,,9fbe97d1-ebd8-4f2c-89a9-bc250fd7aed7.json,BLACK,1,2,0,4,0,8,12,,,80+ Platinum,False,ATX,,,,,,,160,,,,PS-TPG-1050F1FAPU-1,Full,1050
9fc02cfb-872a-458d-8b1a-7897690934e6,EVGA SuperNOVA 850 GM SFX 850W Fully Modular 80+ Gold Certified,EVGA,SuperNOVA,850W Gold,,9fc02cfb-872a-458d-8b1a-7897690934e6.json,BLACK,1,2,0,4,0,4,6,,,80+ Gold,False,SFX,B093B5G7XD,,,,N82E16817438207,399177504,100,,,,123-GM-0850-X1123-GM-0850-X2 | 123-GM-0850-X1,Full,850
9fc9fb9f-28ee-4878-98d5-7a7b64a43992,ARESGAME AGS 750W Semi-Modular 80+ Gold,ARESGAME,AGS,750W Gold,,9fc9fb9f-28ee-4878-98d5-7a7b64a43992.json,BLACK | RED,1,2,0,3,0,4,6,,,80+ Gold,False,ATX,,,,,,,140,,,,AGS750,Semi-Modular,750
9fceaba7-1519-432c-a699-9afa0cd534f3,Thermaltake Smart Certified ATX 500W Non-Modular 80+,Thermaltake,Smart,500W 80+,2015,9fceaba7-1519-432c-a699-9afa0cd534f3.json,,1,1,1,3,0,2,6,,,80+,False,ATX,B014W3EM2W,,,https://www.thermaltake.com/smart-500w.html,N82E16817153233,563473101,140,,2026-03-18T19:43:14.043Z,Black,PS-SPD-0500NPCWUS-W,Non-Modular,500
a000902e-7223-467c-955d-636d0fa99863,SeaSonic PRIME 600 Titanium Black Fanless ATX 600W 80+ Titanium Certified Fully Modular,SeaSonic,PRIME,600W Titanium,,a000902e-7223-467c-955d-636d0fa99863.json,BLACK,1,2,0,5,0,4,6,,,80+ Titanium,True,ATX,B01N9OLE9X,,,,,,170,,,,SSR-600TL,Full,600
a01adfaa-ae3e-4791-ab18-7b24552a729e,Cooler Master MWE Bronze V2 Black 650W Non-Modular 80+ Bronze,Cooler Master,MWE,650W Bronze,,a01adfaa-ae3e-4791-ab18-7b24552a729e.json,BLACK,1,0,0,0,0,0,8,,,80+ Bronze,False,ATX,B07S2SRLX7,,,,,,140,,,,MPE-6501-ACAAB-US | MPE-6501-ACAAB-AU | MPE-6501-ACAAB-EU | MPE-6501-ACAAB-UK | MPE-6501-ACAAB-IN,Non-Modular,650
a0391f5d-c038-432e-bc36-a967e7a90db1,SeaSonic SS-300SFD Silver SFX 300W Non-Modular 80+ Certified,SeaSonic,SS-300SFD,300W 80+,,a0391f5d-c038-432e-bc36-a967e7a90db1.json,GREY,1,0,0,0,0,0,0,,,80+,False,SFX,,,,,,,100,,,,SS-300SFD,Non-Modular,300
a044276b-cd4c-421f-847e-8394b6cfcb34,Inter-Tech Argus RGB II 600W Non-Modular 80+ Bronze Certified,Inter-Tech,Argus,600W Bronze,,a044276b-cd4c-421f-847e-8394b6cfcb34.json,BLACK,1,0,0,0,0,0,6,,,80+ Bronze,False,ATX,B097DRWP2T,,,,,,160,,,,88882146 | 13888361,Non-Modular,600
a0443d41-7cf0-4f09-afce-f10972d465b4,Enermax TRIATHLOR 650W Semi-Modular 80+ Bronze Certified,Enermax,TRIATHLOR,650W Bronze,,a0443d41-7cf0-4f09-afce-f10972d465b4.json,,1,1,0,5,0,4,9,,,80+ Bronze,False,ATX,,,,,,,139,,,,ETA650AWT-M,Semi-Modular,650
a0448648-8ab0-4d59-b02e-b53b72646cdc,Corsair HX750 Black 750W Fully Modular 80+ Platinum Certified,Corsair,HX750,750W Platinum,,a0448648-8ab0-4d59-b02e-b53b72646cdc.json,BLACK,1,2,0,4,0,4,10,,,80+ Platinum,False,ATX,,,,,,,160,,,,CP-9020212-NA | CP-9020212-AU | CP-9020212-KR | CP-9020212-WW,Full,750
a047b64b-f9c3-49a2-b033-fc93984f834e,Zalman zm-500-LE ATX 500W Non-Modular,Zalman,zm-500-LE,500W ,,a047b64b-f9c3-49a2-b033-fc93984f834e.json,,1,1,0,3,0,1,6,,,,False,ATX,,,,,,,139,,,,zm-500-LE,Non-Modular,500
a05b9165-67bd-4968-a7e5-149daab1800d,Cooler Master MWE GOLD V2 Black 550W Non-Modular 80+ Gold Certified ATX,Cooler Master,MWE,550W Gold,,a05b9165-67bd-4968-a7e5-149daab1800d.json,BLACK,1,2,0,4,0,2,8,,,80+ Gold,False,ATX,,,,,,,140,,,,MPE-5501-ACAAG,Non-Modular,550
a07795bb-ea74-44ee-ae41-27d00ea59cdc,Antec CSK Black / Yellow 550W Non-Modular 80+ Bronze Certified ATX,Antec,CSK,550W Bronze,,a07795bb-ea74-44ee-ae41-27d00ea59cdc.json,BLACK | YELLOW,1,1,0,2,0,2,7,,,80+ Bronze,False,ATX,B091DS1MM6,,,,,,140,,,,CSK550 | X5000A253HC-20 | 0-761345-11741-8 | CSK550 AU | 0-761345-11739-5,Non-Modular,550
a0a4c9eb-c219-4022-b4e4-0a634d9190d4,Corsair CX-750 V3 750W 80+ Bronze Certified Non-Modular,Corsair,CX-750,750W Bronze,,a0a4c9eb-c219-4022-b4e4-0a634d9190d4.json,,1,1,0,4,0,0,6,,,80+ Bronze,False,ATX,,,,,,,140,,,,CMPSU-750CXV3,Non-Modular,750
a0a8af39-9da8-4a8d-bf90-5f58cbdcc32c,Asus ROG THOR T3 GAMING Black 1600W Fully Modular 80+ Titanium Certified,Asus,ROG Thor,1600W Titanium III,,a0a8af39-9da8-4a8d-bf90-5f58cbdcc32c.json,BLACK,1,2,0,6,1,10,12,Cybenetics Titanium,Cybenetics A++,80+ Titanium,False,ATX,B08H21WHLJ,,,https://rog.asus.com/power-supply-units/rog-thor/rog-thor-1600t-gaming-model/spec/,1HU-009B-001N6,,200,ARGB | Display,,Black/Silver,ROG-THOR-1600T3-GAMING | ROG-THOR-1600T-GAMING,Full,1600
a0bac4e5-9b43-4042-b904-07d312642122,Cooler Master Silent Pro M2 620W Semi-Modular 80+ Bronze,Cooler Master,Silent,620W Bronze,,a0bac4e5-9b43-4042-b904-07d312642122.json,,1,1,0,5,0,4,9,,,80+ Bronze,False,ATX,,,,,,,162,,,,RS620-SPM2E3-US,Semi-Modular,620
a0c88434-a628-44ad-bf18-068e67435e15,Thermaltake Toughpower iRGB PLUS TT Premium Edition 1250W Fully Modular 80+ Titanium Certified,Thermaltake,Toughpower,1250W Titanium,,a0c88434-a628-44ad-bf18-068e67435e15.json,BLACK,1,2,0,8,1,5,16,,,80+ Titanium,False,ATX,,,,,,,180,,,,PS-TPI-1250F3FDTA-1 | PS-TPI-1250F3FDTE-1,Full,1250
a0d712da-3154-4124-8e9d-a170abc8d2f2,Cooler Master MPW-5502-ACABW 230V ATX 550W Non-Modular 80+,Cooler Master,MPW-5502-ACABW,550W 80+,,a0d712da-3154-4124-8e9d-a170abc8d2f2.json,,1,1,0,3,0,2,6,,,80+,False,ATX,,,,,,,140,,,,MPW-5502-ACABW,Non-Modular,550
a0e638c7-9795-42c1-992c-55b3dfbe9ca7,Corsair RM850 ATX 850W Fully Modular 80+ Gold Certified,Corsair,RM850,850W Gold,,a0e638c7-9795-42c1-992c-55b3dfbe9ca7.json,WHITE | BLACK,1,0,0,0,0,0,14,,,80+ Gold,False,ATX,,6477389,,,N82E16817139278,,160,,,,CP-9020232-NA | CP-9020232-UK | CP-9020232-AU,Full,850
a0e74f9f-6858-4532-88ba-a9eaf13f2961,BitFenix Formula Bronze Black 600W Non-Modular 80+ Bronze Certified ATX,BitFenix,Formula,600W Bronze,,a0e74f9f-6858-4532-88ba-a9eaf13f2961.json,BLACK,1,1,0,2,0,4,6,,,80+ Bronze,False,ATX,,,,,,,140,,,,BP-FB600ULCB-7R,Non-Modular,600
a101dcb9-16c0-4027-be75-af28e17358ef,Silverstone HELA 1200R Black 1200W Fully Modular 80+ Platinum,Silverstone,HELA,1200W Platinum,,a101dcb9-16c0-4027-be75-af28e17358ef.json,BLACK,1,0,0,0,0,0,12,,,80+ Platinum,False,ATX,B0BKQZJ3QK,,,,1HU-00RG-00278,1305897498,150,,,,SST-HA1200R-PM | SST-AX1200MCPT-A | HA1200R-PM,Full,1200
a1146a15-2259-4112-9e42-557cbbaee5ef,be quiet! Pure Power 11 650W Fully Modular 80+ Gold,be quiet!,Pure,650W Gold,,a1146a15-2259-4112-9e42-557cbbaee5ef.json,BLACK,1,1,0,2,0,4,9,,,80+ Gold,False,ATX,B0948R8Y9F,,,,,,165,,,,BN671 | BN318 | BN961,Full,650
a12e6bfd-24b5-4391-a2f2-ca00a671fe6d,SHARKOON Rebel P20 SFX Black 1000W Fully Modular 80+ Platinum Certified,SHARKOON,Rebel,1000W Platinum,,a12e6bfd-24b5-4391-a2f2-ca00a671fe6d.json,BLACK,1,2,0,1,1,2,8,,,80+ Platinum,False,SFX,,,,,,,100,,,,Rebel P20 SFX 1000,Full,1000
a17479d8-97f6-4911-869f-b66a7b54ff5e,Super Flower Leadex Gold 750W 80+ Gold Certified Fully Modular,Super Flower,Leadex,750W Gold,,a17479d8-97f6-4911-869f-b66a7b54ff5e.json,,1,2,0,5,0,4,10,,,80+ Gold,False,ATX,,,,,,,200,,,,SF-750F14MG,Full,750
a199cc6e-b567-4aa6-812a-75bca78d2bd1,Zalman TXIIv2 ATX 600W Non-Modular 80+ Certified,Zalman,TXIIv2,600W 80+,,a199cc6e-b567-4aa6-812a-75bca78d2bd1.json,BLACK,1,1,0,4,0,2,6,,,80+,False,ATX,,,,,,,140,,,,ZM600-TXIIv2,Non-Modular,600
a199eaee-2030-47c8-ba71-fea20e8686ba,Rosewill RD-Z Black 400W Non-Modular 80+ Certified,Rosewill,RD-Z,400W 80+,,a199eaee-2030-47c8-ba71-fea20e8686ba.json,BLACK,1,1,0,2,0,1,4,,,80+,False,ATX,,,,,,,140,,,,RD 400Z,Non-Modular,400
a1bef12e-59ea-4de5-9f10-4dfd77838d79,be quiet! Pure Power 13 M Black 550W Fully Modular 80+ Gold Certified,be quiet!,Pure,550W Gold,,a1bef12e-59ea-4de5-9f10-4dfd77838d79.json,BLACK,1,0,0,0,0,0,5,,,80+ Gold,False,ATX,,,,,,,160,,,,BP024US | BP024AU | BP024U2 | BP024EU | BP024UK,Full,550
a1d44606-a38f-4f4f-9c13-d2ad771c9a64,Thermaltake Toughpower GT 850W Black,Thermaltake,Toughpower GT,,2024,a1d44606-a38f-4f4f-9c13-d2ad771c9a64.json,BLACK,1,2,,4,1,4,6,,,80+ Gold,True,ATX,B0DJ6DGHCP,6665522,,https://www.thermaltake.com/toughpower-gt-850w-atx31.html,1HU-0014-006W8,13663709069,140,None,,Black,PS-TPT-0850FNFAGU-3,Full,850
a1dc518e-3294-490e-bfff-ff3b72dd0a64,Antec Earthwatts Green 350W Non-Modular 80+ Bronze Certified,Antec,Earthwatts,350W Bronze,,a1dc518e-3294-490e-bfff-ff3b72dd0a64.json,,1,1,0,3,0,1,3,,,80+ Bronze,False,ATX,,,,,,,140,,,,EA-350 Green,Non-Modular,350
a1e04797-4dfc-4fea-bcb5-384e316c7b0d,ARESGAME AGK Black / Red ATX 850W Fully Modular 80+ Gold,ARESGAME,AGK,850W Gold,,a1e04797-4dfc-4fea-bcb5-384e316c7b0d.json,BLACK | RED,1,1,0,3,0,4,6,,,80+ Gold,False,ATX,B09BNBWSWJ,,,,,,140,,,,AGK850,Full,850
a1fb2869-2f35-4eb0-9b1c-839e3005998f,SHARKOON WPC Bronze Black 550W Non-Modular 80+ Bronze Certified ATX,SHARKOON,WPC,550W Bronze,,a1fb2869-2f35-4eb0-9b1c-839e3005998f.json,BLACK,1,1,0,2,0,2,5,,,80+ Bronze,False,ATX,,,,,,,,,,,WPC550 Bronze,Non-Modular,550
a2a36e2f-100e-4997-a906-9455cbe87821,Deepcool PL800D Black 800W Non-Modular 80+ Bronze,DeepCool,PL800D,800W Bronze,,a2a36e2f-100e-4997-a906-9455cbe87821.json,BLACK,1,2,0,2,1,3,8,,,80+ Bronze,False,ATX,,,,,,,140,,,,R-PL800D-FC0B-US | R-PL800D-FC0B-AU | R-PL800D-FC0B-IN | R-PL800D-FC0B-JP | R-PL800D-FC0B-UK | R-PL800D-FC0B-EU | R-PL800D-FC0B-WO,Non-Modular,800
a2e39376-e80b-4820-8cba-62dab8d7c357,Rosewill SMG1200 Black ATX 1200W Fully Modular 80+ Gold Certified,Rosewill,SMG1200,1200W Gold,,a2e39376-e80b-4820-8cba-62dab8d7c357.json,BLACK,1,2,0,4,0,8,16,,,80+ Gold,False,ATX,,,,,,,180,,,,SMG1200,Full,1200
a2e8e8ea-5e0c-4f3a-ab5d-24559c4ac74a,Xilence XP850R12 Black ATX 850W Non-Modular 80+ Gold Certified,Xilence,XP850R12,850W Gold,,a2e8e8ea-5e0c-4f3a-ab5d-24559c4ac74a.json,BLACK,1,2,0,0,0,3,6,,,80+ Gold,False,ATX,B0BVQWBVJ9,,,,,,140,,,,XN340,Non-Modular,850
a2f832fd-55f1-4e0a-8b3d-0cbe916cdfc1,OCZ Fatal1ty 550W Semi-Modular 80+ Certified,OCZ,Fatal1ty,550W 80+,,a2f832fd-55f1-4e0a-8b3d-0cbe916cdfc1.json,,1,1,0,5,0,1,6,,,80+,False,ATX,,,,,,,160,,,,OCZ550FTY,Semi-Modular,550
a30634ed-16f4-4057-b3ec-c017fdef00ab,EVGA SuperNOVA 550 G3 550W 80+ Gold Certified Fully Modular,EVGA,SuperNOVA,550W Gold,,a30634ed-16f4-4057-b3ec-c017fdef00ab.json,,1,1,0,4,0,3,6,,,80+ Gold,False,ATX,,,,,,,150,,,,220-G3-0550 | 220-G3-0550-Y1 | 220-G3-0550-Y2 | 220-G3-0550-Y3,Full,550
a314f8e6-23ae-4608-be04-3fd8a525a738,FSP Group Hydro G PRO ATX3.0(PCIe5.0) Black 1000W Fully Modular 80+ Gold Certified,FSP Group,Hydro,1000W Gold,,a314f8e6-23ae-4608-be04-3fd8a525a738.json,BLACK,1,2,0,5,1,6,14,,,80+ Gold,False,ATX,,,,,,,150,,,,HG2-1000 | Gen5,Full,1000
a32b8ddd-b451-4d76-9e79-e2ca977c2968,be quiet! Pure Power 11 Black 400W Non-Modular 80+ Gold,be quiet!,Pure,400W Gold,,a32b8ddd-b451-4d76-9e79-e2ca977c2968.json,BLACK,1,0,0,0,0,0,5,,,80+ Gold,False,ATX,B07JJKPNRH,,,,,,150,,,,BN292,Non-Modular,400
a32f75bc-f526-4a84-b1da-4a31692f93d2,Thermaltake Toughpower GF A3 Snow White 1050W Fully Modular 80+ Gold Certified,Thermaltake,Toughpower,1050W Gold,,a32f75bc-f526-4a84-b1da-4a31692f93d2.json,WHITE,1,0,0,0,0,0,8,,,80+ Gold,False,ATX,B0CD2MZ677,,,,N82E16817153458,,140,,,,PS-TPD-1050FNFAGU-N | PS-TPD-1050FNFAGE-N | PS-TPD-1050FNFAGA-N,Full,1050
a3301677-be7d-487a-948a-05edcccaefde,Corsair RM1000x (2021) 1000W 80+ Gold Certified Fully Modular ATX,Corsair,RM1000x,1000W Gold,,a3301677-be7d-487a-948a-05edcccaefde.json,BLACK,1,0,0,0,0,0,14,,,80+ Gold,False,ATX,B08R5PH1VY,6459246,,,N82E16817139273,398311651,180,,,,CP-9020201-NA | CP-9020201-UK | CP-9020201-EU | CP-9020201-AU,Full,1000
a3328835-e0d1-495b-b053-99c1a56b4a0b,MSI MAG A750BN PCIE5 Black 750W Non-Modular 80+ Bronze Certified,MSI,MAG,A750BN,2024,a3328835-e0d1-495b-b053-99c1a56b4a0b.json,BLACK,1,2,1,2,1,2,5,,,80+ Bronze,False,ATX,B0CT3Z4HFH,,,https://www.msi.com/Power-Supply/MAG-A750BN-PCIE5/Specification,N82E16817701027,5300978988,140,,2026-03-18T19:53:14.591Z,Black,MAG A750BN PCIE5 | 306-7ZP2C11-CE0,Non-Modular,750
a35525a4-6277-411f-bade-63e581c9b8ef,Cooler Master G550M 550W 80+ Bronze Certified Semi-Modular,Cooler Master,G550M,550W Bronze,,a35525a4-6277-411f-bade-63e581c9b8ef.json,,1,1,0,3,0,2,6,,,80+ Bronze,False,ATX,,,,,,,140,,,,RS550-AMAAB1-US,Semi-Modular,550
a3740373-06b8-476a-8396-0c5946e7bb1c,Antec HCG-750 Bronze 750W Non-Modular 80+ Bronze Certified ATX,Antec,HCG-750,750W Bronze,,a3740373-06b8-476a-8396-0c5946e7bb1c.json,,1,1,0,6,0,4,9,,,80+ Bronze,False,ATX,,,,,,,180,,,,HCG-750 | HCG750 BRONZE,Non-Modular,750
a38b7165-01e2-4aa8-8321-4e35aa5997fc,NZXT HALE90 V2 ATX 1000W Fully Modular 80+ Gold,NZXT,HALE90,1000W Gold,,a38b7165-01e2-4aa8-8321-4e35aa5997fc.json,,1,2,0,14,0,6,12,,,80+ Gold,False,ATX,,,,,,,190,,,,PS-H9V2-100,Full,1000
a39088be-5ba7-41fe-81f8-ea963992b530,"ASUS ROG Thor 850W Platinum II (Fully Modular Power Supply, 80+ Platinum, Lambda A++ Certified, ROG heatsinks, 135mm PWM fan, 0dB Mode, OLED Panel, Sleeved Cables, Aura Sync)",Asus,ROG Thor,850W Platinum II,2023,a39088be-5ba7-41fe-81f8-ea963992b530.json,,1,2,0,6,1,3,10,,,80+ Platinum,False,ATX,B07JZLGPCB,,,,9SIBWH3KAV9724,794705468,160,,,Black,ROG-THOR-850P,Full,850
a39a0cba-a300-4b76-82cd-4cad9c0b2514,EVGA SuperNOVA 1000G XC Black 1000W Fully Modular 80+ Gold Certified ATX,EVGA,SuperNOVA,1000W Gold,,a39a0cba-a300-4b76-82cd-4cad9c0b2514.json,BLACK,1,2,0,4,1,6,12,,,80+ Gold,False,ATX,B0CD9TNG2C,,,,,2737624660,150,,,,520-5G-1000-K1,Full,1000
a3a1e13e-67d6-4c3c-ac07-a43cd87b6b02,Rosewill PHOTON-850 850W Fully Modular 80+ Gold Certified,Rosewill,PHOTON-850,850W Gold,,a3a1e13e-67d6-4c3c-ac07-a43cd87b6b02.json,,1,2,0,4,0,6,12,,,80+ Gold,False,ATX,,,,,,,180,,,,PHOTON-850,Full,850
a3a92847-32a0-40c8-b4b0-9472fb1a6960,Thermaltake Litepower ATX 550W Non-Modular,Thermaltake,Litepower,550W ,,a3a92847-32a0-40c8-b4b0-9472fb1a6960.json,,1,1,0,4,0,2,5,,,,False,ATX,,,,,,,140,,,,PS-LTP-0550NNCNUS-F,Non-Modular,550
a3ab90c3-9ff0-4c49-b029-e1d0bb821efa,Thermaltake Toughpower GF A3 - TT Premium Edition 1050W Fully Modular 80+ Gold,Thermaltake,Toughpower,1050W Gold,,a3ab90c3-9ff0-4c49-b029-e1d0bb821efa.json,BLACK,1,2,0,4,1,5,12,,,80+ Gold,False,ATX,B0C1JHWWZL,6566259,,,N82E16817153448,3284167644,140,,,,PS-TPD-1050FNFAGU-L | PS-TPD-1050FNFAGE-H | TTP-1050AH2FLG,Full,1050
a3cbcd91-2fc0-4542-a82d-025d837759d7,Cooler Master V SFX Platinum 1300W Fully Modular 80+ Platinum Certified,Cooler Master,V,1300W Platinum,,a3cbcd91-2fc0-4542-a82d-025d837759d7.json,BLACK,1,0,0,0,0,0,8,,,80+ Platinum,False,SFX,B0BS9WKYJP,,,,,,100,,,,MPZ-D001-SFBP-BEU | MPZ-D001-SFBP-BAU | MPZ-D001-SFBP-BUK,Full,1300
a3fc9bf7-a701-464a-bc0f-91f695fcfea3,CoolMax ZP-750B 750W Semi-Modular 80+ Bronze Certified,CoolMax,ZP-750B,750W Bronze,,a3fc9bf7-a701-464a-bc0f-91f695fcfea3.json,,1,2,0,6,0,2,6,,,80+ Bronze,False,ATX,,,,,,,175,,,,ZP-750B,Semi-Modular,750
a3febeaa-7778-4f93-aff5-342c6c741cac,Antec High Current Gamer Extreme 850W Fully Modular 80+ Gold Certified,Antec,High,850W Gold,,a3febeaa-7778-4f93-aff5-342c6c741cac.json,,1,2,0,6,0,6,10,,,80+ Gold,False,ATX,,,,,,,160,,,,HCG850 Extreme,Full,850
a4186e43-7a88-421e-add7-7838743f4ba9,Sparkle SPI460PFB2-MC2 ATX 460W Non-Modular 80+ Certified,Sparkle,SPI460PFB2-MC2,460W 80+,,a4186e43-7a88-421e-add7-7838743f4ba9.json,,1,1,0,3,0,0,3,,,80+,False,ATX,,,,,,,139,,,,SPI460PFB2-MC2,Non-Modular,460
a45b300e-6d5a-43f4-969e-3fa43239a40d,Super Flower LEADEX VII Platinum PRO White 1200W Fully Modular 80+ Platinum,Super Flower,LEADEX,1200W Platinum,,a45b300e-6d5a-43f4-969e-3fa43239a40d.json,WHITE,1,0,0,0,0,0,12,,,80+ Platinum,False,ATX,B0DTT5RVKZ,,,,1HU-024C-00066,,150,,,,SF-1200F14XP(WH) | SF-1200F14XP (WH),Full,1200
a46313dd-452d-4ffa-a48c-077029c16de0,Thermaltake Smart 600W Non-Modular 80+ Certified ATX,Thermaltake,Smart,600W 80+,2015,a46313dd-452d-4ffa-a48c-077029c16de0.json,,1,1,1,3,0,2,6,,,80+,False,ATX,B014W3EMAO,,,https://www.thermaltake.com/smart-600w.html,N82E16817153232,47861435,140,,2026-03-18T19:50:05.024Z,Black,PS-SPD-0600NPCWUS-W,Non-Modular,600
a46b1000-49c0-453c-b2fc-0d5c7253a252,Thermalright AG-850 White 850W Fully Modular 80+ Gold Certified,Thermalright,AG-850,850W Gold,,a46b1000-49c0-453c-b2fc-0d5c7253a252.json,WHITE,1,2,0,4,1,4,8,,,80+ Gold,False,ATX,,,,,,,140,,,,AG-850-W | TR-AG850-W,Full,850
a46bc16e-3e2e-41cc-b5d1-6eb69f3ff337,Silverstone ATTIS 750R 750W Non-Modular 80+ Bronze Certified ATX,Silverstone,ATTIS,750W Bronze,,a46bc16e-3e2e-41cc-b5d1-6eb69f3ff337.json,BLACK,1,2,0,3,0,4,6,,,80+ Bronze,False,ATX,,,,,,,140,,,,SST-AT750R-BF,Non-Modular,750
a4930301-0e34-4a59-9dc4-d9b74764a399,Deepcool PF600 Black 230V ATX 600W Non-Modular 80+ Certified,DeepCool,PF600,600W 80+,,a4930301-0e34-4a59-9dc4-d9b74764a399.json,BLACK,1,0,0,0,0,0,6,,,80+,False,ATX,B0B21WT35Z,,,,,,140,,,,R-PF600D-HA0B-US | R-PF600D-HA0B-AU | R-PF600D-HA0B-WO | R-PF600D-HA0B-BP | R-PF600D-HA0B-CN | R-PF600D-HA0B-UK | R-PF600D-HA0B-AR | R-PF600D-HA0B-EU,Non-Modular,600
a4c3c6e5-15e7-4764-940c-717ddaeafe8f,Vida Lite Black ATX 750W Non-Modular,Vida,Lite,750W ,,a4c3c6e5-15e7-4764-940c-717ddaeafe8f.json,BLACK,1,1,0,3,0,1,6,,,,False,ATX,,,,,,,140,,,,AA-750-YY,Non-Modular,750
a4db274d-861b-4598-9c9c-8b0094598a08,Antec NeoECO Gold 550W Semi-Modular 80+ Gold Certified,Antec,NeoECO,550W Gold,,a4db274d-861b-4598-9c9c-8b0094598a08.json,BLACK,1,1,0,3,0,2,6,,,80+ Gold,False,ATX,,,,,,,140,,,,NE550G,Semi-Modular,550
a4de0a76-565d-45c3-a0c1-6757eeb28d8a,BitFenix Fury 650W Semi-Modular 80+ Gold,BitFenix,Fury,650W Gold,,a4de0a76-565d-45c3-a0c1-6757eeb28d8a.json,,1,1,0,5,0,4,10,,,80+ Gold,False,ATX,,,,,,,160,,,,BFP-FUR-650G-KSXK-RP,Semi-Modular,650
a51618d9-ba04-40d6-a8ba-b03a27a6dfff,EVGA SuperNOVA 650 G1 650W Fully Modular 80+ Gold Certified,EVGA,SuperNOVA,650W Gold,,a51618d9-ba04-40d6-a8ba-b03a27a6dfff.json,,1,2,0,6,0,4,9,,,80+ Gold,False,ATX,,,,,,,165,,,,120-G1-0650-XR | 120-G1-0650-X2 | 120-G1-0650-X3,Full,650
a536a609-50f8-42bc-9ae8-e3200bf5ea64,GameMax GP Black ATX 500W Non-Modular 80+ Bronze Certified,GameMax,GP,500W Bronze,,a536a609-50f8-42bc-9ae8-e3200bf5ea64.json,BLACK,1,1,0,2,0,1,4,,,80+ Bronze,False,ATX,B08MFND5WY,,,,,,158,,,,GP-500 | GMXRPG500,Non-Modular,500
a53800b9-044d-4566-b847-3c3dacc6c3b2,Fractal Design Ion+ 660P Black 660W Fully Modular 80+ Platinum Certified,Fractal Design,Ion+,660W Platinum,,a53800b9-044d-4566-b847-3c3dacc6c3b2.json,BLACK,1,1,0,4,0,4,10,,,80+ Platinum,False,ATX,,,,,,,150,,,,FD-PSU-IONP-660P-BK | FD-PSU-IONP-660P-BK-EU,Full,660
a543e26a-876a-49f9-9a37-a81c55e24274,Thermaltake Toughpower GX1 RGB 600W Non-Modular 80+ Gold Certified,Thermaltake,Toughpower,600W Gold,,a543e26a-876a-49f9-9a37-a81c55e24274.json,BLACK,1,1,0,4,0,2,8,,,80+ Gold,False,ATX,,,,,,,140,,,,PS-TPD-0600NHFAGU-1,Non-Modular,600
a54f02fe-dc8c-4f54-a1b0-0871fe48c1c4,Thermaltake TR2 ATX 450W Non-Modular 80+ Gold Certified,Thermaltake,TR2,450W Gold,,a54f02fe-dc8c-4f54-a1b0-0871fe48c1c4.json,,1,1,0,3,0,1,4,,,80+ Gold,False,ATX,,,,,,,140,,,,PS-TR2-0450NPCGUS-G,Non-Modular,450
a56059f0-be5f-44b1-82d1-74a39c054d58,Zalman zm-550-XG 550W Semi-Modular 80+ Gold Certified,Zalman,zm-550-XG,550W Gold,,a56059f0-be5f-44b1-82d1-74a39c054d58.json,,1,1,0,6,0,4,3,,,80+ Gold,False,ATX,,,,,,,180,,,,zm-550-XG,Semi-Modular,550
a580cc40-97bd-4343-aba8-823f8da86149,Montech TITAN GOLD Black 1200W Fully Modular 80+ Gold Certified ATX,Montech,TITAN,1200W Gold,,a580cc40-97bd-4343-aba8-823f8da86149.json,BLACK,1,4,0,4,1,5,12,,,80+ Gold,False,ATX,B0BPXVJQ8W,,,,,,160,,,,TITAN GOLD 1200W | P013 | TIS0126,Full,1200
a59b3096-4400-4ae8-98c1-d2764f67ad20,SeaSonic FOCUS Plus Gold 1000 W 80+ Gold Certified Fully Modular ATX Power Supply,SeaSonic,FOCUS Plus Gold,1000 W,2018,a59b3096-4400-4ae8-98c1-d2764f67ad20.json,,1,2,1,3,0,6,10,,,80+ Gold,False,ATX/EPS,B078T1XSJ1,6351845,,,N82E16817438163,,140,,,,SSR-1000FX,Full,1000
a5aec070-2c3c-498e-9223-2dfedec6e9c6,Antec NeoECO ATX 550W Semi-Modular 80+ Bronze Certified,Antec,NeoECO,550W Bronze,,a5aec070-2c3c-498e-9223-2dfedec6e9c6.json,BLACK,1,1,0,3,0,2,5,,,80+ Bronze,False,ATX,,,,,,,140,,,,NE550M,Semi-Modular,550
a5bc49b2-9ae5-4808-bd39-39eae9f1d56d,Fractal Design Edison M 650W Semi-Modular 80+ Gold Certified,Fractal Design,Edison,650W Gold,,a5bc49b2-9ae5-4808-bd39-39eae9f1d56d.json,,1,1,0,5,0,2,8,,,80+ Gold,False,ATX,,,,,,,160,,,,FD-PSU-ED1B-650W,Semi-Modular,650
a5c9774c-ce79-46dc-a656-6a65b12d56d3,Gigabyte UD1000GM PG5 1000W Fully Modular 80+ Gold Certified,Gigabyte,UD1000GM,1000W Gold,,a5c9774c-ce79-46dc-a656-6a65b12d56d3.json,BLACK,1,2,0,3,1,4,8,,,80+ Gold,False,ATX,B09VK35VYJ,,,,,703993849,140,,,,GP-UD1000GM PG5,Full,1000
a5e2ece9-9d1d-4ca6-b7fa-61213df1ac99,NZXT C850 Fully Modular ATX Power Supply - 850 Watts ATX 3.1 - Black,NZXT,C850,850W Gold,2024,a5e2ece9-9d1d-4ca6-b7fa-61213df1ac99.json,BLACK,1,1,0,4,1,3,12,Cybenetics Gold,Cybenetics A-,80+ Gold,False,ATX,B0D1VDTX8B,6586151,30659,https://nzxt.com/en-intl/products/c850-gold-atx?srsltid=AfmBOor-Y09CY2zd-fx7G17Ui2eCWdrYav8LHJCSK675kz8Pqy8fQt3L,1HU-001J-000A5,10082206773,150,,2026-03-30T14:18:53.976Z,Black,PA-8G1BB-US | PA-8G2BB-US,Full,850
a5f4104c-c6ca-45a7-8a09-0ce9b559c604,Corsair RM750 (2019) Black ATX 750W Fully Modular 80+ Gold,Corsair,RM750,750W Gold,,a5f4104c-c6ca-45a7-8a09-0ce9b559c604.json,BLACK,1,0,0,0,0,0,10,,,80+ Gold,False,ATX,B07RF237B1,6356248,,,9SIB8AKKAN6948,867436905,160,,,,CP-9020195-NA | CP-9020195-UK | CP-9020195-AU | CP-9020195-WW | CP-9020195-EU,Full,750
a5faf6f0-a398-4611-93fb-f2a0be13b5e1,Antec NeoECO ATX 520W Non-Modular 80+ Bronze Certified,Antec,NeoECO,520W Bronze,,a5faf6f0-a398-4611-93fb-f2a0be13b5e1.json,,1,1,0,6,0,1,6,,,80+ Bronze,False,ATX,,,,,,,150,,,,NEO ECO 520C,Non-Modular,520
a61a0bdb-db2a-448a-bcd1-f07b37e8751e,Rosewill LEPTON Black 600W Semi-Modular 80+ Gold,Rosewill,LEPTON,600W Gold,,a61a0bdb-db2a-448a-bcd1-f07b37e8751e.json,BLACK,1,1,0,4,0,2,6,,,80+ Gold,False,ATX,,,,,,,140,,,,LEPTON 600,Semi-Modular,600
a625b5fd-41d9-44c2-81f5-23673fe8e373,Ultra X4 750W 80+ Bronze Fully Modular,Ultra,X4,750W Bronze,,a625b5fd-41d9-44c2-81f5-23673fe8e373.json,,1,1,0,9,0,0,11,,,80+ Bronze,False,ATX,,,,,,,,,,,U12-41562,Full,750
a6335249-88ac-4314-90a0-5b96c25328c5,EVGA SuperNOVA 850 T2 850W 80+ Titanium Certified Fully Modular,EVGA,SuperNOVA,850W Titanium,,a6335249-88ac-4314-90a0-5b96c25328c5.json,,1,2,0,4,0,4,10,,,80+ Titanium,False,ATX,B018JYHGOQ,,,,,199373522,180,,,,220-T2-0850-X1,Full,850
a635aaea-dc0b-48e6-8971-00699af2c3e4,SeaSonic Focus GX V4 ATX 3 (2024) 850W Fully Modular 80+ Gold Certified,SeaSonic,Focus,850W Gold,,a635aaea-dc0b-48e6-8971-00699af2c3e4.json,WHITE,1,0,0,0,0,0,8,,,80+ Gold,False,ATX,B0DP66HG7W,,,,N82E16817151274,15275410561,140,,,,FOCUS-GX-850-V4-WHITE | Focus V4 GX-850 White | SRP-FGX851-A5A32SF WHITE | Focus GX-850 White ATX 3.1,Full,850
a636f696-2ae7-4b83-b363-cad00d1e0784,EVGA SuperNOVA 1000 T2 1000W Fully Modular 80+ Titanium,EVGA,SuperNOVA,1000W Titanium,,a636f696-2ae7-4b83-b363-cad00d1e0784.json,,1,2,0,6,0,6,12,,,80+ Titanium,False,ATX,B018JYHGQE,,,,,161393244,180,,,,220-T2-1000-X1 | 220-T2-1000-X2 | 220-T2-1000-X3,Full,1000
a63cd5af-61f4-46fa-92c8-5aede5625cdb,Rosewill Green ATX 630W Non-Modular 80+ Certified,Rosewill,Green,630W 80+,,a63cd5af-61f4-46fa-92c8-5aede5625cdb.json,,1,1,0,6,0,1,6,,,80+,False,ATX,,,,,,,139,,,,RG630-S12,Non-Modular,630
a65e22a7-effc-4943-a096-f838782b13cb,SilentiumPC Vero L3 Black 600W Non-Modular 80+ Bronze Certified ATX,SilentiumPC,Vero,600W Bronze,,a65e22a7-effc-4943-a096-f838782b13cb.json,BLACK,1,2,0,2,0,2,7,,,80+ Bronze,False,ATX,,,,,,,140,,,,SPC266,Non-Modular,600
a65f483e-03d4-4e96-ae73-d18746d4eb73,ASRock Phantom Gaming PG-1600G Black 1600W Fully Modular 80+ Gold ATX,ASRock,Phantom,1600W Gold,,a65f483e-03d4-4e96-ae73-d18746d4eb73.json,BLACK,1,2,0,6,2,8,12,,,80+ Gold,False,ATX,B0DNNZ9G46,,,,N82E16817955003,14462153512,180,,,,PG-1600G | 90-UXP160-GFUAAB,Full,1600
a692ae0a-c9f5-44e1-95be-814ee21803c6,Thermaltake Toughpower GF1 (2024) 750W Fully Modular 80+ Gold Certified,Thermaltake,Toughpower,750W Gold,,a692ae0a-c9f5-44e1-95be-814ee21803c6.json,BLACK,1,0,0,0,0,0,8,,,80+ Gold,False,ATX,B0CKY716F9,6574592,,,N82E16817153461,5145799961,140,,,,PS-TPD-0750FNFAGU-P | TPD-750AH2FLG,Full,750
a6b9903f-2ccd-45bd-8064-b7ce627f3b30,Sentey ERP-500-SS 500W Non-Modular,Sentey,ERP-500-SS,500W ,,a6b9903f-2ccd-45bd-8064-b7ce627f3b30.json,,1,1,0,4,0,1,4,,,,False,ATX,,,,,,,165,,,,ERP-500-SS,Non-Modular,500
a6cb358e-2051-4753-b0d5-e381caa984e2,"EVGA 500 BQ, 80+ BRONZE 500W, Semi Modular, FDB Fan, 3 Year Warranty, Power Supply",EVGA,BQ,,0,a6cb358e-2051-4753-b0d5-e381caa984e2.json,,1,1,1,3,0,2,6,,,80+ Bronze,False,ATX,B01N3OAFHD,6459374,,,9SIAKVHKCC7720,231590791,140,,,,110-BQ-0500-K1,Semi-Modular,500
a6cbad39-a88a-45db-aaf5-f7e86baeecb0,XFX XTR 750W 80+ Gold Fully Modular,XFX,XTR,750W Gold,,a6cbad39-a88a-45db-aaf5-f7e86baeecb0.json,,1,2,0,6,0,4,10,,,80+ Gold,False,ATX,,,,,,,,,,,P1-750B-BEFX,Full,750
a6ce6ae0-1d5c-4a79-a010-f6e95d21f345,Deepcool PN850M White 850W Fully Modular 80+ Gold Certified ATX,DeepCool,PN850M,850W Gold,,a6ce6ae0-1d5c-4a79-a010-f6e95d21f345.json,WHITE,1,2,0,2,1,3,8,,,80+ Gold,False,ATX,,,,,,,140,,,,R-PN850M-FC0W-US | R-PN850M-FC0W-UK | R-PN850M-FC0W-EU | R-PN850M-FC0W-WO | PN850M WH,Full,850
a6d6a341-d1b1-4b3a-8e4b-6d8bd1e20ee0,EVGA 450 B3 450W 80+ Bronze Fully Modular,EVGA,450,450W Bronze,,a6d6a341-d1b1-4b3a-8e4b-6d8bd1e20ee0.json,,1,1,0,3,0,2,6,,,80+ Bronze,False,ATX,,,,,,,150,,,,220-B3-0450-V1 | 220-B3-0450-V2 | 220-B3-0450-V3,Full,450
a6dd863d-3c85-40ea-bd57-1407b91160a6,Aerocool Integrator Gold 750W Fully Modular 80+ Gold Certified ATX,Aerocool,Integrator,750W Gold,,a6dd863d-3c85-40ea-bd57-1407b91160a6.json,BLACK,1,2,0,3,0,4,6,,,80+ Gold,False,ATX,,,,,,,140,,,,ACPG-IM75FKC.31,Full,750
a6e7b85e-66e5-42e5-a588-46d1f9242986,Asus ROG Strix Aura Edition White Aura Edition 1000W Fully Modular 80+ Gold,Asus,ROG,1000W Gold,,a6e7b85e-66e5-42e5-a588-46d1f9242986.json,WHITE,1,0,0,0,0,0,5,,,80+ Gold,False,ATX,B0D38H1L99,,,,,5932942175,180,,,,90YE00P5-B0NA00 | 90YE00P5-BVAA00 | ROG-STRIX-1000G-AURA-WHITE-GAMING,Full,1000
a6f4fd00-fd5d-450c-9291-da96e85b2fee,Silverstone Strider 600W Non-Modular 80+,Silverstone,Strider,600W 80+,,a6f4fd00-fd5d-450c-9291-da96e85b2fee.json,,1,1,0,3,0,1,6,,,80+,False,ATX,,,,,,,139,,,,ST60F-ES | SST-ST60F-ES,Non-Modular,600
a701ac94-267b-4506-b347-2fe702402b22,SeaSonic X 1250W Fully Modular 80+ Gold Certified,SeaSonic,X,1250W Gold,,a701ac94-267b-4506-b347-2fe702402b22.json,,1,2,0,5,0,8,14,,,80+ Gold,False,ATX,,,,,,,190,,,,X-1250 | SS-1250XM | PSUSEAX1250WMGD,Full,1250
a7069a4d-e73e-455b-bb5d-10e899371f73,SilentiumPC Vero L3 Black 700W Non-Modular 80+ Bronze,SilentiumPC,Vero,700W Bronze,,a7069a4d-e73e-455b-bb5d-10e899371f73.json,BLACK,1,2,0,2,0,3,7,,,80+ Bronze,False,ATX,,,,,,,140,,,,SPC267,Non-Modular,700
a71ef893-f49c-44b3-bd0e-8b5883a16a95,be quiet! Power Zone ATX 750W Fully Modular 80+ Bronze Certified,be quiet!,Power,750W Bronze,,a71ef893-f49c-44b3-bd0e-8b5883a16a95.json,,1,1,0,4,0,4,8,,,80+ Bronze,False,ATX,,,,,,,175,,,,BN211 | BN611,Full,750
a720ea33-471e-4639-871a-27587b8c7358,EVGA 610 BP Black ATX 610W Non-Modular 80+ Bronze Certified,EVGA,610,610W Bronze,,a720ea33-471e-4639-871a-27587b8c7358.json,BLACK,1,1,0,3,0,2,6,,,80+ Bronze,False,ATX,B08N436KGR,,,,,309589756,120,,,,100-BP-0610-K1,Non-Modular,610
a7234c82-cc3b-4c19-a6f0-05a93ab88bf9,SeaSonic PRIME Platinum 1200W 80+ Platinum Certified Fully Modular ATX,SeaSonic,PRIME,1200W Platinum,,a7234c82-cc3b-4c19-a6f0-05a93ab88bf9.json,,1,2,0,5,0,8,12,,,80+ Platinum,False,ATX,,,,,,,170,,,,SSR-1200PD,Full,1200
a724cc7b-9d43-4912-b66d-75c55cb2263c,Thermalright TPFX750 Black SFX 750W Fully Modular 80+ Platinum Certified,Thermalright,TPFX750,750W Platinum,,a724cc7b-9d43-4912-b66d-75c55cb2263c.json,BLACK,1,1,0,3,1,4,6,,,80+ Platinum,False,SFX,,,,,,,100,,,,TPFX750,Full,750
a7260adc-55c9-4689-8624-f8f0e7d06ad4,Cooler Master XG750 Black 750W Fully Modular 80+ Platinum,Cooler Master,XG750,750W Platinum,,a7260adc-55c9-4689-8624-f8f0e7d06ad4.json,BLACK,1,2,0,4,0,4,12,,,80+ Platinum,False,ATX,,,,,,,160,,,,MPG-7501-AFBAP-US | MPG-7501-AFBAP-TW | MPG-7501-AFBAP-BR | MPG-7501-AFBAP-AU | MPG-7501-AFBAP-JP | MPG-7501-AFBAP-KR | MPG-7501-AFBAP-ST | MPG-7501-AFBAP-EU | MPG-7501-AFBAP-WO | MPG-7501-AFBAP-UK | MPG-7501-AFBAP-IN,Full,750
a7283381-3d64-4144-8cc5-d347fc179d6c,Ultra ULT-LS500 Silver ATX 500W Non-Modular,Ultra,ULT-LS500,500W ,,a7283381-3d64-4144-8cc5-d347fc179d6c.json,GREY,1,1,0,5,0,0,2,,,,False,ATX,,,,,,,140,,,,ULT-LS500,Non-Modular,500
a737fc86-9846-4cb1-8ed1-5faa1a06c40a,NOX URANO TX 850W Non-Modular,NOX,URANO,850W ,,a737fc86-9846-4cb1-8ed1-5faa1a06c40a.json,,1,1,0,3,0,2,6,,,,False,ATX,,,,,,,160,,,,NXURTX850,Non-Modular,850
a740cee9-1265-4f0d-b7f4-bcdb5f21162d,HEC ZEPHY580MX ATX 580W Non-Modular,HEC,ZEPHY580MX,580W ,,a740cee9-1265-4f0d-b7f4-bcdb5f21162d.json,,1,1,0,4,0,1,6,,,,False,ATX,,,,,,,165,,,,ZEPHY580MX,Non-Modular,580
a75bdea2-694d-4534-ae70-1d5da4dff6e9,ARESGAME AGV Black ATX 500W Non-Modular 80+ Bronze Certified,ARESGAME,AGV,500W Bronze,,a75bdea2-694d-4534-ae70-1d5da4dff6e9.json,BLACK,1,0,0,0,0,0,4,,,80+ Bronze,False,ATX,B0BDCKFJJT,,,,,,140,,,,AGV500,Non-Modular,500
a7640f2d-d23a-4871-aea2-f17374d05b1e,Cougar VTE X2 Black 650W Non-Modular 80+ Certified,Cougar,VTE,650W 80+,,a7640f2d-d23a-4871-aea2-f17374d05b1e.json,BLACK,1,1,0,2,0,2,6,,,80+,False,ATX,,,,,,,140,,,,VTE X2 650 | 31VX065.0001P | CGR VX-650,Non-Modular,650
a764c174-141d-4282-86a2-de6cba5c04ce,Thermaltake Smart BM2 Black 750W Semi-Modular 80+ Bronze Certified,Thermaltake,Smart,750W Bronze,,a764c174-141d-4282-86a2-de6cba5c04ce.json,BLACK,1,2,0,4,0,4,9,,,80+ Bronze,False,ATX,,,,,,,160,,,,PS-SPD-0750MNFABU-1 | PS-SPD-0750MNFABA-1 | PS-SPD-0750MNFABE-1 | PS-SPD-0750MNFABK-1,Semi-Modular,750
a76e9e1a-06cf-4aba-ad4c-8bfe06ca65d3,Zalman GigaMax 600W 80 Plus Bronze,,,,,a76e9e1a-06cf-4aba-ad4c-8bfe06ca65d3.json,,,,,,,,,,,,,,B098ZPTJRB,,,,9SIABW9FD19838,,,,,,ZM500-GVII-A | P-ZM500-GVII-A-FBA,,
a772eed2-8d76-4f39-987c-282458bd7eb0,EVGA 600 GQ Black 600W Semi-Modular 80+ Gold Certified,EVGA,600,600W Gold,,a772eed2-8d76-4f39-987c-282458bd7eb0.json,BLACK,1,2,0,3,0,3,8,,,80+ Gold,False,ATX,,,,,,,140,,,,110-GQ-0600-V7 | 110-GQ-0600-V4,Semi-Modular,600
a7770460-34b2-4f1f-89b7-3764125ddf65,Silverstone SX1000R-PL SFX 1000W Fully Modular 80+ Platinum Certified,Silverstone,SX1000R-PL,1000W Platinum,,a7770460-34b2-4f1f-89b7-3764125ddf65.json,BLACK | WHITE,1,0,0,0,0,0,8,,,80+ Platinum,False,SFX,B0C18XBQSH,,,,2AM-006F-001G0,2890825590,130,,,,SST-SX1000R-PL | SX1000R-PL,Full,1000
a78f0976-96b6-4c95-9af4-ed0a704c8064,Gigabyte UD-GM PG5 750W Fully Modular 80+ Gold Certified ATX,Gigabyte,UD-GM,750W Gold,,a78f0976-96b6-4c95-9af4-ed0a704c8064.json,BLACK,1,0,0,0,0,0,8,,,80+ Gold,False,ATX,B0CPFSJT4R,,,,,,140,,,,GP-UD750GM PG5 | GP-UD750GM PG5-UK,Full,750
a79faa3b-db40-4dab-92d5-2057a4b73bd8,Cougar BXM850 ATX 850W Semi-Modular 80+ Bronze Certified,Cougar,BXM850,850W Bronze,,a79faa3b-db40-4dab-92d5-2057a4b73bd8.json,ORANGE | BLACK,1,2,0,3,0,6,8,,,80+ Bronze,False,ATX,,,,,,,160,,,,BXM850,Semi-Modular,850
a7a43f1b-fac7-448b-9470-d5aea2ae6835,XFX Core Edition 650W Non-Modular 80+ Bronze Certified,XFX,Core,650W Bronze,,a7a43f1b-fac7-448b-9470-d5aea2ae6835.json,,1,1,0,7,0,2,8,,,80+ Bronze,False,ATX,,,,,,,170,,,,PRO650W (P1-650S-NLB9),Non-Modular,650
a7c84ddb-50fe-47bc-97a8-19f73a624963,Super Flower LEADEX VII Platinum PRO 1200W Fully Modular 80+ Platinum Certified,Super Flower,LEADEX,1200W Platinum,,a7c84ddb-50fe-47bc-97a8-19f73a624963.json,BLACK,1,0,0,0,0,0,12,,,80+ Platinum,False,ATX,B0CYTK6LNQ,,,,1HU-024C-00064,,150,,,,SF-1200F14XP | SF-1200F14XP(BK),Full,1200
a7eec109-f8ce-4dcf-b682-17ef169380b8,EVGA SuperNOVA 750 G2 750W 80+ Gold Fully Modular,EVGA,SuperNOVA,750W Gold,,a7eec109-f8ce-4dcf-b682-17ef169380b8.json,,1,0,0,0,0,0,9,,,80+ Gold,False,ATX,B00IKDETOW,,,,,46164910,180,,,,220-G2-0750-XR | 220-G2-0750-X2 | 220-G2-0750-X3,Full,750
a7ef5e4e-4327-4d93-a461-d75cbe73484f,be quiet! System Power 11 U 750W Non-Modular 80+ Bronze Certified,be quiet!,System,750W Bronze,,a7ef5e4e-4327-4d93-a461-d75cbe73484f.json,BLACK,1,0,0,0,0,0,6,,,80+ Bronze,False,ATX,,,,,,,140,,,,BP012US | BP012U2,Non-Modular,750
a7fb5416-2856-42f7-862a-45fd7f4ec068,FSP Group Twins ATX 700W Non-Modular 80+ Gold,FSP Group,Twins,700W Gold,,a7fb5416-2856-42f7-862a-45fd7f4ec068.json,,1,2,0,2,0,4,6,,,80+ Gold,False,ATX,,,,,,,190,,,,TWINS700,Non-Modular,700
a80eea70-b591-48ef-9b36-fa3c8a15624f,CoolMax RM-1000B ATX 1000W Non-Modular,CoolMax,RM-1000B,1000W ,,a80eea70-b591-48ef-9b36-fa3c8a15624f.json,,1,1,0,8,0,2,4,,,,False,ATX,B003AVMYGY,,,,,,142,,,,RM-1000B,Non-Modular,1000
a80ff88c-b55e-452b-afda-702f13d7592a,SeaSonic FOCUS SGX SFX 450W Fully Modular 80+ Gold Certified,SeaSonic,FOCUS,450W Gold,,a80ff88c-b55e-452b-afda-702f13d7592a.json,BLACK,1,1,0,3,0,2,3,,,80+ Gold,False,SFX,,,,,,,125,,,,SSR-450SGX | SGX-450,Full,450
a813f887-57e9-4e27-a4ed-53246ea6a309,Thermaltake Smart RGB 230V Black ATX 500W Non-Modular 80+,Thermaltake,Smart,500W 80+,,a813f887-57e9-4e27-a4ed-53246ea6a309.json,BLACK,1,1,0,4,0,2,5,,,80+,False,ATX,B0744PFBFZ,,,,,,140,,,,PS-SPR-0500NHSAWE-1 | PS-SPR-0500NHSAWA-1 | PS-SPR-0500NHSAWU-1,Non-Modular,500
a8174004-9b50-4ee0-a04c-93e7992c5564,1STPLAYER NGDP ATX 3.0 ATX 1000W 80+ Platinum Certified Fully Modular,1STPLAYER,NGDP,1000W Platinum,,a8174004-9b50-4ee0-a04c-93e7992c5564.json,BLACK,1,0,0,0,0,0,12,,,80+ Platinum,False,ATX,,,,,,,140,,,,NGDP-PLT-1000-BK-US,Full,1000
a83164e8-599c-47e3-89d8-fa75695be940,Silverstone Strider 750W Fully Modular 80+ Gold,Silverstone,Strider,750W Gold,,a83164e8-599c-47e3-89d8-fa75695be940.json,,1,2,0,6,0,2,8,,,80+ Gold,False,ATX,,,,,,,180,,,,SST-ST75F-G Evolution,Full,750
a831c451-f6fe-425f-bdad-1e0baef91697,LC-Power LC1000 V2.4 Black 1000W Fully Modular 80+ Platinum Certified,LC-Power,LC1000,1000W Platinum,,a831c451-f6fe-425f-bdad-1e0baef91697.json,BLACK,1,2,0,6,0,8,9,,,80+ Platinum,False,ATX,,,,,,,190,,,,LC1000 V2.4,Full,1000
a87520b4-35b4-43fc-9a67-c5a1661be856,SilverStone PS-ST1500-TI 1500 W Power Supply,Silverstone,Strider Titanium,,2017,a87520b4-35b4-43fc-9a67-c5a1661be856.json,,1,2,1,6,0,8,16,,,80+ Titanium,False,ATX,B09235XTKH,,,,,,180,,,,PS-ST1500-TI,Full,1500
a880aa2e-643f-4967-9d41-4fb0e83ada61,NZXT HALE82 V2 700W Fully Modular 80+ Bronze Certified ATX,NZXT,HALE82,700W Bronze,,a880aa2e-643f-4967-9d41-4fb0e83ada61.json,,1,1,0,3,0,4,6,,,80+ Bronze,False,ATX,,,,,,,160,,,,V2 700W,Full,700
a88c3332-4401-4578-bf3e-16c58445e0bf,Fractal Design Ion Gold 750W Fully Modular 80+ Gold Certified ATX,Fractal Design,Ion,750W Gold,,a88c3332-4401-4578-bf3e-16c58445e0bf.json,BLACK,1,2,0,3,0,4,8,,,80+ Gold,False,ATX,B08X1V6G2M,,,,,,150,,,,FD-P-IA2G-750 | FD-P-IA2G-750-EU | FD-P-IA2G-750-UK | FD-P-IA2G-750-US,Full,750
a88f62a1-5bd7-49cb-98ca-110fc7b4a256,EVGA SuperNOVA 550 GT Black 550W Fully Modular 80+ Gold Certified,EVGA,SuperNOVA,550W Gold,,a88f62a1-5bd7-49cb-98ca-110fc7b4a256.json,BLACK,1,1,0,3,0,2,6,,,80+ Gold,False,ATX,,,,,,,150,,,,220-GT-0550-Y1,Full,550
a8a2a357-19d8-4c5e-8a21-1aa1e39ea80f,FSP Group HEXA Black ATX 350W Non-Modular 80+ Bronze Certified,FSP Group,HEXA,350W Bronze,,a8a2a357-19d8-4c5e-8a21-1aa1e39ea80f.json,BLACK,1,1,0,2,0,0,4,,,80+ Bronze,False,ATX,,,,,,,140,,,,HEXA 85+ 350W,Non-Modular,350
a8a92ef9-7011-47cd-876e-2a45982e20ba,Rosewill CFZ Black 750W Semi-Modular 80+ Bronze Certified ATX,Rosewill,CFZ,750W Bronze,,a8a92ef9-7011-47cd-876e-2a45982e20ba.json,BLACK,1,1,0,3,0,4,6,,,80+ Bronze,False,ATX,,,,,,,140,,,,CFZ750,Semi-Modular,750
a8b24925-da0f-4810-a3ce-585143d997b0,Cooler Master MWE Bronze V3 Black 750W Non-Modular 80+ Bronze Certified,Cooler Master,MWE,750W Bronze,,a8b24925-da0f-4810-a3ce-585143d997b0.json,BLACK,1,2,0,3,0,4,6,,,80+ Bronze,False,ATX,,,,,,,140,,,,MPE-7501-ACAAW-3BUS | MPE-7501-ACAAW-3BST | MPE-7501-ACAAW-3BIN | MPE-7501-ACAAW-3BBR | MPE-7501-ACAAW-3BTW | MPE-7501-ACAAW-3BAU | MPE-7501-ACAAW-3BJP | MPE-7501-ACAAW-3BEU | MPE-7501-ACAAW-3BTH | MPE-7501-ACAAW-3BUK,Non-Modular,750
a8bddc93-fc22-4fb7-9cfa-0a9730f3def7,be quiet! System Power 8 500W Non-Modular 80+ Certified,be quiet!,System,500W 80+,,a8bddc93-fc22-4fb7-9cfa-0a9730f3def7.json,,1,1,0,2,0,2,6,,,80+,False,ATX,,,,,,,140,,,,BN241,Non-Modular,500
a8e26d4c-bffa-4088-a167-7ffa8eb83c92,Thermaltake Toughpower Grand 750W 80+ Gold Certified Semi-Modular,Thermaltake,Toughpower,750W Gold,,a8e26d4c-bffa-4088-a167-7ffa8eb83c92.json,,1,2,0,8,0,0,8,,,80+ Gold,False,ATX,,,,,,,160,,,,TPG-750M,Semi-Modular,750
a8e3d0d9-fcf9-4e81-83c1-ea8e747cfac6,Silverstone Extreme 850R Black SFX 850W Fully Modular 80+ Platinum,Silverstone,Extreme,850W ,,a8e3d0d9-fcf9-4e81-83c1-ea8e747cfac6.json,BLACK,1,2,0,3,1,2,8,,,,False,SFX,B0BQCV927S,,,,2AM-006F-001E1,2875759223,100,,,,SST-EX850R-PM | EX850R-PM,Full,850
a901baa7-6fdc-49bb-9e35-0d52d8e600c5,Corsair HX1050 ATX 1050W Semi-Modular 80+ Gold,Corsair,HX1050,1050W Gold,,a901baa7-6fdc-49bb-9e35-0d52d8e600c5.json,,1,2,0,12,0,6,12,,,80+ Gold,False,ATX,,,,,,,180,,,,CMPSU-1050HX | CP-9020033-NA | HX1050,Semi-Modular,1050
a91b20cf-55c7-4174-a2d8-89d3d8c27dd8,Thermalright TGFX550 SFX 550W Fully Modular 80+ Gold,Thermalright,TGFX550,550W Gold,,a91b20cf-55c7-4174-a2d8-89d3d8c27dd8.json,WHITE,1,1,0,3,0,2,6,,,80+ Gold,False,SFX,,,,,,,100,,,,TGFX550-W,Full,550
a91c1a27-2dcc-42f8-9d54-65cc0f1b398c,EVGA 750 BP Black 750W Non-Modular 80+ Bronze Certified ATX,EVGA,750,750W Bronze,,a91c1a27-2dcc-42f8-9d54-65cc0f1b398c.json,BLACK,1,1,0,3,0,4,9,,,80+ Bronze,False,ATX,B0C2VHVW6D,6505301,,,9SIAMNEJYX3792,3576880053,120,,,,100-BP-0750-K1,Non-Modular,750
a92b970a-f2ab-43ee-ab20-0491d83b7488,Antec CSK Black / Yellow ATX 450W Non-Modular 80+ Bronze Certified,Antec,CSK,450W Bronze,,a92b970a-f2ab-43ee-ab20-0491d83b7488.json,BLACK | YELLOW,1,1,0,2,0,2,7,,,80+ Bronze,False,ATX,,,,,,,140,,,,CSK450 | X5000A251HC-20,Non-Modular,450
a93cf323-241b-4580-be00-2dce162efb33,EVGA SuperNOVA 850 G2 ATX 850W 80+ Gold Certified Fully Modular,EVGA,SuperNOVA,850W Gold,,a93cf323-241b-4580-be00-2dce162efb33.json,,1,0,0,0,0,0,10,,,80+ Gold,False,ATX,B00IKDETOC,,,,9SIBKYEK6T7476,46164909,177,,,,220-G2-0850-XR | 220-G2-0850-X2 | 220-G2-0850-X3,Full,850
a94cf164-a9a4-4bed-b9cb-9a9416bb21ce,Deepcool PN550D White 550W Non-Modular 80+ Gold,DeepCool,PN550D,550W Gold,,a94cf164-a9a4-4bed-b9cb-9a9416bb21ce.json,WHITE,1,2,0,2,1,3,6,,,80+ Gold,False,ATX,,,,,,,140,,,,R-PN550D-FC0W-US | R-PN550D-FC0W-WO | PN550D WH | R-PN550D-FC0W-EU | R-PN550D-FC0W-UK,Non-Modular,550
a9587e90-975f-476c-9d17-a6afc632f16c,Thermaltake Thermaltake TP-750M 750W Semi-Modular 80+ Gold,Thermaltake,Thermaltake,750W Gold,,a9587e90-975f-476c-9d17-a6afc632f16c.json,,1,1,0,6,0,4,9,,,80+ Gold,False,ATX,B01N4C39AR,,,,N82E16817153309,992510070,160,,,,TP-750M | PS-TPD-0750MPCGUS-1 | TPG-0750F-R 750W,Semi-Modular,750
a95d8fc7-2ce9-4b4c-9a4e-a09e83f95d6d,MSI MPG A1250GS PCIE5 II,MSI,MPG,A1250GS PCIE5 II,2025,a95d8fc7-2ce9-4b4c-9a4e-a09e83f95d6d.json,BLACK | GREY,1,2,,4,2,3,8,Cybenetics Platinum,Cybenetics A,80+ Gold,,ATX,B0FXNSVSLD,,,https://www.msi.com/Power-Supply/MPG-A1250GS-PCIE5-II/,N82E16817701037,19019702166,150,,2026-02-27T21:35:52.362Z,,MPG A1250GS PCIE5 II,Full,1250
a96d9714-012c-4c82-bbed-5b85b57e03c2,ASRock Steel Legend SL-750G Black 750W Fully Modular 80+ Gold,ASRock,Steel,750W Gold,,a96d9714-012c-4c82-bbed-5b85b57e03c2.json,BLACK,1,0,0,0,0,0,3,,,80+ Gold,False,ATX,B0DNKVQR6V,,,,N82E16817955010,14437761136,150,,,,SL-750G,Full,750
a978ce36-1960-4875-ae6e-998b321e62bc,Thermaltake TR2 S Black 600W Non-Modular 80+ Certified,Thermaltake,TR2,600W 80+,,a978ce36-1960-4875-ae6e-998b321e62bc.json,BLACK,1,0,0,0,0,0,5,,,80+,False,ATX,B016WFYCAK,,,,,,140,,,,PS-TRS-0600NPCWEU-2,Non-Modular,600
a9a06e67-7171-4d02-bbc7-d0830f797abf,Corsair VS350 ATX 350W Non-Modular,Corsair,VS350,350W ,,a9a06e67-7171-4d02-bbc7-d0830f797abf.json,,1,1,0,3,0,1,4,,,,False,ATX,,,,,,,140,,,,CP-9020052-WW | CMPSU-VS350,Non-Modular,350
a9e060fa-8e95-4186-be67-3507b9434bab,Apevia AR Black 500W Non-Modular,Apevia,AR,500W ,,a9e060fa-8e95-4186-be67-3507b9434bab.json,BLACK,1,0,0,4,0,1,3,,,,False,ATX,,,,,,,140,,,,ATX-AR500W,Non-Modular,500
a9ff93db-5c27-4d43-8223-245383d991e0,Silverstone SST-TX300 TFX 300W Non-Modular 80+ Bronze Certified,Silverstone,SST-TX300,300W Bronze,,a9ff93db-5c27-4d43-8223-245383d991e0.json,BLACK,1,1,0,2,0,0,4,,,80+ Bronze,False,TFX,B07PR7NVWX,,,,N82E16817256183,258356785,175,,,,SST-TX300 | SST-TX300-USA,Non-Modular,300
aa03d1c3-5670-4e33-a854-8b6c5a8d9737,Corsair Vengeance 650M 650W Semi-Modular 80+ Bronze Certified,Corsair,Vengeance,650W Bronze,,aa03d1c3-5670-4e33-a854-8b6c5a8d9737.json,,1,1,0,2,0,4,5,,,80+ Bronze,False,ATX,,,,,,,140,,,,CP-9020112-DE,Semi-Modular,650
aa4f2fa8-0529-4056-98cc-342c2821945f,Thermaltake Smart BX1 Black Certified ATX 750W Non-Modular 80+ Bronze,Thermaltake,Smart,750W Bronze,,aa4f2fa8-0529-4056-98cc-342c2821945f.json,BLACK,1,0,0,0,0,0,8,,,80+ Bronze,False,ATX,B07Y43XFMD,,,,N82E16817153417,247946288,140,,,,PS-SPD-0750NNFABU-1 | 4711246875272,Non-Modular,750
aa5bbf6f-c692-4cf8-b570-46cc5ef9eb09,Corsair RM550x (2021) Black 550W Fully Modular 80+ Gold,Corsair,RM550x,550W Gold,,aa5bbf6f-c692-4cf8-b570-46cc5ef9eb09.json,BLACK,1,1,0,4,0,2,7,,,80+ Gold,False,ATX,,,,,,,160,,,,CP-9020197-NA | CP-9020197-UK | CP-9020197-EU | CP-9020197-AU,Full,550
aa658d8a-3529-48f7-be83-ff86a5faea45,Cooler Master V750 V2 White 750W Fully Modular 80+ Gold,Cooler Master,V750,750W Gold,,aa658d8a-3529-48f7-be83-ff86a5faea45.json,WHITE,1,2,0,4,0,4,12,,,80+ Gold,False,ATX,,,,,,,160,,,,MPY-750V-AGBAG-US | MPY-750V-AGBAG-UK | MPY-750V-AGBAG-KR | MPY-750V-AGBAG-WO | MPY-750V-AGBAG-ST | MPY-750V-AGBAG-IN | MPY-750V-AGBAG-BR | MPY-750V-AGBAG-EU | MPY-750V-AGBAG-JP | MPY-750V-AGBAG-AU | MPY-750V-AGBAG-TW,Full,750
aa71f56f-65ff-45c7-b2f4-6f2e6d93d9fc,Corsair CX550F 550W Fully Modular 80+ Bronze Certified,Corsair,CX550F,550W Bronze,,aa71f56f-65ff-45c7-b2f4-6f2e6d93d9fc.json,BLACK,1,1,0,4,0,2,7,,,80+ Bronze,False,ATX,,,,,,,140,,,,CP-9020216-NA,Full,550
aa8670bf-51f8-4569-a2ff-4b2292044b33,Thermaltake Litepower GEN2 Black 230V ATX 550W Non-Modular,Thermaltake,Litepower,550W ,,aa8670bf-51f8-4569-a2ff-4b2292044b33.json,BLACK,1,1,0,4,0,2,5,,,,False,ATX,,,,,,,140,,,,PS-LTP-0550NPCNAU-2,Non-Modular,550
aa92ba12-3648-435a-902e-ed0dd4d1be82,NZXT HALE90 V2 1200W 80+ Gold Fully Modular,NZXT,HALE90,1200W Gold,,aa92ba12-3648-435a-902e-ed0dd4d1be82.json,,1,2,0,14,0,8,16,,,80+ Gold,False,ATX,,,,,,,190,,,,NP-1GM-1200A | NP-1GM-1200A-EU,Full,1200
aaa6dc18-7aed-4f05-9ba4-11a663e16ed5,Thermaltake Toughpower DPS G RGB Titanium 1000W Fully Modular 80+ Titanium Certified,Thermaltake,Toughpower,1000W Titanium,,aaa6dc18-7aed-4f05-9ba4-11a663e16ed5.json,,1,2,0,12,0,4,20,,,80+ Titanium,False,ATX,,,,,,,200,,,,PS-TPG-1000DPCTUS-T | TPG-1000DH5FET | TPG-1000D-T,Full,1000
aaad647c-0478-4168-8db6-a64f1d7771c6,Cooler Master XG650 Plus 650W Fully Modular 80+ Platinum Certified,Cooler Master,XG650,650W Platinum,,aaad647c-0478-4168-8db6-a64f1d7771c6.json,BLACK,1,2,0,4,0,4,8,,,80+ Platinum,False,ATX,,,,,,,160,,,,MPG-6501-AFBAP-XUS | MPG-6501-AFBAP-XIN | MPG-6501-AFBAP-XKR | MPG-6501-AFBAP-XAU | MPG-6501-AFBAP-XST | MPG-6501-AFBAP-XTW | MPG-6501-AFBAP-XWO | MPG-6501-AFBAP-XEU | MPG-6501-AFBAP-XUK | MPG-6501-AFBAP-XBR | MPG-6501-AFBAP-XJP,Full,650
aab58647-631a-413a-97f7-0f2db3eb26e3,Asus ROG Strix Black / Red 750W Fully Modular 80+ Gold,Asus,ROG,750W Gold,,aab58647-631a-413a-97f7-0f2db3eb26e3.json,BLACK | RED,1,0,0,0,0,0,8,,,80+ Gold,False,ATX,B07YXKMGX7,,,,N82E16817320005,2607568123,160,,,,ROG-STRIX-750G | 90YE00A0-B0NA00 | 90YE00A7-B0NA00 | 90YE00A0-BMAA00,Full,750
aabc382a-f29d-4fcb-88a2-0546b5f7164c,Corsair CV750 Black 750W Non-Modular 80+ Bronze Certified,Corsair,CV750,750W Bronze,,aabc382a-f29d-4fcb-88a2-0546b5f7164c.json,BLACK,1,2,0,2,0,2,7,,,80+ Bronze,False,ATX,,,,,,,125,,,,CP-9020237-NA | CP-9020237-UK | CP-9020237-EU | CP-9020237-AU,Non-Modular,750
aac4c383-bcf0-48fb-98cf-e0c6a6569c62,Thermaltake Toughpower GF A3 ATX 3.0 1200W Fully Modular 80+ Gold,Thermaltake,Toughpower,1200W Gold,,aac4c383-bcf0-48fb-98cf-e0c6a6569c62.json,BLACK,1,2,0,4,1,5,12,,,80+ Gold,False,ATX,,,,,,,140,,,,PS-TPD-1200FNFAGA-H,Full,1200
aadb75b7-d171-4e83-8ecf-b305fcdeb805,Thermaltake Toughpower GX1 RGB Black 700W Non-Modular 80+ Gold,Thermaltake,Toughpower,700W Gold,,aadb75b7-d171-4e83-8ecf-b305fcdeb805.json,BLACK,1,1,0,4,0,4,8,,,80+ Gold,False,ATX,,,,,,,140,,,,PS-TPD-0700NHFAGU-1 | PS-TPD-0700NHFAGA-1,Non-Modular,700
aaf1cfaa-7927-4b7d-941b-60737bfa5c9b,Cooler Master New GX 550W Non-Modular 80+,Cooler Master,New,550W 80+,,aaf1cfaa-7927-4b7d-941b-60737bfa5c9b.json,,1,1,0,3,0,2,6,,,80+,False,ATX,,,,,,,140,,,,RS-550-ACAA-D3,Non-Modular,550
ab116405-1dae-4f9a-8d7d-2411da52bd6a,SeaSonic PRIME TX-750 750W 80+ Titanium Fully Modular,SeaSonic,PRIME,750W Titanium,,ab116405-1dae-4f9a-8d7d-2411da52bd6a.json,BLACK,1,2,0,3,0,4,10,,,80+ Titanium,False,ATX,B07WSJW646,,,,,409721605,170,,,,PRIME-TX-750 | SSR-750TR,Full,750
ab15f941-a824-4762-8bfb-a4feb95071c2,Cooler Master MWE Bronze Black 650W Non-Modular 80+ Bronze Certified ATX,Cooler Master,MWE,650W Bronze,,ab15f941-a824-4762-8bfb-a4feb95071c2.json,BLACK,1,1,0,4,0,4,8,,,80+ Bronze,False,ATX,,,,,,,140,,,,MPX-6501-ACAAB-US,Non-Modular,650
ab30f946-73d6-4ddf-99d9-95aa5a383d15,Antec NeoECO Gold ZEN Black / Gold 500W Non-Modular 80+ Gold,Antec,NeoECO,500W Gold,,ab30f946-73d6-4ddf-99d9-95aa5a383d15.json,BLACK | GOLD,1,1,0,2,0,2,6,,,80+ Gold,False,ATX,B0817DXRPX,,,,,691474032,140,,,,NE500G ZEN | NE500G Zen,Non-Modular,500
ab44f2f5-9051-4eb5-ad2c-0014b334a807,Silverstone Strider Platinum 1200W Fully Modular 80+ Platinum,Silverstone,Strider,1200W Platinum,,ab44f2f5-9051-4eb5-ad2c-0014b334a807.json,,1,2,0,6,0,8,16,,,80+ Platinum,False,ATX,,,,,,,180,,,,SST-ST1200-PT,Full,1200
ab51c54b-af93-4191-8a6c-66b3c01e5d1d,Sunbeam PSU-H680-REV-US ATX 680W Non-Modular,Sunbeam,PSU-H680-REV-US,680W ,,ab51c54b-af93-4191-8a6c-66b3c01e5d1d.json,,1,0,0,6,0,0,4,,,,False,ATX,,,,,,,,,,,PSU-H680-REV-US,Non-Modular,680
ab525c87-769b-4cae-81bb-82b85a51fe69,Montech TITAN GOLD Black 750W Fully Modular 80+ Gold Certified,Montech,TITAN,750W Gold,,ab525c87-769b-4cae-81bb-82b85a51fe69.json,BLACK,1,4,0,4,1,4,12,,,80+ Gold,False,ATX,,,,,,,160,,,,TITAN GOLD 750W | P011,Full,750
ab5bc1b8-c401-4420-a13e-116fcfdb1e21,FSP Group Raider S 550W Non-Modular 80+ Silver Certified,FSP Group,Raider,550W Silver,,ab5bc1b8-c401-4420-a13e-116fcfdb1e21.json,,1,1,0,3,0,2,6,,,80+ Silver,False,ATX,,,,,,,140,,,,Raider S 550,Non-Modular,550
ab5e6500-05ed-4aa4-8c6f-38c50cae2043,Thermalright TPFX850 SFX 850W Fully Modular 80+ Platinum Certified,Thermalright,TPFX850,850W Platinum,,ab5e6500-05ed-4aa4-8c6f-38c50cae2043.json,BLACK,1,1,0,3,1,4,6,,,80+ Platinum,False,SFX,,,,,,,100,,,,TPFX850,Full,850
ab620008-e821-4be5-b1cf-78c769db5954,PREYON Eagle Power Gaming Black Certified ATX 850W Fully Modular 80+ Gold,PREYON,Eagle,850W Gold,,ab620008-e821-4be5-b1cf-78c769db5954.json,BLACK,1,0,0,0,0,0,6,,,80+ Gold,False,ATX,,,,,,,140,,,,PEPG850W,Full,850
ab7cd8a8-1795-49c3-bf99-f3d64193137a,VIVO 24K ATX 650W Fully Modular 80+ Gold Certified,VIVO,24K,650W Gold,,ab7cd8a8-1795-49c3-bf99-f3d64193137a.json,,1,0,0,0,0,0,8,,,80+ Gold,False,ATX,,,,,,,189,,,,PSU-650G,Full,650
ab7d2829-c370-4878-929f-81322e074e68,Rosewill Capstone 450W 80+ Gold Certified Semi-Modular,Rosewill,Capstone,450W Gold,,ab7d2829-c370-4878-929f-81322e074e68.json,,1,0,0,0,0,0,6,,,80+ Gold,False,ATX,,,,,,,169,,,,CAPSTONE-450-M,Semi-Modular,450
ab8a4fcb-bf37-4c54-916d-eb57176b4a00,Silverstone TX700-G TFX 700W Non-Modular 80+ Gold,Silverstone,TX700-G,700W Gold,,ab8a4fcb-bf37-4c54-916d-eb57176b4a00.json,BLACK,1,2,0,4,0,4,6,,,80+ Gold,False,TFX,B08WTHF622,,,,1B4-00JV-00093,751292731,175,,,,SST-TX700-G | TX700-G,Non-Modular,700
aba27eb5-e2a3-45f2-9d9d-001af45d7d3d,TUNIQ PSU-POT750-BK ATX 750W Non-Modular 80+ Bronze Certified,TUNIQ,PSU-POT750-BK,750W Bronze,,aba27eb5-e2a3-45f2-9d9d-001af45d7d3d.json,,1,1,0,6,0,2,6,,,80+ Bronze,False,ATX,,,,,,,,,,,PSU-POT750-BK,Non-Modular,750
abc7efd0-2e9b-4b61-a8a8-81b695e55520,Thermaltake Toughpower GF A3 ATX 3.0 850W Fully Modular 80+ Gold Certified,Thermaltake,Toughpower,850W Gold,,abc7efd0-2e9b-4b61-a8a8-81b695e55520.json,BLACK,1,0,0,0,0,0,8,,,80+ Gold,False,ATX,,,,,,,140,,,,PS-TPD-0850FNFAGA-H,Full,850
abd30cc5-3c06-4096-a0d8-4b8541cb67fb,GameMax GP Black ATX 400W Non-Modular 80+ Bronze Certified,GameMax,GP,400W Bronze,,abd30cc5-3c06-4096-a0d8-4b8541cb67fb.json,BLACK,1,0,0,0,0,0,3,,,80+ Bronze,False,ATX,B097C76N6J,,,,,,140,,,,GP-400A | GP400A,Non-Modular,400
abdc73be-bb45-46e3-841d-6adae1a542a7,Xilence XP700R6 Black / Red ATX 700W Non-Modular,Xilence,XP700R6,700W ,,abdc73be-bb45-46e3-841d-6adae1a542a7.json,BLACK | RED,1,1,0,4,0,2,6,,,,False,ATX,B01A9H7U3S,,,,,,140,,,,XN046,Non-Modular,700
abe50d37-50fb-4124-b3a6-be114215d062,Asus ROG Strix Aura Edition Black 850W Fully Modular 80+ Gold,Asus,ROG,850W Gold,,abe50d37-50fb-4124-b3a6-be114215d062.json,BLACK,1,0,0,0,0,0,5,,,80+ Gold,False,ATX,B0BPM6JXZJ,,,,N82E16817320039,,180,,,,ROG-STRIX-850G-AURA-GAMING | 90YE00P2-B0NA00,Full,850
abfa8744-ed36-4132-bb80-262c14c48210,Chieftec Vita SM3 Black / Blue 850W Semi-Modular 80+ Bronze Certified,Chieftec,Vita,850W Bronze,,abfa8744-ed36-4132-bb80-262c14c48210.json,BLACK | BLUE,1,0,0,0,0,0,6,,,80+ Bronze,False,ATX,B0FFLJ5WXG,,,,,,140,,,,BPX-850-C,Semi-Modular,850
ac08a72e-b461-4857-a11b-382a315ce976,FSP Group AU-500FL Fanless ATX 500W Semi-Modular 80+ Gold Certified,FSP Group,AU-500FL,500W Gold,,ac08a72e-b461-4857-a11b-382a315ce976.json,,1,1,0,4,0,4,5,,,80+ Gold,True,ATX,,,,,,,160,,,,AU-500FL,Semi-Modular,500
ac1a9b19-6561-47fd-aed6-5e9fb3ecbbab,Montech CENTURY II 850W 80+ Gold Certified Fully Modular,Montech,CENTURY,II 850W Gold,,ac1a9b19-6561-47fd-aed6-5e9fb3ecbbab.json,BLACK | GREY,1,2,0,1,2,1,2,Cybenetics Platinum,Cybenetics A-,80+ Gold,False,ATX,B0F3XW1J16,11500567,,https://www.montechpc.com/century-ii-850w,N82E16817959008R,16054101329,140,,2025-11-28T19:57:46.467Z,,CENTURY II 850W | Century II 850 | 17-959-008,Full,850
ac2b05d0-10e8-4a22-980a-5b5c172bbad3,"Apevia ATX-PR850W PCIe 5.0 & ATX 3.0 Ready Prestige 850W 80+ Gold Certified, Gen 5 12VHPWR Connector, Active PFC ATX Gaming Power Supply",Apevia,Prestige,White,2023,ac2b05d0-10e8-4a22-980a-5b5c172bbad3.json,,1,2,0,4,1,4,7,,,80+ Gold,False,ATX,,,,,,3679915052,170,,,,SPIRIT600W,Full,850
ac2f5f47-1ea4-4909-8b72-ae3fe5b6109e,Gigabyte P550B Black ATX 550W Non-Modular 80+ Bronze Certified,Gigabyte,P550B,550W Bronze,,ac2f5f47-1ea4-4909-8b72-ae3fe5b6109e.json,BLACK,1,1,0,3,0,2,6,,,80+ Bronze,False,ATX,B08DK7MVKX,,,,9SIAPH8KCD0652,883771798,140,,,,GP-P550B | 28200-P550B-1EUR,Non-Modular,550
ac360f79-adce-43c0-bfe6-842c2c542ec8,Cooler Master GXII ATX 750W Non-Modular 80+ Bronze Certified,Cooler Master,GXII,750W Bronze,,ac360f79-adce-43c0-bfe6-842c2c542ec8.json,,1,1,0,3,0,4,9,,,80+ Bronze,False,ATX,,,,,,,139,,,,RS750-ACAAB1-US,Non-Modular,750
ac4ebdc5-ddc4-437e-a1ab-b4cee3638e3d,Kingwin Lazer ATX 1000W Semi-Modular 80+ Bronze Certified,Kingwin,Lazer,1000W Bronze,,ac4ebdc5-ddc4-437e-a1ab-b4cee3638e3d.json,,1,2,0,8,0,3,8,,,80+ Bronze,False,ATX,,,,,,,180,,,,LZ-1000,Semi-Modular,1000
ac63ec12-d7a1-4058-8242-333261379453,Topower TOP-800WB ATX 800W Non-Modular 80+ Bronze Certified,Topower,TOP-800WB,800W Bronze,,ac63ec12-d7a1-4058-8242-333261379453.json,,1,2,0,4,0,2,8,,,80+ Bronze,False,ATX,,,,,,,160,,,,TOP-800WB,Non-Modular,800
ac8172ab-8bb2-4c68-96f1-501d2b9154eb,be quiet! Pure Power 12 M Black 1000W Fully Modular 80+ Gold Certified ATX,be quiet!,Pure,1000W Gold,,ac8172ab-8bb2-4c68-96f1-501d2b9154eb.json,BLACK,1,0,0,0,0,0,6,,,80+ Gold,False,ATX,B0BVYCXQY4,,,,1HU-004H-000S1,,160,,,,BN506 | BN717 | BN345,Full,1000
ac99974e-ea47-4b5c-80e7-e60514623ad4,Cooler Master MWE Bronze V2 450W Non-Modular 80+ Bronze Certified,Cooler Master,MWE,450W Bronze,,ac99974e-ea47-4b5c-80e7-e60514623ad4.json,BLACK,1,0,0,0,0,0,6,,,80+ Bronze,False,ATX,B08GTF8224,,,,,,140,,,,MPE-4501-ACAAB-US | MPE-4501-ACAAB-AU | MPE-4501-ACAAB-EU | MPE-4501-ACAAB-UK | MPE-4501-ACAAB-IN | MPE-4501-ACABW-BIN,Non-Modular,450
acb0a770-aa27-4986-873b-98b016de05ca,Super Flower Leadex V Pro White 1000W Fully Modular 80+ Platinum,Super Flower,Leadex,1000W Platinum,,acb0a770-aa27-4986-873b-98b016de05ca.json,WHITE,1,2,0,4,0,8,12,,,80+ Platinum,False,ATX,,,,,1HU-024C-00044,,130,,,,SF-1000F14TP-WT | SF-1000F14TP(WT) | SF-1000F14TP(WH) | SF-1000F14TP-WH,Full,1000
acd0ce4e-99f0-403a-a6c8-9eb4df003cc3,Xilence XP1050MR9 ATX 1050W Fully Modular 80+ Gold Certified,Xilence,XP1050MR9,1050W Gold,,acd0ce4e-99f0-403a-a6c8-9eb4df003cc3.json,BLACK | RED,1,2,0,4,0,6,8,,,80+ Gold,False,ATX,,,,,,,180,,,,XN076,Full,1050
acebae32-92cb-4b6e-9706-56d407b19995,Apevia ITX-AP250W Mini-ITX Black 250W Non-Modular,Apevia,ITX-AP250W,250W ,,acebae32-92cb-4b6e-9706-56d407b19995.json,BLACK,1,0,0,2,0,0,2,,,,False,Mini-ITX,,,,,,,150,,,,ITX-AP250W,Non-Modular,250
ad08495c-90b1-4e37-8bed-d96d56f0db8d,Lian Li SP Platinum 850W White SP0850P,Lian Li,SP Platinum,850W White,2025,ad08495c-90b1-4e37-8bed-d96d56f0db8d.json,WHITE,1,2,,4,1,3,8,,,80+ Platinum,False,SFX,B0FN7GB798,,,https://lian-li.com/product/sp-platinum/,,18832666365,100,,2025-12-31T20:56:25.341Z,,SP0850P | SP0850P.W,Full,850
ad39574a-e389-4398-b96d-a1b6f84d7ab0,Vetroo 50315153277247 White 850W Fully Modular 80+ Gold Certified ATX,Vetroo,50315153277247,850W Gold,,ad39574a-e389-4398-b96d-a1b6f84d7ab0.json,WHITE,1,0,0,0,0,0,8,,,80+ Gold,False,ATX,B0DP2LBPPY,,,,,15612265895,140,,,,50315153277247 | VT-850W-G5(WT) | 850 G5 | 850G5,Full,850
ad9441a4-8470-429f-b803-390abfbeca38,Solid Gear SDGR-FLEX220 Silver Flex ATX 220W Non-Modular,Solid Gear,SDGR-FLEX220,220W ,,ad9441a4-8470-429f-b803-390abfbeca38.json,GREY,1,0,0,2,0,0,2,,,,False,Flex ATX,,,,,,,,,,,SDGR-FLEX220,Non-Modular,220
ada9d5ac-b1e3-4110-b4cf-a2e89c057e61,MSI MPG A750GF Black 750W Fully Modular 80+ Gold,MSI,MPG,750W Gold,,ada9d5ac-b1e3-4110-b4cf-a2e89c057e61.json,BLACK,1,0,0,0,0,0,8,,,80+ Gold,False,ATX,B08PDZ5ZLT,6447783,,,9SIAJEPK6W7154,923182280,160,,,,MPG A750GF | 306-7ZP0B18-CE0 | 306-7ZP0B11-CE0 | MPGA750GF,Full,750
adaa0e1d-6aca-40b9-973c-f9eeac7870b7,CoolMax CX-550B ATX 550W Non-Modular,CoolMax,CX-550B,550W ,,adaa0e1d-6aca-40b9-973c-f9eeac7870b7.json,,1,0,0,0,0,0,2,,,,False,ATX,,,,,,,142,,,,CX-550B,Non-Modular,550
adc13455-e455-4f67-943b-4a55dcb26891,Silverstone Strider ATX 400W Non-Modular 80+ Bronze Certified,Silverstone,Strider,400W Bronze,,adc13455-e455-4f67-943b-4a55dcb26891.json,,1,1,0,3,0,0,6,,,80+ Bronze,False,ATX,,,,,,,140,,,,ST40F-ESB,Non-Modular,400
adf95c30-e5e0-44b9-88be-f139a01c85db,Thermaltake Smart RGB 700W,Thermaltake,Smart RGB Series,,2017,adf95c30-e5e0-44b9-88be-f139a01c85db.json,,1,1,1,0,2,0,4,,,80+ Standard,False,ATX,B0754S3TXS,,,,9SIB7SAHWU2334,850915475,140,,,,PS-SPR-0700NHFAWU-1,Non-Modular,700
ae1bae0a-48c7-4b7a-9266-5af56b1dac02,Fractal Design Anode Bronze 650W Semi-Modular 80+ Bronze,Fractal Design,Anode,650W Bronze,,ae1bae0a-48c7-4b7a-9266-5af56b1dac02.json,BLACK,1,1,0,2,0,4,5,,,80+ Bronze,False,ATX,,,,,,,140,,,,FD-P-AA1B-650 | FD-P-AA1B-650-UK | FD-P-AA1B-650-EU,Semi-Modular,650
ae1c8de7-13a3-4276-9fdc-8d0ccb777adf,Cougar RSB400 400W Non-Modular 80+ Certified,Cougar,RSB400,400W 80+,,ae1c8de7-13a3-4276-9fdc-8d0ccb777adf.json,,1,1,0,3,0,0,4,,,80+,False,ATX,,,,,,,139,,,,RSB400,Non-Modular,400
ae1debfb-f524-419d-92c4-916bc6e6d19d,XClio STABLEPOWER GOLD 750W Fully Modular 80+ Gold,XClio,STABLEPOWER,750W Gold,,ae1debfb-f524-419d-92c4-916bc6e6d19d.json,,1,0,0,0,0,0,8,,,80+ Gold,False,ATX,,,,,,,160,,,,STABLEPOWER GOLD 750W,Full,750
ae7cb568-f58e-4cde-8cf1-6c82825ad5c6,Super Flower Legion GX Pro Black 550W Semi-Modular ATX 80+ Gold Certified,Super Flower,Legion,550W Gold,,ae7cb568-f58e-4cde-8cf1-6c82825ad5c6.json,BLACK,1,2,0,4,0,2,6,,,80+ Gold,False,ATX,,,,,,,160,,,,SF- 550P14XE,Semi-Modular,550
ae9a5f24-8bb0-4fd8-bfe0-c0d783b4bfe9,Cooler Master MWE Gold Black 750W Non-Modular 80+ Gold,Cooler Master,MWE,750W Gold,,ae9a5f24-8bb0-4fd8-bfe0-c0d783b4bfe9.json,BLACK,1,1,0,6,0,4,8,,,80+ Gold,False,ATX,,,,,,,140,,,,MPY7501ACAAGUS,Non-Modular,750
ae9dceb1-2a0e-4846-9d0d-3390ec61f57b,Asus ROG Strix Black / Red 550W Fully Modular 80+ Gold Certified,Asus,ROG,550W Gold,,ae9dceb1-2a0e-4846-9d0d-3390ec61f57b.json,BLACK | RED,1,2,0,3,0,2,8,,,80+ Gold,False,ATX,B08461YPSD,,,,,214431745,160,,,,ROG-STRIX-550G | 90YE00A2-B0AA00 | 90YE00A2-B0NA00 | 90YE00A2-B0EA00,Full,550
aea5d6ae-9f80-4890-b3b2-e7763aabccc5,FSP Group Hydro GE 550W Fully Modular 80+ Gold Certified,FSP Group,Hydro,550W Gold,,aea5d6ae-9f80-4890-b3b2-e7763aabccc5.json,,1,1,0,3,0,4,8,,,80+ Gold,False,ATX,B077V9SVSK,,,,9SIABP96N22205,,170,,,,HGE550,Full,550
aeb1b8a3-1337-4315-9d6f-09f473cdfd35,Xilence XP750R12 Black ATX 750W Non-Modular 80+ Gold Certified,Xilence,XP750R12,750W Gold,,aeb1b8a3-1337-4315-9d6f-09f473cdfd35.json,BLACK,1,3,0,0,0,3,6,,,80+ Gold,False,ATX,,,,,,,140,,,,XN330,Non-Modular,750
aebc41d3-d608-4dbb-a5a1-5f900f7d18b8,Xion XON-700P12F 700W Non-Modular,Xion,XON-700P12F,700W ,,aebc41d3-d608-4dbb-a5a1-5f900f7d18b8.json,,1,1,0,4,0,0,5,,,,False,ATX,,,,,,,,,,,XON-700P12F,Non-Modular,700
aecd6603-43b8-4bfd-a0f8-0907ba24b2e0,Apevia ATX-AQ700W-BK 700W Non-Modular,Apevia,ATX-AQ700W-BK,700W ,,aecd6603-43b8-4bfd-a0f8-0907ba24b2e0.json,,1,1,0,4,0,2,6,,,,False,ATX,,,,,,,154,,,,ATX-AQ700W-BK,Non-Modular,700
aeed0332-5571-4807-acda-db5126803097,Deepcool PX1200G ATX 1200W Fully Modular 80+ Gold Certified,DeepCool,PX1200G,1200W Gold,,aeed0332-5571-4807-acda-db5126803097.json,BLACK,1,2,0,4,1,3,8,,,80+ Gold,False,ATX,B0BRXTBXJD,,,,,,160,,,,R-PXC00G-FC0B-US | R-PXC00G-FC0B-AU | R-PXC00G-FC0B-BP | R-PXC00G-FC0B-UK | R-PXC00G-FC0B-EU | R-PXC00G-FC0B-JP | R-PXC00G-FC0B-WO,Full,1200
aeed27f8-2607-403a-9de4-ba9f705601f9,Thermaltake Toughpower Grand 850W 80+ Platinum Certified Fully Modular,Thermaltake,Toughpower,850W Platinum,,aeed27f8-2607-403a-9de4-ba9f705601f9.json,,1,2,0,8,0,6,12,,,80+ Platinum,False,ATX,,,,,,,180,,,,PS-TPG-0850FPCPUS-P,Full,850
af00ab35-53fb-46f1-a43e-124abfde43e4,Enermax REVOLUTION DUO 600W Non-Modular 80+ Gold,Enermax,REVOLUTION,600W Gold,,af00ab35-53fb-46f1-a43e-124abfde43e4.json,,1,1,0,4,0,2,6,,,80+ Gold,False,ATX,,,,,,,140,,,,ERD600AWL-F,Non-Modular,600
af30a008-ab4d-43a8-9f9b-6f8bc5a8cf17,Lian Li SP850 SFX 850W Fully Modular 80+ Gold Certified,Lian Li,SP850,850W Gold,,af30a008-ab4d-43a8-9f9b-6f8bc5a8cf17.json,BLACK,1,0,0,0,0,0,8,,,80+ Gold,False,SFX,B0BCV9JCCH,,,,,,100,,,,SP850 Black | SP850B | SP850 | SP850 BLACK | G9P.SP0850G.B000.EU,Full,850
af31ce30-b97a-4eea-b909-6e06c0d678e6,Xilence XP750MR9.2 Black / Red 750W Semi-Modular 80+ Gold Certified,Xilence,XP750MR9.2,750W Gold,,af31ce30-b97a-4eea-b909-6e06c0d678e6.json,BLACK | RED,1,1,0,3,1,3,6,,,80+ Gold,False,ATX,,,,,,,160,,,,XN173 | XP750MR9.2,Semi-Modular,750
af5b1c01-a782-43c5-9748-ad82936d84e0,Silverstone Strider Platinum ATX 1000W Fully Modular 80+ Platinum Certified,Silverstone,Strider,1000W Platinum,,af5b1c01-a782-43c5-9748-ad82936d84e0.json,,1,2,0,6,0,6,16,,,80+ Platinum,False,ATX,,,,,,,180,,,,SST-ST1000-PT,Full,1000
af5fe2a4-748e-48e4-a91c-4be0c1783693,Silverstone Essential Black ATX 550W Non-Modular 80+ Bronze Certified,Silverstone,Essential,550W Bronze,,af5fe2a4-748e-48e4-a91c-4be0c1783693.json,BLACK,1,1,0,3,0,2,6,,,80+ Bronze,False,ATX,B071HHSY2M,,,,N82E16817256189,450904907,140,,,,SST-ET550-B | ET550-B,Non-Modular,550
af6e092f-5872-4ec8-8126-947d3cc22d21,Deepcool DQ750ST ATX 750W Non-Modular 80+ Gold Certified,DeepCool,DQ750ST,750W Gold,,af6e092f-5872-4ec8-8126-947d3cc22d21.json,,1,1,0,3,0,4,5,,,80+ Gold,False,ATX,,,,,,,140,,,,DQ750ST,Non-Modular,750
af82d566-8672-4884-bb62-658d5c943760,Thermaltake TR2 RX 850W Semi-Modular 80+ Bronze Certified,Thermaltake,TR2,850W Bronze,,af82d566-8672-4884-bb62-658d5c943760.json,,1,1,0,8,0,2,6,,,80+ Bronze,False,ATX,,,,,,,180,,,,W0319,Semi-Modular,850
af884067-3af8-4047-b7ad-e879754848a5,SeaSonic PRIME TX-1600 ATX 3.1 Black / Silver 1600W Fully Modular ATX 80+ Titanium Certified,SeaSonic,Prime TX ATX 3.1,1600W Titanium,,af884067-3af8-4047-b7ad-e879754848a5.json,BLACK | GREY,1,0,0,0,0,0,18,,,80+ Titanium,False,ATX,B0C571LRNB,,,,N82E16817151262,5411359654,210,,,Black/Silver,Prime TX-1600 ATX 3.1 | SSR-1600TR2,Full,1600
af8da82c-457b-4ca7-a3c9-423b867e891c,Rosewill Stallion ATX 400W Non-Modular,Rosewill,Stallion,400W ,,af8da82c-457b-4ca7-a3c9-423b867e891c.json,,1,1,0,2,0,0,4,,,,False,ATX,,,,,,,140,,,,RD400-2-DB,Non-Modular,400
afa362d8-6a09-468d-a8ed-371bdc5fac68,Diablotek PHD350 ATX 350W Non-Modular,Diablotek,PHD350,350W ,,afa362d8-6a09-468d-a8ed-371bdc5fac68.json,,1,1,0,4,0,0,2,,,,False,ATX,,,,,,,,,,,PHD350,Non-Modular,350
afb37d07-a7ce-4cbc-9001-02c523e8e837,Antec VP ATX 350W Non-Modular,Antec,VP,350W ,,afb37d07-a7ce-4cbc-9001-02c523e8e837.json,,1,1,0,3,0,0,3,,,,False,ATX,,,,,,,140,,,,VP-350,Non-Modular,350
afb4dfb1-43ed-4f3b-be94-7b53095ea6d5,Cooler Master MWE BRONZE V3 Black ATX 550W Non-Modular 80+ Bronze,Cooler Master,MWE,550W Bronze,,afb4dfb1-43ed-4f3b-be94-7b53095ea6d5.json,BLACK,1,2,0,3,0,2,6,,,80+ Bronze,False,ATX,,,,,,,140,,,,MPE-5501-ACAAW-3BUS | MPE-5501-ACAAW-3BUK | MPE-5501-ACAAW-3BEU | MPE-5501-ACAAW-3BJP | MPE-5501-ACAAW-3BAU | MPE-5501-ACAAW-3BBR | MPE-5501-ACAAW-3BTW | MPE-5501-ACAAW-3BTH | MPE-5501-ACAAW-3BIN | MPE-5501-ACAAW-3BST,Non-Modular,550
afd1e689-6491-4221-939c-27d19e9027e3,Asus TUF Gaming B Black 450W Non-Modular 80+ Bronze Certified ATX,Asus,TUF,450W Bronze,,afd1e689-6491-4221-939c-27d19e9027e3.json,BLACK,1,1,0,4,0,2,5,,,80+ Bronze,False,ATX,B08SC2ZYY4,,,,N82E16817320013,873613746,150,,,,TUF GAMING 450B,Non-Modular,450
afd55a8c-b086-475d-b62b-c9078ffd16e9,Cougar COUGAR-1000CMX ATX 1000W Non-Modular 80+ Bronze Certified,Cougar,COUGAR-1000CMX,1000W Bronze,,afd55a8c-b086-475d-b62b-c9078ffd16e9.json,,1,2,0,7,0,4,10,,,80+ Bronze,False,ATX,,,,,,,180,,,,COUGAR-1000CMX,Non-Modular,1000
afda8280-df1b-45fa-89fc-b6c6abd1ad90,be quiet! System Power U9 Black 700W Non-Modular 80+ Bronze,be quiet!,System,700W Bronze,,afda8280-df1b-45fa-89fc-b6c6abd1ad90.json,BLACK,1,1,0,2,0,4,6,,,80+ Bronze,False,ATX,,,,,,,140,,,,BN289 | BN609,Non-Modular,700
b00ac7ab-4652-4381-83d7-3b5c1ddab7f3,Thermaltake Cologne Black ATX 730W Non-Modular 80+ Bronze Certified,Thermaltake,Cologne,730W Bronze,,b00ac7ab-4652-4381-83d7-3b5c1ddab7f3.json,BLACK,1,1,0,4,0,4,8,,,80+ Bronze,False,ATX,,,,,,,160,,,,W0394RE,Non-Modular,730
b040557f-bc2f-4528-b2f5-23e153217f68,NZXT HALE 90 ATX 850W Fully Modular 80+ Gold Certified,NZXT,HALE,850W Gold,,b040557f-bc2f-4528-b2f5-23e153217f68.json,,1,2,0,9,0,3,10,,,80+ Gold,False,ATX,,,,,,,180,,,,HALE90-850-M,Full,850
b06d87cc-032a-46b9-ae45-3f6a7c096a0b,Silverstone ET500-ARGB Black 500W Non-Modular 80+ Bronze Certified ATX,Silverstone,ET500-ARGB,500W Bronze,,b06d87cc-032a-46b9-ae45-3f6a7c096a0b.json,BLACK,1,2,0,3,0,2,4,,,80+ Bronze,False,ATX,,,,,,,140,,,,PS-ET500-ARGB | ET500-ARGB | SST-ET500-ARGB,Non-Modular,500
b0717dde-ff04-4d09-946c-02ca5de937e1,EVGA SuperNOVA 550 GM SFX 550W Fully Modular 80+ Gold Certified,EVGA,SuperNOVA,550W Gold,,b0717dde-ff04-4d09-946c-02ca5de937e1.json,BLACK,1,1,0,4,0,4,4,,,80+ Gold,False,SFX,B07JFLGGQ6,,,,9SIB8AKKD00475,707135744,100,,,,123-GM-0550-Y1 | 123-GM-0550-Y2 | 123-GM-0550-Y3 | 550GM,Full,550
b0942691-31c6-4585-befc-80c408a63ce4,Deepcool PK800D Black 800W Non-Modular 80+ Bronze Certified ATX,DeepCool,PK800D,800W Bronze,,b0942691-31c6-4585-befc-80c408a63ce4.json,BLACK,1,2,0,4,0,4,8,,,80+ Bronze,False,ATX,,,,,,,140,,,,R-PK800D-FA0B-US | R-PK800D-FA0B-JP | R-PK800D-FA0B-AU | R-PK800D-FA0B-BP | R-PK800D-FA0B-EU | R-PK800D-FA0B-WO | R-PK800D-FA0B-BR | R-PK800D-FA0B-CN | R-PK800D-FA0B-UK | R-PK800D-FA0B-AR,Non-Modular,800
b0e56754-924d-4f05-87c6-9b2ee7958b04,Corsair RM850x ATX 850W Fully Modular 80+ Gold Certified,Corsair,RM850x,850W Gold,,b0e56754-924d-4f05-87c6-9b2ee7958b04.json,,1,0,0,0,0,0,10,,,80+ Gold,False,ATX,B015YEI8JG,,,,,49689711,180,,,,CP-9020093-NA | RM850x | CP-9020093-UK,Full,850
b10437ea-c786-42d5-aa29-583259990d33,FSP Group Dagger Pro Black / Gold SFX 750W Fully Modular 80+ Gold Certified,FSP Group,Dagger,750W Gold,,b10437ea-c786-42d5-aa29-583259990d33.json,BLACK | GOLD,1,1,0,2,0,4,5,,,80+ Gold,False,SFX,,,,,,,100,,,,SDA2-750,Full,750
b13a394b-cab2-4fbf-b275-50dd08c2a836,Enermax Platimax D.F. 850W 80+ Platinum Certified Fully Modular,Enermax,Platimax,850W Platinum,,b13a394b-cab2-4fbf-b275-50dd08c2a836.json,,1,2,0,4,0,2,4,,,80+ Platinum,False,ATX,,,,,,,160,,,,EPF850EWT,Full,850
b13d9f69-3982-4eb5-92f2-3aaffc3c8bf7,Rosewill Glacier 600M 600W Semi-Modular 80+ Bronze Certified,Rosewill,Glacier,600W Bronze,,b13d9f69-3982-4eb5-92f2-3aaffc3c8bf7.json,,1,1,0,4,0,2,6,,,80+ Bronze,False,ATX,,,,,,,157,,,,Glacier 600M,Semi-Modular,600
b13e550f-a6d5-4e5b-bc93-112a4025623b,Rosewill Lightning 800 W 80+ Gold Certified Semi-modular ATX,Rosewill,Lightning,800W Gold,,b13e550f-a6d5-4e5b-bc93-112a4025623b.json,,1,1,0,8,0,6,8,,,80+ Gold,False,ATX,,,,,,,180,,,,LIGHTNING-800,Semi-Modular,800
b158339e-386d-4cd1-942f-6b1feaf544c5,"EVGA SuperNOVA 750 P6, 80 Plus Platinum 750W, Fully Modular, Eco Mode with FDB Fan, 10 Year Warranty, Includes Power ON Self Tester, Compact 140mm Size, Power Supply 220-P6-0750-X1",EVGA,SuperNOVA P6,,,b158339e-386d-4cd1-942f-6b1feaf544c5.json,,1,2,1,4,0,0,9,,,80+ Platinum,False,ATX,B09D8TBT6T,,,,N82E16817438218,1472876330,140,,,,9B17-438-218 | 220-P6-0750-X1,Full,750
b159e8a1-cf97-4432-a615-fe198a99bff9,NZXT C1200 1200W 80+ Gold Fully Modular,NZXT,C1200,1200W Gold,,b159e8a1-cf97-4432-a615-fe198a99bff9.json,BLACK,1,0,0,0,0,0,8,,,80+ Gold,False,ATX,B0BQX19J1R,6538048,,,N82E16817116049,1477608557,150,,,,PA-2G1BB-US | PA-2G1BB-AU | PA-2G1BB-EU | PA-2G1BB-UK | PA-2G1BB-JP | PA-2G1BB-WO,Full,1200
b16792a4-8bf1-4257-a989-22c1c149a6ad,SilentiumPC Vero M2 Black 600W Non-Modular 80+ Bronze Certified ATX,SilentiumPC,Vero,600W Bronze,,b16792a4-8bf1-4257-a989-22c1c149a6ad.json,BLACK,1,1,0,3,0,2,7,,,80+ Bronze,False,ATX,,,,,,,160,,,,SPC166,Non-Modular,600
b17ffe5b-79cc-4394-b911-dba1c98c0899,Thermaltake Toughpower PF3-L 1050W Fully Modular 80+ Platinum Certified,Thermaltake,Toughpower,1050W Platinum,,b17ffe5b-79cc-4394-b911-dba1c98c0899.json,BLACK,1,0,0,0,0,0,12,,,80+ Platinum,False,ATX,B0BWHFBPMM,,,,N82E16817153444,3322496822,140,,,,PS-TPD-1050FNFAPU-L,Full,1050
b1850520-c911-470a-836a-9a6d9da4a237,EVGA SuperNOVA 1600 T2 1600W 80+ Titanium Fully Modular,EVGA,SuperNOVA,1600W Titanium,,b1850520-c911-470a-836a-9a6d9da4a237.json,,1,0,0,0,0,0,16,,,80+ Titanium,False,ATX,B00R33ZBQU,,,,9SIAPMXKAT2027,44909928,220,,,,220-T2-1600-X1 | 220-T2-1600-X3 | 220-T2-1600-X2,Full,1600
b1be1ba1-71cb-4668-83b1-a52e39a45438,Cooler Master V850 Gold i 850W Fully Modular 80+ Gold,Cooler Master,V850,850W Gold,,b1be1ba1-71cb-4668-83b1-a52e39a45438.json,BLACK | GOLD,1,2,0,4,1,3,12,,,80+ Gold,False,ATX,,,,,,,160,,,,MPZ-8501-AFAG-BUS | MPZ-8501-AFAG-BWO | MPZ-8501-AFAG-BUK | MPZ-8501-AFAG-BAU | MPZ-8501-AFAG-BEU,Full,850
b1cc596d-5cf5-45a1-9d85-fc46e22f6e6e,Deepcool PF450 Black 230V ATX 450W Non-Modular 80+,DeepCool,PF450,450W 80+,,b1cc596d-5cf5-45a1-9d85-fc46e22f6e6e.json,BLACK,1,1,0,2,0,2,6,,,80+,False,ATX,,,,,,,140,,,,R-PF450D-HA0B-US | R-PF450D-HA0B-UK | R-PF450D-HA0B-EU | R-PF450D-HA0B-CN | R-PF450D-HA0B-AU | R-PF450D-HA0B-BP | R-PF450D-HA0B-WO | R-PF450D-HA0B-AR,Non-Modular,450
b1d92d5b-8f8a-4471-8242-7fdf250b2dcc,FSP Group Hydro G PRO ATX3.0(PCIe5.0) 850W Fully Modular 80+ Gold Certified,FSP Group,Hydro,850W Gold,,b1d92d5b-8f8a-4471-8242-7fdf250b2dcc.json,BLACK,1,2,0,5,1,6,14,,,80+ Gold,False,ATX,,,,,,,150,,,,HG2-850 | Gen5,Full,850
b1da2806-34d8-4ddf-94d6-12070a03c8fb,be quiet! Pure Power 10 CM 400W Semi-Modular 80+ Silver Certified,be quiet!,Pure,400W Silver,,b1da2806-34d8-4ddf-94d6-12070a03c8fb.json,,1,1,0,2,0,2,5,,,80+ Silver,False,ATX,,,,,,,160,,,,BN276,Semi-Modular,400
b208f88b-f572-427d-9ad5-eb05353fefe6,Cooler Master G Gold V2 Black 650W Non-Modular 80+ Gold,Cooler Master,G,650W Gold,,b208f88b-f572-427d-9ad5-eb05353fefe6.json,BLACK,1,2,0,3,0,4,6,,,80+ Gold,False,ATX,,,,,,,140,,,,MPE-6502-ACAAG-US | MPE-6502-ACAAG-JP | MPE-6502-ACAAG-TW | MPE-6502-ACAAG-AU | MPE-6502-ACAAG-EU | MPE-6502-ACAAG-BR | MPE-6502-ACAAG-KR | MPE-6502-ACAAG-ST | MPE-6502-ACAAG-IN | MPE-6502-ACAAG-UK,Non-Modular,650
b2187671-5ec3-48e9-9b0d-f656dcaf0933,Antec NeoECO Gold 850W Fully Modular 80+ Gold,Antec,NeoECO,850W Gold,,b2187671-5ec3-48e9-9b0d-f656dcaf0933.json,,1,2,0,5,0,6,10,,,80+ Gold,False,ATX,B0BDRGX2ZV,,,,,,140,,,,NE850G M | X7000A083-20 | 0-761345-11763-0 | NE850G M AU,Full,850
b22292c3-80f4-4ccd-a9dc-2445b6b5e4a8,EVGA 1000 GQ 1000W 80+ Gold Semi-Modular,EVGA,1000,1000W Gold,,b22292c3-80f4-4ccd-a9dc-2445b6b5e4a8.json,,1,0,0,0,0,0,12,,,80+ Gold,False,ATX,B017ICWP82,,,,N82E16817438062,48404196,180,,,,210-GQ-1000 | 210-GQ-1000-V1 | 210-GQ-1000-V2 | 210-GQ-1000-V3,Semi-Modular,1000
b2333828-a08b-484e-be29-90dd066b6b1a,Nfortec Sagitta RGB 750W Fully Modular 80+ Gold,Nfortec,Sagitta,750W Gold,,b2333828-a08b-484e-be29-90dd066b6b1a.json,BLACK,1,1,0,3,0,2,8,,,80+ Gold,False,ATX,,,,,,,170,,,,NF-PSU-SAGITTA-750WM,Full,750
b23deb79-52f2-45ad-abf2-8a52f9b32bd8,KOLINK Continuum V2 Black ATX 1050W Fully Modular 80+ Platinum Certified,KOLINK,Continuum,1050W Platinum,,b23deb79-52f2-45ad-abf2-8a52f9b32bd8.json,BLACK,1,2,0,8,0,6,8,,,80+ Platinum,False,ATX,,,,,,,180,,,,KL-C1050PL-B,Full,1050
b2538aea-4d3a-4fe3-b404-c8f979ff35f2,SilentiumPC Supremo L2 V2 Black 550W Non-Modular 80+ Gold,SilentiumPC,Supremo,550W Gold,,b2538aea-4d3a-4fe3-b404-c8f979ff35f2.json,BLACK,1,1,0,3,0,2,7,,,80+ Gold,False,ATX,,,,,,,160,,,,SPC139,Non-Modular,550
b25699a5-6c0b-47ad-81e8-5d99d8361956,Gigabyte P650SS Black 650W Non-Modular 80+ Silver,Gigabyte,P650SS,650W Silver,,b25699a5-6c0b-47ad-81e8-5d99d8361956.json,BLACK,1,0,0,0,0,0,5,,,80+ Silver,False,ATX,,,,,,,140,,,,GP-P650SS,Non-Modular,650
b258deb5-18c8-492b-8c20-73ff62e31b5f,be quiet! System Power 10 Black ATX 450W Non-Modular 80+ Bronze Certified,be quiet!,System,450W Bronze,,b258deb5-18c8-492b-8c20-73ff62e31b5f.json,BLACK,1,0,0,0,0,0,5,,,80+ Bronze,False,ATX,B0BJVKGCDP,,,,,,140,,,,BN326 | S10-450W,Non-Modular,450
b27d4f8a-3288-4f8f-97c8-c1030324219d,Corsair Vengeance 500 ATX 500W Non-Modular 80+ Bronze Certified,Corsair,Vengeance,500W Bronze,,b27d4f8a-3288-4f8f-97c8-c1030324219d.json,,1,1,0,3,0,2,4,,,80+ Bronze,False,ATX,,,,,,,140,,,,CP-9020107-DE,Non-Modular,500
b298c47a-e9bd-4d88-8f69-346f1eb00ca4,FSP Group Hydro PTM X PRO Gen5 Black 1000W Fully Modular 80+ Platinum Certified,FSP Group,Hydro,1000W Platinum,,b298c47a-e9bd-4d88-8f69-346f1eb00ca4.json,BLACK,1,2,0,3,1,4,12,,,80+ Platinum,False,ATX,B0BTTV6RXH,,,,1HU-0095-000Y6,2057709926,130,,,,HPT3-1000M-G5HPT3-1000M | Gen5PPA10A3607 | HPT3-1000M-G5 | PPA10A3607,Full,1000
b29e6be8-d603-4c61-b82b-3e98b3e0cca7,Silverstone SFX Black 300W Non-Modular 80+ Bronze Certified SFX,Silverstone,SFX,300W Bronze,,b29e6be8-d603-4c61-b82b-3e98b3e0cca7.json,BLACK,1,0,0,0,0,0,3,,,80+ Bronze,False,SFX,B01LZFMSFK,,,,N82E16817256175,206231104,100,,,,ST30SF-V2 | SST-ST30SF-V2,Non-Modular,300
b2ba420f-75f1-4e35-92e1-8362ae8753e9,Deepcool PK500D Black ATX 500W Non-Modular 80+ Bronze Certified,DeepCool,PK500D,500W Bronze,,b2ba420f-75f1-4e35-92e1-8362ae8753e9.json,BLACK,1,2,0,3,0,2,6,,,80+ Bronze,False,ATX,,,,,,,140,,,,R-PK500D-FA0B-US | R-PK500D-FA0B-AU | R-PK500D-FA0B-AR | R-PK500D-FA0B-BR | R-PK500D-FA0B-JP | R-PK500D-FA0B-CN | R-PK500D-FA0B-UK | R-PK500D-FA0B-EU | R-PK500D-FA0B-WO | R-PK500D-FA0B-BP,Non-Modular,500
b3161b7a-3d99-4461-8415-7a41ddca5872,Super Flower Leadex III Gold 850W Fully Modular 80+ Gold Certified ATX,Super Flower,Leadex,850W Gold,,b3161b7a-3d99-4461-8415-7a41ddca5872.json,BLACK,1,0,0,0,0,0,9,,,80+ Gold,False,ATX,B07THY11J1,,,,,,160,,,,SF-850F14HG,Full,850
b32fd475-2dc7-4a98-955e-58bdf868ef4a,Thermaltake Toughpower GF A3 ATX 3.0 Black 650W Fully Modular 80+ Gold Certified,Thermaltake,Toughpower,650W Gold,,b32fd475-2dc7-4a98-955e-58bdf868ef4a.json,BLACK,1,0,0,0,0,0,8,,,80+ Gold,False,ATX,B0CCZW1X9Q,,,,,1817749862,140,,,,PS-TPD-0650FNFAGA-H | PS-TPD-0650FNFAGU-L,Full,650
b34b9ce2-0abd-4907-bd7c-82d2251d2285,Gigabyte Odin GT 800W 80+ Certified Semi-Modular,Gigabyte,Odin,800W 80+,,b34b9ce2-0abd-4907-bd7c-82d2251d2285.json,BLACK,1,1,0,5,0,4,6,,,80+,False,ATX,,,,,,,160,,,,GE-S800A-D1,Semi-Modular,800
b3550fc7-abf5-4dd5-8f47-fa03ab3ef14f,Raidmax RX-380K ATX 380W Non-Modular,Raidmax,RX-380K,380W ,,b3550fc7-abf5-4dd5-8f47-fa03ab3ef14f.json,,1,0,0,2,0,0,3,,,,False,ATX,,,,,,,175,,,,RX-380K,Non-Modular,380
b36c3b77-e61d-485b-8038-9b539dd2d84c,EVGA 450 GD Black ATX 450W Non-Modular 80+ Gold Certified,EVGA,450,450W Gold,,b36c3b77-e61d-485b-8038-9b539dd2d84c.json,BLACK,1,1,0,3,0,2,6,,,80+ Gold,False,ATX,,,,,,,165,,,,100-GD-0450-V2 | 100-GD-0450-V1 | 100-GD-0450-V3,Non-Modular,450
b3c456da-9198-47f3-9bd6-1557ad52c71b,RAIJINTEK AMPERE 1000W Fully Modular 80+ Platinum Certified,RAIJINTEK,AMPERE,1000W Platinum,,b3c456da-9198-47f3-9bd6-1557ad52c71b.json,WHITE,1,2,0,6,1,4,8,,,80+ Platinum,False,ATX,,,,,,,140,,,,0R30B00024,Full,1000
b3c80152-e634-4810-af08-24f4c7cc52bc,EVGA 650 B5 Black 650W Fully Modular 80+ Bronze Certified,EVGA,650,650W Bronze,,b3c80152-e634-4810-af08-24f4c7cc52bc.json,BLACK,1,1,0,3,0,3,6,,,80+ Bronze,False,ATX,B084R9M19S,,,,9SIAMG8K8C3167,845252004,150,,,,220-B5-0650-V1,Full,650
b3e380df-e63a-4b6e-9cad-77cf9dec6365,KOLINK KL-700M 700W Semi-Modular 80+ Bronze Certified,KOLINK,KL-700M,700W Bronze,,b3e380df-e63a-4b6e-9cad-77cf9dec6365.json,BLACK,1,1,0,3,0,4,6,,,80+ Bronze,False,ATX,,,,,,,140,,,,KL-700M,Semi-Modular,700
b3fa20fb-c1d6-46bc-8789-273b666d9b76,EVGA 500 BR ATX 500W Non-Modular 80+ Bronze Certified,EVGA,500,500W Bronze,,b3fa20fb-c1d6-46bc-8789-273b666d9b76.json,,1,0,0,0,0,0,6,,,80+ Bronze,False,ATX,,,,,,,140,,,,100-BR-0500-K1 | 100-BR-0500-K2 | 100-BR-0500-K3,Non-Modular,500
b41bcee3-c669-4968-9b4b-fc73053ec261,Cooler Master X Mighty 2000 230V ATX 2000W Fully Modular 80+ Platinum Certified,Cooler Master,X,2000W Platinum,,b41bcee3-c669-4968-9b4b-fc73053ec261.json,,1,2,0,4,0,4,12,,,80+ Platinum,False,ATX,,,,,,,180,,,,MPS-K001-AFBP-BUK | MPS-K001-AFBP-BWO | MPS-K001-AFBP-BST | MPS-K001-AFBP-BHK | MPS-K001-AFBP-BNL | MPS-K001-AFBP-BIN | MPS-K001-AFBP-BEU | MPS-K001-AFBP-BKR | MPS-K001-AFBP-BAU | MPS-K001-AFBP-BBR | MPS-K001-AFBP-BBU,Full,2000
b41fca2f-23c6-41ca-a53f-c24496ebed68,Cooler Master X Silent Edge Platinum Black Fanless 230V ATX 1100W Fully Modular 80+ Platinum Certified,Cooler Master,X,1100W Platinum,,b41fca2f-23c6-41ca-a53f-c24496ebed68.json,BLACK,1,2,0,4,1,4,12,,,80+ Platinum,True,ATX,,,,,,,180,,,,MPS-B001-AZBP-BUK | MPS-B001-AZBP-BNL | MPS-B001-AZBP-BAU | MPS-B001-AZBP-BEU | MPS-B001-AZBP-BWO,Full,1100
b4209a89-d7ca-445d-a2e5-77cb16478aa8,SeaSonic Platinum ATX 600W Non-Modular 80+ Bronze Certified,SeaSonic,Platinum,600W Bronze,,b4209a89-d7ca-445d-a2e5-77cb16478aa8.json,,1,0,0,0,0,1,0,,,80+ Bronze,False,ATX,B0065SHN8S,,,,,,140,,,,SS-600ET | SS-600ET BRONZE,Non-Modular,600
b420bdfa-f135-411e-9f04-af918e41dff0,VisionTek 900489 ATX 700W Semi-Modular 80+ Bronze Certified,VisionTek,900489,700W Bronze,,b420bdfa-f135-411e-9f04-af918e41dff0.json,,1,0,0,0,0,0,8,,,80+ Bronze,False,ATX,,,,,,,,,,,900489,Semi-Modular,700
b42a8425-76e7-48eb-8d4f-b1010acbb182,Silverstone SX600-G SFX 600W Fully Modular 80+ Gold Certified,Silverstone,SX600-G,600W Gold,,b42a8425-76e7-48eb-8d4f-b1010acbb182.json,,1,1,0,2,0,2,4,,,80+ Gold,False,SFX,,,,,,,100,,,,SST-SX600-G | SX600-G,Full,600
b42f0ed3-5f79-4be6-a0cd-a078e5178172,Sparkle ATX-400PN-B204 ATX 400W Non-Modular,Sparkle,ATX-400PN-B204,400W ,,b42f0ed3-5f79-4be6-a0cd-a078e5178172.json,,1,0,0,0,0,0,0,,,,False,ATX,,,,,,,,,,,ATX-400PN-B204,Non-Modular,400
b4a599ac-a4a3-4d20-ab27-5de60ad12f47,Deepcool PX850G White 850W 80+ Gold Fully Modular,DeepCool,PX850G,850W Gold,,b4a599ac-a4a3-4d20-ab27-5de60ad12f47.json,WHITE,1,2,0,4,1,3,8,,,80+ Gold,False,ATX,B0CHHQT9L1,,,,,,160,,,,R-PX850G-FC0W-USR-PX850G-FC0W-BPR-PX850G-FC0W-EUPX850G WHR-PX850G-FC0W-WOR-PX850G-FC0W-UKR-PX850G-FC0W-AU,Full,850
b4b2a2a5-b4f8-4671-bbe8-0b30e5ee9e0e,Silverstone DA850 Black / White 850W Fully Modular 80+ Gold,Silverstone,DA850,850W Gold,,b4b2a2a5-b4f8-4671-bbe8-0b30e5ee9e0e.json,BLACK | WHITE,1,2,0,6,0,6,8,,,80+ Gold,False,ATX,B08SR3GHZ9,,,,2AM-0024-001C8,524997105,140,,,,SST-DA850-G | DA850-G,Full,850
b4cb386f-eaff-4faa-a53d-a61a00a67355,Corsair HX750i 750W Fully Modular 80+ Platinum,Corsair,HX750i,750W Platinum,,b4cb386f-eaff-4faa-a53d-a61a00a67355.json,,1,2,0,8,0,6,12,,,80+ Platinum,False,ATX,,,,,,,180,,,,CP-9020072 | CP-9020072-UK | CP-9020072-NA | CP-9020072-EU | CP-9020072-AU,Full,750
b4dc0577-aabb-4a4b-8173-75b3a6f92dc7,Antec NeoECO Platinum 650W Fully Modular 80+ Platinum Certified,Antec,NeoECO,650W Platinum,,b4dc0577-aabb-4a4b-8173-75b3a6f92dc7.json,BLACK,1,2,0,4,0,4,9,,,80+ Platinum,False,ATX,,,,,,,140,,,,NE650 Platinum | X8000A205JF-20,Full,650
b501caa3-053b-4633-be18-6fd8b14ae99a,be quiet! Straight Power 10 600W 80+ Gold Non-Modular,be quiet!,Straight,600W Gold,,b501caa3-053b-4633-be18-6fd8b14ae99a.json,,1,1,0,3,0,4,9,,,80+ Gold,False,ATX,,,,,,,160,,,,BN232,Non-Modular,600
b5085745-4abc-40f2-82ec-140962d83c6f,GAMDIAS KRATOS M1 B Black 750W Non-Modular 80+ Bronze Certified ATX,GAMDIAS,KRATOS,750W Bronze,,b5085745-4abc-40f2-82ec-140962d83c6f.json,BLACK,1,0,0,0,0,0,5,,,80+ Bronze,False,ATX,B07NRN6FNJ,6370862,,,9SIAH8WK636128,380192112,160,,,,KRATOS M1 750B | KRATOS M1-750B,Non-Modular,750
b51de56a-7c74-4fb9-9a6d-2ee4e9953f11,Deepcool PM650D Black ATX 650W Non-Modular 80+ Gold Certified,DeepCool,PM650D,650W Gold,,b51de56a-7c74-4fb9-9a6d-2ee4e9953f11.json,BLACK,1,1,0,3,0,2,6,,,80+ Gold,False,ATX,,,,,,,140,,,,R-PM650D-FA0B-US | R-PM650D-FA0B-JP | R-PM650D-FA0B-WO | R-PM650D-FA0B-BR | R-PM650D-FA0B-BU | R-PM650D-FA0B-UK | R-PM650D-FA0B-EU | R-PM650D-FA0B-CN | R-PM650D-FA0B-AR | R-PM650D-FA0B-AU,Non-Modular,650
b538c195-66a8-44f5-b4a4-51d2be40da49,FSP Group VITA-650GM Black 650W Fully Modular 80+ Gold,FSP Group,VITA-650GM,650W Gold,,b538c195-66a8-44f5-b4a4-51d2be40da49.json,BLACK,1,2,0,4,0,2,8,,,80+ Gold,False,ATX,,,,,,,140,,,,VITA-650GM,Full,650
b56116de-c143-4af6-b7c1-10ee307ae914,PREYON Eagle Power Gaming 750W Fully Modular 80+ Gold Certified,PREYON,Eagle,750W Gold,,b56116de-c143-4af6-b7c1-10ee307ae914.json,BLACK,1,0,0,0,0,0,6,,,80+ Gold,False,ATX,,,,,,,140,,,,PEPG750W,Full,750
b58e10e9-d9a1-4258-9eea-a626a8fc7b61,Apevia ATX-WA900W ATX 900W Non-Modular,Apevia,ATX-WA900W,900W ,,b58e10e9-d9a1-4258-9eea-a626a8fc7b61.json,,1,1,0,8,0,0,6,,,,False,ATX,,,,,,,155,,,,ATX-WA900W,Non-Modular,900
b5ae9f08-9f25-429d-8f34-5314353e38b6,Thermaltake Toughpower Grand 1050W Non-Modular 80+ Gold,Thermaltake,Toughpower,1050W Gold,,b5ae9f08-9f25-429d-8f34-5314353e38b6.json,,1,2,0,8,0,8,12,,,80+ Gold,False,ATX,,,,,,,180,,,,TPG-1050M | TPG-1050MPCEU,Non-Modular,1050
b5b53080-b4f0-4e7d-be1a-3684ccb91559,Deepcool GamerStorm DQ-M Black / Silver 650W Fully Modular 80+ Gold Certified ATX,DeepCool,GamerStorm,650W Gold,,b5b53080-b4f0-4e7d-be1a-3684ccb91559.json,BLACK | GREY,1,2,0,5,0,4,7,,,80+ Gold,False,ATX,,,,,,,160,,,,DQ650-M,Full,650
b5dbac92-852b-468d-97c8-f33a074195bd,Cooler Master MWE Gold 550 V2 80+ Gold,,,,,b5dbac92-852b-468d-97c8-f33a074195bd.json,,,,,,,,,,,,,,B08M9HG3PH,,,,9SIB0ASKD91524,367575124,,,,,9B17-171-183,,
b5eda5de-eec4-471f-93ca-d2e8b0413859,Enermax CYBERBRON ATX 700W Non-Modular 80+ Bronze Certified,Enermax,CYBERBRON,700W Bronze,,b5eda5de-eec4-471f-93ca-d2e8b0413859.json,BLACK,1,2,0,4,0,4,8,,,80+ Bronze,False,ATX,,,,,,,140,,,,ECB700EWT,Non-Modular,700
b5fb2da5-fd36-4888-b405-4d84b0b83f70,Cooler Master G750M 750W Semi-Modular 80+ Bronze,Cooler Master,G750M,750W Bronze,,b5fb2da5-fd36-4888-b405-4d84b0b83f70.json,,1,1,0,6,0,4,8,,,80+ Bronze,False,ATX,,,,,,,140,,,,RS750-AMAAB1-US,Semi-Modular,750
b5fb52ad-06c6-4f6d-b963-a01d5389212e,Rosewill RD-Z Black ATX 450W Non-Modular 80+ Certified,Rosewill,RD-Z,450W 80+,,b5fb52ad-06c6-4f6d-b963-a01d5389212e.json,BLACK,1,1,0,2,0,1,4,,,80+,False,ATX,,,,,,,140,,,,RD 450Z,Non-Modular,450
b61cac5c-0a31-4380-8c35-45d081a677d8,Rosewill Quark 1000 1000W 80+ Platinum Certified Fully Modular ATX,Rosewill,Quark,1000W Platinum,,b61cac5c-0a31-4380-8c35-45d081a677d8.json,,1,2,0,6,0,8,12,,,80+ Platinum,False,ATX,,,,,,,180,,,,Quark 1000,Full,1000
b620cd0a-3f81-4df1-9543-71073f0aa900,Thermaltake Smart RGB 700W Non-Modular 80+ Certified,Thermaltake,Smart,700W 80+,,b620cd0a-3f81-4df1-9543-71073f0aa900.json,,1,1,0,5,0,2,6,,,80+,False,ATX,B0744P7VHW,,,,,,140,,,,PS-SPR-0700NHFAWU-1 | PS-SPR-0700NHSAWE-1,Non-Modular,700
b627465a-d3e3-486a-9762-3171135e5488,ARESGAME AGT Black 1000W Fully Modular 80+ Gold Certified,ARESGAME,AGT,1000W Gold,,b627465a-d3e3-486a-9762-3171135e5488.json,BLACK,1,2,0,3,0,6,9,,,80+ Gold,False,ATX,B0BDKRZM62,,,,,,140,,,,TX1000 | AGT1000 | AGT 1000Watt,Full,1000
b63c1148-7e72-413d-b88b-ab760db48117,Apex AL-D500EXP ATX 500W Non-Modular,Apex,AL-D500EXP,500W ,,b63c1148-7e72-413d-b88b-ab760db48117.json,,1,1,0,3,0,0,4,,,,False,ATX,,,,,,,140,,,,AL-D500EXP,Non-Modular,500
b644bf4e-3d66-4959-af57-d93254a33c97,be quiet! Pure Power L8 Black / Orange 630W Semi-Modular 80+ Bronze Certified,be quiet!,Pure,630W Bronze,,b644bf4e-3d66-4959-af57-d93254a33c97.json,BLACK | ORANGE,1,1,0,4,0,2,5,,,80+ Bronze,False,ATX,,,,,,,160,,,,BN182,Semi-Modular,630
b65b76ce-0d26-45ce-b23f-080e08c8239a,Corsair CX450 (2017) 450W Non-Modular 80+ Bronze,Corsair,CX450,450W Bronze,,b65b76ce-0d26-45ce-b23f-080e08c8239a.json,,1,0,0,0,0,0,4,,,80+ Bronze,False,ATX,B01MTZ96RU,,,,,940225972,140,,,,CP-9020120-NA | CP-9020120-UK,Non-Modular,450
b69414c7-17cf-40c2-bdf0-e72d3a1b7ea7,Rosewill PMG850 850W Fully Modular 80+ Gold Certified,Rosewill,PMG850,850W Gold,,b69414c7-17cf-40c2-bdf0-e72d3a1b7ea7.json,BLACK,1,0,0,0,0,0,6,,,80+ Gold,False,ATX,,,,,,,185,,,,PMG850,Full,850
b6a631a9-9324-4f34-bf3d-237e496cea71,ARESGAME AGV 650W Non-Modular 80+ Bronze Certified,ARESGAME,AGV,650W Bronze,,b6a631a9-9324-4f34-bf3d-237e496cea71.json,BLACK,1,0,0,0,0,0,6,,,80+ Bronze,False,ATX,B0B4MVDRX4,,,,,,140,,,,AGV650 | HU-XI-201,Non-Modular,650
b6acc8ce-6c11-4000-a601-e33156e8ed7c,Rosewill LEPTON 700 700W 80+ Gold Certified Semi-Modular ATX,Rosewill,LEPTON,700W Gold,,b6acc8ce-6c11-4000-a601-e33156e8ed7c.json,,1,1,0,4,0,2,7,,,80+ Gold,False,ATX,,,,,,,140,,,,LEPTON 700,Semi-Modular,700
b6ad097e-e0fc-4438-ae3e-d94ffd70a844,NZXT HALE 90 1000W Fully Modular 80+ Gold Certified,NZXT,HALE,1000W Gold,,b6ad097e-e0fc-4438-ae3e-d94ffd70a844.json,,1,2,0,9,0,3,10,,,80+ Gold,False,ATX,,,,,,,180,,,,HALE90-1000-M,Full,1000
b6e9d928-90e6-46a2-9456-1f70e160094b,Thermaltake Toughpower DPS G RGB 1250W Fully Modular 80+ Titanium,Thermaltake,Toughpower,1250W Titanium,,b6e9d928-90e6-46a2-9456-1f70e160094b.json,,1,2,0,8,0,8,16,,,80+ Titanium,False,ATX,,,,,,,200,,,,PS-TPG-1250DPCTXX-T,Full,1250
b70fec4e-dd9c-4bf9-991f-34f03ef57584,Thermaltake Toughpower SFX 550W Fully Modular 80+ Gold Certified,Thermaltake,Toughpower,550W Gold,,b70fec4e-dd9c-4bf9-991f-34f03ef57584.json,BLACK,1,1,0,2,0,2,3,,,80+ Gold,False,SFX,,,,,,,100,,,,PS-STP-0550FNFAGE-1 | PS-STP-0550FNFAGU-1,Full,550
b72072c0-2392-481c-a808-99b086db0b03,SeaSonic PRIME Titanium 750W Fully Modular 80+ Titanium,SeaSonic,PRIME,750W Titanium,,b72072c0-2392-481c-a808-99b086db0b03.json,,1,2,0,5,0,4,10,,,80+ Titanium,False,ATX,,,,,,,170,,,,SSR-750TD,Full,750
b7231d2e-2add-4b77-b7b9-9b0823ec4d6a,be quiet! Pure Power 11 Black 600W Non-Modular 80+ Gold,be quiet!,Pure,600W Gold,,b7231d2e-2add-4b77-b7b9-9b0823ec4d6a.json,BLACK,1,0,0,0,0,0,6,,,80+ Gold,False,ATX,B07JJL3QRG,,,,,,150,,,,BN294 | BN627,Non-Modular,600
b7263795-6222-429c-bf7c-f8953096de5a,Cougar GX-S ATX 750W Non-Modular 80+ Gold Certified,Cougar,GX-S,750W Gold,,b7263795-6222-429c-bf7c-f8953096de5a.json,,1,1,0,4,0,4,8,,,80+ Gold,False,ATX,,,,,,,140,,,,GX-S750,Non-Modular,750
b73570f9-7a08-41da-92eb-6a3b34eb7f29,Xilence XP750MR9 Black / Red 750W Semi-Modular 80+ Gold Certified,Xilence,XP750MR9,750W Gold,,b73570f9-7a08-41da-92eb-6a3b34eb7f29.json,BLACK | RED,1,1,0,4,0,4,8,,,80+ Gold,False,ATX,,,,,,,150,,,,XN073,Semi-Modular,750
b735bc62-1a10-4bff-8912-21fc5f26eba1,Zalman LE ATX 400W Non-Modular,Zalman,LE,400W ,,b735bc62-1a10-4bff-8912-21fc5f26eba1.json,,1,1,0,3,0,0,4,,,,False,ATX,,,,,,,140,,,,400-LE,Non-Modular,400
b75b60fa-1786-4cab-a122-7f0392b96ad0,SilentiumPC Vero M3 600W 80+ Bronze Certified Semi-Modular,SilentiumPC,Vero,600W Bronze,,b75b60fa-1786-4cab-a122-7f0392b96ad0.json,BLACK,1,2,0,2,0,2,7,,,80+ Bronze,False,ATX,,,,,,,160,,,,SPC268,Semi-Modular,600
b75ddd0f-882f-481e-9737-fe63a8a919dd,Antec VP PLUS Black ATX 550W Non-Modular 80+,Antec,VP,550W 80+,,b75ddd0f-882f-481e-9737-fe63a8a919dd.json,BLACK,1,1,0,2,0,2,7,,,80+,False,ATX,,,,,,,140,,,,VP650P PLUS | V3000A204H-18 | 0-761345-11672-5,Non-Modular,550
b76a48c6-4222-4007-bf86-1caf59033016,Rosewill ARC ATX 750W Non-Modular 80+ Bronze,Rosewill,ARC,750W Bronze,,b76a48c6-4222-4007-bf86-1caf59033016.json,,1,1,0,4,0,4,6,,,80+ Bronze,False,ATX,,,,,,,165,,,,ARC 750,Non-Modular,750
b783a981-b747-4f40-80a4-2d8a59951492,Deepcool DQ-M-V2L Black / Green 850W Fully Modular 80+ Gold,DeepCool,DQ-M-V2L,850W Gold,,b783a981-b747-4f40-80a4-2d8a59951492.json,BLACK | GREEN,1,2,0,6,0,2,10,,,80+ Gold,False,ATX,B089K8DDSS,,,,,,160,,,,DP-GD-DQ850-M-V2L | DP-DQ850-M-V2L | DQ850-M-V2L,Full,850
b787a2f8-fce2-439b-b1b4-c0c9086fc260,EVGA 700 GD 700W 80+ Gold Certified Non-Modular,EVGA,700,700W Gold,,b787a2f8-fce2-439b-b1b4-c0c9086fc260.json,BLACK,1,0,0,0,0,0,6,,,80+ Gold,False,ATX,B07W956JBC,,,,N82E16817438159,918673503,140,,,,100-GD-0700-V1 | 100-GD-0700-V2 | 100-GD-0700-V3,Non-Modular,700
b7a910f6-4345-422c-ad7a-e7350b91f4c5,SeaSonic Platinum 660W 80+ Platinum Fully Modular,SeaSonic,Platinum,660W Platinum,,b7a910f6-4345-422c-ad7a-e7350b91f4c5.json,,1,2,0,5,0,4,10,,,80+ Platinum,False,ATX,,,,,,,160,,,,SS-660XP2,Full,660
b7b94b98-24fd-428a-a118-46bceb160339,Thermaltake Toughpower GT 750W Black,Thermaltake,Toughpower GT,,2024,b7b94b98-24fd-428a-a118-46bceb160339.json,BLACK,1,2,,4,1,4,6,,,80+ Gold,True,ATX,B0DJ6BM9X8,6665527,,https://www.thermaltake.com/toughpower-gt-750w-atx31.html,1HU-0014-006W7,13645551117,140,None,,Black,PS-TPT-0750FNFAGU-3,Full,750
b7b9ec09-7aae-472a-ab7e-e45697275965,Antec Basiq ATX 500W Non-Modular,Antec,Basiq,500W ,,b7b9ec09-7aae-472a-ab7e-e45697275965.json,,1,1,0,5,0,0,2,,,,False,ATX,,,,,,,139,,,,BP500U,Non-Modular,500
b7f232a0-5ef5-4d19-b6a9-897cd28204c0,Super Flower Leadex V Platinum Pro White 1000W Fully Modular 80+ Platinum,Super Flower,Leadex,1000W Platinum,,b7f232a0-5ef5-4d19-b6a9-897cd28204c0.json,WHITE,1,2,0,4,0,4,12,,,80+ Platinum,False,ATX,,,,,1HU-024C-00038,,130,,,,SF-1000F14TP,Full,1000
b801485a-4a2d-41ad-80a3-d05d64889185,Thermaltake TR2 ATX 450W Non-Modular 80+ Bronze Certified,Thermaltake,TR2,450W Bronze,,b801485a-4a2d-41ad-80a3-d05d64889185.json,,1,1,0,5,0,1,5,,,80+ Bronze,False,ATX,,,,,,,140,,,,TR-450P,Non-Modular,450
b8336470-2235-4d00-932f-a1687ac509b7,Corsair CX650M 650W 80+ Bronze Semi-Modular,Corsair,CX650M,650W Bronze,,b8336470-2235-4d00-932f-a1687ac509b7.json,,1,0,0,0,0,0,6,,,80+ Bronze,False,ATX,,,,,,51914914,140,,,,CP-9020103-NA,Semi-Modular,650
b8486ac7-2333-42c1-be9b-b7c2b91b554c,FSP Group Hydro PTM X PRO Gen5 Black 850W Fully Modular 80+ Platinum,FSP Group,Hydro,850W Platinum,,b8486ac7-2333-42c1-be9b-b7c2b91b554c.json,BLACK,1,2,0,3,1,4,12,,,80+ Platinum,False,ATX,B0BT1B13H1,,,,,1942366479,130,,,,HPT3-850M-G5HPT3-850M | Gen5PPA8503607 | HPT3-850M-G5 | PPA8503607,Full,850
b855d8d8-e827-43a2-8234-bc1f03c56d0f,Cooler Master Elite ATX 400W Non-Modular,Cooler Master,Elite,400W ,,b855d8d8-e827-43a2-8234-bc1f03c56d0f.json,,1,1,0,3,0,0,4,,,,False,ATX,,,,,,,139,,,,RS400-PSARI3-US,Non-Modular,400
b85677d9-2d02-4fd0-b842-1ad850c66add,Azza PSAZ-850PT14 ATX 850W Semi-Modular 80+ Platinum Certified,Azza,PSAZ-850PT14,850W Platinum,,b85677d9-2d02-4fd0-b842-1ad850c66add.json,,1,1,0,5,0,4,8,,,80+ Platinum,False,ATX,,,,,,,180,,,,PSAZ-850PT14,Semi-Modular,850
b8639515-a830-4fc0-8958-80919c120529,FSP Group Raider ATX 650W Non-Modular 80+ Silver Certified,FSP Group,Raider,650W Silver,,b8639515-a830-4fc0-8958-80919c120529.json,,1,1,0,3,0,2,6,,,80+ Silver,False,ATX,,,,,,,140,,,,Raider S 650,Non-Modular,650
b88e10a8-0f79-4ee5-b8e6-8f80229337d5,XFX Core Edition ATX 850W Non-Modular 80+ Bronze Certified,XFX,Core,850W Bronze,,b88e10a8-0f79-4ee5-b8e6-8f80229337d5.json,,1,1,0,7,0,2,12,,,80+ Bronze,False,ATX,,,,,,,170,,,,PRO850W (P1-850S-NLB9),Non-Modular,850
b89f985b-4059-4cc6-813e-41182ce3b58c,YEYIAN Raiden RGB 500W Non-Modular 80+ Certified,YEYIAN,Raiden,500W 80+,,b89f985b-4059-4cc6-813e-41182ce3b58c.json,BLACK,1,1,0,3,0,1,4,,,80+,False,ATX,,,,,,,160,,,,YFR-45901,Non-Modular,500
b8bda7f9-2e54-40c8-9b3b-da0881fe74c1,be quiet! STRAIGHT POWER E9 680W / CM 680 W 80+ Gold Certified Semi-modular ATX,be quiet!,STRAIGHT,680W Gold,,b8bda7f9-2e54-40c8-9b3b-da0881fe74c1.json,,1,1,0,6,0,4,9,,,80+ Gold,False,ATX,,,,,,,160,,,,BN199,Semi-Modular,680
b8cf8452-d995-4430-b602-06782d63936e,Corsair AX650 650W Fully Modular 80+ Gold Certified,Corsair,AX650,650W Gold,,b8cf8452-d995-4430-b602-06782d63936e.json,,1,1,0,4,0,4,8,,,80+ Gold,False,ATX,B00539M628,,,,,,160,,,,AX650 | CP-9020006-NA | CMPSU-650AX,Full,650
b8de8d5a-e926-4e6d-ac77-bc0688383095,SeaSonic FOCUS PLUS Gold 850W Fully Modular 80+ Gold,SeaSonic,FOCUS,850W Gold,,b8de8d5a-e926-4e6d-ac77-bc0688383095.json,,1,0,0,0,0,0,10,,,80+ Gold,False,ATX,B073H3ZZQZ,5753408,,,9SIAD6HAX64187,,140,,,,SSR-850FX,Full,850
b904365e-8df7-4443-946b-88617feaae9f,Silverstone ATTIS 650R Black ATX 650W Non-Modular 80+ Bronze Certified,Silverstone,ATTIS,650W Bronze,,b904365e-8df7-4443-946b-88617feaae9f.json,BLACK,1,2,0,3,0,4,6,,,80+ Bronze,False,ATX,,,,,,,140,,,,SST-AT650R-BF,Non-Modular,650
b916e8e4-3a27-4fe3-b823-2a384911021a,XFX P1-850X-XXB9 850W Semi-Modular 80+ Bronze,XFX,P1-850X-XXB9,850W Bronze,,b916e8e4-3a27-4fe3-b823-2a384911021a.json,,1,0,0,0,0,0,10,,,80+ Bronze,False,ATX,,,,,,,,,,,P1-850X-XXB9,Semi-Modular,850
b94b3894-bf2b-4765-9c1c-266de116f182,Antec Earthwatts 750W Non-Modular 80+ Certified,Antec,Earthwatts,750W 80+,,b94b3894-bf2b-4765-9c1c-266de116f182.json,,1,2,0,9,0,2,9,,,80+,False,ATX,,,,,,,180,,,,EA750,Non-Modular,750
b95adf48-fe31-4076-a375-b0324017ae3d,Seasonic FOCUS Plus Platinum 650W Fully Modular 80+ Platinum,SeaSonic,FOCUS,650W Platinum,,b95adf48-fe31-4076-a375-b0324017ae3d.json,,1,1,0,3,0,4,8,,,80+ Platinum,False,ATX,B074N8RG74,,,,,,140,,,,SSR-650PX,Full,650
b97ccef5-afe2-43cc-b568-0519196b8e3a,Cooler Master Elite NEX N500 Black 230V ATX 500W Non-Modular,Cooler Master,Elite,500W ,,b97ccef5-afe2-43cc-b568-0519196b8e3a.json,BLACK,1,0,0,0,0,0,5,,,,False,ATX,,,,,,,140,,,,MPW-5001-ACBN-B,Non-Modular,500
b992d903-5caa-463f-828f-12e5a374d2ba,EVGA GE 600W Non-Modular 80+ Gold,EVGA,GE,600W Gold,,b992d903-5caa-463f-828f-12e5a374d2ba.json,BLACK,1,0,0,0,0,0,6,,,80+ Gold,False,ATX,B0C1ZX644C,,,,N82E16817438246,3027121108,140,,,,200-GE-0600-V1,Non-Modular,600
b9d76ac7-09b6-4fea-826b-cccf076fdc39,Corsair RM1000x SHIFT Side Interface ATX 1000W Fully Modular 80+ Gold Certified,Corsair,RM1000x,1000W Gold,,b9d76ac7-09b6-4fea-826b-cccf076fdc39.json,WHITE,1,0,0,0,0,0,16,,,80+ Gold,False,ATX,B0CWLV29D7,,,,N82E16817139328,5360791997,160,,,,CP-9020275-NA | CP-9020275-UK | CP-9020275-AU | CP-9020275-EU,Non-Modular,1000
b9ef5572-c8d9-4d08-ad8e-f371376ec443,SeaSonic FOCUS GX-1000 Black ATX 3.0 ATX 1000W Fully Modular 80+ Gold Certified,SeaSonic,FOCUS,1000W Gold,,b9ef5572-c8d9-4d08-ad8e-f371376ec443.json,BLACK,1,0,0,0,0,0,10,,,80+ Gold,False,ATX,,,,,,,140,,,,ATX3-FOCUS-GX-1000 | FOCUS-GX-1000-ATX30 | SSR-1000FX3,Full,1000
b9f0884d-e008-4797-84eb-d655e68fa791,"EVGA Supernova 750 PQ, 80+ Platinum 750W, Semi Modular, EVGA ECO Mode, 10 Year Warranty, Power Supply 210-PQ-0750-X1",EVGA,SuperNOVA,,2018,b9f0884d-e008-4797-84eb-d655e68fa791.json,,1,2,1,3,0,6,9,,,80+ Platinum,False,ATX,B07BVZXW55,,,,9SIAKVHKCC7858,778737855,0,,,,210-PQ-0750-X1,Semi-Modular,750
b9f4c9ad-6fb2-43d0-93e1-d66f9544a281,FSP Group HEXA Black 350W Non-Modular 80+ Bronze,FSP Group,HEXA,350W Bronze,,b9f4c9ad-6fb2-43d0-93e1-d66f9544a281.json,BLACK,1,1,0,2,0,1,5,,,80+ Bronze,False,ATX,,,,,,,140,,,,HA2-350 | PPA3505301,Non-Modular,350
ba0296fc-850d-4468-9e7d-2957607e5d81,In Win IP-S350CQ2-0T 350W Non-Modular,In Win,IP-S350CQ2-0T,350W ,,ba0296fc-850d-4468-9e7d-2957607e5d81.json,,1,0,0,1,0,0,3,,,,False,ATX,,,,,,,139,,,,IP-S350CQ2-0T,Non-Modular,350
ba05705a-aa72-4683-84c3-41f32f55f437,OCZ Z Series Gold 1000W Semi-Modular 80+ Gold,OCZ,Z,1000W Gold,,ba05705a-aa72-4683-84c3-41f32f55f437.json,,1,2,0,3,0,6,12,,,80+ Gold,False,ATX,,,,,,,160,,,,OCZZ1000M,Semi-Modular,1000
ba0d9283-4652-4f3d-b709-c787516a6122,Corsair AX850 850W Fully Modular 80+ Gold,Corsair,AX850,850W Gold,,ba0d9283-4652-4f3d-b709-c787516a6122.json,,1,2,0,8,0,4,12,,,80+ Gold,False,ATX,B003PJ6QW4,,,,,,160,,,,CMPSU-850AX | CMPSU-850AXUK,Full,850
ba0e4047-b88a-42a6-8cbd-e6a50cb9cc2c,Deepcool PF750 Black 230V ATX 750W Non-Modular 80+,DeepCool,PF750,750W 80+,,ba0e4047-b88a-42a6-8cbd-e6a50cb9cc2c.json,BLACK,1,2,0,2,0,4,6,,,80+,False,ATX,,,,,,,140,,,,R-PF750D-HA0B-US | R-PF750D-HA0B-WO | R-PF750D-HA0B-BP | R-PF750D-HA0B-UK | R-PF750D-HA0B-EU | R-PF750D-HA0B-AU | R-PF750D-HA0B-CN | R-PF750D-HA0B-AR,Non-Modular,750
ba6f9728-b433-4056-93ed-62f73e65a8b5,be quiet! Straight Power 10 CM 700W Semi-Modular 80+ Gold Certified,be quiet!,Straight,700W Gold,,ba6f9728-b433-4056-93ed-62f73e65a8b5.json,,1,1,0,4,0,4,11,,,80+ Gold,False,ATX,,,,,,,160,,,,BN236 | BN636,Semi-Modular,700
ba7b62cd-47ed-4767-bc3d-995a4e2bde69,EVGA SuperNOVA 750 P6 Black / Silver 750W Fully Modular 80+ Platinum,EVGA,SuperNOVA,750W Platinum,,ba7b62cd-47ed-4767-bc3d-995a4e2bde69.json,BLACK | GREY,1,2,0,4,0,6,9,,,80+ Platinum,False,ATX,,,,,,,140,,,,220-P6-0750-X1,Full,750
bab0ce12-431c-4188-bc49-5137bcd4ab1f,Fractal Design Integra R2 ATX 500W Non-Modular 80+ Bronze Certified,Fractal Design,Integra,500W Bronze,,bab0ce12-431c-4188-bc49-5137bcd4ab1f.json,,1,1,0,2,0,1,5,,,80+ Bronze,False,ATX,,,,,,,139,,,,FD-PSU-IN2B-500W,Non-Modular,500
bad41e49-0a8d-4994-9653-efd04b809912,MSI A850GLS MLG EDITION PSU,MSI,A850GLS,MLG Edition,,bad41e49-0a8d-4994-9653-efd04b809912.json,BLACK | RED,1,2,1,3,1,4,8,Cybenetics Gold,Cybenetics A+,80+ Gold,,ATX,B0FWSSNJ39,6649233,,https://www.msi.com/Power-Supply/A850GLS-MLG-EDITION/,N82E16817701036,18328753106,150,,2026-02-20T13:38:59.268Z,,A850GLS MLG EDITION | MAG A850GLS MLG EDITION,Full,850
bae79852-9336-4d4b-a360-844f6071e822,Cooler Master Hyper White 400W Non-Modular 80+ Certified,Cooler Master,Hyper,400W 80+,,bae79852-9336-4d4b-a360-844f6071e822.json,BLACK,1,1,0,2,0,1,4,,,80+,False,ATX,,,,,,,140,,,,MPE-4001-ACAAN-HUS | MPE-4001-ACAAN-HWO | MPE-4001-ACAAN-HBR,Non-Modular,400
baed74a8-ae0e-4a7a-ab8e-86d5d157e312,Cougar GEX X2 ATX 850W Fully Modular 80+ Gold Certified,Cougar,GEX,850W Gold,,baed74a8-ae0e-4a7a-ab8e-86d5d157e312.json,BLACK,1,2,0,2,1,4,10,,,80+ Gold,False,ATX,,,,,,,140,,,,GEX X2 850 | 31GT085001P01,Full,850
baf4b43d-ea6b-404e-8afe-6ae9b11d7991,SHARKOON WPM Bronze 500W Semi-Modular 80+ Bronze Certified ATX,SHARKOON,WPM,500W Bronze,,baf4b43d-ea6b-404e-8afe-6ae9b11d7991.json,,1,1,0,5,0,2,6,,,80+ Bronze,False,ATX,,,,,,,165,,,,WPM500,Semi-Modular,500
baf64f51-69a1-4f56-80e3-fc6cdf67085a,Thermaltake Toughpower XT 575W Fully Modular 80+ Bronze Certified,Thermaltake,Toughpower,575W Bronze,,baf64f51-69a1-4f56-80e3-fc6cdf67085a.json,,1,2,0,6,0,2,6,,,80+ Bronze,False,ATX,,,,,,,160,,,,TPX-575M,Full,575
bb2b53ed-4989-480e-b9f3-ace890006db9,Asus ROG Strix Black 850W Fully Modular 80+ Platinum Certified,Asus,ROG,850W Platinum,,bb2b53ed-4989-480e-b9f3-ace890006db9.json,BLACK,1,2,0,3,1,3,6,,,80+ Platinum,False,ATX,B09T9HPLK1,,,,,,160,,,,90YE00W2-B0NA00 | ROG-STRIX-850P-GAMING,Full,850
bb325d73-53bb-41e8-89f9-64a14312908e,Enermax RevoBron TGA Black 500W Semi-Modular 80+ Bronze Certified,Enermax,RevoBron,500W Bronze,,bb325d73-53bb-41e8-89f9-64a14312908e.json,BLACK,1,1,0,4,0,2,6,,,80+ Bronze,False,ATX,,,,,,,140,,,,ERB500AWT-TR,Semi-Modular,500
bb3e45f6-1217-401b-bac1-db796a1e7e37,be quiet! Dark Power Pro 10 650W Semi-Modular 80+ Gold,be quiet!,Dark,650W Gold,,bb3e45f6-1217-401b-bac1-db796a1e7e37.json,,1,2,0,6,0,4,9,,,80+ Gold,False,ATX,,,,,,,180,,,,BN601 | BN201,Semi-Modular,650
bb6a1e6d-6ac0-4b85-b750-e925e9fec65e,SHARKOON Rebel P30 Gold 1300W Fully Modular 80+ Gold,SHARKOON,Rebel,1300W Gold,,bb6a1e6d-6ac0-4b85-b750-e925e9fec65e.json,BLACK,1,2,0,2,1,8,12,,,80+ Gold,False,ATX,,,,,,,160,,,,REBEL P30 Gold 1300 W | 4044951038541,Full,1300
bb800777-a882-4b2c-b9ce-14a9891a8d7b,SAMA GT White 750W Fully Modular 80+ Gold Certified,SAMA,GT,750W Gold,,bb800777-a882-4b2c-b9ce-14a9891a8d7b.json,WHITE,1,0,0,0,0,0,6,,,80+ Gold,False,ATX,,,,,1HU-02S6-00061,,140,,,,GT750-WHGFFXX1-US,Full,750
bb900c9c-769b-440b-9cd0-b9e2a642ba27,Enermax MarbleBron RGB 850W Semi-Modular 80+ Bronze Certified,Enermax,MarbleBron,850W Bronze,,bb900c9c-769b-440b-9cd0-b9e2a642ba27.json,WHITE,1,2,0,4,0,4,8,,,80+ Bronze,False,ATX,,,,,,,140,,,,EMB850EWT-W-RGB,Semi-Modular,850
bba6296b-a4d9-48cb-b7c5-5ff25262ea42,Thermaltake Toughpower PF3-L Black 850W Fully Modular 80+ Platinum,Thermaltake,Toughpower,850W Platinum,,bba6296b-a4d9-48cb-b7c5-5ff25262ea42.json,BLACK,1,2,0,4,1,4,8,,,80+ Platinum,False,ATX,B0BWGX7GHC,,,,N82E16817153445,3075985435,140,,,,PS-TPD-0850FNFAPU-L,Full,850
bbadbab0-cc5f-4a10-9c02-8c008d500962,Azza PSAZ-650B14 650W Non-Modular,Azza,PSAZ-650B14,650W ,,bbadbab0-cc5f-4a10-9c02-8c008d500962.json,,1,1,0,6,0,1,4,,,,False,ATX,,,,,,,,,,,PSAZ-650B14,Non-Modular,650
bbb3c3af-bee1-4350-84c4-6b72b765aec4,Cooler Master MWE Bronze V3 Black 550W Non-Modular 80+ Bronze,Cooler Master,MWE,550W Bronze,,bbb3c3af-bee1-4350-84c4-6b72b765aec4.json,BLACK,1,0,0,0,0,0,6,,,80+ Bronze,False,ATX,,,,,,,140,,,,MPE-5501-ACABW-3BUK | MPE-5501-ACABW-3BBR | MPE-5501-ACABW-3BST | MPE-5501-ACABW-3BTH | MPE-5501-ACABW-3BEU | MPE-5501-ACABW-3BAU | MPE-5501-ACABW-3BIN | MPE-5503-ACABW-3BKR,Non-Modular,550
bbd07a27-4be9-45c3-a074-96f7125d5fdb,Corsair CX (2023) Black 550W Non-Modular 80+ Bronze Certified,Corsair,CX,550W Bronze,,bbd07a27-4be9-45c3-a074-96f7125d5fdb.json,BLACK,1,0,0,0,0,0,3,,,80+ Bronze,False,ATX,B0CQMQY2V2,,,,N82E16817139321,5324701406,125,,,,CP-9020277-NA | CP-9020277-WW | CP-9020277-EU | CP-9020277-AU | CP-9020277-UK,Non-Modular,550
bbe1504f-b17f-4e4f-aa66-fea86c97e8b4,Deepcool PN850D White ATX 850W Non-Modular 80+ Gold,DeepCool,PN850D,850W Gold,,bbe1504f-b17f-4e4f-aa66-fea86c97e8b4.json,WHITE,1,0,0,0,0,0,8,,,80+ Gold,False,ATX,,,,,,,140,,,,R-PN850D-FC0W-US | R-PN850D-FC0W-UK | R-PN850D-FC0W-EU | R-PN850D-FC0W-WO | PN850D WH,Non-Modular,850
bbe919e7-7c19-4878-90a4-c93a392a8dda,Corsair GS500 ATX 500W Non-Modular 80+ Certified,Corsair,GS500,500W 80+,,bbe919e7-7c19-4878-90a4-c93a392a8dda.json,,1,1,0,6,0,2,6,,,80+,False,ATX,,,,,,,160,,,,GS500,Non-Modular,500
bc202566-a16c-4786-8125-6b96315f2de0,Segotep GM Black 850W Fully Modular 80+ Gold Certified,Segotep,GM,850W Gold,,bc202566-a16c-4786-8125-6b96315f2de0.json,BLACK,1,0,0,0,0,0,8,,,80+ Gold,False,ATX,B08F1NFSG4,,,,9SIBGX1JA26863,304094942,140,,,,CP-PSU-ST-GM850 | 850W,Full,850
bc463d30-67bb-45a1-ba11-b289d1187ac5,SeaSonic VERTEX GX-750 Black / Silver 750W Fully Modular 80+ Gold,SeaSonic,VERTEX,750W Gold,,bc463d30-67bb-45a1-ba11-b289d1187ac5.json,BLACK | GREY,1,0,0,0,0,0,14,,,80+ Gold,False,ATX,B0C572M2SM,,,,N82E16817151259,,160,,,,VERTEX GX-750,Full,750
bc501816-a259-4669-8d94-d9abbeca7873,Silverstone Essential Black ATX 650W Non-Modular 80+ Bronze Certified,Silverstone,Essential,650W Bronze,,bc501816-a259-4669-8d94-d9abbeca7873.json,BLACK,1,1,0,3,0,4,6,,,80+ Bronze,False,ATX,,,,,,,140,,,,SST-ET650-B,Non-Modular,650
bc5a8635-b16e-4fe1-bb4c-5d633e253f08,Cooler Master V1300 Platinum Black 1300W Fully Modular 80+ Platinum,Cooler Master,V1300,1300W Platinum,,bc5a8635-b16e-4fe1-bb4c-5d633e253f08.json,BLACK,1,2,0,8,0,12,16,,,80+ Platinum,False,ATX,B07NQT1FBT,,,,,,201,,,,MPZ-D001-AFBAPV-US | MPZ-D001-AFBAPV-AU | MPZ-D001-AFBAPV-WA | MPZ-D001-AFBAPV-WB | MPZ-D001-AFBAPV-WY | MPZ-D001-AFBAPV-WS | MPZ-D001-AFBAPV-WI | MPZ-D001-AFBAPV-WJ | MPZ-D001-AFBAPV-WU | MPZ-D001-AFBAPV-WW | MPZ-D001-AFBAPV-WT | MPZ-D001-AFBAPV-WK | MPZ-D001-AFBAPV-WE,Full,1300
bc5d70ae-1b9b-4650-af3b-caf96690f13b,Silverstone VIVA Black 650W Non-Modular 80+ Gold Certified ATX,Silverstone,VIVA,650W Gold,,bc5d70ae-1b9b-4650-af3b-caf96690f13b.json,BLACK,1,1,0,3,0,4,8,,,80+ Gold,False,ATX,,,,,,,140,,,,SST-VA650-G,Non-Modular,650
bc7bc217-52f1-4002-bd1c-f4562f47af6e,Thermaltake Toughpower DPS G 750W 80+ Gold Fully Modular,Thermaltake,Toughpower,750W Gold,,bc7bc217-52f1-4002-bd1c-f4562f47af6e.json,,1,1,0,8,0,4,8,,,80+ Gold,False,ATX,,,,,,,180,,,,PS-TPG-0750DPCGUS-G,Full,750
bc7efbda-90e3-4e25-8e9e-270f0fde2bfc,Cooler Master MasterWatt TUF Gaming Alliance Black / Gray 550W Semi-Modular 80+ Bronze,Cooler Master,MasterWatt,550W Bronze,,bc7efbda-90e3-4e25-8e9e-270f0fde2bfc.json,BLACK | GREY,1,1,0,2,0,2,6,,,80+ Bronze,False,ATX,,,,,,,140,,,,MPX-5501-AMAAB-SF,Semi-Modular,550
bcb4448b-308b-4023-9a05-33a7e7ebc07b,be quiet! Pure Power L8 300W Non-Modular 80+ Bronze Certified,be quiet!,Pure,300W Bronze,,bcb4448b-308b-4023-9a05-33a7e7ebc07b.json,,1,1,0,2,0,1,3,,,80+ Bronze,False,ATX,,,,,,,150,,,,BN220,Non-Modular,300
bcd5ee79-9e2d-48f1-a8bd-9c102626b37e,Rosewill ARC ATX 550W Non-Modular 80+ Bronze Certified,Rosewill,ARC,550W Bronze,,bcd5ee79-9e2d-48f1-a8bd-9c102626b37e.json,,1,1,0,4,0,2,5,,,80+ Bronze,False,ATX,B00KJMD272,,,,,,165,,,,ARC 550,Non-Modular,550
bcdda91f-2450-4a9f-9790-4df24e60edee,EVGA SuperNOVA 1000 P2 1000 W 80+ Platinum Certified Fully Modular ATX,EVGA,SuperNOVA,1000W Platinum,,bcdda91f-2450-4a9f-9790-4df24e60edee.json,,1,2,0,5,0,6,10,,,80+ Platinum,False,ATX,,,,,,,200,,,,220-P2-1000-XR | 220-P2-1000-X2 | 220-P2-1000-X3,Full,1000
bcea7a95-a9e9-421a-9746-523ccc9ad5eb,SeaSonic M12II 650W Semi-Modular 80+ Bronze Certified,SeaSonic,M12II,650W Bronze,,bcea7a95-a9e9-421a-9746-523ccc9ad5eb.json,,1,2,0,5,0,4,8,,,80+ Bronze,False,ATX,,,,,,,160,,,,SS-650AM | M12II-650 BRONZE,Semi-Modular,650
bcf81210-048e-48bb-ada6-84851005b07e,Super Flower Zillion FG 750W 80+ Gold Certified Fully Modular,Super Flower,Zillion,750W Gold,,bcf81210-048e-48bb-ada6-84851005b07e.json,BLACK,1,1,0,3,1,2,8,,,80+ Gold,False,ATX,,,,,,,140,,,,SF-750Z12FG,Full,750
bcf8bc2a-c464-4b56-8742-b75526e33415,NZXT HALE90 V2 1000W 80+ Gold Fully Modular,NZXT,HALE90,1000W Gold,,bcf8bc2a-c464-4b56-8742-b75526e33415.json,,1,2,0,14,0,6,12,,,80+ Gold,False,ATX,,,,,,,189,,,,NP-1GM-1000A-NEEU,Full,1000
bd0836a5-6ff2-4565-88e5-3f5333772fde,Phanteks Revolt SFX 650W Fully Modular 80+ Gold Certified,Phanteks,Revolt,650W Gold,,bd0836a5-6ff2-4565-88e5-3f5333772fde.json,BLACK,1,2,0,1,0,4,11,,,80+ Gold,False,SFX,B09ZGNZTTX,,,,N82E16817987015,120563294,100,,,,PH-P650GSF | PH-P650GSF_US01,Full,650
bd0e89ac-c6a9-46d7-9794-7e82efb703c4,Cooler Master MWE Bronze Black 550W Non-Modular 80+ Bronze Certified,Cooler Master,MWE,550W Bronze,,bd0e89ac-c6a9-46d7-9794-7e82efb703c4.json,BLACK,1,1,0,3,0,2,4,,,80+ Bronze,False,ATX,,,,,,,140,,,,MPX-5501-ACAAB-US,Non-Modular,550
bd15e990-0f8b-4e7c-b1bf-c660715a8549,Silverstone SFX SFX 500W Fully Modular 80+ Gold Certified,Silverstone,SFX,500W Gold,,bd15e990-0f8b-4e7c-b1bf-c660715a8549.json,BLACK,1,0,0,0,0,0,3,,,80+ Gold,False,SFX,B00SD9IORQ,,,,N82E16817256116,960720700,130,,,,SST-SX500-LG | SX500-LG,Full,500
bd2cd170-d97e-42a4-9d18-4e925403be48,Thermaltake Toughpower GF1 TT Premium Snow 650W Fully Modular 80+ Gold Certified,Thermaltake,Toughpower,650W Gold,,bd2cd170-d97e-42a4-9d18-4e925403be48.json,WHITE,1,1,0,4,0,4,9,,,80+ Gold,False,ATX,,,,,,,160,,,,PS-TPD-0650FNFAGx-W | PS-TPD-0650FNFAGE-W | PS-TPD-0650FNFAGU-W,Full,650
bd338a9d-223d-4131-a56c-b3f21c036231,HEC HP485D Retail 485W Non-Modular ATX,HEC,HP485D,485W ,,bd338a9d-223d-4131-a56c-b3f21c036231.json,,1,0,0,0,0,0,3,,,,False,ATX,,,,,,,165,,,,HP485D Retail,Non-Modular,485
bd4f8e35-acec-4ea5-96b2-51547524ae67,Rosewill VSB 850W Semi-Modular 80+ Bronze Certified,Rosewill,VSB,850W Bronze,,bd4f8e35-acec-4ea5-96b2-51547524ae67.json,BLACK,1,0,0,0,0,0,6,,,80+ Bronze,False,ATX,B0FFPHTC8V,,,,N82E16817182466,17166062966,140,,,,VSB850,Semi-Modular,850
bd5bf9df-408e-4bf4-b8bf-7f51bdd0d6b2,Silverstone HELA 850R Black / Silver 850W Fully Modular 80+ Platinum Certified,Silverstone,HELA,850W Platinum,,bd5bf9df-408e-4bf4-b8bf-7f51bdd0d6b2.json,BLACK | GREY,1,2,0,6,1,5,8,,,80+ Platinum,False,ATX,B0BDCKFCW4,,,,1HU-00RG-00279,1688414008,150,,,,SST-HA850R-PM | HA850R-PM | PS-HA850R-PM,Full,850
bd5e23dd-acbb-4048-9069-dbeb9ac60954,XFX ProSeries ATX 1050W Fully Modular 80+ Gold Certified,XFX,ProSeries,1050W Gold,,bd5e23dd-acbb-4048-9069-dbeb9ac60954.json,,1,0,0,0,0,0,11,,,80+ Gold,False,ATX,,,,,,,190,,,,P1-1050-BEFX,Full,1050
bd5fdd1e-a85b-42fd-b932-deacf5e57bbc,In Win Glacier 900W Semi-Modular 80+ Gold Certified,In Win,Glacier,900W Gold,,bd5fdd1e-a85b-42fd-b932-deacf5e57bbc.json,,1,0,0,0,0,0,8,,,80+ Gold,False,ATX,,,,,,,,,,,IRP-GOL900,Semi-Modular,900
bd6f8cfa-03b3-44c1-a881-a2450ffeafb0,SHARKOON SilentStorm Cool Zero ATX 650W Fully Modular 80+ Gold Certified,SHARKOON,SilentStorm,650W Gold,,bd6f8cfa-03b3-44c1-a881-a2450ffeafb0.json,BLACK,1,2,0,1,0,4,12,,,80+ Gold,False,ATX,B07MHXX3PX,,,,,,160,,,,4044951026463,Full,650
bd7fa12d-bc4e-4631-b014-e771ebfea1b2,Azza PSAZ-1000A14 1000W Non-Modular 80+ Bronze,Azza,PSAZ-1000A14,1000W Bronze,,bd7fa12d-bc4e-4631-b014-e771ebfea1b2.json,,1,0,0,0,0,0,8,,,80+ Bronze,False,ATX,,,,,,,180,,,,PSAZ-1000A14,Non-Modular,1000
bd9fd5a5-0c0b-4129-b90c-61222af880b9,Deepcool PL550D Black ATX 550W Non-Modular 80+ Bronze Certified,DeepCool,PL550D,550W Bronze,,bd9fd5a5-0c0b-4129-b90c-61222af880b9.json,BLACK,1,1,0,2,1,3,6,,,80+ Bronze,False,ATX,,,,,,,140,,,,R-PL550D-FC0B-US | R-PL550D-FC0B-UK | R-PL550D-FC0B-IN | R-PL550D-FC0B-WO | R-PL550D-FC0B-JP | R-PL550D-FC0B-AU | R-PL550D-FC0B-EU,Non-Modular,550
bda07aa1-68c9-4ba2-85b1-f39675728756,ADATA XPG Core Reactor II VE 650W 80+ Gold Fully Modular,ADATA,XPG,650W Gold,,bda07aa1-68c9-4ba2-85b1-f39675728756.json,,1,2,0,2,1,2,6,,,80+ Gold,False,ATX,,,,,,,140,,,,COREREACTORIIVE650G-BKCUS | COREREACTORIIVE650G-BKCAR | COREREACTORIIVE650G-BKCBR | COREREACTORIIVE650G-BKCTW | COREREACTORIIVE650G-BKCEU | COREREACTORIIVE650G-BKCAU | COREREACTORIIVE650G-BKCGB | COREREACTORIIVE650G-BKCZA | COREREACTORIIVE650G-BKCJP,Full,650
bda78796-84da-46c2-8d92-025914049c81,SeaSonic PRIME PX-1300 Black ATX 1300W Fully Modular 80+ Platinum Certified,SeaSonic,PRIME,1300W Platinum,,bda78796-84da-46c2-8d92-025914049c81.json,BLACK,1,2,0,5,0,12,12,,,80+ Platinum,False,ATX,,,,,,,170,,,,SSR-1300PD | PRIME-PX-1300,Full,1300
bdaac320-4c94-4133-8ae8-3a4978f16db0,Super Flower Leadex Gold 850W Fully Modular 80+ Gold Certified,Super Flower,Leadex,850W Gold,,bdaac320-4c94-4133-8ae8-3a4978f16db0.json,,1,2,0,5,0,8,10,,,80+ Gold,False,ATX,,,,,,,200,,,,SF-850F14MG,Full,850
bdb60533-e4ac-4e37-986f-bb5fcca30366,Corsair CX750 (2017) 750W Non-Modular 80+ Bronze,Corsair,CX750,750W Bronze,,bdb60533-e4ac-4e37-986f-bb5fcca30366.json,,1,1,0,8,0,4,8,,,80+ Bronze,False,ATX,B01N9KIFWF,,,,,333149514,160,,,,CP-9020123-NA,Non-Modular,750
bdcaa9c8-fa95-49a8-bf34-60eb576e4041,Antec High Current Gamer PRO Black ATX3.1 1000W Fully Modular 80+ Platinum Certified,Antec,High,1000W Platinum,,bdcaa9c8-fa95-49a8-bf34-60eb576e4041.json,BLACK,1,2,0,3,1,3,14,,,80+ Platinum,False,ATX,,,,,,,160,,,,0-761345-20012-7 | 0-761345-20016-5 | 0-761345-20017-2 | 0-761345-20014-1 | 0-761345-20013-4 | 0-761345-20015-8,Full,1000
bde1cf35-338e-4ae9-883e-d335fe237eae,SeaSonic FOCUS PX 850W 80+ Platinum Certified Fully Modular,SeaSonic,FOCUS,850W Platinum,,bde1cf35-338e-4ae9-883e-d335fe237eae.json,BLACK,1,2,0,5,0,6,10,,,80+ Platinum,False,ATX,B07W4PMQDJ,,,,,,140,,,,FOCUS-PX-850 | FOCUS PX-850,Full,850
be02d01f-499d-471d-a9ae-5ca147e03020,Thermaltake Toughpower DPS G RGB 750W Fully Modular 80+ Gold,Thermaltake,Toughpower,750W Gold,,be02d01f-499d-471d-a9ae-5ca147e03020.json,,1,1,0,8,0,4,8,,,80+ Gold,False,ATX,,,,,,,180,,,,PS-TPG-0750DPCGUS-R | TPG-750DH3FCG-R | TPG-0750D-R,Full,750
be3a1f3d-c166-4a6b-9d4a-066f759d8706,be quiet! POWER 2 Black SFX 300W Non-Modular 80+ Bronze Certified,be quiet!,POWER,300W Bronze,,be3a1f3d-c166-4a6b-9d4a-066f759d8706.json,BLACK,1,0,0,1,0,1,4,,,80+ Bronze,False,SFX,,,,,,,100,,,,BN226,Non-Modular,300
be477c21-2bfc-4193-92d5-51fa678d0f63,Fractal Design Ion+ 560P Black 560W Fully Modular 80+ Platinum,Fractal Design,Ion+,560W Platinum,,be477c21-2bfc-4193-92d5-51fa678d0f63.json,BLACK,1,0,0,0,0,0,6,,,80+ Platinum,False,ATX,B07VXX4GMV,,,,,734490379,150,,,,FD-PSU-IONP-560P-BK | FD-PSU-IONP-560P-BK-US | FD-PSU-IONP-560P-BK-EU,Full,560
be4f7f16-d2a6-4b2e-95d4-1491e8092c7a,Rosewill RV2-600 ATX 600W Non-Modular,Rosewill,RV2-600,600W ,,be4f7f16-d2a6-4b2e-95d4-1491e8092c7a.json,,1,1,0,5,0,1,6,,,,False,ATX,,,,,,,139,,,,RV2-600,Non-Modular,600
be91dff1-c0b7-4f9e-8b68-edc0198344bf,Cooler Master New GX 450W Non-Modular 80+ Bronze Certified,Cooler Master,New,450W Bronze,,be91dff1-c0b7-4f9e-8b68-edc0198344bf.json,,1,1,0,3,0,2,6,,,80+ Bronze,False,ATX,,,,,,,140,,,,RS450-ACAAE3-US,Non-Modular,450
beacf54b-a811-4cc0-8943-e63d049df167,ASRock Phantom Gaming PG-1000G Black 1000W Fully Modular 80+ Gold Certified,ASRock,Phantom,1000W Gold,,beacf54b-a811-4cc0-8943-e63d049df167.json,BLACK,1,0,0,0,0,0,9,,,80+ Gold,False,ATX,B0DNNTT6NX,,,,N82E16817955005,15390122122,150,,,,PG-1000G | 90-UXP085-GFUAAB,Full,1000
bec83e53-79f7-4cf0-b1c1-23d925961fe8,Xilence XP600R6 Black/Red 600W Non-Modular,Xilence,XP600R6,600W ,,bec83e53-79f7-4cf0-b1c1-23d925961fe8.json,BLACK | RED,1,1,0,2,0,1,6,,,,False,ATX,B00OZ0G3TI,,,,,,140,,,,XN044 | 4044953500237,Non-Modular,600
beccc71a-a94a-4cef-ad9d-47a7a19d0a61,RAIJINTEK AMPERE Black 1000W Fully Modular 80+ Platinum Certified,RAIJINTEK,AMPERE,1000W Platinum,,beccc71a-a94a-4cef-ad9d-47a7a19d0a61.json,BLACK,1,2,0,6,1,4,8,,,80+ Platinum,False,ATX,,,,,,,140,,,,0R30B00013,Full,1000
bed11e05-783d-4562-ab4c-aa91895c26d7,Corsair CX650F Black ATX 650W Fully Modular 80+ Bronze Certified,Corsair,CX650F,650W Bronze,,bed11e05-783d-4562-ab4c-aa91895c26d7.json,BLACK,1,0,0,0,0,0,7,,,80+ Bronze,False,ATX,,,,,,,140,,,,CP-9020217-NA,Full,650
bedcf9da-8c59-4bf7-b37c-b3a497908c0d,Silverstone Strider ATX 1500W Fully Modular 80+ Gold Certified,Silverstone,Strider,1500W Gold,,bedcf9da-8c59-4bf7-b37c-b3a497908c0d.json,,1,2,0,6,0,8,16,,,80+ Gold,False,ATX,,,,,,,180,,,,ST1500-GS | SST-ST1500-GS,Full,1500
bef32cba-b302-4003-894f-1f9bd744717f,Raidmax RX-700AC 700W 80+ Bronze Certified Semi-Modular,Raidmax,RX-700AC,700W Bronze,,bef32cba-b302-4003-894f-1f9bd744717f.json,,1,1,0,4,0,1,6,,,80+ Bronze,False,ATX,,,,,,,140,,,,RX-700AC,Semi-Modular,700
befc47fb-be20-4dd5-851a-cc7494688bf9,In Win IP-S200DF1-0 Silver TFX 200W Non-Modular,In Win,IP-S200DF1-0,200W ,,befc47fb-be20-4dd5-851a-cc7494688bf9.json,GREY,1,0,0,1,0,0,3,,,,False,TFX,,,,,,,,,,,IP-S200DF1-0,Non-Modular,200
bf13ebb6-be12-4fd3-9ff4-5af0ab21e833,Thermaltake Toughpower GF A3 TT Premium Edition 650W Fully Modular 80+ Gold,Thermaltake,Toughpower,650W Gold,,bf13ebb6-be12-4fd3-9ff4-5af0ab21e833.json,BLACK,1,2,0,4,1,4,8,,,80+ Gold,False,ATX,B07N7V8JM5,,,,,,140,,,,PS-TPD-0650FNFAGU-L | PS-TPD-0650FNFAGU-1 | PS-TPD-0650FNFAGE-1,Full,650
bf1b907d-3c19-46c4-879d-593b665a2904,Super Flower Leadex III Super Pro Black 550W Fully Modular 80+ Bronze Certified,Super Flower,Leadex,550W Bronze,,bf1b907d-3c19-46c4-879d-593b665a2904.json,BLACK,1,1,0,4,0,2,6,,,80+ Bronze,False,ATX,,,,,,,150,,,,SF-550R14HE,Full,550
bf6fd0a2-54a5-474c-817a-6f3036e17ae2,Fractal Design Edison M 750W Semi-Modular 80+ Gold,Fractal Design,Edison,750W Gold,,bf6fd0a2-54a5-474c-817a-6f3036e17ae2.json,,1,2,0,5,0,2,8,,,80+ Gold,False,ATX,,,,,,,160,,,,FD-PSU-ED1B-750W,Semi-Modular,750
bf835b09-db2d-464b-946d-e00418bf9343,Enermax Revolution D.F. X Black 1350W Fully Modular 80+ Gold,Enermax,Revolution,1350W Gold,,bf835b09-db2d-464b-946d-e00418bf9343.json,BLACK,1,2,0,6,2,7,12,,,80+ Gold,False,ATX,B0CQZ97R7Z,,,,N82E16817194153,5252178122,170,,,,ERT1350EWT,Full,1350
bf9946ec-b810-4443-a35f-8caf077025aa,Antec Earthwatts 500W Non-Modular 80+ Bronze Certified ATX,Antec,Earthwatts,500W Bronze,,bf9946ec-b810-4443-a35f-8caf077025aa.json,,1,1,0,4,0,0,5,,,80+ Bronze,False,ATX,B002VLYKDO,,,,,,139,,,,EA-500D Green | EA-550 GREEN,Non-Modular,500
bfaa0154-d44a-4a35-a4a8-b59acf9ee61d,Antec High Current Pro ATX 1200W Non-Modular 80+ Gold Certified,Antec,High,1200W Gold,,bfaa0154-d44a-4a35-a4a8-b59acf9ee61d.json,,1,2,0,9,0,8,12,,,80+ Gold,False,ATX,,,,,,,180,,,,HCP-1200,Non-Modular,1200
bfbc03cd-af30-463c-8ac1-4c2d974629da,Raidmax XT 400W Non-Modular,Raidmax,XT,400W ,,bfbc03cd-af30-463c-8ac1-4c2d974629da.json,,1,1,0,2,0,0,4,,,,False,ATX,B01M0RI9J4,,,,,,146,,,,RX-400XT | RX-XT SERIS,Non-Modular,400
bfbc5e4e-a452-4742-9de4-80ea248ec774,GameMax GX Pro Rampage White 1050W Fully Modular 80+ Platinum,GameMax,GX,1050W Platinum,,bfbc5e4e-a452-4742-9de4-80ea248ec774.json,WHITE,1,0,0,0,0,0,10,,,80+ Platinum,False,ATX,B0BX22RZHX,,,,,,160,,,,GX-1050 PRO WT | HU-XI-201,Full,1050
bfd7df38-fabc-49a6-aa21-500f8b63f80b,Thermalright TB650S Black ATX 650W Non-Modular 80+ Bronze Certified,Thermalright,TB650S,650W Bronze,,bfd7df38-fabc-49a6-aa21-500f8b63f80b.json,BLACK,1,2,0,3,0,2,5,,,80+ Bronze,False,ATX,,,,,,,140,,,,TB-650S | TR-TB650S,Non-Modular,650
bfe01583-e083-4498-9715-075f7ce0518e,Thermaltake Toughpower iRGB PLUS 1000 Black 1000W Fully Modular 80+ Gold Certified,Thermaltake,Toughpower,1000W Gold,,bfe01583-e083-4498-9715-075f7ce0518e.json,BLACK,1,2,0,4,0,6,12,,,80+ Gold,False,ATX,,,,,,,160,,,,PS-TPI-1000F3FDGU-1 | PS-TPI-1000F3FDGE-1,Full,1000
bfeb5968-a49e-48c8-af09-0ace719a8b61,FSP Group Raider 650 650W Non-Modular 80+ Bronze Certified ATX,FSP Group,Raider,650W Bronze,,bfeb5968-a49e-48c8-af09-0ace719a8b61.json,,1,1,0,3,0,2,6,,,80+ Bronze,False,ATX,,,,,,,139,,,,Raider 650,Non-Modular,650
c00688d8-2f62-478b-88f0-303bfa7d621d,Apevia ATX-AS600W-BL 600W Non-Modular,Apevia,ATX-AS600W-BL,600W ,,c00688d8-2f62-478b-88f0-303bfa7d621d.json,,1,1,0,8,0,0,4,,,,False,ATX,,,,,,,170,,,,ATX-AS600W-BL,Non-Modular,600
c0144b04-9a83-4eae-b4fe-e722aea9840a,Cooler Master MWE Gold V2 ATX3.0 White 1250W Fully Modular 80+ Gold Certified,Cooler Master,MWE,1250W Gold,,c0144b04-9a83-4eae-b4fe-e722aea9840a.json,WHITE,1,2,0,4,1,3,12,,,80+ Gold,False,ATX,,,,,,,180,,,,MPE-C501-AFCAG-3G | MPE-C501-AFCAG-3GAU | MPE-C501-AFCAG-3GWO | MPE-C501-AFCAG-3GUK | MPE-C501-AFCAG-3GU2 | MPE-C501-AFCAG-3GUS | MPE-C501-AFCAG-3GEU,Full,1250
c038cb50-c022-4102-9f31-d4e77faaaf2d,EVGA SuperNOVA 750 G7 750W 80+ Gold Certified Fully Modular,EVGA,SuperNOVA,750W Gold,,c038cb50-c022-4102-9f31-d4e77faaaf2d.json,BLACK | BLUE,1,2,0,4,0,6,9,,,80+ Gold,False,ATX,,,,,,,130,,,,220-G7-0750-X1,Full,750
c0476df8-2446-49d7-ad20-1b83470702c2,"Phanteks AMP 1000W V2 80PLUS Gold, ATX Power Supply, 12VHPWR Included, Fully Modular, Hybrid Mode, Silent fan, Revolt PRO LINK Certified",Phanteks,AMP Series,GH 1000W Black,2024,c0476df8-2446-49d7-ad20-1b83470702c2.json,,1,2,0,2,1,3,4,,,80+ Gold,False,ATX,B0BWPL4N3Q,,,,N82E16817987018,1256924537,220,,,,PH-P1000G_02,Full,1000
c0894bfd-ee8c-4261-bfdc-e401a54d3b86,Zalman ZM770-XT 770 W 80+ Bronze Certified Fully Modular ATX,Zalman,ZM770-XT,770W Bronze,,c0894bfd-ee8c-4261-bfdc-e401a54d3b86.json,,1,1,0,6,0,1,12,,,80+ Bronze,False,ATX,,,,,,,180,,,,ZM770-XT,Full,770
c0983c6f-9c90-4fc1-850a-c138c9b4339c,Solid Gear SDGR-650E ATX 650W Non-Modular,Solid Gear,SDGR-650E,650W ,,c0983c6f-9c90-4fc1-850a-c138c9b4339c.json,,1,1,0,3,0,1,4,,,,False,ATX,,,,,,,180,,,,SDGR-650E,Non-Modular,650
c0a0c0c1-b494-4f22-bf8c-029fb24d597e,Sparkle FSP300THAR-MC ATX 300W Non-Modular,Sparkle,FSP300THAR-MC,300W ,,c0a0c0c1-b494-4f22-bf8c-029fb24d597e.json,,1,0,0,0,0,0,0,,,,False,ATX,,,,,,,,,,,FSP300THAR-MC,Non-Modular,300
c0a96e1f-5bad-4f83-9739-672ba6d52472,Ultra LSP750 750W Non-Modular,Ultra,LSP750,750W ,,c0a96e1f-5bad-4f83-9739-672ba6d52472.json,,1,1,0,6,0,0,4,,,,False,ATX,,,,,,,,,,,LSP750,Non-Modular,750
c0b6e4cb-3574-4e81-9ff5-e5ca36838303,Thermaltake Smart Black RGB 230V ATX 700W Non-Modular 80+ Certified,Thermaltake,Smart,700W 80+,,c0b6e4cb-3574-4e81-9ff5-e5ca36838303.json,BLACK,1,1,0,4,0,4,8,,,80+,False,ATX,,,,,,,140,,,,PS-SPR-0700NHSAWU-1,Non-Modular,700
c12ad813-c1d7-494b-9876-100aa5581e24,VS Series VS450 — 450 Watt 80 PLUS® White Certified PSU,Corsair,VS Series,VS450,0,c12ad813-c1d7-494b-9876-100aa5581e24.json,,1,1,1,4,0,2,6,,,80+ White,False,ATX,B078HNG7VD,,,,9SIB8AKK9U4212,585447555,125,,,,CP-9020170-NA,Non-Modular,450
c1402a2f-6fe3-4ea2-9ed3-5815fcb2d397,Corsair RM850 850W Fully Modular 80+ Gold,Corsair,RM850,850W Gold,,c1402a2f-6fe3-4ea2-9ed3-5815fcb2d397.json,,1,2,0,8,0,6,10,,,80+ Gold,False,ATX,,,,,,,180,,,,RM850 | CP-9020056-UK | CP-9020056-NA | CP-9020056-EU,Full,850
c140ca84-d490-4680-bc61-c90bf632e836,Silverstone DA750R-GMA Black 750W Fully Modular 80+ Gold,Silverstone,DA750R-GMA,750W Gold,,c140ca84-d490-4680-bc61-c90bf632e836.json,BLACK,1,0,0,0,0,0,8,,,80+ Gold,False,ATX,,,,,,,140,,,,SST-DA750R-GMA | SST-AX0750MCGD-C,Full,750
c1498f75-e533-409e-ab91-264a8255aa43,Rosewill Stallion 500W Non-Modular,Rosewill,Stallion,500W ,,c1498f75-e533-409e-ab91-264a8255aa43.json,,1,1,0,2,0,0,4,,,,False,ATX,,,,,,,140,,,,RD500-2SB,Non-Modular,500
c17333ed-b8c9-4185-a82a-40035c41144d,Corsair AX860i 860W 80+ Platinum Fully Modular,Corsair,AX860i,860W Platinum,,c17333ed-b8c9-4185-a82a-40035c41144d.json,,1,2,0,8,0,6,12,,,80+ Platinum,False,ATX,,,,,,,160,,,,AX860i | CP-9020037-NA | CMPSU-AX860i | CP-9020037-UK | CP-9020037-AU | CP-9020037-EU,Full,860
c1747197-2f54-4490-9f0e-69b94ec5ecbe,KOLINK KL-500M Black 500W Semi-Modular 80+ Bronze Certified,KOLINK,KL-500M,500W Bronze,,c1747197-2f54-4490-9f0e-69b94ec5ecbe.json,BLACK,1,1,0,3,0,2,4,,,80+ Bronze,False,ATX,,,,,,,140,,,,KL-500M,Semi-Modular,500
c1b44cbc-12c7-4368-b409-77210e12874e,Thermaltake Toughpower GF1 - TT Premium 1000W Fully Modular 80+ Gold Certified,Thermaltake,Toughpower,1000W Gold,,c1b44cbc-12c7-4368-b409-77210e12874e.json,BLACK,1,2,0,4,0,6,12,,,80+ Gold,False,ATX,B095QXZQJD,,,,,910073726,160,,,,PS-TPD-1000FNFAGx-1 | PS-TPD-1000FNFAGU-1 | PS-TPD-1000FNFAGA-1 | PS-TPD-1000FNFAGE-1 | TTP-1000AH3FCG,Full,1000
c1c0e83e-514c-4742-adc1-74b37b7ffe9a,Chieftec Vita ATX 850W Non-Modular 80+ Bronze Certified,Chieftec,Vita,850W Bronze,,c1c0e83e-514c-4742-adc1-74b37b7ffe9a.json,BLACK | BLUE,1,0,0,0,0,0,6,,,80+ Bronze,False,ATX,B0DBVGFX9V,,,,,,140,,,,BPX-850-S,Non-Modular,850
c1da18ec-552b-44c7-b713-e6c267d1ca3e,NZXT C750 (2022) Black ATX 750W Fully Modular 80+ Gold Certified,NZXT,C750,750W Gold,,c1da18ec-552b-44c7-b713-e6c267d1ca3e.json,BLACK,1,0,0,0,0,0,6,,,80+ Gold,False,ATX,B09YZ25M7L,6527937,,,1HU-001J-000A8,121024359,150,,,,PA-7G1BB-US | PA-7G1BB-UK | PA-7G1BB-EU | PA-7G1BB-AU | PA-7G1BB-JP | PA-7G1BB-WO,Full,750
c1e72cca-27d2-43a2-84fd-365f8f1ef04e,Corsair CV450 Black 450W Non-Modular 80+ Bronze Certified ATX,Corsair,CV450,450W Bronze,,c1e72cca-27d2-43a2-84fd-365f8f1ef04e.json,BLACK,1,0,0,0,0,0,7,,,80+ Bronze,False,ATX,B07YVVXYFN,,,,,,125,,,,CP-9020209-NA | CP-9020209-AU | CP-9020209-EU | CP-9020209-UK,Non-Modular,450
c206bfd6-829d-489f-a58f-c21d7b52cf45,Cooler Master Silent Pro Platinum 1000W Semi-Modular 80+ Platinum,Cooler Master,Silent,1000W Platinum,,c206bfd6-829d-489f-a58f-c21d7b52cf45.json,,1,2,0,5,0,4,8,,,80+ Platinum,False,ATX,,,,,,,177,,,,RSA00-SPPAD3-US,Semi-Modular,1000
c20833af-dda3-4c07-b095-96999e5ca125,EVGA SuperNOVA 850 G7 850W 80+ Gold Certified Fully Modular ATX,EVGA,SuperNOVA,850W Gold,,c20833af-dda3-4c07-b095-96999e5ca125.json,BLACK | BLUE,1,2,0,4,0,6,9,,,80+ Gold,False,ATX,,,,,,,130,,,,220-G7-0850-X1,Full,850
c21f1603-dc21-4ef0-b798-47fc5287ab3e,Montech CENTURY II Black 1050W Fully Modular 80+ Gold Certified,Montech,CENTURY,II 1050W Gold,,c21f1603-dc21-4ef0-b798-47fc5287ab3e.json,BLACK | GREY,1,2,0,1,3,1,3,Cybenetics Platinum,Cybenetics A-,80+ Gold,False,ATX,B0F3XRMZBM,11500572,,https://www.montechpc.com/century-ii-1050w,N82E16817959009,16086462055,140,,2026-01-30T19:13:01.466Z,,CENTURY II 1050W | Century II 1050 | 17-959-009,Full,1050
c22f93b5-efed-41f1-9eb7-738a88cdf18f,SeaSonic PRIME Titanium 850W 80+ Titanium Fully Modular,SeaSonic,PRIME,850W Titanium,,c22f93b5-efed-41f1-9eb7-738a88cdf18f.json,,1,2,0,5,0,6,10,,,80+ Titanium,False,ATX,,,,,,,170,,,,SSR-850TD,Full,850
c25bb04a-ea1c-442d-8e98-ce89819ecfd7,Thermalright TG Black 650W Fully Modular 80+ Gold Certified,Thermalright,TG,650W Gold,,c25bb04a-ea1c-442d-8e98-ce89819ecfd7.json,BLACK,1,1,0,3,0,4,8,,,80+ Gold,False,ATX,,,,,,,140,,,,TG-650 | TR-TG-650,Full,650
c287748e-bed8-483f-9552-cf613b831d56,Thermalright TG White 850W Fully Modular 80+ Gold Certified,Thermalright,TG,850W Gold,,c287748e-bed8-483f-9552-cf613b831d56.json,WHITE,1,0,0,0,0,0,10,,,80+ Gold,False,ATX,,,,,,,140,,,,TG-850-W | TR-TG-850-W,Full,850
c292ea59-42df-4e06-94bc-d0c04c4ad8ce,Corsair RM850x Black 850W Fully Modular 80+ Gold,Corsair,RM850x,850W Gold,,c292ea59-42df-4e06-94bc-d0c04c4ad8ce.json,BLACK,1,0,0,0,0,0,14,,,80+ Gold,False,ATX,B08R5JPTMZ,6459244,,,N82E16817139272,812505500,160,,,,CP-9020200-NA | CP-9020200-UK | CP-9020200-EU | CP-9020200-AU,Full,850
c2a63266-32d1-4cea-b844-59da3ffbd296,Antec NeoECO Platinum 850W Fully Modular 80+ Platinum Certified,Antec,NeoECO,850W Platinum,,c2a63266-32d1-4cea-b844-59da3ffbd296.json,BLACK,1,2,0,4,0,6,12,,,80+ Platinum,False,ATX,,,,,,,140,,,,NE850 Platinum | X8000A209JF-20,Full,850
c2c83b6b-71f9-455e-b4c7-ed08152e0239,LEPA G1000-MA ATX 1000W Semi-Modular 80+ Gold Certified,LEPA,G1000-MA,1000W Gold,,c2c83b6b-71f9-455e-b4c7-ed08152e0239.json,,1,2,0,8,0,6,12,,,80+ Gold,False,ATX,,,,,,,175,,,,G1000-MA,Semi-Modular,1000
c2d31bf7-30fd-425a-9435-238b0fa5f4b4,SeaSonic FOCUS Gold 650W Semi-Modular 80+ Gold,SeaSonic,FOCUS,650W Gold,,c2d31bf7-30fd-425a-9435-238b0fa5f4b4.json,,1,0,0,0,0,0,6,,,80+ Gold,False,ATX,B07793TFW8,,,,,,140,,,,SSR-650FM | 1,Semi-Modular,650
c2e3fca7-6c91-4b53-aa30-c2207c178995,Tacens Radix VII AG Black 600W Non-Modular 80+ Silver Certified ATX,Tacens,Radix,600W Silver,,c2e3fca7-6c91-4b53-aa30-c2207c178995.json,BLACK,1,1,0,4,0,2,5,,,80+ Silver,False,ATX,,,,,,,157,,,,1RVIIAG600,Non-Modular,600
c306c695-8b6a-4684-be4c-546cbbdebeba,Lian Li EDGE GOLD 1000W Fully Modular 80+ Gold Certified,Lian Li,EDGE,1000W Gold,,c306c695-8b6a-4684-be4c-546cbbdebeba.json,WHITE,1,0,0,0,0,0,10,,,80+ Gold,False,ATX,,,,,,,182,,,,EG1000G White | EDGE GOLD 1000 White,Full,1000
c32182ad-5620-4045-a6dd-76e84a031d55,Thermaltake Smart BX1 RGB 650W Non-Modular 80+ Bronze Certified,Thermaltake,Smart,650W Bronze,,c32182ad-5620-4045-a6dd-76e84a031d55.json,BLACK,1,1,0,4,0,2,6,,,80+ Bronze,False,ATX,,,,,,,140,,,,PS-SPR-0650NHFABU-1,Non-Modular,650
c32f2665-67d9-4f67-81f9-1f919042ea87,Rosewill RP600V2-S-SL 600 W ATX,Rosewill,RP600V2-S-SL,600W ,,c32f2665-67d9-4f67-81f9-1f919042ea87.json,,1,1,0,6,0,1,4,,,,False,ATX,,,,,,,139,,,,RP600V2-S-SL,Non-Modular,600
c3506309-120a-4771-9046-4d021134cac7,Xilence XP850R10 Black / Red ATX 850W Non-Modular 80+ Bronze,Xilence,XP850R10,850W Bronze,,c3506309-120a-4771-9046-4d021134cac7.json,BLACK | RED,1,2,0,3,0,3,8,,,80+ Bronze,False,ATX,,,,,,,140,,,,XN240,Non-Modular,850
c35c6058-976c-428e-ae7b-eaf3ba86af3f,ADATA XPG Core Reactor II White 850W Fully Modular 80+ Gold,ADATA,XPG,850W Gold,,c35c6058-976c-428e-ae7b-eaf3ba86af3f.json,WHITE,1,0,0,0,0,0,8,,,80+ Gold,False,ATX,B0CVBNWW96,,,,1HU-022B-00059,5333376223,140,,,,COREREACTORII850G-WHCUS | COREREACTORII850G-WHCEU | COREREACTORII850G-WHCAU,Full,850
c3694cd5-66a6-4430-8915-11d5a815b304,EVGA SuperNOVA 1600 P2 1600W Fully Modular 80+ Platinum Certified,EVGA,SuperNOVA,1600W Platinum,,c3694cd5-66a6-4430-8915-11d5a815b304.json,,1,2,0,5,0,9,14,,,80+ Platinum,False,ATX,B00NJG61JQ,,,,9SIAYE8JRH0613,676151922,220,,,,220-P2-1600-X1 | 220-P2-1600-X3 | 220-P2-1600-X4 | 220-P2-1600-X2,Full,1600
c3984f8b-9a8f-48b4-a0e6-5f6841d49a38,Thermaltake Toughpower 1200W 80+ Silver Semi-Modular,Thermaltake,Toughpower,1200W Silver,,c3984f8b-9a8f-48b4-a0e6-5f6841d49a38.json,,1,2,0,8,0,8,12,,,80+ Silver,False,ATX,,,,,,,180,,,,TP-1200M,Semi-Modular,1200
c3abf634-26c3-4442-a98e-c6c15c50ee66,Antec NeoECO Gold ZEN Black / Gold 600W Non-Modular 80+ Gold,Antec,NeoECO,600W Gold,,c3abf634-26c3-4442-a98e-c6c15c50ee66.json,BLACK | GOLD,1,1,0,2,0,4,6,,,80+ Gold,False,ATX,B07XDHXTB3,,,,9SIAD6HB999455,,140,,,,NE600G ZEN | NE600G Zen,Non-Modular,600
c3b2f1b4-93cc-4d7c-bb01-86b7e3b9a1f7,FSP Group Everest 800W Fully Modular 80+ Bronze,FSP Group,Everest,800W Bronze,,c3b2f1b4-93cc-4d7c-bb01-86b7e3b9a1f7.json,,1,0,0,0,0,0,9,,,80+ Bronze,False,ATX,,,,,,,165,,,,Everest 85PLUS 800,Full,800
c3bb5c5f-6d66-44d8-a1bb-bc6f0f89f626,GameMax VP RGB 800W Non-Modular 80+ Bronze Certified,GameMax,VP,800W Bronze,,c3bb5c5f-6d66-44d8-a1bb-bc6f0f89f626.json,BLACK,1,1,0,3,0,2,6,,,80+ Bronze,False,ATX,,,,,,,140,,,,VP-800-RGB BK,Non-Modular,800
c3eb432a-3ce6-452e-a130-61b1b78d86a9,GameMax GM Silver 300W Non-Modular 80+ Bronze Certified,GameMax,GM,300W Bronze,,c3eb432a-3ce6-452e-a130-61b1b78d86a9.json,GREY,1,1,0,2,0,1,3,,,80+ Bronze,False,ATX,,,,,,,140,,,,GM-300-ECO,Non-Modular,300
c3fd0787-a223-467c-abc4-e6327e928738,MSI MAG A650BN PCIE5 III,MSI,MAG,A650BN PCIE5 III,,c3fd0787-a223-467c-abc4-e6327e928738.json,BLACK,1,2,,4,1,2,3,,,80+ Bronze,,ATX,B0G3CNY2VW,6676830,,https://www.msi.com/Power-Supply/MAG-A650BN-PCIE5-III/,N82E16817701041,19166568140,140,,2026-02-26T21:41:12.898Z,,MAG A650BN PCIE5 III,Non-Modular,650
c444d32f-e97f-4752-8214-8264d13aaac2,Antec GSK ATX3.1 Black 850W Fully Modular 80+ Gold,Antec,GSK,850W Gold,,c444d32f-e97f-4752-8214-8264d13aaac2.json,BLACK,1,2,0,4,1,4,8,,,80+ Gold,False,ATX,,,,,,,140,,,,0-761345-20047-9 | 0-761345-20049-3 | 0-761345-20050-9 | 0-761345-20048-6 | 0-761345-20051-6,Full,850
c458997d-0296-424b-97d8-a6df645fe7ec,Cooler Master MWE Black ATX 600W Non-Modular 80+ Bronze Certified,Cooler Master,MWE,600W Bronze,,c458997d-0296-424b-97d8-a6df645fe7ec.json,BLACK,1,1,0,4,0,4,8,,,80+ Bronze,False,ATX,,,,,,,140,,,,MPX-6001-ACAAB-US,Non-Modular,600
c45e925b-bc3e-42c7-b7ee-9cfbd7fd9613,Xilence XP650R10 Black / Red ATX 650W Non-Modular 80+ Bronze Certified,Xilence,XP650R10,650W Bronze,,c45e925b-bc3e-42c7-b7ee-9cfbd7fd9613.json,BLACK | RED,1,1,0,3,0,2,6,,,80+ Bronze,False,ATX,,,,,,,140,,,,XN220,Non-Modular,650
c46ce72e-7bcc-408c-aaf9-e89a73ecef40,Asus ROG Thor P3 Gaming 1000W Fully Modular 80+ Platinum Certified,Asus,ROG Thor,1000W Platinum III,2024,c46ce72e-7bcc-408c-aaf9-e89a73ecef40.json,BLACK,1,2,0,6,1,4,7,Cybenetics Platinum,Cybenetics A++,80+ Platinum,False,ATX,B0FFYF6H6J,,,https://rog.asus.com/power-supply-units/rog-thor/rog-thor-1000p3-gaming/,N82E16817320057,17213463941,190,ARGB | Display,,Black/Silver,rog-thor-1000p3-gaming | ROG-THOR-1000P3-GAMING,Full,1000
c477507b-7a14-4225-9d27-0631444b1f36,SeaSonic SS-850HT Silver 850W Non-Modular 80+ Silver,SeaSonic,SS-850HT,850W Silver,,c477507b-7a14-4225-9d27-0631444b1f36.json,,1,2,0,0,0,2,0,,,80+ Silver,False,ATX,B003HE7K36,,,,,,160,,,,SS-850HT Silver | SS-850HT,Non-Modular,850
c48614f2-368b-44ef-b473-6f521ca180ac,Cooler Master MWE 500 ATX 500W Non-Modular 80+ Certified,Cooler Master,MWE,500W 80+,,c48614f2-368b-44ef-b473-6f521ca180ac.json,BLACK,1,1,0,3,0,2,6,,,80+,False,ATX,,,,,,,140,,,,MPW-5002-ACABW-EU | MPW-5002-ACABW-AU | MPW-5002-ACABW-UK,Non-Modular,500
c4c27482-f80b-46a7-a0fe-308bd259b886,Lian Li SX Platinum 1000W SXP Compact ATX Form Factor Power Supply w/ 12V-2x6 Cable - ATX 3.1 & PCIE 5.1 Compliant - 140mm Fan - Full Modular - 10 Year Warranty - Black (SX1000P.B),Lian Li,SX Platinum,1000W Black,2025,c4c27482-f80b-46a7-a0fe-308bd259b886.json,BLACK,1,2,,1,1,3,2,,,80+ Platinum,,ATX,B0FPCF4H5W,,,https://lian-li.com/product/sx-platinum/,9SIAFSTKKB5229,19426864548,140,,2025-12-31T20:19:39.024Z,,SX1000P.B,Full,1000
c4cfc2a0-e4cb-4f83-a808-1f42ba8315ce,FSP Group HYPER K PRO Black / Yellow 500W Non-Modular 80+ Certified ATX,FSP Group,HYPER,500W 80+,,c4cfc2a0-e4cb-4f83-a808-1f42ba8315ce.json,BLACK | YELLOW,1,1,0,3,0,2,6,,,80+,False,ATX,,,,,,,140,,,,HK-500,Non-Modular,500
c4e62eeb-9874-436c-81af-af5a7d17b410,Phanteks Revolt Pro Silver / Black 850W Fully Modular 80+ Gold Certified,Phanteks,Revolt,850W Gold,,c4e62eeb-9874-436c-81af-af5a7d17b410.json,GREY | BLACK,1,2,0,3,0,8,14,,,80+ Gold,False,ATX,B07JVC234Z,,,,,825482997,170,,,,PH-P850GC | PH-P850GC_EU,Full,850
c4fbaef3-49e4-4663-8ef3-d2eded98939d,Enermax REVOLUTION X't 630W Semi-Modular 80+ Gold Certified,Enermax,REVOLUTION,630W Gold,,c4fbaef3-49e4-4663-8ef3-d2eded98939d.json,,1,1,0,4,0,4,8,,,80+ Gold,False,ATX,,,,,,,160,,,,ERX630AWT,Semi-Modular,630
c4ffa06b-450e-4716-a889-9388621d3af5,Raidmax RX-600AF ATX 600W Non-Modular 80+ Bronze Certified,Raidmax,RX-600AF,600W Bronze,,c4ffa06b-450e-4716-a889-9388621d3af5.json,,1,1,0,4,0,1,6,,,80+ Bronze,False,ATX,,,,,,,165,,,,RX-600AF,Non-Modular,600
c5031946-cd8e-4db0-9895-bd317416bf9c,Thermaltake TR2 ATX 800W Non-Modular 80+ Certified,Thermaltake,TR2,800W 80+,,c5031946-cd8e-4db0-9895-bd317416bf9c.json,,1,1,0,7,0,2,7,,,80+,False,ATX,,,,,,,139,,,,TR-800P,Non-Modular,800
c5109e67-8757-4050-b5a5-531e3c170cb9,be quiet! DARK POWER 14 1200W,be quiet!,DARK POWER 14,12000W,2025,c5109e67-8757-4050-b5a5-531e3c170cb9.json,BLACK,1,2,,,2,4,13,Cybenetics Titanium,Cybenetics A++,80+ Titanium,True,ATX,B0FW57CZK1,,,https://www.bequiet.com/en/powersupply/7374,N82E16817222049,18633718851,175,None,,Black,BP021UK | BP021EU | BP021US,Full,1200
c5136d48-ec2a-4bc7-ab14-b590c8cec981,Thermaltake Toughpower GF1 Snow TT Premium 850W Fully Modular 80+ Gold Certified,Thermaltake,Toughpower,850W Gold,,c5136d48-ec2a-4bc7-ab14-b590c8cec981.json,WHITE,1,2,0,4,0,6,12,,,80+ Gold,False,ATX,B09SB4H3Y8,,,,N82E16817153432,915360526,160,,,,PS-TPD-0850FNFAGx-W | PS-TPD-0850FNFAGE-W | PS-TPD-0850FNFAGU-W | 9B17-153-432,Full,850
c529b5b7-4b78-4e52-8117-beeee96fc18f,PC Power & Cooling Silencer MK III ATX 750W Semi-Modular 80+ Gold Certified,PC Power & Cooling,Silencer,750W Gold,,c529b5b7-4b78-4e52-8117-beeee96fc18f.json,,1,2,0,4,0,4,12,,,80+ Gold,False,ATX,B00AXX0MZM,,,,,41954335,180,,,,PPCMK3S750,Semi-Modular,750
c5401646-1df7-454c-984d-4eae3a7f1999,Rosewill ARC M550 ATX 550W Semi-Modular 80+ Bronze Certified,Rosewill,ARC,550W Bronze,,c5401646-1df7-454c-984d-4eae3a7f1999.json,,1,1,0,3,0,2,5,,,80+ Bronze,False,ATX,,,,,,,165,,,,ARC M550,Semi-Modular,550
c5447c2d-dee7-4d9e-9bcf-685bb285b4cc,RAIJINTEK AMPERE Black 850W Fully Modular 80+ Platinum Certified,RAIJINTEK,AMPERE,850W Platinum,,c5447c2d-dee7-4d9e-9bcf-685bb285b4cc.json,BLACK,1,2,0,6,1,4,8,,,80+ Platinum,False,ATX,,,,,,,140,,,,0R30B00014,Full,850
c5493ddf-08fc-4ee7-9158-b4dc85daa9f7,Cooler Master GX Certified ATX 750W Non-Modular 80+ Bronze,Cooler Master,GX,750W Bronze,,c5493ddf-08fc-4ee7-9158-b4dc85daa9f7.json,,1,1,0,3,0,4,9,,,80+ Bronze,False,ATX,,,,,,,140,,,,RS750-ACAAE3-US,Non-Modular,750
c553ed1e-d6b6-48b0-8190-c2e87d42b6c3,EVGA SuperNOVA 550 G3 550 W 80+ Gold Certified Fully Modular ATX,EVGA,SuperNOVA G3,550W,2016,c553ed1e-d6b6-48b0-8190-c2e87d42b6c3.json,,1,1,1,4,0,3,6,,,80+ Gold,False,ATX,B01LWTS2UL,5753404,,,9SIB7JCJ8D3211,180910901,150,,,,220-G3-0550-Y1,Full,550
c5563e6f-7d57-42b5-91a7-2cc3e0b195f3,be quiet! Pure Power 12 M Black 650W Fully Modular 80+ Gold Certified,be quiet!,Pure,650W Gold,,c5563e6f-7d57-42b5-91a7-2cc3e0b195f3.json,BLACK,1,0,0,0,0,0,5,,,80+ Gold,False,ATX,B0BVYGNLM7,,,,1HU-004H-000S4,,160,,,,BN503 | BN342 | BN714,Full,650
c567736b-49b3-47c5-b355-22d7d11e5783,MSI MAG A650BN Black ATX 650W Non-Modular 80+ Bronze Certified,MSI,MAG,A650BN,2021,c567736b-49b3-47c5-b355-22d7d11e5783.json,BLACK,1,1,1,2,0,2,5,,,80+ Bronze,False,ATX,B0991TZ399,,,https://www.msi.com/Power-Supply/MAG-A650BN/Overview,N82E16817701013,2806852219,140,,2026-03-18T19:22:59.620Z,Black,MAG A650BN | 306-7ZP2B11-CE0,Non-Modular,650
c5740566-d223-4897-999b-b17f0eeecd97,Lian Li EDGE GOLD 750W Fully Modular 80+ Gold Certified,Lian Li,EDGE,750W Gold,,c5740566-d223-4897-999b-b17f0eeecd97.json,WHITE,1,2,0,6,1,4,10,,,80+ Gold,False,ATX,,,,,,,182,,,,EG0750G White | EDGE GOLD 750 White,Full,750
c5740e5c-bd95-4b9a-bfe2-adaa5ff7ae76,Cooler Master Silent 1000W Semi-Modular 80+ Bronze,Cooler Master,Silent,1000W Bronze,,c5740e5c-bd95-4b9a-bfe2-adaa5ff7ae76.json,,1,2,0,6,0,6,9,,,80+ Bronze,False,ATX,,,,,,,165,,,,RSA00-AMBAJ3-US,Semi-Modular,1000
c57b3ee4-a7a2-4b0b-9208-4a8fa3a207dd,FirePower ZX ATX 850W Fully Modular 80+ Gold Certified,FirePower,ZX,850W Gold,,c57b3ee4-a7a2-4b0b-9208-4a8fa3a207dd.json,,1,2,0,9,0,4,12,,,80+ Gold,False,ATX,,,,,,,175,,,,OCZ-ZX850W,Full,850
c5980061-ff19-4a84-b7f7-45a7b1029c78,be quiet! Pure Power 10 CM 600W Semi-Modular 80+ Silver Certified,be quiet!,Pure,600W Silver,,c5980061-ff19-4a84-b7f7-45a7b1029c78.json,,1,1,0,3,0,4,6,,,80+ Silver,False,ATX,,,,,,,160,,,,BN278 | BN678,Semi-Modular,600
c5b12219-b0d7-4df3-9fb0-ebe5c0ce438d,MSI MAG A1000GL PCIE5 Black 1000W Fully Modular 80+ Gold Certified,MSI,MAG,1000W Gold,,c5b12219-b0d7-4df3-9fb0-ebe5c0ce438d.json,BLACK,1,0,0,0,0,0,12,,,80+ Gold,False,ATX,B0CT3XNCZ9,6593788,,,N82E16817701026,5463113545,150,,,,MAG A1000GL PCIE5 | MAGA1000GLPCIE5 | MAGA1000L | 306-7ZP9B11-CE0 | MAGA1000GL,Full,1000
c5d3051d-ae7d-45e2-a25a-f15326046726,Silverstone Strider ATX 1200W Fully Modular 80+ Certified,Silverstone,Strider,1200W 80+,,c5d3051d-ae7d-45e2-a25a-f15326046726.json,,1,0,0,0,0,0,6,,,80+,False,ATX,,,,,,,180,,,,ST1200 | SST-ST1200,Full,1200
c5e04a43-eb9c-45c9-8270-2c0aba6052ea,Super Flower Leadex Black Titanium 850W Fully Modular 80+ Titanium Certified,Super Flower,Leadex,850W Titanium,,c5e04a43-eb9c-45c9-8270-2c0aba6052ea.json,BLACK,1,2,0,4,0,4,10,,,80+ Titanium,False,ATX,B010IZ0YAW,,,,,,180,,,,SF-850F14HT,Full,850
c5fc5cac-38ec-4182-beff-2e450449e0a2,FSP Group Hydro G Pro 750W Fully Modular 80+ Gold,FSP Group,Hydro,750W Gold,,c5fc5cac-38ec-4182-beff-2e450449e0a2.json,BLACK,1,2,0,5,0,4,14,,,80+ Gold,False,ATX,,,,,,,150,,,,HG2-750,Full,750
c60ed70c-80f0-4fbb-adc8-a54f85b20f02,"EVGA SuperNOVA 650 G5, 80 Plus Gold 650W, Fully Modular, Eco Mode with FDB Fan, 10 Year Warranty, Includes Power ON Self Tester, Compact 150mm Size, Power Supply 220-G5-0650-X1",EVGA,SuperNOVA G5,,2019,c60ed70c-80f0-4fbb-adc8-a54f85b20f02.json,,1,1,1,4,0,3,6,,,80+ Gold,False,ATX,B07WDLTKNM,6459375,,,N82E16817438163,377601764,150,,,,650 G5 | 220-G5-0650-X1,Full,650
c6145f9c-e2e2-4db1-b2aa-51a8cfb8a796,KOLINK ENCLAVE Black ATX 500W Fully Modular 80+ Gold Certified,KOLINK,ENCLAVE,500W Gold,,c6145f9c-e2e2-4db1-b2aa-51a8cfb8a796.json,BLACK,1,0,0,0,0,0,5,,,80+ Gold,False,ATX,,,,,,,160,,,,PGW-PS-KOL-016 | KL-G500FM,Full,500
c62b54fb-d1ae-4f3d-bf0d-34ceec4ab4a5,Thermaltake Smart BX1 RGB Black 550W Non-Modular 80+ Bronze Certified ATX,Thermaltake,Smart,550W Bronze,,c62b54fb-d1ae-4f3d-bf0d-34ceec4ab4a5.json,BLACK,1,1,0,2,0,2,6,,,80+ Bronze,False,ATX,,,,,,,140,,,,PS-SPR-0550NHFABU-1,Non-Modular,550
c6410492-1fad-460b-9883-bab7f91eb694,SeaSonic G12 Black / Blue 550W Semi-Modular 80+ Gold,SeaSonic,G12,550W Gold,,c6410492-1fad-460b-9883-bab7f91eb694.json,BLACK | BLUE,1,1,0,3,0,2,6,,,80+ Gold,False,ATX,,,,,,,140,,,,G12-GM-550,Semi-Modular,550
c646d23d-ee9f-4117-b3fa-779d427c83c2,SeaSonic PRIME Titanium 1000W Fully Modular 80+ Titanium Certified,SeaSonic,PRIME,1000W Titanium,,c646d23d-ee9f-4117-b3fa-779d427c83c2.json,,1,2,0,5,0,8,14,,,80+ Titanium,False,ATX,B01N4KYU0T,,,,,,170,,,,SSR-1000TD,Full,1000
c6491d74-2ead-4343-8c80-8a572ad80bbb,EVGA SuperNOVA 850G XC Black ATX 850W Fully Modular 80+ Gold Certified,EVGA,SuperNOVA,850W Gold,,c6491d74-2ead-4343-8c80-8a572ad80bbb.json,BLACK,1,0,0,0,0,0,9,,,80+ Gold,False,ATX,B0CD9DW4MV,,,,,3514400039,150,,,,520-5G-0850-K1 | 520-5G-0850-K2,Full,850
c64ad9ab-b5e9-468a-992e-e89b5b875cd5,Thermaltake Smart SE Black 530W Semi-Modular,Thermaltake,Smart,530W ,,c64ad9ab-b5e9-468a-992e-e89b5b875cd5.json,BLACK,1,1,0,4,0,2,5,,,,False,ATX,B00BDB28HS,,,,,,160,,,,SPS-530MPCBEU | NZ000175,Semi-Modular,530
c6aff4cb-cf9e-453e-9db6-3a895390afa8,EVGA SuperNOVA NEX750B 750W Semi-Modular 80+ Bronze Certified,EVGA,SuperNOVA,750W Bronze,,c6aff4cb-cf9e-453e-9db6-3a895390afa8.json,,1,2,0,5,0,3,9,,,80+ Bronze,False,ATX,,,,,,,165,,,,110-B1-0750-VR | 110-B1-0750-V2 | 110-B1-0750-V3,Semi-Modular,750
c6c1b767-62ff-4dc6-bc3b-761129c8179a,Cougar GX-S ATX 650W Non-Modular 80+ Gold Certified,Cougar,GX-S,650W Gold,,c6c1b767-62ff-4dc6-bc3b-761129c8179a.json,,1,1,0,3,0,4,8,,,80+ Gold,False,ATX,,,,,,,140,,,,GX-S650,Non-Modular,650
c6cc1921-e211-4f54-8ea0-36e15b4daf35,Solid Gear SDGR-750E ATX 750W Non-Modular,Solid Gear,SDGR-750E,750W ,,c6cc1921-e211-4f54-8ea0-36e15b4daf35.json,,1,1,0,5,0,1,6,,,,False,ATX,,,,,,,180,,,,SDGR-750E,Non-Modular,750
c6d70583-f8c0-4dfa-99b0-524ffdb016e2,FSP Group FSP300-60SGV TFX 300W Non-Modular 80+ Gold Certified,FSP Group,FSP300-60SGV,300W Gold,,c6d70583-f8c0-4dfa-99b0-524ffdb016e2.json,GREY,1,0,0,0,0,0,0,,,80+ Gold,False,TFX,,,,,,,175,,,,FSP300-60SGV,Non-Modular,300
c7013338-52f0-401d-b41a-48fe1bf345e1,EVGA SuperNOVA 650 GA 650W Fully Modular 80+ Gold,EVGA,SuperNOVA,650W Gold,,c7013338-52f0-401d-b41a-48fe1bf345e1.json,BLACK,1,1,0,4,0,6,9,,,80+ Gold,False,ATX,B07WW1XK45,6459378,,,9SIB8AKKCT9704,522055214,150,,,,220-GA-0650-X1,Full,650
c702a3ef-efc3-4ba3-b0a2-542234db9cac,ION+ 560W Platinum,High Power,ION+,,0,c702a3ef-efc3-4ba3-b0a2-542234db9cac.json,,1,1,0,4,0,4,6,,,80+ Platinum,False,ATX,B07VXX4GMV,5597201,,,N82E16817580021,734490379,150,,,,FD-PSU-IONP-560P-BK-EU | FD-PSU-IONP-560P-BK-US | FD-PSU-IONP-560P-BK,Full,560
c71573af-62c6-4e35-ad19-f2eea1aa29c4,Enermax CYBERBRON Black / Silver ATX Certified 600W Non-Modular 80+ Bronze,Enermax,CYBERBRON,600W Bronze,,c71573af-62c6-4e35-ad19-f2eea1aa29c4.json,BLACK | GREY,1,1,0,4,0,2,8,,,80+ Bronze,False,ATX,B08K1TH6HT,,,,,,140,,,,ECB600AWT,Non-Modular,600
c7679885-ed38-47bf-8681-1139d61ecf2a,Cyonic AU-650X 650W 80+ Gold Certified Fully Modular,Cyonic,AU-650X,650W Gold,,c7679885-ed38-47bf-8681-1139d61ecf2a.json,,1,0,0,0,0,0,8,,,80+ Gold,False,ATX,,,,,,,140,,,,AU-650X,Full,650
c7740cd8-6428-48b4-aafc-e8410a5fa791,ADATA XPG CYBERCORE Black / Silver ATX 1300W Fully Modular 80+ Platinum Certified,ADATA,XPG,1300W Platinum,,c7740cd8-6428-48b4-aafc-e8410a5fa791.json,BLACK | GREY,1,2,0,8,0,10,16,,,80+ Platinum,False,ATX,,,,,,,160,,,,CYBERCORE1300P-BKCUS,Full,1300
c7b499d9-fb3e-4e23-bcae-484617c64289,In Win Compact SFX 700W Fully Modular 80+ Gold Certified,In Win,Compact,700W Gold,,c7b499d9-fb3e-4e23-bcae-484617c64289.json,BLACK,1,2,0,4,0,4,8,,,80+ Gold,False,SFX,,,,,,,100,,,,CS-700W | IW-CS700-SFX,Full,700
c7b5a915-1d5a-47ac-bfaa-4f08861966bb,Inter-Tech 88882144 Silver TFX 300W Non-Modular,Inter-Tech,88882144,300W ,,c7b5a915-1d5a-47ac-bfaa-4f08861966bb.json,GREY,1,0,0,2,0,1,3,,,,False,TFX,,,,,,,175,,,,88882144,Non-Modular,300
c7b72a65-6959-4a21-a919-244990b9379a,Corsair CS850M ATX 850W Semi-Modular 80+ Gold Certified,Corsair,CS850M,850W Gold,,c7b72a65-6959-4a21-a919-244990b9379a.json,,1,1,0,8,0,4,8,,,80+ Gold,False,ATX,,,,,,,160,,,,CP-9020086 | CP-9020086-UK | CP-9020086-NA | CP-9020086-EU,Semi-Modular,850
c7be8d61-7c57-42e4-beb5-193e96da256c,Apevia Signature Black 1050W Semi-Modular 80+ Bronze Certified,Apevia,Signature,1050W Bronze,,c7be8d61-7c57-42e4-beb5-193e96da256c.json,BLACK,1,0,0,0,0,0,4,,,80+ Bronze,False,ATX,B0741RKRY5,,,,9SIAA9UJVX6703,773691285,160,,,,ATX-SN1050W,Semi-Modular,1050
c7bf3756-b74f-45dc-95fd-7037919ac349,Rosewill VALENS-600 600W Non-Modular 80+ Gold,Rosewill,VALENS-600,600W Gold,,c7bf3756-b74f-45dc-95fd-7037919ac349.json,,1,1,0,4,0,2,6,,,80+ Gold,False,ATX,B00PGV4Q62,,,,,,160,,,,VALENS-600,Non-Modular,600
c7cd1660-30b6-45cf-a816-6192195126cd,Fractal Design Ion+ 660W - 80 Plus Platinum Certified 860w Full Modular ATX Power Supply with UltraFlex DC Wires – ATX -140 mm Silent Fan with FDB Bearings – Zero RPM Mode - Black,Fractal Design,Ion+,,2019,c7cd1660-30b6-45cf-a816-6192195126cd.json,,1,1,0,4,0,4,10,,,80+ Platinum,False,ATX,B07VWXGVSQ,5597201,,,,730996647,150,,,,FD-PSU-IONP-660P-BK-US,Full,660
c7ea5a90-9d44-4a4b-962c-1454cfe7f0f0,Silverstone NJ450-SXL Fanless SFX 450W Fully Modular 80+ Platinum Certified,Silverstone,NJ450-SXL,450W Platinum,,c7ea5a90-9d44-4a4b-962c-1454cfe7f0f0.json,BLACK | BLUE,1,1,0,3,0,4,8,,,80+ Platinum,True,SFX,,,,,,,130,,,,SST-NJ450-SXL,Full,450
c7ebc651-2bfe-4b96-9787-8baf4cbf1185,Enermax REVOLUTION ATX 3.0 ATX 1000W Fully Modular 80+ Gold Certified,Enermax,REVOLUTION,1000W Gold,,c7ebc651-2bfe-4b96-9787-8baf4cbf1185.json,BLACK | WHITE,1,2,0,4,1,4,12,,,80+ Gold,False,ATX,,,,,,,150,,,,ERA1000EWT,Full,1000
c7ed2171-6426-4c68-94d7-fce53df8d1f3,Asus ROG Strix Aura Edition Black 1000W Fully Modular 80+ Gold Certified,Asus,ROG,1000W Gold,,c7ed2171-6426-4c68-94d7-fce53df8d1f3.json,BLACK,1,0,0,0,0,0,5,,,80+ Gold,False,ATX,B0CCG8S1VL,,,,N82E16817320038,1551492997,180,,,,ROG-STRIX-1000G-AURA-GAMING | 90YE00P1-B0NA00,Full,1000
c7fdb0ea-7c11-41cb-bf28-5fba13492a2a,Chieftec GPS-600A8 ATX 600W Non-Modular 80+ Certified,Chieftec,GPS-600A8,600W 80+,,c7fdb0ea-7c11-41cb-bf28-5fba13492a2a.json,,1,1,0,2,0,2,4,,,80+,False,ATX,,,,,,,140,,,,GPS-600A8,Non-Modular,600
c8160fa3-9fc4-468f-8a9f-0bffb2fc3ad6,Topower TOP-600WB Certified ATX 600W Non-Modular 80+ Bronze,Topower,TOP-600WB,600W Bronze,,c8160fa3-9fc4-468f-8a9f-0bffb2fc3ad6.json,,1,1,0,6,0,1,6,,,80+ Bronze,False,ATX,,,,,,,,,,,TOP-600WB,Non-Modular,600
c81922cf-90d7-437f-99f4-267cbb79671e,Cooler Master Thunder ATX 600W Non-Modular,Cooler Master,Thunder,600W ,,c81922cf-90d7-437f-99f4-267cbb79671e.json,,1,1,0,3,0,2,6,,,,False,ATX,,,,,,,140,,,,RS-600-ACAB-D3 | RS600-ACAB-D3-AU,Non-Modular,600
c825b694-ebbe-4669-9b4b-6be9ea0efadb,Silverstone SX650-G SFX 650W Fully Modular 80+ Gold Certified,Silverstone,SX650-G,650W Gold,,c825b694-ebbe-4669-9b4b-6be9ea0efadb.json,BLACK,1,0,0,0,0,0,6,,,80+ Gold,False,SFX,B075M5T9Q8,,,,N82E16817256203,315998896,100,,,,SST-SX650-G | SX650-G,Full,650
c8764aa7-b2b2-465a-9e23-d1a13115411c,FSP Group SAGA+ 450R 450W Non-Modular,FSP Group,SAGA+,450W ,,c8764aa7-b2b2-465a-9e23-d1a13115411c.json,,1,0,0,6,0,0,2,,,,False,ATX,,,,,,,140,,,,SAGA+ 450R,Non-Modular,450
c88aba76-ac5d-4c22-81eb-d35bf0268ad3,Cooler Master MWE White V2 230V ATX 750W Non-Modular 80+ Certified,Cooler Master,MWE,750W 80+,,c88aba76-ac5d-4c22-81eb-d35bf0268ad3.json,BLACK | WHITE,1,2,0,3,0,4,6,,,80+,False,ATX,,,,,,,140,,,,MPE-7501-ACABW | MPE-7501-ACABW-EU | MPE-7501-ACABW-UK | MPE-7501-ACABW-US | MPE-7501-ACABW-AU,Non-Modular,750
c88b9b2e-85cf-4a1b-9348-2ce12a16be62,EVGA SuperNOVA 750 P5 750W 80+ Platinum Certified Fully Modular,EVGA,SuperNOVA,750W Platinum,,c88b9b2e-85cf-4a1b-9348-2ce12a16be62.json,BLACK | GREEN,1,2,0,4,0,6,9,,,80+ Platinum,False,ATX,,,,,,,150,,,,220-P5-0750-X1,Full,750
c8aaf410-3abc-4631-8936-e6ab56324bd7,EVGA 600 BQ 600W Semi-Modular 80+ Bronze Certified,EVGA,600,600W Bronze,,c8aaf410-3abc-4631-8936-e6ab56324bd7.json,,1,0,0,0,0,0,6,,,80+ Bronze,False,ATX,B01MTJTO2O,,,,9SIB8AKKC47951,412086483,140,,,,110-BQ-0600-K1 | 110-BQ-0600-K2 | 110-BQ-0600-K3,Semi-Modular,600
c8bbf456-f709-4412-b150-fe23b2cf7115,Thermaltake Toughpower Grand RGB Black 1200W 80+ Platinum Certified Fully Modular,Thermaltake,Toughpower,1200W Platinum,,c8bbf456-f709-4412-b150-fe23b2cf7115.json,BLACK,1,2,0,8,0,8,12,,,80+ Platinum,False,ATX,B077Z6DSXT,,,,9SIAH8WJRP1521,588410096,180,,,,TPG-1200F1FAPU-1 | PS-TPG-1200F1FAPU-1,Full,1200
c8c693dd-a118-438d-9b69-fe0758eac107,Asus TUF Gaming B Black 550W Non-Modular 80+ Bronze,Asus,TUF,550W Bronze,,c8c693dd-a118-438d-9b69-fe0758eac107.json,BLACK,1,0,0,0,0,0,5,,,80+ Bronze,False,ATX,B08MV9694K,,,,N82E16817320010,401714287,150,,,,TUF GAMING 550B,Non-Modular,550
c8da099c-722c-45c9-956d-00119c288bc6,Tacens AP II Black / Green 500W Non-Modular,Tacens,AP,500W ,,c8da099c-722c-45c9-956d-00119c288bc6.json,BLACK | GREEN,1,0,0,2,0,0,2,,,,False,ATX,,,,,,,140,,,,APII500,Non-Modular,500
c8f2deb5-eb43-4a6c-bc54-0b006560d99f,Athena Power AP-MFATX22 Silver Mini-ITX 220W Non-Modular,Athena Power,AP-MFATX22,220W ,,c8f2deb5-eb43-4a6c-bc54-0b006560d99f.json,GREY,1,0,0,2,0,0,2,,,,False,Mini-ITX,,,,,,,150,,,,AP-MFATX22,Non-Modular,220
c8f57cbc-490d-401a-beec-0ade2663ab38,Apex SL-275TFX TFX 275W Non-Modular,Apex,SL-275TFX,275W ,,c8f57cbc-490d-401a-beec-0ade2663ab38.json,,1,0,0,2,0,0,2,,,,False,TFX,B000TFQ5HI,,,,,,146,,,,SL-275TFX,Non-Modular,275
c9041b62-f10a-46da-a7bf-fa45fdef1a0a,Enermax EPM600AWT 600W 80+ Platinum Semi-Modular,Enermax,EPM600AWT,600W Platinum,,c9041b62-f10a-46da-a7bf-fa45fdef1a0a.json,,1,1,0,8,0,4,8,,,80+ Platinum,False,ATX,,,,,,,,,,,EPM600AWT,Semi-Modular,600
c91b95e4-cf62-4149-a4f7-44c2afeee0c4,FSP Group Hydro PTM PRO Black 750W 80+ Platinum Fully Modular,FSP Group,Hydro,750W Platinum,,c91b95e4-cf62-4149-a4f7-44c2afeee0c4.json,BLACK,1,2,0,5,0,6,14,,,80+ Platinum,False,ATX,,,,,1HU-0095-000N7,,170,,,,HPT2-750M,Full,750
c9399b3a-5455-458f-8fdc-cb2f179e634b,Antec VP PLUS Black 700W Non-Modular 80+,Antec,VP,700W 80+,,c9399b3a-5455-458f-8fdc-cb2f179e634b.json,BLACK,1,1,0,2,0,4,7,,,80+,False,ATX,,,,,,,140,,,,VP700P PLUS | V3000A104-18 | 0-761345-11659-6 | 0-761345-11657-2,Non-Modular,700
c951d41a-3148-4c1a-a9b2-7376ff8b4c47,Phanteks AMP GH Black 850W Fully Modular 80+ Gold Certified,Phanteks,AMP,850W Gold,,c951d41a-3148-4c1a-a9b2-7376ff8b4c47.json,BLACK,1,2,0,2,1,3,10,,,80+ Gold,False,ATX,,,,,,,140,,,,PH-P850GH_BK01 | PH-P850GH_BK01_UK | PH-P850GH_BK01_EU,Full,850
c957256b-5e2e-4a99-9514-244f86fc0e68,Corsair CX-430 V3 ATX 430W Non-Modular 80+ Bronze Certified,Corsair,CX-430,430W Bronze,,c957256b-5e2e-4a99-9514-244f86fc0e68.json,,1,0,0,0,0,0,4,,,80+ Bronze,False,ATX,,,,,,,140,,,,CMPSU-430CXv3,Non-Modular,430
c96a6afd-443b-4c4c-8a42-51c4f79c0f9a,GameMax GX-650 Black 650W 80+ Gold Fully Modular,GameMax,GX-650,650W Gold,,c96a6afd-443b-4c4c-8a42-51c4f79c0f9a.json,BLACK,1,2,0,3,0,4,6,,,80+ Gold,False,ATX,,,,,,,160,,,,GX-650 Modular,Full,650
c96b47de-aeb3-44c5-a7e0-1ce7fdb28b69,Super Flower Leadex Platinum 1600W Fully Modular 80+ Platinum Certified,Super Flower,Leadex,1600W Platinum,,c96b47de-aeb3-44c5-a7e0-1ce7fdb28b69.json,BLACK,1,2,0,5,0,9,14,,,80+ Platinum,False,ATX,B00SKAW532,,,,1HU-024C-00015,,220,,,,SF-1600F14HP | SF-1600F14HP(BK) | SF-1600F14HP-BK,Full,1600
c96f0b22-00d5-4294-b02e-803803040321,SeaSonic VERTEX GX White 1200W Fully Modular 80+ Gold Certified,SeaSonic,VERTEX,1200W Gold,,c96f0b22-00d5-4294-b02e-803803040321.json,WHITE,1,2,0,3,1,3,18,,,80+ Gold,False,ATX,,,,,,,160,,,,VERTEX GX-1200 White,Full,1200
c9b449c4-10ef-40ca-931e-5f028cb30ab5,Gigabyte GP-P450B 450W 80 PLUS Bronze Power Supply,Gigabyte,GP-P450B,,2020,c9b449c4-10ef-40ca-931e-5f028cb30ab5.json,,1,1,1,3,0,2,6,,,80+ Bronze,False,ATX,B08DK7YPX4,,,,9SIAPH8KCD0650,272925520,140,,,,GP-P450B,Non-Modular,450
c9b57feb-2e44-4134-9f82-e3b562f29e5b,Rosewill SL-300TFX Silver TFX 300W Non-Modular,Rosewill,SL-300TFX,300W ,,c9b57feb-2e44-4134-9f82-e3b562f29e5b.json,GREY,1,0,0,2,0,0,1,,,,False,TFX,,,,,,,146,,,,SL-300TFX,Non-Modular,300
c9bc2e63-e2ec-4b5a-bbf0-3767320cbdca,Thermaltake Smart W3 Black 600W Non-Modular 80+ Certified,Thermaltake,Smart,600W 80+,,c9bc2e63-e2ec-4b5a-bbf0-3767320cbdca.json,BLACK,1,0,0,0,0,0,2,,,80+,False,ATX,B0D4Y6TLSX,6626427,,,N82E16817153469,6425468290,140,,,,PS-SPW-0600NNFAWU-1,Non-Modular,600
c9c48305-931a-4728-9304-92ef26b27381,Fractal Design Ion+ 2 Platinum Black 560W Fully Modular 80+ Platinum Certified,Fractal Design,Ion+,560W Platinum,,c9c48305-931a-4728-9304-92ef26b27381.json,BLACK,1,2,0,4,0,6,10,,,80+ Platinum,False,ATX,B094D2L9NJ,,,,,571153423,150,,,,FD-P-IA2P-560 | FD-P-IA2P-560-UK | FD-P-IA2P-560-AU | FD-P-IA2P-560-EU,Full,560
c9d11019-fcde-4e97-8bb3-9b2a530c9033,Zalman TXII Black Certified ATX 500W Non-Modular 80+ Certified,Zalman,TXII,500W 80+,,c9d11019-fcde-4e97-8bb3-9b2a530c9033.json,BLACK,1,1,0,3,0,2,6,,,80+,False,ATX,,,,,,,140,,,,ZM500-TXII,Non-Modular,500
c9d1bcfd-2c1a-435c-b1df-edd2aed2eb10,KOLINK KL-500 Black 500W Non-Modular 80+ Bronze Certified,KOLINK,KL-500,500W Bronze,,c9d1bcfd-2c1a-435c-b1df-edd2aed2eb10.json,BLACK,1,1,0,3,0,2,4,,,80+ Bronze,False,ATX,,,,,,,150,,,,KL-500,Non-Modular,500
ca2b3ebb-60d3-43c3-a507-3d18b8b23452,Antec EarthWatts Platinum 550W Non-Modular 80+ Platinum Certified,Antec,EarthWatts,550W Platinum,,ca2b3ebb-60d3-43c3-a507-3d18b8b23452.json,,1,1,0,4,0,2,5,,,80+ Platinum,False,ATX,,,,,,,139,,,,EA-550 | EA-550 Platinum,Non-Modular,550
ca3b849b-5bae-47fc-a080-fafa84c2351f,FSP Group ATX400-PNT ATX 400W Non-Modular,FSP Group,ATX400-PNT,400W ,,ca3b849b-5bae-47fc-a080-fafa84c2351f.json,,1,0,0,4,0,0,2,,,,False,ATX,,,,,,,,,,,ATX400-PNT,Non-Modular,400
ca4b3253-31d4-42fb-aaa4-598016db6236,Silverstone Strider Platinum 750W Fully Modular 80+ Platinum Certified,Silverstone,Strider,750W Platinum,,ca4b3253-31d4-42fb-aaa4-598016db6236.json,,1,1,0,6,0,4,8,,,80+ Platinum,False,ATX,B016XMO12G,,,,,,140,,,,ST75F-PT | SST-ST75F-PT | PS-ST75F-PT,Full,750
ca8b8af6-cc9e-4887-8c54-56361da978e3,Topower TOP-900W 900W Fully Modular 80+ Certified,Topower,TOP-900W,900W 80+,,ca8b8af6-cc9e-4887-8c54-56361da978e3.json,,1,1,0,4,0,2,12,,,80+,False,ATX,,,,,,,175,,,,TOP-900W,Full,900
caca8e71-f4bb-409a-abbc-ff7456c31fb8,EVGA 500 W1 500W 80+ Certified Non-Modular,EVGA,500,500W 80+,,caca8e71-f4bb-409a-abbc-ff7456c31fb8.json,,1,0,0,0,0,0,6,,,80+,False,ATX,B00H33SFJU,,,,N82E16817438016,47463776,139,,,,100-W1-0500-KR | 100-W1-0500-K2 | 100-W1-0500-K3 | 4250812401779,Non-Modular,500
cae3c46b-7753-4531-b58e-6ad22dc9bd3d,Rosewill Fortress ATX 650W Non-Modular 80+ Platinum Certified,Rosewill,Fortress,650W Platinum,,cae3c46b-7753-4531-b58e-6ad22dc9bd3d.json,,1,0,0,0,0,0,8,,,80+ Platinum,False,ATX,,,,,,,165,,,,FORTRESS-650,Non-Modular,650
cb0039c2-1b46-4d86-957c-9ae490a9f901,PC Power & Cooling Silencer Mk II 750W Non-Modular 80+ Silver Certified,PC Power & Cooling,Silencer,750W Silver,,cb0039c2-1b46-4d86-957c-9ae490a9f901.json,,1,1,0,7,0,2,8,,,80+ Silver,False,ATX,,,,,,,160,,,,PPCMK2S750,Non-Modular,750
cb09ef25-22b9-4694-a985-5e2a216a1fc3,SeaSonic PRIME Ultra Titanium ATX 1000W Fully Modular 80+ Titanium Certified,SeaSonic,PRIME,1000W Titanium,,cb09ef25-22b9-4694-a985-5e2a216a1fc3.json,,1,2,0,5,0,8,14,,,80+ Titanium,False,ATX,B075M8FH4C,,,,,,170,,,,SSR-1000TR,Full,1000
cb13e43e-33c6-4a92-b864-cac368e9a969,FSP Group VITA-1000GM White 1000W Fully Modular 80+ Gold,FSP Group,VITA-1000GM,1000W Gold,,cb13e43e-33c6-4a92-b864-cac368e9a969.json,WHITE,1,2,0,4,1,4,8,,,80+ Gold,False,ATX,,,,,,,140,,,,VITA-1000GM (White Edition),Full,1000
cb43052c-5652-4c57-b8ab-4ab379f052f3,Silverstone Strider 750W Fully Modular 80+ Gold,Silverstone,Strider,750W Gold,,cb43052c-5652-4c57-b8ab-4ab379f052f3.json,,1,2,0,6,0,4,8,,,80+ Gold,False,ATX,,,,,,,150,,,,ST75F-GS | SST-ST75F-GS,Full,750
cb43e19b-60c6-453b-b61f-de21e7d1332e,Gigabyte P550SS Black 550W Non-Modular 80+ Silver Certified ATX,Gigabyte,P550SS,550W Silver,,cb43e19b-60c6-453b-b61f-de21e7d1332e.json,BLACK,1,0,0,0,0,0,5,,,80+ Silver,False,ATX,B0CY8Y4QYJ,,,,,,140,,,,GP-P550SS | GP-P550B,Non-Modular,550
cb56450c-a6d6-45dd-828b-aa0aaa03cadc,SHARKOON SilentStorm Icewind Black 750W Semi-Modular 80+ Bronze Certified,SHARKOON,SilentStorm,750W Bronze,,cb56450c-a6d6-45dd-828b-aa0aaa03cadc.json,BLACK,1,1,0,3,0,4,9,,,80+ Bronze,False,ATX,,,,,,,160,,,,SilentStorm Icewind black 750 Watt,Semi-Modular,750
cb6dad5d-4c9c-4c40-9c4e-2ce12f6c45f3,SeaSonic PRIME Platinum 650W 80+ Platinum Fully Modular,SeaSonic,PRIME,650W Platinum,,cb6dad5d-4c9c-4c40-9c4e-2ce12f6c45f3.json,,1,1,0,3,0,4,6,,,80+ Platinum,False,ATX,,,,,,,170,,,,SSR-650PD,Full,650
cb6f50a8-1cd0-4103-9ed7-c40294a83a8b,G.Skill MB750G Black 750W Fully Modular 80+ Gold,G.Skill,MB750G,750W Gold,,cb6f50a8-1cd0-4103-9ed7-c40294a83a8b.json,BLACK,1,1,0,3,0,2,9,,,80+ Gold,False,ATX,,,,,,,140,,,,GP-GD750A-CWMB1,Full,750
cb6f68e1-2e36-43b0-9b32-7ff2a7489c59,Corsair SF450 Black SFX 450W 80+ Platinum Fully Modular,Corsair,SF450,450W Platinum,,cb6f68e1-2e36-43b0-9b32-7ff2a7489c59.json,BLACK,1,0,0,0,0,0,4,,,80+ Platinum,False,SFX,,,,,,,100,,,,CP-9020181-NA | CP-9020181-UK | CP-9020181-AR | CP-9020181-EU,Full,450
cb82594e-9c3d-4ab5-b271-6111acea8e97,Cougar GEX 650W Fully Modular 80+ Gold Certified ATX,Cougar,GEX,650W Gold,,cb82594e-9c3d-4ab5-b271-6111acea8e97.json,BLACK,1,2,0,6,0,4,8,,,80+ Gold,False,ATX,,,,,,,160,,,,GEX650 | 31GE065002P01,Full,650
cb87f914-d095-4b9b-81e8-c05bb36c8ad0,Diablotek PSUL675 ATX 675W Non-Modular,Diablotek,PSUL675,675W ,,cb87f914-d095-4b9b-81e8-c05bb36c8ad0.json,,1,2,0,6,0,2,6,,,,False,ATX,,,,,,,160,,,,PSUL675,Non-Modular,675
cbafa801-d334-4382-be74-c2f989e418e1,RIOTORO ENIGMA G2 Black / Yellow 850W Fully Modular 80+ Gold Certified,RIOTORO,ENIGMA,850W Gold,,cbafa801-d334-4382-be74-c2f989e418e1.json,BLACK | YELLOW,1,2,0,5,0,6,10,,,80+ Gold,False,ATX,,,,,,,180,,,,PR-GP0850-FMG2-UK,Full,850
cbb3a59f-0fed-4bb2-82a3-3b60bf5bcd7a,MSI MAG A650BN EVA e-PROJECT Black / Purple Certified ATX 650W Non-Modular 80+ Bronze,MSI,MAG,650W Bronze,,cbb3a59f-0fed-4bb2-82a3-3b60bf5bcd7a.json,BLACK | PURPLE,1,1,0,2,0,2,5,,,80+ Bronze,False,ATX,,,,,,,140,,,,MAG A650BN EVA e-PROJECT,Non-Modular,650
cbb6140a-edb8-4e39-a23d-59cb35a71f6d,Kingwin ABT-750MM ATX 750W Non-Modular,Kingwin,ABT-750MM,750W ,,cbb6140a-edb8-4e39-a23d-59cb35a71f6d.json,,1,1,0,5,0,1,5,,,,False,ATX,,,,,,,146,,,,ABT-750MM,Non-Modular,750
cbbd16ad-3947-41d1-9a15-e2265cb22555,Montech TITAN PLA 1000W Fully Modular 80+ Platinum Certified,Montech,TITAN,1000W Platinum,,cbbd16ad-3947-41d1-9a15-e2265cb22555.json,WHITE,1,2,0,4,1,2,12,,,80+ Platinum,False,ATX,B0DKVBFVL6,,,,N82E16817959006,,160,,,,TITAN PLA 1000W | TITAN PLA 1000 | TITANPLA1000WW,Full,1000
cc1506c5-2a50-4e06-b8d7-0261edf6fe3b,SAMA GT Black 850W Fully Modular 80+ Gold Certified ATX,SAMA,GT,850W Gold,,cc1506c5-2a50-4e06-b8d7-0261edf6fe3b.json,BLACK,1,0,0,0,0,0,6,,,80+ Gold,False,ATX,,,,,1HU-02S6-00058,,140,,,,GT850-BKGFFXX1-US,Full,850
cc16ea69-ace8-4f20-b911-ed54b16ec983,Seasonic VERTEX GX-1000 Black / Silver ATX 1000W Fully Modular 80+ Gold,SeaSonic,VERTEX,1000W Gold,,cc16ea69-ace8-4f20-b911-ed54b16ec983.json,BLACK | GREY,1,0,0,0,0,0,18,,,80+ Gold,False,ATX,B0BQRCD834,,,,N82E16817320022,3806973263,160,,,,VERTEX GX-1000 | Vertex GX-1000,Full,1000
cc1ec875-ca5d-435b-9c28-0f738f956daf,Enermax RevoBron ATX 600W Semi-Modular 80+ Bronze Certified,Enermax,RevoBron,600W Bronze,,cc1ec875-ca5d-435b-9c28-0f738f956daf.json,,1,1,0,4,0,1,8,,,80+ Bronze,False,ATX,,,,,,,140,,,,ERB600AWT,Semi-Modular,600
cc59bd67-1aea-4f2e-a340-81bf6114b107,Rosewill Quark ATX 850W Fully Modular 80+ Platinum Certified,Rosewill,Quark,850W Platinum,,cc59bd67-1aea-4f2e-a340-81bf6114b107.json,,1,2,0,4,0,6,10,,,80+ Platinum,False,ATX,,,,,,,180,,,,Quark 850,Full,850
cc638bbc-373c-46f9-bc87-b1d3009da709,Silverstone Strider 650 W 80+ Gold Certified Fully Modular ATX Power Supply,Silverstone,Strider Gold S,ST65F-G,2018,cc638bbc-373c-46f9-bc87-b1d3009da709.json,,1,1,2,6,0,2,8,,,80+ Gold,False,ATX,B07K64NGSN,,,,1HU-00RG-00093,951568400,140,,,,RNAB07K64NGSN | SST-ST65F-GS,Full,650
cc7b019d-94f0-4c3f-9541-6e24c690e74a,Rosewill PHOTON-750 750W Fully Modular 80+ Gold,Rosewill,PHOTON-750,750W Gold,,cc7b019d-94f0-4c3f-9541-6e24c690e74a.json,,1,1,0,4,0,4,8,,,80+ Gold,False,ATX,,,,,,,160,,,,PHOTON-750,Full,750
cc81edbc-a08c-4f4a-aa84-f15e29397703,Cooler Master G Gold 750 V2 Black 750W Non-Modular 80+ Gold,Cooler Master,G,750W Gold,,cc81edbc-a08c-4f4a-aa84-f15e29397703.json,BLACK,1,0,0,0,0,0,6,,,80+ Gold,False,ATX,,,,,,,140,,,,MPE-7502-ACAAG-US | MPE-7502-ACAAG-ST | MPE-7502-ACAAG-JP | MPE-7502-ACAAG-UK | MPE-7502-ACAAG-EU | MPE-7502-ACAAG-AU | MPE-7502-ACAAG-TW | MPE-7502-ACAAG-KR | MPE-7502-ACAAG-IN | MPE-7502-ACAAG-BR,Non-Modular,750
cc894608-7e87-40ed-a3f0-cd31a5690d3f,VisionTek 900488 ATX 550W Fully Modular,VisionTek,900488,550W ,,cc894608-7e87-40ed-a3f0-cd31a5690d3f.json,,1,0,0,0,0,0,4,,,,False,ATX,B006TTQE3S,,,,,,,,,,900488,Full,550
cc8d8e9b-a51d-46ef-8823-f6e741a391bf,Xigmatek ACXTNRP-PC502 ATX 500W Non-Modular 80+ Bronze Certified,Xigmatek,ACXTNRP-PC502,500W Bronze,,cc8d8e9b-a51d-46ef-8823-f6e741a391bf.json,,1,1,0,0,0,1,0,,,80+ Bronze,False,ATX,,,,,,,160,,,,ACXTNRP-PC502,Non-Modular,500
ccaf3873-07f1-48e3-bca7-4689564c431d,Cooler Master Hyper White Black 500W Non-Modular 80+,Cooler Master,Hyper,500W 80+,,ccaf3873-07f1-48e3-bca7-4689564c431d.json,BLACK,1,1,0,3,0,2,5,,,80+,False,ATX,,,,,,,140,,,,MPE-5001-ACAAN-HUS | MPE-5001-ACAAN-HBR | MPE-5001-ACAAN-HWO,Non-Modular,500
ccccfe3b-eb78-4721-8735-e71462936662,EVGA SuperNOVA 750 G+ 750W 80+ Gold Fully Modular,EVGA,SuperNOVA,750W Gold,,ccccfe3b-eb78-4721-8735-e71462936662.json,BLACK,1,2,0,6,0,4,9,,,80+ Gold,False,ATX,,,,,,,170,,,,120-GP-0750-X1 | 120-GP-0750-X2 | 120-GP-0750-X3,Full,750
cccf5cc0-991e-4303-aa09-7690a3db61d0,E-Power EP-600NE-XV ATX 600W Non-Modular,E-Power,EP-600NE-XV,600W ,,cccf5cc0-991e-4303-aa09-7690a3db61d0.json,,1,1,0,4,0,1,6,,,,False,ATX,,,,,,,139,,,,EP-600NE-XV,Non-Modular,600
cce94f62-4d45-4cfc-87c2-645eb132d4c3,Thermaltake Toughpower GF A3 TT Premium Edition Black 1200W Fully Modular 80+ Gold,Thermaltake,Toughpower,1200W Gold,,cce94f62-4d45-4cfc-87c2-645eb132d4c3.json,BLACK,1,0,0,0,0,0,12,,,80+ Gold,False,ATX,B0C1JKK1YZ,6566251,,,N82E16817153447,3166586695,140,,,,PS-TPD-1200FNFAGU-L,Full,1200
cceef8a7-3a0a-49b0-93dd-f9d980764788,Silverstone Strider ATX 700W Non-Modular 80+ Bronze Certified,Silverstone,Strider,700W Bronze,,cceef8a7-3a0a-49b0-93dd-f9d980764788.json,,1,1,0,3,0,0,6,,,80+ Bronze,False,ATX,,,,,,,139,,,,ST70F-ESB | SST-ST70F-ESB,Non-Modular,700
cd07070c-2090-41b4-a211-df31bbbcd415,Enermax ENP500AWT ATX 500W Non-Modular 80+,Enermax,ENP500AWT,500W 80+,,cd07070c-2090-41b4-a211-df31bbbcd415.json,,1,1,0,4,0,1,5,,,80+,False,ATX,,,,,,,,,,,ENP500AWT,Non-Modular,500
cd12b1cc-3f5d-4772-85ad-218325d957a9,Nfortec Sagitta RGB 1050W Fully Modular 80+ Gold Certified ATX,Nfortec,Sagitta,1050W Gold,,cd12b1cc-3f5d-4772-85ad-218325d957a9.json,BLACK,1,2,0,3,0,4,10,,,80+ Gold,False,ATX,,,,,,,170,,,,NF-PSU-SAGITTA-1050WM,Full,1050
cd227f35-a197-4ce0-9d4c-360302b7c4ca,Thermaltake EVO_Blue 750W Fully Modular,Thermaltake,EVO_Blue,750W ,,cd227f35-a197-4ce0-9d4c-360302b7c4ca.json,,1,1,0,0,0,0,4,,,,False,ATX,,,,,,,160,,,,W0308RU,Full,750
cd2788b7-7a71-41dc-b39a-af97e1c76cb6,Thermaltake TR2 ATX 600W Non-Modular 80+ Bronze Certified,Thermaltake,TR2,600W Bronze,,cd2788b7-7a71-41dc-b39a-af97e1c76cb6.json,,1,1,0,6,0,1,6,,,80+ Bronze,False,ATX,,,,,,,140,,,,TR-600P,Non-Modular,600
cd420eb5-ba70-4272-bc71-b737d080e922,GameMax GP ATX 650W Non-Modular 80+ Bronze Certified,GameMax,GP,650W Bronze,,cd420eb5-ba70-4272-bc71-b737d080e922.json,BLACK,1,1,0,3,0,2,5,,,80+ Bronze,False,ATX,B08722X8PG,,,,,,158,,,,GP-650,Non-Modular,650
cd48a5b7-33d1-4360-8592-4548420b9006,Enermax EPG600AWT ATX 600W Non-Modular 80+ Gold,Enermax,EPG600AWT,600W Gold,,cd48a5b7-33d1-4360-8592-4548420b9006.json,,1,1,0,6,0,4,7,,,80+ Gold,False,ATX,,,,,,,160,,,,EPG600AWT,Non-Modular,600
cd71034d-fc11-497d-83b3-9953f49ce39f,SHARKOON SilentStorm SFX 500W Fully Modular 80+ Gold Certified,SHARKOON,SilentStorm,500W Gold,,cd71034d-fc11-497d-83b3-9953f49ce39f.json,BLACK,1,1,0,2,0,2,4,,,80+ Gold,False,SFX,B00W4IVXFW,,,,,,130,,,,4044951016419 | FA10312056,Full,500
cd7b9b35-8ca6-487f-8b7b-c21fd8b019ab,Cooler Master MWE Gold 750W Fully Modular 80+ Gold Certified,Cooler Master,MWE,750W Gold,,cd7b9b35-8ca6-487f-8b7b-c21fd8b019ab.json,BLACK,1,1,0,6,0,4,8,,,80+ Gold,False,ATX,,,,,,,140,,,,MPY-7501-AFAAG-US,Full,750
cd80e6df-7d4e-4261-9506-5d55d811bc74,Gigabyte UD1300GM PG5 Black 1300W Fully Modular 80+ Gold Certified,Gigabyte,UD1300GM,1300W Gold,,cd80e6df-7d4e-4261-9506-5d55d811bc74.json,BLACK,1,0,0,0,0,0,12,,,80+ Gold,False,ATX,B0CKLHFCHW,,,,N82E16817233042,2251319596,160,,,,GP-UD1300GM PG5 | S9129512 | 28200-U13GP-1CEUR,Full,1300
cd89fd83-3211-4c64-9d87-b5c4d673462a,Seasonic G12 GM-650 (2024),SeaSonic,G12 GM,,2024,cd89fd83-3211-4c64-9d87-b5c4d673462a.json,,1,2,0,3,0,2,6,,,80+ Gold,False,ATX/EPS,B07WTXYHY5,,,,,,140,,,,G12-GM-650 | G12 GM-650 | FOCUS GM-650,Semi-Modular,650
cda5fde5-8a8a-40e1-a7ef-e07c35d800e7,FSP Group HEXA Black ATX 850W Non-Modular 80+ Bronze Certified,FSP Group,HEXA,850W Bronze,,cda5fde5-8a8a-40e1-a7ef-e07c35d800e7.json,BLACK,1,1,0,2,0,4,8,,,80+ Bronze,False,ATX,,,,,,,140,,,,HEXA 85+ 650W,Non-Modular,850
cdc079c5-c75e-4302-8b49-0f36200c0c6e,RAIJINTEK CRATOS Black ATX 850W Fully Modular 80+ Gold Certified,RAIJINTEK,CRATOS,850W Gold,,cdc079c5-c75e-4302-8b49-0f36200c0c6e.json,BLACK,1,2,0,4,1,3,8,,,80+ Gold,False,ATX,,,,,,,140,,,,0R30B00007 | CRATOS 850 BLACK,Full,850
cdf43e00-1ac8-4a25-8d44-53ac7f9eda53,Rosewill Green 530W Non-Modular 80+ Certified,Rosewill,Green,530W 80+,,cdf43e00-1ac8-4a25-8d44-53ac7f9eda53.json,,1,1,0,6,0,1,6,,,80+,False,ATX,B004GL4UZK,,,,,,139,,,,RG530-S12,Non-Modular,530
cdf875bc-74eb-4fe2-8d2f-60bcf3e45d05,KOLINK Core Black ATX 700W Non-Modular 80+ Certified,KOLINK,Core,700W 80+,,cdf875bc-74eb-4fe2-8d2f-60bcf3e45d05.json,BLACK,1,1,0,3,0,4,5,,,80+,False,ATX,,,,,,,140,,,,KL-C700 | PGW-PS-KOL-015,Non-Modular,700
ce07c6ce-8dde-4274-8aea-e57bd2564c1e,Corsair HX750 ATX 750W Semi-Modular 80+ Gold Certified,Corsair,HX750,750W Gold,,ce07c6ce-8dde-4274-8aea-e57bd2564c1e.json,,1,1,0,8,0,4,12,,,80+ Gold,False,ATX,,,,,,,180,,,,CMPSU-750HX | CMPSU-750HXUK,Semi-Modular,750
ce2b6d6d-1441-41e9-9011-e11fb68cde18,Asus ROG Strix Aura Edition 750W Fully Modular 80+ Gold Certified,Asus,ROG,750W Gold,,ce2b6d6d-1441-41e9-9011-e11fb68cde18.json,BLACK,1,2,0,4,1,3,5,,,80+ Gold,False,ATX,B0BPM8PHDY,,,,N82E16817320040,,180,,,,ROG-STRIX-750G-AURA-GAMING | 90YE00P3-B0NA00,Full,750
ce338d7a-26a6-45c0-8b30-b20dd0eac6d8,be quiet! System Power 9 CM 400W 80+ Bronze Certified Semi-Modular,be quiet!,System,400W Bronze,,ce338d7a-26a6-45c0-8b30-b20dd0eac6d8.json,BLACK,1,0,0,0,0,0,5,,,80+ Bronze,False,ATX,B07V2D48JF,,,,,,140,,,,BN300,Semi-Modular,400
ce4a14a7-2859-4fa7-98e1-5db5a396c983,SeaSonic FOCUS Plus Platinum 850W Fully Modular 80+ Platinum Certified,SeaSonic,FOCUS,850W Platinum,,ce4a14a7-2859-4fa7-98e1-5db5a396c983.json,,1,2,0,5,0,6,10,,,80+ Platinum,False,ATX,B074N9FNV2,,,,,,140,,,,SSR-850PX,Full,850
ce69c606-c67d-4eec-b6ad-c6ad96d864d1,Chieftec Polaris 3.0 Black 1250W Fully Modular 80+ Gold Certified,Chieftec,Polaris,1250W Gold,,ce69c606-c67d-4eec-b6ad-c6ad96d864d1.json,BLACK,1,2,0,4,0,4,12,,,80+ Gold,False,ATX,,,,,,,160,,,,PPS-1250FC-A3,Full,1250
ce93515f-a0dd-422d-bf28-aa488371b50e,Apevia Premier ATX 650W Semi-Modular 80+ Gold Certified,Apevia,Premier,650W Gold,,ce93515f-a0dd-422d-bf28-aa488371b50e.json,BLACK,1,0,0,0,0,0,4,,,80+ Gold,False,ATX,B09425ZHVZ,,,,9SIA1K6K056568,2686632710,160,,,,ATX-PM650W,Semi-Modular,650
ce9d464d-58ac-46cd-ae77-c70cb8cee4c9,Raidmax Vampire 800W Semi-Modular 80+ Gold,Raidmax,Vampire,800W Gold,,ce9d464d-58ac-46cd-ae77-c70cb8cee4c9.json,,1,1,0,6,0,4,8,,,80+ Gold,False,ATX,,,,,,,165,,,,RX-800GH,Semi-Modular,800
ced57e5a-e40f-41aa-8b7f-164d1e307fee,Raidmax RX-850AE ATX 850W Semi-Modular 80+ Gold Certified,Raidmax,RX-850AE,850W Gold,,ced57e5a-e40f-41aa-8b7f-164d1e307fee.json,,1,1,0,8,0,4,8,,,80+ Gold,False,ATX,,,,,,,159,,,,RX-850AE,Semi-Modular,850
cedfdcd5-8b10-4c09-bad9-f648c031aacc,EVGA SuperNOVA 650 G5 ATX 650W Fully Modular 80+ Gold Certified,EVGA,SuperNOVA,650W Gold,,cedfdcd5-8b10-4c09-bad9-f648c031aacc.json,BLACK | GREEN,1,0,0,0,0,0,6,,,80+ Gold,False,ATX,,,,,,,150,,,,220-G5-0650-X1 | 220-G5-0650-X2 | 220-G5-0650-X3,Full,650
cee5ccb7-fc3e-4dbf-8de8-0d5f58de9e7b,"EVGA 110-BQ-0600-K1 600 BQ, 80+ Bronze 600W, Semi Modular, FDB Fan, 3 Year Warranty, Power Supply",EVGA,BQ,600W,0,cee5ccb7-fc3e-4dbf-8de8-0d5f58de9e7b.json,,1,1,1,3,0,2,6,,,80+ Bronze,False,ATX,,,,,N82E16817438084,,140,,,,110-BQ-0650-V1 | 110-BQ-0600-K1,Semi-Modular,600
cf134dbb-08c3-462b-84c4-630214134084,SeaSonic PRIME Ultra Platinum 550W Fully Modular 80+ Platinum Certified,SeaSonic,PRIME,550W Platinum,,cf134dbb-08c3-462b-84c4-630214134084.json,BLACK,1,1,0,3,0,2,6,,,80+ Platinum,False,ATX,,,,,,,140,,,,SSR-550PD2,Full,550
cf21e19a-2cfb-48ad-8179-c7bc5d423aaa,Rosewill PHOTON 1350 1350W Fully Modular 80+ Gold Certified,Rosewill,PHOTON,1350W Gold,,cf21e19a-2cfb-48ad-8179-c7bc5d423aaa.json,BLACK,1,2,0,4,0,10,16,,,80+ Gold,False,ATX,,,,,,,180,,,,PHOTON 1350,Full,1350
cf2fb123-210b-413e-9b3d-ed649c841a6d,Corsair TX750M Gold 750W Semi-Modular 80+ Gold Certified,Corsair,TX750M,750W Gold,,cf2fb123-210b-413e-9b3d-ed649c841a6d.json,,1,0,0,0,0,0,8,,,80+ Gold,False,ATX,B00FZLD2O0,,,,,730741004,140,,,,CP-9020131-NA | CP-9020131-UK | TX750M,Semi-Modular,750
cf41e687-51f8-4b64-8ace-0ceafa859e68,be quiet! Straight Power E9 580W 80+ Gold Semi-Modular,be quiet!,STRAIGHT,580W Gold,,cf41e687-51f8-4b64-8ace-0ceafa859e68.json,,1,1,0,4,0,4,8,,,80+ Gold,False,ATX,,,,,,,160,,,,BN198,Semi-Modular,580
cf5d27ed-33ed-4424-8417-e031a7448380,FSP Group FSP400-60GHS(85)-R SFX 400W Non-Modular 80+ Bronze Certified,FSP Group,FSP400-60GHS(85)-R,400W Bronze,,cf5d27ed-33ed-4424-8417-e031a7448380.json,BLACK,1,1,0,3,0,1,3,,,80+ Bronze,False,SFX,,,,,,,100,,,,FSP400-60GHS(85)-R,Non-Modular,400
cf6976be-fa2e-4236-a5cb-97c1809d59ab,Cooler Master Silent Pro M 600W Fully Modular 80+ Certified,Cooler Master,Silent,600W 80+,,cf6976be-fa2e-4236-a5cb-97c1809d59ab.json,,1,1,0,5,0,2,9,,,80+,False,ATX,,,,,,,150,,,,RS-600-AMBA-D3,Full,600
cf7a5ae9-0944-48a5-b183-f9e24713ebd7,Corsair RM550x (2021) 550 W 80+ Gold Certified Fully Modular ATX PSU,Corsair,RM550x,(2021),2021,cf7a5ae9-0944-48a5-b183-f9e24713ebd7.json,,1,1,0,4,0,2,7,,,80+ Gold,False,ATX,B08R4WJR15,,,,N82E16817139269,751883539,160,,,,CP-9020197-NA,Full,550
cf7b2174-fa45-40b1-8fb9-7d413ff93e9a,Thermaltake Toughpower GF3 TT Premium 1000W Fully Modular 80+ Gold Certified,Thermaltake,Toughpower,1000W Gold,,cf7b2174-fa45-40b1-8fb9-7d413ff93e9a.json,BLACK,1,0,0,0,0,0,12,,,80+ Gold,False,ATX,B0BF3R83W8,6535778,,,N82E16817153437,1836782061,160,,,,PS-TPD-1000FNFAGU-4 | PS-TPD-1000FNFAGE-4 | PS-TPD-1000FNFAGA-4,Full,1000
cf7b7f4d-9b59-422e-bfb6-02b515a4d8d6,Cooler Master i600 ATX 600W Non-Modular 80+ Bronze Certified,Cooler Master,i600,600W Bronze,,cf7b7f4d-9b59-422e-bfb6-02b515a4d8d6.json,,1,1,0,3,0,2,6,,,80+ Bronze,False,ATX,,,,,,,139,,,,RS600-ACAAB1-US,Non-Modular,600
cf8b1c07-c48e-4bcf-96f3-5786bb329af0,Deepcool PX1000P Black / Silver ATX 1000W Fully Modular 80+ Platinum Certified,DeepCool,PX1000P,1000W Platinum,,cf8b1c07-c48e-4bcf-96f3-5786bb329af0.json,BLACK | GREY,1,2,0,4,1,5,8,,,80+ Platinum,False,ATX,,,,,,,160,,,,R-PXA00P-FC0B-US | R-PXA00P-FC0B-WO | R-PXA00P-FC0B-BP | R-PXA00P-FC0B-UK | R-PXA00P-FC0B-EU | R-PXA00P-FC0B-AU,Full,1000
cf9d8bff-d890-4125-832b-1f37f8b112c0,Inter-Tech Argus RGB II Black 500W Non-Modular 80+ Bronze Certified,Inter-Tech,Argus,500W Bronze,,cf9d8bff-d890-4125-832b-1f37f8b112c0.json,BLACK,1,0,0,0,0,0,4,,,80+ Bronze,False,ATX,B097DRSGZR,,,,,,160,,,,88882192,Non-Modular,500
cfa932b9-ebd5-4b85-a49c-0215b37f649b,FSP Group Hydro PTM PRO Black 1000W Fully Modular 80+ Platinum Certified,FSP Group,Hydro,1000W Platinum,,cfa932b9-ebd5-4b85-a49c-0215b37f649b.json,BLACK,1,3,0,5,0,8,14,,,80+ Platinum,False,ATX,,,,,,,190,,,,HPT2-1000M,Full,1000
cfc5fe8f-cc05-40f2-9c81-d795a593b6b5,Rosewill Stallion 450W Non-Modular,Rosewill,Stallion,450W ,,cfc5fe8f-cc05-40f2-9c81-d795a593b6b5.json,,1,1,0,2,0,0,4,,,,False,ATX,,,,,,,140,,,,RD450-2-SB,Non-Modular,450
cfd8c42c-2b23-4fbf-865a-d6518480f7a0,Enermax MarbleBron RGB 850W Semi-Modular 80+ Bronze Certified,Enermax,MarbleBron,850W Bronze,,cfd8c42c-2b23-4fbf-865a-d6518480f7a0.json,BLACK,1,2,0,4,0,4,8,,,80+ Bronze,False,ATX,,,,,,,140,,,,EMB850EWT-RGB,Semi-Modular,850
cff0dea1-c7dd-46a9-90c9-0b645343d396,Super Flower Zillion FG Black 850W Fully Modular 80+ Gold,Super Flower,Zillion,850W Gold,,cff0dea1-c7dd-46a9-90c9-0b645343d396.json,BLACK,1,0,0,0,0,0,8,,,80+ Gold,False,ATX,,,,,1HU-024C-00075,,140,,,,SF-850Z12FG,Full,850
cff4735e-7a45-40ab-a5e7-2a6acb6662e3,Apex AL-8250SFX SFX 250W Non-Modular,Apex,AL-8250SFX,250W ,,cff4735e-7a45-40ab-a5e7-2a6acb6662e3.json,,1,0,0,3,0,0,2,,,,False,SFX,B004O9U9M2,,,,,,100,,,,AL-8250SFX,Non-Modular,250
d011bb2a-13f8-4fda-bc7f-ede3a514cda0,Silverstone Strider Titanium 600W Fully Modular 80+ Titanium Certified,Silverstone,Strider,600W Titanium,,d011bb2a-13f8-4fda-bc7f-ede3a514cda0.json,,1,1,0,3,0,2,8,,,80+ Titanium,False,ATX,,,,,,,150,,,,ST60F-TI | PS-ST60F-TI | SST-ST60F-TI,Full,600
d01770a9-7166-4b22-b039-0db0085b5cc2,"GAMEMAX 750W RGB Power Supply, 80 Plus Gold, Fully Modular, RGB-750",sohoo,gamemax,,0,d01770a9-7166-4b22-b039-0db0085b5cc2.json,,0,2,0,3,0,2,8,,,80+ Gold,False,ATX,B083RR7GBT,5597201,,,,,170,,,,RGB-750,Full,750
d0221e5d-fc58-42b6-8a0d-19e4399bf6cc,Thermaltake EVO_Blue ATX 650W Fully Modular,Thermaltake,EVO_Blue,650W ,,d0221e5d-fc58-42b6-8a0d-19e4399bf6cc.json,,1,1,0,0,0,0,4,,,,False,ATX,,,,,,,160,,,,W0307RU,Full,650
d0298eac-0150-4029-945a-a3fcbb08c8f2,Super Flower Leadex III Gold UP 1300W Fully Modular 80+ Gold,Super Flower,Leadex,1300W Gold,,d0298eac-0150-4029-945a-a3fcbb08c8f2.json,BLACK,1,2,0,4,1,4,8,,,80+ Gold,False,ATX,,,,,,,150,,,,SF-1300F14GE,Full,1300
d0318347-6b7c-4abe-927f-fa5f34d8d809,SHARKOON SilentStorm Icewind White / Black 650W Semi-Modular 80+ Bronze Certified,SHARKOON,SilentStorm,650W Bronze,,d0318347-6b7c-4abe-927f-fa5f34d8d809.json,WHITE | BLACK,1,1,0,3,0,4,9,,,80+ Bronze,False,ATX,,,,,,,160,,,,SilentStorm Icewind 650 Watt,Semi-Modular,650
d0352b53-b617-4f5f-a6b9-781c9038da09,be quiet! Straight Power 11 Platinum 1200W,,,,,d0352b53-b617-4f5f-a6b9-781c9038da09.json,,,,,,,,,,,,,,B085WW7B74,,,,,,,,,,BN645,,
d037f1af-bc5b-41b5-87fa-c86319a73a46,Sparkle GW-EPS1250DA ATX 1250W Fully Modular 80+ Gold Certified,Sparkle,GW-EPS1250DA,1250W Gold,,d037f1af-bc5b-41b5-87fa-c86319a73a46.json,,1,1,0,9,0,6,12,,,80+ Gold,False,ATX,,,,,,,,,,,GW-EPS1250DA,Full,1250
d060b837-cb28-4659-8d23-3307237e001b,PC Power & Cooling Silencer MK III 500W Semi-Modular 80+ Bronze Certified,PC Power & Cooling,Silencer,500W Bronze,,d060b837-cb28-4659-8d23-3307237e001b.json,,1,2,0,3,0,2,6,,,80+ Bronze,False,ATX,,,,,,,160,,,,PPCMK3S500,Semi-Modular,500
d07daad5-3f4a-47eb-828c-e15207f76028,Asus Prime AP-850G White / Black 850W Fully Modular 80+ Gold,Asus,Prime,850W Gold,,d07daad5-3f4a-47eb-828c-e15207f76028.json,WHITE | BLACK,1,0,0,0,0,0,5,,,80+ Gold,False,ATX,B0CPR29L4K,,,,N82E16817320046,5312168585,150,,,,AP-850G | 90YE00U0-B0NB00,Full,850
d09a3fef-d6ee-4380-9759-88bc984d737e,SeaSonic Platinum 1200W 80+ Platinum Certified Fully Modular,SeaSonic,Platinum,1200W Platinum,,d09a3fef-d6ee-4380-9759-88bc984d737e.json,,1,2,0,5,0,10,14,,,80+ Platinum,False,ATX,,,,,,,189,,,,Platinum-1200(SS-120 | Platinum-1200(SS-1200XP3) | SS-1200XP3 | PLATINUM-1200,Full,1200
d09cb523-a333-40d2-9e4d-b3349473663d,GAMDIAS KRATOS E1 Black 600W Non-Modular 80+ Certified,GAMDIAS,KRATOS,600W 80+,,d09cb523-a333-40d2-9e4d-b3349473663d.json,BLACK,1,1,0,2,0,2,5,,,80+,False,ATX,,,,,,,140,,,,KRATOS E1-600,Non-Modular,600
d0a6a10a-ed8e-416f-8709-d5aec483256f,NZXT C1200 (2024) Black 1200W Fully Modular 80+ Gold,NZXT,C1200,1200W Gold,,d0a6a10a-ed8e-416f-8709-d5aec483256f.json,BLACK,1,0,0,0,0,0,12,,,80+ Gold,False,ATX,B0D1VDNCT7,6586155,30613,,N82E16817116054,10066318125,160,,,,PA-2G2BB-US | PA-2G2BB-EU | PA-2G2BB-AU | PA-2G2BB-UK,Full,1200
d0ab86bf-acc7-4bd1-a2aa-599e1edffba2,NZXT HALE90 V2 850W 80+ Gold Fully Modular,NZXT,HALE90,850W Gold,,d0ab86bf-acc7-4bd1-a2aa-599e1edffba2.json,,1,1,0,10,0,6,12,,,80+ Gold,False,ATX,,,,,,,190,,,,NP-1GM-0850A | NP-1GM-0850A-EU,Full,850
d0b976d0-5ad2-441e-a17d-5c946b3ba1e0,Corsair TX650 650W Non-Modular 80+ Bronze,Corsair,TX650,650W Bronze,,d0b976d0-5ad2-441e-a17d-5c946b3ba1e0.json,,1,1,0,8,0,2,8,,,80+ Bronze,False,ATX,,,,,,,160,,,,TX650,Non-Modular,650
d0bd5d0b-f1b1-43c3-905d-2a5e3ced3962,Corsair SF600 Black SFX 600W Fully Modular 80+ Gold,Corsair,SF600,600W Gold,,d0bd5d0b-f1b1-43c3-905d-2a5e3ced3962.json,BLACK,1,0,0,0,0,0,4,,,80+ Gold,False,SFX,,,,,,,100,,,,CP-9020105-NA | CP-9020105-AU | SF600 | CP-9020105-UK | CP-9020105-EU,Full,600
d102cbc7-9b12-4c70-978b-90928f5b48ae,SHARKOON SilentStorm Icewind White / Black 750W Semi-Modular 80+ Bronze Certified,SHARKOON,SilentStorm,750W Bronze,,d102cbc7-9b12-4c70-978b-90928f5b48ae.json,WHITE | BLACK,1,1,0,3,0,4,9,,,80+ Bronze,False,ATX,,,,,,,160,,,,SilentStorm Icewind 750 Watt,Semi-Modular,750
d1145071-4d9a-42ca-a205-cd93d76fc85a,FSP Group FSP300-60LG Black Mini-ITX 300W Non-Modular 80+ Bronze Certified,FSP Group,FSP300-60LG,300W Bronze,,d1145071-4d9a-42ca-a205-cd93d76fc85a.json,BLACK,1,1,0,2,0,0,3,,,80+ Bronze,False,Mini-ITX,B0085JFL8E,,,,,,150,,,,FSP300-60LG | FSP300-60LG-5K,Non-Modular,300
d11dbf34-374c-49b6-8cf1-92ea758836c7,EVGA 450 BR 450W Non-Modular 80+ Bronze Certified,EVGA,450,450W Bronze,,d11dbf34-374c-49b6-8cf1-92ea758836c7.json,,1,0,0,0,0,0,6,,,80+ Bronze,False,ATX,B07DTP6SLJ,,,,9SIA1K6K6U6328,841811029,140,,,,100-BR-0450-K1 | 100-BR-0450-K2 | 100-BR-0450-K3,Non-Modular,450
d13db336-0f53-4904-9afa-52ea0a9f08da,Mars Gaming MPII650 Black / Red 650W Non-Modular,Mars Gaming,MPII650,650W ,,d13db336-0f53-4904-9afa-52ea0a9f08da.json,BLACK | RED,1,1,0,2,0,1,4,,,,False,ATX,,,,,,,140,,,,MPII650,Non-Modular,650
d1400f43-5712-4f24-8b29-97c8fcb7c12c,SeaSonic PRIME TX-650 650W 80+ Titanium Certified Fully Modular,SeaSonic,PRIME,650W Titanium,,d1400f43-5712-4f24-8b29-97c8fcb7c12c.json,BLACK,1,0,0,0,0,0,10,,,80+ Titanium,False,ATX,,,,,,,170,,,,PRIME-TX-650,Full,650
d149ebfa-07cb-4377-ae37-370530ebee90,EVGA SuperNOVA G FTW 850W 80+ Gold Certified Fully Modular,EVGA,SuperNOVA,850W Gold,,d149ebfa-07cb-4377-ae37-370530ebee90.json,BLACK,1,2,0,4,1,4,9,,,80+ Gold,False,ATX,,,,,,,150,,,,535-5G-0850-K1,Full,850
d193ae81-ccc7-4f8c-94af-69a3eb3617de,Thermaltake Toughpower XT 1275W 80+ Platinum Certified Semi-Modular,Thermaltake,Toughpower,1275W Platinum,,d193ae81-ccc7-4f8c-94af-69a3eb3617de.json,,1,2,0,6,0,6,16,,,80+ Platinum,False,ATX,,,,,,,199,,,,TPX-1275M | TPX-1275MPCGAU,Semi-Modular,1275
d1a90a5a-0230-4127-8b6e-76a2df2fbf05,Corsair TX750 750W Non-Modular 80+,Corsair,TX750,750W 80+,,d1a90a5a-0230-4127-8b6e-76a2df2fbf05.json,,1,1,0,8,0,4,8,,,80+,False,ATX,B000X2677A,,,,,,,,,,CMPSU-750TX,Non-Modular,750
d1b2f2ac-5ff0-4210-915c-0e0ed505201b,PC Power & Cooling Silencer Mk II 500W Non-Modular 80+ Bronze Certified ATX,PC Power & Cooling,Silencer,500W Bronze,,d1b2f2ac-5ff0-4210-915c-0e0ed505201b.json,,1,1,0,7,0,1,8,,,80+ Bronze,False,ATX,,,,,,,160,,,,PPCMK2S500,Non-Modular,500
d1c58e14-982e-491d-98c6-8c4f55ba06f1,EVGA SuperNOVA G FTW 1000 1000W 80+ Gold Certified Fully Modular,EVGA,SuperNOVA,1000W Gold,,d1c58e14-982e-491d-98c6-8c4f55ba06f1.json,BLACK,1,2,0,4,1,6,12,,,80+ Gold,False,ATX,,,,,,,150,,,,535-5G-1000-K1,Full,1000
d1c6da89-7d69-45ef-b329-b5c4e13ce6d0,Enermax REVOLUTION X't II 550W 80+ Gold Semi-Modular,Enermax,REVOLUTION,550W Gold,,d1c6da89-7d69-45ef-b329-b5c4e13ce6d0.json,,1,1,0,4,0,2,8,,,80+ Gold,False,ATX,,,,,,,160,,,,ERX550AWT,Semi-Modular,550
d1dbfd3c-1302-41f1-8ab7-0d240ed43e1d,Antec True 650W Non-Modular 80+ Gold,Antec,True,650W Gold,,d1dbfd3c-1302-41f1-8ab7-0d240ed43e1d.json,,1,1,0,5,0,4,6,,,80+ Gold,False,ATX,,,,,,,139,,,,TP-650C | 0-761345-07705-7 | TPC-650,Non-Modular,650
d1dd1fa9-4264-40ed-ac10-571aa9f44d55,be quiet! System Power 10 Black ATX 850W Non-Modular 80+ Gold Certified,be quiet!,System,850W Gold,,d1dd1fa9-4264-40ed-ac10-571aa9f44d55.json,BLACK,1,0,0,0,0,0,6,,,80+ Gold,False,ATX,B0BJVKQVCF,,,,,,160,,,,BN330,Non-Modular,850
d21e9279-312e-4339-9155-f3e4abf4dd56,Super Flower Leadex III Gold UP 750W Fully Modular 80+ Gold Certified,Super Flower,Leadex,750W Gold,,d21e9279-312e-4339-9155-f3e4abf4dd56.json,BLACK,1,2,0,4,1,2,6,,,80+ Gold,False,ATX,,,,,1HU-024C-00081,,150,,,,SF-750F14GE,Full,750
d22d2d7e-9dc6-45bb-b983-bf2a9205506a,Gigabyte P650SS White 650W Non-Modular 80+ Silver,Gigabyte,P650SS,650W Silver,,d22d2d7e-9dc6-45bb-b983-bf2a9205506a.json,WHITE,1,2,0,3,0,2,5,,,80+ Silver,False,ATX,,,,,,,140,,,,GP-P650SS ICE,Non-Modular,650
d23d0da5-ce14-402b-b6c0-4de0037eebd9,SHARKOON Rebel P30 Black 1000W Fully Modular 80+ Gold,SHARKOON,Rebel,1000W Gold,,d23d0da5-ce14-402b-b6c0-4de0037eebd9.json,BLACK,1,2,0,2,1,4,12,,,80+ Gold,False,ATX,,,,,,,160,,,,REBEL P30 Gold 1000 W | 4044951038527,Full,1000
d250bb64-fcaf-4c08-8a28-903402631cc8,Deepcool PX1000G White 1000W Fully Modular 80+ Gold Certified,DeepCool,PX1000G,1000W Gold,,d250bb64-fcaf-4c08-8a28-903402631cc8.json,WHITE,1,2,0,4,1,3,8,,,80+ Gold,False,ATX,,,,,,,160,,,,PX1000G WH,Full,1000
d254ba11-9f00-43ea-a6a3-063821f226ee,SeaSonic FOCUS Plus 650 Gold 650W Fully Modular 80+ Gold,SeaSonic,FOCUS,650W Gold,,d254ba11-9f00-43ea-a6a3-063821f226ee.json,,1,0,0,0,0,0,8,,,80+ Gold,False,ATX,,6351845,,,9SIAJR2JPX0374,,140,,,,SSR-650FX | 220-G3-0750-X1,Full,650
d2627544-9c52-4a5c-9bcc-15e31d6b5e00,Cooler Master Elite White Black Mesh 230V ATX 500W Non-Modular 80+ Certified,Cooler Master,Elite,500W 80+,,d2627544-9c52-4a5c-9bcc-15e31d6b5e00.json,BLACK,1,0,0,0,0,0,5,,,80+,False,ATX,,,,,,,140,,,,MPW-5001-ACBW-BE1,Non-Modular,500
d27192f7-916c-4f0a-b4a0-e7125316a848,be quiet! System Power 10 550W Non-Modular 80+ Bronze Certified,be quiet!,System,550W Bronze,,d27192f7-916c-4f0a-b4a0-e7125316a848.json,BLACK,1,0,0,0,0,0,5,,,80+ Bronze,False,ATX,B0BJVMJ887,,,,,,140,,,,BN327,Non-Modular,550
d2742253-678c-4131-af84-1259e8364c29,Corsair CX400 ATX 400W Non-Modular 80+ Certified,Corsair,CX400,400W 80+,,d2742253-678c-4131-af84-1259e8364c29.json,,1,1,0,6,0,0,6,,,80+,False,ATX,,,,,,,140,,,,CMPSU-400CX,Non-Modular,400
d2750437-8323-4b92-ad76-f982a327d667,Thermaltake Black Widow 850W Semi-Modular 80+ Bronze Certified,Thermaltake,Black,850W Bronze,,d2750437-8323-4b92-ad76-f982a327d667.json,,1,1,0,8,0,2,6,,,80+ Bronze,False,ATX,,,,,,,160,,,,W0319RU,Semi-Modular,850
d2a91334-d494-4552-8ea7-647dbf879445,EVGA SuperNOVA 850 PQ 850W Semi-Modular 80+ Platinum Certified,EVGA,SuperNOVA,850W Platinum,,d2a91334-d494-4552-8ea7-647dbf879445.json,BLACK,1,2,0,3,0,8,9,,,80+ Platinum,False,ATX,,,,,,,180,,,,210-PQ-0850-X1 | 210-PQ-0850-X2,Semi-Modular,850
d2d4ed3d-d66f-4b1d-9395-2aa4a186abac,SeaSonic CORE GX ATX 3 (2024) 750W Fully Modular 80+ Gold,SeaSonic,CORE,750W Gold,,d2d4ed3d-d66f-4b1d-9395-2aa4a186abac.json,BLACK,1,2,0,3,1,2,6,,,80+ Gold,False,ATX,,,,,,,140,,,,CORE ATX 3 GX-750,Full,750
d31059dc-42f1-4530-b7a4-41d0bfaa1131,ENDORFY Vero L5 600W Non-Modular 80+ Bronze Certified,ENDORFY,Vero,600W Bronze,,d31059dc-42f1-4530-b7a4-41d0bfaa1131.json,BLACK,1,0,0,0,0,0,5,,,80+ Bronze,False,ATX,B0BXGZLWKH,,,,,,140,,,,EY7A005,Non-Modular,600
d3552c30-d035-4d34-a4ae-73b6ab8356b2,Silverstone Strider 600W Non-Modular 80+ Gold,Silverstone,Strider,600W Gold,,d3552c30-d035-4d34-a4ae-73b6ab8356b2.json,,1,1,0,3,0,0,9,,,80+ Gold,False,ATX,,,,,,,140,,,,ST60F-ESG | SST-ST60F-ESG,Non-Modular,600
d37d81b2-f03a-4385-bff5-245db03e21f5,Thermalright AG-850 Black 850W Fully Modular 80+ Gold,Thermalright,AG-850,850W Gold,,d37d81b2-f03a-4385-bff5-245db03e21f5.json,BLACK,1,2,0,4,1,4,8,,,80+ Gold,False,ATX,,,,,,,140,,,,AG-850 | TR-AG850,Full,850
d39fd78a-38de-4a16-8f6d-79bbdea0ce19,Cooler Master MasterWatt Lite 230V ATX 400W Non-Modular 80+,Cooler Master,400W,400W 80+,,d39fd78a-38de-4a16-8f6d-79bbdea0ce19.json,,1,1,0,3,0,1,6,,,80+,False,ATX,,,,,,,140,,,,MPX-4001-ACABW,Non-Modular,400
d3ade2c0-6436-45a2-819a-890461737326,Deepcool PF350 Black 230V ATX 350W Non-Modular 80+ Certified,DeepCool,PF350,350W 80+,,d3ade2c0-6436-45a2-819a-890461737326.json,BLACK,1,1,0,2,0,2,6,,,80+,False,ATX,,,,,,,140,,,,R-PF350D-HA0B-US | R-PF350D-HA0B-AR | R-PF350D-HA0B-CN | R-PF350D-HA0B-BP | R-PF350D-HA0B-WO | R-PF350D-HA0B-AU | R-PF350D-HA0B-UK | R-PF350D-HA0B-EU,Non-Modular,350
d3ae31ed-53ff-4cef-8dd8-a798bf563d4c,Rosewill LEPTON Black 500W Semi-Modular 80+ Gold Certified,Rosewill,LEPTON,500W Gold,,d3ae31ed-53ff-4cef-8dd8-a798bf563d4c.json,BLACK,1,1,0,4,0,2,6,,,80+ Gold,False,ATX,,,,,,,140,,,,LEPTON 500,Semi-Modular,500
d3e231c9-2b67-4270-abd7-6cbda6e7b11c,Xilence XP650R12 Black 650W Non-Modular 80+ Gold Certified,Xilence,XP650R12,650W Gold,,d3e231c9-2b67-4270-abd7-6cbda6e7b11c.json,BLACK,1,3,0,0,0,3,6,,,80+ Gold,False,ATX,,,,,,,140,,,,XN320,Non-Modular,650
d3e43182-0996-4352-8989-c7710b738b8a,GIGABYTE AORUS ELITE ICE 850W,Gigabyte,AORUS ELITE ICE,,0,d3e43182-0996-4352-8989-c7710b738b8a.json,,1,2,0,0,0,6,8,,,80+ Platinum,False,ATX,,5597201,,,N82E16817171115,,0,,,,VP-600-RGB | RGB850 Rainbow | GP-AE850PM-PG5 ICE,Full,850
d3e4c18c-34e4-4d0b-b656-f11b9723937a,MSI MAG A850GL PCIE5 850W Fully Modular 80+ Gold Certified,MSI,MAG,850W Gold,,d3e4c18c-34e4-4d0b-b656-f11b9723937a.json,BLACK,1,0,0,0,0,0,8,,,80+ Gold,False,ATX,B0C3MC57D5,6562432,,,N82E16817701021,1270814111,140,,,,MAG A850GL PCIE5 | 306-7ZP8A11-CE0 | 306-7ZP8A15-CE0 | MAGA850GLPCIE5,Full,850
d3ee5dcf-1f69-4343-ba15-9be6f02ac985,be quiet! System Power 8 400W Non-Modular 80+ Certified,be quiet!,System,400W 80+,,d3ee5dcf-1f69-4343-ba15-9be6f02ac985.json,,1,1,0,2,0,2,5,,,80+,False,ATX,,,,,,,140,,,,BN240,Non-Modular,400
d40e1e06-6a39-4435-b18b-647097a5ff86,Rosewill HIVE 850W Fully Modular 80+ Bronze Certified,Rosewill,HIVE,850W Bronze,,d40e1e06-6a39-4435-b18b-647097a5ff86.json,,1,2,0,6,0,4,8,,,80+ Bronze,False,ATX,B00N2KAOW4,,,,N82E16817182314,48268438,160,,,,HIVE-850S,Full,850
d4197724-7dd6-4e68-bfd4-04e9a3b66a87,FSP Group DAGGER PRO Black ATX3.0 SFX 850W Semi-Modular 80+ Gold Certified,FSP Group,DAGGER,850W Gold,,d4197724-7dd6-4e68-bfd4-04e9a3b66a87.json,BLACK,1,2,0,2,1,4,6,,,80+ Gold,False,SFX,,,,,,,100,,,,SDA2-850 | Gen5,Semi-Modular,850
d41f5b6b-c26d-4ae2-a7fd-64618f524be1,Thermaltake TR2 500W Non-Modular 80+ Gold Certified,Thermaltake,TR2,500W Gold,,d41f5b6b-c26d-4ae2-a7fd-64618f524be1.json,,1,1,0,4,0,2,6,,,80+ Gold,False,ATX,,,,,,,140,,,,PS-TR2-0500NPCGUS-G,Non-Modular,500
d44cd8ea-b3db-4808-86c0-8c4f7c08cb37,Corsair VS500 (2020) Black ATX 500W Non-Modular 80+ Bronze Certified,Corsair,VS500,500W Bronze,,d44cd8ea-b3db-4808-86c0-8c4f7c08cb37.json,BLACK,1,1,0,4,0,2,6,,,80+ Bronze,False,ATX,B08FNYM6T2,,,,9SIB8AKK9U4206,539569403,125,,,,CP-9020223-NA | CP-9020223-UK | CP-9020223-AU,Non-Modular,500
d46010bf-c111-44bd-91fe-6fce28a17975,Silverstone Strider ATX 500W Non-Modular 80+ Certified,Silverstone,Strider,500W 80+,,d46010bf-c111-44bd-91fe-6fce28a17975.json,,1,1,0,3,0,1,6,,,80+,False,ATX,,,,,,,139,,,,ST50F-ES | SST-ST50F-ES,Non-Modular,500
d4675155-078e-408d-b83b-9297f6d8af54,be quiet! Straight Power 11 1000W 80+ Platinum Certified Fully Modular,be quiet!,Straight,1000W Platinum,,d4675155-078e-408d-b83b-9297f6d8af54.json,BLACK,1,2,0,4,0,6,11,,,80+ Platinum,False,ATX,,,,,,,170,,,,BN644 | BN309,Full,1000
d49658aa-bec7-453f-b404-58e0f01319b6,be quiet! Pure Power 11 500W Non-Modular 80+ Gold Certified ATX,be quiet!,Pure,500W Gold,,d49658aa-bec7-453f-b404-58e0f01319b6.json,BLACK,1,0,0,0,0,0,6,,,80+ Gold,False,ATX,B07JJH9XLP,,,,,,150,,,,BN901 | BN626 | BN293,Non-Modular,500
d4aa0b2d-ba76-4ab1-b4f3-90f11ab1c220,Corsair RM850x (2024) Black ATX 850W Fully Modular,Corsair,RM850x,850W ,,d4aa0b2d-ba76-4ab1-b4f3-90f11ab1c220.json,BLACK,1,0,0,0,0,0,8,,,,False,ATX,B0DJ1JL3MK,6587623,29944,,N82E16817139333,12865812424,160,,,,CP-9020270-NA | CP-9020270-EU | CP-9020270-AU | CP-9020270-UK,Full,850
d4da886e-1c2b-456a-ae91-e3369133facb,Cougar SL400 400W Non-Modular,Cougar,SL400,400W ,,d4da886e-1c2b-456a-ae91-e3369133facb.json,,1,1,0,2,0,1,4,,,,False,ATX,,,,,,,139,,,,SL400,Non-Modular,400
d4e8256a-5a3f-42b5-952a-3b27ac6ee528,Corsair GS800 2013 Edition ATX 800W Non-Modular 80+ Bronze Certified,Corsair,GS800,800W Bronze,,d4e8256a-5a3f-42b5-952a-3b27ac6ee528.json,,1,1,0,8,0,4,8,,,80+ Bronze,False,ATX,,,,,,,160,,,,CP-9020065-WW | CP-9020065-UK | CP-9020065-AU | CP-9020065-NA,Non-Modular,800
d5030233-9e9b-47cd-93af-8d2449be2b7a,SeaSonic S12II Certified ATX 750W Fully Modular 80+ Bronze,SeaSonic,S12II,750W Bronze,,d5030233-9e9b-47cd-93af-8d2449be2b7a.json,,1,2,0,5,0,4,10,,,80+ Bronze,False,ATX,,,,,,,170,,,,SS-750AM2,Full,750
d5287953-a91f-4db2-b6f1-2ef3e72b4598,be quiet! PURE POWER L8 400W Non-Modular 80+ Bronze,be quiet!,PURE,400W Bronze,,d5287953-a91f-4db2-b6f1-2ef3e72b4598.json,,1,1,0,3,0,2,4,,,80+ Bronze,False,ATX,,,,,,,150,,,,BN222,Non-Modular,400
d58df1a6-4fb8-49be-8054-d2373fa15e0b,Thermaltake Litepower ATX 450W Non-Modular,Thermaltake,Litepower,450W ,,d58df1a6-4fb8-49be-8054-d2373fa15e0b.json,,1,1,0,4,0,2,4,,,,False,ATX,,,,,,,140,,,,PS-LTP-0450NNCNUS-F,Non-Modular,450
d5a8b9eb-e897-4f39-9744-3f1202f99d67,be quiet! System Power 11 U 550W Non-Modular 80+ Bronze Certified,be quiet!,System,550W Bronze,,d5a8b9eb-e897-4f39-9744-3f1202f99d67.json,BLACK,1,0,0,0,0,0,5,,,80+ Bronze,False,ATX,,,,,,,140,,,,BP010US | BP010U2,Non-Modular,550
d5adc6a1-65b6-40c3-a578-2e68389c293f,Thermaltake Smart 430W 80+ Certified ATX,Thermaltake,Smart,430W ,2018,d5adc6a1-65b6-40c3-a578-2e68389c293f.json,BLACK,1,1,1,4,0,2,4,,,80+ Standard,False,ATX,B07BFJ91TY,,,https://www.thermaltake.com/smart-430w.html,N82E16817153368,352946682,140,,2026-03-18T19:46:45.215Z,Black,PS-SPD-0430NPCW**-W | PS-SPD-0430NPCWUS-W,Non-Modular,430
d5b8da1c-c82d-48b0-91a0-7e54022cb936,EVGA 600 BA Black ATX 600W Non-Modular 80+ Bronze Certified,EVGA,600,600W Bronze,,d5b8da1c-c82d-48b0-91a0-7e54022cb936.json,BLACK,1,1,0,3,0,2,6,,,80+ Bronze,False,ATX,B08BNRGWXZ,,,,,480395881,140,,,,100-BA-0600-K1 | 600 BA,Non-Modular,600
d5d03507-8129-4785-8cf8-8d8482931270,Cougar COUGAR-RS650 ATX 650W Non-Modular 80+ Certified,Cougar,COUGAR-RS650,650W 80+,,d5d03507-8129-4785-8cf8-8d8482931270.json,,1,2,0,4,0,1,6,,,80+,False,ATX,,,,,,,139,,,,COUGAR-RS650,Non-Modular,650
d5f07617-7476-493b-8314-8a5f5163642d,SeaSonic Platinum ATX 1050W Fully Modular 80+ Platinum Certified,SeaSonic,Platinum,1050W Platinum,,d5f07617-7476-493b-8314-8a5f5163642d.json,,1,0,0,0,0,0,14,,,80+ Platinum,False,ATX,,,,,,,190,,,,SS-1050XP3 | PLATINUM-1050,Full,1050
d607c9a1-cbc9-4c63-98c3-c69372c4e774,Cooler Master Silent Pro Gold 800W Semi-Modular 80+ Gold,Cooler Master,Silent,800W Gold,,d607c9a1-cbc9-4c63-98c3-c69372c4e774.json,,1,1,0,4,0,3,9,,,80+ Gold,False,ATX,,,,,,,159,,,,RS800-80GAD3-US,Semi-Modular,800
d60ba177-6902-45e6-b3bb-3c809c04885c,SeaSonic G ATX 450W Semi-Modular 80+ Gold Certified,SeaSonic,G,450W Gold,,d60ba177-6902-45e6-b3bb-3c809c04885c.json,,1,1,0,5,0,2,6,,,80+ Gold,False,ATX,,,,,,,160,,,,SSR-450RM,Semi-Modular,450
d6130cd8-cca1-4db2-9dd9-2e89b02919da,1STPLAYER NGDP 750W Fully Modular 80+ Gold Certified,1STPLAYER,NGDP,750W Gold,,d6130cd8-cca1-4db2-9dd9-2e89b02919da.json,BLACK,1,0,0,0,0,0,8,,,80+ Gold,False,ATX,,,,,,,140,,,,NGDP-GLD-750-BK-US,Full,750
d614eccf-74ee-443a-9fa5-58d7e933653c,SeaSonic G12 GM Black / Blue 850W Semi-Modular 80+ Gold Certified,SeaSonic,G12,850W Gold,,d614eccf-74ee-443a-9fa5-58d7e933653c.json,BLACK | BLUE,1,2,0,3,0,3,6,,,80+ Gold,False,ATX,,,,,,,140,,,,G12-GM-850,Semi-Modular,850
d617ced2-1cc5-48c6-a5de-228750c47769,Silverstone Strider 650 W 80+ Gold Certified Fully Modular ATX,Silverstone,Strider,650W Gold,,d617ced2-1cc5-48c6-a5de-228750c47769.json,,1,1,0,6,0,2,8,,,80+ Gold,False,ATX,,,,,,,140,,,,ST65F-G | SST-ST65F-G,Full,650
d63504b0-c6cf-47c5-b915-e87f1bd48e07,Rosewill Lightning 1000W Semi-Modular 80+ Gold,Rosewill,Lightning,1000W Gold,,d63504b0-c6cf-47c5-b915-e87f1bd48e07.json,,1,1,0,10,0,6,10,,,80+ Gold,False,ATX,,,,,,,180,,,,LIGHTNING-1000,Semi-Modular,1000
d63d18be-8786-4790-ae34-7147fe3befba,Antec Basiq ATX 550W Semi-Modular 80+ Certified,Antec,Basiq,550W 80+,,d63d18be-8786-4790-ae34-7147fe3befba.json,,1,1,0,6,0,1,6,,,80+,False,ATX,,,,,,,154,,,,BP550 Plus,Semi-Modular,550
d63dac62-70c1-4143-bc46-8466e8b15ce2,LC-Power LC1200P V3.0 1200W Fully Modular 80+ Platinum Certified,LC-Power,LC1200P,1200W Platinum,,d63dac62-70c1-4143-bc46-8466e8b15ce2.json,BLACK,1,2,0,6,2,8,20,,,80+ Platinum,False,ATX,,,,,,,180,,,,LC1200P V3.0,Full,1200
d644967b-6a9f-4257-9343-dd76cc5e6db1,Corsair AX750 750W 80+ Gold Certified Fully Modular,Corsair,AX750,750W Gold,,d644967b-6a9f-4257-9343-dd76cc5e6db1.json,,1,2,0,8,0,4,12,,,80+ Gold,False,ATX,,,,,,,160,,,,CMPSU-750AX | CMPSU-750AXUK,Full,750
d65f7c19-c62b-43ce-84c5-31b2eb384557,Cougar VTE X2 Black 600W Non-Modular 80+,Cougar,VTE,600W 80+,,d65f7c19-c62b-43ce-84c5-31b2eb384557.json,BLACK,1,1,0,2,0,2,6,,,80+,False,ATX,,,,,,,140,,,,VTE X2 600 | 31VX060.0001P | CGR VX-600,Non-Modular,600
d693d7fb-0ab8-4733-a19b-3e726a3a6b8b,ASRock Challenger CL-550B Black 550W Non-Modular 80+ Bronze Certified,ASRock,Challenger,550W Bronze,,d693d7fb-0ab8-4733-a19b-3e726a3a6b8b.json,BLACK,1,0,0,0,0,0,4,,,80+ Bronze,False,ATX,B0DG9TJZ3Y,,,,N82E16817955019,15147708324,140,,,,CL-550B | 90-UXC055-BNUAAA,Non-Modular,550
d6993ba7-b32c-4131-8834-dd9251ec3b89,Thermaltake Toughpower Grand 850W Non-Modular 80+ Gold,Thermaltake,Toughpower,850W Gold,,d6993ba7-b32c-4131-8834-dd9251ec3b89.json,,1,2,0,8,0,6,12,,,80+ Gold,False,ATX,,,,,,,180,,,,TPG-850M,Non-Modular,850
d6c088be-4a9b-46f6-9e84-17d675f6aa3e,Rosewill CAPSTONE-1000-M 1000W 80+ Gold Certified Semi-Modular,Rosewill,CAPSTONE-1000-M,1000W Gold,,d6c088be-4a9b-46f6-9e84-17d675f6aa3e.json,,1,2,0,5,0,6,10,,,80+ Gold,False,ATX,,,,,,,180,,,,CAPSTONE-1000-M,Semi-Modular,1000
d6c66439-dc14-4263-95fe-85cc6f2566f8,SeaSonic FOCUS Plus 550W Fully Modular 80+ Gold,SeaSonic,FOCUS,550W Gold,,d6c66439-dc14-4263-95fe-85cc6f2566f8.json,,1,1,0,3,0,2,6,,,80+ Gold,False,ATX,B073GY89G5,,,,,,140,,,,SSR-550FX,Full,550
d6ef44c0-054c-4dca-ad16-159bc23c8aaa,Silverstone DA750R-GMA White 750W Fully Modular 80+ Gold,Silverstone,DA750R-GMA,750W Gold,,d6ef44c0-054c-4dca-ad16-159bc23c8aaa.json,WHITE,1,0,0,0,0,0,8,,,80+ Gold,False,ATX,,,,,,,140,,,,SST-DA750R-GMA-WWW,Full,750
d711b9fb-e31d-4853-a7f5-a9b3c3389b64,be quiet! System Black 600W Non-Modular 80+ Bronze,be quiet!,System,600W Bronze,,d711b9fb-e31d-4853-a7f5-a9b3c3389b64.json,BLACK,1,1,0,2,0,4,6,,,80+ Bronze,False,ATX,,,,,,,140,,,,BN288 | BN608,Non-Modular,600
d7191a2e-9a07-4294-b209-9423cc5e6da9,Antec True 1000W Fully Modular 80+ Bronze,Antec,True,1000W Bronze,,d7191a2e-9a07-4294-b209-9423cc5e6da9.json,,1,1,0,9,0,2,8,,,80+ Bronze,False,ATX,,,,,,,180,,,,TPQ-1000,Full,1000
d71afce5-6e28-4c6d-9ce9-f5167b174481,EVGA SuperNOVA 1000 GT 1000W 80+ Gold Certified Fully Modular,EVGA,SuperNOVA,1000W Gold,,d71afce5-6e28-4c6d-9ce9-f5167b174481.json,BLACK,1,0,0,0,0,0,12,,,80+ Gold,False,ATX,B09CRH8YPV,6528734,,,N82E16817438221,524667587,150,,,,220-GT-1000-X1 | 220-GT-1000-X2,Full,1000
d7536d7b-dafc-4636-ae7e-8e3cdb45705f,SilentiumPC Vero L2 Black ATX 600W Non-Modular 80+ Bronze Certified,SilentiumPC,Vero,600W Bronze,,d7536d7b-dafc-4636-ae7e-8e3cdb45705f.json,BLACK,1,1,0,3,0,2,7,,,80+ Bronze,False,ATX,,,,,,,160,,,,SPC165,Non-Modular,600
d7667356-0f5f-4109-8fc2-f07dbbbb6758,FSP Group Berserker 500 500W Non-Modular 80+ Bronze Certified ATX,FSP Group,Berserker,500W Bronze,,d7667356-0f5f-4109-8fc2-f07dbbbb6758.json,,1,1,0,2,0,1,4,,,80+ Bronze,False,ATX,,,,,,,140,,,,Berserker 500,Non-Modular,500
d7d01e3f-a521-47fe-92dc-11f83f935009,Diablotek PSDA350 ATX 350W Non-Modular,Diablotek,PSDA350,350W ,,d7d01e3f-a521-47fe-92dc-11f83f935009.json,,1,0,0,0,0,0,3,,,,False,ATX,,,,,,,,,,,PSDA350,Non-Modular,350
d7d1838b-bb26-47c9-aabd-8bd3dea171b9,Gigabyte P650G Black 650W Non-Modular 80+ Gold,Gigabyte,P650G,650W Gold,,d7d1838b-bb26-47c9-aabd-8bd3dea171b9.json,BLACK,1,0,0,0,0,0,6,,,80+ Gold,False,ATX,B0CSKPMKGW,,,,,5229530326,140,,,,GP-P650G | GP-P650G-UK | 28200-P650G-1EUR,Non-Modular,650
d7dcfc0a-e7e6-4025-a5d6-74739988d6bd,Cooler Master B500 ATX 500W Non-Modular,Cooler Master,B500,500W ,,d7dcfc0a-e7e6-4025-a5d6-74739988d6bd.json,,1,1,0,3,0,1,6,,,,False,ATX,,,,,,,140,,,,RS-500-ACAB-M3,Non-Modular,500
d7ea1882-9ef0-4b95-94ef-c8069bdb4132,Phanteks Revolt SFX 750W Fully Modular 80+ Gold Certified,Phanteks,Revolt,750W Gold,,d7ea1882-9ef0-4b95-94ef-c8069bdb4132.json,BLACK,1,2,0,1,0,4,11,,,80+ Gold,False,SFX,,,,,,,100,,,,PH-P750GSF | PH-P750GSF_US01,Full,750
d7eaf38b-e642-4fbd-a5d0-3e4dcd27c2fe,Antec NeoECO 400W Non-Modular 80+ Certified,Antec,NeoECO,400W 80+,,d7eaf38b-e642-4fbd-a5d0-3e4dcd27c2fe.json,,1,1,0,4,0,0,5,,,80+,False,ATX,,,,,,,150,,,,NEO ECO 400C,Non-Modular,400
d7eb3152-efad-4b7c-9f8e-6d1059b99869,In Win PB ATX 650W 80+ Gold Certified Fully Modular,In Win,PB,650W Gold,,d7eb3152-efad-4b7c-9f8e-6d1059b99869.json,,1,1,0,4,0,4,9,,,80+ Gold,False,ATX,,,,,,,160,,,,PB-650W,Full,650
d7f83adb-b14b-4c32-8674-0aca0a7756ca,Replace Power RP-TFX-420W TFX 420W Non-Modular,Replace Power,RP-TFX-420W,420W ,,d7f83adb-b14b-4c32-8674-0aca0a7756ca.json,GREY,1,0,0,2,0,0,2,,,,False,TFX,,,,,,,171,,,,RP-TFX-420W,Non-Modular,420
d81e0a52-c3e3-4d78-98bf-7eb6bf73f054,FSP Group Raider 450W Non-Modular 80+ Bronze Certified,FSP Group,Raider,450W Bronze,,d81e0a52-c3e3-4d78-98bf-7eb6bf73f054.json,,1,1,0,3,0,2,5,,,80+ Bronze,False,ATX,,,,,,,139,,,,Raider 450,Non-Modular,450
d8209f22-3387-4a62-9ebb-44c561c2cc36,Cougar A Black 660W Non-Modular 80+ Bronze Certified,Cougar,A,660W Bronze,,d8209f22-3387-4a62-9ebb-44c561c2cc36.json,BLACK,1,2,0,4,0,1,6,,,80+ Bronze,False,ATX,,,,,,,140,,,,A660,Non-Modular,660
d837c32b-fba1-433f-bec4-c6b18b769865,EVGA 710 BP Black 710W Non-Modular 80+ Bronze,EVGA,710,710W Bronze,,d837c32b-fba1-433f-bec4-c6b18b769865.json,BLACK,1,1,0,3,0,4,9,,,80+ Bronze,False,ATX,,,,,,,120,,,,100-BP-0710-K1,Non-Modular,710
d8391240-fba2-4002-89b4-6bf6869036e6,EVGA 650BP Black ATX 650W Non-Modular 80+ Bronze Certified,EVGA,650BP,650W Bronze,,d8391240-fba2-4002-89b4-6bf6869036e6.json,BLACK,1,1,0,3,0,2,6,,,80+ Bronze,False,ATX,B0C65TTNS5,6505249,,,1HU-00J7-00D15,1831796187,120,,,,100-BP-0650-K1,Non-Modular,650
d83e3ace-1302-4d0b-9b1c-a03cb2e1d59f,Cooler Master MWE Black 400W Non-Modular 80+ Certified,Cooler Master,MWE,400W 80+,,d83e3ace-1302-4d0b-9b1c-a03cb2e1d59f.json,BLACK,1,1,0,3,0,1,6,,,80+,False,ATX,,,,,,,140,,,,MPE-4001-ACABW-EU | MPE-4001-ACABW-UK | MPE-4001-ACABW-AU,Non-Modular,400
d84d0aef-3169-4676-9b66-fa6a95171d80,Sparkle Magna GOLD PRO 850W Semi-Modular 80+ Gold,Sparkle,Magna,850W Gold,,d84d0aef-3169-4676-9b66-fa6a95171d80.json,,1,2,0,6,0,8,10,,,80+ Gold,False,ATX,,,,,,,180,,,,R-FSP850-50TGM,Semi-Modular,850
d8b10e7f-b0cc-4c0a-9867-1f7f104c28d2,SeaSonic SS-500ET Bronze 500W Non-Modular 80+ Bronze Certified ATX,SeaSonic,SS-500ET,500W Bronze,,d8b10e7f-b0cc-4c0a-9867-1f7f104c28d2.json,,1,1,0,0,0,0,0,,,80+ Bronze,False,ATX,,,,,,,140,,,,SS-500ET Bronze,Non-Modular,500
d8b7493a-7aad-4bb6-854d-26be0ec2721e,NZXT E850 850W Fully Modular 80+ Gold Certified,NZXT,E850,850W Gold,,d8b7493a-7aad-4bb6-854d-26be0ec2721e.json,BLACK,1,2,0,6,0,6,8,,,80+ Gold,False,ATX,,,,,,,150,,,,NP-1PM-E850A | NP-1PM-E850A-EU | NP-1PM-E850A-US | NP-1PM-E850A-UK | NP-1PM-E850A-AU | NP-1PM-E850A-JP | NP-1PM-E850A-WO,Full,850
d8c1da69-443f-423e-ab0e-3dd3db11472d,LC-Power LC1000P V3.0 Black ATX 1000W Fully Modular 80+ Platinum Certified,LC-Power,LC1000P,1000W Platinum,,d8c1da69-443f-423e-ab0e-3dd3db11472d.json,BLACK,1,2,0,5,1,6,10,,,80+ Platinum,False,ATX,,,,,,,180,,,,LC1000P V3.0,Full,1000
d8c1f3cb-add2-4743-94f8-672e8529dbe4,Cooler Master V850 SFX Gold 850W Fully Modular 80+ Gold Certified,Cooler Master,V850,850W Gold,,d8c1f3cb-add2-4743-94f8-672e8529dbe4.json,WHITE,1,2,0,4,0,4,8,,,80+ Gold,False,SFX,,,,,,,100,,,,MPY-8501-SFHAGV-WU | MPY-8501-SFHAGV-WK | MPY-8501-SFHAGV-WE | MPY-8501-SFHAGV-WS | MPY-8501-SFHAGV-WA | MPY-8501-SFHAGV-WB | MPY-8501-SFHAGV-WY | MPY-8501-SFHAGV-WT | MPY-8501-SFHAGV-WJ | MPY-8501-SFHAGV-WI | MPY-8501-SFHAGV-WW,Full,850
d8d08ea2-d754-4bde-934a-8e8151288201,Enermax Platimax D.F. Black 600W Fully Modular 80+ Platinum,Enermax,Platimax,600W Platinum,,d8d08ea2-d754-4bde-934a-8e8151288201.json,BLACK,1,1,0,6,0,4,8,,,80+ Platinum,False,ATX,,,,,,,160,,,,EPF600AWT,Full,600
d8f63740-bb3c-4e53-9c76-b90113e82a63,GameMax GM Black 500W Semi-Modular 80+ Gold Certified,GameMax,GM,500W Gold,,d8f63740-bb3c-4e53-9c76-b90113e82a63.json,BLACK,1,1,0,3,0,1,5,,,80+ Gold,False,ATX,,,,,,,160,,,,GM-500G,Semi-Modular,500
d914569a-6358-40f4-8511-3ca3802449bc,Corsair TX650M 650W 80+ Bronze Semi-Modular,Corsair,TX650M,650W Bronze,,d914569a-6358-40f4-8511-3ca3802449bc.json,,1,1,0,10,0,2,8,,,80+ Bronze,False,ATX,,,,,,,160,,,,TX650M | CP-9020002-UK | CP-9020039-NA,Semi-Modular,650
d91c78f0-310b-43ec-9059-c0c5f6a0e9a8,Thermaltake Toughpower GF1 (2024) 850W Fully Modular 80+ Gold Certified,Thermaltake,Toughpower,850W Gold,,d91c78f0-310b-43ec-9059-c0c5f6a0e9a8.json,BLACK,1,0,0,0,0,0,8,,,80+ Gold,False,ATX,B0CKY88GMT,6574591,,,N82E16817153460,5182524307,140,,,,PS-TPD-0850FNFAGU-P | TPD-850AH2FLG,Full,850
d929fb06-ee70-44e7-bb62-3ce04be48bf4,Xilence XP1250MR9 1250W Fully Modular 80+ Gold Certified ATX,Xilence,XP1250MR9,1250W Gold,,d929fb06-ee70-44e7-bb62-3ce04be48bf4.json,BLACK | RED,1,2,0,4,0,8,8,,,80+ Gold,False,ATX,,,,,,,180,,,,XN078,Full,1250
d952041b-d58e-49a9-b9cd-e165c32d07ff,Cooler Master MWE Black 550W Non-Modular 80+ Certified,Cooler Master,MWE,550W 80+,,d952041b-d58e-49a9-b9cd-e165c32d07ff.json,BLACK,1,1,0,3,0,2,6,,,80+,False,ATX,,,,,,,140,,,,MPE-5501-ACAAW-EU,Non-Modular,550
d95dc95b-f27c-498c-9869-43acc18ed57d,NZXT HALE82 650W Semi-Modular 80+ Bronze,NZXT,HALE82,650W Bronze,,d95dc95b-f27c-498c-9869-43acc18ed57d.json,,1,2,0,6,0,2,6,,,80+ Bronze,False,ATX,,,,,,,160,,,,HALE82-650-M,Semi-Modular,650
d9bee22b-258a-41a7-9ce4-4e0f2ed75df7,ADATA XPG PYLON Black 450W Non-Modular 80+ Bronze Certified ATX,ADATA,XPG,450W Bronze,,d9bee22b-258a-41a7-9ce4-4e0f2ed75df7.json,BLACK,1,1,0,1,0,2,5,,,80+ Bronze,False,ATX,,,,,,,140,,,,PYLON450B-BKCUS | PYLON450B-BKCAR | PYLON450B-BKCAU | PYLON450B-BKCBR | PYLON450B-BKCCN | PYLON450B-BKCEU | PYLON450B-BKCGB | PYLON450B-BKCJP | PYLON450B-BKCKR | PYLON450B-BKCTW | PYLON450B-BKCZA | PYLON 450,Non-Modular,450
d9e9717e-8c40-4afc-9d0e-4bde2e744e6d,Corsair TX750 V2 750W Non-Modular 80+ Bronze,Corsair,TX750,750W Bronze,,d9e9717e-8c40-4afc-9d0e-4bde2e744e6d.json,,1,1,0,8,0,4,8,,,80+ Bronze,False,ATX,B004MYFODI,,,,,16318802,160,,,,TX750 V2 | CP-9020042-NA | CMPSU-750TXV2,Non-Modular,750
d9f650ee-0f51-4e21-b686-ba23ddf2303b,LC-Power LC V2.31 Black ATX 550W Fully Modular 80+ Platinum Certified,LC-Power,LC,550W Platinum,,d9f650ee-0f51-4e21-b686-ba23ddf2303b.json,BLACK,1,1,0,6,0,4,6,,,80+ Platinum,False,ATX,,,,,,,164,,,,LC550 V2.31,Full,550
da01a7b8-48a6-44b1-a964-cfc90cd9e269,GameMax GM Black Certified ATX 2000W Non-Modular 80+ Gold,GameMax,GM,2000W Gold,,da01a7b8-48a6-44b1-a964-cfc90cd9e269.json,BLACK,1,1,0,5,0,18,9,,,80+ Gold,False,ATX,,,,,,,230,,,,GM-2000,Non-Modular,2000
da1773b7-ca1f-43ac-9235-24e781c2ceba,ADATA XPG FUSION 1600 ATX 1600W Fully Modular 80+ Titanium Certified,ADATA,XPG,1600W Titanium,2023,da1773b7-ca1f-43ac-9235-24e781c2ceba.json,BLACK | GREY,1,2,1,4,2,10,12,Cybenetics Titanium,Cybenetics Standard++,80+ Titanium,False,ATX,B0C8447F53,,,https://www.xpg.com/en/xpg/pc-components-fusion?tab=spec,,3351183022,210,,2026-03-14T06:46:03.869Z,Black,FUSION1600T-BKCUS75261083 | 75261083,Full,1600
da4cd46c-02e2-45df-8408-3c48456a95a3,Fractal Design Ion Gold 650W Fully Modular 80+ Gold Certified ATX,Fractal Design,Ion,650W Gold,,da4cd46c-02e2-45df-8408-3c48456a95a3.json,BLACK,1,1,0,3,0,4,6,,,80+ Gold,False,ATX,B08X1LS7WG,,,,,,150,,,,FD-P-IA2G-650 | FD-P-IA2G-650-EU | FD-P-IA2G-650-UK | FD-P-IA2G-650-US,Full,650
da5c4943-1ffd-4f7f-9f9b-052c37fd6fb9,Thermaltake Toughpower GT 1000W Black,Thermaltake,Toughpower GT,,2025,da5c4943-1ffd-4f7f-9f9b-052c37fd6fb9.json,BLACK,1,2,,1,1,5,2,,,80+ Gold,True,ATX,B0FK3826VH,6665529,,https://www.thermaltake.com/toughpower-gt-1000w.html,N82E16817153475,17499320901,140,None,,Black,PS-TPT-1000FNFAGU-3,Full,1000
da70a7b8-de97-44ab-99c7-edab7f9855dd,Lian Li EDGE GOLD White 1200W Fully Modular 80+ Gold,Lian Li,EDGE,1200W Gold,,da70a7b8-de97-44ab-99c7-edab7f9855dd.json,WHITE,1,0,0,0,0,0,10,,,80+ Gold,False,ATX,,,,,,,182,,,,EG1200G White | EDGE GOLD 1200 White,Full,1200
da7848c3-a6b8-4282-aad5-dd77564287f1,Lian Li EDGE GOLD 1200W Fully Modular 80+ Gold Certified,Lian Li,EDGE,1200W Gold,,da7848c3-a6b8-4282-aad5-dd77564287f1.json,BLACK,1,0,0,0,0,0,10,,,80+ Gold,False,ATX,B0DN1492LG,,,,1HU-01PP-00018R,15140150220,182,,,,EG1200G Black | EDGE GOLD 1200 Black | EG1200G.WH,Full,1200
da8a7560-5212-48b3-aa98-bb33ced586d8,Super Flower Leadex III ARGB White 650W 80+ Gold Certified Fully Modular ATX,Super Flower,Leadex,650W Gold,,da8a7560-5212-48b3-aa98-bb33ced586d8.json,WHITE,1,2,0,4,0,4,6,,,80+ Gold,False,ATX,B08BJZLCP4,,,,,,160,,,,SF-650F14RG | SF-650F14RG V2.0 | B08BJZLCP4-localization,Full,650
da9a9779-d40f-4aa6-a286-09a9a8d06404,SeaSonic Platinum ATX 860W Fully Modular 80+ Platinum Certified,SeaSonic,Platinum,860W Platinum,,da9a9779-d40f-4aa6-a286-09a9a8d06404.json,,1,2,0,5,0,6,10,,,80+ Platinum,False,ATX,,,,,,,160,,,,SS-860XP2,Full,860
daa89d9b-3ba5-41b7-89b5-abbe511849ff,CoolMax ZU-500B ATX 500W Semi-Modular 80+ Bronze Certified,CoolMax,ZU-500B,500W Bronze,,daa89d9b-3ba5-41b7-89b5-abbe511849ff.json,,1,1,0,5,0,1,5,,,80+ Bronze,False,ATX,,,,,,,165,,,,ZU-500B,Semi-Modular,500
dab70b76-ab59-41c0-a408-6a31545b9d29,LC-Power LC6560GP3 V2.3 230V Black 560W Non-Modular 80+ Silver Certified,LC-Power,LC6560GP3,560W Silver,,dab70b76-ab59-41c0-a408-6a31545b9d29.json,BLACK,1,1,0,2,0,2,6,,,80+ Silver,False,ATX,,,,,,,160,,,,LC6560GP3 V2.3,Non-Modular,560
dad6163e-b6fe-4e71-b2bf-f680d5254868,Zalman ZM1000-HP 1000W 80+ Certified Fully Modular,Zalman,ZM1000-HP,1000W 80+,,dad6163e-b6fe-4e71-b2bf-f680d5254868.json,,1,1,0,8,0,3,9,,,80+,False,ATX,,,,,,,210,,,,ZM1000-HP,Full,1000
db02752f-73d0-42f6-be9b-afbaac6109ed,LEPA MaxGold ATX 700W Semi-Modular 80+ Gold Certified,LEPA,MaxGold,700W Gold,,db02752f-73d0-42f6-be9b-afbaac6109ed.json,,1,1,0,4,0,4,9,,,80+ Gold,False,ATX,,,,,,,165,,,,G700-MB,Semi-Modular,700
db17415a-36cd-4711-b350-f34e8ce12b25,BitFenix Formula Gold 750W Non-Modular 80+ Gold Certified ATX,BitFenix,Formula,750W Gold,,db17415a-36cd-4711-b350-f34e8ce12b25.json,,1,2,0,4,0,4,8,,,80+ Gold,False,ATX,,,,,,,140,,,,BP-FM750ULAG-7R | BP-FM750ULAG-8R | BP-FM750ULAG-9R,Non-Modular,750
db262234-84d4-414b-8988-93bb7f14f010,SeaSonic PRIME Platinum 850W Fully Modular 80+ Platinum Certified,SeaSonic,PRIME,850W Platinum,,db262234-84d4-414b-8988-93bb7f14f010.json,,1,2,0,5,0,6,10,,,80+ Platinum,False,ATX,,,,,,,170,,,,SSR-850PD | PRIME PX-850,Full,850
db8723c2-1f8b-4e3a-b8a4-9fe5fc103b82,EVGA SuperNOVA 650 G7 650W 80+ Gold Certified Fully Modular,EVGA,SuperNOVA,650W Gold,,db8723c2-1f8b-4e3a-b8a4-9fe5fc103b82.json,BLACK | BLUE,1,1,0,4,0,3,6,,,80+ Gold,False,ATX,,,,,,,130,,,,220-G7-0650-X1,Full,650
db8c0bd8-f5c7-455a-b17d-0b9053211ce4,Deepcool DN400 ATX 400W Non-Modular,DeepCool,DN400,400W ,,db8c0bd8-f5c7-455a-b17d-0b9053211ce4.json,,1,1,0,3,0,1,5,,,,False,ATX,,,,,,,140,,,,DN400,Non-Modular,400
db8e1947-8b7b-48a3-86fa-a3a4bc82c427,Corsair HX750 ATX 750W Semi-Modular 80+ Gold,Corsair,HX750,750W Gold,,db8e1947-8b7b-48a3-86fa-a3a4bc82c427.json,,1,1,0,8,0,4,12,,,80+ Gold,False,ATX,,,,,,,180,,,,HX750 | CP-9020031-NA | CP-9020031-AU,Semi-Modular,750
dbbbed27-6918-4e3f-86dc-3240f6d1eaff,Corsair RM850 (2019) 850 W 80+ Gold Certified Fully Modular ATX Power Supply,Corsair,RM Series,,2019,dbbbed27-6918-4e3f-86dc-3240f6d1eaff.json,,1,2,0,4,0,6,12,,,80+ Gold,False,ATX,B07RCKG95L,6414236,,,9SIB8AKKAN6949,545392545,160,,,,CP-9020196-NA,Full,850
dbcc3cdb-41c9-433f-aa62-bc37c8263f4a,Zalman TeraMax II White 1200W Fully Modular 80+ Gold Certified,Zalman,TeraMax,1200W Gold,,dbcc3cdb-41c9-433f-aa62-bc37c8263f4a.json,WHITE,1,2,0,3,1,4,12,,,80+ Gold,False,ATX,,,,,,,140,,,,ZM1200-TMX2 WH,Full,1200
dbd0352a-3cef-4403-9a01-db8ff483d16a,MSI MAG A650BNL Black ATX 650W Non-Modular 80+ Bronze Certified,MSI,MAG,650W Bronze,,dbd0352a-3cef-4403-9a01-db8ff483d16a.json,BLACK,1,2,0,2,0,2,5,,,80+ Bronze,False,ATX,B0BSLL996M,,,,,,140,,,,MAG A650BNL | 032138 | MAG A650BNL WHITE,Non-Modular,650
dbdad561-b14b-4212-93b5-01c913c9cfaa,SeaSonic FOCUS Gold 750W Semi-Modular 80+ Gold,SeaSonic,FOCUS,750W Gold,,dbdad561-b14b-4212-93b5-01c913c9cfaa.json,,1,0,0,0,0,0,8,,,80+ Gold,False,ATX,,,,,,,140,,,,SSR-750FM,Semi-Modular,750
dbe47f23-b650-440c-9a0c-9e274ade9724,SHARKOON Rebel P30 Gold Black 850W Fully Modular 80+ Gold Certified ATX,SHARKOON,Rebel,850W Gold,,dbe47f23-b650-440c-9a0c-9e274ade9724.json,BLACK,1,2,0,2,1,4,12,,,80+ Gold,False,ATX,,,,,,,160,,,,REBEL P30 Gold 850 W | 4044951038510,Full,850
dc35fddf-2e82-48fb-9ce0-2435d1ccf793,Montech CENTURY Black ATX 550W Fully Modular 80+ Gold Certified,Montech,CENTURY,550W Gold,,dc35fddf-2e82-48fb-9ce0-2435d1ccf793.json,BLACK,1,2,0,3,0,2,8,,,80+ Gold,False,ATX,,,,,,,140,,,,CENTURY 550,Full,550
dc43dc71-9dd4-424f-a917-bb7924949fcb,SeaSonic FOCUS SPX (2021) SFX 750W Fully Modular 80+ Platinum Certified,SeaSonic,FOCUS,750W Platinum,,dc43dc71-9dd4-424f-a917-bb7924949fcb.json,BLACK,1,1,0,3,0,4,6,,,80+ Platinum,False,SFX,B09LTDRY2L,,,,N82E16817151251,257279028,100,,,,FOCUS-SPX-750-2021 | FOCUS SPX-750 2021 | FOCUS SPX-750 (2021),Full,750
dc839ab8-57fd-423f-b817-340e926cecb0,MSI MPG A650GF Black 650W Fully Modular 80+ Gold,MSI,MPG,650W Gold,,dc839ab8-57fd-423f-b817-340e926cecb0.json,BLACK,1,2,0,5,0,6,8,,,80+ Gold,False,ATX,B08PDV45F8,6447781,,,N82E16817701011,929976308,160,,,,MPG A650GF | 306-7ZP0A11-CE0 | MSI-MPG-A650GF | MPGA650GF,Full,650
dcb5a721-d29a-4b1f-8428-2e5ca7e8fcfb,Antec NeoECO Classic Black 650W Non-Modular 80+ Bronze Certified,Antec,NeoECO,650W Bronze,,dcb5a721-d29a-4b1f-8428-2e5ca7e8fcfb.json,BLACK,1,1,0,3,0,4,8,,,80+ Bronze,False,ATX,,,,,,,140,,,,NE650C,Non-Modular,650
dcb87e1d-6305-4215-acad-6b79ef1da88f,Corsair TX850 850W Non-Modular 80+,Corsair,TX850,850W 80+,,dcb87e1d-6305-4215-acad-6b79ef1da88f.json,,1,1,0,8,0,4,8,,,80+,False,ATX,,,,,,,149,,,,CMPSU-850TX,Non-Modular,850
dcc24ae8-9263-487a-8dbc-4a2a2c846e15,Thermaltake Toughpower Grand RGB Black 850W Fully Modular 80+ Platinum,Thermaltake,Toughpower,850W Platinum,,dcc24ae8-9263-487a-8dbc-4a2a2c846e15.json,BLACK,1,2,0,4,0,6,12,,,80+ Platinum,False,ATX,,,,,,,160,,,,PS-TPG-0850F1FAPU-1 | TPG-0850F1FAPU-1,Full,850
dccd4617-ad1c-42b7-ad3e-c71eb165537c,ASRock Challenger CL-750G Black 750W Non-Modular 80+ Gold,ASRock,Challenger,750W Gold,,dccd4617-ad1c-42b7-ad3e-c71eb165537c.json,BLACK,1,0,0,0,0,0,4,,,80+ Gold,False,ATX,B0DNNH1Q1K,,,,N82E16817955015,14842352740,140,,,,CL-750G | 90-UXC075-GNUAAA,Non-Modular,750
dccfd7f5-bf9f-4a7a-8a03-0f60374195f5,Deepcool DA600N Black ATX 600W Non-Modular 80+ Bronze Certified,DeepCool,DA600N,600W Bronze,,dccfd7f5-bf9f-4a7a-8a03-0f60374195f5.json,BLACK,1,1,0,3,0,2,5,,,80+ Bronze,False,ATX,B01N6NXK9Q,,,,,,140,,,,DP-BZ-DA600N,Non-Modular,600
dcd0c3bf-dddd-43a9-8cad-2bbf854a21d8,Fractal Design Tesla R2 ATX 650W Non-Modular 80+ Gold Certified,Fractal Design,Tesla,650W Gold,,dcd0c3bf-dddd-43a9-8cad-2bbf854a21d8.json,,1,1,0,2,0,2,6,,,80+ Gold,False,ATX,,,,,,,165,,,,Tesla R2 650W White,Non-Modular,650
dd018ef8-c241-4113-8418-3f537f4b47df,Antec VP PLUS Black 600W Non-Modular 80+ Certified,Antec,VP,600W 80+,,dd018ef8-c241-4113-8418-3f537f4b47df.json,BLACK,1,1,0,2,0,2,7,,,80+,False,ATX,,,,,,,140,,,,VP600P PLUS | V3000A102-18 | 0-761345-11656-5 | 0-761345-11654-1,Non-Modular,600
dd03fa30-d6a7-4d81-86f5-6b7276c2816f,Silverstone SFX SFX 800W Fully Modular 80+ Titanium Certified,Silverstone,SFX,800W Titanium,,dd03fa30-d6a7-4d81-86f5-6b7276c2816f.json,,1,1,0,3,0,4,12,,,80+ Titanium,False,SFX,B01NALZ89C,,,,N82E16817256181,882199325,130,,,,SST-SX800-LTISX800-LTI | SST-SX800-LTI | SX800-LTI,Full,800
dd07c08f-0323-48ef-bf35-9523ab9ccd75,Antec NeoECO Classic Black 550W Non-Modular 80+ Bronze Certified,Antec,NeoECO,550W Bronze,,dd07c08f-0323-48ef-bf35-9523ab9ccd75.json,BLACK,1,1,0,3,0,2,8,,,80+ Bronze,False,ATX,,,,,,,140,,,,NE550C,Non-Modular,550
dd2ba194-5122-44b0-9047-a21a81707c54,Chieftec PowerPlay Gold Black / Red 650W Fully Modular 80+ Gold Certified ATX,Chieftec,PowerPlay,650W Gold,,dd2ba194-5122-44b0-9047-a21a81707c54.json,BLACK | RED,1,1,0,3,0,4,9,,,80+ Gold,False,ATX,,,,,,,160,,,,GPU-650FC,Full,650
dd378d5b-1544-4480-84ef-eb154b07f748,Corsair HX850 850W Semi-Modular 80+ Gold,Corsair,HX850,850W Gold,,dd378d5b-1544-4480-84ef-eb154b07f748.json,,1,2,0,12,0,6,12,,,80+ Gold,False,ATX,,,,,,,180,,,,CP-9020032-NA,Semi-Modular,850
dd3b3093-4439-4813-95cc-ad7fd0dd6eef,Phanteks PH-P650GS Black 650W Non-Modular 80+ Gold,Phanteks,PH-P650GS,650W Gold,,dd3b3093-4439-4813-95cc-ad7fd0dd6eef.json,BLACK,1,1,0,3,0,4,6,,,80+ Gold,False,ATX,,,,,,,140,,,,PH-P650GS,Non-Modular,650
dd3c73be-8765-466f-9d0b-7e5ed760ef59,Corsair CX500M 500W Semi-Modular 80+ Bronze Certified,Corsair,CX500M,500W Bronze,,dd3c73be-8765-466f-9d0b-7e5ed760ef59.json,,1,0,0,0,0,0,5,,,80+ Bronze,False,ATX,B00ALK3HF4,,,,,,140,,,,CX500M | CP-9020059-UK | CMPSU-500CXM | CP-9020059-AU | CP-9020059-NA,Semi-Modular,500
dd701dd0-b50f-4d6c-af49-37fbbe6e1906,Cooler Master Elite NEX White Black Mesh 230V ATX 600W Non-Modular 80+,Cooler Master,Elite,600W 80+,,dd701dd0-b50f-4d6c-af49-37fbbe6e1906.json,BLACK,1,0,0,0,0,0,5,,,80+,False,ATX,,,,,,,140,,,,MPW-6001-ACBW-BE1,Non-Modular,600
dd7d4dd5-dca5-4218-8291-38182d8cfe23,Cooler Master MasterWatt 650 W 80+ Bronze Certified Semi-modular ATX Power Supply (MPX-6501-AMAAB-US),Cooler Master,MasterWatt,,0,dd7d4dd5-dca5-4218-8291-38182d8cfe23.json,,1,1,1,3,0,4,9,,,80+ Bronze,False,ATX,B074ZKXM72,5597201,,,9SIAD6HJN24239,209260187,139,,,,MPX-6501-AMAAB-US,Semi-Modular,650
dd83a588-3691-4946-a263-68ea3730cfe1,SeaSonic B12 BC 550W Non-Modular 80+ Bronze,SeaSonic,B12,550W Bronze,,dd83a588-3691-4946-a263-68ea3730cfe1.json,,1,1,0,3,0,2,6,,,80+ Bronze,False,ATX,,,,,,,140,,,,B12-BC-550,Non-Modular,550
dd88c9ed-4471-45cb-8e79-7afb4cf6a5ed,FSP Group PT850FM ATX 850W Fully Modular 80+ Platinum Certified,FSP Group,PT850FM,850W Platinum,,dd88c9ed-4471-45cb-8e79-7afb4cf6a5ed.json,,1,0,0,0,0,0,13,,,80+ Platinum,False,ATX,,,,,,,190,,,,PT850FM,Full,850
dd9a0e74-c22e-4fc1-b6e5-71dcb5180953,Montech TITAN PLA 750W Fully Modular 80+ Platinum Certified,Montech,TITAN,750W Platinum,,dd9a0e74-c22e-4fc1-b6e5-71dcb5180953.json,WHITE,1,2,0,4,1,2,10,,,80+ Platinum,False,ATX,B0DKVMPKZ7,,,,N82E16817959004,,160,,,,TITAN PLA 750W | TITANPLA750WW | TITAN PLA 750,Full,750
dda7f873-b357-41ae-a5ec-118cff4b558e,be quiet! Pure Power L7 350W Non-Modular 80+ Certified,be quiet!,Pure,350W 80+,,dda7f873-b357-41ae-a5ec-118cff4b558e.json,,1,0,0,3,0,1,4,,,80+,False,ATX,,,,,,,140,,,,BN104,Non-Modular,350
ddd9a5fa-cc75-40af-80e7-a0b41d0da35b,ADATA XPG Core Reactor II Black ATX 850W Fully Modular 80+ Gold Certified,ADATA,XPG,850W Gold,,ddd9a5fa-cc75-40af-80e7-a0b41d0da35b.json,BLACK,1,0,0,0,0,0,8,,,80+ Gold,False,ATX,B0CBQVP6SS,,,,N82E16817478006,3837005112,140,,,,COREREACTORII850G-BKCUS | COREREACTORII850G-BKCAU | COREREACTORII850G-BKCEU,Full,850
de09971d-8a76-4f85-9c5d-edd454022e04,Super Flower Leadex Platinum SE White 1000W Fully Modular 80+ Platinum,Super Flower,Leadex,1000W Platinum,,de09971d-8a76-4f85-9c5d-edd454022e04.json,WHITE,1,2,0,5,0,6,10,,,80+ Platinum,False,ATX,,,,,Product,,180,,,,SF-1000F14MP V2 (WH),Full,1000
de0c6f72-d823-4b66-b4bd-e10834bab48a,SeaSonic S12II ATX 350W Non-Modular 80+ Bronze Certified,SeaSonic,S12II,350W Bronze,,de0c6f72-d823-4b66-b4bd-e10834bab48a.json,,1,1,0,2,0,1,3,,,80+ Bronze,False,ATX,,,,,,,140,,,,SSR-350ST,Non-Modular,350
de223342-a0bf-46ea-bc34-04d8e48feb5f,FSP Group Hydro PTM PRO 850W 80+ Platinum Certified Fully Modular ATX,FSP Group,Hydro,850W Platinum,,de223342-a0bf-46ea-bc34-04d8e48feb5f.json,BLACK,1,3,0,5,0,8,14,,,80+ Platinum,False,ATX,,,,,1HU-0095-000N6,,190,,,,HPT2-850M,Full,850
de2d36aa-4ab8-4ec2-bb9b-ee06421c4a66,Antec High Current Gamer 900W Non-Modular 80+ Bronze Certified,Antec,High,900W Bronze,,de2d36aa-4ab8-4ec2-bb9b-ee06421c4a66.json,,1,1,0,6,0,4,9,,,80+ Bronze,False,ATX,,,,,,,180,,,,HCG-900,Non-Modular,900
de2d3f5a-4ff3-48a0-9657-a41992ae4373,EVGA SuperNOVA 850 G3 850W Fully Modular 80+ Gold,EVGA,SuperNOVA,850W Gold,,de2d3f5a-4ff3-48a0-9657-a41992ae4373.json,,1,0,0,0,0,0,9,,,80+ Gold,False,ATX,,,,,,,150,,,,220-G3-0850 | 220-G3-0850-X1 | 220-G3-0850-X2 | 220-G3-0850-X3,Full,850
de4674f2-9f2b-4b68-b191-9192d135cd5a,FSP Hydro G PRO 850 W 80+ Gold Certified Fully Modular ATX,FSP Group,Hydro G Pro,Gen5,2023,de4674f2-9f2b-4b68-b191-9192d135cd5a.json,,1,2,1,5,0,6,14,,,80+ Gold,False,ATX,B0BVD7QWGD,,,,9SIABP9JMU1660,,150,,,,"HG2-850M,Gen5 | PPA8501915 | HG2-850",Full,850
de620a7d-1c6a-47bf-9c05-4d01f3a53b1d,Phanteks Revolt X Black / Silver ATX 1200W Fully Modular 80+ Platinum Certified,Phanteks,Revolt,1200W Platinum,,de620a7d-1c6a-47bf-9c05-4d01f3a53b1d.json,BLACK | GREY,1,4,0,3,0,8,16,,,80+ Platinum,False,ATX,B0CCV7LSQV,,,,N82E16817987022,1516319002,170,,,,PH-P1200PS | PH-P1200PS_US | PH-P1200PS_EU | PH-P1200PR_BK01C,Full,1200
de8ae613-3b4e-43d0-b6a2-eaadc3a3bbcb,Cooler Master V550 ATX 550W Fully Modular 80+ Gold Certified,Cooler Master,V550,550W Gold,,de8ae613-3b4e-43d0-b6a2-eaadc3a3bbcb.json,,1,1,0,3,0,2,6,,,80+ Gold,False,ATX,,,,,,,140,,,,RS550-AFBAG1-US,Full,550
dea2cbfd-720a-4713-92f3-6d0532c8e598,Sparkle R-FSP400-60ETN ATX 400W Non-Modular 80+ Platinum Certified,Sparkle,R-FSP400-60ETN,400W Platinum,,dea2cbfd-720a-4713-92f3-6d0532c8e598.json,,1,1,0,2,0,1,4,,,80+ Platinum,False,ATX,,,,,,,140,,,,R-FSP400-60ETN,Non-Modular,400
deb4b096-7507-4f99-9b67-3efb367f5875,FSP Group VITA-750GM White 750W Fully Modular 80+ Gold,FSP Group,VITA-750GM,750W Gold,,deb4b096-7507-4f99-9b67-3efb367f5875.json,WHITE,1,2,0,4,1,4,8,,,80+ Gold,False,ATX,,,,,,,140,,,,VITA-750GM (White Edition),Full,750
dec8f97a-6160-4e11-aa46-e970d96345d6,Corsair HX1500i (2023) Black ATX 1500W Fully Modular 80+ Platinum Certified,Corsair,HX1500i,1500W Platinum,,dec8f97a-6160-4e11-aa46-e970d96345d6.json,BLACK,1,0,0,0,0,0,8,,,80+ Platinum,False,ATX,B0BZ1JPSF7,6544981,,,N82E16817139320,5086719164,180,,,,CP-9020261-NA | CP-9020261-UK | CP-9020261-WW | CP-9020261-EU | CP-9020261-JP | CP-9020261-AU,Full,1500
def16ce0-8508-49f8-9336-9fb1d672c0ac,Cougar GX-S 550W 80+ Gold Non-Modular,Cougar,GX-S,550W Gold,,def16ce0-8508-49f8-9336-9fb1d672c0ac.json,,1,1,0,3,0,2,5,,,80+ Gold,False,ATX,,,,,,,140,,,,GX-S550,Non-Modular,550
df22adb0-03cd-4231-b029-e443969de4a6,be quiet! Dark Power Pro 12 Black ATX 1500W Fully Modular 80+ Titanium Certified,be quiet!,Dark,1500W Titanium,,df22adb0-03cd-4231-b029-e443969de4a6.json,BLACK,1,2,0,8,0,10,16,,,80+ Titanium,False,ATX,B08HGVZXLP,,,,,,200,,,,BN647 | BN312,Full,1500
df248f37-cc7b-46e8-8b07-4d1152cbd328,Raidmax RX-700AT 700W Semi-modular 80+ Titanium Certified,Raidmax,RX-700AT,700W Titanium,,df248f37-cc7b-46e8-8b07-4d1152cbd328.json,BLACK,1,1,0,4,0,4,8,,,80+ Titanium,False,ATX,,,,,,,165,,,,RX-700AT,Semi-Modular,700
df399cdf-65ed-4f4e-8b11-2c63aa97e3ee,Thermaltake Toughpower Grand 850W 80+ Gold Fully Modular,Thermaltake,Toughpower,850W Gold,,df399cdf-65ed-4f4e-8b11-2c63aa97e3ee.json,,1,2,0,8,0,6,12,,,80+ Gold,False,ATX,,,,,,,180,,,,PS-TPG-0850MPCGUS-1,Full,850
df485c4d-a276-43dd-8359-7ce76261cb22,Silverstone Strider ATX 750W Non-Modular 80+ Bronze Certified,Silverstone,Strider,750W Bronze,,df485c4d-a276-43dd-8359-7ce76261cb22.json,,1,1,0,6,0,0,6,,,80+ Bronze,False,ATX,,,,,,,160,,,,ST75EF,Non-Modular,750
df66473b-b88f-40e4-80c7-47959aad6ef6,Apevia Galaxy ATX 650W Semi-Modular 80+ Gold Certified,Apevia,Galaxy,650W Gold,,df66473b-b88f-40e4-80c7-47959aad6ef6.json,BLACK,1,0,0,0,0,0,4,,,80+ Gold,False,ATX,B094278HKG,,,,9SIA1K6K048467,1117317711,160,,,,ATX-GX650W,Semi-Modular,650
df74c368-e0ad-408e-b65c-a4c858b331bc,OCZ EliteXStream ATX 1000W Non-Modular 80+ Certified,OCZ,EliteXStream,1000W 80+,,df74c368-e0ad-408e-b65c-a4c858b331bc.json,,1,1,0,8,0,4,8,,,80+,False,ATX,,,,,,,160,,,,OCZ1000EXS,Non-Modular,1000
df7c3605-ce48-4c27-b69d-fe8b0e79ee33,Lian Li PE SFX 550W Fully Modular 80+ Gold Certified,Lian Li,PE,550W Gold,,df7c3605-ce48-4c27-b69d-fe8b0e79ee33.json,,1,1,0,3,0,2,12,,,80+ Gold,False,SFX,,,,,,,130,,,,PE-550,Full,550
df85cec5-7c93-497d-b230-24361aae6110,Corsair CV550 Black 550W 80+ Bronze Certified Non-Modular ATX,Corsair,CV550,550W Bronze,,df85cec5-7c93-497d-b230-24361aae6110.json,BLACK,1,0,0,0,0,0,7,,,80+ Bronze,False,ATX,,,,,,,125,,,,CP-9020210-NA | CP-9020210-UK | CP-9020210-EU | CP-9020210-AU,Non-Modular,550
df85e091-2b36-4333-8885-8e22f6955e40,SeaSonic PRIME PX-1600 ATX 3.0 Black / Silver ATX 1600W Fully Modular 80+ Platinum Certified,SeaSonic,PRIME,1600W Platinum,,df85e091-2b36-4333-8885-8e22f6955e40.json,BLACK | GREY,1,0,0,0,0,0,18,,,80+ Platinum,False,ATX,B0C57132H5,,,,N82E16817151260,2557971771,210,,,,ATX3-PRIME-PX-1600 | SSR-1600PD2 | PRIME-PX-1600-ATX30 | PRIME PX-1600 ATX 3(SSR-1600PD2) | Prime PX-1600 ATX 3.1,Full,1600
dfa19361-387f-44f8-9318-49cc0da668da,be quiet! Straight Power 10 700W 80+ Gold Non-Modular,be quiet!,Straight,700W Gold,,dfa19361-387f-44f8-9318-49cc0da668da.json,,1,1,0,4,0,4,11,,,80+ Gold,False,ATX,,,,,,,160,,,,BN233,Non-Modular,700
dfb41a2e-76b4-421e-add3-1b6bd9c80e38,Rosewill Capstone G1200 1200W Semi-Modular 80+ Gold,Rosewill,Capstone,1200W Gold,,dfb41a2e-76b4-421e-add3-1b6bd9c80e38.json,,1,0,0,0,0,0,12,,,80+ Gold,False,ATX,,,,,,,160,,,,Capstone G1200,Semi-Modular,1200
dfb6b531-6c16-45f4-a82c-3b02aabb68f1,Thermaltake Smart ATX 730W Non-Modular 80+ Certified,Thermaltake,Smart,730W 80+,,dfb6b531-6c16-45f4-a82c-3b02aabb68f1.json,,1,1,0,4,0,4,8,,,80+,False,ATX,,,,,,,139,,,,SP-730P,Non-Modular,730
dfc3c673-8a27-4ac9-bfa5-bb53876c09dd,Thermaltake Toughpower 1000W Semi-Modular 80+ Gold,Thermaltake,Toughpower,1000W Gold,,dfc3c673-8a27-4ac9-bfa5-bb53876c09dd.json,,1,2,0,8,0,6,12,,,80+ Gold,False,ATX,,,,,,,180,,,,PS-TPD-1000MPCGUS-1,Semi-Modular,1000
dfcec9b4-e4e3-4c44-b7fc-f4d11067f30b,SeaSonic G ATX 360W Non-Modular 80+ Gold Certified,SeaSonic,G,360W Gold,,dfcec9b4-e4e3-4c44-b7fc-f4d11067f30b.json,,1,1,0,3,0,0,4,,,80+ Gold,False,ATX,,,,,,,139,,,,SSR-360GP,Non-Modular,360
dfefcff6-8b3d-405d-9773-3aeeaaf2ffd0,SeaSonic X ATX 1050W 80+ Gold Certified Fully Modular,SeaSonic,X,1050W Gold,,dfefcff6-8b3d-405d-9773-3aeeaaf2ffd0.json,,1,2,0,5,0,6,14,,,80+ Gold,False,ATX,,,,,,,190,,,,X-1050 | PSUSEAX1050WMGD | SS-1050XM2,Full,1050
e0018058-81db-473d-851e-b9131ac339fc,Segotep GF SFX 750W Fully Modular 80+ Gold Certified,Segotep,GF,750W Gold,,e0018058-81db-473d-851e-b9131ac339fc.json,BLACK | GREY,1,1,0,3,0,4,4,,,80+ Gold,False,SFX,B08SLNLQ59,,,,,,100,,,,CP-PSU-ST-GF750-SFX,Full,750
e02d9a32-3456-4120-93ab-dd48b7e730ba,be quiet! Straight Power 12 Black 1200W Fully Modular 80+ Platinum Certified ATX,be quiet!,Straight Power 12,1200W,2023,e02d9a32-3456-4120-93ab-dd48b7e730ba.json,BLACK,1,2,0,2,2,4,9,,,80+ Platinum,False,ATX,B0CC88BCG9,,,https://www.bequiet.com/en/powersupply/4656,1HU-004H-000T3,,180,,2026-03-16T14:26:22.537Z,,BN528 | BN517,Full,1200
e051c69f-13b5-4762-b5c0-14690cab059a,MSI MPG A850GF 850W Fully Modular 80+ Gold,MSI,MPG,850W Gold,,e051c69f-13b5-4762-b5c0-14690cab059a.json,BLACK,1,2,0,5,0,6,8,,,80+ Gold,False,ATX,B08PDZQZN2,,,,9SIAJEPK6W7203,649103463,160,,,,MPG A850GF | 306-7ZP0C11-CE0 | 306-7ZP0C18-CE0 | MPGA850GF,Full,850
e0802675-a23b-4a33-9d43-0a237439c060,YEYIAN Raiden Black 750W Non-Modular 80+ Bronze Certified ATX,YEYIAN,Raiden,750W Bronze,,e0802675-a23b-4a33-9d43-0a237439c060.json,BLACK,1,1,0,3,0,2,6,,,80+ Bronze,False,ATX,,,,,,,140,,,,YFB-75000-01,Non-Modular,750
e0a4fd10-435b-479e-a893-c47b91636b40,Inter-Tech Coba Nitrox Nobility Black / Orange 800W Semi-Modular 80+ Silver,Inter-Tech,Coba,800W Silver,,e0a4fd10-435b-479e-a893-c47b91636b40.json,BLACK | ORANGE,1,2,0,3,0,4,6,,,80+ Silver,False,ATX,,,,,,,160,,,,88882062,Semi-Modular,800
e0b5133c-a3e9-4942-975e-94fe1f977845,Zalman ACRUX 850W Fully Modular 80+ Platinum Certified ATX,Zalman,ACRUX,850W Platinum,,e0b5133c-a3e9-4942-975e-94fe1f977845.json,BLACK | GREY,1,2,0,8,0,6,12,,,80+ Platinum,False,ATX,,,,,,,180,,,,ZM850-ARX,Full,850
e0c41e1e-4920-4f1f-aa82-07688851f75d,Antec VP ATX 450W Non-Modular,Antec,VP,450W ,,e0c41e1e-4920-4f1f-aa82-07688851f75d.json,,1,1,0,4,0,0,4,,,,False,ATX,,,,,,,149,,,,VP-450,Non-Modular,450
e12f8d91-dd65-48b5-b3b0-3bab8aa2a1d0,Raidmax Vampire ATX 900W Semi-Modular 80+ Gold Certified,Raidmax,Vampire,900W Gold,,e12f8d91-dd65-48b5-b3b0-3bab8aa2a1d0.json,,1,1,0,6,0,6,8,,,80+ Gold,False,ATX,,,,,,,165,,,,RX-900GH,Semi-Modular,900
e193756c-4688-412f-b9d0-26ad7f403d34,XFX ProSeries 450W Non-Modular 80+ Bronze,XFX,ProSeries,450W Bronze,,e193756c-4688-412f-b9d0-26ad7f403d34.json,,1,1,0,3,0,2,6,,,80+ Bronze,False,ATX,,,,,,,139,,,,P1-450S-X2B9,Non-Modular,450
e19a4a74-26af-4d90-a319-bef5be7af01e,KOLINK Continuum V2 Black 1200W Fully Modular 80+ Platinum Certified ATX,KOLINK,Continuum,1200W Platinum,,e19a4a74-26af-4d90-a319-bef5be7af01e.json,BLACK,1,2,0,8,0,12,8,,,80+ Platinum,False,ATX,,,,,,,180,,,,KL-C1200PL-B,Full,1200
e1b4e31b-402e-44c9-a3eb-ab1ff40782ec, GIGABYTE AORUS ELITE P850W 80+ Platinum Modular PCIe 5.1 ICE ,Gigabyte,Elite,ELITE P850W 80+ Platinum Modular PCIe 5.1 ICE,,e1b4e31b-402e-44c9-a3eb-ab1ff40782ec.json,WHITE,1,2,,4,1,6,8,,,,,ATX,B0DJFL1JW6,,,https://www.gigabyte.com/Power-Supply/GP-AE850PM-PG5-ICE-rev-11/sp#s,,,150,,2025-12-10T15:55:41.259Z,,GP-AE850PM PG5 ICE | GP-AE850PM PG5 ICE EU | 28200-AE85W-1CEUR | GP-AE850PM PG5 ICE UK,Full,850
e1c0ff81-1b99-4412-ad56-627c5eee74ce,Antec True Power 750W Fully Modular 80+ Bronze,Antec,True,750W Bronze,,e1c0ff81-1b99-4412-ad56-627c5eee74ce.json,,1,1,0,9,0,2,9,,,80+ Bronze,False,ATX,,,,,,,150,,,,TP-750 Blue,Full,750
e1c1c0c9-7391-47c6-9e73-eb56196d6687,EVGA SuperNOVA 850 G6 850W Fully Modular 80+ Gold Certified,EVGA,SuperNOVA,850W Gold,,e1c1c0c9-7391-47c6-9e73-eb56196d6687.json,BLACK,1,0,0,0,0,0,9,,,80+ Gold,False,ATX,B099821FWG,,,,N82E16817438212,701065601,140,,,,220-G6-0850-X1,Full,850
e1cf647c-efca-4fc8-a286-e762b6f3a684,Antec EarthWatts Platinum 650W Non-Modular 80+ Platinum Certified,Antec,EarthWatts,650W Platinum,,e1cf647c-efca-4fc8-a286-e762b6f3a684.json,,1,1,0,4,0,2,6,,,80+ Platinum,False,ATX,,,,,,,140,,,,EA-650 Platinum,Non-Modular,650
e1d46188-12e4-406b-ba64-3e50e4f2b233,be quiet! System Power 10 Black 650W Non-Modular 80+ Bronze Certified,be quiet!,System,650W Bronze,,e1d46188-12e4-406b-ba64-3e50e4f2b233.json,BLACK,1,0,0,0,0,0,5,,,80+ Bronze,False,ATX,B0BJVL2PWD,,,,,,140,,,,BN328 | S10-650W,Non-Modular,650
e1eb94ab-d7e5-4c34-af2c-d65cf9336f3b,FSP Group SFX Pro Certified SFX 350W Non-Modular 80+ Bronze,FSP Group,SFX,350W Bronze,,e1eb94ab-d7e5-4c34-af2c-d65cf9336f3b.json,BLACK,1,1,0,3,0,2,3,,,80+ Bronze,False,SFX,,,,,,,100,,,,FSP350-50SAC-R,Non-Modular,350
e1f45ccd-0eb5-4659-b366-51c59a24c5bf,MSI MEG Ai1000P PCIE5 Black / Copper ATX 1000W Fully Modular 80+ Platinum Certified,MSI,MEG,1000W Platinum,,e1f45ccd-0eb5-4659-b366-51c59a24c5bf.json,BLACK | GOLD,1,2,0,4,1,8,12,,,80+ Platinum,False,ATX,B0B433KXLJ,,,,9SIAPH8KD05042,2125961522,160,,,,MEG Ai1000P PCIE5 | MEGAI1000PPCIE5,Full,1000
e201bc34-b84c-4233-a8c8-c16458586a5d,Antec High Current Gamer 520W Semi-Modular 80+ Bronze Certified,Antec,High,520W Bronze,,e201bc34-b84c-4233-a8c8-c16458586a5d.json,,1,1,0,4,0,2,5,,,80+ Bronze,False,ATX,,,,,,,160,,,,HCG-520M,Semi-Modular,520
e21a2a17-bcd4-465f-b209-ade24bd4ed9e,Cooler Master MWE Bronze Black 450W Non-Modular 80+ Bronze Certified ATX,Cooler Master,MWE,450W Bronze,,e21a2a17-bcd4-465f-b209-ade24bd4ed9e.json,BLACK,1,1,0,3,0,2,4,,,80+ Bronze,False,ATX,,,,,,,140,,,,MPX-4501-ACAAB-US | MPX-4501-ACAAB-AU | MPX-4501-ACAAB-EU | MPX-4501-ACAAB-UK | MPX-4501-ACAAB-JP | MPX-4501-ACAAB-KR,Non-Modular,450
e2231c9f-de6b-4130-b2ac-8cf6e06f4b12,FSP Group HYPER S Black 600W Non-Modular 80+ Certified,FSP Group,HYPER,600W 80+,,e2231c9f-de6b-4130-b2ac-8cf6e06f4b12.json,BLACK,1,0,0,0,0,0,6,,,80+,False,ATX,,,,,,,140,,,,HP600S,Non-Modular,600
e235070e-a3ed-471d-9a22-d9c523c3fbc6,Cooler Master MWE GOLD V2 750W Non-Modular 80+ Gold,Cooler Master,MWE,750W Gold,,e235070e-a3ed-471d-9a22-d9c523c3fbc6.json,BLACK,1,2,0,4,0,4,12,,,80+ Gold,False,ATX,,,,,,,140,,,,MPE-7501-ACAAG,Non-Modular,750
e24f92cb-5c31-4c1c-bd80-2f451ab4b085,KOLINK Core Black ATX 400W Non-Modular 80+ Certified,KOLINK,Core,400W 80+,,e24f92cb-5c31-4c1c-bd80-2f451ab4b085.json,BLACK,1,1,0,2,0,1,4,,,80+,False,ATX,,,,,,,140,,,,KL-C400 | PGW-PS-KOL-005,Non-Modular,400
e263d6ac-ae76-4aa6-866c-cdbb2dd0ce93,Fractal Design Tesla R2 500W Non-Modular 80+ Gold,Fractal Design,Tesla,500W Gold,,e263d6ac-ae76-4aa6-866c-cdbb2dd0ce93.json,,1,1,0,2,0,2,5,,,80+ Gold,False,ATX,,,,,,,165,,,,Tesla R2 500W,Non-Modular,500
e269b1f4-3093-41bc-b44d-a390013b0908,Montech CENTURY G5 Black 750W Fully Modular 80+ Gold Certified,Montech,CENTURY,750W Gold,,e269b1f4-3093-41bc-b44d-a390013b0908.json,BLACK,1,0,0,0,0,0,6,,,80+ Gold,False,ATX,B0CJXG1HJ4,,,,,,140,,,,CENTURY G5 750W,Full,750
e277dbda-4cbb-4aad-9cfd-0805a7720920,Corsair CX750M (2021) 750W Semi-Modular 80+ Bronze Certified ATX,Corsair,CX750M,750W Bronze,,e277dbda-4cbb-4aad-9cfd-0805a7720920.json,BLACK,1,0,0,0,0,0,8,,,80+ Bronze,False,ATX,B093ND8LML,,,,N82E16817139276,515327800,140,,,,CP-9020222-NA | CP-9020222-UK | CP-9020222-EU | CP-9020222-AU,Semi-Modular,750
e27a6903-f314-46bb-8239-08d9515c7fd9,Thermalright TPFX750 SFX 750W Fully Modular 80+ Platinum Certified,Thermalright,TPFX750,750W Platinum,,e27a6903-f314-46bb-8239-08d9515c7fd9.json,WHITE,1,1,0,3,1,4,6,,,80+ Platinum,False,SFX,,,,,,,100,,,,TPFX750-W,Full,750
e2a2a398-0d22-4fc8-abcd-73b90fc74ab6,Cooler Master MWE Bronze V2 ATX 700W Non-Modular 80+ Bronze Certified,Cooler Master,MWE,700W Bronze,,e2a2a398-0d22-4fc8-abcd-73b90fc74ab6.json,BLACK,1,2,0,4,0,4,8,,,80+ Bronze,False,ATX,,,,,,,140,,,,MPE-7001-ACAAB-US | MPE-7001-ACAAB-AU | MPE-7001-ACAAB-EU | MPE-7001-ACAAB-UK | MPE-7001-ACAAB-IN,Non-Modular,700
e2c32ce0-ecf0-4cda-8d16-34e115e47f8e,Cooler Master MasterWatt Lite Full Range ATX 500W Non-Modular 80+ Certified,Cooler Master,MasterWatt,500W 80+,,e2c32ce0-ecf0-4cda-8d16-34e115e47f8e.json,,1,1,0,3,0,2,6,,,80+,False,ATX,,,,,,,140,,,,MPX-5001-ACAAW | MPX-5001-ACAAW-AU | MPX-5001-ACAAW-EU | MPX-5001-ACAAW-JP | MPX-5001-ACAAW-KR | MPX-5001-ACAAW-TW | MPX-5001-ACAAW-US | MPX-5001-ACAAW-WO | MPX-5001-ACAAW-BR | MPX-5001-ACAAW-UK | MPX-5001-ACAAW-BU | MPX-5001-ACAAW-CN,Non-Modular,500
e2e4bae2-47ed-4117-8c0d-1d4a1f0a0c9a,Apevia ATX-VS450W ATX 450W Non-Modular,Apevia,ATX-VS450W,450W ,,e2e4bae2-47ed-4117-8c0d-1d4a1f0a0c9a.json,,1,0,0,3,0,0,3,,,,False,ATX,,,,,,,140,,,,ATX-VS450W,Non-Modular,450
e31f539a-6b79-4ca9-b213-9a59868801d6,SeaSonic PRIME TX-1300 Black / Silver ATX 3.0 1300W Fully Modular 80+ Titanium Certified,SeaSonic,PRIME,1300W Titanium,,e31f539a-6b79-4ca9-b213-9a59868801d6.json,BLACK | GREY,1,0,0,0,0,0,18,,,80+ Titanium,False,ATX,B0C572JWW9,,,,N82E16817151261,1845053640,210,,,,ATX3-PRIME-TX-1300 | SSR-1300TR2 | PRIME-TX-1300-ATX30 | PRIME-TX-1300-ATX3 | PRIME TX-1300 ATX 3.0,Full,1300
e32eb70a-b371-4a22-a870-3b903d3166d5,Rosewill Stallion ATX 500W Non-Modular,Rosewill,Stallion,500W ,,e32eb70a-b371-4a22-a870-3b903d3166d5.json,,1,1,0,2,0,0,4,,,,False,ATX,,,,,,,140,,,,RD500-2DB,Non-Modular,500
e343ac72-4e6e-4f7d-abc6-ef25220d2fc6,PC Power & Cooling T12W 1200W Non-Modular,PC Power & Cooling,T12W,1200W ,,e343ac72-4e6e-4f7d-abc6-ef25220d2fc6.json,,1,2,0,8,0,3,8,,,,False,ATX,,,,,,,231,,,,T12W,Non-Modular,1200
e3536871-6fa1-4c7f-b952-13e0fc422faa,Thermaltake Toughpower ATX 1200W Semi-Modular 80+ Gold,Thermaltake,Toughpower,1200W Gold,,e3536871-6fa1-4c7f-b952-13e0fc422faa.json,,1,2,0,8,0,8,12,,,80+ Gold,False,ATX,,,,,,,180,,,,PS-TPD-1200MPCGUS-1,Semi-Modular,1200
e376caaf-a420-4404-ac09-a9442f5794cd,Rosewill Quark ATX 550W Fully Modular 80+ Platinum Certified,Rosewill,Quark,550W Platinum,,e376caaf-a420-4404-ac09-a9442f5794cd.json,,1,1,0,4,0,2,6,,,80+ Platinum,False,ATX,,,,,,,160,,,,Quark 550,Full,550
e38fff78-d2b4-4ec6-a028-907c9da0b167,LC-Power LC6350 V2.3 Black 350W Non-Modular 80+ Bronze Certified,LC-Power,LC6350,350W Bronze,,e38fff78-d2b4-4ec6-a028-907c9da0b167.json,BLACK,1,1,0,2,0,1,4,,,80+ Bronze,False,ATX,,,,,,,140,,,,LC6350V23,Non-Modular,350
e391d84b-1792-4193-b194-ea79e479dd14,EVGA 550 B3 550W 80+ Bronze Certified Fully Modular,EVGA,550,550W Bronze,,e391d84b-1792-4193-b194-ea79e479dd14.json,,1,1,0,3,0,2,6,,,80+ Bronze,False,ATX,,,,,,,150,,,,220-B3-0550-V1 | 220-B3-0550-V3 | 220-B3-0550-V2,Full,550
e39288ef-ff19-49d1-bfac-ec3f6781727b,SeaSonic S12G 450W Non-Modular 80+ Gold Certified,SeaSonic,S12G,450W Gold,,e39288ef-ff19-49d1-bfac-ec3f6781727b.json,,1,1,0,3,0,2,8,,,80+ Gold,False,ATX,,,,,,,139,,,,S12G-450,Non-Modular,450
e3a631ce-9eaa-43bd-a44d-d6bd6bd24cb8,NZXT HALE90 V2 850W 80+ Gold Certified Fully Modular,NZXT,HALE90,850W Gold,,e3a631ce-9eaa-43bd-a44d-d6bd6bd24cb8.json,,1,2,0,14,0,6,12,,,80+ Gold,False,ATX,,,,,,,190,,,,PS-H9V2-085,Full,850
e3b0c87f-e1c5-4b02-a76f-eaa455003bd4,Cougar GX V3 Black / Gold 800W Semi-Modular 80+ Gold Certified ATX,Cougar,GX,800W Gold,,e3b0c87f-e1c5-4b02-a76f-eaa455003bd4.json,BLACK | GOLD,1,1,0,4,0,4,10,,,80+ Gold,False,ATX,,,,,,,160,,,,GX800V3 | R,Semi-Modular,800
e3c588c2-d452-4700-b8b8-1ca5397f1eb9,be quiet! SFX L Power Black SFX 500W Fully Modular 80+ Gold Certified,be quiet!,SFX,500W Gold,,e3c588c2-d452-4700-b8b8-1ca5397f1eb9.json,BLACK,1,0,0,0,0,0,6,,,80+ Gold,False,SFX,B07MCGSFN9,,,,,,130,,,,BN214 | BN614 | BN238,Full,500
e3d6bcaf-0875-4e7a-bab2-0c9caac726c4,Lian Li SX Platinum 850W SXP Compact ATX Form Factor Power Supply w/ 12V-2x6 Cable - ATX 3.1 & PCIE 5.1 Compliant - 140mm Fan - Full Modular - White (SX0850P.W),Lian Li,SX Platinum,850W ,2025,e3d6bcaf-0875-4e7a-bab2-0c9caac726c4.json,WHITE,1,2,,1,1,3,2,Cybenetics Platinum,Cybenetics A,80+ Platinum,False,ATX,B0G2MNQWCL,,,https://lian-li.com/product/sx-platinum/,,,140,,2025-12-28T22:23:20.903Z,,SX0850P.W | G9P.SX0850P.W000.UK,Full,850
e3d7d286-efd5-4aa1-b7c2-78177d46c5d3,Deepcool PN650D White 650W Non-Modular 80+ Gold Certified,DeepCool,PN650D,650W Gold,,e3d7d286-efd5-4aa1-b7c2-78177d46c5d3.json,WHITE,1,2,0,2,1,3,6,,,80+ Gold,False,ATX,,,,,,,140,,,,R-PN650D-FC0W-US | R-PN650D-FC0W-UK | R-PN650D-FC0W-EU | R-PN650D-FC0W-WO | PN650D WH,Non-Modular,650
e3e4e590-edb6-4e17-aa9f-cd92b725e40e,Apevia Beast ATX 550W Non-Modular,Apevia,Beast,550W ,,e3e4e590-edb6-4e17-aa9f-cd92b725e40e.json,,1,1,0,4,0,1,4,,,,False,ATX,,,,,,,140,,,,ATX-BT550W,Non-Modular,550
e400900e-62e9-4b6a-954f-c050d2deaece,Thermaltake Smart BM2 650W 80+ Bronze Certified Semi-Modular,Thermaltake,Smart,650W Bronze,,e400900e-62e9-4b6a-954f-c050d2deaece.json,BLACK,1,2,0,4,0,4,6,,,80+ Bronze,False,ATX,B08CBX143K,,,,,714126592,160,,,,PS-SPD-0650MNFABU-1 | PS-SPD-0650MNFABA-1 | PS-SPD-0650MNFABE-1 | PS-SPD-0650MNFABK-1 | Smart BM2 650W Semi Modular 80 P,Semi-Modular,650
e404cece-1d35-4ce1-872d-458e23873f18,Vetroo CP-PSU-VT-850W-SFX Black SFX 850W Fully Modular 80+ Gold,Vetroo,CP-PSU-VT-850W-SFX,850W Gold,,e404cece-1d35-4ce1-872d-458e23873f18.json,BLACK,1,0,0,0,0,0,4,,,80+ Gold,False,SFX,B0F43RWFL2,,,,,,99,,,,CP-PSU-VT-850W-SFX (BK) | 850SFX,Full,850
e4101b94-e60c-4ac4-93ca-974a2317f140,Super Flower Leadex III Super Pro 850W Fully Modular 80+ Bronze,Super Flower,Leadex,850W Bronze,,e4101b94-e60c-4ac4-93ca-974a2317f140.json,BLACK,1,2,0,4,0,6,9,,,80+ Bronze,False,ATX,,,,,,,150,,,,SF- 850R14HE,Full,850
e42f3c8a-0e49-4f6f-912f-5d246371415d,EVGA 450 W3 Black 450W Non-Modular 80+ Certified,EVGA,450,450W 80+,,e42f3c8a-0e49-4f6f-912f-5d246371415d.json,BLACK,1,1,0,3,0,2,6,,,80+,False,ATX,B0B16GMLGN,,,,,399185990,140,,,,100-W3-0450-K1,Non-Modular,450
e4329de0-516e-47a4-9c93-f47a4604e63a,YEYIAN Raiden Black ATX 650W Non-Modular 80+ Bronze Certified,YEYIAN,Raiden,650W Bronze,,e4329de0-516e-47a4-9c93-f47a4604e63a.json,BLACK,1,1,0,3,0,2,6,,,80+ Bronze,False,ATX,,,,,,,140,,,,YFB-65000-01,Non-Modular,650
e462efe3-4115-47bf-832e-4d94e5f47511,Silverstone Strider Titanium 1500W 80+ Titanium Fully Modular,Silverstone,Strider,1500W Titanium,,e462efe3-4115-47bf-832e-4d94e5f47511.json,BLACK | BLUE,1,2,0,6,0,8,16,,,80+ Titanium,False,ATX,,,,,,,180,,,,SST-ST1500-TI,Full,1500
e475af36-e735-405a-be11-7b36be6671c5,Thermaltake Toughpower GF A3 Black ATX 3.0 1050W Fully Modular 80+ Gold,Thermaltake,Toughpower,1050W Gold,,e475af36-e735-405a-be11-7b36be6671c5.json,BLACK,1,2,0,4,1,5,12,,,80+ Gold,False,ATX,,,,,,,140,,,,PS-TPD-1050FNFAGA-H,Full,1050
e47fc23d-662b-4296-8092-fcd333d24513,SeaSonic PRIME Ultra Titanium 750W 80+ Titanium Fully Modular,SeaSonic,PRIME,750W Titanium,,e47fc23d-662b-4296-8092-fcd333d24513.json,,1,0,0,0,0,0,10,,,80+ Titanium,False,ATX,,,,,,,170,,,,SSR-750TR,Full,750
e499b133-6372-452d-b4f8-499feb0fdeab,Thermaltake Toughpower DPS G 1050W 80+ Platinum Certified Fully Modular,Thermaltake,Toughpower,1050W Platinum,,e499b133-6372-452d-b4f8-499feb0fdeab.json,,1,0,0,0,0,0,12,,,80+ Platinum,False,ATX,,,,,,,180,,,,PS-TPG-1200DPCPUS-P,Full,1050
e4aef331-795c-471e-8b44-fd7e02f68d24,Cooler Master V650 ATX 650W Fully Modular 80+ Gold Certified,Cooler Master,V650,650W Gold,,e4aef331-795c-471e-8b44-fd7e02f68d24.json,,1,1,0,6,0,2,8,,,80+ Gold,False,ATX,B0185C5XXS,,,,,49361546,140,,,,RS650-AFBAG1-US,Full,650
e4b72cb6-739e-4149-8993-d492ab040766,Antec VP PLUS ATX 650W Non-Modular 80+ Certified,Antec,VP,650W 80+,,e4b72cb6-739e-4149-8993-d492ab040766.json,,1,1,0,2,0,2,7,,,80+,False,ATX,,,,,,,140,,,,VP650 Plus,Non-Modular,650
e4f81e01-9f55-4088-9f23-a9b3dacbe08c,SeaSonic G12 GC Black / Blue 750W Non-Modular 80+ Gold,SeaSonic,G12,750W Gold,,e4f81e01-9f55-4088-9f23-a9b3dacbe08c.json,BLACK | BLUE,1,2,0,3,0,3,6,,,80+ Gold,False,ATX,B0DYPJR2TN,,,,,,140,,,,G12-GC-750 | 796298 | SSP-750RT2,Non-Modular,750
e5434e61-1a96-4bb1-90cd-5f94382cc2ff,Thermaltake Toughpower iRGB PLUS 1250W Fully Modular 80+ Titanium Certified,Thermaltake,Toughpower,1250W Titanium,,e5434e61-1a96-4bb1-90cd-5f94382cc2ff.json,,1,2,0,8,0,4,16,,,80+ Titanium,False,ATX,,,,,,,200,,,,PS-TPI-1250DPCTUS-T | PS-TPI-1250DPCTAU-T | PS-TPI-1250DPCTEU-T,Full,1250
e544099a-38be-44ec-834a-2802432dd1ad,Lian Li SX Platinum 1200W SXP Compact ATX Form Factor Power Supply w/ 12V-2x6 Cable - ATX 3.1 & PCIE 5.1 Compliant - 140mm Fan - Full Modular - 10 Year Warranty - Black (SX1200P.B),Lian Li,SX Platinum,1200W White,2025,e544099a-38be-44ec-834a-2802432dd1ad.json,BLACK,1,2,,1,1,3,2,,,80+ Platinum,,ATX,B0FPCFQ8TP,,,https://lian-li.com/product/sx-platinum/,9SIAFSTKKB5231,19427402395,140,,2025-12-31T20:29:07.308Z,,SX1200P.B,Full,1200
e54edb37-1759-4ec7-80ed-c4abfb2dc7e2,KOLINK Regulator Black ATX 850W Fully Modular 80+ Gold Certified,KOLINK,Regulator,850W Gold,,e54edb37-1759-4ec7-80ed-c4abfb2dc7e2.json,BLACK,1,2,0,4,1,4,6,,,80+ Gold,False,ATX,,,,,,,140,,,,KL-R850FG,Full,850
e560e375-0c30-4c89-8282-6c94f419ab87,CoolMax ZU-900B ATX 900W Semi-Modular 80+ Bronze Certified,CoolMax,ZU-900B,900W Bronze,,e560e375-0c30-4c89-8282-6c94f419ab87.json,,1,2,0,6,0,2,9,,,80+ Bronze,False,ATX,,,,,,,175,,,,ZU-900B,Semi-Modular,900
e58a70de-6923-455d-9cad-0e7e3d2294ed,Fractal Design Anode Bronze Black 550W Semi-Modular 80+ Bronze Certified ATX,Fractal Design,Anode,550W Bronze,,e58a70de-6923-455d-9cad-0e7e3d2294ed.json,BLACK,1,1,0,2,0,4,5,,,80+ Bronze,False,ATX,,,,,,,140,,,,FD-P-AA1B-550 | FD-P-AA1B-550-UK | FD-P-AA1B-550-EU,Semi-Modular,550
e58ac1c8-6cb2-41bf-a049-4330aaaf0617,Apex AG-M Black ATX 850W Fully Modular 80+ Gold,Apex,AG-M,850W Gold,,e58ac1c8-6cb2-41bf-a049-4330aaaf0617.json,BLACK,1,2,0,4,0,6,10,,,80+ Gold,False,ATX,B075XGBBBS,,,,,956816699,160,,,,AG-850M,Full,850
e592add1-a9f9-4773-b9b3-414edf6ff936,EVGA 500 BQ 500 W 80+ Bronze Certified Semi-modular ATX,EVGA,500,500W Bronze,,e592add1-a9f9-4773-b9b3-414edf6ff936.json,,1,1,0,3,0,2,6,,,80+ Bronze,False,ATX,,,,,,,140,,,,110-BQ-0500-K1 | 110-BQ-0500-K2 | 110-BQ-0500-K3,Semi-Modular,500
e5a43e21-2c12-4f3d-940e-11eb9c14c7bd,KOLINK ENCLAVE Black / Yellow 500W Fully Modular 80+ Gold Certified,KOLINK,ENCLAVE,500W Gold,,e5a43e21-2c12-4f3d-940e-11eb9c14c7bd.json,BLACK | YELLOW,1,1,0,4,0,0,5,,,80+ Gold,False,ATX,B07X9XCQ4M,,,,,,160,,,,KL-G500FM,Full,500
e5c8918c-c5d9-4437-b887-a41b71ad385e,Chieftec Vega M Black / Blue 850W Fully Modular 80+ Gold,Chieftec,Vega,850W Gold,,e5c8918c-c5d9-4437-b887-a41b71ad385e.json,BLACK | BLUE,1,0,0,0,0,0,6,,,80+ Gold,False,ATX,,,,,,,150,,,,PPG-850-C,Full,850
e5d552f2-3d56-4ccc-8a1f-93f916aef311,Asus ROG Strix Black 1000W Fully Modular 80+ Platinum Certified,Asus,ROG,1000W Platinum,,e5d552f2-3d56-4ccc-8a1f-93f916aef311.json,BLACK,1,0,0,0,0,0,6,,,80+ Platinum,False,ATX,B09T9NQZY7,,,,N82E16817320054,15509918784,150,,,,90YE00W1-B0NA00 | ROG-STRIX-1000P-GAMING,Full,1000
e6019b64-3256-4c31-991a-3cc979244680,Cooler Master Elite V3 Black 500W Non-Modular,Cooler Master,Elite,500W ,,e6019b64-3256-4c31-991a-3cc979244680.json,BLACK,1,1,0,3,0,2,6,,,,False,ATX,B07CZ1LY3K,,,,,354770220,140,,,,MPW-5001-ACAAN1-US,Non-Modular,500
e61d6bc8-c2ef-4021-a40b-6329b234b8b7,Athena Power AP-MFATX40P8 Flex ATX 400W Non-Modular 80+ Bronze Certified,Athena Power,AP-MFATX40P8,400W Bronze,,e61d6bc8-c2ef-4021-a40b-6329b234b8b7.json,,1,1,0,2,0,2,3,,,80+ Bronze,False,Flex ATX,B0137D0TNO,,,,,47842658,150,,,,AP-MFATX40P8 | 4328505557,Non-Modular,400
e63dbb66-a445-43d7-9ae0-c9899a7568ea,Thermaltake Toughpower Grand 700W Semi-Modular 80+ Platinum,Thermaltake,Toughpower,700W Platinum,,e63dbb66-a445-43d7-9ae0-c9899a7568ea.json,,1,2,0,6,0,4,8,,,80+ Platinum,False,ATX,,,,,,,180,,,,TPG-700M,Semi-Modular,700
e645c3f5-1682-4920-9f69-853f17aa3df8,EVGA SuperNOVA NEX750B 750W Semi-Modular 80+ Bronze,EVGA,SuperNOVA,750W Bronze,,e645c3f5-1682-4920-9f69-853f17aa3df8.json,,1,2,0,6,0,4,9,,,80+ Bronze,False,ATX,,,,,,,180,,,,120-PB-0750-KR,Semi-Modular,750
e6804090-e837-4d73-9c1e-840de5ffa8d3,Antec Signature Platinum 1300W Fully Modular 80+ Platinum Certified,Antec,Signature,1300W Platinum,,e6804090-e837-4d73-9c1e-840de5ffa8d3.json,BLACK,1,2,0,5,0,12,14,,,80+ Platinum,False,ATX,B0895BNTKK,,,,,299956450,170,,,,SP1300 Platinum | X8000A506-18 | 0-761345-11707-4 | 0-761345-11708-1 | SP1300,Full,1300
e6916318-658e-4372-85b7-3da6a195a0a6,SilentiumPC Supremo L2 Black 650W Non-Modular 80+ Gold,SilentiumPC,Supremo,650W Gold,,e6916318-658e-4372-85b7-3da6a195a0a6.json,BLACK,1,1,0,3,0,4,9,,,80+ Gold,False,ATX,,,,,,,160,,,,SPC222,Non-Modular,650
e6a81d71-3c29-463e-b23c-435a85780ede,Thermaltake Smart W3 Black 700W Non-Modular 80+ Certified ATX,Thermaltake,Smart,700W 80+,,e6a81d71-3c29-463e-b23c-435a85780ede.json,BLACK,1,0,0,0,0,0,2,,,80+,False,ATX,B0D4Y1LJFL,6626436,,,N82E16817153470,6420454713,140,,,,PS-SPW-0700NNFAWU-1 | SP3-700AH2NLW,Non-Modular,700
e6a924fb-5d23-4618-bf4c-a132ad400e49,GAMDIAS KRATOS M1 B 600W Non-Modular 80+ Bronze,GAMDIAS,KRATOS,600W Bronze,,e6a924fb-5d23-4618-bf4c-a132ad400e49.json,BLACK,1,1,0,2,0,2,5,,,80+ Bronze,False,ATX,,,,,,,140,,,,KRATOS M1 600B,Non-Modular,600
e6b17467-a34c-42e6-8146-a1267b5bb521,GameMax RGB Rainbow Black 1050W Fully Modular 80+ Gold Certified,GameMax,RGB,1050W Gold,,e6b17467-a34c-42e6-8146-a1267b5bb521.json,BLACK,1,2,0,3,0,4,10,,,80+ Gold,False,ATX,,,,,1HU-0289-00037,,165,,,,RGB-1050,Full,1050
e6bab828-9c9f-44d9-b4a3-c6a825048c5f,Deepcool GamerStorm DQ-M Black / Silver 850W Fully Modular 80+ Gold,DeepCool,GamerStorm,850W Gold,,e6bab828-9c9f-44d9-b4a3-c6a825048c5f.json,BLACK | GREY,1,2,0,5,0,4,7,,,80+ Gold,False,ATX,,,,,,,160,,,,DQ850-M,Full,850
e6d785c4-329f-4a3e-9010-6b8f8d60ecba,Antec NeoECO 750 Gold Black 750W Semi-Modular 80+ Gold Certified,Antec,NeoECO,750W Gold,,e6d785c4-329f-4a3e-9010-6b8f8d60ecba.json,BLACK,1,2,0,3,0,4,8,,,80+ Gold,False,ATX,,,,,,,140,,,,NE750G,Semi-Modular,750
e6e32dd3-599f-4b18-ae2e-d8436182a72a,Corsair SF600 (2018) SFX Black 600W Fully Modular 80+ Platinum Certified,Corsair,SF600,600W Platinum,,e6e32dd3-599f-4b18-ae2e-d8436182a72a.json,BLACK,1,0,0,0,0,0,4,,,80+ Platinum,False,SFX,,,,,,,100,,,,CP-9020182-NA | CP-9020182-EU | CP-9020182-UK,Full,600
e6e9d4b6-b321-4708-9d1d-5483f579c090,Cooler Master V White SFX Gold ATX 3.0 750W Fully Modular 80+ Gold,Cooler Master,V,750W Gold,,e6e9d4b6-b321-4708-9d1d-5483f579c090.json,WHITE,1,2,0,4,1,4,8,,,80+ Gold,False,SFX,,,,,,,100,,,,MPY-7501-SFHAGV-3WU | MPY-7501-SFHAGV-3WT | MPY-7501-SFHAGV-3WA | MPY-7501-SFHAGV-3WJ | MPY-7501-SFHAGV-3WB | MPY-7501-SFHAGV-3WE | MPY-7501-SFHAGV-3W | MPY-7501-SFHAGV-3WI | MPY-7501-SFHAGV-3WW | MPY-7501-SFHAGV-3WY | MPY-7501-SFHAGV-3WS | MPY-7501-SFHAGV-3WK,Full,750
e7065312-33f9-4cad-b8e4-90bdd9d13649,Cooler Master Silent Pro M 850W Semi-Modular 80+ Bronze,Cooler Master,Silent,850W Bronze,,e7065312-33f9-4cad-b8e4-90bdd9d13649.json,,1,2,0,6,0,6,9,,,80+ Bronze,False,ATX,,,,,,,165,,,,RS850-AMBAJ3-US,Semi-Modular,850
e71458cd-8f7a-4530-b810-949acc9a1102,Ultra LSP ATX 450W Non-Modular,Ultra,LSP,450W ,,e71458cd-8f7a-4530-b810-949acc9a1102.json,,1,1,0,0,0,0,0,,,,False,ATX,,,,,,,,,,,ULTLSP450,Non-Modular,450
e751948f-26f1-41ee-a0d9-b6b8d84f2474,Rosewill CMG1000G5 1000W 80+ Gold Certified Fully Modular,Rosewill,CMG1000G5,1000W Gold,,e751948f-26f1-41ee-a0d9-b6b8d84f2474.json,BLACK,1,0,0,0,0,0,8,,,80+ Gold,False,ATX,B0C4MLW83L,,,,N82E16817182453,2134173607,140,,,,CMG1000G5,Full,1000
e759a883-2399-438d-a884-c7cf59c71f22,Topower ZU-950 950W Non-Modular,Topower,ZU-950,950W ,,e759a883-2399-438d-a884-c7cf59c71f22.json,,1,1,0,6,0,2,8,,,,False,ATX,,,,,,,175,,,,ZU-950,Non-Modular,950
e7673ba7-a142-4b99-8677-8f003934c967,Silverstone Strider Titanium 1300W Fully Modular 80+ Titanium Certified,Silverstone,Strider,1300W Titanium,,e7673ba7-a142-4b99-8677-8f003934c967.json,BLACK | BLUE,1,0,0,0,0,0,16,,,80+ Titanium,False,ATX,,,,,N82E16817256195,,180,,,,SST-ST1300-TI,Full,1300
e76a0931-44f0-4fcf-bb28-9062530dc9c7,Thermaltake Smart Pro RGB 650W Fully Modular 80+ Bronze Certified,Thermaltake,Smart,650W Bronze,,e76a0931-44f0-4fcf-bb28-9062530dc9c7.json,,1,1,0,4,0,4,6,,,80+ Bronze,False,ATX,B01N5LEHTS,,,,9SIBJSDK2D9965,55586367,170,,,,PS-SPR-0650FPCBUS-R | PS-SPR-0650FPCBAU-R | SPR-0650F-R,Full,650
e76d298e-75da-45f4-8461-b66589ad27a5,Silverstone Strider ATX 600W Fully Modular 80+ Silver,Silverstone,Strider,600W Silver,,e76d298e-75da-45f4-8461-b66589ad27a5.json,,1,1,0,6,0,2,8,,,80+ Silver,False,ATX,,,,,,,139,,,,ST60F-PS | SST-ST60F-PS,Full,600
e7723269-ddba-40f8-b5fa-a904f88500bc,Enermax REVOLUTION X't II 750W 80+ Gold Semi-Modular,Enermax,REVOLUTION,750W Gold,,e7723269-ddba-40f8-b5fa-a904f88500bc.json,,1,1,0,4,0,4,8,,,80+ Gold,False,ATX,,,,,,,160,,,,ERX750AWT,Semi-Modular,750
e78af1dc-806a-4211-9cf9-bf1ac63b5bc8,Thermaltake TPD-0550M 550 W 80+ Gold Certified Semi-modular ATX,Thermaltake,TPD-0550M,550W Gold,,e78af1dc-806a-4211-9cf9-bf1ac63b5bc8.json,,1,1,0,4,0,4,8,,,80+ Gold,False,ATX,,,,,,,140,,,,PS-TPD-0550MPCGUS-1 | TT-PS-TPD-0550MPCGAU-1,Semi-Modular,550
e7ac128b-23ee-43ea-a246-19b29d54493c,In Win P75F 750 W 80+ Gold Certified ATX,In Win,P75F,750W Gold,,e7ac128b-23ee-43ea-a246-19b29d54493c.json,,1,1,0,3,0,4,6,,,80+ Gold,False,ATX,,,,,,,140,,,,IW-PS-PF750W,Non-Modular,750
e7bf6ab4-3a71-43a4-9072-34b1f64939da,SeaSonic X ATX 760W Fully Modular 80+ Gold Certified,SeaSonic,X,760W Gold,,e7bf6ab4-3a71-43a4-9072-34b1f64939da.json,,1,2,0,8,0,4,8,,,80+ Gold,False,ATX,,,,,,,160,,,,X760 Gold | SS-760KM,Full,760
e7bff5b8-0cfe-4ef7-9d22-91fedfa22d14,ASRock Challenger CL-750B Black ATX 750W Non-Modular 80+ Bronze,ASRock,Challenger,750W Bronze,,e7bff5b8-0cfe-4ef7-9d22-91fedfa22d14.json,BLACK,1,0,0,0,0,0,4,,,80+ Bronze,False,ATX,B0DNNYV42R,,,,N82E16817955017,15161961015,140,,,,CL-750B | 90-UXC075-BNUAAA | 90-UXC075-BNEAAA,Non-Modular,750
e7c80db9-b473-4c15-833e-6c11b6716fd4,Cooler Master Elite ATX 400W Non-Modular,Cooler Master,Elite,400W ,,e7c80db9-b473-4c15-833e-6c11b6716fd4.json,,1,1,0,3,0,0,4,,,,False,ATX,,,,,,,139,,,,RS-400-PSAR-J3,Non-Modular,400
e7d1b575-4145-4b8e-8652-fa4733500f8f,Gigabyte AORUS P GM Black / Silver ATX 750W Fully Modular 80+ Gold Certified,Gigabyte,AORUS,750W Gold,,e7d1b575-4145-4b8e-8652-fa4733500f8f.json,BLACK | GREY,1,2,0,5,0,4,6,,,80+ Gold,False,ATX,B09VK3TVK2,,,,N82E16817233037,208179354,160,,,,GP-AP750GM | GP-AP750GM-UK | GP-AP750GM-EU | GP-UD750GM,Full,750
e7e99152-b6f2-4eb8-bfe1-6a6f5c355690,be quiet! Dark Power Pro 12 Black 1200W Fully Modular 80+ Titanium Certified,be quiet!,Dark,1200W Titanium,,e7e99152-b6f2-4eb8-bfe1-6a6f5c355690.json,BLACK,1,2,0,8,0,10,16,,,80+ Titanium,False,ATX,B08HGQKBQZ,,,,,,200,,,,BN646 | BN311,Full,1200
e7f89666-daf9-4f0a-852c-2f1901ff33ff,Rosewill VALENS-500M ATX 500W Semi-Modular 80+ Gold Certified,Rosewill,VALENS-500M,500W Gold,,e7f89666-daf9-4f0a-852c-2f1901ff33ff.json,,1,1,0,4,0,2,5,,,80+ Gold,False,ATX,,,,,,,160,,,,VALENS-500M,Semi-Modular,500
e808ccd5-4a0a-4501-9430-a380517be1ce,Cooler Master MasterWatt Lite Full Range ATX 600W Non-Modular 80+ Certified,Cooler Master,MasterWatt,600W 80+,,e808ccd5-4a0a-4501-9430-a380517be1ce.json,,1,1,0,3,0,2,6,,,80+,False,ATX,,,,,,,140,,,,MPX-6001-ACAAW | MPX-6001-ACAAW-AU | MPX-6001-ACAAW-EU | MPX-6001-ACAAW-JP | MPX-6001-ACAAW-KR | MPX-6001-ACAAW-TW | MPX-6001-ACAAW-US | MPX-6001-ACAAW-WO | MPX-6001-ACAAW-BR | MPX-6001-ACAAW-UK | MPX-6001-ACAAW-BU | MPX-6001-ACAAW-CN,Non-Modular,600
e82e4a04-c0bb-45c6-a1a0-6738750fa8d3,Cooler Master Extreme 475W Non-Modular,Cooler Master,Extreme,475W ,,e82e4a04-c0bb-45c6-a1a0-6738750fa8d3.json,,1,1,0,3,0,1,6,,,,False,ATX,,,,,,,139,,,,RS-475-PCAR,Non-Modular,475
e8437b6a-bcd0-4f13-9878-2ee6fd553044,Thermalright TP White 1000W Fully Modular 80+ Platinum Certified,Thermalright,TP,1000W Platinum,,e8437b6a-bcd0-4f13-9878-2ee6fd553044.json,WHITE,1,1,0,5,1,4,10,,,80+ Platinum,False,ATX,,,,,,,140,,,,TP-1000-W | TR-TP-1000-W,Full,1000
e85d0a34-9d94-4c10-b02f-92edc711be10,Thermalright AG-750 ATX 750W Fully Modular 80+ Gold Certified,Thermalright,AG-750,750W Gold,,e85d0a34-9d94-4c10-b02f-92edc711be10.json,WHITE,1,2,0,4,1,2,8,,,80+ Gold,False,ATX,,,,,,,140,,,,AG-750-W | TR-AG750-W,Full,750
e87217a4-0bcf-4534-a971-469f0c5a31c7,MSI MAG A850GLS PCIE5,MSI,MAG,A850GLS PCIE5,2025,e87217a4-0bcf-4534-a971-469f0c5a31c7.json,BLACK | GREY,1,2,1,3,1,4,8,Cybenetics Platinum,Cybenetics A+,80+ Gold,,ATX,B0FF7TGMD2,6645322,,https://www.msi.com/Power-Supply/MAG-A850GLS-PCIE5/,N82E16817701033,18267412400,150,,2026-02-27T17:44:25.971Z,,306-7ZPIY11-CE0 | 306-7ZP1B31-CE0 | MAG A850GLS PCIE5,Full,850
e88cf22d-385f-4b98-99b8-3066be6dd71a,Thermaltake Smart BX1 Black 450W Non-Modular 80+ Bronze,Thermaltake,Smart,450W Bronze,,e88cf22d-385f-4b98-99b8-3066be6dd71a.json,BLACK,1,1,0,3,0,2,4,,,80+ Bronze,False,ATX,,,,,,,140,,,,PS-SPD-0450NNFABU-1,Non-Modular,450
e8be9ca5-da4b-45df-bf1a-1e4b3c0d43af,KOLINK Core Black ATX 850W Non-Modular 80+ Certified,KOLINK,Core,850W 80+,,e8be9ca5-da4b-45df-bf1a-1e4b3c0d43af.json,BLACK,1,1,0,3,0,4,5,,,80+,False,ATX,,,,,,,140,,,,KL-C850 | PGW-PS-KOL-028,Non-Modular,850
e8ca1a4d-e36a-4adb-9a59-729f4900ee6b,MSI MPG A1000GS PCIE5 Black 1000W Fully Modular 80+ Gold Certified ATX,MSI,MPG,1000W Gold,,e8ca1a4d-e36a-4adb-9a59-729f4900ee6b.json,BLACK,1,0,0,0,0,0,8,,,80+ Gold,False,ATX,B0BZNQ38Y9,6629573,,,N82E16817701030R,15164714885,150,,,,MPG A1000GS PCIE5 | MPGA1000GSPCIE5 | 306-7ZPFY11-CE0,Full,1000
e8e47f36-7187-4a09-8db0-77b30f9e3d97,Corsair CS550M 550W 80+ Gold Certified Semi-Modular,Corsair,CS550M,550W Gold,,e8e47f36-7187-4a09-8db0-77b30f9e3d97.json,,1,1,0,4,0,2,6,,,80+ Gold,False,ATX,,,,,,,140,,,,CP-9020076-NA,Semi-Modular,550
e9056b59-4b3d-425e-8d26-4bc559850afa,Enermax EMG800EWT 800W 80+ Gold Certified Fully Modular,Enermax,EMG800EWT,800W Gold,,e9056b59-4b3d-425e-8d26-4bc559850afa.json,,1,2,0,8,0,6,12,,,80+ Gold,False,ATX,,,,,,,160,,,,EMG800EWT,Full,800
e911cd25-8406-41cd-8fbc-6ab9791e5aab,SeaSonic M12II 850W Fully Modular 80+ Bronze Certified ATX,SeaSonic,M12II,850W Bronze,,e911cd25-8406-41cd-8fbc-6ab9791e5aab.json,,1,2,0,5,0,2,10,,,80+ Bronze,False,ATX,,,,,,,170,,,,SS-850AM2,Full,850
e96a902b-635f-4ca2-a4e2-a2c82297f0f5,Thermaltake Smart RGB 600W Non-Modular 80+,Thermaltake,Smart,600W 80+,,e96a902b-635f-4ca2-a4e2-a2c82297f0f5.json,,1,1,0,3,0,2,6,,,80+,False,ATX,,,,,,,140,,,,PS-SPR-0600NHFAWU-1,Non-Modular,600
e987d2c3-17bf-48e2-aa3b-322639d433b6,Enermax ERV920EWT 920W Fully Modular 80+ Silver,Enermax,ERV920EWT,920W Silver,,e987d2c3-17bf-48e2-aa3b-322639d433b6.json,,1,2,0,6,0,6,12,,,80+ Silver,False,ATX,,,,,,,,,,,ERV920EWT,Full,920
e9a37563-441d-4c18-a167-53743a53ad76,Fractal Design Integra R2 500W Non-Modular 80+ Bronze Certified,Fractal Design,Integra,500W Bronze,,e9a37563-441d-4c18-a167-53743a53ad76.json,,1,1,0,2,0,1,5,,,80+ Bronze,False,ATX,,,,,,,139,,,,Integra R2 500W,Non-Modular,500
e9adf772-83f4-4f7b-9575-66864402970c,Corsair HX1000 1000W Fully Modular 80+ Platinum,Corsair,HX1000,1000W Platinum,,e9adf772-83f4-4f7b-9575-66864402970c.json,,1,0,0,0,0,0,16,,,80+ Platinum,False,ATX,B01N5NWKHH,,,,9SIB8AKKAN6955,499737996,180,,,,CP-9020139-NA | CP-9020139-WW | CP-9020139-UK | CP-9020139-EU | CP-9020139-AU | CP-9020139-CN | CP-9020139-JP | CP-9020139-KR,Full,1000
e9b6e689-e31e-41e7-96a3-36dbc4e04828,MSI MAG A650GLS PCIE5,MSI,MAG,A650GLS PCIE5,2025,e9b6e689-e31e-41e7-96a3-36dbc4e04828.json,BLACK,1,2,1,2,1,2,5,Cybenetics Platinum,Cybenetics A-,80+ Gold,,ATX,B0FF7RW48D,6645321,,https://www.msi.com/Power-Supply/MAG-A650GLS-PCIE5/,N82E16817701034,17910554886,150,,2026-02-26T21:44:43.785Z,,MAG A650GLS PCIE5,Full,650
e9c6dfb5-7cc5-4174-a5cf-c86f745bece5,Thermaltake Toughpower PF3 Black 1050W 80+ Platinum Certified Fully Modular,Thermaltake,Toughpower,1050W Platinum,,e9c6dfb5-7cc5-4174-a5cf-c86f745bece5.json,BLACK,1,2,0,4,1,5,12,,,80+ Platinum,False,ATX,,,,,,,140,,,,PS-TPD-1050FNFAPU-3 | PS-TPD-1050FNFAPE-3,Full,1050
e9cfc47b-3ebd-4ffd-a138-b0535c552a8e,Cooler Master MWE Gold V3 Black 850W Non-Modular 80+ Gold,Cooler Master,MWE,850W Gold,,e9cfc47b-3ebd-4ffd-a138-b0535c552a8e.json,BLACK,1,0,0,0,0,0,6,,,80+ Gold,False,ATX,,,,,,,140,,,,MPE-8506-ACAG-BUS | MPE-8506-ACAG-BEU | MPE-8506-ACAG-BUK | MPE-8506-ACAG-BAU,Non-Modular,850
e9dcb7d1-2188-496c-a838-0826d219b5ca,ENDORFY Supremo FM6 Black 1000W Fully Modular 80+ Gold Certified ATX,ENDORFY,Supremo,1000W Gold,,e9dcb7d1-2188-496c-a838-0826d219b5ca.json,BLACK,1,0,0,0,0,0,4,,,80+ Gold,False,ATX,,,,,,,140,,,,EY7A011-U1 | EY7A011,Full,1000
e9e1703e-f87e-497a-9a78-8216f0580824,Silverstone SFX Certified SFX 450W Non-Modular 80+ Bronze,Silverstone,SFX,450W Bronze,,e9e1703e-f87e-497a-9a78-8216f0580824.json,,1,1,0,2,0,1,3,,,80+ Bronze,False,SFX,,,,,,,100,,,,ST45SF | SST-ST45SF,Non-Modular,450
e9e5b95c-9344-4769-92ac-c837aebfda02,Zalman zm-650-XG ATX 650W Semi-Modular 80+ Gold Certified,Zalman,zm-650-XG,650W Gold,,e9e5b95c-9344-4769-92ac-c837aebfda02.json,,1,1,0,6,0,4,6,,,80+ Gold,False,ATX,,,,,,,180,,,,zm-650-XG,Semi-Modular,650
ea28071d-00f3-45ad-9c93-bd3ec943d3e4,SeaSonic FOCUS GX 850W 80+ Gold Certified Fully Modular,SeaSonic,FOCUS,850W Gold,,ea28071d-00f3-45ad-9c93-bd3ec943d3e4.json,BLACK,1,0,0,0,0,0,10,,,80+ Gold,False,ATX,B07WVMDZMZ,,,,,,140,,,,FOCUS-GX-850 | FOCUS GX-850,Full,850
ea31ec16-5da3-429e-9d42-6cee1db59ffa,be quiet! Dark Power 13 Black 850W Fully Modular 80+ Titanium Certified,be quiet!,Dark,850W Titanium,,ea31ec16-5da3-429e-9d42-6cee1db59ffa.json,BLACK,1,0,0,0,0,0,12,,,80+ Titanium,False,ATX,B0BV6CX5PL,,,,1HU-004H-000R9,5282330357,175,,,,BN660 | BN704 | BN701 | BN707 | BN334,Full,850
ea5ccecf-39f4-4b45-a9fe-9505fda72c15,SeaSonic PRIME TX-850 850W Fully Modular 80+ Titanium Certified ATX,SeaSonic,PRIME,850W Titanium,,ea5ccecf-39f4-4b45-a9fe-9505fda72c15.json,BLACK,1,0,0,0,0,0,14,,,80+ Titanium,False,ATX,B07X9VYLHH,,,,,,170,,,,PRIME-TX-850 | PRIME TX-850,Full,850
ea716b1c-27b7-4b2c-a790-40b30da4f975,LC-Power LC6450 V2.3 Black ATX 450W Non-Modular 80+ Bronze Certified,LC-Power,LC6450,450W Bronze,,ea716b1c-27b7-4b2c-a790-40b30da4f975.json,BLACK,1,1,0,4,0,1,4,,,80+ Bronze,False,ATX,,,,,,,140,,,,LC6450V23,Non-Modular,450
eab57c67-caef-470c-add0-2ee4b0656dfa,Cyonic AU-550X 550W Fully Modular 80+ Gold,Cyonic,AU-550X,550W Gold,,eab57c67-caef-470c-add0-2ee4b0656dfa.json,,1,0,0,0,0,0,7,,,80+ Gold,False,ATX,,,,,,,140,,,,AU-550X,Full,550
eaef178d-908d-4fd3-8d8f-d0d67e837183,HEC HEC350TEWX 350W Non-Modular 80+,HEC,HEC350TEWX,350W 80+,,eaef178d-908d-4fd3-8d8f-d0d67e837183.json,,1,0,0,4,0,0,2,,,80+,False,ATX,,,,,,,140,,,,HEC350TEWX,Non-Modular,350
eafae839-0b9a-47f1-8afe-ac05a46f38ca,FSP Group HEXA+ ATX 500W Non-Modular,FSP Group,HEXA+,500W ,,eafae839-0b9a-47f1-8afe-ac05a46f38ca.json,,1,1,0,2,0,2,5,,,,False,ATX,,,,,,,140,,,,H2-500,Non-Modular,500
eb263daf-5143-48e6-8bf0-91fc9fc701ac,Antec NE1000G White ATX 3.0 1000W Fully Modular 80+ Gold Certified,Antec,NE1000G,1000W Gold,,eb263daf-5143-48e6-8bf0-91fc9fc701ac.json,WHITE,1,2,0,4,1,4,12,,,80+ Gold,False,ATX,B000050ZOX,,,,N82E16817371151,5276315928,140,,,,NE1000G M White ATX 3.0 | 0-761345-11791-3 | 0-761345-11792-0 | 0-761345-11788-3 | 0-761345-11790-6 | 0-761345-11789-0 | NE1000G M WHITE ATX 3.0 | NE1000G M WHITE ATX3.0,Full,1000
eb2700ae-9ee3-42d3-a587-8dfd866b8811,Cooler Master RS ATX 650W Non-Modular 80+ Bronze,Cooler Master,RS,650W Bronze,,eb2700ae-9ee3-42d3-a587-8dfd866b8811.json,,1,1,0,3,0,2,6,,,80+ Bronze,False,ATX,,,,,,,140,,,,RS650-ACAAB1-US,Non-Modular,650
eb3a8280-f0c7-4d2e-89bc-4976d4a93e5f,"EVGA 650 BQ, 80+ BRONZE 650W, Semi Modular, 5 Year Warranty, Includes FREE Power On Self Tester, Power Supply",EVGA,BQ,,0,eb3a8280-f0c7-4d2e-89bc-4976d4a93e5f.json,,1,1,1,3,0,2,7,,,80+ Bronze,False,ATX,B01FYDU8X6,,,,9SIAJ7WGU84148,114769504,165,,,,110-BQ-0650-V1,Semi-Modular,650
eb47e44e-1e2f-4aa6-944b-daa631694823,be quiet! Pure Power 10 CM 500W 80+ Silver Certified Semi-Modular,be quiet!,Pure,500W Silver,,eb47e44e-1e2f-4aa6-944b-daa631694823.json,,1,1,0,3,0,2,6,,,80+ Silver,False,ATX,,,,,,,160,,,,BN277 | BN677,Semi-Modular,500
eb625183-b751-4d03-a295-1c75fd7e73c9,XFX ProSeries ATX 850W Semi-Modular 80+ Silver Certified,XFX,ProSeries,850W Silver,,eb625183-b751-4d03-a295-1c75fd7e73c9.json,,1,2,0,8,0,4,12,,,80+ Silver,False,ATX,,,,,,,170,,,,P1-850B-NLG9 | P1-850B-UKB9,Semi-Modular,850
eba33bcb-ed5c-4d79-9275-28f545955501,BitFenix BFG Black 550W Fully Modular 80+ Gold,BitFenix,BFG,550W Gold,,eba33bcb-ed5c-4d79-9275-28f545955501.json,BLACK,1,0,0,0,0,0,8,,,80+ Gold,False,ATX,,,,,,,140,,,,BP-BGA550UMAG,Full,550
ebc54433-0df3-4fbd-a7de-842860c91aa6,Zalman ZM500-RS ATX 500W Non-Modular 80+,Zalman,ZM500-RS,500W 80+,,ebc54433-0df3-4fbd-a7de-842860c91aa6.json,,1,1,0,4,0,1,4,,,80+,False,ATX,,,,,,,140,,,,ZM500-RS,Non-Modular,500
ebe5a0d0-1aef-441a-8c46-d2ca489b2a0b,EVGA SuperNOVA 650 P2 650W 80+ Platinum Fully Modular,EVGA,SuperNOVA,650W Platinum,,ebe5a0d0-1aef-441a-8c46-d2ca489b2a0b.json,,1,2,0,6,0,2,9,,,80+ Platinum,False,ATX,B010HWDPKW,6459379,,,9SIA1K656K6709,49059834,165,,,,220-P2-0650-X1 | 220-P2-0650-X2 | 220-P2-0650-X3 | 220-P2-0650-X4,Full,650
ebf10408-281d-40ca-8c5d-ffd7aa9994dd,CoolMax ZP-850B 850W Semi-Modular 80+ Bronze,CoolMax,ZP-850B,850W Bronze,,ebf10408-281d-40ca-8c5d-ffd7aa9994dd.json,,1,2,0,6,0,2,6,,,80+ Bronze,False,ATX,,,,,,,175,,,,ZP-850B,Semi-Modular,850
ebfe1e68-adbb-46ad-a997-8e6ffd233564,Silverstone Strider ATX 850W Fully Modular 80+ Gold Certified,Silverstone,Strider,850W Gold,,ebfe1e68-adbb-46ad-a997-8e6ffd233564.json,,1,0,0,0,0,0,8,,,80+ Gold,False,ATX,,,,,,,180,,,,ST85F-G,Full,850
ec1498a9-452b-4471-b05b-9d1f55cf7fa6,RAIJINTEK AMPERE White ATX 1200W Fully Modular 80+ Platinum Certified,RAIJINTEK,AMPERE,1200W Platinum,,ec1498a9-452b-4471-b05b-9d1f55cf7fa6.json,WHITE,1,2,0,6,1,4,8,,,80+ Platinum,False,ATX,,,,,,,140,,,,0R30B00023,Full,1200
ec1a0a97-b826-4b18-a72f-aa514d428b69,be quiet! Pure Power 13 M Fully Modular ATX Power Supply - 1000 Watts ATX 3.1 - Black,be quiet!,Pure Power 13 M,1000W Gold,2025,ec1a0a97-b826-4b18-a72f-aa514d428b69.json,BLACK,1,2,0,2,1,4,6,Cybenetics Platinum,Cybenetics A++,80+ Gold,False,ATX,B0F9YY3R57,11064556,31521,https://www.bequiet.com/en/powersupply/5944,N82E16817222042,17018766578,160,,,Black,BP028US | BP028EU,Full,1000
ec9bc0c2-b084-45d4-bf3b-ed83b935e66e,BitFenix Formula Gold 450W Non-Modular 80+ Gold Certified ATX,BitFenix,Formula,450W Gold,,ec9bc0c2-b084-45d4-bf3b-ed83b935e66e.json,,1,1,0,2,0,2,6,,,80+ Gold,False,ATX,,,,,,,140,,,,BP-FM450ULAG-7R | BP-FM450ULAG-8R | BP-FM450ULAG-9R,Non-Modular,450
eca128e2-acb8-4d90-a1a7-bc7a471ad622,Thermaltake Toughpower SFX 1000W Fully Modular 80+ Gold Certified,Thermaltake,Toughpower,1000W Gold,,eca128e2-acb8-4d90-a1a7-bc7a471ad622.json,BLACK,1,0,0,0,0,0,8,,,80+ Gold,False,SFX,B0BMWMY96B,,,,N82E16817153440,1118386787,126,,,,PS-STP-1000FNFAGU-1 | PS-STP-1000FNFAGA-1 | PS-STP-1000FNFAGE-1,Full,1000
eca5b190-a096-4a95-b52a-456b818c7c22,ASRock Steel Legend SL-650G 650W Fully Modular 80+ Gold,ASRock,Steel,650W Gold,,eca5b190-a096-4a95-b52a-456b818c7c22.json,BLACK,1,0,0,0,0,0,6,,,80+ Gold,False,ATX,B0DG9ZZ44S,,,,N82E16817955011,14439764875,150,,,,SL-650G,Full,650
ecb12940-7fb1-43e2-96af-8692198eea43,Phanteks Revolt SFX Black 750W Fully Modular 80+ Platinum Certified,Phanteks,Revolt,750W Platinum,,ecb12940-7fb1-43e2-96af-8692198eea43.json,BLACK,1,2,0,1,0,4,11,,,80+ Platinum,False,SFX,,,,,,,100,,,,PH-P750PSF_US01 | PH-P750PSF,Full,750
ecc28e2b-606b-44fa-8de3-c2d391d05ed0,OCZ ZS 650W Non-Modular 80+ Bronze Certified,OCZ,ZS,650W Bronze,,ecc28e2b-606b-44fa-8de3-c2d391d05ed0.json,,1,1,0,4,0,1,8,,,80+ Bronze,False,ATX,,,,,,,160,,,,OCZ-ZS650W,Non-Modular,650
ecd7407a-a45e-4f07-9ae4-6ffa48e52dfd,GameMax GM Black ATX 1650W Non-Modular 80+ Gold Certified,GameMax,GM,1650W Gold,,ecd7407a-a45e-4f07-9ae4-6ffa48e52dfd.json,BLACK,1,1,0,5,0,16,7,,,80+ Gold,False,ATX,,,,,,,178,,,,GM-1650,Non-Modular,1650
ecdc10e6-5195-424a-a560-9e2bc8eb3af0,Raidmax Cobra ATX 600W Semi-Modular 80+ Gold Certified,Raidmax,Cobra,600W Gold,,ecdc10e6-5195-424a-a560-9e2bc8eb3af0.json,,1,1,0,3,0,2,6,,,80+ Gold,False,ATX,,,,,,,165,,,,RX-600AE-B,Semi-Modular,600
ecf1c1fb-9a6a-4553-bb10-b12d10afd7e1,Thermaltake Toughpower 1200W Fully Modular 80+ Certified,Thermaltake,Toughpower,1200W 80+,,ecf1c1fb-9a6a-4553-bb10-b12d10afd7e1.json,,1,2,0,8,0,0,8,,,80+,False,ATX,,,,,,,200,,,,W0133RU,Full,1200
ed0e0630-80ab-4b68-871b-a9637ed585a5,Lian Li SP850 SFX 850W 80+ Gold Certified Fully Modular,Lian Li,SP850,850W Gold,,ed0e0630-80ab-4b68-871b-a9637ed585a5.json,WHITE,1,0,0,0,0,0,8,,,80+ Gold,False,SFX,B0BDXR34FT,,,,,1503827780,100,,,,SP850 White | SP850W | SP850 WHITE,Full,850
ed122f27-0af4-4fc5-9ff4-64e88f501b84,KOLINK Continuum Black 1200W Fully Modular 80+ Platinum,KOLINK,Continuum,1200W Platinum,,ed122f27-0af4-4fc5-9ff4-64e88f501b84.json,BLACK,1,2,0,8,0,12,8,,,80+ Platinum,False,ATX,,,,,,,180,,,,KL-C1200PL,Full,1200
ed2c2421-22e0-4bad-afb4-68b3c0131a2b,EVGA 450 BV ATX 450W Non-Modular 80+ Bronze Certified,EVGA,450,450W Bronze,,ed2c2421-22e0-4bad-afb4-68b3c0131a2b.json,,1,1,0,3,0,2,4,,,80+ Bronze,False,ATX,,,,,,,140,,,,100-BV-0450-K1 | 100-BV-0450-K2 | 100-BV-0450-K3,Non-Modular,450
ed362fff-c7cb-4446-b15f-3a7afa148c45,PC Power & Cooling Silencer MK III 400W Semi-Modular 80+ Bronze,PC Power & Cooling,Silencer,400W Bronze,,ed362fff-c7cb-4446-b15f-3a7afa148c45.json,,1,1,0,3,0,1,6,,,80+ Bronze,False,ATX,,,,,,,149,,,,PPCMK3S400,Semi-Modular,400
ed4fc187-5071-4477-883f-bc3b9c7d77fb,Corsair RM1000x SHIFT Side Interface 1000W Fully Modular 80+ Gold Certified,Corsair,RM1000x,1000W Gold,,ed4fc187-5071-4477-883f-bc3b9c7d77fb.json,BLACK,1,0,0,0,0,0,16,,,80+ Gold,False,ATX,B0BP8B6M7Y,6532112,,,N82E16817139303,2510617954,180,,,,CP-9020253-NA | CP-9020253-AU | CP-9020253-UK | CP-9020253-EU,Non-Modular,1000
ed50c5ee-dd38-42ec-b766-6ecd4038d524,Asus TUF Gaming 750G Black 750W Fully Modular 80+ Gold Certified ATX,Asus,TUF,750W Gold,,ed50c5ee-dd38-42ec-b766-6ecd4038d524.json,BLACK,1,0,0,0,0,0,5,,,80+ Gold,False,ATX,B0BZX15RDX,,,,N82E16817320034,2610430149,150,,,,90YE00S3-B0NA00 | TUF-GAMING-750G,Full,750
ed5c3d54-a248-49a2-ad3c-ba981147a849,Azza PSAZ-550W Black ATX 550W Non-Modular 80+ Bronze Certified,Azza,PSAZ-550W,550W Bronze,,ed5c3d54-a248-49a2-ad3c-ba981147a849.json,BLACK,1,0,0,0,0,0,5,,,80+ Bronze,False,ATX,B084RW7L6G,,,,N82E16817517015,,165,,,,PSAZ-550W,Non-Modular,550
ed615ce1-b76e-4938-8e1c-7829b64ba480,be quiet! Pure Power 9 CM Black 600W Semi-Modular 80+ Bronze Certified,be quiet!,Pure,600W Bronze,,ed615ce1-b76e-4938-8e1c-7829b64ba480.json,BLACK,1,1,0,2,0,4,10,,,80+ Bronze,False,ATX,B07V5MHC17,,,,,,140,,,,BN302,Semi-Modular,600
ed62f44a-384f-434d-a595-49ece7b363e8,iTek GF750 EVO Black / Red 750W Fully Modular 80+ Gold,iTek,GF750,750W Gold,,ed62f44a-384f-434d-a595-49ece7b363e8.json,BLACK | RED,1,1,0,3,0,2,9,,,80+ Gold,False,ATX,,,,,,,160,,,,ITPSEGF750,Full,750
ed65b5a2-ae74-49c6-be59-e3b57fa2016b,CoolMax MP-550B ATX 550W Non-Modular 80+,CoolMax,MP-550B,550W 80+,,ed65b5a2-ae74-49c6-be59-e3b57fa2016b.json,,1,1,0,8,0,0,4,,,80+,False,ATX,,,,,,,142,,,,MP-550B,Non-Modular,550
ed758184-c852-4d03-afd5-27a7230b422d,Montech GAMMA II Black 750W Non-Modular 80+ Gold,Montech,GAMMA,750W Gold,,ed758184-c852-4d03-afd5-27a7230b422d.json,BLACK,1,0,0,0,0,0,8,,,80+ Gold,False,ATX,,,,,,,140,,,,GAMMA II 750,Non-Modular,750
ed7fad34-9995-45f0-a910-f600cbae1be2,Super Flower Leadex VI Platinum PRO Black / Blue 1000W Fully Modular 80+ Platinum Certified,Super Flower,Leadex,1000W Platinum,,ed7fad34-9995-45f0-a910-f600cbae1be2.json,BLACK | BLUE,1,2,0,4,0,8,12,,,80+ Platinum,False,ATX,,,,,1HU-024C-00046,,150,,,,SF-1000F14PE,Full,1000
ed7fea8f-2ae8-4acd-ae48-72f2562b31b5,LC-Power LC6 V2.31 550W Fully Modular 80+ Gold Certified,LC-Power,LC6,550W Gold,,ed7fea8f-2ae8-4acd-ae48-72f2562b31b5.json,BLACK | GREY,1,1,0,5,0,4,10,,,80+ Gold,False,ATX,,,,,,,142,,,,LC6550M V2.31,Full,550
ed81b678-ace7-4f46-832e-9f0fa0803eab,Antec NeoECO V2 Black ATX 550W Semi-Modular 80+ Bronze Certified,Antec,NeoECO,550W Bronze,,ed81b678-ace7-4f46-832e-9f0fa0803eab.json,BLACK,1,1,0,3,0,2,5,,,80+ Bronze,False,ATX,,,,,,,140,,,,NE550M V2 | 0-761345-10573-6,Semi-Modular,550
ed85756c-a740-425e-92a7-6b98e380f18f,Phanteks Revolt X Black / Silver 1000W Fully Modular 80+ Platinum,Phanteks,Revolt,1000W Platinum,,ed85756c-a740-425e-92a7-6b98e380f18f.json,BLACK | GREY,1,4,0,3,0,8,16,,,80+ Platinum,False,ATX,,,,,,,170,,,,PH-P1000PS | PH-P1000PS_US | PH-P1000PS_EU,Full,1000
eda27860-717c-4329-bb09-9792a7ed85d0,XFX XT ATX 600W Non-Modular 80+ Bronze Certified,XFX,XT,600W Bronze,,eda27860-717c-4329-bb09-9792a7ed85d0.json,,1,2,0,2,0,2,6,,,80+ Bronze,False,ATX,,,,,,,140,,,,P1-600B-XTFR,Non-Modular,600
edbe33d0-2052-402c-8c3f-28a5a2c65f7f,EVGA SuperNOVA 750 GM SFX 750W Fully Modular 80+ Gold Certified,EVGA,SuperNOVA,750W Gold,,edbe33d0-2052-402c-8c3f-28a5a2c65f7f.json,BLACK,1,2,0,4,0,4,6,,,80+ Gold,False,SFX,B0939VN9QT,,,,N82E16817438206,1100642158,100,,,,123-GM-0750-X1123-GM-0750-X2 | 123-GM-0750-X1,Full,750
edc03c60-31f2-437c-a585-40f02dd0669c,SeaSonic S12III Black ATX 550W Non-Modular 80+ Bronze Certified,SeaSonic,S12III,550W Bronze,,edc03c60-31f2-437c-a585-40f02dd0669c.json,BLACK,1,1,0,3,0,2,6,,,80+ Bronze,False,ATX,B07MWGZT5N,,,,,,140,,,,SSR-550GB3 | S12III-550,Non-Modular,550
edcaafa6-bb28-4e78-9856-1fecf240b7d2,Logisys PS480D-BK ATX 480W Non-Modular,Logisys,PS480D-BK,480W ,,edcaafa6-bb28-4e78-9856-1fecf240b7d2.json,,1,0,0,3,0,0,3,,,,False,ATX,,,,,,,152,,,,PS480D-BK,Non-Modular,480
edcf2df4-2958-4572-abbe-e61436614528,Cooler Master GXII ATX 750W Fully Modular 80+ Gold Certified,Cooler Master,GXII,750W Gold,,edcf2df4-2958-4572-abbe-e61436614528.json,BLACK,1,2,0,2,1,4,6,,,80+ Gold,False,ATX,,,,,,,160,,,,MPX-7503-AFAG-2BUS | MPX-7503-AFAG-2BWO | MPX-7503-AFAG-2BEU | MPX-7503-AFAG-2BAU | MPX-7503-AFAG-2BUK,Full,750
edd1a51f-4361-4202-a6ed-5a1f1bf160f0,In Win A55 Black ATX 550W Non-Modular 80+ Certified,In Win,A55,550W 80+,,edd1a51f-4361-4202-a6ed-5a1f1bf160f0.json,BLACK,1,2,0,3,0,2,6,,,80+,False,ATX,,,,,,,140,,,,IW-A550,Non-Modular,550
edd47537-ea3a-4a48-9939-86aec1e6518d,Thermaltake Toughpower SFX 850W 80+ Platinum Certified Fully Modular,Thermaltake,Toughpower,850W Platinum,,edd47537-ea3a-4a48-9939-86aec1e6518d.json,BLACK,1,0,0,0,0,0,8,,,80+ Platinum,False,SFX,B0D2851VQD,6626429,,,N82E16817153466,5686796903,104,,,,PS-STP-0850FNFAPU-1 | SFX-0850AH8FLP,Full,850
edda13df-d376-42ab-b8f9-433422b93cf1,be quiet! System Power U9 Black ATX 500W Non-Modular 80+ Bronze Certified,be quiet!,System,500W Bronze,,edda13df-d376-42ab-b8f9-433422b93cf1.json,BLACK,1,1,0,2,0,2,6,,,80+ Bronze,False,ATX,,,,,,,140,,,,BN287 | BN607,Non-Modular,500
ede18d35-ef86-44da-b794-bef75ed0cd70,be quiet! Pure Power 13 M Black 650W Fully Modular 80+ Gold Certified,be quiet!,Pure,650W Gold,,ede18d35-ef86-44da-b794-bef75ed0cd70.json,BLACK,1,0,0,0,0,0,5,,,80+ Gold,False,ATX,,,,,,,160,,,,BP025US | BP025EU | BP025UK | BP025AU | BP025U2,Full,650
ee00db53-286a-46d1-859c-a3acc296c0b1,Thermaltake Toughpower GF A3 - TT Premium Edition Blue / Black 1050W Fully Modular 80+ Gold,Thermaltake,Toughpower,1050W Gold,,ee00db53-286a-46d1-859c-a3acc296c0b1.json,BLUE | BLACK,1,2,0,8,1,5,8,,,80+ Gold,False,ATX,,,,,,,140,,,,PS-TPD-1050FNFAGU-B | PS-TPD-1050FNFAGE-B,Full,1050
ee011dc4-1f3e-4a62-9bfd-fe155e67c6d4,Enermax Revolution D.F. 12 750W 80+ Gold Fully Modular,Enermax,Revolution,750W Gold,,ee011dc4-1f3e-4a62-9bfd-fe155e67c6d4.json,BLACK,1,2,0,4,1,3,8,,,80+ Gold,False,ATX,,,,,,,122,,,,ETV750G,Full,750
ee1e6d03-67a8-48b5-ab87-bd35f0b38ef2,Thermalright TGFX650 Black SFX 650W Fully Modular 80+ Gold Certified,Thermalright,TGFX650,650W Gold,,ee1e6d03-67a8-48b5-ab87-bd35f0b38ef2.json,BLACK,1,1,0,3,0,4,6,,,80+ Gold,False,SFX,,,,,,,100,,,,TGFX650,Full,650
ee3479f0-4cca-4c93-8d90-147a960876e3,Silverstone Strider Platinum 650W Fully Modular 80+ Platinum,Silverstone,Strider,650W Platinum,,ee3479f0-4cca-4c93-8d90-147a960876e3.json,,1,1,0,6,0,4,8,,,80+ Platinum,False,ATX,B017WL5UFO,,,,N82E16817256155,,140,,,,ST65F-PT | SST-ST65F-PT | PS-ST65F-PT,Full,650
ee4df214-8a9b-4deb-8063-c1880dc61de6,Lian Li EDGE GOLD 850W Fully Modular 80+ Gold,Lian Li,EDGE,850W Gold,,ee4df214-8a9b-4deb-8063-c1880dc61de6.json,BLACK,1,0,0,0,0,0,10,,,80+ Gold,False,ATX,B0DKXCRVGP,,,,1HU-01PP-00013,15221558919,182,,,,EG0850G Black | EDGE GOLD 850 Black | EDGE GOLD 850 BLACK,Full,850
ee55f164-579a-416d-a5f1-b7271961040a,Antec NeoECO Platinum Black 750W Fully Modular 80+ Platinum Certified ATX,Antec,NeoECO,750W Platinum,,ee55f164-579a-416d-a5f1-b7271961040a.json,BLACK,1,2,0,4,0,4,9,,,80+ Platinum,False,ATX,,,,,,,140,,,,NE750 Platinum | X8000A207JF-20,Full,750
ee5a886a-20c3-4173-b9e3-93ebdf1ea1bb,Montech CENTURY MINI Black SFX 750W Fully Modular 80+ Gold Certified,Montech,CENTURY,750W Gold,,ee5a886a-20c3-4173-b9e3-93ebdf1ea1bb.json,BLACK,1,0,0,0,0,0,6,,,80+ Gold,False,SFX,B0CR5WS3P9,,,,N82E16817959003,,100,,,,CENTURY MINI 750,Full,750
ee5ec974-358f-42c6-a320-b4d452e17f90,ASRock Steel Legend SL-850G Black 850W Fully Modular 80+ Gold Certified,ASRock,Steel,850W Gold,,ee5ec974-358f-42c6-a320-b4d452e17f90.json,BLACK,1,0,0,0,0,0,9,,,80+ Gold,False,ATX,B0DNLDJJ96,,,,N82E16817955009,14441120978,150,,,,SL-850G,Full,850
ee883b69-3ab3-4242-b0dc-8ee86f4c82bc,Silverstone Strider ATX 600W Non-Modular 80+ Bronze Certified,Silverstone,Strider,600W Bronze,,ee883b69-3ab3-4242-b0dc-8ee86f4c82bc.json,,1,0,0,0,0,0,6,,,80+ Bronze,False,ATX,,,,,,,139,,,,ST60F-ESB | SST-ST60F-ESB,Non-Modular,600
ee986204-22a1-45d8-be08-0dc85dfb739a,Cougar CMD Black / Blue 500W Semi-Modular 80+ Bronze Certified,Cougar,CMD,500W Bronze,,ee986204-22a1-45d8-be08-0dc85dfb739a.json,BLACK | BLUE,1,1,0,3,0,2,5,,,80+ Bronze,False,ATX,,,,,,,160,,,,CGR R-500,Semi-Modular,500
eea18d32-a5d1-4b30-a0b3-79fdc9fc7227,SeaSonic PRIME SNOWSILENT 650W Fully Modular 80+ Platinum Certified,SeaSonic,PRIME,650W Platinum,,eea18d32-a5d1-4b30-a0b3-79fdc9fc7227.json,WHITE,1,1,0,3,0,4,6,,,80+ Platinum,False,ATX,,,,,,,140,,,,SSR-650PD2-SNOWSILENT | PRIME Snow Silent 650,Full,650
eeecdc51-a1ea-4a09-97e4-19788dc4fb09,XFX TS ATX 750W Non-Modular 80+ Gold Certified,XFX,TS,750W Gold,,eeecdc51-a1ea-4a09-97e4-19788dc4fb09.json,,1,2,0,4,0,4,10,,,80+ Gold,False,ATX,,,,,,,160,,,,P1-750G-TS3X,Non-Modular,750
eeef3812-0adc-4701-bb54-a48f1d4cd901,SeaSonic M12II ATX 850W Semi-Modular 80+ Bronze Certified,SeaSonic,M12II,850W Bronze,,eeef3812-0adc-4701-bb54-a48f1d4cd901.json,,1,2,0,5,0,4,8,,,80+ Bronze,False,ATX,,,,,,,160,,,,SS-850AM,Semi-Modular,850
ef385e94-2e44-4f55-b38c-5df017d08ad3,Deepcool DQ550ST ATX 550W Non-Modular 80+ Gold,DeepCool,DQ550ST,550W Gold,,ef385e94-2e44-4f55-b38c-5df017d08ad3.json,,1,1,0,3,0,2,5,,,80+ Gold,False,ATX,,,,,,,140,,,,DQ550ST,Non-Modular,550
ef3ea4f6-6f77-4849-b801-9c45b1cc1c91,Fractal Design Ion+ 860P Black 860W Fully Modular 80+ Platinum Certified,Fractal Design,Ion+,860W Platinum,,ef3ea4f6-6f77-4849-b801-9c45b1cc1c91.json,BLACK,1,2,0,4,0,6,10,,,80+ Platinum,False,ATX,,,,,,,150,,,,FD-PSU-IONP-860P-BK | FD-PSU-IONP-860P-BK-EU,Full,860
ef522460-d8da-416e-bd29-9a61105987d2,Cougar GX-F Black / Orange 750W Fully Modular 80+ Gold Certified ATX,Cougar,GX-F,750W Gold,,ef522460-d8da-416e-bd29-9a61105987d2.json,BLACK | ORANGE,1,1,0,3,0,2,8,,,80+ Gold,False,ATX,,,,,,,150,,,,GXF750,Full,750
ef595478-e6f3-4c42-acc8-0d6b3e703715,Thermaltake Toughpower GT 750W White,Thermaltake,Toughpower GT,,2024,ef595478-e6f3-4c42-acc8-0d6b3e703715.json,WHITE,1,2,,4,1,4,6,,,80+ Gold,True,ATX,B0DM9XPQVK,,,https://www.thermaltake.com/toughpower-gt-snow-750w.html,N82E16817153474,14581110777,140,None,,White,PS-TPT-0750FNFAGU-W,Full,750
ef6a7a8a-5e9c-4bbd-86c4-63ac8428f43a,Gigabyte P850GM ATX 850W Fully Modular 80+ Gold Certified,Gigabyte,P850GM,850W Gold,,ef6a7a8a-5e9c-4bbd-86c4-63ac8428f43a.json,BLACK,1,0,0,0,0,0,8,,,80+ Gold,False,ATX,B08JGPBML2,,,,9SIAGBAK8Z0332,340373911,140,,,,GP-P850GM,Full,850
ef789d6f-4d62-49bb-8bd5-731a669f8e54,PC Power & Cooling Silencer Silver 760W Non-Modular 80+ Silver Certified,PC Power & Cooling,Silencer,760W Silver,,ef789d6f-4d62-49bb-8bd5-731a669f8e54.json,,1,0,0,0,0,0,8,,,80+ Silver,False,ATX,,,,,,,180,,,,PPCS760,Non-Modular,760
ef8f4a46-f7c3-4f77-9034-bde71bfe0379,SeaSonic VERTEX PX-750 Black / Silver 750W Fully Modular 80+ Platinum Certified,SeaSonic,VERTEX,750W Platinum,,ef8f4a46-f7c3-4f77-9034-bde71bfe0379.json,BLACK | GREY,1,2,0,3,1,2,14,,,80+ Platinum,False,ATX,B0C572J6MZ,,,,,,160,,,,VERTEX PX-750,Full,750
ef95d195-9868-4bf1-9d8e-118c01e63f63,Cooler Master MWE Bronze V2 Black ATX 550W Non-Modular 80+ Bronze Certified,Cooler Master,MWE,550W Bronze,,ef95d195-9868-4bf1-9d8e-118c01e63f63.json,BLACK,1,0,0,0,0,0,6,,,80+ Bronze,False,ATX,B08H5QR9FL,,,,,,140,,,,MPE-5501-ACAAB-US | MPE-5501-ACAAB-UK | MPE-5501-ACAAB-EU | MPE-5501-ACAAB-AU | MPE-5501-ACAAB-IN | MPE-5501-ACABW-BIN,Non-Modular,550
efbfc3e1-2299-4730-9c05-cefc20261806,Azza PSAZ-750W Black ATX 750W Non-Modular 80+ Bronze Certified,Azza,PSAZ-750W,750W Bronze,,efbfc3e1-2299-4730-9c05-cefc20261806.json,BLACK,1,0,0,0,0,0,5,,,80+ Bronze,False,ATX,B08P3269LQ,,,,N82E16817517016,,165,,,,PSAZ-750W,Non-Modular,750
efd088ae-f796-4d90-a727-bc76fb2bda6c,Rosewill VSB Black 650W Semi-Modular 80+ Bronze Certified ATX,Rosewill,VSB,650W Bronze,2025,efd088ae-f796-4d90-a727-bc76fb2bda6c.json,BLACK,1,2,0,0,1,2,6,,,80+ Bronze,False,ATX,B0FFPQ38QV,,,https://www.rosewill.com/p/9SIA072KH37854,N82E16817182464,,140,None,,Black,VSB650,Semi-Modular,650
efe527ff-b9cc-453a-a9c8-c711b6be5206,Enermax MAXPRO ATX 500W Non-Modular 80+ Certified,Enermax,MAXPRO,500W 80+,,efe527ff-b9cc-453a-a9c8-c711b6be5206.json,,1,1,0,4,0,2,5,,,80+,False,ATX,,,,,,,140,,,,EMP500AGT,Non-Modular,500
eff663e2-4aac-4f5d-a0af-b69b52780116,Silverstone DA1000R White ATX 1000W Fully Modular 80+ Gold Certified,Silverstone,DA1000R,1000W Gold,,eff663e2-4aac-4f5d-a0af-b69b52780116.json,WHITE,1,2,0,3,1,6,12,,,80+ Gold,False,ATX,,,,,,,150,,,,SST-DA1000R-GM-WWW,Full,1000
eff732e1-5fe5-4f0c-9d6a-c7570eba45b9,Enermax ELT720AWT-ECO_II 720W 80+ Certified Fully Modular,Enermax,ELT720AWT-ECO_II,720W 80+,,eff732e1-5fe5-4f0c-9d6a-c7570eba45b9.json,,1,2,0,2,0,4,10,,,80+,False,ATX,,,,,,,,,,,ELT720AWT-ECO_II,Full,720
f00830fb-2615-4684-b88c-bdb88b0376e5,Super Flower SF-1200F14MP White 1200W Fully Modular 80+ Platinum Certified,Super Flower,SF-1200F14MP,1200W Platinum,,f00830fb-2615-4684-b88c-bdb88b0376e5.json,,1,2,0,5,0,8,10,,,80+ Platinum,False,ATX,,,,,,,200,,,,SF-1200F14MP white,Full,1200
f0093476-3ac7-489c-a73b-2b132c71638f,Thermaltake Toughpower DPS G RGB 1250W Fully Modular 80+ Titanium,Thermaltake,Toughpower,1250W Titanium,,f0093476-3ac7-489c-a73b-2b132c71638f.json,,1,2,0,8,0,4,16,,,80+ Titanium,False,ATX,,,,,,,200,,,,PS-TPG-1250DPCTUS-T,Full,1250
f00f1350-257a-40e2-8fce-2e0110468480,Rosewill PHOTON-1050 ATX 1050W Fully Modular 80+ Gold Certified,Rosewill,PHOTON-1050,1050W Gold,,f00f1350-257a-40e2-8fce-2e0110468480.json,,1,2,0,5,0,8,15,,,80+ Gold,False,ATX,,,,,,,180,,,,PHOTON-1050,Full,1050
f026ce60-70b9-4ea7-9b47-b1a49cad9b86,NZXT C850 (2026) SFX Gold,NZXT,,850 Black,2026,f026ce60-70b9-4ea7-9b47-b1a49cad9b86.json,BLACK,1,1,,3,2,1,6,Cybenetics Platinum,Cybenetics A-,80+ Gold,,SFX,B0GFVSV779,6677351,,https://nzxt.com/products/c850-sfx-gold,N82E16817116059,19994904085,125,,,,PS-8G1BB-US,Full,850
f026ec9b-3247-4970-a231-da1e3f93daca,Cooler Master MWE Gold V2 ATX3.0 SF6 BLANKA Green / Yellow 1050W Fully Modular 80+ Gold,Cooler Master,MWE,1050W Gold,,f026ec9b-3247-4970-a231-da1e3f93daca.json,GREEN | YELLOW,1,2,0,4,1,3,12,,,80+ Gold,False,ATX,,,,,,,180,,,,MPE-A501-AFCAG-3V | MPE-A501-AFCAG-3VAU | MPE-A501-AFCAG-3VUS | MPE-A501-AFCAG-3VEU | MPE-A501-AFCAG-3VWO | MPE-A501-AFCAG-3VUK,Full,1050
f058bd84-2e3b-423f-9a0a-0a9a2a89b158,Cooler Master MWE Gold V2 1250W 80+ Gold Fully Modular,Cooler Master,MWE,1250W Gold,,f058bd84-2e3b-423f-9a0a-0a9a2a89b158.json,BLACK,1,2,0,4,0,8,12,,,80+ Gold,False,ATX,B09HLD1PF6,,,,N82E16817171207,741614321,180,,,,MPE-C501-AFCAG-US | C501-AFCAG-UK | C501-AFCAG-JP | C501-AFCAG-EU | C501-AFCAG-WO | C501-AFCAG-AU | MPE-C501-AFCAG-UK,Full,1250
f05baca1-4404-4359-b219-bc5e47c6f965,Zalman ACRUX Black / Silver 1000W Fully Modular 80+ Platinum Certified,Zalman,ACRUX,1000W Platinum,,f05baca1-4404-4359-b219-bc5e47c6f965.json,BLACK | GREY,1,2,0,8,0,6,12,,,80+ Platinum,False,ATX,,,,,,,180,,,,ZM1000-ARX,Full,1000
f05dabd4-eba8-441a-94ce-f780de5d59a5,SeaSonic Focus GX V4 ATX 3 (2024) 750W 80+ Gold Certified Fully Modular,SeaSonic,Focus,750W Gold,,f05dabd4-eba8-441a-94ce-f780de5d59a5.json,BLACK,1,0,0,0,0,0,8,,,80+ Gold,False,ATX,B0DLFM4YNM,,,,N82E16817151272,14359955858,140,,,,FOCUS-GX-750-V4 | Focus V4 GX-750 | FOCUS ATX3 (2024) GX-750 | FOCUS GX-750 (ATX3) | Focus GX-750 ATX 3.1 | Focus GX-750 V4 (2024),Full,750
f06112b4-65a4-40e1-b94a-afedacadc3df,NZXT C550 ATX 550W Semi-Modular 80+ Bronze Certified,NZXT,C550,550W Bronze,,f06112b4-65a4-40e1-b94a-afedacadc3df.json,BLACK,1,2,0,3,0,4,6,,,80+ Bronze,False,ATX,B09H3KR6PV,6491881,,,9SIB8AKK6P7293,568141184,140,,,,PA-5B1BB-US | PA-5B1BB-EU | PA-5B1BB-UK | PA-5B1BB-AU | PA-5B1BB-JP | PA-5B1BB-WO,Semi-Modular,550
f061161c-6f67-4890-854c-cddf344df50a,Corsair Vengeance 650M 650W Semi-Modular 80+ Silver Certified ATX,Corsair,Vengeance,650W Silver,,f061161c-6f67-4890-854c-cddf344df50a.json,BLACK,1,1,0,4,0,4,5,,,80+ Silver,False,ATX,,,,,,,140,,,,CP-9020175-NA | CP-9020175-EU | CP-9020175-UK | CP-9020175-AU,Semi-Modular,650
f06c1b0f-e7e4-4a54-9ad6-ae8d5ab632d8,Silverstone SX500-G SFX 500W Fully Modular 80+ Gold Certified,Silverstone,SX500-G,500W Gold,,f06c1b0f-e7e4-4a54-9ad6-ae8d5ab632d8.json,,1,1,0,3,0,2,6,,,80+ Gold,False,SFX,B075M5FRQS,,,,9SIA62VKC22583,309637525,100,,,,SST-SX500-G,Full,500
f07c9a3f-b248-44ea-9934-430b2886f811,Cooler Master MWE Gold V3 650W Non-Modular 80+ Gold Certified,Cooler Master,MWE,650W Gold,,f07c9a3f-b248-44ea-9934-430b2886f811.json,BLACK,1,0,0,0,0,0,6,,,80+ Gold,False,ATX,,,,,,,140,,,,MPE-6502-ACAAG-3BUS | MPE-6502-ACAAG-3BUK | MPE-6502-ACAAG-3BAU | MPE-6502-ACAAG-3BEU,Non-Modular,650
f082eb8f-8e8d-4404-95f5-f5568a424f2e,Raidmax Vampire 700W Semi-Modular 80+ Gold Certified ATX,Raidmax,Vampire,700W Gold,,f082eb8f-8e8d-4404-95f5-f5568a424f2e.json,,1,1,0,6,0,4,8,,,80+ Gold,False,ATX,,,,,,,165,,,,RX-700GH,Semi-Modular,700
f084ae3e-b076-41fe-be99-b71fd8f18882,Lian Li SX Platinum 1000W SXP Compact ATX Form Factor Power Supply w/ 12V-2x6 Cable - ATX 3.1 & PCIE 5.1 Compliant - 140mm Fan - Full Modular - 10 Year Warranty - White (SX1000P.W),Lian Li,SX Platinum,1000W White,2025,f084ae3e-b076-41fe-be99-b71fd8f18882.json,WHITE,1,2,,1,1,3,2,,,80+ Platinum,,ATX,B0FPCDJYBW,,,https://lian-li.com/product/sx-platinum/,9SIAFSTKKB5230,19356216655,140,,2025-12-31T20:20:02.155Z,,SX1000P.W,Full,1000
f0c05506-a9a6-4803-ad63-989dbf4a28fa,Xilence XP1050MR9.2 Black / Red 1050W Fully Modular 80+ Gold Certified ATX,Xilence,XP1050MR9.2,1050W Gold,,f0c05506-a9a6-4803-ad63-989dbf4a28fa.json,BLACK | RED,1,1,0,4,1,3,12,,,80+ Gold,False,ATX,B0CBQ26X65,,,,,,180,,,,XN176 | XP1050MR9.2,Full,1050
f0e5c813-acc3-425a-839d-7aa350343850,Deepcool PF700 Black 230V ATX 700W Non-Modular 80+ Certified,DeepCool,PF700,700W 80+,,f0e5c813-acc3-425a-839d-7aa350343850.json,BLACK,1,2,0,2,0,4,6,,,80+,False,ATX,B0B21XYZRM,,,,,,140,,,,R-PF700D-HA0B-USR-PF700D-HA0B-AUR-PF700D-HA0B-CNR-PF700D-HA0B-UKR-PF700D-HA0B-WOR-PF700D-HA0B-BPR-PF700D-HA0B-EUR-PF700D-HA0B-AR,Non-Modular,700
f0f2ffff-87db-4444-9045-1196a4fef593,SHARKOON Rebel P20 Black 850W Fully Modular ATX,SHARKOON,Rebel,850W ,,f0f2ffff-87db-4444-9045-1196a4fef593.json,BLACK,1,2,0,1,1,4,11,,,,False,ATX,,,,,,,140,,,,Rebel P20 850,Full,850
f11986ae-90fc-4f52-a439-5d68110dd4fa,Phanteks AMP Black 750W 80+ Gold Fully Modular,Phanteks,AMP,750W Gold,,f11986ae-90fc-4f52-a439-5d68110dd4fa.json,BLACK,1,2,0,3,0,4,8,,,80+ Gold,False,ATX,B07W5RSX99,,,,,616585410,140,,,,PH-P750G_US01 | PH-P750G_AU01 | PH-P750G | PH-P750G_BK,Full,750
f12d0b24-f552-43df-8e6c-c0fc37acf4ba,be quiet! Pure Power 10 ATX 350W Non-Modular 80+ Bronze Certified,be quiet!,Pure,350W Bronze,,f12d0b24-f552-43df-8e6c-c0fc37acf4ba.json,,1,1,0,2,0,1,5,,,80+ Bronze,False,ATX,,,,,,,150,,,,BN271,Non-Modular,350
f131f336-77dc-47da-bc5e-398613530d97,Thermaltake Smart 750W 80+ Bronze Semi-Modular,Thermaltake,Smart,750W Bronze,,f131f336-77dc-47da-bc5e-398613530d97.json,,1,1,0,6,0,4,9,,,80+ Bronze,False,ATX,B007BDJ4QU,,,,,23142484,160,,,,SP-750M | SP-750MPCBUS,Semi-Modular,750
f135db9f-4b35-442b-a699-014124a9f6cf,Chieftec Polaris 3.0 Black ATX 850W Fully Modular 80+ Gold,Chieftec,Polaris,850W Gold,,f135db9f-4b35-442b-a699-014124a9f6cf.json,BLACK,1,2,0,4,0,2,12,,,80+ Gold,False,ATX,,,,,,,160,,,,PPS-850FC-A3,Full,850
f13826cf-2b5a-4c8b-b86e-0b89b87c86ab,Cooler Master V750 SFX 750W Fully Modular 80+ Gold Certified,Cooler Master,V750,750W Gold,,f13826cf-2b5a-4c8b-b86e-0b89b87c86ab.json,BLACK,1,0,0,0,0,0,8,,,80+ Gold,False,SFX,,,,,,,100,,,,MPY-7501-SFHAGV-US | MPY-7501-SFHAGV-UK | MPY-7501-SFHAGV-EU | MPY-7501-SFHAGV-ST | MPY-7501-SFHAGV-AU | MPY-7501-SFHAGV-BR | MPY-7501-SFHAGV-KR | MPY-7501-SFHAGV-TW | MPY-7501-SFHAGV-JP | MPY-7501-SFHAGV-IN | MPY-7501-SFHAGV-WO,Full,750
f13834fe-a5ec-4a44-8541-cd0402fbf36d,EVGA SuperNOVA 1000 G2 1000W 80+ Gold Fully Modular,EVGA,SuperNOVA,1000W Gold,,f13834fe-a5ec-4a44-8541-cd0402fbf36d.json,,1,2,0,5,0,6,10,,,80+ Gold,False,ATX,,,,,,,200,,,,120-G2-1000-XR | 120-G2-1000-X2 | 120-G2-1000-X3,Full,1000
f13e841b-d93f-4067-830c-bc71844cdc7b,MSI MAG A600DN Black 600W Non-Modular 80+ Certified,MSI,MAG,600W 80+,,f13e841b-d93f-4067-830c-bc71844cdc7b.json,BLACK,1,0,0,0,0,0,5,,,80+,False,ATX,,,,,,,140,,,,MAG A600DN,Non-Modular,600
f1516f5c-7982-45af-bd22-e39e4dff7f7c,Fractal Design Ion+ 2 Platinum 860W 80 Plus Platinum Certified 860W Full Modular Compact ATX Power Supply,Fractal Design,Ion+,Platinum,2021,f1516f5c-7982-45af-bd22-e39e4dff7f7c.json,,1,2,0,4,0,6,10,,,80+ Platinum,False,ATX,B07VVRQRN7,5597201,,,N82E16817580024,314335353,150,,,,FD-PSU-IONP-860P-BK-US,Full,860
f16d119f-00a7-4c3b-bdd8-abc5e6eefe47,Xigmatek NRP-MC702 700W 80+ Bronze Certified Fully Modular ATX,Xigmatek,NRP-MC702,700W Bronze,,f16d119f-00a7-4c3b-bdd8-abc5e6eefe47.json,,1,1,0,6,0,2,8,,,80+ Bronze,False,ATX,,,,,,,180,,,,NRP-MC702,Full,700
f17231e0-d6a1-45dd-b609-867164d8cc91,Fractal Design Integra M 450W Semi-Modular 80+ Bronze Certified,Fractal Design,Integra,450W Bronze,,f17231e0-d6a1-45dd-b609-867164d8cc91.json,,1,1,0,2,0,0,5,,,80+ Bronze,False,ATX,,,,,,,140,,,,FD-PSU-IN3B-450W,Semi-Modular,450
f1a28f14-c636-4b76-aa4f-2eb9475dcb95,ENDORFY Vero L5 Black 500W Non-Modular 80+ Bronze,ENDORFY,Vero,500W Bronze,,f1a28f14-c636-4b76-aa4f-2eb9475dcb95.json,BLACK,1,0,0,0,0,0,5,,,80+ Bronze,False,ATX,B0C65Q8D19,,,,,,140,,,,EY7A004,Non-Modular,500
f1ad5cdc-3392-4698-9a73-31f724fecd49,SeaSonic PRIME Ultra Gold Black ATX 850W Fully Modular 80+ Gold Certified,SeaSonic,PRIME,850W Gold,,f1ad5cdc-3392-4698-9a73-31f724fecd49.json,BLACK,1,2,0,5,0,6,10,,,80+ Gold,False,ATX,,,,,,,170,,,,SSR-850GD | SSR-850GD-U | SSR-850GD (V2),Full,850
f1d26916-0779-4dc3-94b6-abd05fca66b1,Ultra LSP650 ATX 650W Non-Modular,Ultra,LSP650,650W ,,f1d26916-0779-4dc3-94b6-abd05fca66b1.json,,1,1,0,5,0,0,4,,,,False,ATX,,,,,,,,,,,LSP650,Non-Modular,650
f1d6ed4c-7706-40d4-a738-04437842d11b,GAMDIAS KRATOS M1 B Black 550W Non-Modular 80+ Bronze,GAMDIAS,KRATOS,550W Bronze,,f1d6ed4c-7706-40d4-a738-04437842d11b.json,BLACK,1,1,0,2,0,2,5,,,80+ Bronze,False,ATX,,,,,,,140,,,,KRATOS M1-550B,Non-Modular,550
f1e5b9ce-3b36-44a1-a94a-0b67dcfc6622,EVGA 750 B3 850W 80+ Bronze Certified Fully Modular,EVGA,750,850W Bronze,,f1e5b9ce-3b36-44a1-a94a-0b67dcfc6622.json,,1,1,0,3,0,6,9,,,80+ Bronze,False,ATX,,,,,,,160,,,,220-B3-0850-V1 | 220-B3-0850-V2 | 220-B3-0850-V3,Full,850
f1f11578-b4d9-46cf-83de-1141d779aab6,Thermalright TG Black 1000W Fully Modular 80+ Gold Certified ATX,Thermalright,TG,1000W Gold,,f1f11578-b4d9-46cf-83de-1141d779aab6.json,BLACK,1,1,0,5,1,4,10,,,80+ Gold,False,ATX,,,,,,,140,,,,TG-1000 | TR-TG-1000,Full,1000
f208cef3-2a81-4a53-9663-d26c96889119,be quiet! System Power 10 U 750W 80+ Bronze Certified Non-Modular,be quiet!,System,750W Bronze,,f208cef3-2a81-4a53-9663-d26c96889119.json,BLACK,1,2,0,1,0,4,6,,,80+ Bronze,False,ATX,,,,,,,140,,,,BN988 | BN693 | BN996 | BN992 | BN689,Non-Modular,750
f20f5851-7a0f-4412-b46f-27056d6a744e,Dark Power Pro 11 750W 80 Plus Platinum Modular Power Supply,be quiet!,Dark Power Pro 11,,2019,f20f5851-7a0f-4412-b46f-27056d6a744e.json,,1,0,0,7,0,6,8,,,80+ Platinum,False,ATX,,,,,,,180,,,,CP-9020133-NA | BN652,Full,750
f210c34c-6698-4d7d-90ef-a8b393c68cc3,Corsair RM1000 ATX 1000W Fully Modular 80+ Gold Certified,Corsair,RM1000,1000W Gold,,f210c34c-6698-4d7d-90ef-a8b393c68cc3.json,,1,2,0,11,0,8,12,,,80+ Gold,False,ATX,B00EB7UIZU,,,,,,180,,,,RM1000 | CP-9020062-UK | CP-9020062-NA | P-9020062-EU,Full,1000
f2205750-ea60-4ecb-bba9-bfd073f3d430,Cooler Master V650 SFX 650W Fully Modular 80+ Gold Certified,Cooler Master,V650,650W Gold,,f2205750-ea60-4ecb-bba9-bfd073f3d430.json,BLACK,1,0,0,0,0,0,8,,,80+ Gold,False,SFX,B00FBBQERG,,,,9SIB0ASKD12987,889336154,100,,,,MPY-6501-SFHAGV-US | MPY-6501-SFHAGV-UK | MPY-6501-SFHAGV-EU | MPY-6501-SFHAGV-AU | MPY-6501-SFHAGV-JP | MPY-6501-SFHAGV-IN | MPY-6501-SFHAGV-WO,Full,650
f2213c75-a0c7-4704-98d9-62b900dfde5e,Cooler Master V750 Gold V2 Black 750W Fully Modular 80+ Gold,Cooler Master,V750,750W Gold,,f2213c75-a0c7-4704-98d9-62b900dfde5e.json,BLACK,1,2,0,4,0,4,12,,,80+ Gold,False,ATX,B08FJHF9RG,,,,9SIAGBAKAU8411,510321765,160,,,,MPY-750V-AFBAG | MPY-750V-AFBAG-AU | MPY-750V-AFBAG-UK | MPY-750V-AFBAG-IN | MPY-750V-AFBAG-US | MPY-750V-AFBAG-KR | MPY-750V-AFBAG-JP | MPY-750V-AFBAG-WO | MPY-750V-AFBAG-EU,Full,750
f2270270-fdee-4a2e-974f-db5fb1369fc7,be quiet! Straight Power E9 500W Non-Modular 80+ Gold,be quiet!,STRAIGHT,500W Gold,,f2270270-fdee-4a2e-974f-db5fb1369fc7.json,,1,1,0,4,0,2,8,,,80+ Gold,False,ATX,,,,,,,160,,,,BN192,Non-Modular,500
f23b78bb-3b9b-4ce7-9c13-a6e06b986dcb,Cooler Master V750 Black / Gold 750W Fully Modular 80+ Gold Certified,Cooler Master,V750,750W Gold,,f23b78bb-3b9b-4ce7-9c13-a6e06b986dcb.json,BLACK | GOLD,1,2,0,4,1,3,12,,,80+ Gold,False,ATX,,,,,,,160,,,,MPZ-7501-AFAG-BUS | MPZ-7501-AFAG-BEU | MPZ-7501-AFAG-BAU | MPZ-7501-AFAG-BUK | MPZ-7501-AFAG-BWO,Full,750
f2452ba4-3257-4682-9202-80ac155d8ebb,Gigabyte P-B Black 650W Non-Modular 80+ Bronze Certified,Gigabyte,P-B,650W Bronze,,f2452ba4-3257-4682-9202-80ac155d8ebb.json,BLACK,1,0,0,0,0,0,6,,,80+ Bronze,False,ATX,,,,,,,140,,,,GP-P650B,Non-Modular,650
f247e6c4-613b-4b4f-b03d-cc828e577f16,Vetroo CP-PSU-VT-850W-SFX Pink SFX 850W Fully Modular 80+ Gold Certified,Vetroo,CP-PSU-VT-850W-SFX,850W Gold,,f247e6c4-613b-4b4f-b03d-cc828e577f16.json,PINK,1,0,0,0,0,0,4,,,80+ Gold,False,SFX,B0FCQMFDS8,,,,,17874366851,99,,,,CP-PSU-VT-850W-SFX (PK) | 850SFX,Full,850
f25313f5-f862-4d70-afd3-4b1817933d23,Thermaltake TR2 ATX 430W Non-Modular,Thermaltake,TR2,430W ,,f25313f5-f862-4d70-afd3-4b1817933d23.json,,1,1,0,6,0,0,2,,,,False,ATX,,,,,,,139,,,,W0070,Non-Modular,430
f2726333-f1d8-464b-9550-db418028136d,Antec NE850G M ATX3.0 850W Fully Modular 80+ Gold Certified ATX,Antec,NE850G,850W Gold,,f2726333-f1d8-464b-9550-db418028136d.json,BLACK,1,2,0,4,1,4,12,,,80+ Gold,False,ATX,,,,,,,140,,,,NE850G M ATX3.0 | 0-761345-11387-8 | 0-761345-11389-2 | 0-761345-11388-5 | 0-761345-11390-8 | 0-761345-11386-1,Full,850
f2ac0b26-1dab-48e6-8764-c06c08a8aba6,Antec High Current Pro 850W 80+ Platinum Fully Modular,Antec,High,850W Platinum,,f2ac0b26-1dab-48e6-8764-c06c08a8aba6.json,,1,2,0,6,0,6,9,,,80+ Platinum,False,ATX,,,,,,,190,,,,HCP-850 Platinum,Full,850
f2b7eab7-0e5b-4d6e-847d-c02e9956e387,Silverstone Strider 400W Non-Modular 80+,Silverstone,Strider,400W 80+,,f2b7eab7-0e5b-4d6e-847d-c02e9956e387.json,,1,1,0,3,0,0,4,,,80+,False,ATX,,,,,,,139,,,,ST40F-ES | SST-ST40F-ES,Non-Modular,400
f2d13bb7-3745-4fdb-90d6-6531ea65a25b,Silverstone Strider 500W Non-Modular 80+ Gold,Silverstone,Strider,500W Gold,,f2d13bb7-3745-4fdb-90d6-6531ea65a25b.json,,1,1,0,3,0,1,8,,,80+ Gold,False,ATX,,,,,,,140,,,,ST50F-ESG | SST-ST50F-ESG,Non-Modular,500
f2f405cf-b126-48d7-8cee-a7676896af79,GameMax RGB Rainbow Black 550W Fully Modular 80+ Gold Certified,GameMax,RGB,550W Gold,,f2f405cf-b126-48d7-8cee-a7676896af79.json,BLACK,1,1,0,3,0,1,6,,,80+ Gold,False,ATX,,,,,,,165,,,,RGB-550 | RGB850-PRO,Full,550
f2f4f82f-232b-46d3-9e2a-5374e912900e,Gigabyte UD850GM-A Black 850W 80+ Gold Certified Fully Modular ATX,Gigabyte,UD850GM-A,850W Gold,,f2f4f82f-232b-46d3-9e2a-5374e912900e.json,BLACK,1,2,0,2,0,6,10,,,80+ Gold,False,ATX,,,,,,,140,,,,GP-UD850GM-A,Full,850
f30a1547-aa33-4566-ab6d-2555d5d20259,Antec Earthwatts ATX 650W Non-Modular 80+ Bronze,Antec,Earthwatts,650W Bronze,,f30a1547-aa33-4566-ab6d-2555d5d20259.json,,1,1,0,5,0,2,7,,,80+ Bronze,False,ATX,,,,,,,154,,,,EA-650 Green,Non-Modular,650
f313873c-645c-423d-8a54-b7312138a7d4,SeaSonic B12 BC 750W Non-Modular 80+ Bronze Certified,SeaSonic,B12,750W Bronze,,f313873c-645c-423d-8a54-b7312138a7d4.json,,1,2,0,3,0,4,6,,,80+ Bronze,False,ATX,B093H2DQVK,,,,,,140,,,,B12-BC-750 | B12BC-750 | B12 BC-750,Non-Modular,750
f3148373-c55e-4200-9c52-810d265ba40f,Enermax EPM850EWT ATX 850W Semi-Modular 80+ Platinum Certified,Enermax,EPM850EWT,850W Platinum,,f3148373-c55e-4200-9c52-810d265ba40f.json,,1,2,0,8,0,4,12,,,80+ Platinum,False,ATX,,,,,,,,,,,EPM850EWT,Semi-Modular,850
f318c11d-4dff-4643-9d20-fc40b8b30206,Chieftec PowerPlay Gold 750W Fully Modular 80+ Gold Certified,Chieftec,PowerPlay,750W Gold,,f318c11d-4dff-4643-9d20-fc40b8b30206.json,BLACK | RED,1,1,0,3,0,4,9,,,80+ Gold,False,ATX,,,,,,,160,,,,GPU-750FC,Full,750
f32cf78f-e59b-4507-b77b-6cfe118b3eef,EVGA SuperNOVA NEX750G Gold 750W 80+ Gold Fully Modular,EVGA,SuperNOVA,750W Gold,,f32cf78f-e59b-4507-b77b-6cfe118b3eef.json,,1,2,0,6,0,4,9,,,80+ Gold,False,ATX,,,,,,,180,,,,120-PG-0750-GR,Full,750
f32f1956-fbb3-4643-8fc3-8d4b42007876,Gigabyte UD750GM-A 750W 80+ Gold Fully Modular,Gigabyte,UD750GM-A,750W Gold,,f32f1956-fbb3-4643-8fc3-8d4b42007876.json,BLACK,1,0,0,0,0,0,10,,,80+ Gold,False,ATX,,,,,N82E16817233049,,140,,,,GP-UD750GM-A,Full,750
f340736b-6bb7-4482-b00d-be98bc7b2596,Segotep GM 850 W 80+ Gold Certified Fully Modular ATX Power Supply (CP-PSU-ST-GM850),Segotep,GM 850,Black,2022,f340736b-6bb7-4482-b00d-be98bc7b2596.json,,1,2,0,3,1,4,8,,,80+ Gold,False,ATX,B09TR6ZRWP,,,,9SIBGX1JA26875,,140,,,,,Full,850
f353544f-a938-4174-820e-77fc22392832,Athena Power AP-MFATX35 Silver Mini-ITX 350W Non-Modular 80+ Bronze Certified,Athena Power,AP-MFATX35,350W Bronze,,f353544f-a938-4174-820e-77fc22392832.json,GREY,1,0,0,0,0,0,0,,,80+ Bronze,False,Mini-ITX,,,,,,,,,,,AP-MFATX35,Non-Modular,350
f357bc94-90e2-4f8a-83f0-3d6c32b04082,MSI MAG A-GL PCIE5 II Black 1000W Fully Modular 80+ Gold,MSI,MAG,1000W Gold,,f357bc94-90e2-4f8a-83f0-3d6c32b04082.json,BLACK,1,2,0,4,1,4,12,,,80+ Gold,False,ATX,B0FC2J85S3,,,,1HU-001W-000G4,15162912666,150,,,,MAG A1000GL PCIE5 II | MAGA1000GLPCIE5II,Full,1000
f35cf3d8-c8ff-4f37-b69f-01d4d23a5a12,Seasonic PRIME Ultra Gold 1000 1000W Fully Modular 80+ Gold,SeaSonic,PRIME,1000W Gold,,f35cf3d8-c8ff-4f37-b69f-01d4d23a5a12.json,BLACK,1,2,0,5,0,8,12,,,80+ Gold,False,ATX,,,,,,,170,,,,SSR-1000GD | SSR-1000GD-U | SSR-1000GD (V2),Full,1000
f3674534-69b7-4eaf-b1eb-f3906d5b9afa,SeaSonic Focus GX V4 ATX 3 (2024) White 750W 80+ Gold Fully Modular,SeaSonic,Focus,750W Gold,,f3674534-69b7-4eaf-b1eb-f3906d5b9afa.json,WHITE,1,2,0,3,1,2,8,,,80+ Gold,False,ATX,,,,,,,140,,,,FOCUS-GX-750-V4-WHITE | Focus V4 GX-750 White,Full,750
f37073b4-936f-4483-a0d6-db0864ed5b3c,Segotep GM White 1000W Fully Modular 80+ Gold Certified ATX,Segotep,GM,1000W Gold,,f37073b4-936f-4483-a0d6-db0864ed5b3c.json,WHITE,1,2,0,6,1,6,12,,,80+ Gold,False,ATX,,,,,,,180,,,,GM1000W-W,Full,1000
f37aea03-63f3-4c60-939b-01a999eccaa5,Diablotek PSUL575 ATX 575W Non-Modular,Diablotek,PSUL575,575W ,,f37aea03-63f3-4c60-939b-01a999eccaa5.json,,1,0,0,0,0,0,6,,,,False,ATX,,,,,,,160,,,,PSUL575,Non-Modular,575
f37d5407-6e72-4227-ae4c-9f34b38a88ee,Dynapower EJ-750A80 750W 80+ Bronze Certified Fully Modular,Dynapower,EJ-750A80,750W Bronze,,f37d5407-6e72-4227-ae4c-9f34b38a88ee.json,,1,1,0,7,0,4,6,,,80+ Bronze,False,ATX,,,,,,,160,,,,EJ-750A80,Full,750
f386eb27-4f22-4212-9405-76b50e26d915,Enermax REVOLUTION SFX Black 650W Fully Modular 80+ Gold Certified,Enermax,REVOLUTION,650W Gold,,f386eb27-4f22-4212-9405-76b50e26d915.json,BLACK,1,1,0,4,0,2,6,,,80+ Gold,False,SFX,B01MS0A71O,,,,,912419381,100,,,,ERV650SWT,Full,650
f396c182-1e4e-4321-8aa7-f3879d57892e,Super Flower Leadex Gold 1300W Fully Modular 80+ Gold,Super Flower,Leadex,1300W Gold,,f396c182-1e4e-4321-8aa7-f3879d57892e.json,,1,2,0,5,0,5,10,,,80+ Gold,False,ATX,,,,,,,200,,,,SF-1300F14MG,Full,1300
f3a0458c-1a7e-4361-ac71-8d990eb93b01,Super Flower LEADEX VII XG Black 750W Fully Modular 80+ Gold Certified,Super Flower,LEADEX,750W Gold,,f3a0458c-1a7e-4361-ac71-8d990eb93b01.json,BLACK,1,2,0,4,1,3,12,,,80+ Gold,False,ATX,,,,,,,150,,,,SF-750F14XG,Full,750
f3a119bc-e84b-4d81-84e8-0b0f7f20e212,Rosewill VALENS-700 ATX 700W Non-Modular 80+ Gold Certified,Rosewill,VALENS-700,700W Gold,,f3a119bc-e84b-4d81-84e8-0b0f7f20e212.json,,1,1,0,4,0,4,6,,,80+ Gold,False,ATX,,,,,,,160,,,,VALENS-700,Non-Modular,700
f3a75f5d-a20b-4bc1-9160-a6a2f79da110,RAIJINTEK CRATOS Black ATX 1000W Fully Modular 80+ Gold Certified,RAIJINTEK,CRATOS,1000W Gold,,f3a75f5d-a20b-4bc1-9160-a6a2f79da110.json,BLACK,1,2,0,4,1,4,8,,,80+ Gold,False,ATX,,,,,,,140,,,,0R30B00005 | CRATOS 1000 BLACK,Full,1000
f3ad38c2-f1e2-40b5-9b8a-96c59fe50f94,MSI MAG A750GN PCIE5 Black ATX 750W Non-Modular 80+ Gold,MSI,MAG,750W Gold,,f3ad38c2-f1e2-40b5-9b8a-96c59fe50f94.json,BLACK,1,2,0,2,1,2,4,,,80+ Gold,False,ATX,B0FPDD9DGD,,,,1HU-001W-000G5,15178967477,140,,,,MAG A750GN PCIE5 | MAGA750GNPCIE5 | PSAG750-MAGA750GNPCIE5,Non-Modular,750
f3c338db-6bf3-40dc-863a-89225b61cf4c,Raidmax Cobra ATX 400W Non-Modular 80+ Bronze Certified,Raidmax,Cobra,400W Bronze,,f3c338db-6bf3-40dc-863a-89225b61cf4c.json,,1,1,0,4,0,1,5,,,80+ Bronze,False,ATX,,,,,,,165,,,,RX-400AF-B,Non-Modular,400
f3dd5a69-4883-434f-b333-afc5b9df33c1,Corsair SF850L Black SFX 850W Fully Modular 80+ Gold Certified,Corsair,SF850L,850W Gold,,f3dd5a69-4883-434f-b333-afc5b9df33c1.json,BLACK,1,0,0,0,0,0,8,,,80+ Gold,False,SFX,B0BW9SV8HQ,6546864,,,9SIB8AKKDH9991,3941992714,130,,,,CP-9020245-NA | CP-9020245-UK | CP-9020245-DE,Full,850
f413ab9f-a039-405b-94e6-910ec4bf650a,LEPA B550-MB 550W Semi-Modular 80+ Bronze Certified,LEPA,B550-MB,550W Bronze,,f413ab9f-a039-405b-94e6-910ec4bf650a.json,,1,1,0,4,0,2,5,,,80+ Bronze,False,ATX,,,,,,,160,,,,B550-MB,Semi-Modular,550
f420343b-1c12-43e1-aca2-ad8f2fc380ca,SeaSonic G12 GM Black / Blue 650W Semi-Modular 80+ Gold,SeaSonic,G12,650W Gold,,f420343b-1c12-43e1-aca2-ad8f2fc380ca.json,BLACK | BLUE,1,2,0,3,0,2,6,,,80+ Gold,False,ATX,,,,,,,140,,,,G12-GM-650,Semi-Modular,650
f42bad5f-51a4-4718-9d09-e455288cf23d,Deepcool PM850D ATX 850W Non-Modular 80+ Gold Certified,DeepCool,PM850D,850W Gold,,f42bad5f-51a4-4718-9d09-e455288cf23d.json,BLACK,1,2,0,3,0,3,6,,,80+ Gold,False,ATX,B09Y5LRPKZ,,,,,,140,,,,R-PM850D-FA0B-US | R-PM850D-FA0B-BR | R-PM850D-FA0B-UK | R-PM850D-FA0B-JP | R-PM850D-FA0B-CN | R-PM850D-FA0B-AU | R-PM850D-FA0B-AR | R-PM850D-FA0B-BU | R-PM850D-FA0B-WO | R-PM850D-FA0B-EU | PM850D,Non-Modular,850
f43b14de-2236-4e51-8616-a52e317277a2,LC-Power LC6460GP3 V2.3 Black 230V ATX 460W Non-Modular 80+ Silver Certified,LC-Power,LC6460GP3,460W Silver,,f43b14de-2236-4e51-8616-a52e317277a2.json,BLACK,1,1,0,2,0,2,6,,,80+ Silver,False,ATX,,,,,,,160,,,,LC6460GP3 V2.3,Non-Modular,460
f44b7160-cee4-43f2-b498-6e75a74b1a32,Cooler Master Silent Pro Hybrid 1050W 80+ Gold Fully Modular,Cooler Master,Silent,1050W Gold,,f44b7160-cee4-43f2-b498-6e75a74b1a32.json,,1,2,0,5,0,6,12,,,80+ Gold,False,ATX,,,,,,,177,,,,RS-A50-SPHA-D3,Full,1050
f44ed14d-d8d6-46db-a5a5-ebeb89874c9a,Phanteks AMP GH White 750W Fully Modular 80+ Gold,Phanteks,AMP,750W Gold,,f44ed14d-d8d6-46db-a5a5-ebeb89874c9a.json,WHITE,1,2,0,2,1,3,10,,,80+ Gold,False,ATX,,,,,,,140,,,,PH-P750GH_WT01 | PH-P750GH_WT01_UK | PH-P750GH_WT01_EU,Full,750
f4bcc4fe-6336-42e1-85c4-8e9d7ac4c118,SeaSonic CORE GX ATX 3 (2024) White 850W Fully Modular 80+ Gold Certified,SeaSonic,CORE,850W Gold,,f4bcc4fe-6336-42e1-85c4-8e9d7ac4c118.json,WHITE,1,2,0,3,1,3,6,,,80+ Gold,False,ATX,,,,,,,140,,,,CORE ATX 3 GX-850 White,Full,850
f4bdb18b-547c-4758-aa4e-fbdff3165dde,Silverstone FX500-G Black Flex ATX 500W Non-Modular 80+ Gold Certified,Silverstone,FX500-G,500W Gold,,f4bdb18b-547c-4758-aa4e-fbdff3165dde.json,BLACK,1,0,0,0,0,0,4,,,80+ Gold,False,Flex ATX,B08JGF6NC1,,,,1HU-00RG-000Y9,795005395,150,,,,SST-FX500-G | RNAB08JGF6NC1,Non-Modular,500
f4c59c5f-6cad-4d74-afaf-135ca565c2ef,be quiet! Power Zone 650W Fully Modular 80+ Bronze Certified,be quiet!,Power,650W Bronze,,f4c59c5f-6cad-4d74-afaf-135ca565c2ef.json,,1,1,0,4,0,4,8,,,80+ Bronze,False,ATX,,,,,,,175,,,,BN210 | BN610,Full,650
f4ce4a10-a9be-4c82-a5d8-97ab07b8bbce,Silverstone ST75F-GS-V3 Black 750W Fully Modular 80+ Gold,Silverstone,ST75F-GS-V3,750W Gold,,f4ce4a10-a9be-4c82-a5d8-97ab07b8bbce.json,BLACK,1,2,0,6,0,4,8,,,80+ Gold,False,ATX,B07K61BFCH,,,,1B4-042J-000J5,812312910,140,,,,SST-ST75F-GS-V3 | ST75F-GS-V3 | PS-ST75F-GS-V3,Full,750
f4d3a440-3b34-4945-9fe1-3efecf50de27,Raidmax RX-735AP 735W Semi-Modular 80+ Bronze Certified,Raidmax,RX-735AP,735W Bronze,,f4d3a440-3b34-4945-9fe1-3efecf50de27.json,,1,1,0,3,0,4,8,,,80+ Bronze,False,ATX,,,,,,,165,,,,RX-735AP,Semi-Modular,735
f5052d88-48a1-4614-98a8-6e2a03525d62,ENDORFY Supremo FM5 650W Fully Modular 80+ Gold Certified ATX,ENDORFY,Supremo,650W Gold,,f5052d88-48a1-4614-98a8-6e2a03525d62.json,BLACK,1,2,0,1,0,2,5,,,80+ Gold,False,ATX,,,,,,,140,,,,EY7A007,Full,650
f50bde83-d2ab-4cfb-adba-fda254a003db,Enermax REVOLUTION87+ 550W Semi-Modular 80+ Gold Certified,Enermax,REVOLUTION87+,550W Gold,,f50bde83-d2ab-4cfb-adba-fda254a003db.json,,1,1,0,6,0,1,6,,,80+ Gold,False,ATX,,,,,,,160,,,,ERV550AWT-G,Semi-Modular,550
f52b1586-d067-4160-abc9-810796e653bb,FSP Group Hydro G 650W Fully Modular 80+ Gold Certified,FSP Group,Hydro,650W Gold,,f52b1586-d067-4160-abc9-810796e653bb.json,,1,1,0,3,0,4,12,,,80+ Gold,False,ATX,,,,,,,170,,,,HG650,Full,650
f53328ea-18af-48ce-bc63-c7392254e463,Segotep CP-PSU-ST-P750F Black 750W Fully Modular 80+ Gold,Segotep,CP-PSU-ST-P750F,750W Gold,,f53328ea-18af-48ce-bc63-c7392254e463.json,BLACK,1,2,0,5,0,2,7,,,80+ Gold,False,ATX,,,,,,,160,,,,CP-PSU-ST-P750F,Full,750
f53375bd-3f79-4779-99e0-102d096766c4,RIOTORO ONYX 750 ATX 750W Semi-Modular 80+ Bronze Certified,RIOTORO,ONYX,750W Bronze,,f53375bd-3f79-4779-99e0-102d096766c4.json,,1,1,0,6,0,4,9,,,80+ Bronze,False,ATX,,,,,,,140,,,,PR-BP0750-SM,Semi-Modular,750
f53d12c9-3f6c-4ea7-84f3-a88ccc3f10ee,Cooler Master B500 ver.2 500W Non-Modular 80+ Certified,Cooler Master,B500,500W 80+,,f53d12c9-3f6c-4ea7-84f3-a88ccc3f10ee.json,,1,1,0,3,0,2,6,,,80+,False,ATX,,,,,,,140,,,,RS500-ACABB1-UK,Non-Modular,500
f53ef062-8970-4ad2-8c16-e5b539bd2c82,Rosewill Lightning 800 W 80+ Gold Certified Semi-modular ATX,Rosewill,Lightning,800W Gold,,f53ef062-8970-4ad2-8c16-e5b539bd2c82.json,,1,1,0,8,0,6,8,,,80+ Gold,False,ATX,,,,,,,180,,,,LIGHTNING-800,Semi-Modular,800
f553c96a-ce2a-4494-8be2-71f32eb7dd5c,SilverStone Strider Platinum series SST-ST1200-PTS 1200 W Power Supply,SilverStone Technology,Strider Platinum series,,2019,f553c96a-ce2a-4494-8be2-71f32eb7dd5c.json,,1,2,2,6,0,0,8,,,80+ Platinum,False,ATX,B091SVHBZC,,,,,1968009001,140,,,,SST-ST1200-PTS,Full,1200
f56af7ca-a0c5-4aa7-beec-7259dd4240cd,Corsair RM1000i 1000W 80+ Gold Fully Modular,Corsair,RM1000i,1000W Gold,,f56af7ca-a0c5-4aa7-beec-7259dd4240cd.json,,1,2,0,11,0,8,12,,,80+ Gold,False,ATX,,,,,,,180,,,,CP-9020084-NA | RM1000i | CP-9020084-EU | CP-9020084-UK,Full,1000
f5a04225-3994-47e7-a9b4-fe4775fd2daf,Fractal Design Integra R2 750W Non-Modular 80+ Bronze,Fractal Design,Integra,750W Bronze,,f5a04225-3994-47e7-a9b4-fe4775fd2daf.json,,1,1,0,2,0,4,6,,,80+ Bronze,False,ATX,,,,,,,139,,,,FD-PSU-IN2B-750W,Non-Modular,750
f5a276d7-8b35-42c1-aa70-9e2bd863868b,Silverstone Triton 1000Rz Black 1000W Fully Modular,Silverstone,Triton,1000W ,,f5a276d7-8b35-42c1-aa70-9e2bd863868b.json,BLACK,1,0,0,0,0,0,8,,,,False,ATX,,,,,,,140,,,,SST-TR1000R-GM,Full,1000
f5a5aef7-5d38-49ec-ad78-28d4d1772597,Apevia Prestige Black ATX 1000W Non-Modular 80+ Gold Certified,Apevia,Prestige,1000W Gold,,f5a5aef7-5d38-49ec-ad78-28d4d1772597.json,BLACK,1,1,0,4,0,2,7,,,80+ Gold,False,ATX,,,,,,,160,,,,ATX-RP1000W | ATX-PR1000W,Non-Modular,1000
f5b7928f-a35b-4542-97d5-457a8aa553c0,Cooler Master Elite ATX 460W Non-Modular,Cooler Master,Elite,460W ,,f5b7928f-a35b-4542-97d5-457a8aa553c0.json,,1,0,0,0,0,0,4,,,,False,ATX,,,,,,,147,,,,RS-460-PSAR-I3 | RS-460-PSAR-I3-US,Non-Modular,460
f5c444ea-28e0-4c68-bf05-43b05dce0d46,BitFenix BFG GOLD ATX3.0 ATX 1200W Fully Modular 80+ Gold Certified,BitFenix,BFG,1200W Gold,,f5c444ea-28e0-4c68-bf05-43b05dce0d46.json,BLACK,1,0,0,0,0,0,12,,,80+ Gold,False,ATX,,,,,,,150,,,,BP-BGA1200UMAG,Full,1200
f604b30e-3f0b-41c3-8d5c-e39708cbb794,Xilence XP650R6.2 Black 650W Non-Modular 80+ Certified,Xilence,XP650R6.2,650W 80+,,f604b30e-3f0b-41c3-8d5c-e39708cbb794.json,BLACK,1,2,0,3,0,2,5,,,80+,False,ATX,,,,,,,140,,,,XN420 | XP650R6.2,Non-Modular,650
f613eee7-10af-463b-b813-c4d2b7206ac5,Enermax MarbleBron Black 750W Semi-Modular 80+ Bronze,Enermax,MarbleBron,750W Bronze,,f613eee7-10af-463b-b813-c4d2b7206ac5.json,BLACK,1,2,0,4,0,4,8,,,80+ Bronze,False,ATX,,,,,,,140,,,,EMB750EWT,Semi-Modular,750
f6224040-01d7-4adb-8fd7-1388ba66c6d1,Tecnoware Free Black Silent 500W Non-Modular,Tecnoware,Free,500W ,,f6224040-01d7-4adb-8fd7-1388ba66c6d1.json,BLACK,1,0,0,0,0,0,2,,,,False,ATX,B084W8Y687,,,,,,140,,,,FAL506FS12B,Non-Modular,500
f643d3fe-61ad-4aea-add3-a1b7b5faf124,Seasonic Prime PX-450 Fanless 450W 80+ Platinum Fully Modular ATX,SeaSonic,Prime,450W Platinum,,f643d3fe-61ad-4aea-add3-a1b7b5faf124.json,BLACK,1,2,0,5,0,1,8,,,80+ Platinum,True,ATX,,,,,,,140,,,,PRIME FANLESS PX-450 | SSR-450PL | PRIME-PX-450,Full,450
f6580c77-194a-4117-a402-d0acfbaaea48,SeaSonic FOCUS Black 550W Semi-Modular 80+ Gold Certified,SeaSonic,FOCUS,550W Gold,,f6580c77-194a-4117-a402-d0acfbaaea48.json,BLACK,1,1,0,3,0,2,6,,,80+ Gold,False,ATX,,,,,,,140,,,,FOCUS-GM-550,Semi-Modular,550
f65c4a18-a70a-46cd-87d4-6d1c277c62ac,Thermaltake Toughpower PF3 850W Fully Modular 80+ Platinum Certified,Thermaltake,Toughpower,850W Platinum,,f65c4a18-a70a-46cd-87d4-6d1c277c62ac.json,BLACK,1,2,0,4,1,4,8,,,80+ Platinum,False,ATX,,,,,,,140,,,,PS-TPD-0850FNFAPU-3 | PS-TPD-0850FNFAPE-3,Full,850
f65d0f37-8b29-4b49-801e-4c4f481c9afd,Rocketfish RF-900WPS ATX 900W Fully Modular,Rocketfish,RF-900WPS,900W ,,f65d0f37-8b29-4b49-801e-4c4f481c9afd.json,,1,1,0,4,0,3,6,,,,False,ATX,,,,,,,160,,,,RF-900WPS,Full,900
f674ddc6-2c3e-47a0-85b1-54a456042ac0,Thermaltake Toughpower GX1 Black 600W Non-Modular 80+ Gold Certified,Thermaltake,Toughpower,600W Gold,,f674ddc6-2c3e-47a0-85b1-54a456042ac0.json,BLACK,1,1,0,4,0,2,8,,,80+ Gold,False,ATX,B07F9YFYLZ,,,,9SIAD6H9AF4515,270156349,140,,,,PS-TPD-0600NNFAGU-1 | PS-TPD-0600NNFAGE-1 | PS-TPD-0600NNFAGA-1,Non-Modular,600
f68597f4-940f-42f4-ac59-ada42b09759e,be quiet! Straight Power 10 ATX 400W Non-Modular 80+ Gold Certified,be quiet!,Straight,400W Gold,,f68597f4-940f-42f4-ac59-ada42b09759e.json,,1,1,0,3,0,2,6,,,80+ Gold,False,ATX,,,,,,,160,,,,BN230,Non-Modular,400
f69ad545-6f2a-4ed0-a7f2-aaeb6b5b7a9e,Cougar BXM750 750W Semi-Modular 80+ Bronze Certified,Cougar,BXM750,750W Bronze,,f69ad545-6f2a-4ed0-a7f2-aaeb6b5b7a9e.json,ORANGE | BLACK,1,2,0,3,0,4,8,,,80+ Bronze,False,ATX,,,,,,,160,,,,BXM700,Semi-Modular,750
f69e9b9f-4afa-4dab-b7db-08443140ef10,Kingwin Lazer Gold 850W Fully Modular 80+ Gold,Kingwin,Lazer,850W Gold,,f69e9b9f-4afa-4dab-b7db-08443140ef10.json,,1,0,0,0,0,0,10,,,80+ Gold,False,ATX,,,,,,,180,,,,LZG-850,Full,850
f6d32c9a-aa56-4351-8daa-5df5ff890653,Thermaltake Rome 750W Semi-Modular 80+ Gold Certified,Thermaltake,Rome,750W Gold,,f6d32c9a-aa56-4351-8daa-5df5ff890653.json,BLACK,1,1,0,4,0,4,12,,,80+ Gold,False,ATX,,,,,,,160,,,,W0494RE,Semi-Modular,750
f6d92a2a-d416-452b-a6d6-5bca5e76b881,Ultra X4 ATX 850W Fully Modular 80+ Silver Certified,Ultra,X4,850W Silver,,f6d92a2a-d416-452b-a6d6-5bca5e76b881.json,,1,1,0,0,0,0,0,,,80+ Silver,False,ATX,,,,,,,,,,,U12-41563,Full,850
f6d93328-77ba-465f-bc3a-dafc2ac9f39c,Enermax REVOLUTION X't 730W Semi-Modular 80+ Gold,Enermax,REVOLUTION,730W Gold,,f6d93328-77ba-465f-bc3a-dafc2ac9f39c.json,,1,1,0,4,0,4,8,,,80+ Gold,False,ATX,,,,,,,160,,,,ERX730AWT,Semi-Modular,730
f6db10bb-51ee-4082-a7fc-e726afea6582,Silverstone Nightjar Fanless ATX 400W Non-Modular 80+ Bronze Certified,Silverstone,Nightjar,400W Bronze,,f6db10bb-51ee-4082-a7fc-e726afea6582.json,,1,1,0,6,0,1,6,,,80+ Bronze,True,ATX,,,,,,,160,,,,ST40NF,Non-Modular,400
f6f79128-2777-4d76-90f2-d42db3a6b3aa,EVGA SuperNOVA NEX1500 Classified 1500W Fully Modular 80+ Gold,EVGA,SuperNOVA,1500W Gold,,f6f79128-2777-4d76-90f2-d42db3a6b3aa.json,,1,2,0,12,0,16,12,,,80+ Gold,False,ATX,,,,,,,200,,,,120-PG-1500-XR,Full,1500
f71443ef-ceec-4d46-a062-b5964e9dcd71,Gigabyte UD750GM Black ATX 750W Fully Modular 80+ Gold Certified,Gigabyte,UD750GM,750W Gold,,f71443ef-ceec-4d46-a062-b5964e9dcd71.json,BLACK,1,0,0,0,0,0,8,,,80+ Gold,False,ATX,B09VK3TVK2,,,,,208179354,140,,,,GP-UD750GM,Full,750
f71b8529-490c-4342-af2a-31b438ba3f7f,Asus ROG LOKI SFX 1200W Fully Modular 80+ Titanium Certified,Asus,ROG,1200W Titanium,,f71b8529-490c-4342-af2a-31b438ba3f7f.json,BLACK | WHITE,1,0,0,0,0,0,6,,,80+ Titanium,False,SFX,B0DHFVYNZC,,,,N82E16817320049,12888704865,125,,,,ROG-LOKI-1200T-SFX-L-GAMING | 90YE00N0-B0NA00,Full,1200
f72515da-8ee8-40dd-8535-76abb4217e12,Sentey XPP725-PS ATX 725W Semi-Modular,Sentey,XPP725-PS,725W ,,f72515da-8ee8-40dd-8535-76abb4217e12.json,,1,1,0,4,0,2,6,,,,False,ATX,,,,,,,165,,,,XPP725-PS,Semi-Modular,725
f730ed76-860f-4c15-8e9f-bf89a867f1e7,Rosewill Glacier 850M ATX 850W Semi-Modular 80+ Bronze Certified,Rosewill,Glacier,850W Bronze,,f730ed76-860f-4c15-8e9f-bf89a867f1e7.json,,1,2,0,6,0,4,8,,,80+ Bronze,False,ATX,,,,,,,165,,,,Glacier 850M,Semi-Modular,850
f7360da1-88f2-4622-b7e8-4d07f2f2df86,Chieftec ATMOS Black 850W 80+ Gold Fully Modular,Chieftec,ATMOS,850W Gold,,f7360da1-88f2-4622-b7e8-4d07f2f2df86.json,BLACK,1,2,0,4,1,4,9,,,80+ Gold,False,ATX,B0CLWKDH4M,,,,,,140,,,,CPX-850FC,Full,850
f739f263-484e-4018-9353-992df29b9b2e,Cougar GX-F Black / Orange 650W Fully Modular 80+ Gold Certified,Cougar,GX-F,650W Gold,,f739f263-484e-4018-9353-992df29b9b2e.json,BLACK | ORANGE,1,1,0,3,0,2,8,,,80+ Gold,False,ATX,,,,,,,150,,,,GXF650,Full,650
f73c2425-f34e-42ba-bbd5-dd0a8fd3b520,SeaSonic SS-350TGM Silver TFX 350W Fully Modular 80+ Gold,SeaSonic,SS-350TGM,350W Gold,,f73c2425-f34e-42ba-bbd5-dd0a8fd3b520.json,GREY,1,0,0,0,0,0,0,,,80+ Gold,False,TFX,,,,,,,175,,,,SS-350TGM Retail,Full,350
f740c826-c548-432e-b054-2c4764865963,be quiet! Straight Power 11 650W Fully Modular 80+ Platinum Certified,be quiet!,Straight,650W Platinum,,f740c826-c548-432e-b054-2c4764865963.json,BLACK,1,1,0,3,0,2,9,,,80+ Platinum,False,ATX,,,,,,,160,,,,BN641 | BN306,Full,650
f7423a47-e325-45cf-a37f-8889afe6fb9a,Rosewill PMG750 Black ATX 750W Fully Modular 80+ Gold Certified,Rosewill,PMG750,750W Gold,,f7423a47-e325-45cf-a37f-8889afe6fb9a.json,BLACK,1,1,0,4,0,4,8,,,80+ Gold,False,ATX,B08RQWTZV8,,,,,810771680,165,,,,PMG750,Full,750
f7515c31-3474-4e42-88bd-335c90ddbd87,Rosewill Stallion ATX 400W Non-Modular,Rosewill,Stallion,400W ,,f7515c31-3474-4e42-88bd-335c90ddbd87.json,,1,1,0,2,0,0,4,,,,False,ATX,,,,,,,140,,,,RD400-2-SB,Non-Modular,400
f75bfa00-b690-48cf-868e-90f5cb7a7fd7,MSI MPG A1000GS PCIE5 II,MSI,MPG,A1000GS PCIE5 II,2025,f75bfa00-b690-48cf-868e-90f5cb7a7fd7.json,BLACK | GREY,1,2,,4,2,3,8,Cybenetics Gold,Cybenetics A,80+ Gold,,ATX,B0FXNTC1S8,,,https://www.msi.com/Power-Supply/MPG-A1000GS-PCIE5-II/,N82E16817701038,18972971000,150,,2026-02-27T21:26:16.709Z,,MPG A1000GS PCIE5 II,Full,1000
f76d6529-f322-4a36-95dd-2c7368e9bd9c,Corsair G800 800W 80+ Non-Modular,Corsair,G800,800W 80+,,f76d6529-f322-4a36-95dd-2c7368e9bd9c.json,,1,1,0,8,0,4,8,,,80+,False,ATX,,,,,,,160,,,,CMPSU-800G,Non-Modular,800
f7744b04-c39e-43b2-9265-c30304e29cb6,Thermaltake Smart Pro RGB 850W Fully Modular 80+ Bronze Certified,Thermaltake,Smart,850W Bronze,,f7744b04-c39e-43b2-9265-c30304e29cb6.json,,1,1,0,6,0,4,9,,,80+ Bronze,False,ATX,,,,,,,170,,,,PS-SPR-0850FPCBUS-R,Full,850
f775351d-c017-4199-b752-b4b131d9ab0b,LC-Power LC6 V2.31 Black / Gray 850W Fully Modular 80+ Gold Certified ATX,LC-Power,LC6,850W Gold,,f775351d-c017-4199-b752-b4b131d9ab0b.json,BLACK | GREY,1,2,0,5,0,6,10,,,80+ Gold,False,ATX,,,,,,,142,,,,LC6850M V2.31,Full,850
f7eaa666-691e-4dde-a97b-47275b603d86,Silverstone Strider Titanium 800W Fully Modular 80+ Titanium Certified,Silverstone,Strider,800W Titanium,,f7eaa666-691e-4dde-a97b-47275b603d86.json,,1,2,0,3,0,4,12,,,80+ Titanium,False,ATX,,,,,,,150,,,,ST80F-TI | PS-ST80F-TI | SST-ST80F-TI,Full,800
f7f88f9e-665e-4caa-83a8-b4c43725385a,Rosewill PMG550 Black ATX 550W Fully Modular 80+ Gold Certified,Rosewill,PMG550,550W Gold,,f7f88f9e-665e-4caa-83a8-b4c43725385a.json,BLACK,1,1,0,3,0,2,6,,,80+ Gold,False,ATX,,,,,,,165,,,,PMG550,Full,550
f7f9a5e1-8261-4634-a849-744228aaa2cf,Cooler Master MWE BRONZE 650 V3 650W Non-Modular 80+ Bronze ATX,Cooler Master,MWE,650W Bronze,,f7f9a5e1-8261-4634-a849-744228aaa2cf.json,BLACK,1,2,0,3,0,4,6,,,80+ Bronze,False,ATX,,,,,,,140,,,,MPE-6501-ACAAW-3BUS | MPE-6501-ACAAW-3BTH | MPE-6501-ACAAW-3BST | MPE-6501-ACAAW-3BEU | MPE-6501-ACAAW-3BUK | MPE-6501-ACAAW-3BBR | MPE-6501-ACAAW-3BJP | MPE-6501-ACAAW-3BIN | MPE-6501-ACAAW-3BTW | MPE-6501-ACAAW-3BAU,Non-Modular,650
f808d58f-d59e-481f-ad82-823e1b35d9a4,be quiet! Straight Power 12 Black 850W Fully Modular 80+ Platinum Certified,be quiet!,Straight Power 12,850W Platinum,2023,f808d58f-d59e-481f-ad82-823e1b35d9a4.json,BLACK,1,1,0,2,1,4,9,,,80+ Platinum,False,ATX,B0CC7R91V7,,,https://www.bequiet.com/en/powersupply/4110,1HU-004H-000T1,,160,,2026-03-16T14:15:33.980Z,Black,BN515,Full,850
f81ddfab-7dbb-4733-a666-af19591f93bc,Thermaltake Toughpower Grand 1050W 80+ Platinum Certified Fully Modular,Thermaltake,Toughpower,1050W Platinum,,f81ddfab-7dbb-4733-a666-af19591f93bc.json,,1,2,0,8,0,8,12,,,80+ Platinum,False,ATX,,,,,,,180,,,,PS-TPG-1050FPCPUS-P,Full,1050
f86af08c-7070-43a5-addf-2f1ea53d4f1f,EVGA SuperNOVA 750 T2 750W Fully Modular 80+ Titanium Certified,EVGA,SuperNOVA,750W Titanium,,f86af08c-7070-43a5-addf-2f1ea53d4f1f.json,,1,2,0,4,0,4,10,,,80+ Titanium,False,ATX,B018JYHB2S,,,,,,180,,,,220-T2-0750-X1 | 220-T2-0750-X2,Full,750
f875bea9-88c0-4f62-8c52-04394c410338,Antec NE450M ATX 450W Semi-Modular 80+ Bronze Certified,Antec,NE450M,450W Bronze,,f875bea9-88c0-4f62-8c52-04394c410338.json,,1,1,0,2,0,1,4,,,80+ Bronze,False,ATX,,,,,,,140,,,,NE450M,Semi-Modular,450
f8795686-6366-4bf9-872d-48532359b199,Apevia ATX-CB600W 600W Non-Modular,Apevia,ATX-CB600W,600W ,,f8795686-6366-4bf9-872d-48532359b199.json,,1,0,0,6,0,0,2,,,,False,ATX,,,,,,,135,,,,ATX-CB600W,Non-Modular,600
f8a153d0-82a0-4026-9cce-abc57db259a7,Rosewill Tachyon 650W Semi-Modular 80+ Platinum Certified,Rosewill,Tachyon,650W Platinum,,f8a153d0-82a0-4026-9cce-abc57db259a7.json,,1,1,0,5,0,4,8,,,80+ Platinum,False,ATX,,,,,,,170,,,,Tachyon-650,Semi-Modular,650
f8a27dc2-eaab-4e55-a672-e78a77ffdd3a,LEPA MaxBron 1000W 80+ Bronze Certified Semi-Modular,LEPA,MaxBron,1000W Bronze,,f8a27dc2-eaab-4e55-a672-e78a77ffdd3a.json,,1,2,0,6,0,6,12,,,80+ Bronze,False,ATX,,,,,,,165,,,,B1000-MB,Semi-Modular,1000
f8bb4fa3-74e5-4a1d-9731-da70b6ec6947,Asus ROG-STRIX-850G 850W Fully Modular 80+ Gold Certified ATX,Asus,ROG-STRIX-850G,850W Gold,,f8bb4fa3-74e5-4a1d-9731-da70b6ec6947.json,BLACK,1,0,0,0,0,0,8,,,80+ Gold,False,ATX,B08BPLJQMP,,,,N82E16817320008,3532764804,160,,,,90YE00A3-B0NA00 | ROG-STRIX-850G | 90YE00A3-B0WA00,Full,850
f8d01282-c161-4317-886d-43d5026b37c7,Rosewill PMG1200 Black ATX 1200W Fully Modular 80+ Gold,Rosewill,PMG1200,1200W Gold,,f8d01282-c161-4317-886d-43d5026b37c7.json,BLACK,1,2,0,3,0,8,8,,,80+ Gold,False,ATX,,,,,,,185,,,,PMG1200,Full,1200
f8d76782-32fb-4818-b90d-820f2284c728,Lian Li SP Platinum 1000W White SP1000P,Lian Li,SP Platinum,1000W White,2025,f8d76782-32fb-4818-b90d-820f2284c728.json,WHITE,1,2,,4,1,3,7,,,80+ Platinum,False,SFX,B0FN7G2BWB,,,https://lian-li.com/product/sp-platinum/,,18995805040,100,,2025-12-31T21:10:58.729Z,,SP1000P | SP1000P.W,Full,1000
f8f4507f-4745-416a-a6ef-33e125e7e88f,Cooler Master GX 750W Semi-Modular 80+ Certified,Cooler Master,GX,750W 80+,,f8f4507f-4745-416a-a6ef-33e125e7e88f.json,,1,1,0,3,0,4,9,,,80+,False,ATX,,,,,,,139,,,,RS750-ACAAD3-US,Semi-Modular,750
f8fb357c-184a-42b1-9fdf-519bb050756b,Seasonic PRIME Ultra 650 Platinum SSR-650PD2,SeaSonic,PRIME Ultra Platinum,650W,2019,f8fb357c-184a-42b1-9fdf-519bb050756b.json,,1,1,1,3,4,0,6,,,80+ Platinum,False,ATX,B075M3Q4N6,,,,9SIB5EFJTB7672,,140,,,,SSR-650PD2,Full,650
f925bc01-795e-4ffd-b1eb-d7c209b1ecc1,be quiet! Power Zone 2 Black 850W Fully Modular 80+ Platinum,be quiet!,Power,850W Platinum,,f925bc01-795e-4ffd-b1eb-d7c209b1ecc1.json,BLACK,1,0,0,0,0,0,7,,,80+ Platinum,False,ATX,B0DVJNMCR1,,,,N82E16817222040,17000311334,160,,,,BP007US | BP007EU,Full,850
f92bc632-d9e2-4f07-b6c8-acd4305edbb9,FSP Group AU-1200PRO ATX 1200W Non-Modular 80+ Gold Certified,FSP Group,AU-1200PRO,1200W Gold,,f92bc632-d9e2-4f07-b6c8-acd4305edbb9.json,,1,2,0,6,0,8,10,,,80+ Gold,False,ATX,,,,,,,180,,,,AU-1200PRO,Non-Modular,1200
f94132d9-fd94-4350-9ab7-5e31c204b517,VisionTek 900349 ATX 800W Non-Modular 80+ Bronze Certified,VisionTek,900349,800W Bronze,,f94132d9-fd94-4350-9ab7-5e31c204b517.json,,1,2,0,4,0,2,8,,,80+ Bronze,False,ATX,,,,,,,,,,,900349,Non-Modular,800
f9520904-d6fa-4355-b522-8f17ec341c60,Silverstone Extreme SFX Black / White 500W Non-Modular 80+ Bronze,Silverstone,Extreme,500W Bronze,,f9520904-d6fa-4355-b522-8f17ec341c60.json,BLACK | WHITE,1,0,0,0,0,0,3,,,80+ Bronze,False,SFX,B09FXWG1DY,,,,,710236408,100,,,,SST-EX500-B | SST-SX0500FCBR-A,Non-Modular,500
f9595c5b-49ff-4e98-a2ec-cc8d4dd96094,iStarUSA TC-1200PD8G Gray ATX 1200W Fully Modular,iStarUSA,TC-1200PD8G,1200W ,,f9595c5b-49ff-4e98-a2ec-cc8d4dd96094.json,GREY,1,2,0,6,0,8,10,,,,False,ATX,B0GY91WWHP,,,,0Y3-008J-00002,,180,,,,TC-1200PD8G | Newegg_Delete,Full,1200
f977b2f2-0104-4f4f-bffc-34ea7970034d,Apevia Corp. GALAXY1000W,Apevia Corp.,GALAXY,1000W,2021,f977b2f2-0104-4f4f-bffc-34ea7970034d.json,,1,2,0,1,2,0,1,,,80+ Gold,False,ATX,,,,,,,0,,,,ATX-ES700-WH | GALAXY1000W,Full,1000
f98bd1a0-18b1-4c3d-84dc-17020761910a,MSI MPG A850GS PCIE5 Black 850W Fully Modular 80+ Gold,MSI,MPG,850W Gold,,f98bd1a0-18b1-4c3d-84dc-17020761910a.json,BLACK,1,0,0,0,0,0,8,,,80+ Gold,False,ATX,B0DT2V39K4,6629576,,,N82E16817701031,15162963049,150,,,,MPG A850GS PCIE5 | 306-7ZPFZ11-CE0,Full,850
f9a14ca2-9d2e-457b-8a30-86884571dc9b,be quiet! Pure Power L7 300W Non-Modular 80+ Certified,be quiet!,Pure,300W 80+,,f9a14ca2-9d2e-457b-8a30-86884571dc9b.json,,1,0,0,2,0,0,3,,,80+,False,ATX,,,,,,,140,,,,BN103,Non-Modular,300
f9a41ff5-116e-4e30-a0c6-2f1cae11ae83,XFX XTR 650W Fully Modular 80+ Gold,XFX,XTR,650W Gold,,f9a41ff5-116e-4e30-a0c6-2f1cae11ae83.json,,1,2,0,6,0,4,10,,,80+ Gold,False,ATX,,,,,,,,,,,P1-650B-BEFX,Full,650
f9a98968-1888-47c9-99de-6d619926c5b6,Cooler Master MWE Gold V3 Black ATX 550W Non-Modular 80+ Gold Certified,Cooler Master,MWE,550W Gold,,f9a98968-1888-47c9-99de-6d619926c5b6.json,BLACK,1,0,0,0,0,0,6,,,80+ Gold,False,ATX,,,,,,,140,,,,MPE-5502-ACAAG-3BUS | MPE-5502-ACAAG-3BEU | MPE-5502-ACAAG-3BUK | MPE-5502-ACAAG-3BAU,Non-Modular,550
f9c7b204-3f06-4f18-ba65-cd513e04af68,LEPA B850-MA 850W 80+ Bronze Certified Semi-Modular,LEPA,B850-MA,850W Bronze,,f9c7b204-3f06-4f18-ba65-cd513e04af68.json,,1,2,0,4,0,6,10,,,80+ Bronze,False,ATX,,,,,,,159,,,,B850-MA,Semi-Modular,850
f9db0a27-0a24-456e-bb78-541ebd3154b7,Enermax MaxTytan 1050W Fully Modular 80+ Titanium Certified ATX,Enermax,MaxTytan,1050W Titanium,,f9db0a27-0a24-456e-bb78-541ebd3154b7.json,,1,2,0,8,0,8,16,,,80+ Titanium,False,ATX,,,,,,,200,,,,EDT1050EWT,Full,1050
f9e4d969-3553-4be6-8f7a-be29b0272b33,Azza PSAZ-750PT14 750W Semi-Modular 80+ Platinum Certified,Azza,PSAZ-750PT14,750W Platinum,,f9e4d969-3553-4be6-8f7a-be29b0272b33.json,,1,1,0,5,0,4,8,,,80+ Platinum,False,ATX,,,,,,,180,,,,PSAZ-750PT14,Semi-Modular,750
f9edc017-5a90-4648-89e6-27bba6d4e223,Corsair AX1500i 240V 1500W 80+ Titanium Certified Fully Modular,Corsair,AX1500i,1500W Titanium,,f9edc017-5a90-4648-89e6-27bba6d4e223.json,,1,2,0,12,0,10,20,,,80+ Titanium,False,ATX,,,,,,,225,,,,CP-9020100-AU,Full,1500
f9fa6a3d-813e-451a-9d4b-8c0431abd8d0,Corsair TX850M Gold ATX 850W Semi-Modular 80+ Gold Certified,Corsair,TX850M,850W Gold,,f9fa6a3d-813e-451a-9d4b-8c0431abd8d0.json,,1,1,0,8,0,4,8,,,80+ Gold,False,ATX,B01N5WW9GQ,,,,9SIB8AKKAN6944,378293490,160,,,,CP-9020130-NA | CP-9020130-UK,Semi-Modular,850
f9faf0f3-a1cf-4c6e-8a8c-8d00c681351c,Thermaltake Toughpower GF1 TT Premium 1200W Fully Modular 80+ Gold Certified,Thermaltake,Toughpower,1200W Gold,,f9faf0f3-a1cf-4c6e-8a8c-8d00c681351c.json,BLACK,1,2,0,4,0,6,12,,,80+ Gold,False,ATX,B097GCDT62,,,,,812406760,160,,,,PS-TPD-1200FNFAGx-1 | PS-TPD-1200FNFAGA-1 | PS-TPD-1200FNFAGE-1 | PS-TPD-1200FNFAGU-1,Full,1200
fa04b07e-26d0-4d0b-8dce-483c68018950,NZXT C1000 Fully Modular ATX Power Supply - 1000 Watts ATX 3.1 - Black,NZXT,C1000,1000W Gold,2024,fa04b07e-26d0-4d0b-8dce-483c68018950.json,BLACK,1,2,0,4,1,3,12,Cybenetics Gold,Cybenetics A,80+ Gold,False,ATX,B0D1VC8C4S,6586154,29946,https://nzxt.com/en-intl/products/c1000-gold-atx?srsltid=AfmBOoqe6aCu-It3u94nQrDjLJ8sUJFucdO45xqcwpc7sTZq12GcZvdZ,N82E16817116058,18183160916,150,,,Black,PA-0G1BB-US | PA-0G2BB-US | PA-0G3BB-US,Full,1000
fa289e6f-b102-4b2d-9d0b-01152ef7f9b9,Phanteks AMP GH 1200W 80+ Platinum Certified Fully Modular ATX,Phanteks,AMP,1200W Platinum,,fa289e6f-b102-4b2d-9d0b-01152ef7f9b9.json,BLACK,1,0,0,0,0,0,10,,,80+ Platinum,False,ATX,,,,,,,140,,,,PH-P1200GH_BK01 | PH-P1000PR_WT01C,Full,1200
fa68196b-913a-4018-878e-e192ae5531df,Asus ROG Thor P3 Gaming 1200W Fully Modular 80+ Platinum Certified,Asus,ROG Thor,1200W Platinum III,2024,fa68196b-913a-4018-878e-e192ae5531df.json,BLACK,1,2,0,6,1,4,7,Cybenetics Platinum,Cybenetics A++,80+ Platinum,False,ATX,B0FFYB49YH,,,https://rog.asus.com/power-supply-units/rog-thor/rog-thor-1200p3-gaming/spec/,N82E16817320056,17179171447,190,ARGB | Display,,Black/Silver,rog-thor-1200p3-gaming | ROG-THOR-1200P3-GAMING,Full,1200
fa9c6b8f-42f4-4773-88fb-334e85d72087,FSP Group FSP300-60GHS-R SFX 300W Non-Modular 80+ Certified,FSP Group,FSP300-60GHS-R,300W 80+,,fa9c6b8f-42f4-4773-88fb-334e85d72087.json,GREY,1,0,0,2,0,0,3,,,80+,False,SFX,,,,,,,100,,,,FSP300-60GHS-R,Non-Modular,300
faf4aef5-e848-4f28-a961-4eb40f748efc,Kingwin AP-550 ATX 550W Non-Modular 80+ Platinum Certified,Kingwin,AP-550,550W Platinum,,faf4aef5-e848-4f28-a961-4eb40f748efc.json,,1,1,0,4,0,4,7,,,80+ Platinum,False,ATX,,,,,,,169,,,,AP-550,Non-Modular,550
fb00e4d5-02e9-4668-bfbd-fc435a7fcf7e,Silverstone Strider ATX 550W Fully Modular 80+ Gold Certified,Silverstone,Strider,550W Gold,,fb00e4d5-02e9-4668-bfbd-fc435a7fcf7e.json,,1,1,0,3,0,1,8,,,80+ Gold,False,ATX,,,,,,,140,,,,ST55F-G | SST-ST55F-G,Full,550
fb06a074-d3e1-4240-b927-c537ebc70aae,Thermaltake Toughpower SFX 650W Fully Modular 80+ Gold Certified,Thermaltake,Toughpower,650W Gold,,fb06a074-d3e1-4240-b927-c537ebc70aae.json,BLACK,1,1,0,2,0,2,3,,,80+ Gold,False,SFX,,,,,,,100,,,,PS-STP-0650FNFAGE-1 | PS-STP-0650FNFAGU-1 | PS-STP-0650FNFAGA-1,Full,650
fb2a1cd7-6330-4da3-a0fd-9fd6c1a13569,Antec True Power 650W Fully Modular 80+ Bronze Certified,Antec,True,650W Bronze,,fb2a1cd7-6330-4da3-a0fd-9fd6c1a13569.json,,1,1,0,9,0,2,9,,,80+ Bronze,False,ATX,,,,,,,150,,,,TP-650,Full,650
fb2a633d-045f-4faa-ae3e-2729e35f2ec4,MSI MAG A850GL PCIE5 II Black 850W Fully Modular 80+ Gold Certified ATX,MSI,MAG,850W Gold,,fb2a633d-045f-4faa-ae3e-2729e35f2ec4.json,BLACK,1,2,0,4,1,4,8,,,80+ Gold,False,ATX,,,,,,,140,,,,MAG A850GL PCIE5 II,Full,850
fb30de0c-9289-425b-834f-53c9a3dc6c10,GAMDIAS HELIOS P2-1300G Black ATX 1300W Non-Modular 80+ Gold Certified,GAMDIAS,HELIOS,1300W Gold,,fb30de0c-9289-425b-834f-53c9a3dc6c10.json,BLACK,1,2,0,4,1,8,12,,,80+ Gold,False,ATX,,,,,,,150,,,,HELIOS P2-1300G,Non-Modular,1300
fb3a14f1-b180-4f50-8cc3-0edf2b67635d,Asus ROG LOKI SFX White / Silver 850W Fully Modular 80+ Platinum Certified,Asus,ROG,850W Platinum,,fb3a14f1-b180-4f50-8cc3-0edf2b67635d.json,WHITE | GREY,1,0,0,0,0,0,6,,,80+ Platinum,False,SFX,B0BZFFHXDF,,,,N82E16817320036,3761369299,125,,,,rog-loki-850p-white-sfx-l-gaming | rog-loki-850p-white-sfx-l | 90YE00N2-B0NA00 | ROG-LOKI-850P-SFX-L-WHITE-GAMING,Full,850
fb3b27c6-583c-46a3-9436-22d546067184,Corsair VS400 400W Non-Modular 80+,Corsair,VS400,400W 80+,,fb3b27c6-583c-46a3-9436-22d546067184.json,,1,1,0,2,0,0,5,,,80+,False,ATX,,,,,,,140,,,,CP-9020117-NA,Non-Modular,400
fb410c24-064a-426f-a099-b23bdba40235,Antec High Current Gamer PRO ATX3.1 Black 1200W Fully Modular 80+ Platinum Certified,Antec,High,1200W Platinum,,fb410c24-064a-426f-a099-b23bdba40235.json,BLACK,1,2,0,3,1,3,14,,,80+ Platinum,False,ATX,,,,,,,160,,,,0-761345-20018-9 | 0-761345-20022-6 | 0-761345-20021-9 | 0-761345-20019-6 | 0-761345-20023-3 | 0-761345-20020-2,Full,1200
fb9a3ce5-32dd-45f2-9bc9-6d5350476ded,Asus TUF Gaming 1200G Black 1200W Fully Modular 80+ Gold Certified,Asus,TUF,1200W Gold,,fb9a3ce5-32dd-45f2-9bc9-6d5350476ded.json,BLACK,1,0,0,0,0,0,5,,,80+ Gold,False,ATX,B0CTXR7M69,,,,N82E16817320047,,150,,,,TUF-GAMING-1200G | 90YE00S0-BTAA00,Full,1200
fb9be5af-d6b2-448a-8291-f0356ba8a538,Cooler Master V850 SFX GOLD 850W Fully Modular 80+ Gold,Cooler Master,V850,850W Gold,,fb9be5af-d6b2-448a-8291-f0356ba8a538.json,BLACK,1,0,0,0,0,0,8,,,80+ Gold,False,SFX,B08LP6WS35,,,,N82E16817171170,865283478,100,,,,MPY-8501-SFHAGV-US | MPY-8501-SFHAGV-UK | MPY-8501-SFHAGV-EU | MPY-8501-SFHAGV-AU | MPY-8501-SFHAGV-IN | MPY-8501-SFHAGV-3U1 | MPY8501SFHAGV3U1,Full,850
fb9ffe28-363f-4d47-b330-ed5360158f64,be quiet! Pure Power 11 CM Black 600W Semi-Modular 80+ Gold,be quiet!,Pure,600W Gold,,fb9ffe28-363f-4d47-b330-ed5360158f64.json,BLACK,1,1,0,3,0,4,6,,,80+ Gold,False,ATX,,,,,,,160,,,,BN298 | BN629,Semi-Modular,600
fba07fcd-1c3b-41c3-bbd9-d58a0356f461,Cooler Master GX 650W Non-Modular 80+,Cooler Master,GX,650W 80+,,fba07fcd-1c3b-41c3-bbd9-d58a0356f461.json,,1,1,0,3,0,2,6,,,80+,False,ATX,,,,,,,140,,,,RS650-ACAAE3-US,Non-Modular,650
fbb71e1f-6b23-41bb-8014-9e5e18e6129e,Corsair VX550 550 W 80+ Certified ATX,Corsair,VX550,550W 80+,,fbb71e1f-6b23-41bb-8014-9e5e18e6129e.json,,1,1,0,6,0,1,6,,,80+,False,ATX,,,,,,,,,,,CMPSU-550VX,Non-Modular,550
fbb95fb5-b540-47d3-ba30-7fb368c5ee4d,EVGA 430 W1 430W Non-Modular 80+ Certified ATX,EVGA,430,430W 80+,,fbb95fb5-b540-47d3-ba30-7fb368c5ee4d.json,,1,1,0,1,0,1,4,,,80+,False,ATX,,,,,,,139,,,,100-W1-0430-KR | 100-W1-0430-K2 | 100-W1-0430-K3,Non-Modular,430
fbcc7ad9-aac6-4388-b6cb-beb25d16b3fe,FSP Group VITA-850GM ATX 850W Fully Modular 80+ Gold Certified,FSP Group,VITA-850GM,850W Gold,,fbcc7ad9-aac6-4388-b6cb-beb25d16b3fe.json,WHITE,1,2,0,4,1,4,8,,,80+ Gold,False,ATX,,,,,,,140,,,,VITA-850GM (White Edition),Full,850
fbd57c38-ed16-49d2-8053-cde856c7c8e1,FSP Group AU-850PRO Certified ATX 850W Non-Modular 80+ Gold,FSP Group,AU-850PRO,850W Gold,,fbd57c38-ed16-49d2-8053-cde856c7c8e1.json,,1,2,0,6,0,8,10,,,80+ Gold,False,ATX,,,,,,,180,,,,AU-850PRO,Non-Modular,850
fbdf68ee-4745-4904-a37c-47ddf420d366,Segotep GP Black ATX 600W Non-Modular 80+ Gold Certified,Segotep,GP,600W Gold,,fbdf68ee-4745-4904-a37c-47ddf420d366.json,BLACK,1,1,0,5,0,4,6,,,80+ Gold,False,ATX,,,,,,,160,,,,600W Non-Modularcp-psu-st-p600n,Non-Modular,600
fbece255-fe68-4c86-8ad9-7eeabf2a8d29,FSP Group AURUM 92+ 550W 80+ Platinum Certified Semi-Modular,FSP Group,AURUM,550W Platinum,,fbece255-fe68-4c86-8ad9-7eeabf2a8d29.json,,1,1,0,4,0,2,7,,,80+ Platinum,False,ATX,,,,,,,160,,,,PT-550M,Semi-Modular,550
fc0369d9-82e4-4ac0-967e-a1c6cd7a3970,Gigabyte AORUS ELITE P850 Black 850W Fully Modular 80+ Platinum Certified,Gigabyte,AORUS,850W Platinum,2024,fc0369d9-82e4-4ac0-967e-a1c6cd7a3970.json,BLACK,1,2,0,4,1,6,8,Cybenetics Platinum,Cybenetics A++,80+ Platinum,False,ATX,B0DL717JPS,,,https://www.gigabyte.com/Power-Supply/GP-AE850PM-PG5-rev-10,N82E16817233048,14329751257,140,,2026-03-20T16:16:55.720Z,Black,GP-AE850PM PG5,Full,850
fc13f8a1-4909-43ba-97a5-e9a26dff355b,SeaSonic FOCUS Gold 450W Semi-Modular 80+ Gold Certified,SeaSonic,FOCUS,450W Gold,,fc13f8a1-4909-43ba-97a5-e9a26dff355b.json,,1,1,0,3,0,2,4,,,80+ Gold,False,ATX,,,,,,,140,,,,SSR-450FM,Semi-Modular,450
fc264369-af9b-4a88-ad69-5e46f7aa69bc,SeaSonic 1000FX White 1000W Fully Modular 80+ Gold Certified ATX,SeaSonic,1000FX,1000W Gold,,fc264369-af9b-4a88-ad69-5e46f7aa69bc.json,WHITE,1,2,0,5,0,6,10,,,80+ Gold,False,ATX,B08P4WSXQJ,,,,,,140,,,,SSR-1000FX WHITE | PSUSEAFOCUSWHITE1000GX,Full,1000
fc38affc-a105-4a0f-a146-c46964b90786,Enermax REVOLUTION D.F. 2 1200W Fully Modular 80+ Gold,Enermax,REVOLUTION,1200W Gold,,fc38affc-a105-4a0f-a146-c46964b90786.json,BLACK,1,2,0,4,0,8,8,,,80+ Gold,False,ATX,B0BYB75CYX,,,,N82E16817194147,3521945622,140,,,,ERS1200EWT,Full,1200
fc3c427f-7349-4743-aa39-3e4771dc5bb7,Deepcool PF400 Black 230V ATX 400W Non-Modular 80+ Certified,DeepCool,PF400,400W 80+,,fc3c427f-7349-4743-aa39-3e4771dc5bb7.json,BLACK,1,1,0,2,0,2,6,,,80+,False,ATX,B005UFIVPQ,,,,,,140,,,,R-PF400D-HA0B-USR-PF400D-HA0B-EUR-PF400D-HA0B-BPR-PF400D-HA0B-CNR-PF400D-HA0B-AUR-PF400D-HA0B-UKR-PF400D-HA0B-ARR-PF400D-HA0B-WO,Non-Modular,400
fc3e1729-b414-4852-a656-6e3654ec13b4,EVGA SuperNOVA 650 GS 650W 80+ Gold Fully Modular,EVGA,SuperNOVA,650W Gold,,fc3e1729-b414-4852-a656-6e3654ec13b4.json,,1,2,0,4,0,4,8,,,80+ Gold,False,ATX,,,,,,,150,,,,220-GS-0650-V1 | 220-GS-0650-V2 | 220-GS-0650-V3,Full,650
fc654438-dc7b-43ec-b07c-c833cec15069,FSP Group ZEN Fanless ATX 400W Non-Modular 80+ Bronze Certified,FSP Group,ZEN,400W Bronze,,fc654438-dc7b-43ec-b07c-c833cec15069.json,,1,0,0,0,0,0,4,,,80+ Bronze,True,ATX,,,,,,,,,,,ZEN 400,Non-Modular,400
fc8970f0-2431-415a-ac6b-38f847c00a12,SeaSonic CORE GX-650 Black 650W Fully Modular 80+ Gold Certified ATX,SeaSonic,CORE,650W Gold,,fc8970f0-2431-415a-ac6b-38f847c00a12.json,BLACK,1,1,0,3,0,4,8,,,80+ Gold,False,ATX,,,,,,,140,,,,CORE-GX-650,Full,650
fc90a1a8-fce5-4315-a6b4-87c93548e0a3,be quiet! System Power 10 750W Non-Modular 80+ Bronze Certified,be quiet!,System,750W Bronze,,fc90a1a8-fce5-4315-a6b4-87c93548e0a3.json,BLACK,1,0,0,0,0,0,6,,,80+ Bronze,False,ATX,B0BJVPWRXY,,,,,,140,,,,BN329,Non-Modular,750
fc915bd3-3388-479a-9b44-f3c78d849566,Fractal Design Ion+ 2 Platinum 660W Fully Modular 80+ Platinum Certified ATX,Fractal Design,Ion+,660W Platinum,,fc915bd3-3388-479a-9b44-f3c78d849566.json,BLACK,1,2,0,4,0,6,10,,,80+ Platinum,False,ATX,,,,,,,150,,,,FD-P-IA2P-660 | FD-P-IA2P-660-UK | FD-P-IA2P-660-AU | FD-P-IA2P-660-EU,Full,660
fca01453-4fae-45b4-8818-47a6cf1a470b,XFX XT 500W Non-Modular 80+ Bronze Certified,XFX,XT,500W Bronze,,fca01453-4fae-45b4-8818-47a6cf1a470b.json,,1,2,0,2,0,2,6,,,80+ Bronze,False,ATX,,,,,,,140,,,,P1-500B-XTFR,Non-Modular,500
fcba765f-79d5-49e6-931d-b57f13f5ed56,Thermaltake Toughpower GF2 ARGB 750W Fully Modular 80+ Gold Certified,Thermaltake,Toughpower,750W Gold,,fcba765f-79d5-49e6-931d-b57f13f5ed56.json,BLACK,1,2,0,4,0,4,9,,,80+ Gold,False,ATX,B08PCBKGW4,6510218,,,N82E16817153427,455249942,160,,,,PS-TPD-0750F3FAGU-2,Full,750
fcbe0a85-cbf9-44fc-b117-30e97979cf0b,Rosewill SilentNight-500 Fanless ATX 500W Semi-Modular 80+ Platinum Certified,Rosewill,SilentNight-500,500W Platinum,,fcbe0a85-cbf9-44fc-b117-30e97979cf0b.json,,1,1,0,3,0,4,6,,,80+ Platinum,True,ATX,,,,,,,169,,,,SilentNight-500,Semi-Modular,500
fce3a852-dc91-4bdb-add5-dd516ce5a93c,Xilence XP730R8 Black / Red ATX 730W Non-Modular 80+ Bronze Certified,Xilence,XP730R8,730W Bronze,,fce3a852-dc91-4bdb-add5-dd516ce5a93c.json,BLACK | RED,1,1,0,3,0,4,6,,,80+ Bronze,False,ATX,,,,,,,140,,,,XN063,Non-Modular,730
fcedde0d-da67-4453-9cbd-20223838509c,be quiet! SFX L Power Black SFX 600W 80+ Gold Certified Fully Modular,be quiet!,SFX,600W Gold,,fcedde0d-da67-4453-9cbd-20223838509c.json,BLACK,1,0,0,0,0,0,6,,,80+ Gold,False,SFX,B07MT3VFMB,,,,,,130,,,,BN215 | BN615 | BN639 | BN239,Full,600
fcfd863b-9e27-4dbb-baa1-45a1e0873862,CoolMax ZU-1000B ATX 1000W Semi-Modular 80+ Bronze Certified,CoolMax,ZU-1000B,1000W Bronze,,fcfd863b-9e27-4dbb-baa1-45a1e0873862.json,,1,2,0,6,0,2,9,,,80+ Bronze,False,ATX,,,,,,,175,,,,ZU-1000B,Semi-Modular,1000
fcfe249d-c048-4d1c-aaa0-e48b0a253c1d,SeaSonic FOCUS 650W Fully Modular 80+ Platinum Certified,SeaSonic,FOCUS,650W Platinum,,fcfe249d-c048-4d1c-aaa0-e48b0a253c1d.json,BLACK,1,2,0,3,0,4,10,,,80+ Platinum,False,ATX,B07W7YD7D1,,,,,,140,,,,FOCUS-PX-650 | FOCUS PX-650,Full,650
fcff23ed-23b2-464d-8706-018080d4abbf,Segotep GM White 850W Fully Modular 80+ Gold Certified ATX,Segotep,GM,850W Gold,,fcff23ed-23b2-464d-8706-018080d4abbf.json,WHITE,1,2,0,3,1,4,8,,,80+ Gold,False,ATX,,,,,,,140,,,,CP-PSU-ST-GM850-WT,Full,850
fd214bdc-dd9d-4283-a79a-0c41cfb5a863,Gigabyte UD-GM PG5 850W Fully Modular 80+ Gold Certified ATX,Gigabyte,UD-GM,850W Gold,,fd214bdc-dd9d-4283-a79a-0c41cfb5a863.json,WHITE,1,0,0,0,0,0,8,,,80+ Gold,False,ATX,B0CKM1JX4S,,,,N82E16817233043,5279951728,140,,,,GP-UD850GM PG5W,Full,850
fd256475-41d7-4ac6-8d91-696c7957f2f8,Super Flower Leadex Platinum Black 850W Fully Modular 80+ Platinum,Super Flower,Leadex,850W Platinum,,fd256475-41d7-4ac6-8d91-696c7957f2f8.json,BLACK,1,2,0,5,0,4,10,,,80+ Platinum,False,ATX,B0BV39BY8H,,,,1HU-024C-00036,,165,,,,SF-850F14MP | SF-850F14PE,Full,850
fd2967b8-a97c-4ef2-9376-33553c4e6844,FSP Group HEXA 85+ PRO Black 450W Non-Modular 80+ Bronze Certified ATX,FSP Group,HEXA,450W Bronze,,fd2967b8-a97c-4ef2-9376-33553c4e6844.json,BLACK,1,1,0,2,0,2,5,,,80+ Bronze,False,ATX,,,,,,,140,,,,HA2-450 | PPA450AD01,Non-Modular,450
fd4fec76-e6f4-47b8-b5f1-07f30159f35c,In Win P75 Black 750W Fully Modular 80+ Gold,In Win,P75,750W Gold,,fd4fec76-e6f4-47b8-b5f1-07f30159f35c.json,BLACK,1,2,0,4,0,4,12,,,80+ Gold,False,ATX,,,,,,,160,,,,IW-PS-P750W | P75,Full,750
fd73e29c-d1a1-4790-8c2a-2a136ed0ab83,Rosewill CMG1200G5 Black 1200W Fully Modular 80+ Gold Certified,Rosewill,CMG1200G5,1200W Gold,,fd73e29c-d1a1-4790-8c2a-2a136ed0ab83.json,BLACK,1,0,0,0,0,0,8,,,80+ Gold,False,ATX,B0C4M3SBX5,,,,N82E16817182454,3714788594,140,,,,CMG1200G5,Full,1200
fd7d1c3c-95b2-486d-98b6-181e31fce1dd,Gigabyte B700H ATX 700W 80+ Bronze Certified Semi-Modular,Gigabyte,B700H,700W Bronze,,fd7d1c3c-95b2-486d-98b6-181e31fce1dd.json,BLACK,1,1,0,3,0,4,7,,,80+ Bronze,False,ATX,,,,,,,140,,,,GP-B700H,Semi-Modular,700
fd7e7293-fe55-4a46-94d6-377ca39cd3b9,Apevia CAPTAIN Black 550W Non-Modular,Apevia,CAPTAIN,550W ,,fd7e7293-fe55-4a46-94d6-377ca39cd3b9.json,BLACK,1,0,0,0,0,0,3,,,,False,ATX,B089PZCB7X,,,,9SIA0ZXK415537,829446262,140,,,,CAPTAIN550,Non-Modular,550
fd8afb81-f820-4913-b25d-3ce102fc6c03,Thortech Thunderbolt PLUS ATX 1200W Fully Modular 80+ Gold Certified,Thortech,Thunderbolt,1200W Gold,,fd8afb81-f820-4913-b25d-3ce102fc6c03.json,,1,2,0,6,0,4,12,,,80+ Gold,False,ATX,,,,,,,159,,,,TTBPK20G,Full,1200
fd8e45a5-6de4-465f-8e17-414a95e866fc,SeaSonic Snow Silent 750W Fully Modular 80+ Platinum Certified,SeaSonic,Snow,750W Platinum,,fd8e45a5-6de4-465f-8e17-414a95e866fc.json,,1,2,0,5,0,4,10,,,80+ Platinum,False,ATX,,,,,,,170,,,,SS-750XP2S | Snow Silent 750,Full,750
fdad88ab-8cea-4467-a412-1a278414ac40,FSP Group AURUM 92+ 650W Semi-Modular 80+ Platinum,FSP Group,AURUM,650W Platinum,,fdad88ab-8cea-4467-a412-1a278414ac40.json,,1,1,0,4,0,2,9,,,80+ Platinum,False,ATX,,,,,,,160,,,,PT-650M,Semi-Modular,650
fdae2f5a-9217-4a1c-a21c-74275b3006fe,GameMax RGB Pro White 850W Fully Modular 80+ Gold,GameMax,RGB,850W Gold,,fdae2f5a-9217-4a1c-a21c-74275b3006fe.json,WHITE,1,0,0,0,0,0,8,,,80+ Gold,False,ATX,B0CLGLYDHM,,,,,,170,,,,RGB850-WHITE,Full,850
fdc0501d-f314-43b2-8513-bf67f102c118,SeaSonic CORE GM 500W Semi-Modular 80+ Gold Certified,SeaSonic,CORE,500W Gold,,fdc0501d-f314-43b2-8513-bf67f102c118.json,BLACK,1,1,0,3,0,2,6,,,80+ Gold,False,ATX,,,,,,,140,,,,CORE-GM-500 | SSR-500LM,Semi-Modular,500
fe1ee15d-fbdd-40cc-9832-826c8b9232d0,Thermaltake Toughpower DPS G 550W Fully Modular 80+ Gold Certified,Thermaltake,Toughpower,550W Gold,,fe1ee15d-fbdd-40cc-9832-826c8b9232d0.json,,1,1,0,4,0,2,6,,,80+ Gold,False,ATX,,,,,,,180,,,,PS-TPG-0550DPCGUS-G,Full,550
fe21010c-63ca-4369-90f7-cdf45d0af791,Cooler Master Silent Pro M2 720W Semi-Modular 80+ Bronze,Cooler Master,Silent,720W Bronze,,fe21010c-63ca-4369-90f7-cdf45d0af791.json,,1,1,0,5,0,4,9,,,80+ Bronze,False,ATX,,,,,,,180,,,,RS720-SPM2D3-US,Semi-Modular,720
fe5364c8-7be2-4e3c-b388-ffd00c2143f3,be quiet! Dark Power 13 Fully Modular ATX Power Supply - 1000 Watts ATX 3.1 - Black,be quiet!,Dark Power,1000W Titanium,2023,fe5364c8-7be2-4e3c-b388-ffd00c2143f3.json,BLACK | GREY,1,2,0,2,1,4,13,Cybenetics Titanium,Cybenetics A+,80+ Titanium,False,ATX,B0BV6CWS2Z,,32001,https://www.bequiet.com/en/powersupply/4042,1HU-004H-000R8,5230990761,175,,,Black,BN335 | BN661,Full,1000
fe7e389d-4f2a-4330-9077-0b14a11dc277,OCZ ModXStream 700W 80+ Certified Semi-Modular,OCZ,ModXStream,700W 80+,,fe7e389d-4f2a-4330-9077-0b14a11dc277.json,,1,1,0,4,0,1,6,,,80+,False,ATX,,,,,,,160,,,,OCZ700MXSP,Semi-Modular,700
fe7e4ebf-877e-42d1-9f18-9b19a1ddafed,KOLINK KL-SFX450 SFX 450W Non-Modular 80+ Bronze Certified,KOLINK,KL-SFX450,450W Bronze,,fe7e4ebf-877e-42d1-9f18-9b19a1ddafed.json,BLACK | GREEN,1,1,0,2,0,2,4,,,80+ Bronze,False,SFX,,,,,,,100,,,,KL-SFX450,Non-Modular,450
fe7ec15d-97d1-4120-be09-a6a24b0a06e5,SHARKOON SilentStorm Icewind White / Black 550W Semi-Modular 80+ Bronze,SHARKOON,SilentStorm,550W Bronze,,fe7ec15d-97d1-4120-be09-a6a24b0a06e5.json,WHITE | BLACK,1,1,0,3,0,2,9,,,80+ Bronze,False,ATX,,,,,,,160,,,,SilentStorm Icewind 550 Watt,Semi-Modular,550
fe929fee-83af-46e8-91d7-d950eaf59ae7,ADATA XPG KYBER Black 750W Non-Modular 80+ Gold,ADATA,XPG,750W Gold,,fe929fee-83af-46e8-91d7-d950eaf59ae7.json,BLACK,1,0,0,0,0,0,6,,,80+ Gold,False,ATX,B0CW3WNJXY,,,,,,140,,,,KYBER750G-BKCUS | KYBER750G-BKCAU | KYBER750G-BKCEU,Non-Modular,750
fe9566f1-04f1-49f0-a027-8777ef4a45d2,Cooler Master MWE Bronze V2 750W Non-Modular 80+ Bronze Certified ATX,Cooler Master,MWE,750W Bronze,,fe9566f1-04f1-49f0-a027-8777ef4a45d2.json,BLACK,1,0,0,0,0,0,8,,,80+ Bronze,False,ATX,B07RZM3P3S,,,,,,140,,,,MPE-7501-ACAAB-US | MPE-7501-ACAAB-AU | MPE-7501-ACAAB-EU | MPE-7501-ACAAB-UK | MPE-7501-ACAAB-IN,Non-Modular,750
fec98c30-df50-447a-b620-bda62252e8be,Super Flower SF-1000F14MP Black 1000W Fully Modular 80+ Platinum Certified,Super Flower,SF-1000F14MP,1000W Platinum,,fec98c30-df50-447a-b620-bda62252e8be.json,,1,2,0,5,0,4,10,,,80+ Platinum,False,ATX,,,,,,,200,,,,SF-1000F14MP black,Full,1000
fed29ff1-a26d-4172-869c-5e73eb6f39ad,Corsair CX550 (2017) ATX 550W Non-Modular 80+ Bronze Certified,Corsair,CX550,550W Bronze,,fed29ff1-a26d-4172-869c-5e73eb6f39ad.json,,1,0,0,0,0,0,5,,,80+ Bronze,False,ATX,B01MRW2K79,,,,9SIB8AKKBA8436,288241345,140,,,,CP-9020121-NA | CP-9020121-AU | CP-9020121-UK,Non-Modular,550
fed6214e-3dd4-43f5-9f16-e995aa5ecc34,Thermaltake Toughpower ATX 750W Semi-Modular 80+ Gold Certified,Thermaltake,Toughpower,750W Gold,,fed6214e-3dd4-43f5-9f16-e995aa5ecc34.json,,1,1,0,4,0,4,12,,,80+ Gold,False,ATX,,,,,,,140,,,,PS-TPD-0750MPCGUS-1,Semi-Modular,750
fee7ae3c-1884-4f07-abfc-90835af9b311,EVGA 500 GD Black 500W Non-Modular 80+ Gold,EVGA,500,500W Gold,,fee7ae3c-1884-4f07-abfc-90835af9b311.json,BLACK,1,1,0,3,0,2,6,,,80+ Gold,False,ATX,B07WC79PPN,,,,9SIAKVHKCC7703,691111731,140,,,,100-GD-0500-V1 | 100-GD-0500-V2 | 100-GD-0500-V3 | 100-GD-0500-V4 | 500 GD,Non-Modular,500
fefa10fd-81c1-4444-9185-3f586073bbe5,ENDORFY Supremo FM5 Black 850W Fully Modular 80+ Gold Certified ATX,ENDORFY,Supremo,850W Gold,,fefa10fd-81c1-4444-9185-3f586073bbe5.json,BLACK,1,2,0,1,0,4,8,,,80+ Gold,False,ATX,,,,,,,140,,,,EY7A009,Full,850
fefeafca-fee5-470f-b013-ae14b51a1669,Corsair Vengeance 750M 750W Semi-Modular 80+ Silver Certified,Corsair,Vengeance,750W Silver,,fefeafca-fee5-470f-b013-ae14b51a1669.json,,1,1,0,4,0,6,8,,,80+ Silver,False,ATX,B07F7X53NC,,,,,,140,,,,CP-9020176-NA,Semi-Modular,750
ff125f3c-d38e-4dc0-a75c-e5741a664ec0,Thermaltake Toughpower PF1 TT Premium Edition Black 1200W Fully Modular 80+ Platinum,Thermaltake,Toughpower,1200W Platinum,,ff125f3c-d38e-4dc0-a75c-e5741a664ec0.json,BLACK,1,2,0,8,0,8,12,,,80+ Platinum,False,ATX,,,,,,,140,,,,PS-TPD-1200FNFAPE-1 | PS-TPD-1200FNFAPU-1,Full,1200
ff19809c-ab3f-4dd1-8598-e3d1b35b79c3,EVGA SuperNOVA 750 G3 750W Fully Modular 80+ Gold,EVGA,SuperNOVA,750W Gold,,ff19809c-ab3f-4dd1-8598-e3d1b35b79c3.json,,1,0,0,0,0,0,9,,,80+ Gold,False,ATX,B005BE058W,,,,9SIB8AKKCT9706,174321923,150,,,,220-G3-0750 | 220-G3-0750-X1 | 220-G3-0750-X3 | 220-G3-0750-X2,Full,750
ff1ddebd-c1df-4f65-a034-f8bbeb8bead0,PC Cooler YS1000 Black 1000W Fully Modular 80+ Gold Certified ATX,PC Cooler,YS1000,1000W Gold,,ff1ddebd-c1df-4f65-a034-f8bbeb8bead0.json,BLACK,1,0,0,0,0,0,12,,,80+ Gold,False,ATX,,,,,,,160,,,,P5-YS1000-G1FFBK1-US,Full,1000
ff21a4f3-e6c6-422b-a390-63cb0b577113,Xilence XP830R8 Black / Red ATX 830W Non-Modular 80+ Bronze Certified,Xilence,XP830R8,830W Bronze,,ff21a4f3-e6c6-422b-a390-63cb0b577113.json,BLACK | RED,1,1,0,3,0,4,6,,,80+ Bronze,False,ATX,,,,,,,140,,,,XN064,Non-Modular,830
ff2e146e-1e0d-4454-b1c2-9c3f022fe422,Super Flower Leadex III Gold 550W Fully Modular 80+ Gold,Super Flower,Leadex,550W Gold,,ff2e146e-1e0d-4454-b1c2-9c3f022fe422.json,BLACK,1,1,0,4,0,2,6,,,80+ Gold,False,ATX,,,,,,,160,,,,SF-550F14HG,Full,550
ff2f9735-306d-40bf-b39f-ff9fd53ccfd1,Lian Li SP750 SFX 750W Fully Modular 80+ Gold Certified,Lian Li,SP750,750W Gold,,ff2f9735-306d-40bf-b39f-ff9fd53ccfd1.json,WHITE,1,0,0,0,0,0,8,,,80+ Gold,False,SFX,B09HMCZ551,,,,1HU-01PP-00003,739638081,100,,,,SP750W | SP750,Full,750
ff4772f6-e79e-4c85-9d03-017c18da7aca,be quiet! Power Zone ATX 1000W Fully Modular 80+ Bronze Certified,be quiet!,Power,1000W Bronze,,ff4772f6-e79e-4c85-9d03-017c18da7aca.json,,1,1,0,6,0,6,10,,,80+ Bronze,False,ATX,,,,,,,175,,,,BN213 | BN613,Full,1000
ff55e8b2-ddf0-4bca-abf5-2ee829e51364,BitFenix Whisper M 550W 80+ Gold Certified Fully Modular,BitFenix,Whisper,550W Gold,,ff55e8b2-ddf0-4bca-abf5-2ee829e51364.json,,1,1,0,4,0,2,8,,,80+ Gold,False,ATX,,,,,,,160,,,,BP-WG550UMAG-7FM | BP-WG550UMAG-0FM | BP-WG550UMAG-6FM | BP-WG550UMAG-8FM | BP-WG550UMAG-9FM,Full,550
ff70636b-cd62-4035-9d51-b7fccec4926b,MSI MPG A850G PCIE5 Black 850W Fully Modular 80+ Gold,MSI,MPG,850W Gold,,ff70636b-cd62-4035-9d51-b7fccec4926b.json,BLACK,1,0,0,0,0,0,8,,,80+ Gold,False,ATX,B0B4345YV7,6524434,,,N82E16817701017,1123476489,150,,,,MPG A850G PCIE5 | 306-7ZP7B11-CE0 | MPG A850G PCIE 5,Full,850
ff7584ae-0669-4263-b2ef-21caaae30df8,Inter-Tech Argus Black RGB II 700W Non-Modular 80+ Bronze Certified,Inter-Tech,Argus,700W Bronze,,ff7584ae-0669-4263-b2ef-21caaae30df8.json,BLACK,1,0,0,0,0,0,6,,,80+ Bronze,False,ATX,B08P22XK5W,,,,,,160,,,,88882173,Non-Modular,700
ffab8771-cde5-4bfe-b563-d84fb5b2b7fe,Thortech Thunderbolt ATX 1200W 80+ Gold Certified Fully Modular,Thortech,Thunderbolt,1200W Gold,,ffab8771-cde5-4bfe-b563-d84fb5b2b7fe.json,,1,2,0,6,0,8,12,,,80+ Gold,False,ATX,,,,,,,,,,,TTBK20G,Full,1200
ffc32008-8a84-4b76-9f75-6572f8686eb0,Cooler Master V SFX Gold ATX 3.1 850W Fully Modular 80+ Gold Certified,Cooler Master,V,850W Gold,,ffc32008-8a84-4b76-9f75-6572f8686eb0.json,,1,0,0,0,0,0,8,,,80+ Gold,False,SFX,,,,,,,100,,,,MPY-8501-SFHAGV-3EUS | MPY-8501-SFHAGV-3EKR | MPY-8501-SFHAGV-3EST | MPY-8501-SFHAGV-3EBR | MPY-8501-SFHAGV-3EJP | MPY-8501-SFHAGV-3EWO | MPY-8501-SFHAGV-3EEU | MPY-8501-SFHAGV-3EIN | MPY-8501-SFHAGV-3ETW | MPY-8501-SFHAGV-3EAR | MPY-8501-SFHAGV-3EUK | MPY-8501-SFHAGV-3EAU,Full,850
ffc3311c-d1f4-4d2d-b16a-7573182d3e7e,Corsair RM750 White / Black 750W Fully Modular 80+ Gold Certified,Corsair,RM750,750W Gold,,ffc3311c-d1f4-4d2d-b16a-7573182d3e7e.json,WHITE | BLACK,1,0,0,0,0,0,14,,,80+ Gold,False,ATX,B093R3HVCK,,,,N82E16817139277,520917759,160,,,,CP-9020231-NA | CP-9020231-UK | CP-9020231-AU,Full,750
ffc625e9-d51c-43fd-8d19-45ce1609cf11,Antec EARTHWATTS GOLD PRO Black ATX 650W Semi-Modular 80+ Gold Certified,Antec,EARTHWATTS,650W Gold,,ffc625e9-d51c-43fd-8d19-45ce1609cf11.json,BLACK,1,1,0,3,0,4,6,,,80+ Gold,False,ATX,,,,,,,140,,,,EA650G Pro,Semi-Modular,650
ffc77eb0-adfd-46af-92b5-6908a72bea1c,KOLINK Core RGB 700W Non-Modular 80+ Certified,KOLINK,Core,700W 80+,,ffc77eb0-adfd-46af-92b5-6908a72bea1c.json,BLACK,1,1,0,3,0,4,5,,,80+,False,ATX,,,,,,,140,,,,PGW-PS-KOL-031 | KL-C700-RGB,Non-Modular,700
ffcd2ed5-22bf-493b-bf4a-9f740079d2fe,Fractal Design Ion SFX 650W Fully Modular 80+ Gold,Fractal Design,Ion,650W Gold,,ffcd2ed5-22bf-493b-bf4a-9f740079d2fe.json,BLACK,1,1,0,2,0,4,8,,,80+ Gold,False,SFX,,,,,,,125,,,,FD-PSU-ION-SFX-650G-BK | FD-PSU-ION-SFX-650G-BK-EU | FD-PSU-ION-SFX-650G-BK-UK,Full,650
ffce4f3e-8df9-4ebe-8a1d-38653cc75a6c,SeaSonic FOCUS SGX SFX 650W Fully Modular 80+ Gold Certified,SeaSonic,FOCUS,650W Gold,,ffce4f3e-8df9-4ebe-8a1d-38653cc75a6c.json,BLACK,1,0,0,0,0,0,6,,,80+ Gold,False,SFX,B07JVQQK69,,,,,,125,,,,SSR-650SGX | SGX-650,Full,650
ffd60bb8-1b1a-43c0-8ac8-770f273f059a,Rosewill RBR1000-M 1000W Semi-Modular 80+ Bronze Certified,Rosewill,RBR1000-M,1000W Bronze,,ffd60bb8-1b1a-43c0-8ac8-770f273f059a.json,,1,2,0,8,0,3,12,,,80+ Bronze,False,ATX,,,,,,,160,,,,RBR1000-M,Semi-Modular,1000
ffe0e24c-93bd-4a36-9d37-aa889175854b,Phanteks AMP GH White 1200W Fully Modular 80+ Platinum,Phanteks,AMP,1200W Platinum,,ffe0e24c-93bd-4a36-9d37-aa889175854b.json,WHITE,1,0,0,0,0,0,10,,,80+ Platinum,False,ATX,,,,,,,140,,,,PH-P1200GH_WT01,Full,1200
fffe3450-9c21-4412-8d8b-cd53d50da176,Asus ROG Strix Black / Red 650W Fully Modular 80+ Gold,Asus,ROG,650W Gold,,fffe3450-9c21-4412-8d8b-cd53d50da176.json,BLACK | RED,1,2,0,3,0,4,8,,,80+ Gold,False,ATX,,,,,,,160,,,,ROG-STRIX-650G | 90YE00A1-B0NA00 | 90YE00A1-B0AA00 | 90YE00A1-B0EA00,Full,650
