opendb_id,metadata_name,metadata_manufacturer,metadata_series,metadata_variant,metadata_releaseYear,_source_file,cache,capacity,form_factor,general_product_information_amazon_sku,general_product_information_bestbuy_sku,general_product_information_ibuypower_sku,general_product_information_manufacturer_url,general_product_information_newegg_sku,general_product_information_walmart_sku,interface,lighting,metadata_last_manually_spec_verified_at,metadata_part_numbers,nvme,storage_type,type
0003d658-2e15-416c-b260-d2882258b170,"Inland Premium 512GB SSD M.2 2280 PCIe NVMe 3.0 x4 3D NAND Internal Solid State Drive, High-Speed Read/Write Speed up to 3100 MBps and 1900 MBps, NVMe 1.3 & PCIe 3.1 Compatible",Inland,Inland Premium,512GB,2019,0003d658-2e15-416c-b260-d2882258b170.json,,512,M.2-2280,B07PB5C36M,,,,9SIBJ3BJJ89561,,M.2 PCIe 3.0 x4,,,a29f5e64-99bb-4031-a318-b119dd446ca4 | 512GB NVME PREM,True,SSD,SSD
000e2e21-7ddc-48cd-9a02-7d8b3947263f,MSI SPATIUM M480 HS 1TB SSD M.2-2280 PCIe 4.0 X4 NVMe,MSI,SPATIUM,1000GB,,000e2e21-7ddc-48cd-9a02-7d8b3947263f.json,,1000,M.2-2280,B098TGZ6RM,,,,N82E16820140020,275513194,M.2 PCIe 4.0 x4,,,S78-440L430-P83 | SPATIUM M480 1TB,True,SSD,SSD
00238939-8d02-4070-8025-8c959c5e7b5f,OWC Aura Ultra IV 8TB SSD M.2-2280 PCIe 4.0 x4 NVMe,OWC,Aura,8000GB,,00238939-8d02-4070-8025-8c959c5e7b5f.json,,8000,M.2-2280,,,,,,,M.2 PCIe 4.0 x4,,,P4U8T1PT08,True,SSD,SSD
00274e77-58c3-4fec-a978-180eaa79bee8,"Seagate Barracuda Compute 2TB 3.5"" HDD 5400RPM SATA 6.0 Gb/s",Seagate,Barracuda,2000GB,,00274e77-58c3-4fec-a978-180eaa79bee8.json,,2000,"3.5""",B07FD98N7N,,,,,,SATA 6.0 Gb/s,,,ST2000DM005,False,HDD,HDD
00390459-a2a2-4b30-955a-8912dc35076c,Western Digital Blue 250GB SSD M.2-2280 SATA,Western Digital,Blue,250GB,,00390459-a2a2-4b30-955a-8912dc35076c.json,,250,M.2-2280,,,,,,,M.2 SATA,,,WDS250G1B0B,False,SSD,SSD
003af514-dcb8-4480-982f-32066af96ef6,Crucial T705 1TB PCIe Gen5 NVMe M.2 SSD with Heatsink,Crucial,T705,w/ Heatsink,2024,003af514-dcb8-4480-982f-32066af96ef6.json,,1000,M.2-2280,B0CTRV9CVP,,,,N82E16820156397,5461509022,M.2 PCIe 5.0 x4,,,CT1000T705SSD3,True,SSD,SSD
00472748-f37c-4f2a-91e0-9ad23f6c0423,FFF Smart Life Connected G-Storategy NV470 w/Heatsink 2TB SSD M.2-2280 PCIe 4.0 X4 NVMe,FFF Smart Life Connected,G-Storategy,2000GB,,00472748-f37c-4f2a-91e0-9ad23f6c0423.json,,2000,M.2-2280,,,,,,,M.2 PCIe 4.0 x4,,,NV47002TBY3G1,True,SSD,SSD
006a3315-d7ff-4a83-9409-fc74d0fbc040,"Seagate IronWolf Pro 8TB HDD 7200RPM 3.5"" SATA Internal",Seagate,IronWolf,8000GB,,006a3315-d7ff-4a83-9409-fc74d0fbc040.json,,8000,"3.5""",B07SRVXPQ2,,,,,903261458,SATA 6.0 Gb/s,,,ST8000NE001,False,HDD,HDD
008efe68-90d2-42d6-bc23-f29390cb5dfc,"Western Digital Purple Pro 12TB HDD 3.5"" SATA",Western Digital,Purple,12000GB,,008efe68-90d2-42d6-bc23-f29390cb5dfc.json,,12000,"3.5""",B0966V6YJB,6488587,,,N82E16822234481,560686882,SATA 6.0 Gb/s,,,WD121PURP | WD121PURP-SPB5SY0,False,HDD,HDD
00ada96b-bca9-401d-8594-3f259b20deeb,PNY CS2140 2TB SSD M.2-2280 PCIe 4.0 x4 NVMe,PNY,CS2140,2000GB,,00ada96b-bca9-401d-8594-3f259b20deeb.json,,2000,M.2-2280,B09RPL3RL1,6500248,,,N82E16820177143,237249993,M.2 PCIe 4.0 x4,,,M280CS2140-2TB-RB,True,SSD,SSD
00af4c59-a3ea-42a5-b5c7-cd0ded740338,"TEAMGROUP GX1 480GB SSD 2.5"" SATA",TEAMGROUP,GX1,480GB,,00af4c59-a3ea-42a5-b5c7-cd0ded740338.json,,480,"2.5""",B07SD5M87M,,,,,556033154,SATA 6.0 Gb/s,,,T253X1480G0C101,False,SSD,SSD
00b812fe-7098-4716-8ce9-855ea3674b76,Crucial P310 1TB SSD M.2 PCIe 4.0 NVMe,Crucial,P310,1000GB,,00b812fe-7098-4716-8ce9-855ea3674b76.json,,1000,M.2-2280,B0DM9341L3,6594250,,,N82E16820156412,10659473523,M.2 PCIe 4.0 x4,,,CT1000P310SSD8 | CT1000P310SSD801,True,SSD,SSD
00b82d90-cb28-4cb6-8ec6-4bfa134fda7d,"AMD RADEON-R7SSD-240G 240 GB SSD 2.5"" SATA 6.0 Gb/s",AMD,RADEON-R7SSD-240G,240GB,,00b82d90-cb28-4cb6-8ec6-4bfa134fda7d.json,,240,"2.5""",,,,,,,SATA 6.0 Gb/s,,,RADEON-R7SSD-240G,False,SSD,SSD
016fd4e6-db98-4770-9157-d1c087887116,Lexar NM600 240GB M.2-2280 SSD PCIe 3.0 x4 NVMe,Lexar,NM600,240GB,,016fd4e6-db98-4770-9157-d1c087887116.json,,240,M.2-2280,,,,,,,M.2 PCIe 3.0 x4,,,LNM600-240RBNA,True,SSD,SSD
0191dd1a-249c-4e1d-ad79-cc2cc368cb6f,ADATA LEGEND 970 2TB SSD M.2-2280 PCIe 5.0 X4 NVMe,ADATA,LEGEND,2000GB,,0191dd1a-249c-4e1d-ad79-cc2cc368cb6f.json,,2000,M.2-2280,B0CB71598Q,,,,,,M.2 PCIe 5.0 x4,,,SLEG-970-2000GCI | ADATA SSD Legend 970,True,SSD,SSD
01f22fe1-0007-41d4-aa16-f0d7b1cc2a1b,"Seagate ST6000NM0104 6TB 3.5"" HDD 7200RPM SATA 6.0 Gb/s",Seagate,ST6000NM0104,6000GB,,01f22fe1-0007-41d4-aa16-f0d7b1cc2a1b.json,,6000,"3.5""",B00J62AGW0,,,,,,SATA 6.0 Gb/s,,,ST6000NM0104,False,HDD,HDD
01f4f357-575a-4ffa-8727-d19fe2a35dc8,"Western Digital Green 120GB SSD 2.5"" SATA",Western Digital,Green,120GB,,01f4f357-575a-4ffa-8727-d19fe2a35dc8.json,,120,"2.5""",B076XWDN6V,,,,,608603460,SATA 6.0 Gb/s,,,WDS120G2G0A,False,SSD,SSD
021c469b-063e-4b37-873a-02a39555be0b,Western Digital PC SN730 256GB SSD M.2-2280 PCIe 3.0 X4 NVMe,Western Digital,PC,256GB,,021c469b-063e-4b37-873a-02a39555be0b.json,,256,M.2-2280,,,,,,,M.2 PCIe 3.0 x4,,,SDBQNTY-256G,True,SSD,SSD
0245df99-5b8b-469e-af34-a6e4e8d4f7b7,TEAMGROUP Cardea A440 2TB M.2-2280 SSD PCIe 4.0 X4 NVMe,TEAMGROUP,Cardea,2000GB,,0245df99-5b8b-469e-af34-a6e4e8d4f7b7.json,,2000,M.2-2280,B0921RKRDH,,,,N82E16820331727,1375269729,M.2 PCIe 4.0 x4,,,TM8FPZ002T0C327 | A0039238,True,SSD,SSD
024add70-c987-4042-8958-06f853d6c089,Kingston NV1 1TB M.2-2280 SSD PCIe 3.0 x4 NVMe,Kingston,NV1,1000GB,,024add70-c987-4042-8958-06f853d6c089.json,,1000,M.2-2280,B091BDQ2B6,,,,9SIA17PK6H4806,498042962,M.2 PCIe 3.0 x4,,,SNVS | 1000G | SNVS/1000G,True,SSD,SSD
0267d003-3d9a-4302-8651-77cfe032f473,ADATA XPG GAMMIX S70 1TB SSD M.2-2280 PCIe 4.0 X4 NVMe,ADATA,XPG,1000GB,,0267d003-3d9a-4302-8651-77cfe032f473.json,,1000,M.2-2280,,,,,,,M.2 PCIe 4.0 x4,,,AGAMMIXS70-1T-C,True,SSD,SSD
02825a0c-14a3-4750-bf88-7774fccbd2db,"Kingston SSDNow KC400 256GB SSD 2.5"" SATA",Kingston,SSDNow,256GB,,02825a0c-14a3-4750-bf88-7774fccbd2db.json,,256,"2.5""",B019SDOASM,,,,,160445016,SATA 6.0 Gb/s,,,SKC400S37 | 256G | SKC400S37/256G,False,SSD,SSD
02834367-cd9f-4512-8d84-5bfdbb8295c4,Mushkin MKNSSDED500GB-D8 500GB M.2-2280 SSD PCIe 4.0 x4 NVMe,Mushkin,MKNSSDED500GB-D8,500GB,,02834367-cd9f-4512-8d84-5bfdbb8295c4.json,,500,M.2-2280,,,,,N82E16820992052,,M.2 PCIe 4.0 x4,,,MKNSSDED500GB-D8,True,SSD,SSD
02887c66-f92e-45e7-a297-a183b26445d1,"Kingston HyperX 3K 240GB SSD 2.5"" SATA 6.0 Gb/s",Kingston,HyperX,240GB,,02887c66-f92e-45e7-a297-a183b26445d1.json,,240,"2.5""",,,,,,,SATA 6.0 Gb/s,,,SH103S3 | 240G,False,SSD,SSD
0290a035-9fb2-45e8-a632-4e44ab80917a,"Transcend SSD230S 512GB SSD 2.5"" SATA",Transcend,SSD230S,512GB,,0290a035-9fb2-45e8-a632-4e44ab80917a.json,,512,"2.5""",B01M3R9IFH,,,,,580377303,SATA 6.0 Gb/s,,,TS512GSSD230S,False,SSD,SSD
02a8542e-003d-4c82-b30e-3286a228391a,Samsung 970 Evo 500 GB M.2-2280 SSD PCIe 3.0 X4 NVMe,Samsung,970,500GB,,02a8542e-003d-4c82-b30e-3286a228391a.json,,500,M.2-2280,B07BN4NJ2J,6252132,,,9SIAADFBAU8250,,M.2 PCIe 3.0 x4,,,MZ-V7E500BW,True,SSD,SSD
02b2285f-dcdf-4b36-bfc3-264da6a20b9f,"Hitachi Travelstar 320 GB 2.5"" HDD 5400 RPM SATA 3.0 Gb/s",Hitachi,Travelstar,320GB,,02b2285f-dcdf-4b36-bfc3-264da6a20b9f.json,,320,"2.5""",,,,,,,SATA 3.0 Gb/s,,,0A57913,False,HDD,HDD
02c09086-7856-4dd3-b9c2-a5fbbe7d47f1,Corsair MP600 Force Series Gen4 1TB M.2-2280 SSD NVMe PCIe 3.0 X4,Corsair,MP600,1000GB,,02c09086-7856-4dd3-b9c2-a5fbbe7d47f1.json,,1000,M.2-2280,,,,,,,M.2 PCIe 3.0 x4,,,CSSD-F1000GBMP600,True,SSD,SSD
02ed1179-39de-49fe-b2e6-4f42f1bbf86c,"Western Digital Scorpio Blue 320GB HDD 2.5"" 5400RPM SATA",Western Digital,Scorpio,320GB,,02ed1179-39de-49fe-b2e6-4f42f1bbf86c.json,,320,"2.5""",B0011U65F2,,,,,,SATA 3.0 Gb/s,,,WD3200BEVT,False,HDD,HDD
02f38c10-b6c5-4203-a292-169a8dd0db00,"Seagate BarraCuda 750 GB 3.5"" HDD 7200RPM SATA Internal",Seagate,BarraCuda,750GB,,02f38c10-b6c5-4203-a292-169a8dd0db00.json,,750,"3.5""",,,,,,,SATA 3.0 Gb/s,,,ST3750528AS,False,HDD,HDD
02fd8986-b123-4d2f-815f-0d2b771c8814,"Western Digital AV-25 320GB HDD 5400RPM 2.5"" SATA",Western Digital,AV-25,320GB,,02fd8986-b123-4d2f-815f-0d2b771c8814.json,,320,"2.5""",B005EV1SRO,,,,,,SATA 3.0 Gb/s,,,WD3200BUCT,False,HDD,HDD
0303f5f4-bba6-429c-bfb4-8c6169151eba,"PNY CS1211 240GB SSD 2.5"" SATA 6.0 Gb/s",PNY,CS1211,240GB,,0303f5f4-bba6-429c-bfb4-8c6169151eba.json,,240,"2.5""",,,,,,,SATA 6.0 Gb/s,,,SSD7CS1211-240-RB,False,SSD,SSD
0306f233-69a0-43cd-b961-9b70184360e4,"Hitachi 0F27406 8TB HDD 3.5"" 7200RPM SAS 12.0 Gb/s Internal",Hitachi,0F27406,8000GB,,0306f233-69a0-43cd-b961-9b70184360e4.json,,8000,"3.5""",B01FRBJWIM,,,,,,SAS 12.0 Gb/s,,,0F27406,False,HDD,HDD
03114a84-f73d-4bb7-b822-2fec36366b41,"TEAMGROUP L3 EVO 240GB SSD 2.5"" SATA",TEAMGROUP,L3,240GB,,03114a84-f73d-4bb7-b822-2fec36366b41.json,,240,"2.5""",,,,,,,SATA 6.0 Gb/s,,,T253LE240GTC101,False,SSD,SSD
03116eec-b3d3-4daf-83d0-48e3d6cdbc9d,Western Digital Black SN850X 8TB M.2 SSD PCIe 4.0 NVMe,Western Digital,WD_Black,8000GB,,03116eec-b3d3-4daf-83d0-48e3d6cdbc9d.json,,8000,M.2-2280,B0DM9XHFQ6,6593300,28918,,N82E16820250270,8066807590,M.2 PCIe 4.0 x4,,,WDS800T2X0E | WDS800T2X0E-00CDD0 | WDBB9G0080BNC-WRSN,True,SSD,SSD
0321e73a-c9b8-4261-93ea-a4dd47972d97,"SanDisk Ultra 3D 1 TB SSD 2.5"" SATA 6.0 Gb/s",SanDisk,Ultra,1000GB,,0321e73a-c9b8-4261-93ea-a4dd47972d97.json,,1000,"2.5""",B0B7VM4SRX,,,,N82E16820173632,2887182158,SATA 6.0 Gb/s,,,SDSSDH3-1T00-G25 | SDSSDH3-1T00-G26,False,SSD,SSD
032d10b5-4b3a-4252-98f0-a8033bd2cd69,Timetec 35TTQNM2SATA 1TB SSD M.2-2280 SATA,Timetec,35TTQNM2SATA,1000GB,,032d10b5-4b3a-4252-98f0-a8033bd2cd69.json,,1000,M.2-2280,,,,,,,M.2 SATA,,,35TTQNM2SATA-1TB,False,SSD,SSD
035513fa-6b76-44cf-80c7-f26d3755a642,Mushkin Vortex Redline 2TB SSD M.2 PCIe 4.0 NVMe,Mushkin,Vortex,2000GB,,035513fa-6b76-44cf-80c7-f26d3755a642.json,,2000,M.2-2280,B09T5DGV6R,,,,N82E16820226975,581784918,M.2 PCIe 4.0 x4,,,MKNSSDVT2TB-D8,True,SSD,SSD
036ace82-80b8-4408-bde3-359bc999ee80,Kingston NV3 PCIe 4.0 NVMe SSD 2280 1TB,Kingston Technology,NV3,1TB,2024,036ace82-80b8-4408-bde3-359bc999ee80.json,64,1000,M.2-2280,B0DBR3DZWG,,31395,https://www.ibuypower.com/gear-store/pc-parts/storage/1tb-kingston-nv3-m.2-pcie-gen-4-nvme-ssd?irgwc=1&afsrc=1,N82E16820242902,9583000663,M.2 PCIe 4.0 x4,,2026-03-22T15:06:58.202Z,SNV3S/1000G | SNV3S1000G,True,SSD,
03740959-31f2-48f4-9611-e104b5891c6c,"Seagate Exos 10TB HDD 7200RPM 3.5"" SAS 12.0 Gb/s",Seagate,Exos,10000GB,,03740959-31f2-48f4-9611-e104b5891c6c.json,,10000,"3.5""",B01MT2C6VI,,,,,663742943,SAS 12.0 Gb/s,,,ST10000NM0216,False,HDD,HDD
038289bd-0b05-4d9b-ab3d-60191f4dbcfb,Corsair MP600 ELITE PS5 1TB M.2 SSD PCIe 4.0 NVMe,Corsair,MP600,1000GB,,038289bd-0b05-4d9b-ab3d-60191f4dbcfb.json,,1000,M.2-2280,B0CSG8QMNG,,,,N82E16820982140,5283297232,M.2 PCIe 4.0 x4,,,CSSD-F1000GBMP600ECS,True,SSD,SSD
039208a9-2af9-4ec9-b40b-6d50b4c6874b,Addlink G55H 2TB SSD M.2 PCIe 5.0 NVMe,Addlink,G55H,2000GB,,039208a9-2af9-4ec9-b40b-6d50b4c6874b.json,,2000,M.2-2280,B0DJ27GZ65,,,,,,M.2 PCIe 5.0 x4,,,ad2TBG55HM2P,True,SSD,SSD
039f2edb-e172-4eed-9c60-7b1a8d48d640,"Seagate Exos X18 12TB 3.5"" HDD 7200RPM SATA 6.0 Gb/s",Seagate,Exos,12000GB,,039f2edb-e172-4eed-9c60-7b1a8d48d640.json,,12000,"3.5""",B09DVPV5P9,,,,,2040836686,SATA 6.0 Gb/s,,,ST12000NM001J,False,HDD,HDD
03f5802b-08a2-4bbb-a3b7-f3e15c2b49a7,Inland Gaming Performance Plus 4TB SSD M.2-2280 PCIe 4.0 X4 NVMe,Inland,Gaming,4000GB,,03f5802b-08a2-4bbb-a3b7-f3e15c2b49a7.json,,4000,M.2-2280,B0BG26WLP2,,,,,,M.2 PCIe 4.0 x4,,,4TB PER SSD PS5 | 618996750412 | 6593e02d-ffd8-47b8-afaf-744803df46c4,True,SSD,SSD
04015651-a3db-4001-b069-874486c04382,Crucial T500 1 TB SSD M.2-2280 PCIe 4.0 x4 NVMe,Crucial,T500,1000GB,,04015651-a3db-4001-b069-874486c04382.json,,1000,M.2-2280,B0CK39YR9V,6566096,,,N82E16820156388,5100305248,M.2 PCIe 4.0 x4,,,CT1000T500SSD8,True,SSD,
040b2d7a-6b04-4e19-bc7a-0297a1af043c,Toshiba RC100 240GB SSD M.2-2242 PCIe 3.0 X2 NVMe,Toshiba,RC100,240GB,,040b2d7a-6b04-4e19-bc7a-0297a1af043c.json,,240,M.2-2242,,,,,,,M.2 PCIe 3.0 x2,,,THN-RC10Z2400G8,True,SSD,SSD
0412c3c4-ad6f-4c74-96c2-d57ea5b2a84f,Western Digital WD_BLACK SN8100 w/Heatsink 1TB SSD M.2-2280 PCIe 5.0 x4 NVMe,Western Digital,WD_BLACK,1000GB,,0412c3c4-ad6f-4c74-96c2-d57ea5b2a84f.json,1024,1000,M.2-2280,,,,,,,M.2 PCIe 5.0 x4,,,WDS100T1XHM | WDS100T1XHM-00CMT0,True,SSD,SSD
04208db5-efc4-4046-88a6-8d83e33efbb6,Addlink S95 4TB SSD M.2-2280 PCIe 4.0 NVMe,Addlink,S95,4000GB,,04208db5-efc4-4046-88a6-8d83e33efbb6.json,,4000,M.2-2280,B0BNB8RQ7N,,,,,,M.2 PCIe 4.0 x4,,,ad4TBS95M2P,True,SSD,SSD
0438aece-4da4-40b8-8110-b6376b57297f,"Silicon Power A58 1TB SSD 2.5"" SATA 6.0 Gb/s",Silicon Power,A58,1000GB,,0438aece-4da4-40b8-8110-b6376b57297f.json,,1000,"2.5""",,,,,,,SATA 6.0 Gb/s,,,SU001TBSS3A58A25CA,False,SSD,SSD
043b039e-d9ae-4499-9c6a-4e5482b603c9,"Intel 710 200GB 2.5"" SSD SATA 3.0 Gb/s",Intel,710,200GB,,043b039e-d9ae-4499-9c6a-4e5482b603c9.json,,200,"2.5""",B005HIJW2M,,,,,,SATA 3.0 Gb/s,,,SSDSA2BZ200G301,False,SSD,SSD
04506d3e-c65f-4e6c-b96b-4b8cf1019ccb,"Samsung 860 Pro 512GB SSD 2.5"" SATA",Samsung,860,512GB,,04506d3e-c65f-4e6c-b96b-4b8cf1019ccb.json,,512,"2.5""",B07836C6YV,,,,,,SATA 6.0 Gb/s,,,MZ-76P512BW | MZ-76P512B | EU,False,SSD,SSD
045adf36-e619-426b-853f-15bbe83b9626,Intel 750 1.2TB SSD PCIe NVMe,Intel,750,1000GB,,045adf36-e619-426b-853f-15bbe83b9626.json,,1000,PCIe,B00VPK0MWK,,,,,,M.2 PCIe 3.0 x4,,,SSDPEDMW012T401,True,SSD,SSD
0472cd8a-e6d2-4b3b-b3b1-c967cb6a56f2,"Intel 320 40GB SSD 2.5"" SATA 3.0 Gb/s",Intel,320,40GB,,0472cd8a-e6d2-4b3b-b3b1-c967cb6a56f2.json,,40,"2.5""",B004UAK2A4,,,,,,SATA 3.0 Gb/s,,,SSDSA2CT040G3K5,False,SSD,SSD
0473fbac-b04c-4f01-8042-9365d346d570,"Timetec 30TTQNS3SATA-2TB 2TB SSD 2.5"" SATA 6.0 Gb/s",Timetec,30TTQNS3SATA-2TB,2000GB,,0473fbac-b04c-4f01-8042-9365d346d570.json,,2000,"2.5""",,,,,0D9-00ES-00032,,SATA 6.0 Gb/s,,,30TTQNS3SATA-2TB,False,SSD,SSD
0492f95a-adee-4799-b474-a8a4a0bea54f,"SK Hynix SH910A 128GB SSD 2.5"" SATA",SK Hynix,SH910A,128GB,,0492f95a-adee-4799-b474-a8a4a0bea54f.json,,128,"2.5""",,,,,,,SATA 6.0 Gb/s,,,SH910A,False,SSD,SSD
0494bd56-61ad-4224-919d-3a1b4ea08316,"Western Digital Red 10TB HDD 3.5"" SATA",Western Digital,Red,10000GB,,0494bd56-61ad-4224-919d-3a1b4ea08316.json,,10000,"3.5""",B0719498XY,,,,,495357005,SATA 6.0 Gb/s,,,WD100EFAX,False,HDD,HDD
04ae6102-21a2-484d-b949-fb5720dd38a9,Western Digital WD_BLACK SN8100 2TB M.2-2280 SSD PCIe 5.0 X4 NVME,Western Digital,WD_BLACK,2000GB,,04ae6102-21a2-484d-b949-fb5720dd38a9.json,2048,2000,M.2-2280,B0F3BD1W6R,6633571,,,N82E16820250279,16496465981,M.2 PCIe 5.0 x4,,,WDS200T1X0M | WDS200T1X0M-00CMT0,True,SSD,SSD
0509b6b9-813f-4101-88e2-e3048f05d57e,"Seagate Constellation.2 1TB HDD 7200RPM 2.5"" SAS",Seagate,Constellation.2,1000GB,,0509b6b9-813f-4101-88e2-e3048f05d57e.json,,1000,"2.5""",,,,,,,SAS 6.0 Gb/s,,,HDD-ST91000640SS,False,HDD,HDD
051381be-2151-4937-a52b-755eaacc55d8,"Samsung 870 Evo 2TB SSD 2.5"" SATA 6.0 Gb/s",Samsung,870,2000GB,,051381be-2151-4937-a52b-755eaacc55d8.json,,2000,"2.5""",B08QB93S6R,6447128,,,N82E16820147794,849432394,SATA 6.0 Gb/s,,,MZ-77E2T0B | AM | EU | MZ-77E2T0BW | MZ-77E2T0B/AM,False,SSD,SSD
052d8d25-b3bf-4a12-8e45-e302b55cbdde,"Klevv NEO N400 240GB SSD 2.5"" SATA 6.0 Gb/s",Klevv,NEO,240GB,,052d8d25-b3bf-4a12-8e45-e302b55cbdde.json,,240,"2.5""",B07Y2458YB,,,,,,SATA 6.0 Gb/s,,,K240GSSDS3-N40,False,SSD,SSD
0531f3cf-e0c3-4551-be6d-e24b8c4f4079,"Western Digital Purple 3TB HDD 3.5"" 5400RPM SATA 6.0 Gb/s",Western Digital,Purple,3000GB,,0531f3cf-e0c3-4551-be6d-e24b8c4f4079.json,,3000,"3.5""",B07XH53SFX,,,,,907622112,SATA 6.0 Gb/s,,,WD30PURZ,False,HDD,HDD
054364f2-d4c5-4fee-bd6e-4ce761153f07,"Seagate BarraCuda 500GB HDD 3.5"" 7200RPM SATA",Seagate,BarraCuda,500GB,,054364f2-d4c5-4fee-bd6e-4ce761153f07.json,,500,"3.5""",,,,,,,SATA 6.0 Gb/s,,,ST3500413AS,False,HDD,HDD
056780b9-7a26-498f-8e44-bc0ea5aecccf,Western Digital WD Green 120GB SSD M.2-2280 SATA,Western Digital,WD,120GB,,056780b9-7a26-498f-8e44-bc0ea5aecccf.json,,120,M.2-2280,B078WYRR9S,,,,,961838996,M.2 SATA,,,WDS120G2G0B,False,SSD,SSD
056a7a5e-98b7-498e-a786-453aceda1144,"KIOXIA EXCERIA 480GB SSD 2.5"" SATA 6.0 Gb/s",KIOXIA,EXCERIA,480GB,,056a7a5e-98b7-498e-a786-453aceda1144.json,,480,"2.5""",B087CPLWKP,,,,,,SATA 6.0 Gb/s,,,LTC10Z480GG8,False,SSD,SSD
0576371a-c6c2-4fbc-92ed-7f1702138cce,"Western Digital Red Pro 2TB HDD 7200RPM 3.5"" SATA",Western Digital,Red,2000GB,,0576371a-c6c2-4fbc-92ed-7f1702138cce.json,,2000,"3.5""",B01FYXPGT2,,,,1Z4-0002-002R5,52955449,SATA 6.0 Gb/s,,,WD2002FFSX | WD2002FFSX-SPPF8N0,False,HDD,HDD
057bb908-a887-4248-a1f3-4d669c967e94,Lexar NM710 1TB SSD M.2-2280 PCIe 4.0 x4 NVMe,Lexar,NM710,1000GB,,057bb908-a887-4248-a1f3-4d669c967e94.json,,1000,M.2-2280,B0C5S3MKQX,,,,9SIA17PKDX0202,3448498278,M.2 PCIe 4.0 x4,,,LNM710X001T-RNNNG | LNM710X001T-RNNNU,True,SSD,SSD
057db56e-11ba-4759-aa4b-9de7b4866f01,"Intel 545s 512GB SSD 2.5"" SATA",Intel,545s,512GB,,057db56e-11ba-4759-aa4b-9de7b4866f01.json,,512,"2.5""",,,,,,,SATA 6.0 Gb/s,,,SSDSC2KW512G8X1,False,SSD,SSD
058683b3-f983-45fe-b1bf-55d021f2ca67,"Seagate Momentus 5400.6 500GB 5400 RPM HDD 2.5"" SATA",Seagate,Momentus,500GB,,058683b3-f983-45fe-b1bf-55d021f2ca67.json,,500,"2.5""",B001R4BBL0,,,,,,SATA 3.0 Gb/s,,,ST9500325AS,False,HDD,HDD
05950174-e1ad-46a2-bb6c-e1624ccdbe7a,"AMD RADEON-R7SSD-120G 120GB SSD 2.5"" SATA",AMD,RADEON-R7SSD-120G,120GB,,05950174-e1ad-46a2-bb6c-e1624ccdbe7a.json,,120,"2.5""",,,,,,,SATA 6.0 Gb/s,,,RADEON-R7SSD-120G,False,SSD,SSD
05adb6e5-7b76-47f2-abe1-4f117e43f974,"Western Digital Black 250GB HDD 7200RPM 2.5"" SATA",Western Digital,Black,250GB,,05adb6e5-7b76-47f2-abe1-4f117e43f974.json,,250,"2.5""",,,,,,,SATA 6.0 Gb/s,,,WD2500BEKX,False,HDD,HDD
05b0af10-cdfd-4c75-bdea-6a8b360f133f,Corsair MP600 PRO NH 1TB M.2 SSD PCIe 4.0 NVMe,Corsair,MP600,1000GB,,05b0af10-cdfd-4c75-bdea-6a8b360f133f.json,,1000,M.2-2280,B0BJKXXW9X,,,,N82E16820236918,1949721620,M.2 PCIe 4.0 x4,,,CSSD-F1000GBMP600PNH,True,SSD,SSD
05b1f33e-bd54-4e73-954f-e2ee28e0ec72,Klevv CRAS C910 4TB SSD M.2-2280 PCIe 4.0 x4 NVMe,Klevv,CRAS,4000GB,,05b1f33e-bd54-4e73-954f-e2ee28e0ec72.json,,4000,M.2-2280,B0DFCHRQWH,,,,,,M.2 PCIe 4.0 x4,,,K04TBM2SP0-C91 | K04TBM2SP0,True,SSD,SSD
0603da7e-5188-4071-9673-539add1f1241,"Addlink S20 1TB SSD 2.5"" SATA",Addlink,S20,1000GB,,0603da7e-5188-4071-9673-539add1f1241.json,,1000,"2.5""",B07F8RHZXM,,,,,,SATA 6.0 Gb/s,,,ad1TBS20S3S,False,SSD,SSD
060a50e7-3cfd-4582-9b81-ead8ed1c1dee,Samsung 990 Pro w/Heatsink 2TB SSD M.2-2280 PCIe 4.0 NVMe,Samsung,990 ,w/Heatsink 2TB,2022,060a50e7-3cfd-4582-9b81-ead8ed1c1dee.json,2048,2000,M.2-2280,B0BHJDY57J,6523590,31675,https://www.samsung.com/sg/memory-storage/nvme-ssd/nvme-pcie-gen-4-2tb-mz-v9p2t0cw/,N82E16820147863,2648595871,M.2 PCIe 4.0 x4,,2026-03-22T14:10:08.966Z,MZ-V9P2T0CW,True,SSD,
060df2db-cfaf-464d-8183-bf5c7d369e61,"Western Digital Gold 10TB HDD 3.5"" 7200RPM SATA",Western Digital,Gold,10000GB,,060df2db-cfaf-464d-8183-bf5c7d369e61.json,,10000,"3.5""",B07XDD5MV8,,,,N82E16822234399,211040003,SATA 6.0 Gb/s,,,WD102KRYZ | WD102KRYZ-SPA5AB0,False,HDD,HDD
063d43d5-9f84-4a15-b968-4e0601eab079,Crucial P5 2TB M.2-2280 SSD PCIe 3.0 x4 NVMe,Crucial,P5,2000GB,,063d43d5-9f84-4a15-b968-4e0601eab079.json,,2000,M.2-2280,B0892TWDP1,6450787,,,9SIAD6HBM34685,108903839,M.2 PCIe 3.0 x4,,,CT2000P5SSD8,True,SSD,SSD
063e672f-77c7-4dd3-ba36-d63a46afc359,"PNY CS900 120GB 2.5"" SSD SATA",PNY,CS900,120GB,,063e672f-77c7-4dd3-ba36-d63a46afc359.json,,120,"2.5""",B0722XPTL6,5900260,,,9SIAH8WK979157,871602677,SATA 6.0 Gb/s,,,SSD7CS900-120-PB | SSD7CS900-120-RB,False,SSD,SSD
06555cc2-9a3f-41be-94fa-f0da4d32df24,"Seagate Enterprise Capacity 8TB HDD 3.5"" SAS",Seagate,Enterprise,8000GB,,06555cc2-9a3f-41be-94fa-f0da4d32df24.json,,8000,"3.5""",,,,,,,SAS 12.0 Gb/s,,,ST8000NM0135,False,HDD,HDD
06676dd2-4bb1-48e7-aa41-9efcd832ec5f,"Patriot P210 512GB SSD 2.5"" SATA 6.0 Gb/s",Patriot,P210,512GB,,06676dd2-4bb1-48e7-aa41-9efcd832ec5f.json,,512,"2.5""",B0BS775YST,,,,N82E16820225231,311290852,SATA 6.0 Gb/s,,,P210S512G25 | P210,False,SSD,SSD
066e4669-ada2-43cc-aa44-972b436b666c,Netac NV2000 512GB SSD M.2-2280 PCIe 3.0 X4 NVMe,Netac,NV2000,512GB,,066e4669-ada2-43cc-aa44-972b436b666c.json,,512,M.2-2280,,,,,,,M.2 PCIe 3.0 x4,,,NT01NV2000-512-E4X,True,SSD,SSD
0678d3fc-c3bd-47dd-bf96-8754595d98e5,ADATA Swordfish 1TB SSD M.2-2280 PCIe 3.0 X4 NVMe,ADATA,Swordfish,1000GB,,0678d3fc-c3bd-47dd-bf96-8754595d98e5.json,,1000,M.2-2280,B08973FBKQ,,,,,,M.2 PCIe 3.0 x4,,,ASWORDFISH-1T-C,True,SSD,SSD
06abdd61-dc23-4bfc-9d19-4638e012b8a5,Samsung SM951 128GB M.2-2280 SSD PCIe 3.0 x4 NVMe,Samsung,SM951,128GB,,06abdd61-dc23-4bfc-9d19-4638e012b8a5.json,,128,M.2-2280,,,,,,,M.2 PCIe 3.0 x4,,,MZHPV128HDGM-00000,True,SSD,SSD
06b3cf0e-5bcf-4d38-9f88-35cedd7de30e,"Western Digital WD Blue 250 GB SSD 2.5"" SATA 6.0 Gb/s",Western Digital,WD,250GB,,06b3cf0e-5bcf-4d38-9f88-35cedd7de30e.json,,250,"2.5""",B07JKGJL9Y,,,,,519977322,SATA 6.0 Gb/s,,,WDBNCE2500PNC-WRSN,False,SSD,SSD
06c84b61-5528-46c3-9132-321fe120c876,"Kingston FURY 480GB SSD 2.5"" SATA",Kingston,FURY,480GB,,06c84b61-5528-46c3-9132-321fe120c876.json,,480,"2.5""",,,,,,,SATA 6.0 Gb/s,,,SHFS37A | 480G,False,SSD,SSD
06ce0532-cbed-4c6d-8759-b6c429e73c14,Klevv CRAS C710 512GB SSD M.2-2280 PCIe 3.0 NVMe,Klevv,CRAS,512GB,,06ce0532-cbed-4c6d-8759-b6c429e73c14.json,,512,M.2-2280,B08695D3VW,,,,,,M.2 PCIe 3.0 x4,,,K512GM2SP0-C71,True,SSD,SSD
06ff6756-6f23-4bc3-82e7-14c862dbc29d,"Hitachi 7K1000.C 500GB HDD 3.5"" 7200RPM SATA 3.0 Gb/s Internal",Hitachi,7K1000.C,500GB,,06ff6756-6f23-4bc3-82e7-14c862dbc29d.json,,500,"3.5""",,,,,,,SATA 3.0 Gb/s,,,HDS721050CLA362,False,HDD,HDD
070d2f06-d9bd-4218-94d0-bed0c722b3d2,"ADATA Ultimate SU650 240GB SSD 2.5"" SATA",ADATA,Ultimate,240GB,,070d2f06-d9bd-4218-94d0-bed0c722b3d2.json,,240,"2.5""",,,,,,,SATA 6.0 Gb/s,,,ASU650SS-240GT-C,False,SSD,SSD
071560ff-f174-44ea-bfcf-2d4f2e4ddf83,"ADATA Ultimate SU650 960GB 2.5"" SSD SATA",ADATA,Ultimate,960GB,,071560ff-f174-44ea-bfcf-2d4f2e4ddf83.json,,960,"2.5""",B07D9WW9WS,,,,,,SATA 6.0 Gb/s,,,ASU650SS-960GT-C,False,SSD,SSD
0746dc8e-02c1-42c6-8a4b-93afdacb1e76,"TEAMGROUP GX2 256GB SSD 2.5"" SATA",TEAMGROUP,GX2,256GB,,0746dc8e-02c1-42c6-8a4b-93afdacb1e76.json,,256,"2.5""",B07SC4FJNZ,,,,,594063374,SATA 6.0 Gb/s,,,T253X2256G0C101,False,SSD,SSD
074d6599-614e-4d23-85a3-411596a7996c,Intel 600p 128GB SSD M.2-2280 PCIe 3.0 x4 NVMe,Intel,600p,128GB,,074d6599-614e-4d23-85a3-411596a7996c.json,,128,M.2-2280,,,,,,,M.2 PCIe 3.0 x4,,,SSDPEKKW128G7X1,True,SSD,SSD
0755050c-a587-42af-8f59-be220a274afd,Silicon Power US70 1TB M.2 SSD PCIe 4.0 NVMe,Silicon Power,US70,1000GB,,0755050c-a587-42af-8f59-be220a274afd.json,,1000,M.2-2280,,,,,,,M.2 PCIe 4.0 x4,,,SP01KGBP44US7005,True,SSD,SSD
076d3ecd-e8e3-45c0-9166-bd1749dedce5,Lexar Professional NM800PRO w/Heatsink 2TB SSD M.2-2280 PCIe 4.0 x4 NVMe,Lexar,Professional,2000GB,,076d3ecd-e8e3-45c0-9166-bd1749dedce5.json,,2000,M.2-2280,B0B7KMR3MH,,,,,2221882748,M.2 PCIe 4.0 x4,,,LNM800P002T-RN8NG,True,SSD,SSD
076e358e-2432-441d-822d-0771d74a3120,Apacer AS2280P4U Pro 2TB SSD M.2-2280 PCIe 3.0 x4 NVMe,Apacer,AS2280P4U,2000GB,,076e358e-2432-441d-822d-0771d74a3120.json,,2000,M.2-2280,,,,,,,M.2 PCIe 3.0 x4,,,AP2TBAS2280P4UPRO-1,True,SSD,SSD
0784f704-2bbe-4041-850b-58e04f24044a,Inland TN450 1TB M.2-2280 SSD PCIe 4.0 X4 NVMe,Inland,TN450,1000GB,,0784f704-2bbe-4041-850b-58e04f24044a.json,,1000,M.2-2280,B0C2HL6M9K,,,,,,M.2 PCIe 4.0 x4,,,1TB TN450 | 548255,True,SSD,SSD
07b7c392-b2b9-4b27-9dfd-3b755521b859,Corsair MP600 ELITE 4TB M.2 SSD NVMe PCIe 4.0,Corsair,MP600,4000GB,,07b7c392-b2b9-4b27-9dfd-3b755521b859.json,,4000,M.2-2280,B0DGGR4YV5,,,,N82E16820982213,,M.2 PCIe 4.0 x4,,,CSSD-F4000GBMP600ECS,True,SSD,SSD
07c8be31-0935-4ba4-91b6-039b5ce9585e,"Seagate Exos X16 14TB HDD 3.5"" 7200RPM SATA",Seagate,Exos,14000GB,,07c8be31-0935-4ba4-91b6-039b5ce9585e.json,,14000,"3.5""",B07SPY6NMP,,,,,343260923,SATA 6.0 Gb/s,,,ST14000NM003G,False,HDD,HDD
07ca082a-95ec-44c1-8954-2a076812ad69,"Seagate Exos X18 16TB HDD 3.5"" SAS 12.0 Gb/s",Seagate,Exos,16000GB,,07ca082a-95ec-44c1-8954-2a076812ad69.json,,16000,"3.5""",,,,,,,SAS 12.0 Gb/s,,,ST16000NM004J,False,HDD,HDD
07de6b68-8ff5-499b-9d46-99e6ede92412,Intel Pro 7600p 1TB SSD M.2-2280 PCIe 3.0 x4 NVMe,Intel,Pro,1000GB,,07de6b68-8ff5-499b-9d46-99e6ede92412.json,,1000,M.2-2280,,,,,,,M.2 PCIe 3.0 x4,,,SSDPEKKF010T8X1,True,SSD,SSD
07e67a47-d32a-4d20-9e3c-1b3188ce7e23,Sabrent Rocket 256GB SSD M.2-2280 PCIe 3.0 x4 NVMe,Sabrent,Rocket,256GB,,07e67a47-d32a-4d20-9e3c-1b3188ce7e23.json,,256,M.2-2280,B07KGLN3HN,,,,9SIBK19JNN1338,546108102,M.2 PCIe 3.0 x4,,,SB-ROCKET-256,True,SSD,SSD
07f17a37-a49a-460e-84b1-3d26e7fdc0ca,"Intel 520 480GB SSD 2.5"" SATA 6.0 Gb/s",Intel,520,480GB,,07f17a37-a49a-460e-84b1-3d26e7fdc0ca.json,,480,"2.5""",,,,,,,SATA 6.0 Gb/s,,,SSDSC2CW480A310,False,SSD,SSD
07f25988-b02e-4e11-9451-63b706bd4ab3,"Toshiba MG04ACA200E 2TB HDD 7200RPM 3.5"" SATA",Toshiba,MG04ACA200E,2000GB,,07f25988-b02e-4e11-9451-63b706bd4ab3.json,,2000,"3.5""",,,,,,,SATA 6.0 Gb/s,,,MG04ACA200E,False,HDD,HDD
080c8fbe-1925-4784-84bc-07399909eff5,"Western Digital Ultrastar 8TB HDD 3.5"" SATA",Western Digital,Ultrastar,8000GB,,080c8fbe-1925-4784-84bc-07399909eff5.json,,8000,"3.5""",,,,,,,SATA 6.0 Gb/s,,,HUS728T8TALE6L4 | 0B36404,False,HDD,HDD
080f782f-f4c0-4135-8d56-a8a31a5eedd7,Silicon Power P34A80 512GB SSD M.2-2280 PCIe 3.0 X4 NVME,Silicon Power,P34A80,512GB,,080f782f-f4c0-4135-8d56-a8a31a5eedd7.json,,512,M.2-2280,,,,,,,M.2 PCIe 3.0 x4,,,SU512GBP34A80M28AB,True,SSD,SSD
081ba78f-80bb-4790-b55f-c0529b61bd0f,"Seagate IronWolf 6TB NAS Hard Drive 7200 RPM 256MB Cache SATA 6.0Gb/s CMR 3.5"" Internal HDD for RAID Network Attached Storage ST6000VN0033",Seagate Bare Drives,IronWolf,,2018,081ba78f-80bb-4790-b55f-c0529b61bd0f.json,,6000,"3.5""",B07H1W6214,,,,9SIAJ7WJM66154,,SATA 6.0 Gb/s,,,ST6000VNZ033 | ST6000VN0033,False,HDD,HDD
083402b0-7533-4cff-aa24-6cf293ce345d,Mushkin Tempest 256GB M.2-2280 SSD PCIe 3.0 X4 NVMe,Mushkin,Tempest,256GB,,083402b0-7533-4cff-aa24-6cf293ce345d.json,,256,M.2-2280,B09NLNCSGF,,,,,506983766,M.2 PCIe 3.0 x4,,,MKNSSDTS256GB-D8,True,SSD,SSD
0836497e-fdff-4ab0-9a06-6d260ec4c5fb,"Seagate FireCuda 120 500GB SSD 2.5"" SATA 6.0 Gb/s",Seagate,FireCuda,500GB,,0836497e-fdff-4ab0-9a06-6d260ec4c5fb.json,,500,"2.5""",B088D6VBG6,,,,,851027620,SATA 6.0 Gb/s,,,ZA500GM10001 | ZA500GM1A001,False,SSD,SSD
083a4906-cd4f-4dd4-86f0-95c0072e645f,Crucial P310 2TB M.2 SSD PCIe 4.0 NVMe,Crucial,P310,2000GB,,083a4906-cd4f-4dd4-86f0-95c0072e645f.json,,2000,M.2-2280,B0DKH285B6,6594262,,,N82E16820156413,10677700357,M.2 PCIe 4.0 x4,,,CT2000P310SSD8 | CT2000P310SSD801,True,SSD,SSD
083ee6ef-84bc-4262-ab70-f14df735b423,"Intel DC S3500 800GB SSD 2.5"" SATA",Intel,DC,800GB,,083ee6ef-84bc-4262-ab70-f14df735b423.json,,800,"2.5""",B00DT89YHA,,,,,,SATA 6.0 Gb/s,,,SSDSC2BB800G401,False,SSD,SSD
08838759-69e6-4a2b-9ebc-814a0d3f9875,"Toshiba MG09 512e 16TB 3.5"" HDD 7200RPM SATA",Toshiba,MG09,16000GB,,08838759-69e6-4a2b-9ebc-814a0d3f9875.json,,16000,"3.5""",,,,,N82E16822149827,,SATA 6.0 Gb/s,,,MG09ACA16TE,False,HDD,HDD
088ea9fa-26ac-411b-aa47-f3e0b5102a7c,"Samsung 850 Pro 128GB SSD 2.5"" SATA",Samsung,850,128GB,,088ea9fa-26ac-411b-aa47-f3e0b5102a7c.json,,128,"2.5""",,,,,,,SATA 6.0 Gb/s,,,MZ-7KE128BW,False,SSD,SSD
089ffbb9-3a57-4a1e-b28a-a2c83c2fdfd2,Verbatim Vi3000 512GB SSD M.2-2280 PCIe 3.0 x4 NVMe,Verbatim,Vi3000,512GB,,089ffbb9-3a57-4a1e-b28a-a2c83c2fdfd2.json,,512,M.2-2280,B08L428N6M,,,,,270966418,M.2 PCIe 3.0 x4,,,70872 | 49374,True,SSD,SSD
08afe3bf-c5d3-48af-b80c-eeca545c798a,PNY CS2230 1TB SSD M.2-2280 PCIe 3.0 X4 NVMe,PNY,CS2230,1000GB,,08afe3bf-c5d3-48af-b80c-eeca545c798a.json,,1000,M.2-2280,B0BS1WWDQB,,,,N82E16820177155,3258860957,M.2 PCIe 3.0 x4,,,M280CS2230-1TB-RB,True,SSD,SSD
08c2f2f1-3662-45f6-97be-b65fbdaeedc5,"Western Digital Purple Pro 18TB HDD 7200RPM 3.5"" SATA",Western Digital,Purple,18000GB,,08c2f2f1-3662-45f6-97be-b65fbdaeedc5.json,,18000,"3.5""",B0966TBDRZ,,,,N82E16822234483,426702690,SATA 6.0 Gb/s,,,WD181PURP | WD181PURP-SPB6HY0,False,HDD,HDD
08f4c09c-7b62-44d2-8906-6b73f55f5b34,Crucial P1 2TB M.2-2280 SSD PCIe 3.0 X4 NVMe,Crucial,P1,2000GB,,08f4c09c-7b62-44d2-8906-6b73f55f5b34.json,,2000,M.2-2280,,,,,,,M.2 PCIe 3.0 x4,,,CT2000P1SSD8,True,SSD,SSD
08f9a4fb-d5c3-4e2a-89ca-6b23834c8158,Corsair MP510 480GB SSD M.2 PCIe 3.0 NVMe,Corsair,MP510,480GB,,08f9a4fb-d5c3-4e2a-89ca-6b23834c8158.json,,480,M.2-2280,,,,,,,M.2 PCIe 3.0 x4,,,CSSD-F480GBMP510,True,SSD,SSD
09343361-1be5-431b-8e7c-02b76d6d4384,"Samsung PM893 240 GB SSD 2.5"" SATA 6.0 Gb/s",Samsung,PM893,240GB,,09343361-1be5-431b-8e7c-02b76d6d4384.json,,240,"2.5""",B0B84L22N2,,,,,,SATA 6.0 Gb/s,,,MZ-7L324000,False,SSD,SSD
09482c45-ef34-4f0b-929f-5701cb277a78,Corsair CSSD-F4000GBMP600PHX 4TB SSD M.2-2280 PCIe 4.0 x4 NVMe,Corsair,CSSD-F4000GBMP600PHX,4000GB,,09482c45-ef34-4f0b-929f-5701cb277a78.json,,4000,M.2-2280,,,,,N82E16820236814,,M.2 PCIe 4.0 x4,,,CSSD-F4000GBMP600PHX,True,SSD,SSD
095479df-1638-472e-b83e-52a349c2c58e,ADATA LEGEND 800 GOLD 2TB M.2 SSD PCIe 4.0 NVMe,ADATA,LEGEND,2000GB,,095479df-1638-472e-b83e-52a349c2c58e.json,,2000,M.2-2280,,,,,,,M.2 PCIe 4.0 x4,,,SLEG-800G-2000GCS-S38,True,SSD,SSD
0954aa03-cfab-4df2-ab3b-9b037a502823,Silicon Power A80 256GB M.2 SSD PCIe 3.0 NVMe,Silicon Power,A80,256GB,,0954aa03-cfab-4df2-ab3b-9b037a502823.json,,256,M.2-2280,,,,,,,M.2 PCIe 3.0 x4,,,SP256GBP34A80M28,True,SSD,SSD
0955cd5f-636e-4b28-bd4d-c78d046f2235,XOC G300 512GB SSD M.2-2280 PCIe 3.0 X4 NVMe,XOC,G300,512GB,,0955cd5f-636e-4b28-bd4d-c78d046f2235.json,,512,M.2-2280,B0CYJVN2BB,,,,,,M.2 PCIe 3.0 x4,,,XC512GG300,True,SSD,SSD
0959c7d8-d4bc-4d64-983f-9e45ed701cd5,"Toshiba MG09 512e 14TB HDD 3.5"" 7200RPM SATA 6.0 Gb/s",Toshiba,MG09,14000GB,,0959c7d8-d4bc-4d64-983f-9e45ed701cd5.json,,14000,"3.5""",,,,,,,SATA 6.0 Gb/s,,,MG09ACA14TE,False,HDD,HDD
095d9282-963d-4570-bfbf-d9df8fcc2176,Silicon Power US70 2TB M.2-2280 SSD PCIe 4.0 x4 NVMe,Silicon Power,US70,2000GB,,095d9282-963d-4570-bfbf-d9df8fcc2176.json,,2000,M.2-2280,,,,,,,M.2 PCIe 4.0 x4,,,SP02KGBP44US7005,True,SSD,SSD
09668674-3d72-444b-9010-d2cb6f29bab5,"Toshiba N300 10TB 3.5"" HDD SATA",Toshiba,N300,10000GB,,09668674-3d72-444b-9010-d2cb6f29bab5.json,,10000,"3.5""",,,,,,,SATA 6.0 Gb/s,,,HDWG11AUZSVA,False,HDD,HDD
09717340-e3d0-4e89-a347-a9cbe9bd59e8,KIOXIA BG4 512GB SSD M.2-2230 PCIe 3.0 NVMe,KIOXIA,BG4,512GB,,09717340-e3d0-4e89-a347-a9cbe9bd59e8.json,,512,M.2-2230,B0B9NTRGGF,,,,,,M.2 PCIe 3.0 x4,,,KBG40ZNS512G,True,SSD,SSD
097f4884-ad64-4c84-bec3-f81f83116e6b,"Seagate FireCuda Compute 2TB Hybrid 2.5"" 5400 RPM SATA",Seagate,FireCuda,2000GB,,097f4884-ad64-4c84-bec3-f81f83116e6b.json,,2000,"2.5""",,,,,,,SATA 6.0 Gb/s,,,ST2000LXZ01 | LX001,False,SSHD,SSHD
099130f7-74da-4e59-99fb-e159bcfa52b9,Crucial MX200 500GB SSD M.2-2260 SATA,Crucial,MX200,500GB,,099130f7-74da-4e59-99fb-e159bcfa52b9.json,,500,M.2-2260,B00RZ6GZYM,,,,,,M.2 SATA,,,CT500MX200SSD6,False,SSD,SSD
09a28211-98c1-47b6-8f84-c95ca8c8a85f,"OCZ Colossus 1TB SSD 3.5"" SATA",OCZ,Colossus,1000GB,,09a28211-98c1-47b6-8f84-c95ca8c8a85f.json,,1000,"3.5""",,,,,,,SATA 3.0 Gb/s,,,OCZSSD2-1CLS1T,False,SSD,SSD
09afa45b-19e7-41d2-9b4b-a7ef7096c98b,Gigabyte Gen3 2500E 1TB SSD M.2-2280 PCIe 3.0 X4 NVMe,Gigabyte,Gen3,1000GB,,09afa45b-19e7-41d2-9b4b-a7ef7096c98b.json,,1000,M.2-2280,B0BHM59TQB,,,,N82E16820009041,,M.2 PCIe 3.0 x4,,,G325E1TB,True,SSD,SSD
09ded92e-83b6-4347-aea6-1a0d8173553d,"Toshiba X300 8TB HDD 7200RPM 3.5"" SATA 6.0 Gb/s",Toshiba,X300,8000GB,,09ded92e-83b6-4347-aea6-1a0d8173553d.json,,8000,"3.5""",,,,,,,SATA 6.0 Gb/s,,,HDWR180XZSTA,False,HDD,HDD
09eb05ad-4a32-4044-b8f5-a90028d7f088,Fantom Drives VENOM7 1TB M.2-2280 SSD PCIe 4.0 x4 NVMe,Fantom Drives,VENOM7,1000GB,,09eb05ad-4a32-4044-b8f5-a90028d7f088.json,,1000,M.2-2280,B0CMJQCRRK,,,,,,M.2 PCIe 4.0 x4,,,VM7X10,True,SSD,SSD
0a258b1a-f049-4813-a19d-c1aeaba1a043,Western Digital Blue SN550 500GB SSD M.2 PCIe 3.0 NVMe,Western Digital,Blue,500GB,,0a258b1a-f049-4813-a19d-c1aeaba1a043.json,,500,M.2-2280,B07YFF3JCN,,,,9SIAH8WK6B9636,750148326,M.2 PCIe 3.0 x4,,,WDS500G2B0C,True,SSD,SSD
0a3d9e21-3058-4221-87e8-5e690a2502ca,"Seagate IronWolf Pro 14TB 3.5"" HDD 7200RPM SATA",Seagate,IronWolf,14000GB,,0a3d9e21-3058-4221-87e8-5e690a2502ca.json,,14000,"3.5""",B07H7CKYGT,,,,,572412775,SATA 6.0 Gb/s,,,ST14000NE0008,False,HDD,HDD
0a5dd074-d307-48d7-94dc-60458d6f1577,"Seagate 1200 800GB SSD 2.5"" SAS 12.0 Gb/s",Seagate,1200,800GB,,0a5dd074-d307-48d7-94dc-60458d6f1577.json,,800,"2.5""",B00GAIWJMI,,,,,,SAS 12.0 Gb/s,,,ST800FM0063 | ST800FM0053,False,SSD,SSD
0a60bddc-4201-4508-8390-2e842a2a4382,SanDisk Extreme 1TB SSD M.2 PCIe 4.0 NVMe,SanDisk,Extreme,1000GB,,0a60bddc-4201-4508-8390-2e842a2a4382.json,,1000,M.2-2280,B0CN1M7X89,6567640,,,,5218351810,M.2 PCIe 4.0 x4,,,SDSSDX3N-1T00-G26,True,SSD,SSD
0a9a44f1-23e7-4218-96d4-330adca38b6d,"Intel D3-S4610 3TB SSD 2.5"" SATA",Intel,D3-S4610,3000GB,,0a9a44f1-23e7-4218-96d4-330adca38b6d.json,,3000,"2.5""",,,,,,,SATA 6.0 Gb/s,,,SSDSC2KG038T801,False,SSD,SSD
0aa44d8a-090b-49ed-860d-c3de0080e2ec,"Toshiba HDKCC00 500GB 2.5"" HDD 7200RPM SATA",Toshiba,HDKCC00,500GB,,0aa44d8a-090b-49ed-860d-c3de0080e2ec.json,,500,"2.5""",B00G2I1B16,,,,,36320025,SATA 6.0 Gb/s,,,HDKCC00,False,HDD,HDD
0aab8a9f-b914-4c17-93d6-2cd9d3504645,"TEAMGROUP T-Force Vulcan Z 512GB SSD 2.5"" SATA",TEAMGROUP,T-Force,512GB,,0aab8a9f-b914-4c17-93d6-2cd9d3504645.json,,512,"2.5""",B0B6ZC5MS3,,,,N82E16820331863,1766446868,SATA 6.0 Gb/s,,,T253TZ512G0C101,False,SSD,SSD
0adcc842-b04f-4ff0-a66c-34663e39b017,"Seagate IronWolf NAS 3TB HDD 3.5"" 5400RPM SATA",Seagate,IronWolf,3000GB,,0adcc842-b04f-4ff0-a66c-34663e39b017.json,,3000,"3.5""",B09RN24DJR,,,,,1710627018,SATA 6.0 Gb/s,,,ST3000VN006,False,HDD,HDD
0ae32855-b954-45d0-97d7-4147f11f7799,Seagate FireCuda 530R 1TB SSD M.2-2280 PCIe 4.0 X4 NVMe,Seagate,FireCuda,1000GB,,0ae32855-b954-45d0-97d7-4147f11f7799.json,,1000,M.2-2280,B0CWHF1QYB,6581747,,,N82E16820248256,5712895451,M.2 PCIe 4.0 x4,,,ZP1000GM3A063 | 763649183083,True,SSD,SSD
0aef9645-2a53-4737-8d9f-df790c7deb32,"Western Digital Red 4TB HDD 5400 RPM 3.5"" SATA",Western Digital,Red,4000GB,,0aef9645-2a53-4737-8d9f-df790c7deb32.json,,4000,"3.5""",,,,,,,SATA 6.0 Gb/s,,,WD40EFRX,False,HDD,HDD
0af25141-9ad8-443b-a69e-40efa2f8bd89,"Western Digital Blue 500GB HDD 3.5"" 7200RPM SATA",Western Digital,Blue,500GB,,0af25141-9ad8-443b-a69e-40efa2f8bd89.json,,500,"3.5""",B00B1LW3W0,,,,N82E16822236811,47918726,SATA 6.0 Gb/s,,,WD5000AZLX,False,HDD,HDD
0af4c2f8-fa62-4bd1-93c3-3eca1ef89765,"Western Digital Scorpio Blue 750 GB HDD 5400RPM 2.5"" SATA",Western Digital,Scorpio,750GB,,0af4c2f8-fa62-4bd1-93c3-3eca1ef89765.json,,750,"2.5""",B003D18DM0,,,,,,SATA 3.0 Gb/s,,,WD7500BPVT,False,HDD,HDD
0af8c29a-6b52-46c8-9f3d-c281e9edeec1,"Samsung Spinpoint M8 500GB Internal HDD 5400RPM 2.5"" SATA 3.0 Gb/s",Samsung,Spinpoint,500GB,,0af8c29a-6b52-46c8-9f3d-c281e9edeec1.json,,500,"2.5""",,,,,,,SATA 3.0 Gb/s,,,ST500LM012,False,HDD,HDD
0b031b85-9709-49e9-8f74-cf4b9bb8c3ca,"Western Digital Ultrastar DC HC550 14TB Internal HDD 7200RPM 3.5"" SATA 6.0 Gb/s",Western Digital,Ultrastar,14000GB,,0b031b85-9709-49e9-8f74-cf4b9bb8c3ca.json,512,14000,"3.5""",B0CM28PVJY,,,,,1307057490,SATA 6.0 Gb/s,,,0F38581,False,HDD,HDD
0b218463-6ccc-4650-bfd1-b37e051eb199,"Kingston UV500B 960GB SSD 2.5"" SATA 6.0 Gb/s",Kingston,UV500B,960GB,,0b218463-6ccc-4650-bfd1-b37e051eb199.json,,960,"2.5""",,,,,,,SATA 6.0 Gb/s,,,SUV500B | 960G,False,SSD,SSD
0b25aba1-a86c-48bb-a4dd-82032510cb83,"Seagate Surveillance 2TB HDD 3.5"" 5900RPM SATA",Seagate,Surveillance,2000GB,,0b25aba1-a86c-48bb-a4dd-82032510cb83.json,,2000,"3.5""",,,,,,,SATA 6.0 Gb/s,,,ST2000VX005,False,HDD,HDD
0b2ddbb3-a92e-4269-add4-f596257639d4,"Transcend TS16GSSD500 16 GB SSD 2.5"" SATA 3.0 Gb/s",Transcend,TS16GSSD500,16GB,,0b2ddbb3-a92e-4269-add4-f596257639d4.json,,16,"2.5""",,,,,,,SATA 3.0 Gb/s,,,TS16GSSD500,False,SSD,SSD
0b3877a0-461b-4fa9-b090-417d8eee2c9f,Sabrent Rocket 1TB SSD M.2-2280 PCIe 3.0 X4 NVMe,Sabrent,Rocket,1000GB,,0b3877a0-461b-4fa9-b090-417d8eee2c9f.json,,1000,M.2-2280,B07LGF54XR,,,,9SIBK19JMJ3562,487626765,M.2 PCIe 3.0 x4,,,SB-ROCKET-1TB,True,SSD,SSD
0b4ff01f-2feb-4d34-b428-215866deb59e,"Seagate Exos X24 24TB HDD 7200RPM 3.5"" SAS 12.0 Gb/s",Seagate,Exos,24000GB,,0b4ff01f-2feb-4d34-b428-215866deb59e.json,,24000,"3.5""",B0CT1JRLVJ,,,,1Z4-002P-02K47,5176340553,SAS 12.0 Gb/s,,,ST24000NM007H,False,HDD,HDD
0b5931d6-d7c1-4990-819b-e02649ca463d,"Silicon Power SU128GBSS3A55S25AE 128GB SSD 2.5"" SATA 6.0 Gb/s",Silicon Power,SU128GBSS3A55S25AE,128GB,,0b5931d6-d7c1-4990-819b-e02649ca463d.json,,128,"2.5""",B075R4VXTN,,,,N82E16820301368,2191252670,SATA 6.0 Gb/s,,,SU128GBSS3A55S25AE | SP128GBSS3A55S25,False,SSD,SSD
0b6d01c0-09cc-4647-945c-9f936c0a7b1c,"Samsung 850 Pro 256GB SSD 2.5"" SATA 6.0 Gb/s",Samsung,850,256GB,,0b6d01c0-09cc-4647-945c-9f936c0a7b1c.json,,256,"2.5""",B00LMXBOP4,,,,,,SATA 6.0 Gb/s,,,MZ-7KE256BW | BPSCS27759-MZ-7KE256BW,False,SSD,SSD
0b84d54d-eb73-4139-8b4d-4da67af99dd8,Patriot Viper PV553 2TB SSD M.2-2280 PCIe 5.0 x4 NVMe,Patriot,Viper,2000GB,,0b84d54d-eb73-4139-8b4d-4da67af99dd8.json,,2000,M.2-2280,B0D362RMS5,,,,,,M.2 PCIe 5.0 x4,,,PV553P2TBM28H | S9174366,True,SSD,SSD
0bbf94b7-d137-4b09-a07c-b486612ccb3e,"Seagate BarraCuda Pro 4TB 3.5"" HDD 7200RPM SATA 6.0 Gb/s",Seagate,BarraCuda,4000GB,,0bbf94b7-d137-4b09-a07c-b486612ccb3e.json,,4000,"3.5""",,,,,,,SATA 6.0 Gb/s,,,ST4000DM006,False,HDD,HDD
0bd31f89-46f3-487c-83d4-878518c4455a,Crucial P3 Plus 1TB SSD M.2-2280 PCIe 4.0 x4 NVMe,Crucial,P3 Plus,1000GB,2022,0bd31f89-46f3-487c-83d4-878518c4455a.json,,1000,M.2-2280,B0B25NXWC7,6509715,28479,https://www.crucial.in/ssd/p3-plus/ct1000p3pssd8,N82E16820156300,1925076412,M.2 PCIe 4.0 x4,,2026-03-22T16:57:23.816Z,CT1000P3PSSD8,True,SSD,
0be229e3-e110-43d8-86b2-607d5e8f58a2,"Western Digital RE4 2TB HDD 3.5"" 7200RPM SATA",Western Digital,RE4,2000GB,,0be229e3-e110-43d8-86b2-607d5e8f58a2.json,,2000,"3.5""",,,,,,,SATA 3.0 Gb/s,,,WD2003FYYS-02W0B0,False,HDD,HDD
0bf0ed44-eb3c-4676-bfe5-362e0d3ffb14,"Seagate BarraCuda 1TB 3.5"" HDD 7200RPM SATA Internal",Seagate,BarraCuda,1000GB,,0bf0ed44-eb3c-4676-bfe5-362e0d3ffb14.json,,1000,"3.5""",,,,,,,SATA 6.0 Gb/s,,,ST31000333AS,False,HDD,HDD
0c0215f8-f3be-470f-84af-684c9016b682,Inland Premium 1TB SSD M.2 NVMe,Inland,Premium,1000GB,,0c0215f8-f3be-470f-84af-684c9016b682.json,,1000,M.2-2280,,,,,,,M.2 PCIe 3.0 x4,,,1TB NVME PREMIU,True,SSD,SSD
0c06fed4-2536-4302-aaa2-2e7d162c7d37,Crucial P1 1TB SSD M.2-2280 PCIe 3.0 x4 NVMe,Crucial,P1,1000GB,,0c06fed4-2536-4302-aaa2-2e7d162c7d37.json,,1000,M.2-2280,B07J2Q4SWZ,,,,9SIA8TKHG54944,823260836,M.2 PCIe 3.0 x4,,,CT1000P1SSD8,True,SSD,SSD
0c0ce200-1b37-4908-840b-0d53916cb791,PNY XLR8 CS3040 4TB SSD M.2-2280 PCIe 4.0 x4 NVMe,PNY,XLR8,4000GB,,0c0ce200-1b37-4908-840b-0d53916cb791.json,,4000,M.2-2280,B08TRN15K5,,,,,312894141,M.2 PCIe 4.0 x4,,,M280CS3040-4TB-RB | CS3040,True,SSD,SSD
0c331b53-9ccf-4744-8668-a60be262efe8,ADATA XPG GAMMIX S7 1TB M.2 SSD PCIe 3.0 NVMe,ADATA,XPG,1000GB,,0c331b53-9ccf-4744-8668-a60be262efe8.json,,1000,M.2-2280,,,,,,,M.2 PCIe 3.0 x4,,,AGAMMIXS7-1TT-C,True,SSD,SSD
0c37adf9-3ca8-4c1b-a8ef-e8a2893579e3,"Western Digital Blue 750GB 2.5"" HDD 5400RPM SATA",Western Digital,Blue,750GB,,0c37adf9-3ca8-4c1b-a8ef-e8a2893579e3.json,,750,"2.5""",,,,,,,SATA 6.0 Gb/s,,,WD7500BPVX,False,HDD,HDD
0c3af185-6a06-41ec-b730-234b1f43d559,"Western Digital WD Blue 8TB 3.5"" HDD 5640RPM SATA 6.0 Gb/s",Western Digital,WD,8000GB,,0c3af185-6a06-41ec-b730-234b1f43d559.json,,8000,"3.5""",B0CMQ8XBBR,6584860,,,1Z4-0002-01NP8,5301954104,SATA 6.0 Gb/s,,,WD80EAAZ | 718037898346,False,HDD,HDD
0c5a8cd6-0dd5-406c-b725-849e0a73ed2f,KingSpec XG7000 4TB SSD M.2-2280 PCIe 4.0 x4 NVMe,KingSpec,XG7000,4000GB,,0c5a8cd6-0dd5-406c-b725-849e0a73ed2f.json,,4000,M.2-2280,B0C58GTGPM,,,,0D9-000D-00175,,M.2 PCIe 4.0 x4,,,XG 7000-4TB | XG7000-4TB,True,SSD,SSD
0c61d426-8d4e-4404-98c0-d1d8145e4341,"PNY Prevail 240GB SSD 2.5"" SATA 6.0 Gb/s",PNY,Prevail,240GB,,0c61d426-8d4e-4404-98c0-d1d8145e4341.json,,240,"2.5""",B007ILEAD2,,,,,,SATA 6.0 Gb/s,,,SSD9SC240GEDE-PB,False,SSD,SSD
0c6d17ed-2f57-4d6a-beb7-9415dd24d398,Lexar Professional NM800PRO 1TB SSD M.2 PCIe 4.0 NVMe w/Heatsink,Lexar,Professional,1000GB,,0c6d17ed-2f57-4d6a-beb7-9415dd24d398.json,,1000,M.2-2280,B0B7KPVGMN,,,,,,M.2 PCIe 4.0 x4,,,LNM800P001T-RN8NG,True,SSD,SSD
0c712287-8af6-4e96-a18a-0de740f174fa,Western Digital SN530 512GB SSD M.2-2280 PCIe 3.0 NVMe,Western Digital,SN530,512GB,,0c712287-8af6-4e96-a18a-0de740f174fa.json,,512,M.2-2280,B09X2QL5SP,,,,,,M.2 PCIe 3.0 x4,,,SDBPNPZ-512G,True,SSD,SSD
0c832d38-af50-4ea4-96d7-4c4eafa8e690,"TEAMGROUP T-Force Vulcan G 512GB SSD 2.5"" SATA",TEAMGROUP,T-Force,512GB,,0c832d38-af50-4ea4-96d7-4c4eafa8e690.json,,512,"2.5""",,,,,,,SATA 6.0 Gb/s,,,T253TG512G3C301,False,SSD,SSD
0c8b8995-cbae-4229-b356-14ec3776a1c2,TEAMGROUP T-Create Expert 1TB SSD M.2-2280 PCIe 3.0 X4 NVMe,TEAMGROUP,T-Create,1000GB,,0c8b8995-cbae-4229-b356-14ec3776a1c2.json,,1000,M.2-2280,,,,,,,M.2 PCIe 3.0 x4,,,TM8FPF001T0C711,True,SSD,SSD
0c9c6e4e-2a32-4e2d-849a-2fe55ec42c8a,Netac NV3000 250 GB SSD M.2-2280 PCIe 3.0 x4 NVMe,Netac,NV3000,250GB,,0c9c6e4e-2a32-4e2d-849a-2fe55ec42c8a.json,,250,M.2-2280,,,,,,,M.2 PCIe 3.0 x4,,,NT01NV3000-250-E4X,True,SSD,SSD
0c9f0982-b9f0-48cd-8c3f-b33865cfe2ad,"SAMSUNG 970 EVO PLUS M.2 2280 1TB PCIe Gen 3.0 x4, NVMe 1.3 V-NAND Internal Solid State Drive (SSD) MZ-V7S1T0B/AM",Samsung,970 EVO PLUS,,2019,0c9f0982-b9f0-48cd-8c3f-b33865cfe2ad.json,,1000,M.2-2280,B07MFZY2F2,6324470,,,N82E16820147743,631459676,M.2 PCIe 3.0 x4,,,MZ-V7S1T0B/AM,True,SSD,SSD
0cfb430e-0d16-47c1-b09a-373293b84f6c,"Western Digital WD_BLACK 1TB HDD 3.5"" 7200RPM SATA",Western Digital,WD_BLACK,1000GB,,0cfb430e-0d16-47c1-b09a-373293b84f6c.json,,1000,"3.5""",B071VKGPZ7,,,,N82E16822236625,,SATA 6.0 Gb/s,,,WD1003FZEX | 8541580783 | 741587311386,False,HDD,HDD
0cfc2bdf-aabd-49de-ad61-31f00cafacd9,"Transcend SSD230S 128GB 2.5"" SSD SATA 6.0 Gb/s",Transcend,SSD230S,128GB,,0cfc2bdf-aabd-49de-ad61-31f00cafacd9.json,,128,"2.5""",B01M3R9JJG,,,,,494430003,SATA 6.0 Gb/s,,,TS128GSSD230S,False,SSD,SSD
0d032e64-27d9-4f6b-bc53-a6bd8fc59d8d,"Western Digital WD Blue 2TB 3.5"" HDD 5400RPM SATA 6.0 Gb/s",Western Digital,WD,2000GB,,0d032e64-27d9-4f6b-bc53-a6bd8fc59d8d.json,,2000,"3.5""",B0C4X1JLD4,,,,N82E16822234547,2296770896,SATA 6.0 Gb/s,,,WD20EARZ | WD20EARZ-SPC5XB0,False,HDD,HDD
0d04ee84-2baf-4b4d-b88e-43e11d701d90,Rocket Q NVMe SSD,Sabrent,Rocket Q,1TB M.2 2280 PCIe 3.0 NVMe QLC SSD,2021,0d04ee84-2baf-4b4d-b88e-43e11d701d90.json,,1024,M.2-2280,B07ZZYWTBP,,,,9SIBK19JMR1914,913929482,M.2 PCIe 3.0 x4,,,SB-RKTQ-1TB,True,SSD,SSD
0d1f6ac7-7a49-43c6-8fa3-51ce4b0b5bdd,"Samsung 840 Pro 64GB SSD 2.5"" SATA 6.0 Gb/s",Samsung,840,64GB,,0d1f6ac7-7a49-43c6-8fa3-51ce4b0b5bdd.json,,64,"2.5""",,,,,,,SATA 6.0 Gb/s,,,MZ-7PD064BW,False,SSD,SSD
0d5b9474-fa45-44f6-9baf-c68bd3727432,"Crucial BX300 480GB SSD 2.5"" SATA",Crucial,BX300,480GB,,0d5b9474-fa45-44f6-9baf-c68bd3727432.json,,480,"2.5""",B073W4N5KB,,,,,417038016,SATA 6.0 Gb/s,,,CT480BX300SSD1,False,SSD,SSD
0d974a8e-b471-47e6-81fa-fab8c122d7f1,"Western Digital Red Plus 3TB 3.5"" HDD SATA",Western Digital,Red,3000GB,,0d974a8e-b471-47e6-81fa-fab8c122d7f1.json,,3000,"3.5""",B0BDXQZTTV,,,,N82E16822234532,2075852418,SATA 6.0 Gb/s,,,WD30EFPX,False,HDD,HDD
0d980765-22e5-45b1-bc5f-e21b15dd6772,TEAMGROUP T-Force GE PRO AirFlow 1TB SSD M.2-2280 PCIe 5.0 NVMe,TEAMGROUP,T-Force,1000GB,,0d980765-22e5-45b1-bc5f-e21b15dd6772.json,,1000,M.2-2280,,,,,,,M.2 PCIe 5.0 x4,,,TM8FG3001T0C133,True,SSD,SSD
0da0c94e-c6e1-4bcc-bbb1-268a8807e110,"Seagate IronWolf NAS 8TB 3.5"" Internal HDD 7200RPM SATA",Seagate,IronWolf,8000GB,,0da0c94e-c6e1-4bcc-bbb1-268a8807e110.json,,8000,"3.5""",B0BXGGD69P,,,,,2363004894,SATA 6.0 Gb/s,,,ST8000VN002,False,HDD,HDD
0da4be18-1188-4a6a-ba7c-8694ff9ac6f7,"Seagate Surveillance 6TB 3.5"" HDD 5400RPM SATA Internal",Seagate,Surveillance,6000GB,,0da4be18-1188-4a6a-ba7c-8694ff9ac6f7.json,,6000,"3.5""",,,,,,,SATA 6.0 Gb/s,,,ST6000VX0001,False,HDD,HDD
0daf07a0-ef05-42de-b1af-7a5abd98b202,"Silicon Power A58 512 GB 2.5"" SSD SATA 6.0 Gb/s",Silicon Power,A58,512GB,,0daf07a0-ef05-42de-b1af-7a5abd98b202.json,,512,"2.5""",,,,,,,SATA 6.0 Gb/s,,,SU512GBSS3A58A25CA,False,SSD,SSD
0df971e2-320b-4c7f-b6b5-f7731e3fdcd0,"TEAMGROUP T-Force Delta Max RGB 1TB SSD 2.5"" SATA",TEAMGROUP,T-Force,1000GB,,0df971e2-320b-4c7f-b6b5-f7731e3fdcd0.json,,1000,"2.5""",,,,,,,SATA 6.0 Gb/s,,,T253TM001T3C302,False,SSD,SSD
0e070db2-9b0f-4f21-b2cf-0ce341602ed2,"Seagate BarraCuda 1TB 2.5"" HDD 5400RPM SATA 6.0 Gb/s",Seagate,BarraCuda,1000GB,,0e070db2-9b0f-4f21-b2cf-0ce341602ed2.json,,1000,"2.5""",B01LYNQXCP,,,,9SIA4P0K6Y4532,162058182,SATA 6.0 Gb/s,,,ST1000LM048,False,HDD,HDD
0e0fc280-d095-4b64-a1f3-3cb61c793473,Mushkin Pilot-E 2TB SSD M.2-2280 PCIe 3.0 X4 NVMe,Mushkin,Pilot-E,2000GB,,0e0fc280-d095-4b64-a1f3-3cb61c793473.json,,2000,M.2-2280,,,,,,,M.2 PCIe 3.0 x4,,,MKNSSDPE2TB-D8,True,SSD,SSD
0e23737a-43c9-43ea-92f8-f66cb01799f8,Corsair MP600 CORE 2TB SSD M.2-2280 PCIe 4.0 X4 NVMe,Corsair,MP600,2000GB,,0e23737a-43c9-43ea-92f8-f66cb01799f8.json,,2000,M.2-2280,B08TB1D2WC,,,,,341220830,M.2 PCIe 4.0 x4,,,CSSD-F2000GBMP600COR,True,SSD,SSD
0e408dd0-d000-4ee3-850b-fc82e8606722,ADATA XPG GAMMIX S11 Pro 256GB SSD M.2-2280 PCIe 3.0 X4 NVMe,ADATA,XPG,256GB,,0e408dd0-d000-4ee3-850b-fc82e8606722.json,,256,M.2-2280,,,,,,,M.2 PCIe 3.0 x4,,,AGAMMIXS11P-256GT-C,True,SSD,SSD
0e50a6d5-7ab1-4665-ad03-9bcfb9e5cee0,"Western Digital Caviar Green 1TB HDD 3.5"" SATA",Western Digital,Caviar,1000GB,,0e50a6d5-7ab1-4665-ad03-9bcfb9e5cee0.json,,1000,"3.5""",,,,,,,SATA 3.0 Gb/s,,,WD10EARS,False,HDD,HDD
0e9029ec-dc73-4882-8cba-15e6ee2f97df,"Seagate Nytro Enterprise 15.36TB SSD 2.5"" SAS 12.0 Gb/s",Seagate,Nytro,15000GB,,0e9029ec-dc73-4882-8cba-15e6ee2f97df.json,,15000,"2.5""",B0B8NVZ7TF,,,,9SIA5EMK889343,,SAS 12.0 Gb/s,,,XS15360SE70103 | XS15360SE70045,False,SSD,SSD
0e9dee57-3b86-4f5c-9633-e9d653c1dc13,"TEAMGROUP T-Force Vulcan Z 2TB SSD 2.5"" SATA 6.0 Gb/s",TEAMGROUP,T-Force,2000GB,,0e9dee57-3b86-4f5c-9633-e9d653c1dc13.json,,2000,"2.5""",B09WMSVHD4,,,,N82E16820331861,1652324421,SATA 6.0 Gb/s,,,T253TZ002T0C101,False,SSD,SSD
0ea4b12d-c349-4909-b939-0d7553d14653,Transcend 220S 256GB SSD M.2-2280 PCIe 3.0 x4 NVMe,Transcend,220S,256GB,,0ea4b12d-c349-4909-b939-0d7553d14653.json,,256,M.2-2280,B07MTTX7DK,,,,,456944856,M.2 PCIe 3.0 x4,,,TS256GMTE220S,True,SSD,SSD
0ea7b977-e8e9-4968-a95e-ff60ecb487ed,"Seagate ST4000NC001 4TB HDD 3.5"" 5900RPM SATA 6.0 Gb/s",Seagate,ST4000NC001,4000GB,,0ea7b977-e8e9-4968-a95e-ff60ecb487ed.json,,4000,"3.5""",B00E262AHO,,,,,30872113,SATA 6.0 Gb/s,,,ST4000NC001,False,HDD,HDD
0ec23fa2-01ad-4ff5-a4b8-90d410c07764,"Toshiba MG03SCA 3TB HDD 3.5"" 7200RPM SATA",Toshiba,MG03SCA,3000GB,,0ec23fa2-01ad-4ff5-a4b8-90d410c07764.json,,3000,"3.5""",,,,,,,SATA 6.0 Gb/s,,,MG03SCA300,False,HDD,HDD
0ec9cfe3-2e1b-4073-be66-cc5247b0229c,Lenovo OPAL2 512GB M.2-2280 SSD PCIe 4.0 NVMe,Lenovo,OPAL2,512GB,,0ec9cfe3-2e1b-4073-be66-cc5247b0229c.json,,512,M.2-2280,B0966T3RMS,,,,,814173147,M.2 PCIe 4.0 x4,,,4XB1D04756,True,SSD,SSD
0eee8dc7-1f55-4c87-a824-5991cf2f6c92,Samsung 850 Evo 250GB M.2-2280 SSD SATA,Samsung,850,250GB,,0eee8dc7-1f55-4c87-a824-5991cf2f6c92.json,,250,M.2-2280,,,,,,,M.2 SATA,,,MZ-N5E250BW,False,SSD,SSD
0f223a76-614c-4647-9f07-db8872905014,Klevv CRAS C910 500GB SSD M.2-2280 PCIe 4.0 x4 NVMe,Klevv,CRAS,500GB,,0f223a76-614c-4647-9f07-db8872905014.json,,500,M.2-2280,B0CBSQTY68,,,,,,M.2 PCIe 4.0 x4,,,K500GM2SP0-C91 | C910,True,SSD,SSD
0f2e5d9d-8cc2-476a-ab59-f6cce70779d0,MSI SPATIUM M560 2TB SSD M.2-2280 PCIe 5.0 x4 NVMe,MSI,SPATIUM,2000GB,,0f2e5d9d-8cc2-476a-ab59-f6cce70779d0.json,,2000,M.2-2280,,,,,,,M.2 PCIe 5.0 x4,,,SM560N2TB,True,SSD,SSD
0f2f526d-ef3c-46e3-a102-188670956a49,"Toshiba N300 8TB HDD 3.5"" 7200RPM SATA",Toshiba,N300,8000GB,,0f2f526d-ef3c-46e3-a102-188670956a49.json,,8000,"3.5""",B09B43F68X,,,,,,SATA 6.0 Gb/s,,,HDWG480UZSVA,False,HDD,HDD
0f30233c-e6f8-4c04-93f1-851ca3fd6915,"TEAMGROUP EX2 512GB SSD 2.5"" SATA 6.0 Gb/s",TEAMGROUP,EX2,512GB,,0f30233c-e6f8-4c04-93f1-851ca3fd6915.json,,512,"2.5""",B08CDMPHHJ,,,,N82E16820331540,664876357,SATA 6.0 Gb/s,,,T253E2512G0C101,False,SSD,SSD
0f70c65e-b63e-424f-b7c4-6cf758f9cc59,Inland TN325 512GB M.2-2242 SSD PCIe 3.0 X4 NVMe,Inland,TN325,512GB,,0f70c65e-b63e-424f-b7c4-6cf758f9cc59.json,,512,M.2-2242,B0C9F1MT49,,,,,,M.2 PCIe 3.0 x4,,,512GB TN325 | TN325,True,SSD,SSD
0f966ff2-05bd-43f8-8482-929e79f2ae62,"Micron 5200 Pro 1.92 TB 2.5"" SSD SATA 6.0 Gb/s",Micron,5200,1000GB,,0f966ff2-05bd-43f8-8482-929e79f2ae62.json,,1000,"2.5""",,,,,,,SATA 6.0 Gb/s,,,MTFDDAK1T9TDD1AT1ZAB,False,SSD,SSD
0f9a8851-0e61-445f-92ea-1111db145a72,"Corsair Force GT 480 GB 2.5"" SSD SATA 6.0 Gb/s",Corsair,Force,480GB,,0f9a8851-0e61-445f-92ea-1111db145a72.json,,480,"2.5""",,,,,,,SATA 6.0 Gb/s,,,CSSD-F480GBGT-BK,False,SSD,SSD
0fa79ca5-4cfd-4f2b-836e-94aa6e1e8fe1,TEAMGROUP MP44 4TB M.2-2280 SSD PCIe 4.0 x4 NVMe,TEAMGROUP,MP44,4000GB,,0fa79ca5-4cfd-4f2b-836e-94aa6e1e8fe1.json,,4000,M.2-2280,B0C4KQ9N79,,,,N82E16820985038,3579290419,M.2 PCIe 4.0 x4,,,TM8FPW004T0C101,True,SSD,SSD
0fa86b16-be28-4737-a8ad-9c69345a3bab,"OCZ Vertex 3 120GB SSD 2.5"" SATA",OCZ,Vertex,120GB,,0fa86b16-be28-4737-a8ad-9c69345a3bab.json,,120,"2.5""",B004Q81CKY,,,,,,SATA 6.0 Gb/s,,,VTX3-25SAT3-120G,False,SSD,SSD
0fb60171-8c7f-4196-ae98-73a970459abd,Western Digital Blue SN550 2TB SSD M.2 PCIe 3.0 X4 NVMe,Western Digital,Blue,2000GB,,0fb60171-8c7f-4196-ae98-73a970459abd.json,,2000,M.2-2280,,,,,,,M.2 PCIe 3.0 x4,,,WDBA3V0020BNC-WRSN,True,SSD,SSD
0fc4fefc-da35-400e-8fa4-96239f24f797,"Patriot Burst Elite 480 GB SSD 2.5"" SATA 6.0 Gb/s",Patriot,Burst,480GB,,0fc4fefc-da35-400e-8fa4-96239f24f797.json,,480,"2.5""",B08LKGMLMF,,,,N82E16820225263,784654891,SATA 6.0 Gb/s,,,PBE480GS25SSDR,False,SSD,SSD
0fd9b936-7937-46fb-850b-cb1ffaa1b6f0,Western Digital Black SN750 Rev2 500GB M.2 SSD PCIe 3.0 NVMe,Western Digital,Black,500GB,,0fd9b936-7937-46fb-850b-cb1ffaa1b6f0.json,,500,M.2-2280,,,,,,,M.2 PCIe 3.0 x4,,,WDBRPG5000ANC-WRSN,True,SSD,SSD
0fe1d17d-29bb-40d3-a360-e92ba8093e8a,"Hitachi Travelstar Z7K500 500 GB HDD 7200RPM 2.5"" SATA 6.0 Gb/s",Hitachi,Travelstar,500GB,,0fe1d17d-29bb-40d3-a360-e92ba8093e8a.json,,500,"2.5""",,,,,,,SATA 6.0 Gb/s,,,HTS725050A7E630,False,HDD,HDD
0ff732f3-f5a4-4992-b6d2-3c42aea36e7d,"Toshiba X300 4TB HDD 3.5"" 7200RPM SATA",Toshiba,X300,4000GB,,0ff732f3-f5a4-4992-b6d2-3c42aea36e7d.json,,4000,"3.5""",B013JPKUU2,,,,9SIAH8WK979089,48151458,SATA 6.0 Gb/s,,,HDWE140XZSTA,False,HDD,HDD
0ffc0515-6fe2-4b93-90ab-1f21c9cf5be3,Silicon Power P34A80 1TB SSD M.2-2280 NVMe,Silicon Power,P34A80,1000GB,,0ffc0515-6fe2-4b93-90ab-1f21c9cf5be3.json,,1000,M.2-2280,B07L6GF81L,,,,,,M.2 PCIe 3.0 x4,,,SU001TBP34A80M28AB | P34A80 | FIN-SU001TBP34A80M28AB,True,SSD,SSD
1000e145-37ac-4c8a-9ce4-5061c67e8810,"Crucial V4 32GB 2.5"" SSD SATA",Crucial,V4,32GB,,1000e145-37ac-4c8a-9ce4-5061c67e8810.json,,32,"2.5""",,,,,,,SATA 3.0 Gb/s,,,CT032V4SSD2,False,SSD,SSD
10112bae-d6fa-472c-a690-d0e6d324ea38,"Seagate BarraCuda Q1 240 GB SSD 2.5"" SATA 6.0 Gb/s",Seagate,BarraCuda,240GB,,10112bae-d6fa-472c-a690-d0e6d324ea38.json,,240,"2.5""",,,,,,,SATA 6.0 Gb/s,,,ZA240CV1A001,False,SSD,SSD
10173dbd-c286-4edb-8036-0df398617d2a,"Toshiba N300 14TB HDD 3.5"" 7200RPM SATA 6.0 Gb/s",Toshiba,N300,14000GB,,10173dbd-c286-4edb-8036-0df398617d2a.json,512,14000,"3.5""",B0CFW39VH8,,,,1Z4-000B-00N14,2796353124,SATA 6.0 Gb/s,,,HDWG51EXZSTA | HDWG51EEZSTA,False,HDD,HDD
10182557-42ed-423a-8cfb-26426b2734c1,"Western Digital Caviar Black 640 GB 3.5"" HDD 7200 RPM SATA 6.0 Gb/s",Western Digital,Caviar,640GB,,10182557-42ed-423a-8cfb-26426b2734c1.json,,640,"3.5""",,,,,,,SATA 6.0 Gb/s,,,WD6402AAEX,False,HDD,HDD
101c591f-065e-477f-9672-175b6f85b803,Kingston A1000 480GB SSD M.2-2280 PCIe 3.0 NVMe,Kingston,A1000,480GB,,101c591f-065e-477f-9672-175b6f85b803.json,,480,M.2-2280,,,,,,,M.2 PCIe 3.0 x4,,,SA1000M8 | 480G,True,SSD,SSD
1026404e-7a6b-468e-bb41-7804d64cb139,"Patriot Burst 960GB SSD 2.5"" SATA 6.0 Gb/s",Patriot,Burst,960GB,,1026404e-7a6b-468e-bb41-7804d64cb139.json,,960,"2.5""",,,,,,,SATA 6.0 Gb/s,,,PBU960GS25SSDR,False,SSD,SSD
10286cbb-104e-46f5-813f-5e66309f7fb0,"Kingston SSDNow 200 30GB SSD 2.5"" SATA",Kingston,SSDNow,30GB,,10286cbb-104e-46f5-813f-5e66309f7fb0.json,,30,"2.5""",B00COFMOMQ,,,,,,SATA 6.0 Gb/s,,,SS200S3 | 30G | SS200S3/30G,False,SSD,SSD
10391aad-55b8-4743-a714-b1e78cb6b4d4,"Seagate IronWolf 14TB NAS Hard Drive 7200 RPM 256MB Cache SATA 6.0Gb/s CMR 3.5"" Internal HDD for RAID Network Attached Storage ST14000VN0008",Seagate,IronWolf,,2018,10391aad-55b8-4743-a714-b1e78cb6b4d4.json,,14000,"3.5""",B07H4VBRKW,,,,,,SATA 6.0 Gb/s,,,ST14000VNZ008 | ST14000VN0008,False,HDD,HDD
104e58dc-b5dd-481b-acfb-0a93483fb0f4,"Samsung PM871b 256 GB SSD 2.5"" SATA 6.0 Gb/s",Samsung,PM871b,256GB,,104e58dc-b5dd-481b-acfb-0a93483fb0f4.json,,256,"2.5""",,,,,,,SATA 6.0 Gb/s,,,MZ7LN256HAJQ,False,SSD,SSD
105ad753-b7e8-4407-82b4-8b2e7618008f,Intel DC P3500 2TB SSD PCIe NVMe,Intel,DC,2000GB,,105ad753-b7e8-4407-82b4-8b2e7618008f.json,,2000,PCIe,,,,,,,M.2 PCIe 3.0 x4,,,SSDPEDMX020T410,True,SSD,SSD
10606384-b997-460e-818c-82e0fd513283,Lexar Professional NM1090 PRO 2TB SSD M.2-2280 PCIe 5.0 X4 NVMe,Lexar,Professional,2000GB,,10606384-b997-460e-818c-82e0fd513283.json,,2000,M.2-2280,B0F25B9JJ3,6679914,,,,17775265904,M.2 PCIe 5.0 x4,,,LNM109P002T-RNNNU | LNM109P002T-RNNNG,True,SSD,SSD
1066fa44-6339-492d-9969-33b478be63b5,Seagate FireCuda 540 2TB M.2 SSD PCIe 5.0 NVMe,Seagate,FireCuda,2000GB,,1066fa44-6339-492d-9969-33b478be63b5.json,,2000,M.2-2280,B0BX4J8M5J,,,,N82E16820248242,2217891837,M.2 PCIe 5.0 x4,,,ZP2000GM3A004,True,SSD,SSD
10828172-9d8a-4a25-9fde-47fa213b03d8,"TEAMGROUP T-Force Delta Max RGB Lite 1TB SSD 2.5"" SATA 6.0 Gb/s",TEAMGROUP,T-Force,1000GB,,10828172-9d8a-4a25-9fde-47fa213b03d8.json,,1000,"2.5""",,,,,,,SATA 6.0 Gb/s,,,T253TM001T0C325,False,SSD,SSD
108fafcb-e848-47b9-8401-f5c9db41c141,"Hitachi Deskstar NAS 4TB 3.5"" HDD 7200RPM SATA 6.0 Gb/s",Hitachi,Deskstar,4000GB,,108fafcb-e848-47b9-8401-f5c9db41c141.json,,4000,"3.5""",,,,,,,SATA 6.0 Gb/s,,,0S03664,False,HDD,HDD
109bc9b1-f588-4a4d-bea3-0eec6f391ff3,"Apacer AS350 PANTHER 128GB SSD 2.5"" SATA",Apacer,AS350,128GB,,109bc9b1-f588-4a4d-bea3-0eec6f391ff3.json,,128,"2.5""",,,,,,,SATA 6.0 Gb/s,,,AP128GAS350-1,False,SSD,SSD
10ade466-77db-4b15-9fa8-4c29ffd1af67,ADATA XPG SX6000 Pro 1TB SSD M.2-2280 PCIe 3.0 X4 NVMe,ADATA,XPG,1000GB,,10ade466-77db-4b15-9fa8-4c29ffd1af67.json,,1000,M.2-2280,B07H52ML35,,,,,,M.2 PCIe 3.0 x4,,,ASX6000PNP-1TT-C,True,SSD,SSD
10b2b06b-25bd-4595-bd09-2f03d88886e5,TEAMGROUP MP33 PRO 2TB M.2 SSD PCIe 3.0 NVMe,TEAMGROUP,MP33,2000GB,,10b2b06b-25bd-4595-bd09-2f03d88886e5.json,,2000,M.2-2280,B08GM984PF,,,,N82E16820331564,104372334,M.2 PCIe 3.0 x4,,,TM8FPD002T0C101,True,SSD,SSD
10cbd532-5d10-435f-92cd-585b67a9ffde,Corsair MP600 2TB M.2-2280 SSD PCIe 4.0 X4 NVME,Corsair,MP600,2000GB,,10cbd532-5d10-435f-92cd-585b67a9ffde.json,,2000,M.2-2280,B08T9ZY5SY,,,,,979465317,M.2 PCIe 4.0 x4,,,CSSD-F2000GBMP600R2 | CSSD-F2000GBMP600PRO,True,SSD,SSD
10cff327-2c23-4127-9980-d2ce43a43832,KingSpec XF 512GB SSD M.2 PCIe 4.0 NVMe,KingSpec,XF,512GB,,10cff327-2c23-4127-9980-d2ce43a43832.json,,512,M.2-2280,,,,,,,M.2 PCIe 4.0 x4,,,XF-2280-512GB | XF-512GB-2280,True,SSD,SSD
10f13d75-ee38-48e8-96d1-bedf3116918a,KIOXIA EXCERIA PLUS 2TB M.2-2280 SSD PCIe 3.0 NVMe,KIOXIA,EXCERIA,2000GB,,10f13d75-ee38-48e8-96d1-bedf3116918a.json,,2000,M.2-2280,B087CPPP4L,,,,,,M.2 PCIe 3.0 x4,,,LRD10Z002TG8,True,SSD,SSD
1106af74-e143-4479-8f4a-acb7348593c0,"KIOXIA EXCERIA 240 GB 2.5"" SSD SATA 6.0 Gb/s",KIOXIA,EXCERIA,240GB,,1106af74-e143-4479-8f4a-acb7348593c0.json,,240,"2.5""",,,,,,,SATA 6.0 Gb/s,,,LTC10Z240GG8,False,SSD,SSD
11129e72-dac3-42e5-9a4b-26e6dad8355a,"Intel X25-E 64GB SSD 2.5"" SATA",Intel,X25-E,64GB,,11129e72-dac3-42e5-9a4b-26e6dad8355a.json,,64,"2.5""",,,,,,,SATA 3.0 Gb/s,,,SSDSA2SH064G101,False,SSD,SSD
1119394e-868b-4cb0-864f-0fecdaccb772,ADATA XPG SPECTRIX S40G RGB 1TB SSD M.2-2280 PCIe 3.0 NVMe,ADATA,XPG,1000GB,,1119394e-868b-4cb0-864f-0fecdaccb772.json,,1000,M.2-2280,B07SKG68CB,,,,,,M.2 PCIe 3.0 x4,,,AS40G-1TT-C,True,SSD,SSD
111a30e2-1b96-4270-b4f8-99e65976463e,TEAMGROUP T-Force Cardea Z44Q 2TB M.2 SSD PCIe 4.0 NVMe,TEAMGROUP,T-Force,2000GB,,111a30e2-1b96-4270-b4f8-99e65976463e.json,,2000,M.2-2280,,,,,,,M.2 PCIe 4.0 x4,,,TM8FPQ002T0C327,True,SSD,SSD
113634b2-5e21-4fa1-a2b7-de18ac8f19bc,"Seagate BarraCuda Pro 14TB HDD 3.5"" SATA",Seagate,BarraCuda,14000GB,,113634b2-5e21-4fa1-a2b7-de18ac8f19bc.json,,14000,"3.5""",B07H7C4DXR,,,,,,SATA 6.0 Gb/s,,,ST14000DM001,False,HDD,HDD
1156120f-94fd-4f4c-bec8-d3fc8f6eb91f,PNY CS3140 1TB SSD M.2-2280 PCIe 4.0 X4 NVMe,PNY,CS3140,1000GB,,1156120f-94fd-4f4c-bec8-d3fc8f6eb91f.json,,1000,M.2-2280,B08TL9CBB9,6465375,,,N82E16820177094,219759957,M.2 PCIe 4.0 x4,,,M280CS3140-1TB-RB,True,SSD,SSD
1195ecb8-de06-4e2c-91e7-932809a2ae72,"Samsung Spinpoint F1 DT 640GB Internal HDD 7200RPM 3.5"" SATA 3.0 Gb/s",Samsung,Spinpoint,640GB,,1195ecb8-de06-4e2c-91e7-932809a2ae72.json,,640,"3.5""",B0015ZG8AA,,,,,,SATA 3.0 Gb/s,,,HD642JJ | 8808987543938,False,HDD,HDD
11a42b93-69ca-4201-a6b7-c71796083980,"Lenovo 0A65633 1TB HDD 2.5"" SATA",Lenovo,0A65633,1000GB,,11a42b93-69ca-4201-a6b7-c71796083980.json,,1000,"2.5""",,,,,,,SATA 3.0 Gb/s,,,0A65633,False,HDD,HDD
11e55762-261a-416b-8bf6-a1e89812f76e,ADATA Legend 800 500GB M.2-2280 SSD PCIe 4.0 X4 NVMe,ADATA,Legend,500GB,,11e55762-261a-416b-8bf6-a1e89812f76e.json,,500,M.2-2280,,,,,,,M.2 PCIe 4.0 x4,,,ALEG-800-500GCS,True,SSD,SSD
120d4c9b-4fc7-42e9-a10c-7eeb70a27df7,"Samsung 860 Evo 4TB SSD 2.5"" SATA",Samsung,860,4000GB,,120d4c9b-4fc7-42e9-a10c-7eeb70a27df7.json,,4000,"2.5""",B07864XY8B,,,,9SIAADF7DG0997,962621824,SATA 6.0 Gb/s,,,MZ-76E4T0B | AM | EU | MZ-76E4T0B/AM,False,SSD,SSD
12256a74-9588-442d-ace2-2598641de2a6,Western Digital Blue SN580 2TB SSD M.2 PCIe 4.0 NVMe,Western Digital,Blue,2000GB,,12256a74-9588-442d-ace2-2598641de2a6.json,,2000,M.2-2280,B0C8WPRM9T,,,,N82E16820250253,3349837665,M.2 PCIe 4.0 x4,,,WDS200T3B0E | WDS200T3B0E-00CHF0,True,SSD,SSD
1229bfbc-a918-4604-8564-07b3e6f4a04a,"Samsung 840 Evo 1TB 2.5"" SSD SATA",Samsung,840,1000GB,,1229bfbc-a918-4604-8564-07b3e6f4a04a.json,,1000,"2.5""",,,,,,,SATA 6.0 Gb/s,,,MZ-7TE1T0BW,False,SSD,SSD
122fc53e-6019-446d-b445-695abbd041de,ADATA LEGEND 900 2TB SSD M.2 NVMe PCIe 4.0,ADATA,LEGEND,2000GB,,122fc53e-6019-446d-b445-695abbd041de.json,,2000,M.2-2280,B0C92C9WYY,,,,,,M.2 PCIe 4.0 x4,,,SLEG-900-2TCS,True,SSD,SSD
1242b398-fada-4fec-8fed-433b9a9dc5aa,"Hitachi Ultrastar DC HC530 14TB 3.5"" HDD SATA",Hitachi,Ultrastar,14000GB,,1242b398-fada-4fec-8fed-433b9a9dc5aa.json,,14000,"3.5""",,,,,,,SATA 6.0 Gb/s,,,0F31283,False,HDD,HDD
125295cd-0587-4bcf-9258-a6661b5b9ea4,PNY XLR8 CS3140 w/Heatsink 2TB SSD M.2-2280 PCIe 4.0 NVMe,PNY,XLR8,2000GB,,125295cd-0587-4bcf-9258-a6661b5b9ea4.json,,2000,M.2-2280,B08VRYWK7Q,,,,,726682751,M.2 PCIe 4.0 x4,,,M280CS3140HS-2TB-RB,True,SSD,SSD
12570b01-d1d2-42a2-a948-a5e1afb31e87,"Zotac T500 240GB SSD 2.5"" SATA",Zotac,T500,240GB,,12570b01-d1d2-42a2-a948-a5e1afb31e87.json,,240,"2.5""",,,,,,,SATA 6.0 Gb/s,,,ZTSSD-A5P-240G,False,SSD,SSD
1259f142-0aa8-4ae8-ba58-6a3e24b1d437,"Western Digital Black2 1TB Hybrid 2.5"" 5400RPM SATA",Western Digital,Black2,1000GB,,1259f142-0aa8-4ae8-ba58-6a3e24b1d437.json,,1000,"2.5""",B00GSJ9X4Q,,,,,,SATA 6.0 Gb/s,,,WD1001X06XDTL,False,SSHD,SSHD
125d02c9-0391-4299-a6ba-00a19f3f2870,"TEAMGROUP CX2 1TB SSD 2.5"" SATA",TEAMGROUP,CX2,1000GB,,125d02c9-0391-4299-a6ba-00a19f3f2870.json,,1000,"2.5""",B08PSK58HQ,,,,N82E16820331561,330266003,SATA 6.0 Gb/s,,,T253X6001T0C101,False,SSD,SSD
125ef874-435c-4557-958d-e768ac323fa7,"Hitachi 7K2000 2TB HDD 7200RPM 3.5"" SATA",Hitachi,7K2000,2000GB,,125ef874-435c-4557-958d-e768ac323fa7.json,,2000,"3.5""",,,,,,,SATA 3.0 Gb/s,,,HDS722020ALA330,False,HDD,HDD
129ba479-83e0-4353-bbe9-d7d5ec17bfe9,"Mushkin Reactor 1TB SSD 2.5"" SATA",Mushkin,Reactor,1000GB,,129ba479-83e0-4353-bbe9-d7d5ec17bfe9.json,,1000,"2.5""",B00PAFJJRA,,,,,49129489,SATA 6.0 Gb/s,,,MKNSSDRE1TB,False,SSD,SSD
12b2f9fb-7a6e-491c-a33f-4eea3e70897c,Intel 545s 128 GB M.2-2280 SSD SATA,Intel,545s,128GB,,12b2f9fb-7a6e-491c-a33f-4eea3e70897c.json,,128,M.2-2280,B078888S43,,,,,114572575,M.2 SATA,,,SSDSCKKW128G8X1,False,SSD,SSD
12b4c31a-000c-46ad-976f-613769e01aa6,Western Digital Blue 500 GB SSD M.2-2280 SATA,Western Digital,Blue,500GB,,12b4c31a-000c-46ad-976f-613769e01aa6.json,,500,M.2-2280,B073SBX6TY,,,,,,M.2 SATA,,,WDS500G2B0B,False,SSD,SSD
12e16e18-a6a0-4870-80e6-c26ba263d66d,Patriot P320 2TB M.2-2280 SSD PCIe 3.0 x4 NVMe,Patriot,P320,2000GB,,12e16e18-a6a0-4870-80e6-c26ba263d66d.json,,2000,M.2-2280,B0D4RDVCPP,,,,,,M.2 PCIe 3.0 x4,,,P320P2TBM28,True,SSD,SSD
13008e7a-918f-4f9e-b8a7-0b0de486e2d3,"Samsung PM893 7.68 TB SSD 2.5"" SATA",Samsung,PM893,7000GB,,13008e7a-918f-4f9e-b8a7-0b0de486e2d3.json,,7000,"2.5""",B0B83T9KNB,,,,N82E16820147855,,SATA 6.0 Gb/s,,,MZ-7L37T600 | MZ-7L37T60,False,SSD,SSD
1300bf65-fb66-4baa-9a2e-bff13c96242a,Lexar NM760 2TB M.2-2280 SSD PCIe 4.0 X4 NVMe,Lexar,NM760,2000GB,,1300bf65-fb66-4baa-9a2e-bff13c96242a.json,,2000,M.2-2280,,,,,,,M.2 PCIe 4.0 x4,,,LNM760X002T-RNNNG,True,SSD,SSD
132460e0-7554-4093-a781-c4a4d3dcf1fd,Crucial P3 Plus 500GB M.2 SSD PCIe 4.0 NVMe,Crucial,P3,500GB,,132460e0-7554-4093-a781-c4a4d3dcf1fd.json,,500,M.2-2280,B0B25NTRGD,6509717,,,N82E16820156299,1012540892,M.2 PCIe 4.0 x4,,,CT500P3PSSD8,True,SSD,SSD
13321fbb-1892-437e-9d42-200bfd95eac0,"Western Digital Purple 2TB HDD 3.5"" 5400RPM SATA 6.0 Gb/s",Western Digital,Purple,2000GB,,13321fbb-1892-437e-9d42-200bfd95eac0.json,,2000,"3.5""",B071RM2HS7,,,,,864182651,SATA 6.0 Gb/s,,,WD20PURZ,False,HDD,HDD
13590c30-24d1-4829-a2b8-03ff07b8d486,"AMD RADEON-R7SSD-480G 480GB SSD 2.5"" SATA 6.0 Gb/s",AMD,RADEON-R7SSD-480G,480GB,,13590c30-24d1-4829-a2b8-03ff07b8d486.json,,480,"2.5""",,,,,,,SATA 6.0 Gb/s,,,RADEON-R7SSD-480G,False,SSD,SSD
135a2594-a79e-415a-9c6c-8b6ae507cfaa,"SanDisk EXTREME PRO 960GB SSD 2.5"" SATA 6.0 Gb/s",SanDisk,EXTREME,960GB,,135a2594-a79e-415a-9c6c-8b6ae507cfaa.json,,960,"2.5""",B00KHRYR0U,,,,,38765567,SATA 6.0 Gb/s,,,SDSSDXPS-960G-G25,False,SSD,SSD
13612290-adf2-4c7f-8acf-0955ef74bbe0,Corsair MP600 ELITE PS5 2TB M.2 SSD PCIe 4.0 NVMe,Corsair,MP600,2000GB,,13612290-adf2-4c7f-8acf-0955ef74bbe0.json,,2000,M.2-2280,B0CSG5DXQ9,,,,N82E16820982141,,M.2 PCIe 4.0 x4,,,CSSD-F2000GBMP600ECS,True,SSD,SSD
13701bd4-5aeb-4b59-a576-355cbf63060f,"Seagate BarraCuda Pro 6TB 3.5"" HDD 7200RPM SATA",Seagate,BarraCuda,6000GB,,13701bd4-5aeb-4b59-a576-355cbf63060f.json,,6000,"3.5""",B07H23SP77,,,,,,SATA 6.0 Gb/s,,,ST6000DM004 | ST6000DMZ04/DM004,False,HDD,HDD
137a8a94-c323-46e8-a793-6595d657fe1f,"Biwin CSE25A00001-512 512GB SSD 2.5"" SATA 6.0 Gb/s",Biwin,CSE25A00001-512,512GB,,137a8a94-c323-46e8-a793-6595d657fe1f.json,,512,"2.5""",,,,,,,SATA 6.0 Gb/s,,,CSE25A00001-512,False,SSD,SSD
1380462c-6192-4d3f-bdf0-4a7429087a80,Crucial T700 4TB SSD M.2 PCIe 5.0 NVMe,Crucial,T700,4000GB,,1380462c-6192-4d3f-bdf0-4a7429087a80.json,,4000,M.2-2280,B0C3KKY6TL,6544910,,,N82E16820156331,2218703637,M.2 PCIe 5.0 x4,,,CT4000T700SSD3,True,SSD,SSD
13888829-b2ef-4aa1-bb86-045ff2c3ce61,"Lexar NS100 2TB SSD 2.5"" SATA",Lexar,NS100,2000GB,,13888829-b2ef-4aa1-bb86-045ff2c3ce61.json,,2000,"2.5""",,,,,,,SATA 6.0 Gb/s,,,LNS100-2TRB,False,SSD,SSD
139ec025-d785-44ab-8c35-d01bffdb0bee,"Mushkin Source 2TB 2.5"" SSD SATA",Mushkin,Source,2000GB,,139ec025-d785-44ab-8c35-d01bffdb0bee.json,,2000,"2.5""",B07NJ6CC98,,,,N82E16820226896,553741716,SATA 6.0 Gb/s,,,MKNSSDSR2TB-DX,False,SSD,SSD
13a106bc-3ce5-4026-8fc3-474ac868528a,Corsair MP700 Elite w/Heatsink 2TB SSD M.2-2280 PCIe 5.0 x4 NVMe,Corsair,MP700,2000GB,,13a106bc-3ce5-4026-8fc3-474ac868528a.json,,2000,M.2-2280,B0DKNZ2BJN,,,,N82E16820982221,,M.2 PCIe 5.0 x4,,,CSSD-F2000GBMP700EHS,True,SSD,SSD
13d81eac-4d5a-4162-90b2-7a7d121b6669,"Seagate Archive 8TB 3.5"" HDD 5900RPM SATA",Seagate,Archive,8000GB,,13d81eac-4d5a-4162-90b2-7a7d121b6669.json,,8000,"3.5""",,,,,,,SATA 6.0 Gb/s,,,ST8000AS0002,False,HDD,HDD
13e5961c-f9f4-4c75-ae5d-c1ead23e6b4b,"Seagate ST2000NX0303 2TB HDD 2.5"" SATA",Seagate,ST2000NX0303,2000GB,,13e5961c-f9f4-4c75-ae5d-c1ead23e6b4b.json,,2000,"2.5""",,,,,,,SATA 6.0 Gb/s,,,ST2000NX0303,False,HDD,HDD
13ec69d0-643c-4ee9-b8c9-0ae4e7625c29,Corsair Force MP500 240GB SSD M.2 NVMe,Corsair,Force,240GB,,13ec69d0-643c-4ee9-b8c9-0ae4e7625c29.json,,240,M.2-2280,,,,,,,M.2 PCIe 3.0 x4,,,CSSD-F240GBMP500,True,SSD,SSD
13f4acad-bb23-42be-9c7a-84e087f24629,"Intel DC P4510 1TB SSD 2.5"" U.2",Intel,DC,1000GB,,13f4acad-bb23-42be-9c7a-84e087f24629.json,,1000,"2.5""",B075GFD2QG,,,,,112675349,U.2,,,SSDPE2KX010T801,False,SSD,SSD
13fa26fa-7e79-4966-b6df-71929ebba202,Kingston A2000 250GB SSD M.2-2280 PCIe 3.0 X4 NVMe,Kingston,A2000,250GB,,13fa26fa-7e79-4966-b6df-71929ebba202.json,,250,M.2-2280,B07VYG5HQD,,,,9SIA22FKCG3235,400146778,M.2 PCIe 3.0 x4,,,SA2000M8 | 250G | SA2000M8/250G,True,SSD,SSD
140731b6-b829-4ca1-bbb7-e0bbf6fa357f,"Western Digital Blue 320GB 2.5"" HDD 5400RPM SATA Internal",Western Digital,Blue,320GB,,140731b6-b829-4ca1-bbb7-e0bbf6fa357f.json,,320,"2.5""",B0150O7MJM,,,,9SIAG98KCU9514,47920122,SATA 6.0 Gb/s,,,WD3200LPVX | WD3200LPCX,False,HDD,HDD
1414297a-cb23-4118-9242-cb11e990de8a,Acer FA100 512GB SSD M.2-2280 PCIe 3.0 X4 NVMe,Acer,FA100,512GB,,1414297a-cb23-4118-9242-cb11e990de8a.json,,512,M.2-2280,B08YYNB3V8,,,,,651253443,M.2 PCIe 3.0 x4,,,BL.9BWWA.119 | FA100,True,SSD,SSD
1420202e-757c-4bf4-87f2-d841ffb5b80b,Gigabyte GP-GSM2NE3128GNTD 128GB SSD M.2-2280 PCIe 3.0 x4 NVMe,Gigabyte,GP-GSM2NE3128GNTD,128GB,,1420202e-757c-4bf4-87f2-d841ffb5b80b.json,,128,M.2-2280,,,,,,,M.2 PCIe 3.0 x4,,,GP-GSM2NE3128GNTD,True,SSD,SSD
1429d3c8-bdc3-45e3-ac50-a11c563fcefa,"Seagate FireCuda 2TB Hybrid 3.5"" 7200 RPM SATA",Seagate,FireCuda,2000GB,,1429d3c8-bdc3-45e3-ac50-a11c563fcefa.json,,2000,"3.5""",B01IEKG2HM,,,,,747845567,SATA 6.0 Gb/s,,,ST2000DX002 | ST2000DXB02,False,SSHD,SSHD
142ed5aa-d76f-415b-80d5-2478e6e6e71b,ADATA XPG SX8100 2TB SSD M.2-2280 PCIe 3.0 x4 NVMe,ADATA,XPG,2000GB,,142ed5aa-d76f-415b-80d5-2478e6e6e71b.json,,2000,M.2-2280,B07ZGJ5TSC,,,,,,M.2 PCIe 3.0 x4,,,ASX8100NP-2TT-C | SX8100,True,SSD,SSD
147ae617-3070-48a7-9cfc-101e3145fc88,"Western Digital Gold 6 TB 3.5"" Internal HDD 7200RPM SATA 6.0 Gb/s",Western Digital,Gold,6000GB,,147ae617-3070-48a7-9cfc-101e3145fc88.json,,6000,"3.5""",B07XHCT33G,,,,1Z4-0002-013V7,944810625,SATA 6.0 Gb/s,,,WD6003FRYZ | WD6003FRYZ-SPF0DB0,False,HDD,HDD
148bd723-1e06-4878-8d4b-28017881e155,"Patriot Burst 240GB SSD 2.5"" SATA 6.0 Gb/s",Patriot,Burst,240GB,,148bd723-1e06-4878-8d4b-28017881e155.json,,240,"2.5""",,,,,,,SATA 6.0 Gb/s,,,PBU240GS25SSDR,False,SSD,SSD
14b38333-d827-4ad9-b64a-10599606e00c,"Seagate BarraCuda 5TB 2.5"" HDD 5400RPM SATA",Seagate,BarraCuda,5000GB,,14b38333-d827-4ad9-b64a-10599606e00c.json,,5000,"2.5""",B06XRQ4HKT,,,,N82E16822179104,129729034,SATA 6.0 Gb/s,,,ST5000LM000,False,HDD,HDD
14bb389e-8e42-484c-9396-c962ddaf60dd,Seagate Lightsaber Collection FireCuda 2TB SSD M.2-2280 PCIe 4.0 x4 NVMe,Seagate,Lightsaber,2000GB,,14bb389e-8e42-484c-9396-c962ddaf60dd.json,,2000,M.2-2280,,,,,,,M.2 PCIe 4.0 x4,,,ZP2000GM3A033,True,SSD,SSD
14d253a4-21f7-49a6-905c-41361849a78d,"Seagate Momentus 5400.6 160 GB 2.5"" Internal HDD 5400 RPM SATA 3.0 Gb/s",Seagate,Momentus,160GB,,14d253a4-21f7-49a6-905c-41361849a78d.json,,160,"2.5""",B0027P9BNS,,,,,492249644,SATA 3.0 Gb/s,,,ST9160314AS,False,HDD,HDD
14dae931-bf53-4fb5-98ae-fc8ec118c91c,Corsair MP700 PRO w/Heatsink 2TB M.2-2280 SSD PCIe 5.0 X4 NVME,Corsair,MP700,2000GB,,14dae931-bf53-4fb5-98ae-fc8ec118c91c.json,,2000,M.2-2280,B0CM43DR1N,,,,N82E16820982120,5153433746,M.2 PCIe 5.0 x4,,,CSSD-F2000GBMP700PRO,True,SSD,SSD
14dc8cb5-4526-4af5-9f85-67f0dbf68623,"Hitachi Ultrastar He8 8TB HDD 3.5"" 7200RPM SATA 6.0 Gb/s",Hitachi,Ultrastar,8000GB,,14dc8cb5-4526-4af5-9f85-67f0dbf68623.json,,8000,"3.5""",,,,,,,SATA 6.0 Gb/s,,,HUH728080ALE601,False,HDD,HDD
151fb048-3bf3-474c-9343-35fc777a05f5,"Lexar NQ100 1.92TB SSD 2.5"" SATA",Lexar,NQ100,1000GB,,151fb048-3bf3-474c-9343-35fc777a05f5.json,,1000,"2.5""",B0C648DWT7,,,,,3477609903,SATA 6.0 Gb/s,,,LNQ100X1920-RNNNG | LNQ100X1920-RNNNU,False,SSD,SSD
1526f5ef-4836-4eb4-a843-c7481580a8d2,"Inland Professional 256GB SSD 2.5"" SATA 6.0 Gb/s",Inland,Professional,256GB,,1526f5ef-4836-4eb4-a843-c7481580a8d2.json,,256,"2.5""",B088KLWM35,,,,,,SATA 6.0 Gb/s,,,618996736294,False,SSD,SSD
1534a44d-3f92-4cf7-b10d-18ae6f139e4d,"Western Digital Red 8TB 3.5"" HDD 5400RPM SATA 6.0 Gb/s",Western Digital,Red,8000GB,,1534a44d-3f92-4cf7-b10d-18ae6f139e4d.json,,8000,"3.5""",B01BYLY4DM,,,,,185176113,SATA 6.0 Gb/s,,,WD80EFZX,False,HDD,HDD
15416d84-a62f-4d73-aacc-c52dac206031,"Samsung 860 Evo 500GB SSD 2.5"" SATA",Samsung,860,500GB,,15416d84-a62f-4d73-aacc-c52dac206031.json,,500,"2.5""",B0781Z7Y3S,,,,9SIA25VK8N1465,810835904,SATA 6.0 Gb/s,,,MZ-76E500B | AM | EU | MZ-76E500BW | MZ-76E500B/AM,False,SSD,SSD
155dde0e-2487-486d-adce-576e73cc9d96,"Kingston HyperX 120GB SSD 2.5"" SATA 6.0 Gb/s",Kingston,HyperX,120GB,,155dde0e-2487-486d-adce-576e73cc9d96.json,,120,"2.5""",B005C95NEC,,,,,,SATA 6.0 Gb/s,,,SH100S3 | 120G | SH100S3/120G,False,SSD,SSD
1581a682-b182-45a0-8013-1f7c7660a585,"ADATA Premier Pro SP900 64GB SSD 2.5"" SATA",ADATA,Premier,64GB,,1581a682-b182-45a0-8013-1f7c7660a585.json,,64,"2.5""",B007RHT3VG,,,,,,SATA 6.0 Gb/s,,,ASP900S3-64GM-C,False,SSD,SSD
15b1de2e-a1c5-498e-a253-2a2362edba95,Hitachi Ultrastar SN260 1.6 TB SSD PCIe PCIe x8 NVMe,Hitachi,Ultrastar,1000GB,,15b1de2e-a1c5-498e-a253-2a2362edba95.json,,1000,PCIe,B0761J7C84,,,,,,M.2 PCIe 3.0 x8,,,0TS1305,True,SSD,SSD
15badd31-ea8e-4aed-bb7c-5d0445004958,PNY CS1030 500GB SSD M.2-2280 PCIe 3.0 x4 NVMe,PNY,CS1030,500GB,,15badd31-ea8e-4aed-bb7c-5d0445004958.json,,500,M.2-2280,B08M25YBY3,6463140,,,9SIAD7HJZ18279,374901551,M.2 PCIe 3.0 x4,,,M280CS1030-500-RB,True,SSD,SSD
15d7012a-5ac2-4bcc-bf75-c6ba5aed28a9,"Western Digital VelociRaptor 600GB HDD 3.5"" 10000RPM SATA",Western Digital,VelociRaptor,600GB,,15d7012a-5ac2-4bcc-bf75-c6ba5aed28a9.json,,600,"3.5""",B003FW9T0M,,,,,16332718,SATA 6.0 Gb/s,,,WD6000HLHX,False,HDD,HDD
15e035ae-3d7d-4361-ae16-6d6366a013d9,Seagate Barracuda 2TB SSD M.2-2280 PCIe 4.0 X4 NVMe,Seagate,Barracuda,2000GB,,15e035ae-3d7d-4361-ae16-6d6366a013d9.json,,2000,M.2-2280,,,,,,,M.2 PCIe 4.0 x4,,,ZP2000CV3A002,True,SSD,SSD
15ec3d8a-08aa-46bd-9ca7-6cae26fddba0,"Hitachi Ultrastar He10 10TB HDD 3.5"" SAS 12.0 Gb/s",Hitachi,Ultrastar,10000GB,,15ec3d8a-08aa-46bd-9ca7-6cae26fddba0.json,,10000,"3.5""",B01HEF72ZE,,,,,,SAS 12.0 Gb/s,,,0F27502,False,HDD,HDD
16014867-4dba-4174-a46c-02f6c3492fa0,"Western Digital Ultrastar DC HC520 12 TB 3.5"" HDD 7200RPM SATA 6.0 Gb/s Internal",Western Digital,Ultrastar,12000GB,,16014867-4dba-4174-a46c-02f6c3492fa0.json,,12000,"3.5""",,,,,,,SATA 6.0 Gb/s,,,0F30141 | HUH721212ALN600,False,HDD,HDD
1601fcdd-f2bb-4efb-8d27-2fabe918e880,"Western Digital Caviar Green 1.5TB 3.5"" HDD 5400RPM SATA",Western Digital,Caviar,1000GB,,1601fcdd-f2bb-4efb-8d27-2fabe918e880.json,,1000,"3.5""",,,,,,,SATA 6.0 Gb/s,,,WD15EARX,False,HDD,HDD
16030d69-434b-4ebf-a868-734e3bb81cb7,"SanDisk SSD PLUS 2TB SSD 2.5"" SATA 6.0 Gb/s",SanDisk,SSD,2000GB,,16030d69-434b-4ebf-a868-734e3bb81cb7.json,,2000,"2.5""",B07YFFJK2Q,,,,N82E16820173423,881133819,SATA 6.0 Gb/s,,,SDSSDA-2T00-G26,False,SSD,SSD
162e161d-6a2f-48bc-a893-cf5642e65851,"Seagate Barracuda Compute 4TB 3.5"" HDD 5400RPM SATA 6.0 Gb/s",Seagate,Barracuda,4000GB,,162e161d-6a2f-48bc-a893-cf5642e65851.json,,4000,"3.5""",B07D9C7SQH,6616037,,,N82E16822179299,712943676,SATA 6.0 Gb/s,,,ST4000DMZ04 | ST4000DM004,False,HDD,HDD
163bb6b3-5862-4e02-883a-099d631f5fca,"Seagate Exos 7E8 4TB HDD 3.5"" 7200RPM SATA",Seagate,Exos,4000GB,,163bb6b3-5862-4e02-883a-099d631f5fca.json,,4000,"3.5""",B07SZXFTCG,,,,,111706024,SATA 6.0 Gb/s,,,ST4000NM010A,False,HDD,HDD
163fe5e6-a5c1-4d0f-b426-43a614342543,"Hitachi Ultrastar 7K4000 2TB 7200RPM HDD 3.5"" SAS 6.0 Gb/s",Hitachi,Ultrastar,2000GB,,163fe5e6-a5c1-4d0f-b426-43a614342543.json,,2000,"3.5""",,,,,,,SAS 6.0 Gb/s,,,0B26887,False,HDD,HDD
16565478-18f3-4908-ad4d-9f5e74ad2f46,Kingston A400 240GB SSD M.2-2280 SATA,Kingston,A400,240GB,,16565478-18f3-4908-ad4d-9f5e74ad2f46.json,,240,M.2-2280,,,,,,,M.2 SATA,,,SA400M8 | 240G,False,SSD,SSD
1679e1e8-0d61-48b9-881b-cde8e9114c36,Patriot P300 2TB M.2-2280 SSD PCIe 3.0 x4 NVMe,Patriot,P300,2000GB,,1679e1e8-0d61-48b9-881b-cde8e9114c36.json,,2000,M.2-2280,B089Y3262K,,,,N82E16820225235,707205071,M.2 PCIe 3.0 x4,,,P300P2TBM28,True,SSD,SSD
167a6d5c-e427-4f39-9563-80d8df4c8107,TEAMGROUP T-FORCE GA PRO 1TB SSD M.2 PCIe 5.0 NVMe,TEAMGROUP,T-FORCE,1000GB,,167a6d5c-e427-4f39-9563-80d8df4c8107.json,,1000,M.2-2280,B0D3PCLSKS,,,,N82E16820985284,15541813294,M.2 PCIe 5.0 x4,,,TM8FFJ001T0C129,True,SSD,SSD
16846209-9084-4de8-8eb4-969cdfea6e26,"Seagate Archive v2 6TB HDD 3.5"" 5900RPM SATA",Seagate,Archive,6000GB,,16846209-9084-4de8-8eb4-969cdfea6e26.json,,6000,"3.5""",,,,,,,SATA 6.0 Gb/s,,,ST6000AS0002,False,HDD,HDD
16b7405c-ed18-45d4-a526-798c5f894d05,"Western Digital Red Plus 14TB 3.5"" HDD 7200RPM SATA 6.0 Gb/s Internal",Western Digital,Red,14000GB,,16b7405c-ed18-45d4-a526-798c5f894d05.json,,14000,"3.5""",B08V13TGP4,,,,9SIADU0K823223,834470401,SATA 6.0 Gb/s,,,WD140EFGX | WD140EFGX-SPB0GN0,False,HDD,HDD
16c1ae50-e61b-4873-80a2-d5460c66b218,"Western Digital WD Blue 12TB 3.5"" HDD 7200RPM SATA 6.0 Gb/s",Western Digital,WD,12000GB,,16c1ae50-e61b-4873-80a2-d5460c66b218.json,512,12000,"3.5""",,,,,,,SATA 6.0 Gb/s,,,WD120EAGZ,False,HDD,HDD
16dc2eab-0229-4680-975a-74c8df80ba8f,"Western Digital AV-GP 2TB 3.5"" Internal HDD 5400RPM SATA 6.0 Gb/s",Western Digital,AV-GP,2000GB,,16dc2eab-0229-4680-975a-74c8df80ba8f.json,,2000,"3.5""",B0042AG9V8,,,,,33963489,SATA 6.0 Gb/s,,,WD20EURX | WD20EURS,False,HDD,HDD
16dde0fd-c6ef-42d6-a381-3099f653fbdd,"Western Digital Caviar Green 3TB HDD 3.5"" 5400 RPM SATA",Western Digital,Caviar,3000GB,,16dde0fd-c6ef-42d6-a381-3099f653fbdd.json,,3000,"3.5""",B008RB5Z9U,,,,,17781720,SATA 3.0 Gb/s,,,WD30EZRS | WD30EZRX,False,HDD,HDD
1701f4da-b59a-4bd2-b051-0d2ff907d76f,Sabrent Rocket Q4 4TB SSD M.2-2280 PCIe 4.0 X4 NVMe,Sabrent,Rocket,4000GB,,1701f4da-b59a-4bd2-b051-0d2ff907d76f.json,,4000,M.2-2280,,,,,,,M.2 PCIe 4.0 x4,,,SB-RKTQ4-4TB,True,SSD,SSD
170ae739-ce45-4327-8105-72a743b848a6,"Samsung 850 Pro 512 GB 2.5"" SSD SATA 6.0 Gb/s",Samsung,850,512GB,,170ae739-ce45-4327-8105-72a743b848a6.json,,512,"2.5""",B00LF10KTO,,,,,,SATA 6.0 Gb/s,,,MZ-7KE512BW,False,SSD,SSD
170e02d8-9f6c-44e5-b79e-e5e84afa75c3,"Western Digital Red 4TB 3.5"" HDD 5400RPM SATA 6.0 Gb/s Internal",Western Digital,Red,4000GB,,170e02d8-9f6c-44e5-b79e-e5e84afa75c3.json,,4000,"3.5""",B083XVY99B,,,,,929522893,SATA 6.0 Gb/s,,,WD40EFAX,False,HDD,HDD
1712c753-35d9-4447-a4b3-b01911e8b587,Klevv CRAS 1TB SSD M.2-2280 PCIe 3.0 NVMe,Klevv,CRAS,1000GB,,1712c753-35d9-4447-a4b3-b01911e8b587.json,,1000,M.2-2280,B0869688QV,,,,,,M.2 PCIe 3.0 x4,,,K01TBM2SP0-C71,True,SSD,SSD
1717a51f-0c67-4aac-8f35-46de4bbe0b7f,HP FX900 Pro 1TB SSD M.2-2280 PCIe 4.0 X4 NVMe,HP,FX900,1000GB,,1717a51f-0c67-4aac-8f35-46de4bbe0b7f.json,,1000,M.2-2280,B09PCD1G6X,,,,,,M.2 PCIe 4.0 x4,,,4A3U0AA#ABB,True,SSD,SSD
171efe7a-0550-47d9-8e49-f828f8163d13,"Seagate BarraCuda 250GB HDD 7200RPM 3.5"" SATA",Seagate,BarraCuda,250GB,,171efe7a-0550-47d9-8e49-f828f8163d13.json,,250,"3.5""",,,,,,,SATA 6.0 Gb/s,,,ST250DM000,False,HDD,HDD
172e5478-cf00-43d8-9479-1b4c1cf64be6,Gigabyte GP-GSM2NE8512GNTD 512GB SSD M.2 2280 PCIe 3.0 X2 NVMe,Gigabyte,GP-GSM2NE8512GNTD,512GB,,172e5478-cf00-43d8-9479-1b4c1cf64be6.json,,512,M.2-2280,,,,,,,M.2 PCIe 3.0 x2,,,GP-GSM2NE8512GNTD,True,SSD,SSD
172ea69f-4db6-4a0a-8dc5-96febcf9659f,Kingston A1000 240GB SSD M.2-2280 PCIe 3.0 X4 NVMe,Kingston,A1000,240GB,,172ea69f-4db6-4a0a-8dc5-96febcf9659f.json,,240,M.2-2280,,,,,,,M.2 PCIe 3.0 x4,,,SA1000M8 | 240G,True,SSD,SSD
17376a17-1fca-404f-ad08-af765ac532e1,Lexar NM610 1TB SSD M.2 PCIe 3.0 NVMe,Lexar,NM610,1000GB,,17376a17-1fca-404f-ad08-af765ac532e1.json,,1000,M.2-2280,,,,,,,M.2 PCIe 3.0 x4,,,LNM610-1TRBNA | LNM610-1TRB,True,SSD,SSD
176ae2d9-9f57-40bf-bb31-54517080f069,"Seagate ST4000VX000 4TB HDD 3.5"" 5900RPM SATA 6.0 Gb/s Internal",Seagate,ST4000VX000,4000GB,,176ae2d9-9f57-40bf-bb31-54517080f069.json,,4000,"3.5""",B00JW53C5Y,,,,,39128195,SATA 6.0 Gb/s,,,ST4000VX000,False,HDD,HDD
176c728e-eba0-4bda-974d-7ca5582e0f20,"Western Digital WD Blue 500GB SSD 2.5"" SATA",Western Digital,WD,500GB,,176c728e-eba0-4bda-974d-7ca5582e0f20.json,,500,"2.5""",B07B419GV3,,,,,902337425,SATA 6.0 Gb/s,,,WDBNCE5000PNC-WRSN,False,SSD,SSD
17a03a28-0d38-4b14-8506-64348a8d200f,Western Digital Red SA500 2TB SSD M.2-2280 SATA,Western Digital,Red,2000GB,,17a03a28-0d38-4b14-8506-64348a8d200f.json,,2000,M.2-2280,B07YFG451Q,,,,N82E16820250128,,M.2 SATA,,,WDS200T1R0B,False,SSD,SSD
17aa9314-1ba4-494b-bfc0-1284d6fc4837,Orico e7400 2TB SSD M.2 PCIe 4.0 NVMe,Orico,e7400,2000GB,,17aa9314-1ba4-494b-bfc0-1284d6fc4837.json,,2000,M.2-2280,,,,,,,M.2 PCIe 4.0 x4,,,e7400-2TB,True,SSD,SSD
17b7cc1c-7b1b-4592-931a-7c97b6dcebbe,"Seagate BarraCuda 24 TB HDD 7200RPM 3.5"" SATA 6.0 Gb/s",Seagate,BarraCuda,24000GB,,17b7cc1c-7b1b-4592-931a-7c97b6dcebbe.json,512,24000,"3.5""",B0F1NLJF8C,,,,N82E16822185109,15490602415,SATA 6.0 Gb/s,,,ST24000DM001,False,HDD,HDD
17cbcc1a-b078-4b49-a19e-e539df3d753a,"Seagate Momentus 7200.4 500GB HDD 2.5"" SATA",Seagate,Momentus,500GB,,17cbcc1a-b078-4b49-a19e-e539df3d753a.json,,500,"2.5""",,,,,,,SATA 3.0 Gb/s,,,ST9500420ASG,False,HDD,HDD
17eb80f7-395c-467f-9a37-5fbc9df03913,Acer Predator GM9 1TB SSD M.2-2280 PCIe 5.0 x4 NVMe,Acer,Predator,1000GB,,17eb80f7-395c-467f-9a37-5fbc9df03913.json,,1000,M.2-2280,,,,,,,M.2 PCIe 5.0 x4,,,BL.9BWWR.136,True,SSD,SSD
17f8ebef-1a02-4866-b5c9-706a09ad0f66,ADATA LEGEND 700 GOLD 1TB M.2-2280 SSD PCIe 3.0 x4 NVMe,ADATA,LEGEND,1000GB,,17f8ebef-1a02-4866-b5c9-706a09ad0f66.json,,1000,M.2-2280,,,,,,,M.2 PCIe 3.0 x4,,,SLEG-700G-1TCS-S48,True,SSD,SSD
183fe7c2-409b-4333-a33f-20cbf8e0cb37,"Lexar NM700 1TB 2.5"" SSD SATA",Lexar,NM700,1000GB,,183fe7c2-409b-4333-a33f-20cbf8e0cb37.json,,1000,"2.5""",,,,,,,SATA 6.0 Gb/s,,,LNM700-1TRBNA,False,SSD,SSD
1863de95-9be7-42a6-8c06-b3a317170568,"Western Digital Green 120GB SSD 2.5"" SATA",Western Digital,Green,120GB,,1863de95-9be7-42a6-8c06-b3a317170568.json,,120,"2.5""",,,,,,,SATA 6.0 Gb/s,,,WDS120G1G0A,False,SSD,SSD
1895ce3f-c4b7-4ce8-a7eb-d401d1058ba0,"Western Digital Red Pro 12 TB 3.5"" HDD 7200RPM SATA 6.0 Gb/s",Western Digital,Red,12000GB,,1895ce3f-c4b7-4ce8-a7eb-d401d1058ba0.json,,12000,"3.5""",B07RTMPWD8,,,,N82E16822234375,970999142,SATA 6.0 Gb/s,,,WD121KFBX,False,HDD,HDD
18a67b38-9af5-49d2-989a-6138f6a6ca34,"Crucial MX300 750GB 2.5"" SSD SATA",Crucial,MX300,750GB,,18a67b38-9af5-49d2-989a-6138f6a6ca34.json,,750,"2.5""",,,,,,,SATA 6.0 Gb/s,,,CT750MX300SSD1,False,SSD,SSD
18d33bd8-c633-4889-b9cf-1ab99366e1ce,"Toshiba N300 NAS 8TB 3.5"" HDD 7200RPM SATA 6.0 Gb/s",Toshiba,N300,8000GB,,18d33bd8-c633-4889-b9cf-1ab99366e1ce.json,512,8000,"3.5""",B0CYQHY7GL,,,,234-0004-002S6,6313766995,SATA 6.0 Gb/s,,,HDWG780XZSTA,False,HDD,HDD
18daa79c-827a-49bd-9fc1-168f500ee693,"Seagate Exos X24 12TB HDD 3.5"" SATA",Seagate,Exos,12000GB,,18daa79c-827a-49bd-9fc1-168f500ee693.json,,12000,"3.5""",B0CN5KRQKL,,,,1WK-0048-00138,5300815493,SATA 6.0 Gb/s,,,ST12000NM002H,False,HDD,HDD
18e3b4f5-7f63-4cf9-a266-141344d2cd82,Samsung 990 Pro 2TB SSD M.2-2280 PCIe 4.0 x4 NVMe,Samsung,990 PRO,2000GB,2022,18e3b4f5-7f63-4cf9-a266-141344d2cd82.json,2048,2000,M.2-2280,B0BHJJ9Y77,6523595,28481,https://www.samsung.com/in/memory-storage/nvme-ssd/990-pro-2tb-nvme-pcie-gen-4-mz-v9p2t0bw/?srsltid=AfmBOoox-_aPI7caqK9CbYqypefYDVTzczQU1QDIQJKmBr3jvm-vso6C,N82E16820147861,2458321609,M.2 PCIe 4.0 x4,,2026-03-22T17:03:07.646Z,MZ-V9P2T0B/AM | MZV9P2T0BAM,True,SSD,
18e7ac9a-0ab3-4094-879e-bb6eefaac18e,"Seagate Constellation ES.3 2TB HDD 3.5"" 7200RPM SAS 6.0 Gb/s",Seagate,Constellation,2000GB,,18e7ac9a-0ab3-4094-879e-bb6eefaac18e.json,,2000,"3.5""",,,,,,,SAS 6.0 Gb/s,,,ST2000NM0023,False,HDD,HDD
18edeb4d-5eb5-41c1-8cfe-6b47893b07b4,"Intel DC S3520 480GB SSD 2.5"" SATA 6.0 Gb/s",Intel,DC,480GB,,18edeb4d-5eb5-41c1-8cfe-6b47893b07b4.json,,480,"2.5""",B01KEEM144,,,,,154628403,SATA 6.0 Gb/s,,,SSDSC2BB480G701,False,SSD,SSD
18f9c22a-671e-4508-9aa0-0f13da4a38be,Acer Predator GM7000 1TB M.2-2280 SSD PCIe 4.0 X4 NVMe,Acer,Predator,1000GB,,18f9c22a-671e-4508-9aa0-0f13da4a38be.json,,1000,M.2-2280,B09F5P2JT8,,,,9SIA2W0K4C1109,1891846617,M.2 PCIe 4.0 x4,,,BL.9BWWR.105 | BL9BWWR105,True,SSD,SSD
19174a92-15a0-4561-9d13-375e36c1edca,Kingston NV3 2TB M.2 SSD PCIe 4.0 NVMe,Kingston,NV3,2000GB,,19174a92-15a0-4561-9d13-375e36c1edca.json,,2000,M.2-2280,B0DBR6TRZQ,,28916,,N82E16820242903,10659473974,M.2 PCIe 4.0 x4,,,SNV3S | 2000G | SNV3S/2000G | SNV3S2000G,True,SSD,SSD
1925203c-dbe3-41c2-9f37-d1fdfc21f1d4,ADATA LEGEND 900 1TB M.2-2280 SSD PCIe 4.0 X4 NVMe,ADATA,LEGEND,1000GB,,1925203c-dbe3-41c2-9f37-d1fdfc21f1d4.json,,1000,M.2-2280,B0C8RNQMD4,,,,,,M.2 PCIe 4.0 x4,,,SLEG-900-1TCS,True,SSD,SSD
193fbc22-f238-4c44-a652-b4b3807bd8b3,"Seagate BarraCuda 4TB 2.5"" HDD 5400RPM SATA Internal",Seagate,BarraCuda,4000GB,,193fbc22-f238-4c44-a652-b4b3807bd8b3.json,,4000,"2.5""",B01LZMUNGR,,,,N82E16822179105,917622229,SATA 6.0 Gb/s,,,ST4000LM024,False,HDD,HDD
19446376-3ada-4576-bcf2-a0fb09e31fe6,"Toshiba MG08 14TB HDD 7200RPM 3.5"" SATA Internal",Toshiba,MG08,14000GB,,19446376-3ada-4576-bcf2-a0fb09e31fe6.json,,14000,"3.5""",,,,,,,SATA 6.0 Gb/s,,,MG08ACA14TE,False,HDD,HDD
19456d3f-9323-46a5-9cce-7db3454eff3e,Klevv CRAS C910 1TB SSD M.2 PCIe 4.0 NVMe,Klevv,CRAS,1000GB,,19456d3f-9323-46a5-9cce-7db3454eff3e.json,,1000,M.2-2280,B0CBSSC21F,,,,,,M.2 PCIe 4.0 x4,,,K01TBM2SP0-C91 | K01TBM2SP0-10G | K01TBM2SP010G,True,SSD,
19559119-1521-469c-a904-8e9a66a18ba0,"SanDisk Z410 240GB SSD 2.5"" SATA",SanDisk,Z410,240GB,,19559119-1521-469c-a904-8e9a66a18ba0.json,,240,"2.5""",,,,,,,SATA 6.0 Gb/s,,,SD8SBBU-240G-1122,False,SSD,SSD
19881a18-b8bc-4753-9c69-b96d53d6d1d6,MSI SPATIUM M480 PRO 4TB M.2-2280 SSD PCIe 4.0 x4 NVMe,MSI,SPATIUM,4000GB,,19881a18-b8bc-4753-9c69-b96d53d6d1d6.json,,4000,M.2-2280,B0CBQRSG3H,,,,N82E16820140046,2134493143,M.2 PCIe 4.0 x4,,,SPATIUM M480 PRO PCIe 4.0 NVMe M.2 4TB | S78-440R050-P83 | SM480PN4TB,True,SSD,SSD
1994e547-6b56-465e-8314-77dc07213c74,Plextor M6e Black Edition 256GB SSD PCIe PCIe x4 NVMe,Plextor,M6e,256GB,,1994e547-6b56-465e-8314-77dc07213c74.json,,256,PCIe,,,,,,,M.2 PCIe 3.0 x4,,,PX-256M6e-BK,True,SSD,SSD
19bbb7c4-63f6-48f3-b8b2-ac3cdcf06fff,Inland Gaming Performance Plus 1TB SSD M.2-2280 PCIe 4.0 X4 NVMe,Inland,Gaming,1000GB,,19bbb7c4-63f6-48f3-b8b2-ac3cdcf06fff.json,,1000,M.2-2280,B09NPZBKPR,,,,,,M.2 PCIe 4.0 x4,,,618996746248 | 1TB PER SSD PS5 | a897e2b2-bc23-44cc-a3d9-4dff512d4c0f,True,SSD,SSD
19bc2f01-dede-4153-8896-aa45fa944a05,"Samsung 840 Pro 256GB SSD 2.5"" SATA 6.0 Gb/s",Samsung,840,256GB,,19bc2f01-dede-4153-8896-aa45fa944a05.json,,256,"2.5""",,,,,,,SATA 6.0 Gb/s,,,MZ-7PD256Z DUP,False,SSD,SSD
19bc80ae-70e3-4620-b8c9-c5c0f08a95ae,Kingston A400 480GB M.2 SSD SATA,Kingston,A400,480GB,,19bc80ae-70e3-4620-b8c9-c5c0f08a95ae.json,,480,M.2-2280,,,,,,,M.2 SATA,,,SA400M8 | 480G,False,SSD,SSD
19c2a140-cc5a-457d-af22-06a68aea6faa,Silicon Power US75 4TB SSD M.2-2280 PCIe 4.0 X4 NVMe,Silicon Power,US75,4000GB,,19c2a140-cc5a-457d-af22-06a68aea6faa.json,,4000,M.2-2280,B0CJ2N9485,,,,,,M.2 PCIe 4.0 x4,,,SP04KGBP44US7505,True,SSD,SSD
19d5abca-477d-4860-9e0a-e53f2c25795e,Western Digital Black AN1500 4TB SSD PCIe PCIe x8 NVMe,Western Digital,Black,4000GB,,19d5abca-477d-4860-9e0a-e53f2c25795e.json,,4000,PCIe,,,,,,,M.2 PCIe 3.0 x8,,,WDS400T1X0L-00AUJ0,True,SSD,SSD
19e4016b-beb2-4acd-bbd0-4d738d851f1f,"Seagate Barracuda XT 3TB Internal HDD 3.5"" 7200RPM SATA 6.0 Gb/s",Seagate,Barracuda,3000GB,,19e4016b-beb2-4acd-bbd0-4d738d851f1f.json,,3000,"3.5""",,,,,,,SATA 6.0 Gb/s,,,ST33000651AS,False,HDD,HDD
19e7c50e-a4b4-4606-aff3-5bb26534bda0,"Seagate ST3808110AS 80 GB HDD 3.5"" 7200 RPM SATA 3.0 Gb/s Internal",Seagate,ST3808110AS,80GB,,19e7c50e-a4b4-4606-aff3-5bb26534bda0.json,,80,"3.5""",,,,,,,SATA 3.0 Gb/s,,,ST3808110AS,False,HDD,HDD
19ee2d36-bedd-4ca8-8e11-653dfe14333c,"Seagate IronWolf NAS 8TB HDD 3.5"" 7200RPM SATA",Seagate,IronWolf,8000GB,,19ee2d36-bedd-4ca8-8e11-653dfe14333c.json,,8000,"3.5""",B01M1BUBSO,,,,,122618178,SATA 6.0 Gb/s,,,ST8000VN0022,False,HDD,HDD
1a127e03-3b42-46f6-b1ee-395286a894bd,"Western Digital RE 2TB HDD 3.5"" 7200RPM SATA 6.0 Gb/s Internal",Western Digital,RE,2000GB,,1a127e03-3b42-46f6-b1ee-395286a894bd.json,,2000,"3.5""",,,,,,50362447,SATA 6.0 Gb/s,,,WD2004FBYZ,False,HDD,HDD
1a249564-ec82-40a5-a465-a74e99273230,TEAMGROUP A440 Lite 2TB M.2-2280 SSD PCIe 4.0 x4 NVMe,TEAMGROUP,A440,2000GB,,1a249564-ec82-40a5-a465-a74e99273230.json,,2000,M.2-2280,B0CQJYGK75,,,,N82E16820985140,,M.2 PCIe 4.0 x4,,,TM8FFQ002T0C129,True,SSD,SSD
1a496db5-b2a7-44a9-ac0d-1dab9ef752db,"Neo Forza NFS01 240GB 2.5"" SSD SATA 6.0 Gb/s",Neo Forza,NFS01,240GB,,1a496db5-b2a7-44a9-ac0d-1dab9ef752db.json,,240,"2.5""",,,,,,,SATA 6.0 Gb/s,,,NFS011SA324-6007200,False,SSD,SSD
1a49fe07-be3b-4435-8b1e-ca4900c8b869,Oyen Digital E18-8TBICS6 8TB SSD M.2-2280 PCIe 4.0 X4 NVMe,Oyen Digital,E18-8TBICS6,8000GB,,1a49fe07-be3b-4435-8b1e-ca4900c8b869.json,,8000,M.2-2280,B0DCQ6T763,,,,,,M.2 PCIe 4.0 x4,,,E18-8TBICS6,True,SSD,SSD
1a4cb84d-40f4-41d7-9161-9d442d120ce4,Seagate IronWolf ST16000VN001 - hard drive - 16 TB - SATA 6Gb/s,Seagate Technology,IronWolf,,2024,1a4cb84d-40f4-41d7-9161-9d442d120ce4.json,,16000,"3.5""",B07SNW9W48,,,,,118727464,SATA 6.0 Gb/s,,,ST16000VNZ01 | ST16000VN001,False,HDD,HDD
1a4efc22-8443-4a8b-a44b-4eedcc3c266d,Intel 660p 2TB SSD M.2 PCIe 3.0 NVMe,Intel,660p,2000GB,,1a4efc22-8443-4a8b-a44b-4eedcc3c266d.json,,2000,M.2-2280,B07GBGN7NH,6368987,,,9SIBMM4KD05211,434327770,M.2 PCIe 3.0 x4,,,SSDPEKNW020T8X1 | 978351,True,SSD,SSD
1a78099f-0926-4b02-a3ec-6b5d5dcf2ccf,"Western Digital Blue 5TB HDD 3.5"" SATA",Western Digital,Blue,5000GB,,1a78099f-0926-4b02-a3ec-6b5d5dcf2ccf.json,,5000,"3.5""",,,,,,,SATA 6.0 Gb/s,,,WD50EZRZ,False,HDD,HDD
1a98a876-ec76-441f-ba6c-c4002eecb40c,Intel DC P3600 1.6 TB SSD PCIe NVMe,Intel,DC,1000GB,,1a98a876-ec76-441f-ba6c-c4002eecb40c.json,,1000,PCIe,B00L0LFI3M,,,,9SIA4REJU61348,41244597,M.2 PCIe 3.0 x4,,,SSDPEDME016T401 | 735858278249,True,SSD,SSD
1acd9fb8-1058-464f-aff0-92a6cc6b4ebf,"Kingston A400 120GB SSD 2.5"" SATA",Kingston,A400,120GB,,1acd9fb8-1058-464f-aff0-92a6cc6b4ebf.json,,120,"2.5""",B01N6JQS8C,,,,9SIABEEK691388,,SATA 6.0 Gb/s,,,SA400S37 | 120G | SA400S37/120G,False,SSD,SSD
1ae5a6bd-69a1-418c-b085-9c84cdfcc043,"Seagate Pulsar.2 800GB SSD 2.5"" SAS 6.0 Gb/s",Seagate,Pulsar.2,800GB,,1ae5a6bd-69a1-418c-b085-9c84cdfcc043.json,,800,"2.5""",B0089V4Y3G,,,,,,SAS 6.0 Gb/s,,,ST800FM0002 | ST800FM002,False,SSD,SSD
1af09309-f4e3-44b7-9b33-31e8890152ac,"XOC Nitro 512GB SSD 2.5"" SATA",XOC,Nitro,512GB,,1af09309-f4e3-44b7-9b33-31e8890152ac.json,,512,"2.5""",,,,,0D9-010T-00005,,SATA 6.0 Gb/s,,,XCNTS512G,False,SSD,SSD
1af1435b-dc1a-49d4-a226-bea10b2f3070,Western Digital Black SN750 1TB M.2-2280 SSD PCIe 3.0 x4 NVMe,Western Digital,Black,1000GB,,1af1435b-dc1a-49d4-a226-bea10b2f3070.json,,1000,M.2-2280,,,,,,,M.2 PCIe 3.0 x4,,,WDS100T3XHC | WDS100T3XHC-00SJG0,True,SSD,SSD
1b0d638b-76f0-4978-99d3-896b6b80be89,OCZ RevoDrive 230GB SSD PCIe PCIe x4 NVMe,OCZ,RevoDrive,230GB,,1b0d638b-76f0-4978-99d3-896b6b80be89.json,,230,PCIe,,,,,,,M.2 PCIe 3.0 x4,,,OCZSSDPX-1RVD0230,True,SSD,SSD
1b379bea-e08b-463e-ae8b-59fa56b14225,TEAMGROUP A440 Lite 512GB SSD M.2-2280 PCIe 4.0 X4 NVMe,TEAMGROUP,A440,512GB,,1b379bea-e08b-463e-ae8b-59fa56b14225.json,,512,M.2-2280,,,,,N82E16820985138,,M.2 PCIe 4.0 x4,,,TM8FFQ512G0C129,True,SSD,SSD
1b4bd86f-ac95-471f-9e8b-2d744b6c7c0a,"TEAMGROUP T-Force Vulcan Z 240GB SSD 2.5"" SATA",TEAMGROUP,T-Force,240GB,,1b4bd86f-ac95-471f-9e8b-2d744b6c7c0a.json,,240,"2.5""",B09WMP88Z3,,,,N82E16820331831,896322707,SATA 6.0 Gb/s,,,T253TZ240G0C101,False,SSD,SSD
1b71803a-19ad-4ac5-bca3-be77f3c16070,V7 V7SSD240GBM2SU 240GB SSD M.2-2280 SATA,V7,V7SSD240GBM2SU,240GB,,1b71803a-19ad-4ac5-bca3-be77f3c16070.json,,240,M.2-2280,B0B441641B,,,,,,M.2 SATA,,,V7SSD240GBM2SU,False,SSD,SSD
1b8fea69-49c0-4fdf-8a05-bfe25df342c2,Intel DC P4511 2TB SSD M.2-22110 PCIe 3.0 X4 NVMe,Intel,DC,2000GB,,1b8fea69-49c0-4fdf-8a05-bfe25df342c2.json,,2000,M.2-22110,,,,,,,M.2 PCIe 3.0 x4,,,SSDPELKX020T801,True,SSD,SSD
1bb584b3-c7d2-434d-9c74-3c5966805bc6,Plextor M8Pe 512GB SSD M.2-2280 PCIe 3.0 X4 NVMe,Plextor,M8Pe,512GB,,1bb584b3-c7d2-434d-9c74-3c5966805bc6.json,,512,M.2-2280,,,,,,,M.2 PCIe 3.0 x4,,,PX-512M8PeG,True,SSD,SSD
1bce846b-96bb-4ffd-a4a4-ed4a3c07945b,"Western Digital VelociRaptor 600GB HDD 2.5"" 10000RPM SATA Internal",Western Digital,VelociRaptor,600GB,,1bce846b-96bb-4ffd-a4a4-ed4a3c07945b.json,,600,"2.5""",B003G4I5OA,,,,,,SATA 6.0 Gb/s,,,WD6000BLHX,False,HDD,HDD
1bd88110-577d-4623-a409-861be83b693c,"Seagate Barracuda Compute 250GB 2.5"" SSD SATA",Seagate,Barracuda,250GB,,1bd88110-577d-4623-a409-861be83b693c.json,,250,"2.5""",,,,,,,SATA 6.0 Gb/s,,,STGS250401,False,SSD,SSD
1bdce07d-adf1-4212-a22d-30efe5697dd6,"PNY CS900 240GB SSD 2.5"" SATA",PNY,CS900,240GB,,1bdce07d-adf1-4212-a22d-30efe5697dd6.json,,240,"2.5""",B0719D9YL7,5900261,,,9SIA17PJDK3999,850589596,SATA 6.0 Gb/s,,,SSD7CS900-240-RB | SSD7CS900-240-PB | ssd7cs900-240-rb,False,SSD,SSD
1beb060a-0a27-48da-8726-2d4c0c598a2a,ADATA SU800 512GB SSD M.2 SATA,ADATA,SU800,512GB,,1beb060a-0a27-48da-8726-2d4c0c598a2a.json,,512,M.2-2280,,,,,,,M.2 SATA,,,ASU800NS38-512GT-C,False,SSD,SSD
1bf81ec5-d802-421a-a01f-afe39a7f4a63,"Seagate SV35.5 2TB 3.5"" HDD 7200RPM SATA 6.0 Gb/s",Seagate,SV35.5,2000GB,,1bf81ec5-d802-421a-a01f-afe39a7f4a63.json,,2000,"3.5""",,,,,,,SATA 6.0 Gb/s,,,ST2000VX000,False,HDD,HDD
1bfede6c-269f-49aa-b46b-b88835a109b9,KingSpec NX-2280 512GB SSD M.2 PCIe 3.0 NVMe,KingSpec,NX-2280,512GB,,1bfede6c-269f-49aa-b46b-b88835a109b9.json,,512,M.2-2280,B0BJVQ1WDG,,,,,,M.2 PCIe 3.0 x4,,,NX-2280-512GB | NX-512-2280 | 在庫切れ | USNX512,True,SSD,SSD
1c063073-210b-4fd0-ac9c-f46c094bc15b,"Samsung 840 120GB SSD 2.5"" SATA",Samsung,840,120GB,,1c063073-210b-4fd0-ac9c-f46c094bc15b.json,,120,"2.5""",,,,,,,SATA 6.0 Gb/s,,,MZ-7TD120BW,False,SSD,SSD
1c0a799a-bb4d-4c1f-8a2d-c00d979f3980,"Western Digital Scorpio Blue 80GB 2.5"" HDD 5400RPM SATA 1.5 Gb/s",Western Digital,Scorpio,80GB,,1c0a799a-bb4d-4c1f-8a2d-c00d979f3980.json,,80,"2.5""",B000Q82I3S,,,,,13050711,SATA 1.5 Gb/s,,,WD800BEVS,False,HDD,HDD
1c33cb55-ee4d-4c2a-8f5f-9684c58dc4c1,"Seagate Exos X16 12TB HDD 3.5"" 7200RPM SATA",Seagate,Exos,12000GB,,1c33cb55-ee4d-4c2a-8f5f-9684c58dc4c1.json,,12000,"3.5""",,,,,,,SATA 6.0 Gb/s,,,ST12000NM001G,False,HDD,HDD
1c5458fc-3b0f-49ab-be12-12dd185a1578,ADATA XPG SX8100 4TB SSD M.2-2280 PCIe 3.0 X4 NVME,ADATA,XPG,4000GB,,1c5458fc-3b0f-49ab-be12-12dd185a1578.json,,4000,M.2-2280,B08979DF1S,,,,,,M.2 PCIe 3.0 x4,,,ASX8100NP-4TT-C,True,SSD,SSD
1c89586d-d429-46cc-b5c1-1ea5fc1823da,KingSpec XG7000 PRO 1TB SSD M.2 PCIe 4.0 NVMe,KingSpec,XG7000,1000GB,,1c89586d-d429-46cc-b5c1-1ea5fc1823da.json,,1000,M.2-2280,,,,,0D9-000D-00156,,M.2 PCIe 4.0 x4,,,XG 7000 PRO-1TB,True,SSD,SSD
1ca6873c-f20f-4cb3-a753-5e2ff52ec0fb,"PNY XLR8 120GB SSD 2.5"" SATA",PNY,XLR8,120GB,,1ca6873c-f20f-4cb3-a753-5e2ff52ec0fb.json,,120,"2.5""",,,,,,,SATA 6.0 Gb/s,,,SSD9SC120GMDF-RB,False,SSD,SSD
1cb53e3c-691f-45c4-9e9c-4cd55f341525,"Western Digital Scorpio Black 320GB HDD 7200RPM 2.5"" SATA",Western Digital,Scorpio,320GB,,1cb53e3c-691f-45c4-9e9c-4cd55f341525.json,,320,"2.5""",B001CO3EKQ,,,,,,SATA 3.0 Gb/s,,,WD3200BEKT,False,HDD,HDD
1cbd58a5-df28-4366-9efc-c2ccadb25a8c,"Seagate ST1000NX0373 1TB 7200RPM HDD 2.5"" SAS",Seagate,ST1000NX0373,1000GB,,1cbd58a5-df28-4366-9efc-c2ccadb25a8c.json,,1000,"2.5""",B00Q46Q5MG,,,,,45498996,SAS 12.0 Gb/s,,,ST1000NX0373,False,HDD,HDD
1cc23c12-8770-4b7a-85c4-0e9d9a0372e3,Inland Professional 2TB SSD M.2-2280 PCIe 3.0 x4 NVMe,Inland,Professional,2000GB,,1cc23c12-8770-4b7a-85c4-0e9d9a0372e3.json,,2000,M.2-2280,,,,,,,M.2 PCIe 3.0 x4,,,2TB QLC NVME,True,SSD,SSD
1ccadc63-02d2-4bc7-821d-9d69a4046cb2,Kingston A400 240GB Internal SSD M.2 2280 SA400M8/240G - Increase Performance,Kingston,A400,,2019,1ccadc63-02d2-4bc7-821d-9d69a4046cb2.json,,240,M.2-2280,B07P22RK1G,6338869,,,9SIBKYEK6R4740,402631157,SATA 6.0 Gb/s,,,SA400M8/240G,False,SSD,SSD
1cf8d007-3dde-4490-b68d-eae1fecd4a29,"Kingston SSDNow UV400 480GB 2.5"" SSD SATA",Kingston,SSDNow,480GB,,1cf8d007-3dde-4490-b68d-eae1fecd4a29.json,,480,"2.5""",,,,,,,SATA 6.0 Gb/s,,,SUV400S37 | 480G,False,SSD,SSD
1d0be923-bf5f-4010-9f9c-8c70e7a09393,"Seagate Savvio 300GB HDD 2.5"" 10000RPM SATA",Seagate,Savvio,300GB,,1d0be923-bf5f-4010-9f9c-8c70e7a09393.json,,300,"2.5""",,,,,,,SATA 6.0 Gb/s,,,ST300MM0026,False,HDD,HDD
1d115e02-e7f8-472f-980c-67551f5aaef8,Integral M 256 GB SSD M.2-2280 PCIe 3.0 X4 NVMe,Integral,M,256GB,,1d115e02-e7f8-472f-980c-67551f5aaef8.json,,256,M.2-2280,,,,,,,M.2 PCIe 3.0 x4,,,INSSD256GM280NM1,True,SSD,SSD
1d1e96c7-9032-4aa7-be50-7a980a8b6656,"Western Digital Caviar Black 1TB HDD 3.5"" 7200RPM SATA",Western Digital,Caviar,1000GB,,1d1e96c7-9032-4aa7-be50-7a980a8b6656.json,,1000,"3.5""",,,,,,,SATA 3.0 Gb/s,,,WDBAAZ0010HNC-NRSN,False,HDD,HDD
1d4323eb-5c7d-42bc-bfcb-e6cdbfc4e504,SK Hynix Platinum P41 500GB M.2 SSD PCIe 4.0 NVMe,SK Hynix,Platinum,500GB,,1d4323eb-5c7d-42bc-bfcb-e6cdbfc4e504.json,,500,M.2-2280,B09QX5K5LS,,,,0D9-00BB-00046,,M.2 PCIe 4.0 x4,,,SHPP41-500GM-2,True,SSD,SSD
1d576332-6e2d-4107-84c7-23217405c85c,Patriot Viper VP4300 2TB M.2 SSD PCIe 4.0 NVMe,Patriot,Viper,2000GB,,1d576332-6e2d-4107-84c7-23217405c85c.json,,2000,M.2-2280,B08YZ6JCPH,,,,N82E16820225260,899174693,M.2 PCIe 4.0 x4,,,VP4300-2TBM28H,True,SSD,SSD
1d5f9302-6872-49ab-a767-fe513c26ada0,Samsung 9100 PRO 8TB M.2-2280 SSD PCIe 5.0 X4 NVMe,Samsung,9100,8000GB,,1d5f9302-6872-49ab-a767-fe513c26ada0.json,,8000,M.2-2280,,,,,,,M.2 PCIe 5.0 x4,,,MZ-VAP8T0B | AM | MZ-VAP8T0BW,True,SSD,SSD
1d605f1c-6d64-42f2-8de9-d4bd5c86f95c,Corsair MP600 GS 2TB SSD M.2-2280 PCIe 4.0 x4 NVMe,Corsair,MP600,2000GB,,1d605f1c-6d64-42f2-8de9-d4bd5c86f95c.json,,2000,M.2-2280,B0BJKVNB38,,,,N82E16820236928,,M.2 PCIe 4.0 x4,,,CSSD-F2000GBMP600GS,True,SSD,SSD
1d61089a-6d2c-4e86-92d9-2fcb22ab172f,MSI SPATIUM M480 PLAY 2TB M.2 SSD PCIe 4.0 NVMe,MSI,SPATIUM,2000GB,,1d61089a-6d2c-4e86-92d9-2fcb22ab172f.json,,2000,M.2-2280,,,,,,,M.2 PCIe 4.0 x4,,,S78-440Q300-P83 | SM480N2TBP,True,SSD,SSD
1d70fcbc-3056-4b97-baf5-bf5208763c51,Gigabyte AORUS Gen4 5000E 2TB SSD M.2-2280 PCIe 4.0 X4 NVME,Gigabyte,AORUS,2000GB,,1d70fcbc-3056-4b97-baf5-bf5208763c51.json,,2000,M.2-2280,,,,,,,M.2 PCIe 4.0 x4,,,AG450E2TB-G,True,SSD,SSD
1d7fbb10-13b0-4735-9970-1696e76c2ea8,"Kingston SSDNow E100 100 GB SSD 2.5"" SATA 6.0 Gb/s",Kingston,SSDNow,100GB,,1d7fbb10-13b0-4735-9970-1696e76c2ea8.json,,100,"2.5""",,,,,,,SATA 6.0 Gb/s,,,SE100S37 | 100G,False,SSD,SSD
1d9e0a9a-f78c-46e1-9299-aba2f9c6513a,"Seagate Barracuda Compute 3 TB 3.5"" 5400 RPM Internal Hard Drive",Seagate Technology,BarraCuda Compute,3 TB,2017,1d9e0a9a-f78c-46e1-9299-aba2f9c6513a.json,,3000,"3.5""",B07H2GY8ZS,,,,9SIAJ7WE5C3321,613234481,SATA 6.0 Gb/s,,,ST3000DMZ07 | ST3000DM007,False,HDD,HDD
1dba645b-eb8e-41aa-9b56-e40f4f915b5e,Leven JPS800 2TB M.2 SSD PCIe 4.0 NVMe,Leven,JPS800,2000GB,,1dba645b-eb8e-41aa-9b56-e40f4f915b5e.json,,2000,M.2-2280,B0BRQ3QL97,,,,,,M.2 PCIe 4.0 x4,,,JPS800-2TB,True,SSD,SSD
1de12b28-0495-49ff-92af-d362f6f1bf01,"Seagate Barracuda Pro 14TB Internal Hard Drive Performance HDD – 3.5 Inch SATA 6 Gb/s 7200 RPM 256MB Cache for Computer Desktop PC, Data Recovery (ST14000DM001)",Seagate,BarraCuda Pro,14TB,2018,1de12b28-0495-49ff-92af-d362f6f1bf01.json,,14000,"3.5""",B07H557CHQ,,,,9SIBAJMJT31369,,SATA 6.0 Gb/s,,,ST14000DMZ01 | ST14000DMZ01/DM001 | ST14000DM001,False,HDD,HDD
1dfbbccc-9866-49ae-a656-3d64165d3bb9,"Intel D3-S4510 960GB SSD 2.5"" SATA",Intel,D3-S4510,960GB,,1dfbbccc-9866-49ae-a656-3d64165d3bb9.json,,960,"2.5""",B07GJP5HJK,,,,,249059074,SATA 6.0 Gb/s,,,SSDSC2KB960G801,False,SSD,SSD
1e0e7d74-0ee4-4564-ab95-decfa4bb754f,"Seagate FireCuda 120 4TB SSD 2.5"" SATA 6.0 Gb/s",Seagate,FireCuda,4000GB,,1e0e7d74-0ee4-4564-ab95-decfa4bb754f.json,,4000,"2.5""",,,,,,,SATA 6.0 Gb/s,,,ZA4000GM10001 | ZA4000GM1A001,False,SSD,SSD
1e1587b0-ffe4-493a-9a28-944b85363a57,"Mushkin Source HC 8TB SSD 2.5"" SATA 6.0 Gb/s",Mushkin,Source,8000GB,,1e1587b0-ffe4-493a-9a28-944b85363a57.json,,8000,"2.5""",,,,,,,SATA 6.0 Gb/s,,,MKNSSDHC8TB,False,SSD,SSD
1e1bc84a-ba62-4b17-b55f-33a744a5680d,Kingston Fury Renegade 4TB SSD M.2 PCIe 4.0 X4 NVMe,Kingston,Fury,4000GB,,1e1bc84a-ba62-4b17-b55f-33a744a5680d.json,,4000,M.2-2280,B09K3PSWD2,,,,N82E16820242657,235352524,M.2 PCIe 4.0 x4,,,SFYRD | 4000G | SFYRD/4000G,True,SSD,SSD
1e210381-cad1-4c37-985f-06578e012746,Western Digital Red SN700 250GB SSD M.2-2280 PCIe 3.0 X4 NVMe,Western Digital,Red,250GB,,1e210381-cad1-4c37-985f-06578e012746.json,,250,M.2-2280,B09H1653PD,,,,,427487352,M.2 PCIe 3.0 x4,,,WDS250G1R0C,True,SSD,SSD
1e25a2de-067b-4fa9-9198-3fb40b98583d,"Western Digital VelociRaptor 300GB HDD 10000RPM 3.5"" SATA",Western Digital,VelociRaptor,300GB,,1e25a2de-067b-4fa9-9198-3fb40b98583d.json,,300,"3.5""",,,,,,,SATA 6.0 Gb/s,,,WD3000HLHX,False,HDD,HDD
1e2fe0a1-31bf-4192-8241-60311c7e8f52,"Seagate BarraCuda 500GB HDD 2.5"" 5400 RPM SATA 6.0 Gb/s Internal",Seagate,BarraCuda,500GB,,1e2fe0a1-31bf-4192-8241-60311c7e8f52.json,,500,"2.5""",B01M0AAA6X,,,,,101781283,SATA 6.0 Gb/s,,,ST500LM030,False,HDD,HDD
1e3a9c6e-f363-4256-b601-3a7fd2f9bf75,KingSpec NX-2230 512GB SSD M.2-2230 PCIe 3.0 NVMe,KingSpec,NX-2230,512GB,,1e3a9c6e-f363-4256-b601-3a7fd2f9bf75.json,,512,M.2-2230,B0BZVTQM3G,,,,,,M.2 PCIe 3.0 x4,,,NX-512-2230 | NX-512 2230,True,SSD,SSD
1e4791c2-bc19-4138-9ddf-f65ee784a005,"Intel 520 240GB SSD 2.5"" SATA 6.0 Gb/s",Intel,520,240GB,,1e4791c2-bc19-4138-9ddf-f65ee784a005.json,,240,"2.5""",,,,,,,SATA 6.0 Gb/s,,,SSDSC2CW240A310,False,SSD,SSD
1e47991e-4d3d-4918-b20f-0a123ea4233d,"OWC Mercury Electra 6G 1TB SSD 2.5"" SATA",OWC,Mercury,1000GB,,1e47991e-4d3d-4918-b20f-0a123ea4233d.json,,1000,"2.5""",B09TXTWDSC,,,,,,SATA 6.0 Gb/s,,,S3D7E6GD10 | OWCS3D7E6GD10,False,SSD,SSD
1e594798-9cac-437f-ac07-f10041693541,"ADATA SU760 1TB SSD 2.5"" SATA 6.0 Gb/s",ADATA,SU760,1000GB,,1e594798-9cac-437f-ac07-f10041693541.json,,1000,"2.5""",,,,,,,SATA 6.0 Gb/s,,,ASU760SS-1TT-C,False,SSD,SSD
1e59cca8-be57-471f-bcf4-b1ae8fca90f9,G.Skill Ripjaws S3 240GB M.2 SSD SATA,G.Skill,Ripjaws,240GB,,1e59cca8-be57-471f-bcf4-b1ae8fca90f9.json,,240,M.2-2280,,,,,,,M.2 SATA,,,FT-M8SI-240GRS3,False,SSD,SSD
1e61d208-6a23-46c4-b3ea-591e730f2785,Transcend 830S 4TB M.2-2280 SSD SATA,Transcend,830S,4000GB,,1e61d208-6a23-46c4-b3ea-591e730f2785.json,,4000,M.2-2280,,,,,,,M.2 SATA,,,TS4TMTS830S,False,SSD,SSD
1e73aaa9-e5da-4922-a982-1bad1ce31533,Kingston Fury Renegade 1TB SSD M.2-2280 PCIe 4.0 X4 NVMe,Kingston,Fury,1000GB,,1e73aaa9-e5da-4922-a982-1bad1ce31533.json,,1000,M.2-2280,B09K3H2YHX,,28480,,N82E16820242655,186276275,M.2 PCIe 4.0 x4,,,SFYRS | 1000G | SFYRS/1000G,True,SSD,SSD
1e78ff13-4b0b-4a7a-b82e-4bc0eff5a934,"Western Digital Red 12 TB HDD 5400 RPM 3.5"" SATA",Western Digital,Red,12000GB,,1e78ff13-4b0b-4a7a-b82e-4bc0eff5a934.json,,12000,"3.5""",B07RQ99XJH,,,,,552199250,SATA 6.0 Gb/s,,,WD120EFAX,False,HDD,HDD
1e85e155-174f-4342-98f5-9de2491c73bb,KIOXIA BG5 512GB SSD M.2 2280 PCIe 4.0 x4 NVMe,KIOXIA,BG5,512GB,,1e85e155-174f-4342-98f5-9de2491c73bb.json,,512,M.2-2280,,,,,,,M.2 PCIe 4.0 x4,,,KBG50ZNV512G,True,SSD,SSD
1e876d89-9326-4027-9223-b9ba9fadcbf2,Asus ROG Strix SQ7 1TB SSD M.2-2280 PCIe 4.0 X4 NVMe,Asus,ROG,1000GB,,1e876d89-9326-4027-9223-b9ba9fadcbf2.json,,1000,M.2-2280,B0B1MF5499,,,,,,M.2 PCIe 4.0 x4,,,90DD02PZ-M09000 | 90DD0230-B20010,True,SSD,SSD
1e8b5e79-3fd5-433b-a60f-11d143d6522b,Intel 600p 256GB SSD M.2 PCIe 3.0 NVMe,Intel,600p,256GB,,1e8b5e79-3fd5-433b-a60f-11d143d6522b.json,,256,M.2-2280,,,,,,,M.2 PCIe 3.0 x4,,,SSDPEKKW256G7X1,True,SSD,SSD
1e8bcaae-8338-45fc-9a2b-9b8e05ec1532,"Seagate Exos 7E10 512n 4TB HDD 3.5"" 7200RPM SATA",Seagate,Exos,4000GB,,1e8bcaae-8338-45fc-9a2b-9b8e05ec1532.json,,4000,"3.5""",B09FH88T9D,,,,1Z4-002P-024F6,799421305,SATA 6.0 Gb/s,,,ST4000NM000B | ST4000NM000BSP,False,HDD,HDD
1eac7c64-dc3b-442e-bdb0-a02deab53567,Western Digital Black AN1500 2TB SSD PCIe x8 NVMe,Western Digital,Black,2000GB,,1eac7c64-dc3b-442e-bdb0-a02deab53567.json,,2000,PCIe,B08HBXDX8R,,,,,920793742,M.2 PCIe 3.0 x8,,,WDS200T1X0L | WDS200T1X0L-00AUJ0,True,SSD,SSD
1eb2fd85-440b-4f7a-a13d-8d79ac4e61b2,"Crucial MX300 2.05 TB SSD 2.5"" SATA",Crucial,MX300,2000GB,,1eb2fd85-440b-4f7a-a13d-8d79ac4e61b2.json,,2000,"2.5""",B01KKZLX46,,,,,196322976,SATA 6.0 Gb/s,,,CT2050MX300SSD1,False,SSD,SSD
1eb47d80-91e7-469c-ab0f-b25a2c71bedb,Inland TN325 1TB SSD M.2-2242 PCIe 3.0 NVMe,Inland,TN325,1000GB,,1eb47d80-91e7-469c-ab0f-b25a2c71bedb.json,,1000,M.2-2242,B0C9F2QFJ5,,,,,,M.2 PCIe 3.0 x4,,,1TB TN325 | TN325,True,SSD,SSD
1ed91b55-15ca-49e6-8396-330de18b9ead,"Samsung PM893 480GB SSD 2.5"" SATA 6.0 Gb/s",Samsung,PM893,480GB,,1ed91b55-15ca-49e6-8396-330de18b9ead.json,,480,"2.5""",B0B847YW56,,,,,,SATA 6.0 Gb/s,,,MZ-7L348000 | MZ7L3480HCHQ-00A07,False,SSD,SSD
1edb206b-bacc-409e-b3e4-727994a52af1,"TEAMGROUP T-Force Vulcan 250GB 2.5"" SSD SATA",TEAMGROUP,T-Force,250GB,,1edb206b-bacc-409e-b3e4-727994a52af1.json,,250,"2.5""",,,,,,,SATA 6.0 Gb/s,,,T253TV250G3C301,False,SSD,SSD
1ee1ebcf-10f7-467d-aebc-007ea56cdddb,Micron 2200 256 GB SSD M.2-2280 PCIe 3.0 X4 NVME,Micron,2200,256GB,,1ee1ebcf-10f7-467d-aebc-007ea56cdddb.json,,256,M.2-2280,,,,,,,M.2 PCIe 3.0 x4,,,MTFDHBA256TCK-1AS15A,True,SSD,SSD
1ee72711-1c4e-4539-9507-0919b6d6de85,Samsung 9100 PRO w/Heatsink 2TB M.2-2280 SSD PCIe 5.0 NVMe,Samsung,9100,2000GB,,1ee72711-1c4e-4539-9507-0919b6d6de85.json,,2000,M.2-2280,,,,,,,M.2 PCIe 5.0 x4,,,MZ-VAP2T0C | AM,True,SSD,SSD
1eebca1a-18c9-4db7-8713-45a43a176067,"Corsair Force GT 120GB SSD 2.5"" SATA 6.0 Gb/s",Corsair,Force,120GB,,1eebca1a-18c9-4db7-8713-45a43a176067.json,,120,"2.5""",,,,,,,SATA 6.0 Gb/s,,,CSSD-F120GBGT-BK,False,SSD,SSD
1f117fc1-a62b-4197-ac1f-95fe2f7a2875,"Plextor PX-M2 128GB SSD 2.5"" SATA",Plextor,PX-M2,128GB,,1f117fc1-a62b-4197-ac1f-95fe2f7a2875.json,,128,"2.5""",,,,,,,SATA 6.0 Gb/s,,,PX-128M2S,False,SSD,SSD
1f3b097c-4158-403f-8fff-e9e8bee5cd26,Nextorage G-Series 1TB M.2-2280 SSD PCIe 4.0 x4 NVMe,Nextorage,G-Series,1000GB,,1f3b097c-4158-403f-8fff-e9e8bee5cd26.json,,1000,M.2-2280,,,,,,,M.2 PCIe 4.0 x4,,,NE1N1TB | GHNN SYM | GHNEL SYM,True,SSD,SSD
1f429c7d-e445-4808-a594-062c416a57d2,"Toshiba N300 8TB HDD 3.5"" 7200RPM SATA 6.0 Gb/s Internal",Toshiba,N300,8000GB,,1f429c7d-e445-4808-a594-062c416a57d2.json,,8000,"3.5""",B099P9SMW8,,,,,372488822,SATA 6.0 Gb/s,,,HDWG480XZSTA,False,HDD,HDD
1f4fa3df-27c7-4726-ad19-e8f10f887ac7,"Seagate ST2000DX001 2TB Hybrid HDD 3.5"" 7200RPM SATA",Seagate,ST2000DX001,2000GB,,1f4fa3df-27c7-4726-ad19-e8f10f887ac7.json,,2000,"3.5""",B00EIQTKAS,,,,,31260692,SATA 6.0 Gb/s,,,ST2000DX001,False,SSHD,SSHD
1f749878-b50c-41d3-b9f7-fd05eb1f4d06,"MSI SPATIUM S270 960GB SSD 2.5"" SATA",MSI,SPATIUM,960GB,,1f749878-b50c-41d3-b9f7-fd05eb1f4d06.json,,960,"2.5""",,,,,,,SATA 6.0 Gb/s,,,SPATIUM-S270-960GB | S78-440P130-P83,False,SSD,SSD
1f7e7917-e4dc-47e1-9e19-77630d925633,"Crucial MX500 4TB 2.5"" SSD SATA",Crucial,MX500,4000GB,,1f7e7917-e4dc-47e1-9e19-77630d925633.json,,4000,"2.5""",B09FRRWVWX,6481715,,,9SIBFJRJA14867,272467241,SATA 6.0 Gb/s,,,CT4000MX500SSD1,False,SSD,SSD
1f835eab-fe26-4ce8-a6e5-03e8d773763a,"Western Digital Caviar Blue 500 GB HDD 3.5"" 7200 RPM PATA 100",Western Digital,Caviar,500GB,,1f835eab-fe26-4ce8-a6e5-03e8d773763a.json,,500,"3.5""",,,,,,,PATA 100,,,WD5000AAKB,False,HDD,HDD
1f9044fd-e835-4b21-b327-90da1ec8b9f5,Samsung 950 PRO 256GB M.2-2280 SSD PCIe 3.0 x4 NVMe,Samsung,950,256GB,,1f9044fd-e835-4b21-b327-90da1ec8b9f5.json,,256,M.2-2280,B015SOI392,,,,,,M.2 PCIe 3.0 x4,,,MZ-V5P256BW,True,SSD,SSD
1f94dec8-4645-414f-82d2-21b3e12114b1,KIOXIA BG5 256GB M.2-2280 SSD PCIe 4.0 x4 NVMe,KIOXIA,BG5,256GB,,1f94dec8-4645-414f-82d2-21b3e12114b1.json,,256,M.2-2280,,,,,,,M.2 PCIe 4.0 x4,,,KBG50ZNV256G,True,SSD,SSD
1fa5e55c-994c-4a06-9fd4-5f5eb2135db6,Klevv CRAS C715 256GB SSD M.2-2280 PCIe 4.0 X4 NVMe,Klevv,CRAS,256GB,,1fa5e55c-994c-4a06-9fd4-5f5eb2135db6.json,,256,M.2-2280,,,,,,,M.2 PCIe 4.0 x4,,,K256GM2SP0-C7T,True,SSD,SSD
1fcd923d-af1f-48cd-9edf-308394462e85,Lexar Professional NM800PRO 1TB SSD M.2-2280 PCIe 4.0 x4 NVMe,Lexar,Professional,1000GB,,1fcd923d-af1f-48cd-9edf-308394462e85.json,,1000,M.2-2280,B0B7KWDW74,,,,9SIBFJRKB87852,1049146356,M.2 PCIe 4.0 x4,,,LNM800P001T-RNNNG,True,SSD,SSD
1ff12677-134f-4d9f-a8de-b64e5c5b35a6,"Seagate Barracuda ES 750GB HDD 3.5"" 7200RPM SATA 6.0 Gb/s",Seagate,Barracuda,750GB,,1ff12677-134f-4d9f-a8de-b64e5c5b35a6.json,,750,"3.5""",B000XPPXFO,,,,,,SATA 6.0 Gb/s,,,ST3750640NS,False,HDD,HDD
1ff1b67b-9ebe-4c8f-8b32-74458509e529,Samsung 980 Pro 2TB SSD M.2-2280 PCIe 4.0 X4 NVMe,Samsung,980,2000GB,,1ff1b67b-9ebe-4c8f-8b32-74458509e529.json,,2000,M.2-2280,B08RK2SR23,6447126,,,N82E16820147796,193736239,M.2 PCIe 4.0 x4,,,MZ-V8P2T0B | AM | MZ-V8P2T0BW | MZ-V8P2T0B/AM,True,SSD,
1ff553d1-9534-446a-ad24-5063beca8cd9,"Toshiba MK7559GSXP 750GB HDD 5400RPM 2.5"" SATA 3.0 Gb/s Internal",Toshiba,MK7559GSXP,750GB,,1ff553d1-9534-446a-ad24-5063beca8cd9.json,,750,"2.5""",B003YGEPHG,,,,,,SATA 3.0 Gb/s,,,MK7559GSXP,False,HDD,HDD
1ffd6830-7fcd-477e-b602-0740f39d186d,Crucial P2 2TB M.2 SSD PCIe 3.0 NVMe,Crucial,P2,2000GB,,1ffd6830-7fcd-477e-b602-0740f39d186d.json,,2000,M.2-2280,B08GVDNTGJ,6454635,,,9SIAKXTJJV7130,768042213,M.2 PCIe 3.0 x4,,,CT2000P2SSD8,True,SSD,SSD
20074156-be65-4213-a0d6-8f215db1f2e9,Silicon Power UD85 1TB SSD M.2-2280 PCIe 4.0 x4 NVMe,Silicon Power,UD85,1000GB,,20074156-be65-4213-a0d6-8f215db1f2e9.json,,1000,M.2-2280,B0BTM263YT,,,,,,M.2 PCIe 4.0 x4,,,SP01KGBP44UD8505 | UD85,True,SSD,SSD
200b98ee-7d92-48ec-a1bd-1b952f94020b,"Seagate BarraCuda 500GB 3.5"" HDD 7200RPM SATA",Seagate,BarraCuda,500GB,,200b98ee-7d92-48ec-a1bd-1b952f94020b.json,,500,"3.5""",,,,,,,SATA 3.0 Gb/s,,,ST3500320AS,False,HDD,HDD
2014b39b-daf1-4fed-92d7-23746cdc0182,Gigabyte AORUS Gen4 7300 2TB M.2 SSD PCIe 4.0 NVMe,Gigabyte,AORUS,2000GB,,2014b39b-daf1-4fed-92d7-23746cdc0182.json,,2000,M.2-2280,B0BXGYV94D,,,,N82E16820009044,,M.2 PCIe 4.0 x4,,,AG4732TB,True,SSD,SSD
2015e972-8f5f-4588-be0c-30ed2b68bc05,Inland QN322 1TB M.2-2280 SSD PCIe 3.0 X4 NVMe,Inland,QN322,1000GB,,2015e972-8f5f-4588-be0c-30ed2b68bc05.json,,1000,M.2-2280,B0B96T9HWQ,,,,,,M.2 PCIe 3.0 x4,,,1TB QN322 NVME | QN322 | 1TB QN322,True,SSD,SSD
204e6eb4-0eb7-4210-b2cc-207513806704,Seagate FireCuda 2TB SSD M.2-2280 PCIe 3.0 X4 NVMe,Seagate,FireCuda,2000GB,,204e6eb4-0eb7-4210-b2cc-207513806704.json,,2000,M.2-2280,B07QQ95CBZ,,,,N82E16820248080,281554974,M.2 PCIe 3.0 x4,,,ZP2000GM30021 | ZP2000GM30001,True,SSD,SSD
2055b47c-ba4c-436a-9eed-4bdb7c6ac5c4,Samsung MZVPV512HDGL-00000 512GB SSD M.2-2280 NVMe,Samsung,MZVPV512HDGL-00000,512GB,,2055b47c-ba4c-436a-9eed-4bdb7c6ac5c4.json,,512,M.2-2280,B015CWR4M2,,,,,,M.2 PCIe 3.0 x4,,,MZVPV512HDGL-00000,True,SSD,SSD
2059327b-50d0-4058-8c43-179153c50fd5,"HP S750 512GB SSD 2.5"" SATA 6.0 Gb/s",HP,S750,512GB,,2059327b-50d0-4058-8c43-179153c50fd5.json,,512,"2.5""",,,,,,,SATA 6.0 Gb/s,,,16L53AA#ABA,False,SSD,SSD
2063a1bb-ed08-4d35-b2ec-c8251bf732d7,"Toshiba MG07ACA12TA 12TB HDD 3.5"" 7200 RPM SATA Internal",Toshiba,MG07ACA12TA,12000GB,,2063a1bb-ed08-4d35-b2ec-c8251bf732d7.json,,12000,"3.5""",,,,,,,SATA 6.0 Gb/s,,,MG07ACA12TA,False,HDD,HDD
2065188b-6156-4ae2-ba00-d60871737d0b,"Toshiba X300 5TB HDD 7200RPM 3.5"" SATA 6.0 Gb/s",Toshiba,X300,5000GB,,2065188b-6156-4ae2-ba00-d60871737d0b.json,,5000,"3.5""",,,,,,,SATA 6.0 Gb/s,,,HDWE150XZSTA,False,HDD,HDD
208d89a5-0c1b-4359-9d12-f97ddbdee715,"Seagate EXOS Enterprise 2TB 3.5"" HDD 7200RPM SATA 6.0 Gb/s",Seagate,EXOS,2000GB,,208d89a5-0c1b-4359-9d12-f97ddbdee715.json,,2000,"3.5""",B00SN5WTIU,,,,,334007541,SATA 6.0 Gb/s,,,ST2000NM001A,False,HDD,HDD
2093f9db-8874-4900-81b8-85168e252266,Nextorage G-Series 8TB SSD M.2-2280 PCIe 4.0 x4 NVMe,Nextorage,G-Series,8000GB,,2093f9db-8874-4900-81b8-85168e252266.json,,8000,M.2-2280,,,,,0D9-0106-00015,,M.2 PCIe 4.0 x4,,,NE1N8TB,True,SSD,SSD
209c656a-3a66-40b5-b06d-13e37aba3eae,Samsung 970 Pro 1 TB M.2-2280 PCIe 3.0 X4 NVME,Samsung,970,1000GB,,209c656a-3a66-40b5-b06d-13e37aba3eae.json,,1000,M.2-2280,,,,,,,M.2 PCIe 3.0 x4,,,MZ-V7P1T0BW,True,SSD,SSD
20cb0b10-020b-4567-b664-c91fd45cc0dd,"Crucial M550 256GB SSD 2.5"" SATA",Crucial,M550,256GB,,20cb0b10-020b-4567-b664-c91fd45cc0dd.json,,256,"2.5""",,,,,,,SATA 6.0 Gb/s,,,CT256M550SSD1,False,SSD,SSD
20cc19ae-d811-410b-b9e5-9d1663bc5b58,Netac NV5000-t 1 TB SSD M.2-2280 PCIe 4.0 X4 NVMe,Netac,NV5000-t,1000GB,,20cc19ae-d811-410b-b9e5-9d1663bc5b58.json,,1000,M.2-2280,,,,,,,M.2 PCIe 4.0 x4,,,NT01NV5000t-1T0-E4X,True,SSD,SSD
20ce88c8-e649-4c0e-ac1f-910dd52d6a59,Silicon Power UD85 250GB SSD M.2 PCIe 4.0 NVMe,Silicon Power,UD85,250GB,,20ce88c8-e649-4c0e-ac1f-910dd52d6a59.json,,250,M.2-2280,,,,,,,M.2 PCIe 4.0 x4,,,SP250GBP44UD8505,True,SSD,SSD
20e86732-0e22-48d6-a6a9-46d3ed2dc146,"Western Digital Purple 18TB 3.5"" HDD 7200RPM SATA 6.0 Gb/s Internal",Western Digital,Purple,18000GB,,20e86732-0e22-48d6-a6a9-46d3ed2dc146.json,,18000,"3.5""",B08P2JRD9L,,,,,387511903,SATA 6.0 Gb/s,,,WD180PURZ,False,HDD,HDD
20f76191-1ad4-4810-899b-5f393a1bb7d9,"Samsung 840 500 GB SSD 2.5"" SATA 6.0 Gb/s",Samsung,840,500GB,,20f76191-1ad4-4810-899b-5f393a1bb7d9.json,,500,"2.5""",,,,,,,SATA 6.0 Gb/s,,,MZ-7TD500BW,False,SSD,SSD
2111163d-e51e-4332-9db5-f204feaf4912,"Intel D3-S4610 7.68 TB SSD 2.5"" SATA 6.0 Gb/s",Intel,D3-S4610,7000GB,,2111163d-e51e-4332-9db5-f204feaf4912.json,,7000,"2.5""",B082J3N7B4,,,,9SIA12KJHZ2506,277985938,SATA 6.0 Gb/s,,,SSDSC2KG076T801,False,SSD,SSD
2119f620-54df-47b0-af97-be370d1953f3,Gigabyte AORUS Gen4 1TB M.2 SSD PCIe 4.0 NVMe,Gigabyte,AORUS,1000GB,,2119f620-54df-47b0-af97-be370d1953f3.json,,1000,M.2-2280,B07TJWZGL9,,,,,284486026,M.2 PCIe 4.0 x4,,,GP-ASM2NE6100TTTD,True,SSD,SSD
2122966e-f77e-4455-8077-e132307831bd,Crucial MX500 500GB 3D NAND SATA 2.5-inch Internal SSD,Crucial,MX500,500GB,2020,2122966e-f77e-4455-8077-e132307831bd.json,,500,"2.5""",B0784SLQM6,,,,9SIAKVHKBE4395,809909878,SATA 6.0 Gb/s,,,CT500MX500SSD1Z | CT500MX500SSD1,False,SSD,SSD
214dc60a-aadb-46e7-8ea7-b9265c97cc15,"Western Digital Gold 18TB HDD 3.5"" 7200RPM SATA",Western Digital,Gold,18000GB,,214dc60a-aadb-46e7-8ea7-b9265c97cc15.json,,18000,"3.5""",B089S3CZ41,,,,N82E16822234420,212436752,SATA 6.0 Gb/s,,,WD181KRYZ | WD181KRYZ-SPAGBB0,False,HDD,HDD
2176aeab-0fc4-4630-a2d3-72fa16f38018,PNY CS2241 4TB SSD M.2 PCIe 4.0 NVMe,PNY,CS2241,4000GB,,2176aeab-0fc4-4630-a2d3-72fa16f38018.json,,4000,M.2-2280,B0BYL4YGLK,,,,N82E16820177159,2125724298,M.2 PCIe 4.0 x4,,,M280CS2241-4TB-CL | M280CS2241-4TB-RB,True,SSD,SSD
21951e2e-e322-40eb-aa18-4288b26def58,"Orico Y-20 256GB SSD 2.5"" SATA",Orico,Y-20,256GB,,21951e2e-e322-40eb-aa18-4288b26def58.json,,256,"2.5""",,,,,,,SATA 6.0 Gb/s,,,Y20-256GB,False,SSD,SSD
2199f127-a07d-4a01-9949-f1c8b3611fc5,"SanDisk Ultra 120GB SSD 2.5"" SATA",SanDisk,Ultra,120GB,,2199f127-a07d-4a01-9949-f1c8b3611fc5.json,,120,"2.5""",,,,,,,SATA 3.0 Gb/s,,,SDSSDH-120G-G25,False,SSD,SSD
21a00f0f-42f7-4452-a011-df36b3723b9a,"IBM 90Y8572 2TB HDD 7200RPM 3.5"" SAS 6.0 Gb/s",IBM,90Y8572,2000GB,,21a00f0f-42f7-4452-a011-df36b3723b9a.json,,2000,"3.5""",B009SHUP1U,,,,,,SAS 6.0 Gb/s,,,90Y8572,False,HDD,HDD
21ccc36f-eaf1-429d-9e64-cc15243b8c4d,"Lexar NS100 512GB SSD 2.5"" SATA 6.0 Gb/s",Lexar,NS100,512GB,,21ccc36f-eaf1-429d-9e64-cc15243b8c4d.json,,512,"2.5""",,,,,,,SATA 6.0 Gb/s,,,LNS100-512RBNA,False,SSD,SSD
21dba8cd-3da4-4d90-8828-b147d63584b9,"TEAMGROUP CX2 2TB SSD 2.5"" SATA",TEAMGROUP,CX2,2000GB,,21dba8cd-3da4-4d90-8828-b147d63584b9.json,,2000,"2.5""",B091CWK6ZP,,,,N82E16820331573,291057443,SATA 6.0 Gb/s,,,T253X6002T0C101,False,SSD,SSD
21e6baa7-60ae-41d1-89ee-0ded8a061112,"Western Digital AV-GP 500GB 3.5"" HDD 5400RPM SATA",Western Digital,AV-GP,500GB,,21e6baa7-60ae-41d1-89ee-0ded8a061112.json,,500,"3.5""",B01IJJ5JEK,,,,,,SATA 3.0 Gb/s,,,WD5000AVDS | WD5000AVDS/CR | WD5000AVDS-CR,False,HDD,HDD
222ebfb0-13cb-4d3c-9598-e41de4456302,Transcend MTS600 32GB SSD M.2 SATA,Transcend,MTS600,32GB,,222ebfb0-13cb-4d3c-9598-e41de4456302.json,,32,M.2-2260,B00KLTPTA6,,,,,38795821,M.2 SATA,,,TS32GMTS600,False,SSD,SSD
224579e0-9730-41bb-b57f-362fb7034c46,"TEAMGROUP L5 LITE 3D 480GB SSD 2.5"" SATA 6.0 Gb/s",TEAMGROUP,L5,480GB,,224579e0-9730-41bb-b57f-362fb7034c46.json,,480,"2.5""",,,,,,,SATA 6.0 Gb/s,,,T253TD480G3C101,False,SSD,SSD
224b84a0-d8d4-4600-9590-db14b9dbf2c4,TEAMGROUP MP34 1TB M.2-2280 SSD PCIe 3.0 X4 NVMe,TEAMGROUP,MP34,1000GB,,224b84a0-d8d4-4600-9590-db14b9dbf2c4.json,,1000,M.2-2280,B07PHQ6Q1D,,,,N82E16820331309,907319064,M.2 PCIe 3.0 x4,,,TM8FP4001T0C101,True,SSD,SSD
225ec976-b9a0-4a49-ad0a-cfaa3746eec7,Patriot P310 240GB SSD M.2-2280 PCIe 3.0 X4 NVMe,Patriot,P310,240GB,,225ec976-b9a0-4a49-ad0a-cfaa3746eec7.json,,240,M.2-2280,B09KY7PMCS,,,,9SIA8UCK754644,420139695,M.2 PCIe 3.0 x4,,,P310P240GM28,True,SSD,SSD
22601ea7-e5c1-4065-8f42-6788ad276800,"Intel X25-V 40GB SSD 2.5"" SATA 3.0 Gb/s",Intel,X25-V,40GB,,22601ea7-e5c1-4065-8f42-6788ad276800.json,,40,"2.5""",,,,,,,SATA 3.0 Gb/s,,,SSDSA2MP040G2R5,False,SSD,SSD
22640c1f-21f9-405f-ba4c-191b88285c08,ADATA LEGEND 700 256GB SSD M.2 NVMe PCIe 3.0,ADATA,LEGEND,256GB,,22640c1f-21f9-405f-ba4c-191b88285c08.json,,256,M.2-2280,,,,,,,M.2 PCIe 3.0 x4,,,ALEG-700-256GCS,True,SSD,SSD
2264fbac-c791-405f-b719-dadb58ffca9c,"ADATA SU630 960GB SSD 2.5"" SATA",ADATA,SU630,960GB,,2264fbac-c791-405f-b719-dadb58ffca9c.json,,960,"2.5""",B07KQXC7KR,,,,,791650211,SATA 6.0 Gb/s,,,ASU630SS-960GQ-R | SU630,False,SSD,SSD
226765b3-7dd9-41c8-94fd-46c5d4a7fa57,Kingston KC1000 960GB SSD M.2-2280 PCIe 3.0 x4 NVMe,Kingston,KC1000,960GB,,226765b3-7dd9-41c8-94fd-46c5d4a7fa57.json,,960,M.2-2280,,,,,,,M.2 PCIe 3.0 x4,,,SKC1000 | 960G,True,SSD,SSD
228afd1d-10ae-4aab-ad5c-1efa8981b4c3,Western Digital WD_BLACK SN8100 1TB SSD M.2-2280 PCIe 5.0 x4 NVMe,Western Digital,WD_BLACK,1000GB,,228afd1d-10ae-4aab-ad5c-1efa8981b4c3.json,1024,1000,M.2-2280,B0F3BMBQ75,6633573,,,N82E16820250278,16487817642,M.2 PCIe 5.0 x4,,,WDS100T1X0M | WDS100T1X0M-00CMT0,True,SSD,SSD
229a59a2-c6be-4554-88ee-fe41a87538e7,TEAMGROUP T-Create Classic 2TB SSD M.2 PCIe 3.0 NVMe,TEAMGROUP,T-Create,2000GB,,229a59a2-c6be-4554-88ee-fe41a87538e7.json,,2000,M.2-2280,B08VVTP662,,,,N82E16820331681,828553912,M.2 PCIe 3.0 x4,,,TM8FPE002T0C611,True,SSD,SSD
22d5f0ba-c364-4184-9182-5f941b2d5489,Rocket Q NVMe SSD,Sabrent,Rocket Q,500GB,2021,22d5f0ba-c364-4184-9182-5f941b2d5489.json,,500,M.2-2280,B0863DHZDJ,,,,9SIBK19JMM4362,902740990,M.2 PCIe 3.0 x4,,,SB-RKTQ-500,True,SSD,SSD
22d8b8aa-4117-40f0-9e3a-72a9fccf22e1,Western Digital WD Green 240GB SSD M.2-2280 SATA,Western Digital,WD,240GB,,22d8b8aa-4117-40f0-9e3a-72a9fccf22e1.json,,240,M.2-2280,B07VMTNDMK,,,,1E8-0006-005W2,1971692818,M.2 SATA,,,WDS240G3G0B | WDBA2W0020BBK-WES1,False,SSD,SSD
22eb0219-0968-4a76-bb37-574183af4540,AITC Kingsman KE680 1TB SSD M.2-2280 PCIe 4.0 X4 NVME,AITC Kingsman,KE680,1000GB,,22eb0219-0968-4a76-bb37-574183af4540.json,,1000,M.2-2280,,,,,,,M.2 PCIe 4.0 x4,,,AIKE680M1TB228,True,SSD,SSD
23011398-2b83-4ec7-8ae4-a3217e4de346,Intel 760p 256GB M.2-2280 SSD PCIe 3.0 x4 NVMe,Intel,760p,256GB,,23011398-2b83-4ec7-8ae4-a3217e4de346.json,,256,M.2-2280,B078VBL3T9,,,,9SIBWH3KAJ6345,444852599,M.2 PCIe 3.0 x4,,,SSDPEKKW256G8XT | INT-SSDPEKKW256G8XT,True,SSD,SSD
23199301-752e-4be4-9fbe-ea0155b63a65,"Seagate FireCuda 120 1TB SSD 2.5"" SATA",Seagate,FireCuda,1000GB,,23199301-752e-4be4-9fbe-ea0155b63a65.json,,1000,"2.5""",,,,,,,SATA 6.0 Gb/s,,,ZA1000GM10001 | ZA1000GM1A001,False,SSD,SSD
231b899c-d146-4a3b-bb56-16b6302e3f99,"Seagate 600 Pro 240GB SSD 2.5"" SATA",Seagate,600,240GB,,231b899c-d146-4a3b-bb56-16b6302e3f99.json,,240,"2.5""",B00DI7AR0A,,,,,,SATA 6.0 Gb/s,,,ST240FP0021,False,SSD,SSD
231e32eb-3f9c-4f8b-bf4b-59d013c36ddf,Crucial M550 512GB SSD M.2-2280 SATA,Crucial,M550,512GB,,231e32eb-3f9c-4f8b-bf4b-59d013c36ddf.json,,512,M.2-2280,,,,,,,M.2 SATA,,,CT512M550SSD4,False,SSD,SSD
234d368b-398a-4427-bde2-ccdb5d53508f,TEAMGROUP T-Create Classic C47 2TB SSD M.2 PCIe 4.0 NVMe,TEAMGROUP,T-Create,2000GB,,234d368b-398a-4427-bde2-ccdb5d53508f.json,,2000,M.2-2280,B0CXCYPN8H,,,,,,M.2 PCIe 4.0 x4,,,TM8FFC002T0C129,True,SSD,SSD
23719338-39ef-4f1a-b3b9-230c7fec6634,"Kingston SSDNow UV400 960 GB SSD 2.5"" SATA",Kingston,SSDNow,960GB,,23719338-39ef-4f1a-b3b9-230c7fec6634.json,,960,"2.5""",,,,,,,SATA 6.0 Gb/s,,,SUV400S37 | 960G,False,SSD,SSD
237f3146-2310-4f8b-a15c-c0af8e2ef2a3,"Corsair Force 120GB SSD 2.5"" SATA",Corsair,Force,120GB,,237f3146-2310-4f8b-a15c-c0af8e2ef2a3.json,,120,"2.5""",,,,,,,SATA 6.0 Gb/s,,,CSSD-F120GBLS,False,SSD,SSD
238c865a-d8e0-466e-aaf3-6b1e111fe457,Klevv CRAS C720 2TB SSD M.2-2280 PCIe 3.0 x4 NVMe,Klevv,CRAS,2000GB,,238c865a-d8e0-466e-aaf3-6b1e111fe457.json,,2000,M.2-2280,,,,,,,M.2 PCIe 3.0 x4,,,K02TBM2SP0-C72,True,SSD,SSD
238f651b-cbf2-4d9b-8e38-4ffbe2746284,"Seagate Barracuda ES 1TB HDD 3.5"" SATA",Seagate,Barracuda,1000GB,,238f651b-cbf2-4d9b-8e38-4ffbe2746284.json,,1000,"3.5""",,,,,,,SATA 3.0 Gb/s,,,ST31000340NS - FFP,False,HDD,HDD
23902704-def2-48e2-95f3-e76383b99fb9,Sabrent Rocket 2TB M.2 SSD PCIe 4.0 NVMe,Sabrent,Rocket,2000GB,,23902704-def2-48e2-95f3-e76383b99fb9.json,,2000,M.2-2280,,,,,,,M.2 PCIe 4.0 x4,,,SB-ROCKET-NVMe4-2TB,True,SSD,SSD
239f7ec9-ec09-411b-8d7d-5b15c782be4f,"Toshiba X300 8TB HDD 7200RPM 3.5"" SATA 6.0 Gb/s Internal",Toshiba,X300,8000GB,,239f7ec9-ec09-411b-8d7d-5b15c782be4f.json,,8000,"3.5""",B09B41KKDD,,,,,,SATA 6.0 Gb/s,,,HDWR480UZSVA,False,HDD,HDD
23c82b79-0114-4367-8900-7c5faf3f25d4,"Kingston HyperX FURY RGB 480GB SSD 2.5"" SATA",Kingston,HyperX,480GB,,23c82b79-0114-4367-8900-7c5faf3f25d4.json,,480,"2.5""",,,,,,,SATA 6.0 Gb/s,,,SHFR200 | 480G,False,SSD,SSD
23daa09e-b759-4d6b-aae1-570942f11004,Western Digital Blue 500GB SSD M.2 PCIe 3.0 NVMe,Western Digital,Blue,500GB,,23daa09e-b759-4d6b-aae1-570942f11004.json,,500,M.2-2280,B07P7TFKRH,,,,,,M.2 PCIe 3.0 x2,,,WDS500G1B0C,True,SSD,SSD
2403dac2-f608-40f9-8faf-b07c7c827a16,"Seagate ST500LM021 500GB 2.5"" HDD 7200RPM SATA Internal",Seagate,ST500LM021,500GB,,2403dac2-f608-40f9-8faf-b07c7c827a16.json,,500,"2.5""",B00ISKS416,,,,,39097218,SATA 6.0 Gb/s,,,ST500LM021,False,HDD,HDD
240d9a0b-ebd1-4daf-9411-24767934b3ee,Western Digital PC SN730 256GB M.2-2280 SSD PCIe 3.0 X4 NVMe,Western Digital,PC,256GB,,240d9a0b-ebd1-4daf-9411-24767934b3ee.json,,256,M.2-2280,B09X2V87J6,,,,,,M.2 PCIe 3.0 x4,,,SDBPNTY-256G,True,SSD,SSD
24359bce-6d57-4407-9a3f-3ca0499211d3,Western Digital SN520 256GB SSD M.2 PCIe 3.0 NVMe,Western Digital,SN520,256GB,,24359bce-6d57-4407-9a3f-3ca0499211d3.json,,256,M.2-2280,,,,,,,M.2 PCIe 3.0 x2,,,SDAPNUW-256G,True,SSD,SSD
243c2981-146f-4d4c-a356-faa4ac490fcf,Klevv CRAS C910 Lite 1TB M.2-2280 SSD PCIe 4.0 NVMe,Klevv,CRAS,1000GB,,243c2981-146f-4d4c-a356-faa4ac490fcf.json,,1000,M.2-2280,,,,,,,M.2 PCIe 4.0 x4,,,K01TBM2SP0-C9L,True,SSD,SSD
244a33c8-e935-49ea-9912-0ad91346e8db,Samsung 960 Evo 250GB SSD M.2-2280 PCIe 3.0 x4 NVMe,Samsung,960,250GB,,244a33c8-e935-49ea-9912-0ad91346e8db.json,,250,M.2-2280,B01LYFKX41,,,,9SIAADF99U3859,,M.2 PCIe 3.0 x4,,,MZ-V6E250 | MZ-V6E250BW,True,SSD,SSD
244c19d8-a430-470e-aa3e-060d8ba18ef2,"Seagate Barracuda 7200.10 160GB 3.5"" HDD 7200RPM SATA",Seagate,Barracuda,160GB,,244c19d8-a430-470e-aa3e-060d8ba18ef2.json,,160,"3.5""",,,,,,,SATA 3.0 Gb/s,,,ST3160815AS,False,HDD,HDD
24593542-a46c-44b1-be64-8d53e8dc763c,Corsair MP600 MINI 1TB SSD M.2-2230 PCIe 4.0 x4 NVMe,Corsair,MP600,1000GB,,24593542-a46c-44b1-be64-8d53e8dc763c.json,,1000,M.2-2230,B0C28HLKNB,,,,,,M.2 PCIe 4.0 x4,,,CSSD-F1000GBMP600MN,True,SSD,SSD
248a9f33-3106-4471-9947-b129394968ff,Intel 660p 2TB M.2-2280 SSD PCIe 3.0 x4 NVMe,Intel,660p,2000GB,,248a9f33-3106-4471-9947-b129394968ff.json,,2000,M.2-2280,B07GBGN7NH,,,,,528781900,M.2 PCIe 3.0 x4,,,SSDPEKNW020T801 | 1359069,True,SSD,SSD
248add02-8d90-42c6-b40e-c712922803f3,"Seagate SkyHawk AI 10TB 3.5"" HDD 7200RPM SATA",Seagate,SkyHawk,10000GB,,248add02-8d90-42c6-b40e-c712922803f3.json,,10000,"3.5""",B085RH2FR7,,,,,164341962,SATA 6.0 Gb/s,,,ST10000VE0008 | ST10000VEZ008 | ST10000VEZ08,False,HDD,HDD
249940cd-a53f-4fb8-adb5-5a99cf5baaff,Leven JPS850 2TB SSD M.2-2280 PCIe 4.0 X4 NVMe,Leven,JPS850,2000GB,,249940cd-a53f-4fb8-adb5-5a99cf5baaff.json,,2000,M.2-2280,,,,,,,M.2 PCIe 4.0 x4,,,JPS850-2TB | JPS850-2TB-Gen4,True,SSD,SSD
24abeff0-8b3b-4824-b585-47f4d0407cbf,Samsung 980 1TB SSD M.2-2280 PCIe 3.0 x4 NVMe,Samsung,980,1000GB,,24abeff0-8b3b-4824-b585-47f4d0407cbf.json,,1000,M.2-2280,B08V83JZH4,6454198,,,N82E16820147804,722100215,M.2 PCIe 3.0 x4,,,MZ-V8V1T0B | AM | MZ-V8V1T0BW | MZ-V8V1T0B/AM,True,SSD,SSD
24b434b0-af5d-487d-8330-c14904487f53,ADATA XPG GAMMIX S70 Blade 2TB SSD M.2-2280 PCIe 4.0 X4 NVMe,ADATA,XPG,2000GB,,24b434b0-af5d-487d-8330-c14904487f53.json,,2000,M.2-2280,B08NY455CZ,6486460,28477,,N82E16820246056,144413904,M.2 PCIe 4.0 x4,,,AGAMMIXS70B-2T-CS | AGAMMIXS70-2T-C,True,SSD,SSD
252e0a1d-bd20-4677-98a3-90f2bb51ff9b,"Hitachi Ultrastar 1TB 7200RPM HDD 3.5"" SATA",Hitachi,Ultrastar,1000GB,,252e0a1d-bd20-4677-98a3-90f2bb51ff9b.json,,1000,"3.5""",,,,,,,SATA 6.0 Gb/s,,,HUA722010CLA330,False,HDD,HDD
25578fa9-d68e-421c-80cf-f2aba8deb8aa,"Mushkin ELEMENT 512GB SSD 2.5"" SATA 6.0 Gb/s",Mushkin,ELEMENT,512GB,,25578fa9-d68e-421c-80cf-f2aba8deb8aa.json,,512,"2.5""",B0B7Y5RLWT,,,,,3554844087,SATA 6.0 Gb/s,,,MKNSSDEL512GB | MKNSSDS2,False,SSD,SSD
255a4bd4-2c5c-469e-b4f4-23121f46657e,"TEAMGROUP GX1 120GB SSD 2.5"" SATA",TEAMGROUP,GX1,120GB,,255a4bd4-2c5c-469e-b4f4-23121f46657e.json,,120,"2.5""",B07SD64GDS,,,,,783694971,SATA 6.0 Gb/s,,,T253X1120G0C101 | GX1,False,SSD,SSD
255b6013-25ed-499b-b3a7-fb41fc0fcd4c,Klevv CRAS C925 500GB SSD M.2-2280 PCIe 4.0 x4 NVMe,Klevv,CRAS,500GB,,255b6013-25ed-499b-b3a7-fb41fc0fcd4c.json,,500,M.2-2280,B0D8PN7CS7,,,,,,M.2 PCIe 4.0 x4,,,K500GM2SP0-C9T | C925,True,SSD,SSD
2570b5c6-c136-4646-92e8-1333ab6fa2ab,FanXiang S500 Pro 512GB M.2-2280 SSD PCIe 3.0 X4 NVMe,FanXiang,S500,512GB,,2570b5c6-c136-4646-92e8-1333ab6fa2ab.json,,512,M.2-2280,B0B55R7PYB,,,,,,M.2 PCIe 3.0 x4,,,S500 Pro - 512GB - M.2 SSD | 512 nvme ssd - S500 Pro | S500 Pro - 512gb m.2 ssd | S500 Pro,True,SSD,SSD
25892677-f6c2-41f1-81a2-f5867846405c,"Samsung Spinpoint F3 160GB 3.5"" HDD SATA",Samsung,Spinpoint,160GB,,25892677-f6c2-41f1-81a2-f5867846405c.json,,160,"3.5""",,,,,,,SATA 3.0 Gb/s,,,HD163GJ,False,HDD,HDD
25964957-acdc-4150-98a4-ffbd4cc4380b,"Seagate Exos X24 SED 24TB HDD 3.5"" SATA",Seagate,Exos,24000GB,,25964957-acdc-4150-98a4-ffbd4cc4380b.json,,24000,"3.5""",,,,,,,SATA 6.0 Gb/s,,,ST24000NM001H,False,HDD,HDD
25beb8ef-d35a-4847-9750-009bd5fcf9c8,"AMD Radeon R3 480GB SSD 2.5"" SATA 6.0 Gb/s",AMD,Radeon,480GB,,25beb8ef-d35a-4847-9750-009bd5fcf9c8.json,,480,"2.5""",,,,,,,SATA 6.0 Gb/s,,,R3 480GB | SSDR3SL480G | R3SL480G,False,SSD,SSD
25c1a84a-d081-4147-b854-4f1c1ec589fc,Lexar PLAY 8TB SSD M.2-2280 PCIe 4.0 X4 NVMe,Lexar,PLAY,8000GB,,25c1a84a-d081-4147-b854-4f1c1ec589fc.json,,8000,M.2-2280,B0DG6TKX9Y,,,,,,M.2 PCIe 4.0 x4,,,LNMPLY8008T-RNNNU,True,SSD,SSD
25dcf94e-9180-48f4-8c9e-3eb54c3cd025,"Western Digital VelociRaptor 150GB HDD 3.5"" SATA",Western Digital,VelociRaptor,150GB,,25dcf94e-9180-48f4-8c9e-3eb54c3cd025.json,,150,"3.5""",B001EQQW1A,,,,,,SATA 3.0 Gb/s,,,WD1500HLFS,False,HDD,HDD
25f8746b-7df2-4b77-a596-9090a1eaef3b,"Toshiba X300 Pro 12TB 3.5"" HDD 7200RPM SATA 6.0 Gb/s",Toshiba,X300,12000GB,,25f8746b-7df2-4b77-a596-9090a1eaef3b.json,,12000,"3.5""",B09TQ7VT42,,,,N82E16822149814,1796147144,SATA 6.0 Gb/s,,,HDWR51CXZSTB,False,HDD,HDD
260f5776-953b-4320-9039-0e2376686445,"VisionTek 901414 8TB SSD 2.5"" SATA",VisionTek,901414,8000GB,,260f5776-953b-4320-9039-0e2376686445.json,,8000,"2.5""",,,,,,,SATA 6.0 Gb/s,,,901414,False,SSD,SSD
2630dc7b-9228-41bb-8364-5abbc07dddf5,Western Digital Black AN1500 2TB SSD PCIe NVMe,Western Digital,Black,2000GB,,2630dc7b-9228-41bb-8364-5abbc07dddf5.json,,2000,PCIe,,,,,,,M.2 PCIe 3.0 x8,,,WDS200T1X0L-00AUJ0,True,SSD,SSD
2692715c-d3d0-481d-8c70-238efcbacdec,Seagate BarraCuda 520 512GB M.2 SSD PCIe 4.0 NVMe,Seagate,BarraCuda,512GB,,2692715c-d3d0-481d-8c70-238efcbacdec.json,,512,M.2-2280,,,,,,,M.2 PCIe 4.0 x4,,,ZP512CM3A002,True,SSD,SSD
2698e683-59fb-4c21-8aae-f890bb076372,GameStop 23VG-GSPL-GameStop 1TB SSD Heatsink M.2 PCIe 4.0 NVMe,GameStop,23VG-GSPL-GameStop,1000GB,,2698e683-59fb-4c21-8aae-f890bb076372.json,,1000,M.2-2280,,,,,,,M.2 PCIe 4.0 x4,,,23VG-GSPL-GameStop NVMe SSD-Heatsink-1TB,True,SSD,SSD
26bd4331-cd6e-4400-9d0f-0ba1fa01cbf0,Toshiba XG3 512GB SSD M.2-2280 PCIe 3.0 x4 NVMe,Toshiba,XG3,512GB,,26bd4331-cd6e-4400-9d0f-0ba1fa01cbf0.json,,512,M.2-2280,B01K8AAKCE,,,,,118988237,M.2 PCIe 3.0 x4,,,THNSN5512GPU7,True,SSD,SSD
26c4a27a-4da1-4bf2-8330-7a09894e9b79,"Silicon Power Ace A56 1TB SSD 2.5"" SATA 6.0 Gb/s",Silicon Power,Ace,1000GB,,26c4a27a-4da1-4bf2-8330-7a09894e9b79.json,,1000,"2.5""",,,,,,,SATA 6.0 Gb/s,,,SP001TBSS3A56A25,False,SSD,SSD
26e0910c-5d7b-444a-9540-ea9986d99142,Western Digital PC SN730 1TB M.2 SSD PCIe 3.0 NVMe,Western Digital,PC,1000GB,,26e0910c-5d7b-444a-9540-ea9986d99142.json,,1000,M.2-2280,B08ZLKL7K7,,,,,,M.2 PCIe 3.0 x4,,,SDBQNTY-1TOO,True,SSD,SSD
26e0c05b-9579-4e5b-a324-8bfc4c886988,"TEAMGROUP T-Force Delta RGB Lite 500GB SSD 2.5"" SATA",TEAMGROUP,T-Force,500GB,,26e0c05b-9579-4e5b-a324-8bfc4c886988.json,,500,"2.5""",,,,,,,SATA 6.0 Gb/s,,,T253TR512G3C323,False,SSD,SSD
26fdf428-9dad-4d6d-ac08-1b72c5e71afe,Gigabyte AORUS Gen4 500GB M.2-2280 SSD PCIe 4.0 x4 NVMe,Gigabyte,AORUS,500GB,,26fdf428-9dad-4d6d-ac08-1b72c5e71afe.json,,500,M.2-2280,,,,,,,M.2 PCIe 4.0 x4,,,GP-AG4500G,True,SSD,SSD
270facca-4ab5-4e42-9be6-54be00037aea,"OCZ Vertex 4 128GB SSD 2.5"" SATA 6.0 Gb/s",OCZ,Vertex,128GB,,270facca-4ab5-4e42-9be6-54be00037aea.json,,128,"2.5""",,,,,,,SATA 6.0 Gb/s,,,VTX4-25SAT3-128G,False,SSD,SSD
2710a155-8320-44b5-bc65-05dfb40c1edb,Netac NV7000-t 2TB SSD M.2-2280 PCIe 4.0 x4 NVMe,Netac,NV7000-t,2000GB,,2710a155-8320-44b5-bc65-05dfb40c1edb.json,,2000,M.2-2280,B0C7TR7H27,,,,,,M.2 PCIe 4.0 x4,,,NT01NV7000t-2T0-E4X | NV7000-t,True,SSD,SSD
27382568-78af-446c-8c21-50fdd4a09899,"Intel 545s 256 GB 2.5"" SSD SATA 6.0 Gb/s",Intel,545s,256GB,,27382568-78af-446c-8c21-50fdd4a09899.json,,256,"2.5""",B074S8V6Y1,,,,,404464716,SATA 6.0 Gb/s,,,SSDSC2KW256G8X1,False,SSD,SSD
2747b5be-5868-4e12-b0f4-c122746c196a,Corsair MP600 PRO LPX 2TB SSD M.2-2280 PCIe 4.0 x4 NVMe,Corsair,MP600,2000GB,,2747b5be-5868-4e12-b0f4-c122746c196a.json,,2000,M.2-2280,B0BWYWN6NG,6574642,,,N82E16820236978,1018617009,M.2 PCIe 4.0 x4,,,CSSD-F2000GBMP600PLPW,True,SSD,SSD
2757ae52-5fee-47ce-a82c-d4730b33370b,TEAMGROUP T-Force Cardea II TUF Gaming Alliance 1TB SSD M.2 PCIe 3.0 NVMe,TEAMGROUP,T-Force,1000GB,,2757ae52-5fee-47ce-a82c-d4730b33370b.json,,1000,M.2-2280,,,,,,,M.2 PCIe 3.0 x4,,,TM8FPB001T0C310,True,SSD,SSD
2778345e-4843-453e-bda8-f91bbc588064,"Integral V Series 2 480GB SSD 2.5"" SATA",Integral,V,480GB,,2778345e-4843-453e-bda8-f91bbc588064.json,,480,"2.5""",,,,,,,SATA 6.0 Gb/s,,,INSSD480GS625V2,False,SSD,SSD
278c5e4d-be80-485a-9fe8-0f916da6b2b9,Corsair MP700 PRO 4TB SSD M.2-2280 PCIe 5.0 x4 NVMe,Corsair,MP700,4000GB,,278c5e4d-be80-485a-9fe8-0f916da6b2b9.json,,4000,M.2-2280,B0CWH9BX2P,,,,N82E16820982146,5500972476,M.2 PCIe 5.0 x4,,,CSSD-F4000GBMP700PNH,True,SSD,SSD
2790b02f-32ed-44fd-8f18-fa4f4551aff1,"PNY CS1111 120GB 2.5"" SSD SATA",PNY,CS1111,120GB,,2790b02f-32ed-44fd-8f18-fa4f4551aff1.json,,120,"2.5""",,,,,,,SATA 6.0 Gb/s,,,SSD7CS1111-120-RB,False,SSD,SSD
279ce5c4-4215-42b3-9429-ebc0b6898025,"Western Digital Red Plus 6TB HDD 5400RPM 3.5"" SATA 6.0 Gb/s",Western Digital,Red,6000GB,,279ce5c4-4215-42b3-9429-ebc0b6898025.json,,6000,"3.5""",B00LO3KR96,,,,,39137369,SATA 6.0 Gb/s,,,WD60EFRX | ST-6TBS | 64-WD60EFRX | ST-6TBS/64-WD60EFRX | WD60EFAX,False,HDD,HDD
27a3e4aa-eb9e-42eb-ba78-2f9c1a78bf24,"Seagate IronWolf Pro 125 960GB SSD 2.5"" SATA 6.0 Gb/s",Seagate,IronWolf,960GB,,27a3e4aa-eb9e-42eb-ba78-2f9c1a78bf24.json,,960,"2.5""",,,,,,,SATA 6.0 Gb/s,,,ZA960NX1A001,False,SSD,SSD
27da7495-3fbc-4005-8793-0144b43afe85,"Samsung ST250DM001/HD253GJ 250GB HDD 3.5"" 7200RPM SATA",Samsung,ST250DM001/HD253GJ,250GB,,27da7495-3fbc-4005-8793-0144b43afe85.json,,250,"3.5""",,,,,,,SATA 3.0 Gb/s,,,ST250DM001 | HD253GJ,False,HDD,HDD
27dd5aa3-e8d7-489c-9b1b-bf60c1a79872,"Inland Professional 1TB SSD 2.5"" SATA",Inland,Professional,1000GB,,27dd5aa3-e8d7-489c-9b1b-bf60c1a79872.json,,1000,"2.5""",B07FM9SSP6,,,,,,SATA 6.0 Gb/s,,,1TBM | 618996726509 | 1TB SSD,False,SSD,SSD
27f698e7-ea6e-4c09-b72c-1b0628919f73,Gigabyte AORUS Gen5 12000 2TB M.2 SSD PCIe 5.0 x4 NVMe,Gigabyte,AORUS,2000GB,,27f698e7-ea6e-4c09-b72c-1b0628919f73.json,,2000,M.2-2280,B0CDNCNBSP,,,,N82E16820009046,5044279483,M.2 PCIe 5.0 x4,,,AG512K2TB,True,SSD,SSD
2811993a-2511-45a0-9763-6ef750ceb65c,"Western Digital Green 1TB SSD 2.5"" SATA",Western Digital,Green,1000GB,,2811993a-2511-45a0-9763-6ef750ceb65c.json,,1000,"2.5""",B09JQMGHDW,,,,N82E16820250212,552545700,SATA 6.0 Gb/s,,,WDS100T3G0A,False,SSD,SSD
2814448f-7a6e-4202-a845-548ec4b730ec,"Seagate ST1000NX0313 1TB 2.5"" HDD 7200RPM SATA",Seagate,ST1000NX0313,1000GB,,2814448f-7a6e-4202-a845-548ec4b730ec.json,,1000,"2.5""",B00QFZ9LI6,,,,N82E16822178674R,43146466,SATA 6.0 Gb/s,,,ST1000NX0313 | ST1000NX0313-30PK,False,HDD,HDD
2817d1f8-edb7-4604-ac36-5034e9ffa70a,KIOXIA EXCERIA 500GB M.2-2280 SSD PCIe 3.0 x4 NVMe,KIOXIA,EXCERIA,500GB,,2817d1f8-edb7-4604-ac36-5034e9ffa70a.json,,500,M.2-2280,B087CPKG79,,,,,,M.2 PCIe 3.0 x4,,,LRC10Z500GG8,True,SSD,SSD
281937e7-bdc1-44f9-994a-60edab8e7d70,Corsair MP510 240GB SSD M.2-2280 PCIe 3.0 x4 NVMe,Corsair,MP510,240GB,,281937e7-bdc1-44f9-994a-60edab8e7d70.json,,240,M.2-2280,B07HR5PN9Q,,,,,141741538,M.2 PCIe 3.0 x4,,,CSSD-F240GBMP510 | CSSD-F1920GBMP510,True,SSD,SSD
28292750-a04f-4e34-aeec-f54ffd58f838,PNY CS3150 RGB 2TB M.2-2280 SSD PCIe 5.0 NVMe,PNY,CS3150,2000GB,,28292750-a04f-4e34-aeec-f54ffd58f838.json,,2000,M.2-2280,,,,,N82E16820177174,,M.2 PCIe 5.0 x4,,,M280CS3150XHS-2TB-RB,True,SSD,SSD
282f8981-b47e-4e49-9480-4956b461649f,Crucial P5 Plus 1TB SSD M.2-2280 PCIe 4.0 x4 NVMe,Crucial,P5,1000GB,,282f8981-b47e-4e49-9480-4956b461649f.json,,1000,M.2-2280,B098WL46RS,6468900,,,9SIA12KJ0X7552,688315123,M.2 PCIe 4.0 x4,,,CT1000P5PSSD8,True,SSD,SSD
283871aa-3aa6-4bb0-9a05-7c97a87ba662,"Toshiba MQ01ABD032 320GB HDD 5400RPM 2.5"" SATA 3.0 Gb/s",Toshiba,MQ01ABD032,320GB,,283871aa-3aa6-4bb0-9a05-7c97a87ba662.json,,320,"2.5""",B008LA66BI,,,,,,SATA 3.0 Gb/s,,,MQ01ABD032,False,HDD,HDD
2845fa01-ac1a-4dc9-9c61-ea48b01e6513,"SanDisk SSD PLUS 960GB SSD 2.5"" SATA",SanDisk,SSD,960GB,,2845fa01-ac1a-4dc9-9c61-ea48b01e6513.json,,960,"2.5""",,,,,,,SATA 6.0 Gb/s,,,SDSSDA-960G-G26,False,SSD,SSD
284efbcc-58c7-4c77-8226-f206ed125299,"Intel 320 120GB SSD 2.5"" SATA 3.0 Gb/s",Intel,320,120GB,,284efbcc-58c7-4c77-8226-f206ed125299.json,,120,"2.5""",,,,,,,SATA 3.0 Gb/s,,,SSDSA2CW120G3K5,False,SSD,SSD
2879d41d-42ed-4806-a08d-7738d9ec1705,Seagate FireCuda 530R 4TB M.2-2280 SSD PCIe 4.0 x4 NVMe,Seagate,FireCuda,4000GB,,2879d41d-42ed-4806-a08d-7738d9ec1705.json,,4000,M.2-2280,B0CWHG39CD,6581745,,,N82E16820248258,5978050759,M.2 PCIe 4.0 x4,,,ZP4000GM3A063 | 763649183106,True,SSD,SSD
287a4fde-8728-411d-bbe4-5f10fb0eb0ed,SanDisk X400 128GB SSD M.2-2280 SATA,SanDisk,X400,128GB,,287a4fde-8728-411d-bbe4-5f10fb0eb0ed.json,,128,M.2-2280,,,,,,,M.2 SATA,,,SD8SN8U-128G-1122,False,SSD,SSD
2894b732-ac5f-4f3b-9a7d-c53dbb3870a9,"Western Digital Blue 1TB 2.5"" SSD SATA",Western Digital,Blue,1000GB,,2894b732-ac5f-4f3b-9a7d-c53dbb3870a9.json,,1000,"2.5""",B01LXPENRR,,,,,,SATA 6.0 Gb/s,,,WDS100T1B0A,False,SSD,SSD
28b1579a-0ff1-462a-9ef7-4902ee0e4fae,XPG SX6000 Lite 256GB SSD M.2 NVMe,XPG,SX6000,256GB,,28b1579a-0ff1-462a-9ef7-4902ee0e4fae.json,,256,M.2-2280,,,,,,,M.2 PCIe 3.0 x4,,,ASX6000LNP-256GT-C,True,SSD,SSD
28d880e5-0f0d-4ad0-93bb-e76a2920826a,Crucial P2 250 GB SSD M.2-2280 PCIe 3.0 X4 NVMe,Crucial,P2,250GB,,28d880e5-0f0d-4ad0-93bb-e76a2920826a.json,,250,M.2-2280,,,,,,,M.2 PCIe 3.0 x4,,,CT250P2SSD8,True,SSD,SSD
28e680a6-1e37-4e42-a689-a10e8f42a0de,Western Digital Black SN750 4TB SSD M.2-2280 NVMe PCIe 3.0 X4,Western Digital,Black,4000GB,,28e680a6-1e37-4e42-a689-a10e8f42a0de.json,,4000,M.2-2280,B08QZ879V5,,,,,652559600,M.2 PCIe 3.0 x4,,,WDS400T3X0C,True,SSD,SSD
28fe0ef2-60a6-476e-adda-037ba05cb4c3,"Hitachi Deskstar 5K3000 3TB HDD 5400RPM 3.5"" SATA 6.0 Gb/s",Hitachi,Deskstar,3000GB,,28fe0ef2-60a6-476e-adda-037ba05cb4c3.json,,3000,"3.5""",B00684XVFS,,,,,,SATA 6.0 Gb/s,,,HDS5C3030ALA630,False,HDD,HDD
29029494-dac0-4d77-8911-a069da4901c7,Seagate BarraCuda 510 1TB M.2-2280 SSD PCIe 3.0 X4 NVMe,Seagate,BarraCuda,1000GB,,29029494-dac0-4d77-8911-a069da4901c7.json,,1000,M.2-2280,B07ZPRK68X,,,,9SIBTK0K928023,767564898,M.2 PCIe 3.0 x4,,,ZP1000CM3A001,True,SSD,SSD
29041e01-b126-496d-92b3-ac06b27d4e2e,"Western Digital SE 4TB HDD 3.5"" 7200RPM SATA",Western Digital,SE,4000GB,,29041e01-b126-496d-92b3-ac06b27d4e2e.json,,4000,"3.5""",B00CYSYYU8,,,,,,SATA 6.0 Gb/s,,,WD4000F9YZ,False,HDD,HDD
291bc1ad-3e5e-45ed-8d09-3828801ad3b3,Orico D10 256GB SSD M.2-2280 PCIe 3.0 X4 NVMe,Orico,D10,256GB,,291bc1ad-3e5e-45ed-8d09-3828801ad3b3.json,,256,M.2-2280,B0DF768D35,,,,,,M.2 PCIe 3.0 x4,,,D10-256GB | D10,True,SSD,SSD
29209500-62e4-4edc-8ef1-3f61cd28f103,Seagate FireCuda 510 1TB SSD M.2-2280 PCIe 3.0 X4 NVMe,Seagate,FireCuda,1000GB,,29209500-62e4-4edc-8ef1-3f61cd28f103.json,,1000,M.2-2280,,,,,,,M.2 PCIe 3.0 x4,,,ZP1000GM3A011,True,SSD,SSD
293a6e98-1ce7-4089-aaa9-791e12ee44be,"Seagate SkyHawk 1TB HDD 3.5"" 5900RPM SATA",Seagate,SkyHawk,1000GB,,293a6e98-1ce7-4089-aaa9-791e12ee44be.json,,1000,"3.5""",,,,,,,SATA 6.0 Gb/s,,,ST1000VX005 | ST1000VN002 | ST1000VNB02,False,HDD,HDD
293c77aa-4578-41c3-a5e0-8b5db5c89859,"Western Digital Blue 3 TB HDD 3.5"" 5400 RPM SATA",Western Digital,Blue,3000GB,,293c77aa-4578-41c3-a5e0-8b5db5c89859.json,,3000,"3.5""",B013HNYV42,,,,,47133327,SATA 6.0 Gb/s,,,WD30EZRZ | 1412590,False,HDD,HDD
2961d62d-bd19-4123-8252-5a08bf701b7e,MSI SPATIUM M370 1TB SSD M.2-2280 PCIe 3.0 X4 NVMe,MSI,SPATIUM,1000GB,,2961d62d-bd19-4123-8252-5a08bf701b7e.json,,1000,M.2-2280,B098TJ2KGG,,,,N82E16820140012R,903679104,M.2 PCIe 3.0 x4,,,SM370N1TB | S78-440L570-P83,True,SSD,SSD
2977884a-c177-466d-98c3-2fb2f3be5bee,"Intel DC S3710 200GB SSD 2.5"" SATA",Intel,DC,200GB,,2977884a-c177-466d-98c3-2fb2f3be5bee.json,,200,"2.5""",B00Q1Y3RUO,,,,,43951282,SATA 6.0 Gb/s,,,SSDSC2BA200G401 | 0735858287760,False,SSD,SSD
2999322d-7351-4b50-a71f-08f20884dca6,"Western Digital Gold 16TB 3.5"" HDD 7200RPM SATA",Western Digital,Gold,16000GB,,2999322d-7351-4b50-a71f-08f20884dca6.json,,16000,"3.5""",B089S33PR3,,,,N82E16822234421,995614140,SATA 6.0 Gb/s,,,WD161KRYZ,False,HDD,HDD
29b4ce1a-c1f9-422d-a616-8c244f5ed61d,"Western Digital Purple 2TB HDD 3.5"" 5400RPM SATA Internal",Western Digital,Purple,2000GB,,29b4ce1a-c1f9-422d-a616-8c244f5ed61d.json,,2000,"3.5""",B09N9XK7V4,,,,,710534324,SATA 6.0 Gb/s,,,WD22PURZ,False,HDD,HDD
29d041d9-62fc-47e3-b5c4-a0342520720a,"Acer SA100 240GB SSD 2.5"" SATA 6.0 Gb/s",Acer,SA100,240GB,,29d041d9-62fc-47e3-b5c4-a0342520720a.json,,240,"2.5""",B08YYTFQLY,,,,,495740980,SATA 6.0 Gb/s,,,BL.9BWWA.102 | SA100,False,SSD,SSD
29d72b05-aa3e-4690-9c05-a5fc7636fbb0,ADATA LEGEND 900 PRO 2TB SSD M.2-2280 PCIe 4.0 x4 NVMe,ADATA,LEGEND,2000GB,,29d72b05-aa3e-4690-9c05-a5fc7636fbb0.json,,2000,M.2-2280,,,,,,,M.2 PCIe 4.0 x4,,,SLEG-900P-2TCS,True,SSD,SSD
29d796aa-9870-4104-a3aa-f95db1360bc6,"Transcend TS256GSSD370S 256GB SSD 2.5"" SATA",Transcend,TS256GSSD370S,256GB,,29d796aa-9870-4104-a3aa-f95db1360bc6.json,,256,"2.5""",B00VX82P38,,,,,46584941,SATA 6.0 Gb/s,,,TS256GSSD370S,False,SSD,SSD
29d84c94-ee19-432e-b6e1-4ac9b642c2dd,Netac NV5000 2TB M.2 SSD PCIe 4.0 NVMe,Netac,NV5000,2000GB,,29d84c94-ee19-432e-b6e1-4ac9b642c2dd.json,,2000,M.2-2280,,,,,,,M.2 PCIe 4.0 x4,,,NT01NV5000-2T0-E4X,True,SSD,SSD
29dbb642-793c-4261-936b-faa475b48ffd,"Seagate Barracuda ES.2 250GB HDD 3.5"" SATA",Seagate,Barracuda,250GB,,29dbb642-793c-4261-936b-faa475b48ffd.json,,250,"3.5""",,,,,,,SATA 3.0 Gb/s,,,ST3250310NS,False,HDD,HDD
29dc41be-9b0b-4a07-ae33-01850380921f,"TEAMGROUP GX2 128GB SSD 2.5"" SATA",TEAMGROUP,GX2,128GB,,29dc41be-9b0b-4a07-ae33-01850380921f.json,,128,"2.5""",B07SB1MB9X,,,,,742102451,SATA 6.0 Gb/s,,,T253X2128G0C101 | 765441645288,False,SSD,SSD
29e51efa-6daa-4cdc-afe5-edd50b6fc387,"Seagate IronWolf Pro 20TB HDD 3.5"" SATA",Seagate,IronWolf,20000GB,,29e51efa-6daa-4cdc-afe5-edd50b6fc387.json,,20000,"3.5""",B0B94MF4LP,6616031,,,N82E16822185071,2392728431,SATA 6.0 Gb/s,,,ST20000NT001,False,HDD,HDD
29e80868-b957-44c6-b43e-aaafb02b1b32,"OCZ ARC 100 120 GB SSD 2.5"" SATA 6.0 Gb/s",OCZ,ARC,120GB,,29e80868-b957-44c6-b43e-aaafb02b1b32.json,,120,"2.5""",,,,,,,SATA 6.0 Gb/s,,,ARC100-25SAT3-120G,False,SSD,SSD
2a0ed2d9-e812-402f-a2a1-8e0bbd8868e8,Samsung XP941 512GB SSD M.2-2280 PCIe 3.0 x4 NVMe,Samsung,XP941,512GB,,2a0ed2d9-e812-402f-a2a1-8e0bbd8868e8.json,,512,M.2-2280,,,,,,,M.2 PCIe 3.0 x4,,,MZHPU512HCGL-00000,True,SSD,SSD
2a176930-57dc-4bea-ae7f-1491917a55fa,"Seagate SkyHawk Surveillance 12TB HDD 7200RPM 3.5"" SATA 6.0 Gb/s Internal",Seagate,SkyHawk,12000GB,,2a176930-57dc-4bea-ae7f-1491917a55fa.json,,12000,"3.5""",,,,,,,SATA 6.0 Gb/s,,,ST12000VX0008,False,HDD,HDD
2a33580b-f22e-4bda-ae7e-719ef17a6e32,FanXiang S500 Pro 256GB M.2 SSD PCIe 3.0 x4 NVMe,FanXiang,S500,256GB,,2a33580b-f22e-4bda-ae7e-719ef17a6e32.json,,256,M.2-2280,B0B55SWRCY,,,,,,M.2 PCIe 3.0 x4,,,S500 Pro - 256GB - M.2 SSD | S500 Pro - 256gb m.2 ssd | Nvme SSD - 256GB - S500 PRO | S500 Pro,True,SSD,SSD
2a3a35a2-cab4-4ed6-a56f-3b1484c9b22d,Western Digital Black SN770 500GB SSD M.2-2280 PCIe 4.0 X4 NVMe,Western Digital,Black,500GB,,2a3a35a2-cab4-4ed6-a56f-3b1484c9b22d.json,,500,M.2-2280,B09QVPCJN2,6495874,,,N82E16820250216,,M.2 PCIe 4.0 x4,,,WDS500G3X0E,True,SSD,SSD
2a3ac29e-02ac-4556-9e61-32ad52cbadb2,Crucial T710 1TB M.2-2280 SSD PCIe 5.0 x4 NVMe,Crucial,T710,1000GB,,2a3ac29e-02ac-4556-9e61-32ad52cbadb2.json,,1000,M.2-2280,B0F9XN4DCC,6636636,,,N82E16820156443,16973921253,M.2 PCIe 5.0 x4,,,CT1000T710SSD8 | CT1000T710SSD8-01,True,SSD,SSD
2a4b0517-4991-415d-a7f4-2845c86c6fcf,"Corsair Nova Series 2 60GB SSD 2.5"" SATA",Corsair,Nova,60GB,,2a4b0517-4991-415d-a7f4-2845c86c6fcf.json,,60,"2.5""",,,,,,,SATA 3.0 Gb/s,,,CSSD-V60GB2,False,SSD,SSD
2a5411d1-3089-4762-8ffe-bbd32180aaa8,MSI SPATIUM M371 500GB SSD M.2-2280 PCIe 3.0 x4 NVMe,MSI,SPATIUM,500GB,,2a5411d1-3089-4762-8ffe-bbd32180aaa8.json,,500,M.2-2280,,,,,,,M.2 PCIe 3.0 x4,,,SPATIUM-M371-500GB,True,SSD,SSD
2a5919b8-91ab-4599-914b-5e4ae0951b3b,"Toshiba N300 14TB 3.5"" HDD 7200RPM SATA Internal",Toshiba,N300,14000GB,,2a5919b8-91ab-4599-914b-5e4ae0951b3b.json,,14000,"3.5""",B099PB6S9Z,,,,,465539049,SATA 6.0 Gb/s,,,HDWG31EXZSTA,False,HDD,HDD
2a7c1b44-e986-4d35-88f5-4b2ab40dd983,ADATA LEGEND 800 GOLD 1TB SSD M.2-2280 PCIe 4.0 X4 NVMe,ADATA,LEGEND,1000GB,,2a7c1b44-e986-4d35-88f5-4b2ab40dd983.json,,1000,M.2-2280,,,,,,,M.2 PCIe 4.0 x4,,,SLEG-800G-1000GCS-S38,True,SSD,SSD
2a81a99b-0c75-429d-bec2-881fb06f317e,Corsair MP600 CORE MINI 2TB SSD M.2-2230 PCIe 4.0 x4 NVMe,Corsair,MP600,2000GB,,2a81a99b-0c75-429d-bec2-881fb06f317e.json,,2000,M.2-2230,B0CKXXY791,,,,N82E16820982123,5181907524,M.2 PCIe 4.0 x4,,,CSSD-F2000GBMP600CMN,True,SSD,SSD
2a835e08-1db0-4789-b186-b0a179d5f39f,Sabrent Rocket 5 1TB SSD M.2 PCIe 5.0 NVMe,Sabrent,Rocket,1000GB,,2a835e08-1db0-4789-b186-b0a179d5f39f.json,,1000,M.2-2280,B0CXV7MG6Q,,,,0D9-001Y-000C1,5485270506,M.2 PCIe 5.0 x4,,,SB-RKT5-1TB | ‎SB-RKT5-1TB,True,SSD,SSD
2a902845-c45d-46bd-9990-9800db57407b,"Samsung 850 Pro 1TB SSD 2.5"" SATA 6.0 Gb/s",Samsung,850,1000GB,,2a902845-c45d-46bd-9990-9800db57407b.json,,1000,"2.5""",B00LF10KTE,,,,,338520900,SATA 6.0 Gb/s,,,MZ-7KE1T0BW,False,SSD,SSD
2a907dd2-ce9a-4152-8631-ad1a37739641,"Western Digital Red 10TB 3.5"" HDD 5400RPM SATA",Western Digital,Red,10000GB,,2a907dd2-ce9a-4152-8631-ad1a37739641.json,,10000,"3.5""",B083JXTH5L,,,,,983403244,SATA 6.0 Gb/s,,,WD101EFAX,False,HDD,HDD
2a93a48b-689f-4a36-918a-25b096069f8a,Western Digital SN520 128GB SSD M.2-2280 PCIe 3.0 X2 NVMe,Western Digital,SN520,128GB,,2a93a48b-689f-4a36-918a-25b096069f8a.json,,128,M.2-2280,,,,,,,M.2 PCIe 3.0 x2,,,SDAPNUW-128G,True,SSD,SSD
2aa658ac-14b7-4fff-ab41-2ef915141bf3,Apacer AS2280P4 256GB SSD M.2 PCIe 3.0 NVMe,Apacer,AS2280P4,256GB,,2aa658ac-14b7-4fff-ab41-2ef915141bf3.json,,256,M.2-2280,,,,,,,M.2 PCIe 3.0 x4,,,AP256GAS2280P4-1,True,SSD,SSD
2ac11020-9d0c-4c17-bbe0-94f95841d7e1,TEAMGROUP T-Force Cardea Z44L 2TB SSD M.2 PCIe 4.0 NVMe,TEAMGROUP,T-Force,2000GB,,2ac11020-9d0c-4c17-bbe0-94f95841d7e1.json,,2000,M.2-2280,,,,,,,M.2 PCIe 4.0 x4,,,TM8FPL002T0C127,True,SSD,SSD
2add12ed-d3a1-4a41-9875-8df3e003e0f2,"Toshiba MQ01ABD025V 250GB HDD 2.5"" SATA",Toshiba,MQ01ABD025V,250GB,,2add12ed-d3a1-4a41-9875-8df3e003e0f2.json,,250,"2.5""",,,,,,,SATA 6.0 Gb/s,,,MQ01ABD025V,False,HDD,HDD
2ae0deda-0752-4eb7-b5b4-b9af7311f599,Kingston NV3 2TB SSD M.2-2230 PCIe 4.0 x4 NVMe,Kingston,NV3,2000GB,,2ae0deda-0752-4eb7-b5b4-b9af7311f599.json,,2000,M.2-2230,B0FD2P1L37,,,,0D9-001B-005C7,17285513545,M.2 PCIe 4.0 x4,,,SNV3SM3 | 2T0 | SNV3SM3/2T0,True,SSD,SSD
2aeb47a8-d8f9-4745-88b4-6f5e49a5aecc,"Western Digital Red Pro 14TB HDD 7200RPM 3.5"" SATA 6.0 Gb/s",Western Digital,Red,14000GB,,2aeb47a8-d8f9-4745-88b4-6f5e49a5aecc.json,,14000,"3.5""",B07YFGW736,,,,,601321619,SATA 6.0 Gb/s,,,WD141KFGX | WD141KFGX-SPFH9N0,False,HDD,HDD
2af7b41f-935a-42d2-8a14-4930f6647f10,"Lexar NS100 2TB SSD 2.5"" SATA 6.0 Gb/s",Lexar,NS100,2000GB,,2af7b41f-935a-42d2-8a14-4930f6647f10.json,,2000,"2.5""",B0BJ7MTT8M,,,,,1029086339,SATA 6.0 Gb/s,,,LNS100-2TRBNA,False,SSD,SSD
2afcf92f-e916-40ef-972b-beae5778a7ca,"Western Digital Red Pro 2TB HDD 7200RPM 3.5"" SATA 6.0 Gb/s",Western Digital,Red,2000GB,,2afcf92f-e916-40ef-972b-beae5778a7ca.json,,2000,"3.5""",,,,,,39135880,SATA 6.0 Gb/s,,,WD2001FFSX,False,HDD,HDD
2afd9e5b-6822-482a-9bbd-26b4c3e26b00,Inland TN470 1TB M.2 SSD PCIe 4.0 NVMe,Inland,TN470,1000GB,,2afd9e5b-6822-482a-9bbd-26b4c3e26b00.json,,1000,M.2-2280,B0CVVSBM98,,,,,,M.2 PCIe 4.0 x4,,,1TB TN470 | TN470,True,SSD,SSD
2b0a9dda-42ae-4170-98e6-49c23a2270ec,"Western Digital Scorpio Black 500GB HDD 7200RPM 2.5"" SATA 3.0 Gb/s",Western Digital,Scorpio,500GB,,2b0a9dda-42ae-4170-98e6-49c23a2270ec.json,,500,"2.5""",B003TOE4PQ,,,,,,SATA 3.0 Gb/s,,,WD5000BEKT,False,HDD,HDD
2b13c4e1-2042-473b-b563-747430a903dd,"Kingston SSDNow KC400 512GB SSD 2.5"" SATA 6.0 Gb/s",Kingston,SSDNow,512GB,,2b13c4e1-2042-473b-b563-747430a903dd.json,,512,"2.5""",,,,,,,SATA 6.0 Gb/s,,,SKC400S37 | 512G,False,SSD,SSD
2b16a789-1147-4daa-bc3d-9c303a686fbf,"Seagate Exos X18 16 TB HDD 3.5"" 7200 RPM SATA 6.0 Gb/s",Seagate,Exos,16000GB,,2b16a789-1147-4daa-bc3d-9c303a686fbf.json,,16000,"3.5""",,,,,,,SATA 6.0 Gb/s,,,ST16000NM001J,False,HDD,HDD
2b23f7ff-b05a-4058-862f-74792b27440d,KIOXIA EXCERIA PRO 2TB M.2-2280 SSD PCIe 4.0 x4 NVMe,KIOXIA,EXCERIA,2000GB,,2b23f7ff-b05a-4058-862f-74792b27440d.json,,2000,M.2-2280,B09MJMGG2C,,,,,,M.2 PCIe 4.0 x4,,,LSE10Z002TG8,True,SSD,SSD
2b31ab50-6381-4772-9be3-f5f339297faf,"Seagate Enterprise Capacity 6TB 3.5"" HDD 7200RPM SATA 6.0 Gb/s",Seagate,Enterprise,6000GB,,2b31ab50-6381-4772-9be3-f5f339297faf.json,,6000,"3.5""",B01E1KQDVO,,,,,175009278,SATA 6.0 Gb/s,,,ST6000NM0175,False,HDD,HDD
2b624666-7b01-47d4-8786-10fbb95bc41b,Seagate FireCuda 540 w/Heatsink 2TB SSD M.2-2280 PCIe 5.0 x4 NVMe,Seagate,FireCuda,2000GB,,2b624666-7b01-47d4-8786-10fbb95bc41b.json,,2000,M.2-2280,,,,,,,M.2 PCIe 5.0 x4,,,ZP2000GM3A014,True,SSD,SSD
2b6e7179-842a-4cb0-ad33-c3f1a6021ca6,Transcend MTS800 32GB SSD M.2-2280 SATA,Transcend,MTS800,32GB,,2b6e7179-842a-4cb0-ad33-c3f1a6021ca6.json,,32,M.2-2280,B00KLTPW30,,,,,38672249,M.2 SATA,,,TS32GMTS800,False,SSD,SSD
2b9454f9-c370-4220-aeb0-84be63f06d11,ADATA XPG SX8200 Pro 256GB M.2 SSD PCIe 3.0 X4 NVMe,ADATA,XPG,256GB,,2b9454f9-c370-4220-aeb0-84be63f06d11.json,,256,M.2-2280,B07K1MDMF3,,,,,,M.2 PCIe 3.0 x4,,,ASX8200PNP-256GT-C,True,SSD,SSD
2ba80401-1595-4723-9c24-5f13a2c7019f,Apacer AS2280Q4 2TB M.2-2280 SSD PCIe 4.0 X4 NVMe,Apacer,AS2280Q4,2000GB,,2ba80401-1595-4723-9c24-5f13a2c7019f.json,,2000,M.2-2280,,,,,,,M.2 PCIe 4.0 x4,,,AP2TBAS2280Q4-1,True,SSD,SSD
2bc56144-51d2-43ee-bff3-338a2305134b,HP EX900 1TB SSD M.2-2280 NVMe PCIe 3.0 X4,HP,EX900,1000GB,,2bc56144-51d2-43ee-bff3-338a2305134b.json,,1000,M.2-2280,,,,,,,M.2 PCIe 3.0 x4,,,5XM46AA#ABC,True,SSD,SSD
2bc59982-e447-4811-a9e3-c3c1e6ed67e7,"OCZ Vertex 460 120GB SSD 2.5"" SATA",OCZ,Vertex,120GB,,2bc59982-e447-4811-a9e3-c3c1e6ed67e7.json,,120,"2.5""",B00HZR4DNG,,,,,,SATA 6.0 Gb/s,,,VTX460-25SAT3-120G,False,SSD,SSD
2bceea13-4548-4a84-aa1f-793ebb379592,Transcend 110S 512GB SSD M.2-2280 PCIe 3.0 X4 NVMe,Transcend,110S,512GB,,2bceea13-4548-4a84-aa1f-793ebb379592.json,,512,M.2-2280,B07CXBXHY9,,,,,,M.2 PCIe 3.0 x4,,,TS512GMTE110S,True,SSD,SSD
2bda88e8-eaf2-43cc-8998-36b6760a139a,Crucial T700 2TB M.2 SSD PCIe 5.0 NVMe,Crucial,T700,2000GB,,2bda88e8-eaf2-43cc-8998-36b6760a139a.json,,2000,M.2-2280,B0C3K7MTSY,6544915,,,N82E16820156330,2132667558,M.2 PCIe 5.0 x4,,,CT2000T700SSD3,True,SSD,SSD
2be20c11-4ce9-409f-b3ea-a8476ba23886,TEAMGROUP MS30 128GB SSD M.2-2280 SATA,TEAMGROUP,MS30,128GB,,2be20c11-4ce9-409f-b3ea-a8476ba23886.json,,128,M.2-2280,,,,,,,M.2 SATA,,,TM8PS7128G0C101,False,SSD,SSD
2bff6313-85a3-42bf-b556-40fee1387ea3,Samsung 9100 PRO 1TB M.2-2280 SSD PCIe 5.0 x4 NVMe,Samsung,9100,1000GB,,2bff6313-85a3-42bf-b556-40fee1387ea3.json,,1000,M.2-2280,B0DX2G349M,6618929,31869,,N82E16820147902,15669312709,M.2 PCIe 5.0 x4,,,MZ-VAP1T0B | AM | MZ-VAP1T0BW | MZ-VAP1T0B/AM | MZVAP1T0BAM,True,SSD,SSD
2c00d665-2d5b-4550-83e7-4125ed2d110a,"Crucial M500 240GB SSD 2.5"" SATA",Crucial,M500,240GB,,2c00d665-2d5b-4550-83e7-4125ed2d110a.json,,240,"2.5""",B00BQ8RM1A,,,,,,SATA 6.0 Gb/s,,,CT240M500SSD1,False,SSD,SSD
2c11dfee-f1c2-482b-aace-5f30bb339a9d,"Seagate BarraCuda Pro Compute 1TB HDD 2.5"" SATA",Seagate,BarraCuda,1000GB,,2c11dfee-f1c2-482b-aace-5f30bb339a9d.json,,1000,"2.5""",B07957Q6RY,,,,1Z4-002P-009M2,569817090,SATA 6.0 Gb/s,,,ST1000LM049,False,HDD,HDD
2c175f9f-f0f5-4735-b27f-2bdaf43a29d2,Silicon Power US75 2TB M.2-2280 SSD PCIe 4.0 X4 NVMe,Silicon Power,US75,2000GB,,2c175f9f-f0f5-4735-b27f-2bdaf43a29d2.json,,2000,M.2-2280,B0CCD9LBPH,,,,0D9-0021-00176,,M.2 PCIe 4.0 x4,,,SP02KGBP44US7505 | SU02KGBP44US7505SN,True,SSD,SSD
2c4234c7-4a7f-4d8c-b1b5-8f18d4a31cf5,Titanium Micro TH7175 2TB M.2-2280 SSD PCIe 4.0 X4 NVME,Titanium Micro,TH7175,2000GB,,2c4234c7-4a7f-4d8c-b1b5-8f18d4a31cf5.json,,2000,M.2-2280,B094Z8XV6R,,,,,300779276,M.2 PCIe 4.0 x4,,,TMNM2Q-TH7175-2TB | TMNM2QTH71752TB,True,SSD,SSD
2c51a041-053d-401d-9b99-b509be72c421,PNY CS2241 1TB M.2-2280 SSD PCIe 4.0 x4 NVMe,PNY,CS2241,1000GB,,2c51a041-053d-401d-9b99-b509be72c421.json,,1000,M.2-2280,B0BXT97SMW,,,,N82E16820177157,2747330667,M.2 PCIe 4.0 x4,,,M280CS2241-1TB-CL | M280CS2241-1TB-RB,True,SSD,SSD
2c5340dc-81d8-432b-8378-dd57b94d5cda,Intel Optane 905P 1.5 TB SSD PCIe NVMe,Intel,Optane,1000GB,,2c5340dc-81d8-432b-8378-dd57b94d5cda.json,,1000,PCIe,,,,,,,M.2 PCIe 3.0 x4,,,SSDPED1D015TAX1,True,SSD,SSD
2c5b143b-41fe-4824-b68c-7937c692a181,AGI AI298 1TB M.2-2280 SSD PCIe 3.0 X4 NVMe,AGI,AI298,1000GB,,2c5b143b-41fe-4824-b68c-7937c692a181.json,,1000,M.2-2280,B0CGR973XG,,,,,,M.2 PCIe 3.0 x4,,,AGI1T0GIMAI298,True,SSD,SSD
2c6e5bf9-2ed6-458c-be8c-16eb31e2a55d,Micron 2400 1TB SSD M.2-2230 PCIe 4.0 x4 NVMe,Micron,2400,1000GB,,2c6e5bf9-2ed6-458c-be8c-16eb31e2a55d.json,,1000,M.2-2230,B0BWHDVR5R,,,,,3842955729,M.2 PCIe 4.0 x4,,,MTFDKBK1T0QFM-1BD1AABYYR,True,SSD,SSD
2c902998-561f-440a-8fc1-9ec17147eec1,Gigabyte AORUS 1TB SSD PCIe PCIe x4 NVMe,Gigabyte,AORUS,1000GB,,2c902998-561f-440a-8fc1-9ec17147eec1.json,,1000,PCIe,,,,,,,M.2 PCIe 3.0 x4,,,GP-ASACNE2100TTTDR,True,SSD,SSD
2c932310-479f-4f4b-88a7-2a808438d86b,"Samsung PM1633a 15.36 TB SSD 2.5"" SAS 12.0 Gb/s",Samsung,PM1633a,15000GB,,2c932310-479f-4f4b-88a7-2a808438d86b.json,,15000,"2.5""",,,,,,,SAS 12.0 Gb/s,,,MZILS15THMLS-00007,False,SSD,SSD
2caf48d7-2ead-4d32-b713-1976256875a5,Acer FA200 2TB M.2-2280 SSD PCIe 4.0 X4 NVMe,Acer,FA200,2000GB,,2caf48d7-2ead-4d32-b713-1976256875a5.json,,2000,M.2-2280,,,,,,,M.2 PCIe 4.0 x4,,,BL.9BWWA.125,True,SSD,SSD
2cb1bb5c-da3b-4df9-8283-3bb5f1cce84a,"Western Digital WD_BLACK 10TB HDD 7200RPM 3.5"" SATA 6.0 Gb/s",Western Digital,WD_BLACK,10000GB,,2cb1bb5c-da3b-4df9-8283-3bb5f1cce84a.json,,10000,"3.5""",B0DF99JTF1,,,,N82E16822234586,14651359919,SATA 6.0 Gb/s,,,WD102FZBX | WD102FZBX-SPCCNA0,False,HDD,HDD
2ce19537-ba9b-482e-8d72-76c6596ccfee,Seagate BarraCuda Q5 2TB SSD M.2-2280 PCIe 3.0 x4 NVMe,Seagate,BarraCuda,2000GB,,2ce19537-ba9b-482e-8d72-76c6596ccfee.json,,2000,M.2-2280,B08LB9TMYK,,,,9SIA12KK5Y4220,698100388,M.2 PCIe 3.0 x4,,,ZP2000CV3A001,True,SSD,SSD
2ce47374-37e2-4af1-b31d-e1de86005e40,TEAMGROUP T-Force Cardea Z540 2TB SSD M.2-2280 PCIe 5.0 X4 NVMe,TEAMGROUP,T-Force,2000GB,,2ce47374-37e2-4af1-b31d-e1de86005e40.json,,2000,M.2-2280,B0CGR7RNCD,,,,N82E16820985107,5147920150,M.2 PCIe 5.0 x4,,,TM8FF1002T0C129,True,SSD,SSD
2ce5727e-4664-4615-8371-fdff3cd978ce,"Hitachi Ultrastar 6TB HDD 3.5"" 7200RPM SAS 12.0 Gb/s",Hitachi,Ultrastar,6000GB,,2ce5727e-4664-4615-8371-fdff3cd978ce.json,,6000,"3.5""",B00XUFXKPY,,,,,,SAS 12.0 Gb/s,,,0F23270,False,HDD,HDD
2cec9a24-2a28-4cdc-84cd-949f209e3185,TEAMGROUP MS30 512GB SSD M.2-2242 SATA,TEAMGROUP,MS30,512GB,,2cec9a24-2a28-4cdc-84cd-949f209e3185.json,,512,M.2-2242,,,,,,,M.2 SATA,,,TM4PS7512G0C101,False,SSD,SSD
2cfe4be9-7fb2-46b0-b6aa-02dfc5e28536,"Western Digital Black 1TB HDD 2.5"" 7200RPM SATA Internal",Western Digital,Black,1000GB,,2cfe4be9-7fb2-46b0-b6aa-02dfc5e28536.json,,1000,"2.5""",,,,,,,SATA 6.0 Gb/s,,,WD10JPLX,False,HDD,HDD
2d0c070d-156f-409f-a3d0-aff17349f23e,"Western Digital Blue SA510 500 GB SSD 2.5"" SATA 6.0 Gb/s",Western Digital,Blue,500GB,,2d0c070d-156f-409f-a3d0-aff17349f23e.json,,500,"2.5""",B0GR1XDMBM,6506979,,,N82E16820250228,1681760125,SATA 6.0 Gb/s,,,WDS500G3B0A | WDS500G3B0A-00AXR0,False,SSD,SSD
2d1371e6-d7a6-420e-aac5-7045a37e6b05,"TCSunBow X3 1TB 2.5"" SSD SATA",TCSunBow,X3,1000GB,,2d1371e6-d7a6-420e-aac5-7045a37e6b05.json,,1000,"2.5""",,,,,,,SATA 6.0 Gb/s,,,X3-1TB,False,SSD,SSD
2d289f16-ed5c-4fad-bcee-693901b1c442,"Western Digital Gold 14 TB HDD 3.5"" 7200 RPM SATA 6.0 Gb/s Internal",Western Digital,Gold,14000GB,,2d289f16-ed5c-4fad-bcee-693901b1c442.json,,14000,"3.5""",B07XC95Y28,,,,,719213291,SATA 6.0 Gb/s,,,WD141KRYZ | WD141KRYZ-SPC66B0,False,HDD,HDD
2d379b79-17e2-49e1-afe9-5df61480e436,"Seagate SkyHawk AI 12TB HDD 3.5"" SATA",Seagate,SkyHawk,12000GB,,2d379b79-17e2-49e1-afe9-5df61480e436.json,,12000,"3.5""",,,,,N82E16822184902,,SATA 6.0 Gb/s,,,ST12000VE001,False,HDD,HDD
2d4b9481-c324-4166-85b7-4e1420e766bc,"Seagate Exos M 36TB 3.5"" HDD 7200RPM SATA 6.0 Gb/s",Seagate,Exos,36000GB,,2d4b9481-c324-4166-85b7-4e1420e766bc.json,,36000,"3.5""",,,,,,,SATA 6.0 Gb/s,,,ST36000NM003K,False,HDD,HDD
2d590ddb-f4f4-46b4-a88c-3132f4794518,AITC Kingsman KP800 2TB M.2-2280 SSD PCIe 4.0 X4 NVMe,AITC Kingsman,KP800,2000GB,,2d590ddb-f4f4-46b4-a88c-3132f4794518.json,,2000,M.2-2280,,,,,,,M.2 PCIe 4.0 x4,,,AIKP800M2TB228,True,SSD,SSD
2dc23585-9340-4529-97fd-09e7df479d26,"Micron 5200 Ion 7.68 TB SSD 2.5"" SATA",Micron,5200,7000GB,,2dc23585-9340-4529-97fd-09e7df479d26.json,,7000,"2.5""",B07JQ2F2WG,,,,,791994148,SATA 6.0 Gb/s,,,MTFDDAK7T6QDE-2AV1ZABYY,False,SSD,SSD
2dcb7d81-17d2-4a00-a978-02c02eae77f7,TEAMGROUP T-Create Classic C47 4TB SSD M.2 PCIe 4.0 NVMe,TEAMGROUP,T-Create,4000GB,,2dcb7d81-17d2-4a00-a978-02c02eae77f7.json,,4000,M.2-2280,B0CX7T7LWC,,,,,,M.2 PCIe 4.0 x4,,,TM8FFC004T0C129,True,SSD,SSD
2dcc21ac-36ae-492f-a9fe-8c363fde1df8,"Hitachi Ultrastar He10 10TB HDD 3.5"" 7200RPM SATA",Hitachi,Ultrastar,10000GB,,2dcc21ac-36ae-492f-a9fe-8c363fde1df8.json,,10000,"3.5""",B01GXUR98G,,,,,198002040,SATA 6.0 Gb/s,,,0F27352 | 1412940,False,HDD,HDD
2dd343f1-afce-47ca-8855-5f10f3755670,"Axiom 0A89470-AX 500GB HDD 3.5"" 7200RPM SATA",Axiom,0A89470-AX,500GB,,2dd343f1-afce-47ca-8855-5f10f3755670.json,,500,"3.5""",,,,,,,SATA 6.0 Gb/s,,,0A89470-AX,False,HDD,HDD
2dd9fde0-c33b-4877-bfad-17960bc6e1f1,"Toshiba MG10 512e 20TB HDD 7200RPM 3.5"" SATA",Toshiba,MG10,20000GB,,2dd9fde0-c33b-4877-bfad-17960bc6e1f1.json,,20000,"3.5""",B0BMQWLCCM,,,,1Z4-000B-00N04,2716724037,SATA 6.0 Gb/s,,,MG10ACA20TE,False,HDD,HDD
2df11138-e7ac-455f-ba4f-1955972ff0c3,Intel 665p 1TB M.2-2280 SSD PCIe 3.0 x4 NVMe,Intel,665p,1000GB,,2df11138-e7ac-455f-ba4f-1955972ff0c3.json,,1000,M.2-2280,B0851L494L,,,,9SIAD6HBB80239,,M.2 PCIe 3.0 x4,,,SSDPEKNW010T9X1,True,SSD,SSD
2df87493-0a3f-407c-93f5-50aec7a00e39,TEAMGROUP T-FORCE Z44A7 2TB SSD M.2-2280 PCIe 4.0 x4 NVMe,TEAMGROUP,T-FORCE,2000GB,,2df87493-0a3f-407c-93f5-50aec7a00e39.json,,2000,M.2-2280,,,,,,,M.2 PCIe 4.0 x4,,,TM8FPV002T0C129,True,SSD,SSD
2e1653f3-dcc2-496e-9872-0a03a5796fea,Mushkin MKNSSDED1TB-D8 1TB SSD M.2-2280 PCIe 4.0 NVMe,Mushkin,MKNSSDED1TB-D8,1000GB,,2e1653f3-dcc2-496e-9872-0a03a5796fea.json,,1000,M.2-2280,,,,,N82E16820992053,,M.2 PCIe 4.0 x4,,,MKNSSDED1TB-D8,True,SSD,SSD
2e19eb81-5e25-44c0-8a0a-e7d7dfdf873d,"Seagate SV35.5 500GB HDD 3.5"" 5900RPM SATA",Seagate,SV35.5,500GB,,2e19eb81-5e25-44c0-8a0a-e7d7dfdf873d.json,,500,"3.5""",B004KO0KQG,,,,,,SATA 3.0 Gb/s,,,ST3500410SV,False,HDD,HDD
2e2d3a74-279d-4064-b383-d88465f24978,"Toshiba OCZ TR200 480GB SSD 2.5"" SATA 6.0 Gb/s",Toshiba,OCZ,480GB,,2e2d3a74-279d-4064-b383-d88465f24978.json,,480,"2.5""",,,,,,,SATA 6.0 Gb/s,,,THN-TR20Z4800U8(CS,False,SSD,SSD
2e2d97a7-79b4-4199-9dfe-aa9433b95931,"Seagate BarraCuda 3TB HDD 3.5"" SATA",Seagate,BarraCuda,3000GB,,2e2d97a7-79b4-4199-9dfe-aa9433b95931.json,,3000,"3.5""",,,,,,,SATA 6.0 Gb/s,,,STBD3000100,False,HDD,HDD
2e40ffcd-c061-4a9e-8f92-802776c6bec3,"Toshiba MQ01ABF050H 500GB Hybrid 2.5"" 5400RPM SATA",Toshiba,MQ01ABF050H,500GB,,2e40ffcd-c061-4a9e-8f92-802776c6bec3.json,,500,"2.5""",,,,,,,SATA 6.0 Gb/s,,,MQ01ABF050H,False,SSHD,SSHD
2e4ce127-bf62-4201-a920-682022505f7f,Timetec 35TTTNGE4NVME-1TB 1 TB M.2-2280 PCIe 4.0 X4 NVME,Timetec,35TTTNGE4NVME-1TB,1000GB,,2e4ce127-bf62-4201-a920-682022505f7f.json,,1000,M.2-2280,,,,,,,M.2 PCIe 4.0 x4,,,35TTTNGE4NVME-1TB,True,SSD,SSD
2e70e455-9353-4a51-b6cc-2a49ae6e1b5a,"ADATA SU800 512GB SSD 2.5"" SATA",ADATA,SU800,512GB,,2e70e455-9353-4a51-b6cc-2a49ae6e1b5a.json,,512,"2.5""",B01K8A29CS,6221150,,,N82E16820215017,171273466,SATA 6.0 Gb/s,,,ASU800SS-512GT-C,False,SSD,SSD
2e810de7-c268-4e75-b524-dad5846cf5f9,HP FX700 500GB SSD M.2 PCIe 4.0 NVMe,HP,FX700,500GB,,2e810de7-c268-4e75-b524-dad5846cf5f9.json,,500,M.2-2280,,,,,,,M.2 PCIe 4.0 x4,,,8U2N1AA,True,SSD,SSD
2eb17d1d-b609-4ba6-b76a-132df5b29bc4,MP400 1 TB M.2-2280 PCIe 3.0 X4 NVME Solid State Drive,Corsair,MP400,,2020,2eb17d1d-b609-4ba6-b76a-132df5b29bc4.json,,1000,M.2-2280,B08JV25ZL3,,,,ID-636,,M.2 PCIe 3.0 x4,,,CSSD-F1000GBMP400,True,SSD,SSD
2eb2626b-8e9c-4018-9370-616c3a379c51,Patriot P300 1TB SSD M.2-2280 PCIe 3.0 X4 NVMe,Patriot,P300,1000GB,,2eb2626b-8e9c-4018-9370-616c3a379c51.json,,1000,M.2-2280,B082BX6999,,,,N82E16820225191,956620502,M.2 PCIe 3.0 x4,,,P300P1TBM28,True,SSD,SSD
2eba0d43-ccb9-47ca-b0ff-e57c6b3ffed5,"Western Digital Black 8TB HDD 3.5"" 7200RPM SATA 6.0 Gb/s",Western Digital,Black,8000GB,,2eba0d43-ccb9-47ca-b0ff-e57c6b3ffed5.json,,8000,"3.5""",,,,,,,SATA 6.0 Gb/s,,,WD8001FZBX,False,HDD,HDD
2ec78461-eca8-460e-a2b4-3ffc2500d1ea,"Western Digital Caviar Black 2TB HDD 3.5"" 7200RPM SATA",Western Digital,Caviar,2000GB,,2ec78461-eca8-460e-a2b4-3ffc2500d1ea.json,,2000,"3.5""",B004CSIG1G,,,,,16349853,SATA 6.0 Gb/s,,,WD2002FAEX,False,HDD,HDD
2ee52dca-7ccb-4b1d-bf20-cb8f31193edc,"Hitachi Ultrastar 7K4000 3 TB 3.5"" HDD 7200RPM SAS 6.0 Gb/s",Hitachi,Ultrastar,3000GB,,2ee52dca-7ccb-4b1d-bf20-cb8f31193edc.json,64,3000,"3.5""",,,,,,,SAS 6.0 Gb/s,,,HUS724030ALS640,False,HDD,HDD
2ee8f22c-80b5-4601-a344-d3e2520c7a08,"ADATA S599 40GB 2.5"" SSD SATA 3.0 Gb/s",ADATA,S599,40GB,,2ee8f22c-80b5-4601-a344-d3e2520c7a08.json,,40,"2.5""",,,,,,,SATA 3.0 Gb/s,,,AS599S-40GM-C,False,SSD,SSD
2ef74fd9-2ae4-46df-a863-f70d00e371f9,"Apacer AS350 PANTHER 1TB SSD 2.5"" SATA 6.0 Gb/s",Apacer,AS350,1000GB,,2ef74fd9-2ae4-46df-a863-f70d00e371f9.json,,1000,"2.5""",,,,,,,SATA 6.0 Gb/s,,,AP1TBAS350-1,False,SSD,SSD
2f08437c-585c-42ec-83d2-13a9e81c45fa,Crucial M500 240GB SSD M.2-2280 SATA,Crucial,M500,240GB,,2f08437c-585c-42ec-83d2-13a9e81c45fa.json,,240,M.2-2280,,,,,,,M.2 SATA,,,CT240M500SSD4,False,SSD,SSD
2f1f562f-5bc5-4a1e-83e1-cdb715017cec,"Silicon Power A58 2TB SSD 2.5"" SATA",Silicon Power,A58,2000GB,,2f1f562f-5bc5-4a1e-83e1-cdb715017cec.json,,2000,"2.5""",,,,,,,SATA 6.0 Gb/s,,,SP002TBSS3A58A25,False,SSD,SSD
2f3cdf56-389f-4156-81c2-ab7e67417f54,TEAMGROUP T-Force Cardea Z44L 500GB SSD M.2-2280 PCIe 4.0 x4 NVMe,TEAMGROUP,T-Force,500GB,,2f3cdf56-389f-4156-81c2-ab7e67417f54.json,,500,M.2-2280,B09FL3NK25,,,,N82E16820331738,641533964,M.2 PCIe 4.0 x4,,,TM8FPL500G0C127,True,SSD,SSD
2f69bdad-630a-45d1-ad51-995e40bb5272,"Transcend TS240GSSD220S 240GB 2.5"" SSD SATA",Transcend,TS240GSSD220S,240GB,,2f69bdad-630a-45d1-ad51-995e40bb5272.json,,240,"2.5""",B01DRWWNX4,,,,,137745495,SATA 6.0 Gb/s,,,TS240GSSD220S,False,SSD,SSD
2f718820-fe57-4cb9-be4e-8f5ac02cd0ee,"Seagate Archive v2 5TB HDD 3.5"" 5900RPM SATA 6.0 Gb/s Internal",Seagate,Archive,5000GB,,2f718820-fe57-4cb9-be4e-8f5ac02cd0ee.json,,5000,"3.5""",B00PG8X7NI,,,,,43622230,SATA 6.0 Gb/s,,,ST5000AS0011,False,HDD,HDD
2f75c060-2a8d-48d8-a5b9-5a6a9ff0f46a,"SAMSUNG 860 EVO Series 2.5"" 500GB SATA III V-NAND 3-bit MLC Internal Solid State Drive (SSD) MZ-76E500B/AM",Samsung,860 EVO Series,,0,2f75c060-2a8d-48d8-a5b9-5a6a9ff0f46a.json,,500,"2.5""",B078218TWQ,6211737,,,9SIAADFF215331,,SATA 6.0 Gb/s,,,MZ-N6E500BW | MZ-76E500B/AM,False,SSD,SSD
2f777de2-688f-40d2-937f-4f04adfa33b8,"Western Digital Blue 3TB HDD 5400RPM 3.5"" SATA",Western Digital,Blue,3000GB,,2f777de2-688f-40d2-937f-4f04adfa33b8.json,,3000,"3.5""",B0BNGNT5X3,,,,N82E16822234537,1265112676,SATA 6.0 Gb/s,,,WD30EZAX | WD30EZAX-SPC8UB0,False,HDD,HDD
2f883b78-46ad-4ecd-8de8-a175b411b060,Kingston FURY Renegade G5 4.096 TB SSD M.2-2280 PCIe 5.0 x4 NVMe,Kingston,FURY,4000GB,,2f883b78-46ad-4ecd-8de8-a175b411b060.json,,4000,M.2-2280,B0F43Z6NXL,,31394,,N82E16820242926,16116959868,M.2 PCIe 5.0 x4,,,SFYR2S | 4T0 | SFYR2S/4T0,True,SSD,SSD
2f8b66bb-7e9e-4dce-92ef-c3bfdb902397,"Western Digital Blue 1TB 3.5"" HDD 5400RPM SATA",Western Digital,Blue,1000GB,,2f8b66bb-7e9e-4dce-92ef-c3bfdb902397.json,,1000,"3.5""",B013HNYVLA,,,,,,SATA 6.0 Gb/s,,,WD10EZRZ,False,HDD,HDD
2f8f77ca-e196-48cd-8557-caf21e3adcd8,"SanDisk SSD PLUS 2.5"" 120GB SATA III 3D NAND Internal Solid State Drive (SSD)",SanDisk,SSD PLUS,120GB,2021,2f8f77ca-e196-48cd-8557-caf21e3adcd8.json,,120,"2.5""",B07621PNWC,6172332,,,9SIAKVHKBE4628,197028404,SATA 6.0 Gb/s,,,SDSSDA-120G-G27,False,SSD,SSD
2f8fd979-da8a-4806-b64e-14c9aed92760,Kingston SSDNow G2 240GB SSD M.2-2280 SATA,Kingston,SSDNow,240GB,,2f8fd979-da8a-4806-b64e-14c9aed92760.json,,240,M.2-2280,B01BCEYML0,,,,,,M.2 SATA,,,SM2280S3G2 | 240G | SM2280S3G2/240G,False,SSD,SSD
2f9697e6-edcd-4701-a224-71ff825ffe15,"Apacer AS340 PANTHER 480GB SSD 2.5"" SATA 6.0 Gb/s",Apacer,AS340,480GB,,2f9697e6-edcd-4701-a224-71ff825ffe15.json,,480,"2.5""",,,,,,,SATA 6.0 Gb/s,,,AP480GAS340G-1,False,SSD,SSD
2fa3d17d-e4ab-4350-bc17-6137bcd13946,"ADATA SU655 120 GB SSD 2.5"" SATA 6.0 Gb/s",ADATA,SU655,120GB,,2fa3d17d-e4ab-4350-bc17-6137bcd13946.json,,120,"2.5""",,,,,,,SATA 6.0 Gb/s,,,ASU655SS-120GT-C,False,SSD,SSD
2fbee15b-166b-447c-89e7-a3e0136c4d8e,"Seagate Surveillance 2TB 3.5"" HDD 5400RPM SATA",Seagate,Surveillance,2000GB,,2fbee15b-166b-447c-89e7-a3e0136c4d8e.json,,2000,"3.5""",B00PG91SAG,,,,,42394397,SATA 6.0 Gb/s,,,ST2000VX003,False,HDD,HDD
2fd03d50-d565-421f-a599-daf39d0b4cc7,"Kingston SSDNow E100 400GB SSD 2.5"" SATA 6.0 Gb/s",Kingston,SSDNow,400GB,,2fd03d50-d565-421f-a599-daf39d0b4cc7.json,,400,"2.5""",,,,,,,SATA 6.0 Gb/s,,,SE100S37 | 400G,False,SSD,SSD
2fe25755-57c7-42c9-9668-e67707cc8045,"Western Digital Gold 24 TB 3.5"" 7200 RPM Internal",Western Digital,Gold,24000GB,,2fe25755-57c7-42c9-9668-e67707cc8045.json,,24000,"3.5""",,,,,,,SATA 6.0 Gb/s,,,WD241KRYZ,False,HDD,HDD
2fe85106-e493-44fa-b218-607f7dd78d40,"Hitachi Deskstar 5K1000 500GB HDD 5400RPM 3.5"" SATA 3.0 Gb/s Internal",Hitachi,Deskstar,500GB,,2fe85106-e493-44fa-b218-607f7dd78d40.json,,500,"3.5""",,,,,,,SATA 3.0 Gb/s,,,HDS5C1050CLA382,False,HDD,HDD
2ff6a4e9-2120-4877-afb3-e76d517d0f02,Western Digital PC SN740 Pyrite 256GB SSD M.2-2280 PCIe 4.0 x4 NVMe,Western Digital,PC,256GB,,2ff6a4e9-2120-4877-afb3-e76d517d0f02.json,,256,M.2-2280,,,,,,,M.2 PCIe 4.0 x4,,,SDDPNQD-256G,True,SSD,SSD
300ca6c2-71bd-4081-9514-f5990f1909ab,Corsair MP600 1TB M.2 SSD PCIe 4.0 NVMe,Corsair,MP600,1000GB,,300ca6c2-71bd-4081-9514-f5990f1909ab.json,,1000,M.2-2280,B09M8PRGPT,,,,,584889131,M.2 PCIe 4.0 x4,,,CSSD-F1000GBMP600R2,True,SSD,SSD
303b4349-4ffb-4030-9dfb-03f9a69b00ea,Lexar NM610 500GB M.2-2280 SSD PCIe 3.0 x4 NVMe,Lexar,NM610,500GB,,303b4349-4ffb-4030-9dfb-03f9a69b00ea.json,,500,M.2-2280,B07WL653V8,,,,,350332505,M.2 PCIe 3.0 x4,,,LNM610-500RBNA | LNM610-500RB,True,SSD,SSD
30626682-de5e-4db0-9fac-337705a512b8,"Intel D3-S4520 960GB SSD 2.5"" SATA",Intel,D3-S4520,960GB,,30626682-de5e-4db0-9fac-337705a512b8.json,,960,"2.5""",B09DVQDFWC,,,,1Z4-009F-004T4,931629920,SATA 6.0 Gb/s,,,SSDSC2KB960GZ01,False,SSD,SSD
30643fa7-c78b-4e3f-8ba9-806ff2fd7cae,"Seagate Enterprise Performance 1.8TB HDD 10000RPM 3.5"" SAS 12.0 Gb/s",Seagate,Enterprise,1000GB,,30643fa7-c78b-4e3f-8ba9-806ff2fd7cae.json,,1000,"3.5""",,,,,,,SAS 12.0 Gb/s,,,ST1800MM0129,False,HDD,HDD
307acd79-1635-4b44-8af5-ce34fd3c251d,"Intel DC P4510 2TB SSD 2.5"" U.2",Intel,DC,2000GB,,307acd79-1635-4b44-8af5-ce34fd3c251d.json,,2000,"2.5""",B076SYT49C,,,,,849329162,U.2,,,SSDPE2KX020T801 | INT-SSDPE2KX020T801,False,SSD,SSD
308c11cd-634b-4cf4-ac45-2daa12ae4b9c,"Samsung 870 QVO 1TB SSD 2.5"" SATA 6.0 Gb/s",Samsung,870,1000GB,,308c11cd-634b-4cf4-ac45-2daa12ae4b9c.json,,1000,"2.5""",B089C73T72,6422326,,,N82E16820147781,445327716,SATA 6.0 Gb/s,,,MZ-77Q1T0B | AM | MZ-77Q1T0B/AM,False,SSD,SSD
309884e1-b12f-4233-b0a9-8b0f01a0b2f6,"Western Digital Caviar Black 500GB 3.5"" HDD 7200RPM SATA 6.0 Gb/s",Western Digital,Caviar,500GB,,309884e1-b12f-4233-b0a9-8b0f01a0b2f6.json,,500,"3.5""",B004DMFAJ2,,,,,16349852,SATA 6.0 Gb/s,,,WD5002AALX,False,HDD,HDD
3098d24b-17d4-4193-ac8e-985d1121a7dc,"Hitachi 7K1000.C 1TB 3.5"" HDD 7200RPM SATA",Hitachi,7K1000.C,1000GB,,3098d24b-17d4-4193-ac8e-985d1121a7dc.json,,1000,"3.5""",B0035WQBOY,,,,,,SATA 3.0 Gb/s,,,0F10383,False,HDD,HDD
30a3469a-e55e-43f0-8d4b-29f1338b4359,"Seagate Exos 7E10 6TB 3.5"" HDD SATA 7200RPM 512e/4Kn",Seagate,Exos,6000GB,,30a3469a-e55e-43f0-8d4b-29f1338b4359.json,,6000,"3.5""",,,,,1Z4-002P-024E8,,SATA 6.0 Gb/s,,,ST6000NM019B,False,HDD,HDD
30a89d6f-cc50-4550-a668-770459d85546,"SanDisk Extreme II 120GB SSD 2.5"" SATA",SanDisk,Extreme,120GB,,30a89d6f-cc50-4550-a668-770459d85546.json,,120,"2.5""",,,,,,,SATA 6.0 Gb/s,,,SDSSDXP-120G-G25,False,SSD,SSD
30b793b5-346d-417a-a5de-75a2a6467c17,"Seagate Constellation ES 2TB 3.5"" HDD 7200RPM SATA 6.0 Gb/s",Seagate,Constellation,2000GB,,30b793b5-346d-417a-a5de-75a2a6467c17.json,,2000,"3.5""",,,,,,,SATA 6.0 Gb/s,,,ST2000NM0011,False,HDD,HDD
30e083a4-060f-4059-b5ef-f4836724cde7,"Western Digital Black 6TB HDD 3.5"" SATA 7200RPM",Western Digital,Black,6000GB,,30e083a4-060f-4059-b5ef-f4836724cde7.json,,6000,"3.5""",B011LVAVEQ,,,,,46567044,SATA 6.0 Gb/s,,,WD6001FZWX,False,HDD,HDD
30e1dc18-1b4e-4cae-9a5a-1962242acb93,"Toshiba MK6465GSX 640GB 2.5"" HDD 5400RPM SATA Internal",Toshiba,MK6465GSX,640GB,,30e1dc18-1b4e-4cae-9a5a-1962242acb93.json,,640,"2.5""",,,,,,,SATA 3.0 Gb/s,,,MK6465GSX,False,HDD,HDD
30eece97-9c38-4070-a1e4-ad0ece6152b2,Crucial P310 w/Heatsink 4TB SSD M.2-2280 PCIe 4.0 x4 NVMe,Crucial,P310,4000GB,,30eece97-9c38-4070-a1e4-ad0ece6152b2.json,,4000,M.2-2280,,,,,,,M.2 PCIe 4.0 x4,,,CT4000P310SSD5,True,SSD,SSD
30f4c15a-7e0a-4b78-bf1f-ae3f2693ed84,"ADATA SU760 512GB SSD 2.5"" SATA",ADATA,SU760,512GB,,30f4c15a-7e0a-4b78-bf1f-ae3f2693ed84.json,,512,"2.5""",,,,,,,SATA 6.0 Gb/s,,,ASU760SS-512GT-C,False,SSD,SSD
30f96a83-c996-42f5-a8f2-e9d7cf5f99c1,Netac NV5000-N 1TB SSD M.2 PCIe 4.0 NVMe,Netac,NV5000-N,1000GB,,30f96a83-c996-42f5-a8f2-e9d7cf5f99c1.json,,1000,M.2-2280,,,,,,,M.2 PCIe 4.0 x4,,,NT01NV5000N-1T0-E4X,True,SSD,SSD
31071fbc-daee-4e91-8fae-947f384cc70f,TEAMGROUP T-Force Cardea Zero Z330 1TB SSD M.2-2280 PCIe 3.0 X4 NVMe,TEAMGROUP,T-Force,1000GB,,31071fbc-daee-4e91-8fae-947f384cc70f.json,,1000,M.2-2280,,,,,,,M.2 PCIe 3.0 x4,,,TM8FP8001T0C311,True,SSD,SSD
3110b570-2086-4ba7-ad9e-2b291b3f57b2,"Kingston SSDNow KC300 180GB SSD 2.5"" SATA",Kingston,SSDNow,180GB,,3110b570-2086-4ba7-ad9e-2b291b3f57b2.json,,180,"2.5""",B00CLB4A9S,,,,,,SATA 6.0 Gb/s,,,SKC300S37A | 180G | SKC300S37A/180G,False,SSD,SSD
31158617-2790-47cf-a43f-c4b860a93318,"Seagate Surveillance 4TB HDD 3.5"" SATA",Seagate,Surveillance,4000GB,,31158617-2790-47cf-a43f-c4b860a93318.json,,4000,"3.5""",,,,,,,SATA 6.0 Gb/s,,,ST4000VX002,False,HDD,HDD
312873a0-b5e8-4945-92ff-5f0a254239f9,"Apacer AS340 PANTHER 120 GB SSD 2.5"" SATA 6.0 Gb/s",Apacer,AS340,120GB,,312873a0-b5e8-4945-92ff-5f0a254239f9.json,,120,"2.5""",,,,,,,SATA 6.0 Gb/s,,,AP120GAS340G-1,False,SSD,SSD
31298ba5-e794-4d86-88b6-3c5a033d25f7,"Seagate EXOS Enterprise 16 TB 3.5"" HDD 7200 RPM SAS 12.0 Gb/s",Seagate,EXOS,16000GB,,31298ba5-e794-4d86-88b6-3c5a033d25f7.json,,16000,"3.5""",B07T3VPKXK,,,,,612430925,SAS 12.0 Gb/s,,,ST16000NM004G,False,HDD,HDD
317519ba-8540-4f5e-9dfc-7f356dc58b15,"Hitachi Travelstar Z5K500 500GB Internal HDD 5400RPM 2.5"" SATA 3.0 Gb/s",Hitachi,Travelstar,500GB,,317519ba-8540-4f5e-9dfc-7f356dc58b15.json,,500,"2.5""",B005GKXTCK,,,,,39363189,SATA 3.0 Gb/s,,,HTS545050A7E380 | 0J11285,False,HDD,HDD
31904134-daf9-4ce0-91f0-908a54c818b4,"Toshiba X300 4TB HDD 3.5"" SATA",Toshiba,X300,4000GB,,31904134-daf9-4ce0-91f0-908a54c818b4.json,,4000,"3.5""",,,,,,,SATA 6.0 Gb/s,,,HDWR440UZSVA,False,HDD,HDD
31da43b9-5a1e-4537-a68b-41726aa86084,Western Digital Black SN770 250GB SSD M.2 PCIe 4.0 NVMe,Western Digital,Black,250GB,,31da43b9-5a1e-4537-a68b-41726aa86084.json,,250,M.2-2280,B09QVP977F,,,,N82E16820250215,829103106,M.2 PCIe 4.0 x4,,,WDS250G3X0E,True,SSD,SSD
31e3800a-d3e6-4db1-9630-bbe4fa65a428,Nextorage NEM-PAC 4TB M.2-2280 SSD PCIe 4.0 x4 NVMe,Nextorage,NEM-PAC,4000GB,,31e3800a-d3e6-4db1-9630-bbe4fa65a428.json,,4000,M.2-2280,B0DVL6NDHZ,,,,0D9-0106-00025,,M.2 PCIe 4.0 x4,,,NEM-PAC4TB | N SYM | CP00000136 | NEM-PAC4TB/N SYM | JTB_141305_KE61,True,SSD,SSD
31ec8ad3-2318-4930-b652-0858dea559ec,Lexar NM500 256GB SSD M.2-2280 PCIe 3.0 X2 NVMe,Lexar,NM500,256GB,,31ec8ad3-2318-4930-b652-0858dea559ec.json,,256,M.2-2280,,,,,,,M.2 PCIe 3.0 x2,,,LNM500-256RBNA,True,SSD,SSD
3248348a-e2fd-4bbb-8220-645cfc337118,Apacer AS2280P4U Pro 1TB M.2-2280 SSD PCIe 3.0 X4 NVMe,Apacer,AS2280P4U,1000GB,,3248348a-e2fd-4bbb-8220-645cfc337118.json,,1000,M.2-2280,,,,,,,M.2 PCIe 3.0 x4,,,AP1TBAS2280P4UPRO-1,True,SSD,SSD
326c872f-bfc6-4d8f-bdb2-a5041f43feef,"Seagate BarraCuda 120 2TB SSD 2.5"" SATA 6.0 Gb/s",Seagate,BarraCuda,2000GB,,326c872f-bfc6-4d8f-bdb2-a5041f43feef.json,,2000,"2.5""",,,,,,,SATA 6.0 Gb/s,,,ZA2000CM1A003,False,SSD,SSD
32b52408-d02d-42d9-a9bb-d703c88c646a,"Seagate Enterprise Capacity 8TB 3.5"" HDD 7200RPM SATA",Seagate,Enterprise,8000GB,,32b52408-d02d-42d9-a9bb-d703c88c646a.json,,8000,"3.5""",B014UYHGVC,,,,9SIAG98JV91577,139199264,SATA 6.0 Gb/s,,,ST8000NM0105,False,HDD,HDD
32cb56fe-dbec-438c-8586-138b6991f120,ADATA XPG SX8100 1TB SSD M.2-2280 PCIe 3.0 X4 NVMe,ADATA,XPG,1000GB,,32cb56fe-dbec-438c-8586-138b6991f120.json,,1000,M.2-2280,,,,,,,M.2 PCIe 3.0 x4,,,ASX8100NP-1TT-C,True,SSD,SSD
32ed9152-7d36-49d6-ab71-0f284bef96e8,"Toshiba N300 6TB 3.5"" HDD 7200RPM SATA 6.0 Gb/s Internal",Toshiba,N300,6000GB,,32ed9152-7d36-49d6-ab71-0f284bef96e8.json,,6000,"3.5""",,,,,,,SATA 6.0 Gb/s,,,HDWG460XZSTA,False,HDD,HDD
32f7a3a4-f48e-4588-aada-151a31a8f373,"Western Digital Blue 250GB SSD 2.5"" SATA",Western Digital,Blue,250GB,,32f7a3a4-f48e-4588-aada-151a31a8f373.json,,250,"2.5""",B01LXDQX35,,,,9SIAET8KCB4629,163362285,SATA 6.0 Gb/s,,,WDS250G1B0A,False,SSD,SSD
32f8d709-0bf3-4acf-a255-5c57bd6ef311,G.Skill Phoenix Blade 960GB SSD PCIe PCIe x8 NVMe,G.Skill,Phoenix,960GB,,32f8d709-0bf3-4acf-a255-5c57bd6ef311.json,,960,PCIe,,,,,,,M.2 PCIe 3.0 x8,,,FM-PCx8G2R4-960G,True,SSD,SSD
32f96155-ec36-46b9-b2f5-f09590b4c77e,Samsung PM961 128GB M.2-2280 SSD PCIe 3.0 NVMe,Samsung,PM961,128GB,,32f96155-ec36-46b9-b2f5-f09590b4c77e.json,,128,M.2-2280,,,,,,,M.2 PCIe 3.0 x4,,,MZVLW128HEGR-00000,True,SSD,SSD
331aa2e0-5607-4c3f-9430-3c2a493807de,"VisionTek 901409 8TB 2.5"" SSD SATA 6.0 Gb/s",VisionTek,901409,8000GB,,331aa2e0-5607-4c3f-9430-3c2a493807de.json,,8000,"2.5""",,,,,0D9-003G-002G5,,SATA 6.0 Gb/s,,,901409,False,SSD,SSD
3321882b-43a6-40e3-9831-e69a27bb7ce4,"Toshiba Q300 120GB SSD 2.5"" SATA",Toshiba,Q300,120GB,,3321882b-43a6-40e3-9831-e69a27bb7ce4.json,,120,"2.5""",,,,,,,SATA 6.0 Gb/s,,,HDTS712XZSTA,False,SSD,SSD
334179b5-61c7-4b4d-a6c1-b7f230774a3b,SK Hynix Platinum P41 1TB M.2 SSD PCIe 4.0 NVMe,SK Hynix,Platinum,1000GB,,334179b5-61c7-4b4d-a6c1-b7f230774a3b.json,,1000,M.2-2280,B09QX6SL2Y,,,,0D9-003U-00ME4,,M.2 PCIe 4.0 x4,,,SHPP41-1000GM-2,True,SSD,SSD
3343249e-95b6-4a38-8fa8-3f41d719e462,"Samsung Spinpoint F1 DT 1TB HDD 7200RPM 3.5"" SATA",Samsung,Spinpoint,1000GB,,3343249e-95b6-4a38-8fa8-3f41d719e462.json,,1000,"3.5""",,,,,,,SATA 3.0 Gb/s,,,HD103UJ,False,HDD,HDD
3348da24-ffce-47c8-b8b1-0138430dfe8e,"Toshiba MG07ACA14TE 14TB HDD 3.5"" 7200RPM SATA",Toshiba,MG07ACA14TE,14000GB,,3348da24-ffce-47c8-b8b1-0138430dfe8e.json,,14000,"3.5""",B07DHY61JP,,,,,,SATA 6.0 Gb/s,,,MG07ACA14TE | 201746,False,HDD,HDD
336f66a1-2fdf-4b1d-94f3-edd3a00c46bc,PNY CS2150 2TB M.2-2280 SSD PCIe 5.0 X4 NVMe,PNY,CS2150,2000GB,,336f66a1-2fdf-4b1d-94f3-edd3a00c46bc.json,,2000,M.2-2280,,,,,N82E16820177170,,M.2 PCIe 5.0 x4,,,M280CS2150-2TB-TB,True,SSD,SSD
336fe2ed-1775-4dc1-9416-2c58d6cbcda9,"Corsair Force GS 240GB SSD 2.5"" SATA 6.0 Gb/s",Corsair,Force,240GB,,336fe2ed-1775-4dc1-9416-2c58d6cbcda9.json,,240,"2.5""",,,,,,,SATA 6.0 Gb/s,,,CSSD-F240GBGS-BK,False,SSD,SSD
339d6490-b8d4-4f68-8d30-2d9ebe648547,Sabrent Rocket 4 4TB SSD M.2-2280 PCIe 4.0 X4 NVMe,Sabrent,Rocket,4000GB,,339d6490-b8d4-4f68-8d30-2d9ebe648547.json,,4000,M.2-2280,B0DP1S9T9J,,,,0D9-001Y-000C6,16205456329,M.2 PCIe 4.0 x4,,,SB-RKT4L-4TB,True,SSD,SSD
33b928b2-8636-4c36-b514-660db4e49881,VisionTek DLX3 256GB SSD M.2-2280 PCIe 3.0 X4 NVMe,VisionTek,DLX3,256GB,,33b928b2-8636-4c36-b514-660db4e49881.json,,256,M.2-2280,B0C43H7VKY,,,,N82E16820367124,3869088059,M.2 PCIe 3.0 x4,,,901554,True,SSD,SSD
33dbc0f1-1c52-4eb7-89ed-60bad7335cbb,"Western Digital Scorpio Blue 320GB 2.5"" HDD 5400RPM SATA",Western Digital,Scorpio,320GB,,33dbc0f1-1c52-4eb7-89ed-60bad7335cbb.json,,320,"2.5""",,,,,,,SATA 3.0 Gb/s,,,WD3200LPVT,False,HDD,HDD
33dec253-fb96-4c05-a66c-9e01f0d13754,"Kingston HyperX 120GB SSD 2.5"" SATA",Kingston,HyperX,120GB,,33dec253-fb96-4c05-a66c-9e01f0d13754.json,,120,"2.5""",,,,,,,SATA 6.0 Gb/s,,,SH100S3B | 120G,False,SSD,SSD
33eceb3a-c7d9-469a-836b-6ce986fbaf02,Leven JPS600 1TB SSD M.2-2280 PCIe 3.0 x4 NVMe,Leven,JPS600,1000GB,,33eceb3a-c7d9-469a-836b-6ce986fbaf02.json,,1000,M.2-2280,B08DSQPTFD,,,,,,M.2 PCIe 3.0 x4,,,JPS600-1TB,True,SSD,SSD
340c8d26-19f5-4467-8f3e-d91f3ca4a83e,"Intel D3-S4520 3.84TB SSD 2.5"" SATA",Intel,D3-S4520,3000GB,,340c8d26-19f5-4467-8f3e-d91f3ca4a83e.json,,3000,"2.5""",B09DVNGHVF,,,,0D9-002V-00AB1,119400469,SATA 6.0 Gb/s,,,SSDSC2KB038TZ01,False,SSD,SSD
340fe1b2-f260-46af-8980-d51ebbd3e4be,"Hitachi Ultrastar He8 6TB HDD 7200RPM 3.5"" SATA 6.0 Gb/s",Hitachi,Ultrastar,6000GB,,340fe1b2-f260-46af-8980-d51ebbd3e4be.json,,6000,"3.5""",,,,,,,SATA 6.0 Gb/s,,,0F23269,False,HDD,HDD
341dc535-5e11-49b4-b3f5-435f83339639,"Seagate Exos 7E8 4Kn 6TB HDD 7200RPM 3.5"" SATA",Seagate,Exos,6000GB,,341dc535-5e11-49b4-b3f5-435f83339639.json,,6000,"3.5""",,,,,,,SATA 6.0 Gb/s,,,ST6000NM022A,False,HDD,HDD
34289ba3-11ad-4ed0-bcfc-582bcbab57ee,Verbatim Vi560 1TB SSD M.2-2280 SATA,Verbatim,Vi560,1000GB,,34289ba3-11ad-4ed0-bcfc-582bcbab57ee.json,,1000,M.2-2280,,,,,,,M.2 SATA,,,70385,False,SSD,SSD
34330ab8-62e8-414e-89a1-a8a09d17cf47,"TEAMGROUP EX2 1TB SSD 2.5"" SATA 6.0 Gb/s",TEAMGROUP,EX2,1000GB,,34330ab8-62e8-414e-89a1-a8a09d17cf47.json,,1000,"2.5""",B08CDLS2JY,,,,N82E16820331541,205285699,SATA 6.0 Gb/s,,,T253E2001T0C101,False,SSD,SSD
346793a3-fc0f-41c9-aa4c-a682463d5e0d,"Western Digital Blue SA510 2TB SSD 2.5"" SATA 6.0 Gb/s",Western Digital,Blue,2000GB,,346793a3-fc0f-41c9-aa4c-a682463d5e0d.json,,2000,"2.5""",B0C14TF467,,,,N82E16820250251,2039794201,SATA 6.0 Gb/s,,,WDS200T3B0A | WDS200T3B0A-00C7K0,False,SSD,SSD
3476ee67-d5b9-4047-b378-5c63e3b0d23f,Inland TN450 2TB SSD M.2-2280 PCIe 4.0 x4 NVMe,Inland,TN450,2000GB,,3476ee67-d5b9-4047-b378-5c63e3b0d23f.json,,2000,M.2-2280,B0C2HG312N,,,,,,M.2 PCIe 4.0 x4,,,2TB TN450 | 548263,True,SSD,SSD
347eccc4-2932-4d39-8e56-457ec23161e3,Sabrent Rocket 4 Plus 2TB SSD M.2-2280 PCIe 4.0 X4 NVMe,Sabrent,Rocket,2000GB,,347eccc4-2932-4d39-8e56-457ec23161e3.json,,2000,M.2-2280,B08P2CG4JK,,,,9SIBK19JMR2061,272368021,M.2 PCIe 4.0 x4,,,SB-RKT4P-2TB,True,SSD,SSD
349fbece-6a45-4597-b45b-5e4470f216b6,"Seagate SkyHawk Surveillance 10TB 3.5"" HDD 7200RPM SATA",Seagate,SkyHawk,10000GB,,349fbece-6a45-4597-b45b-5e4470f216b6.json,256,10000,"3.5""",,,,,,714300093,SATA 6.0 Gb/s,,,ST10000VX0008 | ST12000NE0008,False,HDD,HDD
34bd7d43-2cc2-44bb-8009-064cd7872888,ADATA XPG GAMMIX S70 Blade 1TB SSD M.2-2280 PCIe 4.0 x4 NVMe,ADATA,XPG,1000GB,,34bd7d43-2cc2-44bb-8009-064cd7872888.json,,1000,M.2-2280,B093DP3X4H,6486459,28476,,N82E16820246054,825772334,M.2 PCIe 4.0 x4,,,AGAMMIXS70B-1T-CS,True,SSD,SSD
34ed1182-0fe6-4bde-b463-c28a914dadf8,"Kingston SSDNOW DC500R 3.84 TB SSD 2.5"" SATA",Kingston,SSDNOW,3000GB,,34ed1182-0fe6-4bde-b463-c28a914dadf8.json,,3000,"2.5""",B07PTRK3SX,,,,,347964560,SATA 6.0 Gb/s,,,SEDC500R | 3840G | SEDC500R/3840G,False,SSD,SSD
351cebeb-e205-403b-be41-41c3c00d9f55,Samsung PM951 128GB M.2-2280 SSD PCIe 3.0 x4 NVMe,Samsung,PM951,128GB,,351cebeb-e205-403b-be41-41c3c00d9f55.json,,128,M.2-2280,,,,,,,M.2 PCIe 3.0 x4,,,MZVLV128HCGR,True,SSD,SSD
351fc6a6-93f2-4ad9-a310-be515fae76c6,TEAMGROUP Cardea A440 1TB M.2-2280 SSD PCIe 4.0 NVMe,TEAMGROUP,Cardea,1000GB,,351fc6a6-93f2-4ad9-a310-be515fae76c6.json,,1000,M.2-2280,B0921KF4JC,,,,N82E16820331726,731439727,M.2 PCIe 4.0 x4,,,TM8FPZ001T0C327,True,SSD,SSD
3526aae8-9a7f-49be-bfb4-3814008bcf59,Lexar NM610PRO 1TB M.2-2280 SSD PCIe 3.0 x4 NVMe,Lexar,NM610PRO,1000GB,,3526aae8-9a7f-49be-bfb4-3814008bcf59.json,,1000,M.2-2280,B07YXRHCZ1,,,,N82E16820191878,678440390,M.2 PCIe 3.0 x4,,,LNM610P001T-RNNNG | LNM610-1TRBNA,True,SSD,SSD
353b3ac5-28ce-4eaa-b7e7-75f8a6f47e3c,Intel 760p 512GB M.2 SSD PCIe 3.0 NVMe,Intel,760p,512GB,,353b3ac5-28ce-4eaa-b7e7-75f8a6f47e3c.json,,512,M.2-2280,B078VCGSKS,,,,,238102536,M.2 PCIe 3.0 x4,,,SSDPEKKW512G8XT | INT-SSDPEKKW512G8XT,True,SSD,SSD
35498127-3856-4848-81bd-1656053ece92,Seagate BarraCuda Q5 1TB SSD M.2-2280 PCIe 3.0 X4 NVMe,Seagate,BarraCuda,1000GB,,35498127-3856-4848-81bd-1656053ece92.json,,1000,M.2-2280,B08LB5LQ65,,,,N82E16820248144,885137187,M.2 PCIe 3.0 x4,,,ZP1000CV3A001,True,SSD,SSD
35612e97-06e8-4254-9e74-446300512c4c,Western Digital Black SN750 500GB SSD M.2-2280 PCIe 3.0 X4 NVMe,Western Digital,Black,500GB,,35612e97-06e8-4254-9e74-446300512c4c.json,,500,M.2-2280,,,,,,,M.2 PCIe 3.0 x4,,,WDS500G3XHC | WDS500G3XHC-00SJG0,True,SSD,SSD
358b8281-1f28-43c5-82a5-2ec5f6903f13,Seagate FireCuda 530 w/Heatsink 4TB SSD M.2-2280 PCIe 4.0 x4 NVMe,Seagate,FireCuda,4000GB,,358b8281-1f28-43c5-82a5-2ec5f6903f13.json,,4000,M.2-2280,B0977K3N1M,6474701,,,9SIA6ZPK9U5998,591410494,M.2 PCIe 4.0 x4,,,ZP4000GM3A023 | ZP4000GM30023,True,SSD,SSD
35922c2a-303f-487d-8be1-7c436255c034,Intel 670p 512GB SSD M.2-2280 PCIe 3.0 X4 NVME,Intel,670p,512GB,,35922c2a-303f-487d-8be1-7c436255c034.json,,512,M.2-2280,B08X4YHJ7L,,,,N82E16820167475R,807820936,M.2 PCIe 3.0 x4,,,SSDPEKNU512GZX1,True,SSD,SSD
359ed54b-cf00-4f07-b0e7-a068c0b33fa7,"Western Digital Red Pro 8 TB 3.5"" Internal HDD 7200 RPM SATA 6.0 Gb/s",Western Digital,Red,8000GB,,359ed54b-cf00-4f07-b0e7-a068c0b33fa7.json,,8000,"3.5""",B07D3N95GS,,,,9SIB85DJVJ1736,177661721,SATA 6.0 Gb/s,,,WD8003FFBX | WD8003FFBX-SPB9AN0,False,HDD,HDD
35a5c482-eb15-4d2a-87b6-458ef6cc8602,"Kingston SSDNow V300 60GB SSD 2.5"" SATA 6.0 Gb/s",Kingston,SSDNow,60GB,,35a5c482-eb15-4d2a-87b6-458ef6cc8602.json,,60,"2.5""",,,,,,,SATA 6.0 Gb/s,,,SV300S37A | 60G,False,SSD,SSD
35b97ce1-7260-49f4-84ca-f0d5b865ed7f,"Seagate IronWolf NAS 10TB HDD 3.5"" 7200RPM SATA",Seagate,IronWolf,10000GB,,35b97ce1-7260-49f4-84ca-f0d5b865ed7f.json,,10000,"3.5""",B01IA9GU0Q,,,,,118141753,SATA 6.0 Gb/s,,,ST10000VN0004,False,HDD,HDD
35c11854-3cec-435b-a62a-bbdb1bfe1d22,"Crucial BX500 2TB 2.5"" SSD SATA 6.0 Gb/s",Crucial,BX500,2000GB,,35c11854-3cec-435b-a62a-bbdb1bfe1d22.json,,2000,"2.5""",B07YD5F561,6465362,,,N82E16820156232,989148765,SATA 6.0 Gb/s,,,CT2000BX500SSD1 | CT2000BX500SSD1T,False,SSD,SSD
35dc6e12-0f79-4bc9-9316-5cdffc349e5c,"Samsung Spinpoint F2 EG 500GB HDD 3.5"" SATA",Samsung,Spinpoint,500GB,,35dc6e12-0f79-4bc9-9316-5cdffc349e5c.json,,500,"3.5""",,,,,,,SATA 3.0 Gb/s,,,HD502HI,False,HDD,HDD
36066cd0-ec86-45ff-b7f0-c29ee7156fc9,"Hitachi 7K1000.C 1TB HDD 7200RPM 3.5"" SATA",Hitachi,7K1000.C,1000GB,,36066cd0-ec86-45ff-b7f0-c29ee7156fc9.json,,1000,"3.5""",B002U22U6S,,,,,,SATA 3.0 Gb/s,,,HDS721010CLA332 | 5051868343056,False,HDD,HDD
360a66aa-7351-43c2-aca7-e3d63ffe4370,Lexar NM620 512GB M.2-2280 SSD PCIe 3.0 X4 NVMe,Lexar,NM620,512GB,,360a66aa-7351-43c2-aca7-e3d63ffe4370.json,,512,M.2-2280,B08V1MWQQR,,,,9SIAFVFK9W3731,117739923,M.2 PCIe 3.0 x4,,,LNM620X512G-RNNNU | LNM620X512G-RNNNG,True,SSD,SSD
3631a9f1-e628-48ed-8a45-5b3e8363873a,"Integral V Series Plus 1TB SSD 2.5"" SATA",Integral,V,1000GB,,3631a9f1-e628-48ed-8a45-5b3e8363873a.json,,1000,"2.5""",,,,,,,SATA 6.0 Gb/s,,,INSSD1TS625V2P,False,SSD,SSD
36334163-e16b-4dd3-af5f-3613f3e5d12e,"Toshiba MG04ACA100N 1TB HDD 3.5"" 7200 RPM Internal",Toshiba,MG04ACA100N,1000GB,,36334163-e16b-4dd3-af5f-3613f3e5d12e.json,,1000,"3.5""",B07YC6NMP6,,,,1Z4-000B-00340,,SATA 6.0 Gb/s,,,MG04ACA100N,False,HDD,HDD
36418176-3e19-4021-aeb3-dfcfc96b5f4b,Verbatim Vi5000 2TB SSD M.2-2280 PCIe 4.0 x4 NVMe,Verbatim,Vi5000,2000GB,,36418176-3e19-4021-aeb3-dfcfc96b5f4b.json,,2000,M.2-2280,,,,,,5290663566,M.2 PCIe 4.0 x4,,,31827,True,SSD,SSD
3656fcb5-05ef-4167-8d7d-b348ea9e451a,Western Digital WD_BLACK SN7100 2TB SSD M.2-2280 PCIe 4.0 x4 NVMe,Western Digital,WD_BLACK,2000GB,2025,3656fcb5-05ef-4167-8d7d-b348ea9e451a.json,64,2000,M.2-2280,B0DN6ZQ3PD,6615945,,https://support-en.sandisk.com/app/products/product-detailweb/p/9371,N82E16820250275,15004169299,M.2 PCIe 4.0 x4,,2026-03-22T10:38:13.468Z,WDS200T4X0E | WDS200T4X0E-00CJA0 | WDBELG0020BBK-WRSN,True,SSD,
3660fbd1-4808-46a6-a18b-2c0a69d02132,Seagate IronWolf 12TB NAS Internal Hard Drive HDD – CMR 3.5 Inch SATA 6Gb/s 7200 RPM 256MB Cache for RAID Network Attached Storage,Seagate,IronWolf,,2020,3660fbd1-4808-46a6-a18b-2c0a69d02132.json,,12000,"3.5""",B07H241VJY,,,,9SIA17PJCD9352,,SATA 6.0 Gb/s,,,ST12000VNZ007 | ST12000VN0008,False,HDD,HDD
36731d3a-1733-4a86-a3d9-9b0bb864b880,ADATA XPG GAMMIX S11 Pro 2TB SSD M.2-2280 PCIe 3.0 X4 NVMe,ADATA,XPG,2000GB,,36731d3a-1733-4a86-a3d9-9b0bb864b880.json,,2000,M.2-2280,,,,,,,M.2 PCIe 3.0 x4,,,AGAMMIXS11P-2TT-C,True,SSD,SSD
36802c43-1fba-46bc-8ed5-ec0ef95db8c8,ADATA XPG SX8200 240GB SSD M.2-2280 PCIe 3.0 NVMe,ADATA,XPG,240GB,,36802c43-1fba-46bc-8ed5-ec0ef95db8c8.json,,240,M.2-2280,B07BLNFSQN,,,,,,M.2 PCIe 3.0 x4,,,ASX8200NP-240GT-C,True,SSD,SSD
36a291f4-2966-47bb-a0b1-3fbd133636fc,Silicon Power A55 512GB SSD M.2-2280 SATA,Silicon Power,A55,512GB,,36a291f4-2966-47bb-a0b1-3fbd133636fc.json,,512,M.2-2280,B07FPKTBTH,,,,,,M.2 SATA,,,SU512GBSS3A55M28AC | FBA-SU512GBSS3A55M28AC,False,SSD,SSD
36bb876f-a0a6-4ec9-a93c-778c2f150b91,"Hitachi Deskstar 1 TB HDD 3.5"" 7200RPM SATA 3.0 Gb/s",Hitachi,Deskstar,1000GB,,36bb876f-a0a6-4ec9-a93c-778c2f150b91.json,,1000,"3.5""",,,,,,,SATA 3.0 Gb/s,,,HD31000 IDK | 7K,False,HDD,HDD
36cd125f-f4d4-4a79-a573-bb85aae1b22b,"Western Digital Red SA500 1TB 2.5"" SSD SATA",Western Digital,Red,1000GB,,36cd125f-f4d4-4a79-a573-bb85aae1b22b.json,,1000,"2.5""",B081VLG38J,,,,N82E16820250123,909328487,SATA 6.0 Gb/s,,,WDS100T1R0A,False,SSD,SSD
36d8c777-d1eb-4038-ba0f-34647b7d2736,"TEAMGROUP T-Force Delta RGB 1TB SSD 2.5"" SATA 6.0 Gb/s",TEAMGROUP,T-Force,1000GB,,36d8c777-d1eb-4038-ba0f-34647b7d2736.json,,1000,"2.5""",,,,,,,SATA 6.0 Gb/s,,,T253TR001T3C313,False,SSD,SSD
37096712-9a22-459f-a5a2-e70bff8aa3f5,TEAMGROUP T-Force Cardea Z44L 1TB SSD M.2-2280 PCIe 4.0 x4 NVMe,TEAMGROUP,T-Force,1000GB,,37096712-9a22-459f-a5a2-e70bff8aa3f5.json,,1000,M.2-2280,B09FL49KPW,,,,N82E16820331739R,644365615,M.2 PCIe 4.0 x4,,,TM8FPL001T0C127 | 0765441058323,True,SSD,SSD
371c584c-fa41-461f-a298-e1614dff24c1,"Samsung 870 QVO 8TB SSD 2.5"" SATA",Samsung,870,8000GB,,371c584c-fa41-461f-a298-e1614dff24c1.json,,8000,"2.5""",B089C3TZL9,6461768,,,N82E16820147784,963319278,SATA 6.0 Gb/s,,,MZ-77Q8T0B | AM | MZ-77Q8T0BW | MZ-77Q8T0B/AM,False,SSD,SSD
37208e5d-98c8-4851-b02b-ddb600781360,Western Digital Green 480GB SSD M.2-2280 SATA,Western Digital,Green,480GB,,37208e5d-98c8-4851-b02b-ddb600781360.json,,480,M.2-2280,B07KYDYKQP,,,,,340697104,M.2 SATA,,,WDS480G2G0B,False,SSD,SSD
37346c4b-bde9-4591-bdbf-463530cff31d,Crucial T705 2TB SSD M.2-2280 PCIe 5.0 X4 NVMe,Crucial,T705,2000GB,,37346c4b-bde9-4591-bdbf-463530cff31d.json,,2000,M.2-2280,B0CTRVZKG7,,,,N82E16820156398,5355886548,M.2 PCIe 5.0 x4,,,CT2000T705SSD3,True,SSD,SSD
374193ba-6470-4073-b88a-2a7fda941181,"SanDisk SSD PLUS 120GB SSD 2.5"" SATA",SanDisk,SSD,120GB,,374193ba-6470-4073-b88a-2a7fda941181.json,,120,"2.5""",,,,,,,SATA 6.0 Gb/s,,,SDSSDA-120G-G25,False,SSD,SSD
375806ca-1d9d-49d1-8254-536893c129ae,Seagate FireCuda 520 2 TB M.2-2280 PCIe 4.0 X4 NVME Solid State Drive,Seagate,FireCuda 520,,2024,375806ca-1d9d-49d1-8254-536893c129ae.json,,2000,M.2-2280,B07ZPRPFQY,6440213,,,9SIBTK0K928031,670734182,M.2 PCIe 4.0 x4,,,ZP2000GM3A002,True,SSD,SSD
377566ee-ee2d-4869-a071-9df0ca4e0f64,Seagate Game 1TB M.2-2280 SSD PCIe 4.0 X4 NVMe,Seagate,Game,1000GB,,377566ee-ee2d-4869-a071-9df0ca4e0f64.json,,1000,M.2-2280,B0BD5M46BY,,,,,,M.2 PCIe 4.0 x4,,,ZP1000GP3A4001 | ZP1000GP304001,True,SSD,SSD
37867e5b-0ced-40be-929d-eea79ea48e5b,Kingston KC3000 512GB SSD M.2 PCIe 4.0 NVMe,Kingston,KC3000,512GB,,37867e5b-0ced-40be-929d-eea79ea48e5b.json,,512,M.2-2280,B09K7CR37G,,,,N82E16820242658,865760785,M.2 PCIe 4.0 x4,,,SKC3000S | 512G | SKC3000S/512G,True,SSD,SSD
379dfa92-02a5-4496-b775-8804064879b7,"Drevo X1 Pro 512GB SSD 2.5"" SATA",Drevo,X1,512GB,,379dfa92-02a5-4496-b775-8804064879b7.json,,512,"2.5""",,,,,,,SATA 6.0 Gb/s,,,X1P-512GB,False,SSD,SSD
37a0949a-c270-4def-8d68-0d56133d15ac,"Western Digital Scorpio Blue 80 GB 2.5"" HDD 5400RPM SATA 3.0 Gb/s Internal",Western Digital,Scorpio,80GB,,37a0949a-c270-4def-8d68-0d56133d15ac.json,,80,"2.5""",B001J746TO,,,,,,SATA 3.0 Gb/s,,,WD800BEVT,False,HDD,HDD
37a922dd-2d70-4e84-817f-293b00348d46,Biwin Black Opal NV7400 4TB SSD M.2-2280 PCIe 4.0 x4 NVMe,Biwin,Black,4000GB,,37a922dd-2d70-4e84-817f-293b00348d46.json,,4000,M.2-2280,,,,,,,M.2 PCIe 4.0 x4,,,NV7400-4TB,True,SSD,SSD
37d71986-8efa-4996-a060-fb84723ad50d,Intel DC P3600 800GB SSD PCIe PCIe x4 NVMe,Intel,DC,800GB,,37d71986-8efa-4996-a060-fb84723ad50d.json,,800,PCIe,B00L0LFKQW,,,,,41245428,M.2 PCIe 3.0 x4,,,SSDPEDME800G401 | 0735858278225,True,SSD,SSD
37dec7ca-995d-41d7-84ae-10fe4a55284f,"Seagate ST500LM000 500GB Hybrid 2.5"" 5400 RPM SATA 6.0 Gb/s Internal",Seagate,ST500LM000,500GB,,37dec7ca-995d-41d7-84ae-10fe4a55284f.json,,500,"2.5""",B00B99JU5M,,,,,26972760,SATA 6.0 Gb/s,,,ST500LM000,False,SSHD,SSHD
37ee2391-6722-4dc0-bf8d-e7a3af23ba88,"Western Digital Caviar Green 500GB HDD 3.5"" SATA",Western Digital,Caviar,500GB,,37ee2391-6722-4dc0-bf8d-e7a3af23ba88.json,,500,"3.5""",B00165RLL4,,,,,,SATA 3.0 Gb/s,,,WD5000AACS,False,HDD,HDD
38017e42-2852-4774-b6c1-953723fa0705,TEAMGROUP T-Create Classic C47 1TB M.2-2280 SSD PCIe 4.0 NVMe,TEAMGROUP,T-Create,1000GB,,38017e42-2852-4774-b6c1-953723fa0705.json,,1000,M.2-2280,B0CX7ZRZWG,,,,N82E16820985325,,M.2 PCIe 4.0 x4,,,TM8FFC001T0C129,True,SSD,SSD
38108c57-ac95-4486-ade4-ed93ee1ec312,"Samsung Spinpoint F4 2TB HDD 5400RPM Internal 3.5""",Samsung,Spinpoint,2000GB,,38108c57-ac95-4486-ade4-ed93ee1ec312.json,,2000,"3.5""",,,,,,,SATA 3.0 Gb/s,,,HD204UI,False,HDD,HDD
38124d1c-bb88-4d18-a2cf-3bbf435fb924,Orico D10 2TB M.2-2280 SSD PCIe 3.0 x4 NVMe,Orico,D10,2000GB,,38124d1c-bb88-4d18-a2cf-3bbf435fb924.json,,2000,M.2-2280,B0DLG1S1Q3,,,,,,M.2 PCIe 3.0 x4,,,D10-2TB,True,SSD,SSD
38170590-410c-4dd5-bbae-f32834df1a47,"Seagate IronWolf Pro 4TB 3.5"" HDD 7200RPM SATA",Seagate,IronWolf,4000GB,,38170590-410c-4dd5-bbae-f32834df1a47.json,,4000,"3.5""",B01MTIZMXY,,,,,831139917,SATA 6.0 Gb/s,,,ST4000NE0025 | ST4000NEB025,False,HDD,HDD
38284e98-0cda-4fc0-a043-acf69656c315,TEAMGROUP T-FORCE G70 PRO Graphene 1TB SSD M.2 PCIe 4.0 NVMe,TEAMGROUP,T-FORCE,1000GB,,38284e98-0cda-4fc0-a043-acf69656c315.json,,1000,M.2-2280,B0CSFRP7R6,,,,N82E16820985134,5517259243,M.2 PCIe 4.0 x4,,,TM8FFH001T0C129,True,SSD,SSD
38287a7e-f012-46b8-86e5-b0bd524ad3a8,Neo Forza eSports 512 GB M.2-2280 SSD PCIe 3.0 X4 NVME,Neo Forza,eSports,512GB,,38287a7e-f012-46b8-86e5-b0bd524ad3a8.json,,512,M.2-2280,,,,,,,M.2 PCIe 3.0 x4,,,NFP075PCI51-3400200,True,SSD,SSD
382a0f02-2800-4faa-8aee-c94b2d3cde44,Western Digital Black 512GB M.2-2280 SSD PCIe 3.0 x4 NVMe,Western Digital,Black,512GB,,382a0f02-2800-4faa-8aee-c94b2d3cde44.json,,512,M.2-2280,B01MR4VOBZ,,,,,,M.2 PCIe 3.0 x4,,,WDS512G1X0C,True,SSD,SSD
382c291c-dff4-4280-91f8-c33cefa2b5ff,"Seagate SkyHawk AI 12TB 3.5"" HDD 7200RPM SATA 6.0 Gb/s",Seagate,SkyHawk,12000GB,,382c291c-dff4-4280-91f8-c33cefa2b5ff.json,,12000,"3.5""",B07VFRGDSW,,,,,701300631,SATA 6.0 Gb/s,,,ST12000VE0008 | ST12000VEZ01/001,False,HDD,HDD
3836d11c-c0e0-426f-a4bd-8c328bf2ba82,"Seagate Exos X18 10TB HDD 7200RPM 3.5"" SATA",Seagate,Exos,10000GB,,3836d11c-c0e0-426f-a4bd-8c328bf2ba82.json,,10000,"3.5""",B09DVQ3HB9,,,,,2705521220,SATA 6.0 Gb/s,,,ST10000NM020G,False,HDD,HDD
383ced0e-ffe9-408d-a1e2-32dd585e749b,"Intenso High Performance 960GB SSD 2.5"" SATA",Intenso,High,960GB,,383ced0e-ffe9-408d-a1e2-32dd585e749b.json,,960,"2.5""",B01D3ACJ0M,,,,,,SATA 6.0 Gb/s,,,3813460,False,SSD,SSD
384a8f6d-77c8-4930-92f7-2ecd1efdef83,Orico O7000 512GB SSD M.2 PCIe 4.0 NVMe,Orico,O7000,512GB,,384a8f6d-77c8-4930-92f7-2ecd1efdef83.json,,512,M.2-2280,B0CWNXR6V5,,,,,,M.2 PCIe 4.0 x4,,,O7000-512GB | O7000 512GB | ORICO-O7000-512GB-GD-EP-EU1,True,SSD,SSD
384c6ed9-79f7-480a-8380-a68f90316b1e,"Patriot Blast 120 GB SSD 2.5"" SATA",Patriot,Blast,120GB,,384c6ed9-79f7-480a-8380-a68f90316b1e.json,,120,"2.5""",,,,,,,SATA 6.0 Gb/s,,,PBT120GS25SSDBK,False,SSD,SSD
3855a7a7-337a-4f26-869b-18543c75e09c,"OCZ Agility 3 512GB 2.5"" SSD SATA 6.0 Gb/s",OCZ,Agility,512GB,,3855a7a7-337a-4f26-869b-18543c75e09c.json,,512,"2.5""",,,,,,,SATA 6.0 Gb/s,,,AGT3-25SAT3-512G,False,SSD,SSD
385d4761-5c9a-488e-8d2a-4510681063a1,Lexar NQ710 4TB SSD M.2-2280 PCIe 4.0 X4 NVMe,Lexar,NQ710,4000GB,,385d4761-5c9a-488e-8d2a-4510681063a1.json,,4000,M.2-2280,,,,,,,M.2 PCIe 4.0 x4,,,LNQ710X004T-RNNNU | LNQ710X004T-RNNNG,True,SSD,SSD
3882f6fe-c00f-43c9-8498-35f06e37998c,"Western Digital Caviar Black 4TB Internal HDD 7200RPM 3.5"" SATA 6.0 Gb/s",Western Digital,Caviar,4000GB,,3882f6fe-c00f-43c9-8498-35f06e37998c.json,,4000,"3.5""",,,,,,,SATA 6.0 Gb/s,,,WD4004FZWX,False,HDD,HDD
38981b5d-af1b-4dfe-86a2-66b2dcf20b24,ADATA XPG SPECTRIX S20G 1TB SSD M.2-2280 PCIe 3.0 x4 NVMe,ADATA,XPG,1000GB,,38981b5d-af1b-4dfe-86a2-66b2dcf20b24.json,,1000,M.2-2280,B08RWG4HSD,,,,,,M.2 PCIe 3.0 x4,,,ASPECTRIXS20G-1T-C,True,SSD,SSD
38b73361-85a1-400b-80a6-ce8cc6205749,Corsair MP600 PRO XT 4TB SSD M.2-2280 PCIe 4.0 X4 NVMe,Corsair,MP600,4000GB,,38b73361-85a1-400b-80a6-ce8cc6205749.json,,4000,M.2-2280,B09F5XC93H,,,,N82E16820236815,731702155,M.2 PCIe 4.0 x4,,,CSSD-F4000GBMP600PXT,True,SSD,SSD
38bdea2e-eecf-44a5-a68b-544d4fb44640,SK Hynix Gold P31 2TB M.2 SSD NVMe,SK Hynix,Gold,2000GB,,38bdea2e-eecf-44a5-a68b-544d4fb44640.json,,2000,M.2-2280,B099RHVB42,,,,0D9-003U-00ME8,,M.2 PCIe 3.0 x4,,,SHGP31-2000GM-2,True,SSD,SSD
38d89b3a-6570-4a18-9ffa-64b4674561e3,"Hitachi Ultrastar 4TB HDD 3.5"" 7200RPM SATA 6.0 Gb/s Internal",Hitachi,Ultrastar,4000GB,,38d89b3a-6570-4a18-9ffa-64b4674561e3.json,,4000,"3.5""",,,,,,,SATA 6.0 Gb/s,,,0F23015,False,HDD,HDD
38dddb52-f9ca-42d0-8227-b9845def31db,"Toshiba MQ01ABD050 500GB HDD 2.5"" 5400RPM SATA",Toshiba,MQ01ABD050,500GB,,38dddb52-f9ca-42d0-8227-b9845def31db.json,,500,"2.5""",B008RZLSWE,,,,,896293492,SATA 3.0 Gb/s,,,MQ01ABD050,False,HDD,HDD
38ebcb71-41cf-49f8-be35-2e7bf205c0c0,"Seagate Momentus 7200.4 160 GB HDD 7200 RPM 2.5"" SATA 3.0 Gb/s",Seagate,Momentus,160GB,,38ebcb71-41cf-49f8-be35-2e7bf205c0c0.json,,160,"2.5""",B002WTVITY,,,,,46179138,SATA 3.0 Gb/s,,,ST9160412AS,False,HDD,HDD
38ef2538-9ce8-4172-9b81-fdc4686d19ad,"Western Digital Purple 12TB 3.5"" HDD 7200RPM SATA",Western Digital,Purple,12000GB,,38ef2538-9ce8-4172-9b81-fdc4686d19ad.json,,12000,"3.5""",B07DYNG3N8,,,,,706201739,SATA 6.0 Gb/s,,,WD121PURZ,False,HDD,HDD
3909e6b9-d52d-4fa9-b3ae-321f2101cd7d,"Crucial M4 512GB SSD 2.5"" SATA 6.0 Gb/s",Crucial,M4,512GB,,3909e6b9-d52d-4fa9-b3ae-321f2101cd7d.json,,512,"2.5""",,,,,,,SATA 6.0 Gb/s,,,CT512M4SSD1,False,SSD,SSD
3921a685-e7f3-4d51-8ca3-51a6daf63cf5,GOODRAM IRDM PRO GEN 5 4TB SSD M.2-2280 PCIe 5.0 x4 NVMe,GOODRAM,IRDM,4000GB,,3921a685-e7f3-4d51-8ca3-51a6daf63cf5.json,,4000,M.2-2280,,,,,,,M.2 PCIe 5.0 x4,,,IRP-SSDPR-P54S-4K0-80,True,SSD,SSD
395394ac-a37f-4237-aa71-3e8c93161910,"Western Digital Red Pro 14TB HDD 7200RPM 3.5"" SATA 6.0 Gb/s",Western Digital,Red,14000GB,,395394ac-a37f-4237-aa71-3e8c93161910.json,,14000,"3.5""",B0CD2XBZWR,,,,N82E16822234550,5088055871,SATA 6.0 Gb/s,,,WD142KFGX,False,HDD,HDD
395b18a6-e937-4a24-84c4-a2853fc410a4,TEAMGROUP T-Create Classic DL 2TB SSD M.2 PCIe 4.0 NVMe,TEAMGROUP,T-Create,2000GB,,395b18a6-e937-4a24-84c4-a2853fc410a4.json,,2000,M.2-2280,B0BPCHDKT5,,,,N82E16820985161,5512676905,M.2 PCIe 4.0 x4,,,TM8FPM002T0C329,True,SSD,SSD
395ca3ff-0181-49e0-9033-0fc7cd36b316,"Seagate Constellation ES.3 4TB 3.5"" HDD 7200RPM SAS 6.0 Gb/s",Seagate,Constellation,4000GB,,395ca3ff-0181-49e0-9033-0fc7cd36b316.json,128,4000,"3.5""",B00A45JFJS,,,,,26819933,SAS 6.0 Gb/s,,,ST4000NM0023,False,HDD,HDD
3960f593-333d-46c6-9755-9fc1588835fb,TEAMGROUP Cardea II 1TB SSD M.2-2280 PCIe 3.0 X4 NVMe,TEAMGROUP,Cardea,1000GB,,3960f593-333d-46c6-9755-9fc1588835fb.json,,1000,M.2-2280,,,,,,,M.2 PCIe 3.0 x4,,,TM8FP5001T0C110,True,SSD,SSD
39835a25-5208-4d3d-917e-830eca168b09,Micron 2200 512GB M.2-2280 SSD PCIe 3.0 X4 NVMe,Micron,2200,512GB,,39835a25-5208-4d3d-917e-830eca168b09.json,,512,M.2-2280,,,,,,,M.2 PCIe 3.0 x4,,,MTFDHBA512TCK-1AS15A,True,SSD,SSD
39929d16-938f-4e36-b422-8248259c5621,"Kingston Savage 480GB SSD 2.5"" SATA 6.0 Gb/s",Kingston,Savage,480GB,,39929d16-938f-4e36-b422-8248259c5621.json,,480,"2.5""",,,,,,,SATA 6.0 Gb/s,,,SHSS37A | 480G,False,SSD,SSD
39c27e83-4855-41dd-9092-fbfd596e7596,"Western Digital easystore 240 GB SSD 2.5"" SATA 6.0 Gb/s",Western Digital,easystore,240GB,,39c27e83-4855-41dd-9092-fbfd596e7596.json,,240,"2.5""",,,,,,,SATA 6.0 Gb/s,,,WDBAGU2400ANC-WRBB,False,SSD,SSD
39d3ac5f-45de-4275-90df-9ad475742ff1,"Seagate IronWolf NAS 8TB 3.5"" HDD 7200RPM SATA",Seagate,IronWolf,8000GB,,39d3ac5f-45de-4275-90df-9ad475742ff1.json,,8000,"3.5""",B07XQ18JJW,6616035,,,N82E16822184796,704485711,SATA 6.0 Gb/s,,,ST8000VN004 | NE-ST8000VN004,False,HDD,HDD
3a05afd9-c7d3-4982-bd17-b91406de5f4b,"Western Digital Gold 2TB HDD 3.5"" 7200RPM SATA 6.0 Gb/s Internal",Western Digital,Gold,2000GB,,3a05afd9-c7d3-4982-bd17-b91406de5f4b.json,,2000,"3.5""",B01IY9UTMM,,,,1Z4-0002-002V0,,SATA 6.0 Gb/s,,,WD2005FBYZ | WD2005FBYZ-SPYCBB3,False,HDD,HDD
3a08c88d-f5bd-4bc5-8b12-6700f2995242,"Western Digital Scorpio Blue 750GB HDD 5200RPM 2.5"" SATA",Western Digital,Scorpio,750GB,,3a08c88d-f5bd-4bc5-8b12-6700f2995242.json,,750,"2.5""",,,,,,,SATA 3.0 Gb/s,,,WD7500KPVT,False,HDD,HDD
3a41d28c-1a53-43a1-9919-42eed7fddf1a,MSI SPATIUM M370 2TB SSD M.2 PCIe 3.0 x4 NVMe,MSI,SPATIUM,2000GB,,3a41d28c-1a53-43a1-9919-42eed7fddf1a.json,,2000,M.2-2280,,,,,,,M.2 PCIe 3.0 x4,,,SM370N2TB,True,SSD,SSD
3a5d7b22-ac3d-4f34-ae0a-297abbec0b6c,"ADATA SU760 256GB SSD 2.5"" SATA",ADATA,SU760,256GB,,3a5d7b22-ac3d-4f34-ae0a-297abbec0b6c.json,,256,"2.5""",,,,,,,SATA 6.0 Gb/s,,,ASU760SS-256GT-C,False,SSD,SSD
3a6292f7-5cb9-46d9-bb61-b103587ac807,"Patriot Burst Elite 1.92 TB SSD 2.5"" SATA 6.0 Gb/s",Patriot,Burst,1000GB,,3a6292f7-5cb9-46d9-bb61-b103587ac807.json,,1000,"2.5""",B08LKTXYNQ,,,,9SIB7RAJK04297,319015426,SATA 6.0 Gb/s,,,PBE192TS25SSDR | BURST ELITE,False,SSD,SSD
3a72c86f-5a8f-49f5-ada8-aaac26ebf78b,Seagate Barracuda 500GB M.2 SSD PCIe 4.0 NVMe,Seagate,Barracuda,500GB,,3a72c86f-5a8f-49f5-ada8-aaac26ebf78b.json,,500,M.2-2280,,,,,,,M.2 PCIe 4.0 x4,,,ZP500CV3A002,True,SSD,SSD
3a738c04-5316-4ac1-8682-2e7c62b984c9,"Seagate Barracuda XT 2TB HDD 7200RPM 3.5"" SATA 6.0 Gb/s",Seagate,Barracuda,2000GB,,3a738c04-5316-4ac1-8682-2e7c62b984c9.json,,2000,"3.5""",B002RWJHBM,,,,,,SATA 6.0 Gb/s,,,ST32000641AS,False,HDD,HDD
3a79f8bd-f3eb-469f-b852-0b1e7688e54d,"Toshiba MQ02ABF100 1TB HDD 5400 RPM 2.5"" SATA 6.0 Gb/s",Toshiba,MQ02ABF100,1000GB,,3a79f8bd-f3eb-469f-b852-0b1e7688e54d.json,,1000,"2.5""",,,,,,,SATA 6.0 Gb/s,,,MQ02ABF100,False,HDD,HDD
3a85f6a6-ca53-4632-a60f-b4c008a1aaca,HP EX900 250GB M.2-2280 SSD PCIe 3.0 x4 NVMe,HP,EX900,250GB,,3a85f6a6-ca53-4632-a60f-b4c008a1aaca.json,,250,M.2-2280,B07B319VG2,,,,9SIA4REJYE1760,399155678,M.2 PCIe 3.0 x4,,,2YY43AA#ABC,True,SSD,SSD
3ac0fa47-e0e8-4e07-8783-8fc1785d70a6,"Western Digital Blue 1TB 3.5"" HDD 7200RPM SATA Internal",Western Digital,Blue,1000GB,,3ac0fa47-e0e8-4e07-8783-8fc1785d70a6.json,,1000,"3.5""",B00D8X0JRU,,,,,,SATA 6.0 Gb/s,,,WDBH2D0010HNC-NRSN,False,HDD,HDD
3ad83203-83af-4924-8f2d-c988d7b2fa7b,Western Digital WD_BLACK SN850P for PS5 2TB SSD M.2-2280 PCIe 4.0 NVMe,Western Digital,WD_BLACK,2000GB,,3ad83203-83af-4924-8f2d-c988d7b2fa7b.json,,2000,M.2-2280,B0C47ZX1WB,6541326,,,N82E16820250258,1967745437,M.2 PCIe 4.0 x4,,,WDBBYV0020BNC-WRSN | WDBBYV0010BNC-WRSN,True,SSD,SSD
3ae60367-6ca3-41f6-aba4-3940aff581d2,"Seagate SkyHawk 10TB HDD 3.5"" SATA",Seagate,SkyHawk,10000GB,,3ae60367-6ca3-41f6-aba4-3940aff581d2.json,,10000,"3.5""",B01IA9GYAW,,,,,,SATA 6.0 Gb/s,,,ST10000VX0004,False,HDD,HDD
3aed24a7-c3a8-49a8-bac9-41a93bff6d12,"Kingston Savage 960GB SSD 2.5"" SATA 6.0 Gb/s",Kingston,Savage,960GB,,3aed24a7-c3a8-49a8-bac9-41a93bff6d12.json,,960,"2.5""",,,,,,,SATA 6.0 Gb/s,,,SHSS37A | 960G,False,SSD,SSD
3b069510-78c2-464c-9d0f-6e8dfdd4e1ea,"Seagate Exos M 30TB 3.5"" HDD 7200RPM SATA 6.0 Gb/s",Seagate,Exos,30000GB,,3b069510-78c2-464c-9d0f-6e8dfdd4e1ea.json,,30000,"3.5""",B0FF69RHHL,,,,N82E16822185114,16731412570,SATA 6.0 Gb/s,,,ST30000NM004K,False,HDD,HDD
3b0ac107-f144-4b61-adbb-5255d66b07c5,Lexar NM600 480GB SSD M.2-2280 PCIe 3.0 x4 NVMe,Lexar,NM600,480GB,,3b0ac107-f144-4b61-adbb-5255d66b07c5.json,,480,M.2-2280,B07NDJNR19,,,,,,M.2 PCIe 3.0 x4,,,LNM600-480RBNA,True,SSD,SSD
3b22fc88-586b-4fbc-a2dd-f55045162617,ADATA XPG SX6000 Pro 512GB SSD M.2-2280 PCIe 3.0 X4 NVMe,ADATA,XPG,512GB,,3b22fc88-586b-4fbc-a2dd-f55045162617.json,,512,M.2-2280,B07H5355JF,,,,,,M.2 PCIe 3.0 x4,,,ASX6000PNP-512GT-C,True,SSD,SSD
3b3b346a-b265-4de6-b7b5-460f6ee0b9bd,Micron 2300 512GB SSD M.2-2280 PCIe 3.0 x4 NVMe,Micron,2300,512GB,,3b3b346a-b265-4de6-b7b5-460f6ee0b9bd.json,,512,M.2-2280,,,,,,,M.2 PCIe 3.0 x4,,,MTFDHBA512TDV-1AZ1AA,True,SSD,SSD
3b3b3dd2-895a-4a43-9ac4-376945d08717,"Western Digital Purple NV 4TB HDD 3.5"" 5400RPM SATA",Western Digital,Purple,4000GB,,3b3b3dd2-895a-4a43-9ac4-376945d08717.json,,4000,"3.5""",,,,,,,SATA 6.0 Gb/s,,,WD4NPURX,False,HDD,HDD
3b3bac64-1c94-48fb-aeaa-7abdd28a7c5c,Inland Platinum 4TB SSD M.2-2280 PCIe 3.0 X4 NVMe,Inland,Platinum,4000GB,,3b3bac64-1c94-48fb-aeaa-7abdd28a7c5c.json,,4000,M.2-2280,,,,,,,M.2 PCIe 3.0 x4,,,4TB QLC NVME,True,SSD,SSD
3b3dc9cb-4b85-44ff-8478-da5541662393,"Seagate IronWolf Pro 24TB 3.5"" HDD 7200RPM SATA",Seagate,IronWolf,24000GB,,3b3dc9cb-4b85-44ff-8478-da5541662393.json,,24000,"3.5""",B0CSPCFKR9,,,,N82E16822185104,5309227658,SATA 6.0 Gb/s,,,ST24000NT002,False,HDD,HDD
3b406c88-87c2-4db9-a243-01bfa10a9cf4,"Silicon Power Ace A56 256GB SSD 2.5"" SATA 6.0 Gb/s",Silicon Power,Ace,256GB,,3b406c88-87c2-4db9-a243-01bfa10a9cf4.json,,256,"2.5""",,,,,,,SATA 6.0 Gb/s,,,SP256GBSS3A56B25,False,SSD,SSD
3b40a362-3154-4253-ac7f-abd18fe9f06d,ADATA XPG SX8200 480 480GB SSD M.2-2280 PCIe 3.0 X4 NVMe,ADATA,XPG,480GB,,3b40a362-3154-4253-ac7f-abd18fe9f06d.json,,480,M.2-2280,,,,,,,M.2 PCIe 3.0 x4,,,ASX8200NP-480GT-C,True,SSD,SSD
3b43d81b-000d-4a90-abb0-4c5e1f6d841b,"AMD Radeon R3 120GB SSD 2.5"" SATA 6.0 Gb/s",AMD,Radeon,120GB,,3b43d81b-000d-4a90-abb0-4c5e1f6d841b.json,,120,"2.5""",,,,,,,SATA 6.0 Gb/s,,,R3 120GB | SSDR3L120G,False,SSD,SSD
3b55ed3e-8784-4688-96a1-5ea3054bcc17,"Hitachi E7K1000 1TB 3.5"" HDD 7200RPM SATA 3.0 Gb/s",Hitachi,E7K1000,1000GB,,3b55ed3e-8784-4688-96a1-5ea3054bcc17.json,,1000,"3.5""",,,,,,,SATA 3.0 Gb/s,,,HDE721010SLA330,False,HDD,HDD
3b6456f5-8be0-4924-a57f-19615185944f,"Intel D3-S4510 7.68TB SSD 2.5"" SATA",Intel,D3-S4510,7000GB,,3b6456f5-8be0-4924-a57f-19615185944f.json,,7000,"2.5""",B0868RT1TC,,,,9SIBFJRJNP0575,463222210,SATA 6.0 Gb/s,,,SSDSC2KB076T801,False,SSD,SSD
3b6528a5-a452-467c-a387-864a30fa675d,ADATA XPG GAMMIX S70 Blade 8TB SSD M.2 PCIe 4.0 NVMe,ADATA,XPG,8000GB,,3b6528a5-a452-467c-a387-864a30fa675d.json,,8000,M.2-2280,B0CTNR9Y11,,,,,,M.2 PCIe 4.0 x4,,,AGAMMIXS70B-8000G-CS | AGAMMIXS70B-8T-CS | S70B,True,SSD,SSD
3b742de3-a158-4069-99fc-b0df4c624567,"Seagate IronWolf 4TB 3.5"" HDD 5900RPM SATA",Seagate,ST4000VN000,4000GB,,3b742de3-a158-4069-99fc-b0df4c624567.json,,4000,"3.5""",,,,,,,SATA 6.0 Gb/s,,,ST4000VN000,False,HDD,HDD
3b747ce9-d636-4114-b3d8-17daa1645120,TEAMGROUP MP44S 2TB SSD M.2-2230 PCIe 4.0 x4 NVMe,TEAMGROUP,MP44S,2000GB,,3b747ce9-d636-4114-b3d8-17daa1645120.json,,2000,M.2-2230,B0BVLNGPYB,,,,N82E16820985041,1425701841,M.2 PCIe 4.0 x4,,,TM5FF3002T0C101 | 500272827,True,SSD,SSD
3b789321-26c2-4b22-b09a-17d0e5441e48,Corsair MP400 2TB SSD M.2-2280 PCIe 3.0 X4 NVMe,Corsair,MP400,2000GB,,3b789321-26c2-4b22-b09a-17d0e5441e48.json,,2000,M.2-2280,,,,,,,M.2 PCIe 3.0 x4,,,CSSD-F2000GBMP400R2,True,SSD,SSD
3b87d478-4ea8-4dcd-9f5f-8ff2b43e7a5f,Corsair MP600 GS 1TB SSD M.2-2280 PCIe 4.0 x4 NVMe,Corsair,MP600,1000GB,,3b87d478-4ea8-4dcd-9f5f-8ff2b43e7a5f.json,,1000,M.2-2280,B0BJKVTQGK,,,,N82E16820236927,,M.2 PCIe 4.0 x4,,,CSSD-F1000GBMP600GS,True,SSD,SSD
3b8b3b18-bdea-44c8-bd9e-9112933c6a47,Corsair MP510 960GB SSD M.2-2280 PCIe 3.0 X4 NVMe,Corsair,MP510,960GB,,3b8b3b18-bdea-44c8-bd9e-9112933c6a47.json,,960,M.2-2280,,,,,,,M.2 PCIe 3.0 x4,,,CSSD-F960GBMP510,True,SSD,SSD
3ba8bbca-6299-4a32-96cc-cb9cf84ec97b,Nextorage G-Series LE 4TB SSD M.2-2280 PCIe 4.0 x4 NVMe,Nextorage,G-Series,4000GB,,3ba8bbca-6299-4a32-96cc-cb9cf84ec97b.json,,4000,M.2-2280,,,,,0D9-0106-00023,,M.2 PCIe 4.0 x4,,,NN4LE-4TB2CN | GNE SYM,True,SSD,SSD
3bb3255a-98b4-495f-9eb4-4ac63eb92ab5,Crucial P1 500GB M.2-2280 SSD PCIe 3.0 x4 NVMe,Crucial,P1,500GB,,3bb3255a-98b4-495f-9eb4-4ac63eb92ab5.json,,500,M.2-2280,B07J2WBKXF,,,,N82E16820156200,471007969,M.2 PCIe 3.0 x4,,,CT500P1SSD8,True,SSD,SSD
3bcd9289-7e1b-4b78-b06b-8c8f464e5a9b,"Toshiba X300 4TB 3.5"" HDD 7200RPM SATA Internal",Toshiba,X300,4000GB,,3bcd9289-7e1b-4b78-b06b-8c8f464e5a9b.json,,4000,"3.5""",,,,,,,SATA 6.0 Gb/s,,,HDWE140EZSTA,False,HDD,HDD
3bdd2cb1-76d5-45cf-9a73-6b7f283747f2,"HP S750 1TB SSD 2.5"" SATA 6.0 Gb/s",HP,S750,1000GB,,3bdd2cb1-76d5-45cf-9a73-6b7f283747f2.json,,1000,"2.5""",,,,,,,SATA 6.0 Gb/s,,,16L54AA#ABA,False,SSD,SSD
3bdf4364-013e-411e-aecc-af9e93a560bd,"Samsung 870 QVO 4TB SSD 2.5"" SATA",Samsung,870,4000GB,,3bdf4364-013e-411e-aecc-af9e93a560bd.json,,4000,"2.5""",B08FJCQX5V,6422329,,,N82E16820147783,3716210758,SATA 6.0 Gb/s,,,MZ-77Q4T0B | AM | MZ-77Q4T0BW,False,SSD,SSD
3be69b8b-d73d-4712-9a81-d5d795faafe1,"ADATA Ultimate SU650 480GB SSD 2.5"" SATA",ADATA,Ultimate,480GB,,3be69b8b-d73d-4712-9a81-d5d795faafe1.json,,480,"2.5""",B07HB4YSWD,,,,,,SATA 6.0 Gb/s,,,ASU650SS-480GT-R,False,SSD,SSD
3bf12bcc-6662-4dc6-ba75-8c6c73c0cee3,TEAMGROUP MP33 2TB SSD M.2 PCIe 3.0 NVMe,TEAMGROUP,MP33,2000GB,,3bf12bcc-6662-4dc6-ba75-8c6c73c0cee3.json,,2000,M.2-2280,B08CDM2HSS,,,,N82E16820331431,956530027,M.2 PCIe 3.0 x4,,,TM8FP6002T0C101,True,SSD,SSD
3bf31fca-90ca-4aca-bf87-57d5bc916831,"Western Digital SiliconEdge Blue 256GB SSD 2.5"" SATA",Western Digital,SiliconEdge,256GB,,3bf31fca-90ca-4aca-bf87-57d5bc916831.json,,256,"2.5""",,,,,,,SATA 3.0 Gb/s,,,SSC-D0256SC-2100,False,SSD,SSD
3c13990d-8304-42cb-a9a2-d42e85fa0437,"Micron 1100 512GB SSD 2.5"" SATA",Micron,1100,512GB,,3c13990d-8304-42cb-a9a2-d42e85fa0437.json,,512,"2.5""",,,,,,,SATA 6.0 Gb/s,,,MTFDDAK512TBN-1AR12ABYY,False,SSD,SSD
3c152e3a-4802-408c-8d61-a413762104bb,"Samsung Spinpoint 500GB HDD 3.5"" SATA 7200RPM",Samsung,Spinpoint,500GB,,3c152e3a-4802-408c-8d61-a413762104bb.json,,500,"3.5""",,,,,,,SATA 3.0 Gb/s,,,HD502IJ,False,HDD,HDD
3c1c3d76-3adb-4660-b3f6-ac1d2c55989d,"Seagate Constellation ES.3 2TB 3.5"" HDD 7200RPM SATA",Seagate,Constellation,2000GB,,3c1c3d76-3adb-4660-b3f6-ac1d2c55989d.json,,2000,"3.5""",,,,,,,SATA 6.0 Gb/s,,,ST2000NM0033,False,HDD,HDD
3c42e6b9-5724-4bd1-9f7c-ca05b8170325,"Seagate BarraCuda 1TB 3.5"" HDD 7200RPM SATA",Seagate,BarraCuda,1000GB,,3c42e6b9-5724-4bd1-9f7c-ca05b8170325.json,,1000,"3.5""",B005T3GRNW,,,,,26965823,SATA 6.0 Gb/s,,,ST1000DM003,False,HDD,HDD
3c5ac9d9-f2d9-44ce-a5c9-d37d693ad57f,Rocket NVMe 4.0 SSD,Sabrent,Rocket NVMe,1TB with Heatsink,2019,3c5ac9d9-f2d9-44ce-a5c9-d37d693ad57f.json,,1000,M.2-2280,B07TKYWB3K,,,,9SIBK19JMM4326,796763744,M.2 PCIe 4.0 x4,,,SB-ROCKET-NVMe4-HTSK-1TB,True,SSD,SSD
3c7d2fce-9e35-4f55-94d0-79fa7885f7f6,"MSI SPATIUM S270 480 GB SSD 2.5"" SATA 6.0 Gb/s",MSI,SPATIUM,480GB,,3c7d2fce-9e35-4f55-94d0-79fa7885f7f6.json,,480,"2.5""",B0C1NFSWXK,,,,,5589840496,SATA 6.0 Gb/s,,,SPATIUM-S270-480GB | S78-440E350-P83,False,SSD,SSD
3c977a12-d199-4dbf-af55-99a9962af0e3,ADATA XPG SX8000 512GB SSD M.2-2280 PCIe 3.0 X4 NVMe,ADATA,XPG,512GB,,3c977a12-d199-4dbf-af55-99a9962af0e3.json,,512,M.2-2280,,,,,,,M.2 PCIe 3.0 x4,,,ASX8000NP-512GM-C,True,SSD,SSD
3cb1fce4-a8bb-4731-a4ee-37d4c133294a,"Western Digital Red 6TB 3.5"" HDD 5400RPM SATA Internal",Western Digital,Red,6000GB,,3cb1fce4-a8bb-4731-a4ee-37d4c133294a.json,,6000,"3.5""",B07MYL7KVK,,,,,890429908,SATA 6.0 Gb/s,,,WD60EFAX,False,HDD,HDD
3cb707e7-310a-4b85-8dce-1cab4eea40ba,TEAMGROUP MP44 2TB SSD M.2-2280 PCIe 4.0 X4 NVMe,TEAMGROUP,MP44,2000GB,,3cb707e7-310a-4b85-8dce-1cab4eea40ba.json,,2000,M.2-2280,B0C3VCD5Z8,,,,N82E16820985037,3494528096,M.2 PCIe 4.0 x4,,,TM8FPW002T0C101,True,SSD,SSD
3ccbae8e-0941-4c1d-81f8-de80866bd231,HP EX900 Plus 2TB SSD M.2-2280 PCIe 3.0 X4 NVMe,HP,EX900,2000GB,,3ccbae8e-0941-4c1d-81f8-de80866bd231.json,,2000,M.2-2280,B09CG7SM5K,,,,,,M.2 PCIe 3.0 x4,,,35M35AA#ABA,True,SSD,SSD
3cdb2947-c927-405f-91cf-6f00380bc06a,Kingston Predator 480GB SSD PCIe PCIe x4 NVMe,Kingston,Predator,480GB,,3cdb2947-c927-405f-91cf-6f00380bc06a.json,,480,PCIe,,,,,,,M.2 PCIe 3.0 x4,,,SHPM2280P2H | 480G,True,SSD,SSD
3ce57992-171f-4cf7-b535-4b631db16602,"Western Digital Red 2TB HDD 5400RPM 3.5"" SATA",Western Digital,Red,2000GB,,3ce57992-171f-4cf7-b535-4b631db16602.json,,2000,"3.5""",B07PGWXQCM,,,,,168061544,SATA 6.0 Gb/s,,,WD20EFAX,False,HDD,HDD
3cf8a46e-5423-4fed-a434-93b439b4d775,Sabrent Rocket 4 Plus 1TB SSD M.2-2280 PCIe 4.0 NVMe,Sabrent,Rocket,1000GB,,3cf8a46e-5423-4fed-a434-93b439b4d775.json,,1000,M.2-2280,B08P2B6JKV,,,,0D9-001Y-00068,398687936,M.2 PCIe 4.0 x4,,,SB-RKT4P-1TB,True,SSD,SSD
3cf94805-e38e-4adf-9c0c-1eed431579fa,KingSpec NXM 1TB SSD M.2-2242 PCIe 3.0 X4 NVMe,KingSpec,NXM,1000GB,,3cf94805-e38e-4adf-9c0c-1eed431579fa.json,,1000,M.2-2242,,,,,0D9-000D-00165,,M.2 PCIe 3.0 x4,,,NXM-1TB | NXM-1TB 2242,True,SSD,SSD
3cff6303-a943-42ef-ab98-ae97f1ac3c18,"Seagate Exos X16 16TB 3.5"" HDD 7200RPM SATA",Seagate,Exos,16000GB,,3cff6303-a943-42ef-ab98-ae97f1ac3c18.json,,16000,"3.5""",B07T3VQC2K,,,,,600523423,SATA 6.0 Gb/s,,,ST16000NM003G,False,HDD,HDD
3d300cc1-c188-4538-bc86-791461c23d5d,"GOODRAM CL100 gen.3 480GB SSD 2.5"" SATA 6.0 Gb/s",GOODRAM,CL100,480GB,,3d300cc1-c188-4538-bc86-791461c23d5d.json,,480,"2.5""",,,,,,,SATA 6.0 Gb/s,,,SSDPR-CL100-480-G3,False,SSD,SSD
3d3d29e2-f544-4eb6-9899-14d9bb2ccbce,Western Digital WD_BLACK SN770M 1TB M.2-2230 SSD PCIe 4.0 x4 NVMe,Western Digital,WD_BLACK,1000GB,,3d3d29e2-f544-4eb6-9899-14d9bb2ccbce.json,,1000,M.2-2230,B0CHJXHVZM,6551145,,,N82E16820250263R,5218756956,M.2 PCIe 4.0 x4,,,WDBDNH0010BBK-WRSN,True,SSD,SSD
3d4379b8-fa28-496f-96d3-9db1de33d916,Corsair MP300 120GB SSD M.2-2280 PCIe 3.0 x2 NVMe,Corsair,MP300,120GB,,3d4379b8-fa28-496f-96d3-9db1de33d916.json,,120,M.2-2280,,,,,,,M.2 PCIe 3.0 x2,,,CSSD-F120GBMP300,True,SSD,SSD
3d4825c9-2f66-47a4-9bda-b252d14cb76f,"Western Digital Ultrastar DC HC550 18TB HDD 3.5"" 7200RPM SATA 6.0 Gb/s",Western Digital,Ultrastar,18000GB,,3d4825c9-2f66-47a4-9bda-b252d14cb76f.json,,18000,"3.5""",,,,,,,SATA 6.0 Gb/s,,,0F38459,False,HDD,HDD
3d533122-94a8-4007-ab6a-dcd57c6b2ac0,"Western Digital Black 5TB HDD 3.5"" 7200RPM SATA Internal",Western Digital,Black,5000GB,,3d533122-94a8-4007-ab6a-dcd57c6b2ac0.json,,5000,"3.5""",,,,,,,SATA 6.0 Gb/s,,,WD5001FZWX,False,HDD,HDD
3d64e6ba-f016-4974-9a08-52d7817e9fe5,"Intel D3-S4520 7.68 TB SSD 2.5"" SATA",Intel,D3-S4520,7000GB,,3d64e6ba-f016-4974-9a08-52d7817e9fe5.json,,7000,"2.5""",B09DVNZY6Q,,,,0D9-002V-00AB0,999445188,SATA 6.0 Gb/s,,,SSDSC2KB076TZ01 | SSDSC2KB076TZ1Z,False,SSD,SSD
3d7ac292-617d-4d29-8aae-027c03c2ab32,"Toshiba L200 1TB HDD 5400RPM 2.5"" SATA",Toshiba,L200,1000GB,,3d7ac292-617d-4d29-8aae-027c03c2ab32.json,,1000,"2.5""",B07HKSMW3D,,,,1Z4-000B-004Y4,303696271,SATA 6.0 Gb/s,,,HDWL110UZSVA,False,HDD,HDD
3d9255c1-0a94-426c-b064-2423fec9b76e,Crucial P5 Plus 2TB M.2-2280 SSD PCIe 4.0 x4 NVMe,Crucial,P5,2000GB,,3d9255c1-0a94-426c-b064-2423fec9b76e.json,,2000,M.2-2280,B098WKQRDL,6468904,,,9SIAKVHKBE4394,396368137,M.2 PCIe 4.0 x4,,,CT2000P5PSSD8,True,SSD,SSD
3df72572-6969-4320-8d8e-fc9048185dc4,"Seagate Exos 7E8 2TB HDD 7200RPM 3.5"" SATA",Seagate,Exos,2000GB,,3df72572-6969-4320-8d8e-fc9048185dc4.json,,2000,"3.5""",B081H91CSM,,,,,,SATA 6.0 Gb/s,,,ST2000NM000A,False,HDD,HDD
3e39eaf8-d161-4494-8f0c-286d53f24bfc,"Toshiba MK3276GSX 320GB 2.5"" HDD 5400 RPM SATA 3.0 Gb/s",Toshiba,MK3276GSX,320GB,,3e39eaf8-d161-4494-8f0c-286d53f24bfc.json,,320,"2.5""",B004UGUVU4,,,,,385617838,SATA 3.0 Gb/s,,,MK3276GSX,False,HDD,HDD
3e7eb220-2b73-4178-9dbc-ab804e679c3c,"Hitachi Ultrastar 7K4000 2TB HDD 7200RPM 3.5"" SATA 6.0 Gb/s",Hitachi,Ultrastar,2000GB,,3e7eb220-2b73-4178-9dbc-ab804e679c3c.json,,2000,"3.5""",B007VL8WS8,,,,,39097197,SATA 6.0 Gb/s,,,HUS724020ALE640 | 0F14685,False,HDD,HDD
3e8f6efd-4428-4faa-b8c4-2b9f42219e75,"Western Digital WD_BLACK 4TB 3.5"" HDD 7200RPM SATA",Western Digital,WD_BLACK,4000GB,,3e8f6efd-4428-4faa-b8c4-2b9f42219e75.json,,4000,"3.5""",B0792G331G,9315347,,,234-000G-000W6,533860492,SATA 6.0 Gb/s,,,WD4005FZBX | WD4005FZBX-SPK5WB0,False,HDD,HDD
3e942f64-5f66-4dbd-b7b2-9a1116ded382,"Toshiba N300 Pro 16TB 3.5"" HDD 7200RPM SATA",Toshiba,N300,16000GB,,3e942f64-5f66-4dbd-b7b2-9a1116ded382.json,,16000,"3.5""",B09TQ6ZZPV,,,,N82E16822149808,1703046550,SATA 6.0 Gb/s,,,HDWG51GXZSTB,False,HDD,HDD
3e9e432c-5d23-406c-83ac-774937f6ad96,Patriot VP4000 Mini 1TB SSD M.2-2230 PCIe 4.0 x4 NVMe,Patriot,VP4000,1000GB,,3e9e432c-5d23-406c-83ac-774937f6ad96.json,,1000,M.2-2230,B0CNNGX7FW,,,,,12877721498,M.2 PCIe 4.0 x4,,,VP4000M1TBM23,True,SSD,SSD
3eaff25a-069d-4e95-bb00-0450f5df0533,Western Digital Black 500GB M.2 SSD PCIe 3.0 NVMe,Western Digital,Black,500GB,,3eaff25a-069d-4e95-bb00-0450f5df0533.json,,500,M.2-2280,,,,,,,M.2 PCIe 3.0 x4,,,WDS500G2X0C,True,SSD,SSD
3ed86af4-47b0-407c-80bf-56645a3d7dca,Seagate FireCuda 520 Rev 2.0 2TB SSD M.2-2280 PCIe 4.0 NVMe,Seagate,FireCuda,2000GB,,3ed86af4-47b0-407c-80bf-56645a3d7dca.json,,2000,M.2-2280,,,,,,,M.2 PCIe 4.0 x4,,,ZP2000GV3A012,True,SSD,SSD
3edb7b02-2652-4b4e-9e0b-ad635991ba50,"Western Digital Ultrastar 14TB DC HC530 7200 RPM SATA 6.0Gb/s 3.5"" Data Center Internal Hard Disk Drive - 0F31284",Western Digital,Ultrastar DC HC530,,0,3edb7b02-2652-4b4e-9e0b-ad635991ba50.json,,14000,"3.5""",B07KPL474H,,,,1Z4-00H1-00005,835818416,SATA 6.0 Gb/s,,,WUH721414ALE6L4 | 0F31284,False,HDD,HDD
3edfb421-a505-4463-ae12-d4dfd5285fc8,PNY CS900 1TB SSD M.2-2280 SATA,PNY,CS900,1000GB,,3edfb421-a505-4463-ae12-d4dfd5285fc8.json,,1000,M.2-2280,B08K3RPZYT,,,,,385713885,M.2 SATA,,,M280CS900-1TB-RB | CS900 | SSD7CS900-1TB-RB,False,SSD,SSD
3f07f23c-c1e4-4bd6-a935-5e6cc40b47c7,Crucial T500 4TB M.2 SSD PCIe 4.0 NVMe,Crucial,T500,4000GB,,3f07f23c-c1e4-4bd6-a935-5e6cc40b47c7.json,,4000,M.2-2280,B0DBBG7CG7,,,,N82E16820156410,11706505338,M.2 PCIe 4.0 x4,,,CT4000T500SSD3,True,SSD,SSD
3f085e2f-7957-408a-ac84-845f1f0cb241,Silicon Power XS70 2TB SSD M.2-2280 PCIe 4.0 X4 NVMe,Silicon Power,XS70,2000GB,,3f085e2f-7957-408a-ac84-845f1f0cb241.json,,2000,M.2-2280,B09T2WNKNZ,,,,,541861657,M.2 PCIe 4.0 x4,,,SP02KGBP44XS7005 | SU02KGBP44XS7005SN,True,SSD,SSD
3f1ce826-c7e5-4938-8e93-a8ad42729b9d,Addlink A93 PS5 4TB SSD M.2-2280 PCIe 4.0 X4 NVMe,Addlink,A93,4000GB,,3f1ce826-c7e5-4938-8e93-a8ad42729b9d.json,,4000,M.2-2280,B0CFV8LXPY,,,,,,M.2 PCIe 4.0 x4,,,ad4TBA93M2P | ‎ad4TBA93M2P,True,SSD,SSD
3f4b01cf-29c7-4ccb-b25b-6e5826921122,Acer Predator GM7 2TB SSD M.2-2280 PCIe 4.0 x4 NVMe,Acer,Predator,2000GB,,3f4b01cf-29c7-4ccb-b25b-6e5826921122.json,,2000,M.2-2280,B0CB8JJR7F,,,,,,M.2 PCIe 4.0 x4,,,BL.9BWWR.119 | GM7-2TB,True,SSD,SSD
3f5d6299-323e-42e4-8c88-ab868ba5c932,Crucial P5 Plus 2TB M.2 SSD PCIe 4.0 NVMe W/Heatsink,Crucial,P5,2000GB,,3f5d6299-323e-42e4-8c88-ab868ba5c932.json,,2000,M.2-2280,B0C34Y8C8L,,,,,2071204449,M.2 PCIe 4.0 x4,,,CT2000P5PSSD5,True,SSD,SSD
3f625062-639a-4433-8784-25d9c82aad8c,AITC Kingsman KE680 2TB SSD M.2 PCIe 4.0 NVMe,AITC Kingsman,KE680,2000GB,,3f625062-639a-4433-8784-25d9c82aad8c.json,,2000,M.2-2280,,,,,,,M.2 PCIe 4.0 x4,,,AIKE680M2TB228,True,SSD,SSD
3f7fdcdf-8c88-4bb9-9686-d6c74fad746a,ADATA XPG GAMMIX S41 512GB SSD M.2-2280 PCIe 3.0 NVMe,ADATA,XPG,512GB,,3f7fdcdf-8c88-4bb9-9686-d6c74fad746a.json,,512,M.2-2280,,,,,,,M.2 PCIe 3.0 x4,,,AGAMMIXS41-512G-C,True,SSD,SSD
3f800a1e-521a-4f4e-b772-3a3c94f35f84,"OCZ Vertex 120GB SSD 3.5"" SATA",OCZ,Vertex,120GB,,3f800a1e-521a-4f4e-b772-3a3c94f35f84.json,,120,"3.5""",,,,,,,SATA 6.0 Gb/s,,,VTX3-35SAT3-120G,False,SSD,SSD
3f889eb4-2545-4cf4-bf85-1799af4f425e,"Western Digital Red Plus 6TB 3.5"" HDD SATA",Western Digital,Red,6000GB,,3f889eb4-2545-4cf4-bf85-1799af4f425e.json,,6000,"3.5""",B0BDXQ61Z9,6584031,,,N82E16822234534,,SATA 6.0 Gb/s,,,WD60EFPX,False,HDD,HDD
3f89e1dc-5f74-4cb3-9079-0288da7bb5d6,"OCZ Vector 150 240GB SSD 2.5"" SATA 6.0 Gb/s",OCZ,Vector,240GB,,3f89e1dc-5f74-4cb3-9079-0288da7bb5d6.json,,240,"2.5""",B00G4E2J32,,,,,,SATA 6.0 Gb/s,,,VTR150-25SAT3-240G,False,SSD,SSD
3fa64833-4792-4745-88a2-7a751806a227,Silicon Power UD90 1TB SSD M.2-2230 PCIe 4.0 X4 NVMe,Silicon Power,UD90,1000GB,,3fa64833-4792-4745-88a2-7a751806a227.json,,1000,M.2-2230,B0CCDBKKZY,,,,0D9-0021-00171,,M.2 PCIe 4.0 x4,,,SP01KGBP44UD9007 | SU01KGBP44UD9007MM | SU01KGBP44UD9007MN,True,SSD,SSD
3fba1166-bd60-4265-8750-061ec9b102d8,Drevo Ares 256GB PCIe SSD NVMe,Drevo,Ares,256GB,,3fba1166-bd60-4265-8750-061ec9b102d8.json,,256,PCIe,,,,,,,M.2 PCIe x1,,,Ares,True,SSD,SSD
3fcfb41e-90c4-4978-8239-0273ddafacde,"TEAMGROUP L5 LITE 120GB 2.5"" SSD SATA",TEAMGROUP,L5,120GB,,3fcfb41e-90c4-4978-8239-0273ddafacde.json,,120,"2.5""",,,,,,,SATA 6.0 Gb/s,,,T2535T120G0C101,False,SSD,SSD
3fe93593-afd6-4452-861a-626b0aa0fcff,"Seagate Exos X20 20TB 3.5"" HDD 7200RPM SATA",Seagate,Exos,20000GB,,3fe93593-afd6-4452-861a-626b0aa0fcff.json,,20000,"3.5""",B09MWKXR2T,,,,N82E16822185011,217261330,SATA 6.0 Gb/s,,,ST20000NM007D,False,HDD,HDD
400641b7-9996-49e6-b0c9-9837cf7c2839,"Toshiba P300 6TB HDD 3.5"" 5400RPM SATA",Toshiba,P300,6000GB,,400641b7-9996-49e6-b0c9-9837cf7c2839.json,,6000,"3.5""",,,,,,,SATA 6.0 Gb/s,,,HDWD260UZSVA,False,HDD,HDD
40264ffb-5cf5-4906-befc-b6a77946273f,TEAMGROUP MS30 512GB SSD M.2-2280 SATA,TEAMGROUP,MS30,512GB,,40264ffb-5cf5-4906-befc-b6a77946273f.json,,512,M.2-2280,B07H21182F,,,,N82E16820331232,560649868,M.2 SATA,,,TM8PS7512G0C101,False,SSD,SSD
402aad68-cd1d-4428-9170-46d39873943e,"Samsung 850 Pro 2TB SSD 2.5"" SATA",Samsung,850,2000GB,,402aad68-cd1d-4428-9170-46d39873943e.json,,2000,"2.5""",B010QD6RX4,,,,,,SATA 6.0 Gb/s,,,MZ-7KE2T0BW,False,SSD,SSD
403a4c86-8de7-48b6-9209-18c92cb32af8,"Seagate Enterprise Performance 300GB 2.5"" HDD 15000 RPM SAS 12.0 Gb/s",Seagate,Enterprise,300GB,,403a4c86-8de7-48b6-9209-18c92cb32af8.json,,300,"2.5""",B01MXFZQW5,,,,,574525524,SAS 12.0 Gb/s,,,ST300MP0106,False,HDD,HDD
404f6435-0537-4f0b-ad9b-d81c500fb6ba,"Seagate IronWolf NAS 1.92TB SSD 2.5"" SATA",Seagate,IronWolf,1000GB,,404f6435-0537-4f0b-ad9b-d81c500fb6ba.json,,1000,"2.5""",,,,,,,SATA 6.0 Gb/s,,,ZA1920NM10001,False,SSD,SSD
40558578-b77d-4ed7-9c79-81c4d4f7352b,"Samsung Spinpoint F1 DT 320GB 3.5"" HDD 7200RPM SATA",Samsung,Spinpoint,320GB,,40558578-b77d-4ed7-9c79-81c4d4f7352b.json,,320,"3.5""",,,,,,,SATA 3.0 Gb/s,,,HD322HJ,False,HDD,HDD
4059f16b-6b35-471c-9ddd-0de47d9afa72,"Seagate IronWolf Pro 12TB HDD 3.5"" SATA",Seagate,IronWolf,12000GB,,4059f16b-6b35-471c-9ddd-0de47d9afa72.json,,12000,"3.5""",,,,,,,SATA 6.0 Gb/s,,,ST12000NE0007,False,HDD,HDD
4064b0cf-1781-41bb-ad88-99e076a88d18,"Seagate BarraCuda 2TB 3.5"" HDD 7200RPM SATA 3.0 Gb/s",Seagate,BarraCuda,2000GB,,4064b0cf-1781-41bb-ad88-99e076a88d18.json,,2000,"3.5""",,,,,,,SATA 3.0 Gb/s,,,STBD2000101,False,HDD,HDD
40b27c95-dafa-4f4e-a0cf-f3fe93a2780d,Western Digital WD Green 480GB SSD M.2-2280 SATA,Western Digital,WD,480GB,,40b27c95-dafa-4f4e-a0cf-f3fe93a2780d.json,,480,M.2-2280,B09TMWHKGF,,,,,1394556924,M.2 SATA,,,WDS480G3G0B,False,SSD,SSD
40c955df-ca1f-44c0-9d5d-db6bd3c21ecb,"Kingston A1000 120GB 2.5"" SSD SATA",Kingston,A1000,120GB,,40c955df-ca1f-44c0-9d5d-db6bd3c21ecb.json,,120,"2.5""",B07CCCY5VG,,,,,,SATA 6.0 Gb/s,,,SUV500B | 120G | SUV500B/120G | 342C089,False,SSD,SSD
40f3087a-3a0b-4206-8031-c0989bd6cbbb,"Seagate BarraCuda 120 1TB SSD 2.5"" SATA 6.0 Gb/s",Seagate,BarraCuda,1000GB,,40f3087a-3a0b-4206-8031-c0989bd6cbbb.json,,1000,"2.5""",,,,,,,SATA 6.0 Gb/s,,,ZA1000CM1A003,False,SSD,SSD
4118bfcd-4725-44ac-b256-d16fdeba413a,"Seagate Barracuda Green 2TB 3.5"" HDD 5900RPM SATA",Seagate,Barracuda,2000GB,,4118bfcd-4725-44ac-b256-d16fdeba413a.json,,2000,"3.5""",B004C0WVP6,,,,,285289747,SATA 6.0 Gb/s,,,ST2000DL003,False,HDD,HDD
411a6567-1860-4914-8ac6-c48480916fc4,"TEAMGROUP CX1 960GB SSD 2.5"" SATA 6.0 Gb/s",TEAMGROUP,CX1,960GB,,411a6567-1860-4914-8ac6-c48480916fc4.json,,960,"2.5""",,,,,,,SATA 6.0 Gb/s,,,T253X5960G0C101,False,SSD,SSD
41252cd8-1ca5-4de6-879f-c1039cccfe70,Kingston NV2 250GB SSD M.2-2280 PCIe 4.0 X4 NVMe,Kingston,NV2,250GB,,41252cd8-1ca5-4de6-879f-c1039cccfe70.json,,250,M.2-2280,B0BBWH7DBT,,,,9SIAFVFK8Y3830,1515994230,M.2 PCIe 4.0 x4,,,SNV2S | 250G | SNV2S/250G,True,SSD,SSD
4158e572-6a32-4fc4-981d-85f2bdb52e14,TEAMGROUP T-Force Cardea Zero Z330 2TB SSD M.2-2280 PCIe 3.0 x4 NVMe,TEAMGROUP,T-Force,2000GB,,4158e572-6a32-4fc4-981d-85f2bdb52e14.json,,2000,M.2-2280,,,,,,,M.2 PCIe 3.0 x4,,,TM8FP8002T0C311 | TM8FP8001T0C311 | 0765441050112,True,SSD,SSD
417803f9-a6e2-44e0-8bcf-1c05635496b3,ADATA MARS 980 BLADE 1TB M.2-2280 SSD PCIe 5.0 x4 NVMe,ADATA,MARS,1000GB,,417803f9-a6e2-44e0-8bcf-1c05635496b3.json,,1000,M.2-2280,B0FJ2JXZ83,,,,N82E16820215477,17092258950,M.2 PCIe 5.0 x4,,,SMAR-980B-1TCS,True,SSD,SSD
417d77e2-671a-4fcf-b755-56e1b320e6b4,"Seagate SkyHawk AI 20TB HDD 7200RPM 3.5"" SATA",Seagate,SkyHawk,20000GB,,417d77e2-671a-4fcf-b755-56e1b320e6b4.json,,20000,"3.5""",B09WTL6HD7,,,,N82E16822185038,1504148299,SATA 6.0 Gb/s,,,ST20000VE002,False,HDD,HDD
41b72142-40bb-4032-88d1-136af31717fa,"Kingston KC600 1.024 TB 2.5"" SSD SATA 6.0 Gb/s",Kingston,KC600,1000GB,,41b72142-40bb-4032-88d1-136af31717fa.json,,1000,"2.5""",B07ZGWM58Q,,,,0D9-001B-002R8,177952100,SATA 6.0 Gb/s,,,SKC600 | 1024G | SKC600/1024G,False,SSD,SSD
41dbb778-fb69-44ce-9773-26bb03547d40,"Seagate Exos X24 SED 20TB 3.5"" HDD 7200RPM SATA 6.0 Gb/s",Seagate,Exos,20000GB,,41dbb778-fb69-44ce-9773-26bb03547d40.json,512,20000,"3.5""",,,,,,,SATA 6.0 Gb/s,,,ST20000NM001H,False,HDD,HDD
41e3c16e-db82-4c85-9628-79e8674a5b76,"Zalman N 128GB SSD 2.5"" SATA 3.0 Gb/s",Zalman,N,128GB,,41e3c16e-db82-4c85-9628-79e8674a5b76.json,,128,"2.5""",,,,,,,SATA 3.0 Gb/s,,,SSD0128N1,False,SSD,SSD
42059961-4ea1-4ed9-a881-cae063e11955,"Seagate Barracuda Compute 2TB HDD 2.5"" 5400RPM SATA",Seagate,Barracuda,2000GB,,42059961-4ea1-4ed9-a881-cae063e11955.json,,2000,"2.5""",B01BVS75MK,,,,,199094834,SATA 6.0 Gb/s,,,ST2000LM007,False,HDD,HDD
4215d4be-8ebf-43d1-b9ef-9cd8d8700af4,Crucial P2 1TB SSD M.2-2280 PCIe 3.0 X4 NVMe,Crucial,P2,1000GB,,4215d4be-8ebf-43d1-b9ef-9cd8d8700af4.json,,1000,M.2-2280,B08QZFXY1X,6432875,,,9SIA8TKDHB8893,565296406,M.2 PCIe 3.0 x4,,,CT1000P2SSD8,True,SSD,SSD
421d0df0-1ac8-471d-8887-2ac1f6fbea24,"Western Digital Caviar SE 320GB 3.5"" HDD 7200RPM PATA 100",Western Digital,Caviar,320GB,,421d0df0-1ac8-471d-8887-2ac1f6fbea24.json,,320,"3.5""",B0007VNGLC,,,,,,PATA 100,,,WD3200JBRTL,False,HDD,HDD
42211b63-cb67-4a2a-91db-b399cdd49dd8,"Seagate Barracuda 7200.9 160GB 3.5"" Internal HDD 7200RPM SATA 6.0 Gb/s",Seagate,Barracuda,160GB,,42211b63-cb67-4a2a-91db-b399cdd49dd8.json,,160,"3.5""",B000FM77HW,,,,,187665017,SATA 6.0 Gb/s,,,ST3160812AS,False,HDD,HDD
422696fa-ebbe-4adc-aae5-8bd470453e75,"Seagate Barracuda Green 1TB HDD 3.5"" 5900 RPM SATA Internal",Seagate,Barracuda,1000GB,,422696fa-ebbe-4adc-aae5-8bd470453e75.json,,1000,"3.5""",,,,,,,SATA 3.0 Gb/s,,,ST1000DL002,False,HDD,HDD
42399780-94a4-4b6f-abce-bac269ff8523,"Seagate Constellation.2 500GB HDD 2.5"" 7200RPM SATA 6.0 Gb/s Internal",Seagate,Constellation.2,500GB,,42399780-94a4-4b6f-abce-bac269ff8523.json,,500,"2.5""",,,,,,,SATA 6.0 Gb/s,,,ST9500620NS,False,HDD,HDD
425c4270-4d6d-4a07-8c91-420a93b19431,Intel Pro 6000p 256GB SSD M.2-2280 PCIe 3.0 NVMe,Intel,Pro,256GB,,425c4270-4d6d-4a07-8c91-420a93b19431.json,,256,M.2-2280,,,,,,,M.2 PCIe 3.0 x4,,,SSDPEKKF256G7X1,True,SSD,SSD
4265a04d-fb2d-4150-aa84-4053b3f08c89,"Seagate SkyHawk Surveillance 4TB HDD 7200RPM 3.5"" SATA",Seagate,SkyHawk,4000GB,,4265a04d-fb2d-4150-aa84-4053b3f08c89.json,,4000,"3.5""",B08WCM2C7T,,,,,629196818,SATA 6.0 Gb/s,,,ST4000VX013,False,HDD,HDD
427084a0-b7a2-4c4b-9344-cd72455e64d8,Lexar NQ780 1TB SSD M.2-2280 PCIe 4.0 x4 NVMe,Lexar,NQ780,1000GB,,427084a0-b7a2-4c4b-9344-cd72455e64d8.json,,1000,M.2-2280,B0F25F243C,,,,N82E16820191972,20017110473,M.2 PCIe 4.0 x4,,,LNQ780X001T-RNNNU | LNQ780X001T-RNNNG,True,SSD,SSD
42844943-6436-4da4-be18-f9aaaf0561a8,"Kingston HyperX 3K 120GB SSD 2.5"" SATA",Kingston,HyperX,120GB,,42844943-6436-4da4-be18-f9aaaf0561a8.json,,120,"2.5""",,,,,,,SATA 6.0 Gb/s,,,SH103S3 | 120G,False,SSD,SSD
4293a38a-d0c6-41e8-a22b-01c26c6693de,"Hitachi 7K1000.C 250GB HDD 3.5"" 7200RPM SATA 3.0 Gb/s",Hitachi,7K1000.C,250GB,,4293a38a-d0c6-41e8-a22b-01c26c6693de.json,,250,"3.5""",B002U1ZCK0,,,,,419815802,SATA 3.0 Gb/s,,,HDS721025CLA382,False,HDD,HDD
42c2c704-0a00-46ab-8d55-922c502d980a,"Kingston A400 960GB SATA 3 2.5"" Internal SSD SA400S37/960G - HDD Replacement for Increase Performance",Kingston,A400,,2018,42c2c704-0a00-46ab-8d55-922c502d980a.json,,960,"2.5""",B072J88LLK,,,,N82E16820242400,891309420,SATA 6.0 Gb/s,,,SA400S37/240G,False,SSD,
42d1927f-d4b6-43d0-9727-c4274c3552c4,"Seagate ST4000NM0024 4TB HDD 3.5"" 7200RPM SATA",Seagate,ST4000NM0024,4000GB,,42d1927f-d4b6-43d0-9727-c4274c3552c4.json,,4000,"3.5""",B00J62A74C,,,,,,SATA 6.0 Gb/s,,,ST4000NM0024,False,HDD,HDD
42dc6922-136d-4789-91fe-630f054ac1a0,"Western Digital Green 240GB SSD 2.5"" SATA 6.0 Gb/s",Western Digital,Green,240GB,,42dc6922-136d-4789-91fe-630f054ac1a0.json,,240,"2.5""",B01MDM3WI5,,,,,408156840,SATA 6.0 Gb/s,,,WDS240G1G0A,False,SSD,SSD
42ea0b0b-8f95-4730-9c3a-e3543715e196,Gigabyte AORUS Gen5 10000 2TB SSD M.2 2280 PCIe 5.0 NVMe,Gigabyte,AORUS,2000GB,,42ea0b0b-8f95-4730-9c3a-e3543715e196.json,,2000,M.2-2280,,,,,,,M.2 PCIe 5.0 x4,,,AG510K2TB,True,SSD,SSD
4304f0b3-684b-4894-9f4f-de6d19381f33,"Samsung 830 256GB SSD 2.5"" SATA 6.0 Gb/s",Samsung,830,256GB,,4304f0b3-684b-4894-9f4f-de6d19381f33.json,,256,"2.5""",,,,,,,SATA 6.0 Gb/s,,,MZ-7PC256N | AM,False,SSD,SSD
430a870c-0eb9-4f9a-b613-4579175ace1f,Gigabyte GP-GSM2NE3256GNTD 256GB SSD M.2 PCIe 3.0 NVMe,Gigabyte,GP-GSM2NE3256GNTD,256GB,,430a870c-0eb9-4f9a-b613-4579175ace1f.json,,256,M.2-2280,B07YV3V4M5,,,,,,M.2 PCIe 3.0 x4,,,GP-GSM2NE3256GNTD,True,SSD,SSD
430cbf48-e592-409f-8dd2-32ca525cb978,"Seagate Constellation ES.3 3TB HDD 3.5"" 7200RPM SATA",Seagate,Constellation,3000GB,,430cbf48-e592-409f-8dd2-32ca525cb978.json,,3000,"3.5""",,,,,,,SATA 6.0 Gb/s,,,ST3000NM0033,False,HDD,HDD
434b31b1-b38c-48cd-96b2-195b63ee5b83,Western Digital Blue SN550 2TB M.2-2280 SSD PCIe 3.0 NVMe,Western Digital,Blue,2000GB,,434b31b1-b38c-48cd-96b2-195b63ee5b83.json,,2000,M.2-2280,B08K4NP5DQ,,,,9SIAH8WK6B9713,690974954,M.2 PCIe 3.0 x4,,,WDS200T2B0C,True,SSD,SSD
434d5624-debb-4810-9454-c3bd7eb2aa52,"Seagate Exos 7E8 1TB HDD 7200RPM 3.5"" SATA",Seagate,Exos,1000GB,,434d5624-debb-4810-9454-c3bd7eb2aa52.json,,1000,"3.5""",B07D961TCH,,,,,870147216,SATA 6.0 Gb/s,,,ST1000NM000A | ST1000NM0008 | ST1000NMZ008,False,HDD,HDD
43685237-79af-4714-81d0-6b6b119ceaf9,"Intel D3-S4610 960GB SSD 2.5"" SATA",Intel,D3-S4610,960GB,,43685237-79af-4714-81d0-6b6b119ceaf9.json,,960,"2.5""",B07H1XBB23,,,,,2996280844,SATA 6.0 Gb/s,,,SSDSC2KG960G801 | SSDSC2KG960G8,False,SSD,SSD
436a1608-1c20-4062-a77a-5050ebf4979c,"Seagate IronWolf Pro 30TB HDD 3.5"" 7200RPM SATA 6.0 Gb/s",Seagate,IronWolf,30000GB,,436a1608-1c20-4062-a77a-5050ebf4979c.json,512,30000,"3.5""",,,,,,,SATA 6.0 Gb/s,,,ST30000NT011,False,HDD,HDD
4384f3d1-6ab2-4380-b80b-91f93c4f3a90,KIOXIA EXCERIA PLUS G4 2TB SSD M.2-2280 PCIe 5.0 x4 NVMe,KIOXIA,EXCERIA,2000GB,,4384f3d1-6ab2-4380-b80b-91f93c4f3a90.json,,2000,M.2-2280,,,,,,,M.2 PCIe 5.0 x4,,,LVD10Z002TG8,True,SSD,SSD
4392b956-e25d-4f73-8c18-20a9afb5c4ef,Transcend MTE245S 4TB SSD M.2 PCIe 4.0 NVMe,Transcend,MTE245S,4000GB,,4392b956-e25d-4f73-8c18-20a9afb5c4ef.json,,4000,M.2-2280,B0CJJWXD6C,,,,,,M.2 PCIe 4.0 x4,,,TS4TMTE245S | TS4TMTE245S-E,True,SSD,SSD
4394ef89-a671-4519-8c27-5c8ef4d57837,Silicon Power XD80 512GB SSD M.2-2280 PCIe 3.0 x4 NVMe,Silicon Power,XD80,512GB,,4394ef89-a671-4519-8c27-5c8ef4d57837.json,,512,M.2-2280,,,,,,,M.2 PCIe 3.0 x4,,,SP512GBP34XD8005,True,SSD,SSD
43a99502-adfb-4066-a781-b0cb45f26921,Samsung SM951 256GB SSD M.2-2280 PCIe 3.0 X4 NVME,Samsung,SM951,256GB,,43a99502-adfb-4066-a781-b0cb45f26921.json,,256,M.2-2280,,,,,,,M.2 PCIe 3.0 x4,,,MZHPV256HDGL-00000,True,SSD,SSD
43ab3154-021f-4732-b109-2fb2635b834f,ADATA XPG SX8200 Pro 1TB SSD M.2-2280 PCIe 3.0 x4 NVMe,ADATA,XPG,1000GB,,43ab3154-021f-4732-b109-2fb2635b834f.json,,1000,M.2-2280,B07K1J3C23,,,,,,M.2 PCIe 3.0 x4,,,ASX8200PNP-1TT-C,True,SSD,SSD
43ae1dd6-f5ea-47b7-a9df-bd6c89b927b9,"Toshiba X300 10TB 3.5"" HDD 7200RPM SATA 6.0 Gb/s",Toshiba,X300,10000GB,,43ae1dd6-f5ea-47b7-a9df-bd6c89b927b9.json,,10000,"3.5""",B07CSFGLFZ,,,,,399745448,SATA 6.0 Gb/s,,,HDWR11AXZSTA,False,HDD,HDD
44013c32-0457-4204-8395-9f5ea07402a2,"Toshiba N300 NAS 10TB 3.5"" HDD 7200RPM SATA 6.0 Gb/s Internal",Toshiba,N300,10000GB,,44013c32-0457-4204-8395-9f5ea07402a2.json,512,10000,"3.5""",B0CYQK9BTJ,,,,234-0004-002S4,5923095947,SATA 6.0 Gb/s,,,HDWG71AXZSTA,False,HDD,HDD
440647a8-2ffb-449b-b86d-265535376f20,Corsair MP600 PRO NH 500GB SSD M.2-2280 PCIe 4.0 x4 NVMe,Corsair,MP600,500GB,,440647a8-2ffb-449b-b86d-265535376f20.json,,500,M.2-2280,B0BJKXMHT1,,,,N82E16820236917,2183382760,M.2 PCIe 4.0 x4,,,CSSD-F0500GBMP600PNH,True,SSD,SSD
4406908b-d31f-4059-a22d-15410736a63a,KingSpec NXM 512GB M.2-2242 SSD PCIe 3.0 x4 NVMe,KingSpec,NXM,512GB,,4406908b-d31f-4059-a22d-15410736a63a.json,,512,M.2-2242,,,,,0D9-000D-00163,,M.2 PCIe 3.0 x4,,,NXM-512 | NXM-512 2242,True,SSD,SSD
44138d20-747f-4169-a7f4-b7b1dc97a63b,"Western Digital Green 480GB SSD 2.5"" SATA",Western Digital,Green,480GB,,44138d20-747f-4169-a7f4-b7b1dc97a63b.json,,480,"2.5""",B09TN1VKZL,,,,,2652788232,SATA 6.0 Gb/s,,,WDS480G3G0A,False,SSD,SSD
441b307f-4ebf-40b3-8d9d-3e12bc0ce699,"Western Digital Ultrastar DC HC550 18TB HDD 3.5"" 7200RPM SATA Internal",Western Digital,Ultrastar,18000GB,,441b307f-4ebf-40b3-8d9d-3e12bc0ce699.json,,18000,"3.5""",,,,,,,SATA 6.0 Gb/s,,,0F38458,False,HDD,HDD
44589671-396a-4f72-9e15-b668b81adcae,"Seagate IronWolf NAS 12TB 3.5"" HDD 7200RPM SATA 6.0 Gb/s",Seagate,IronWolf,12000GB,,44589671-396a-4f72-9e15-b668b81adcae.json,,12000,"3.5""",B07XPZZ5F5,,,,1JW-001N-00027,868759349,SATA 6.0 Gb/s,,,ST12000VN0008 | NE-ST12000VN0008,False,HDD,HDD
445b3ab2-7adc-45fe-a814-6d5d9f42efe0,KingSpec NE-2280 256GB SSD M.2-2280 PCIe 3.0 x4 NVMe,KingSpec,NE-2280,256GB,,445b3ab2-7adc-45fe-a814-6d5d9f42efe0.json,,256,M.2-2280,,,,,,,M.2 PCIe 3.0 x4,,,NE-2280-256GB,True,SSD,SSD
445d49d1-8d3a-4029-9114-48fadf69df66,"Micron 1100 2TB SSD 2.5"" SATA",Micron,1100,2000GB,,445d49d1-8d3a-4029-9114-48fadf69df66.json,,2000,"2.5""",B01LB05TOO,,,,,171616126,SATA 6.0 Gb/s,,,MTFDDAK2T0TBN-1AR1ZABYY,False,SSD,SSD
448d5b9e-4e61-4a12-b5ac-4094d26a9627,Seagate BarraCuda Q5 500GB SSD M.2-2280 PCIe 3.0 x4 NVMe,Seagate,BarraCuda,500GB,,448d5b9e-4e61-4a12-b5ac-4094d26a9627.json,,500,M.2-2280,B08LB86XJW,,,,,496702436,M.2 PCIe 3.0 x4,,,ZP500CV3A001,True,SSD,SSD
44a0ec31-fa6e-423f-b8b5-e673864cfc78,"Seagate BarraCuda 120 2TB SSD 2.5"" SATA",Seagate,BarraCuda,2000GB,,44a0ec31-fa6e-423f-b8b5-e673864cfc78.json,,2000,"2.5""",,,,,,,SATA 6.0 Gb/s,,,ZA2000CM10003,False,SSD,SSD
44a641c8-d7c7-4850-b4a4-22fcc58bd76d,"ADATA SU800 2TB SSD 2.5"" SATA",ADATA,SU800,2000GB,,44a641c8-d7c7-4850-b4a4-22fcc58bd76d.json,,2000,"2.5""",,,,,,,SATA 6.0 Gb/s,,,ASU800SS-2TT-C,False,SSD,SSD
44bf8360-ae58-404c-a6bc-18d480906e4e,Patriot Viper VP4300 Lite 2TB SSD M.2-2280 PCIe 4.0 X4 NVMe,Patriot,Viper,2000GB,,44bf8360-ae58-404c-a6bc-18d480906e4e.json,,2000,M.2-2280,B0C9GG23K9,,,,3C6-00HW-000M2,3470183642,M.2 PCIe 4.0 x4,,,VP4300L2TBM28H,True,SSD,SSD
44cc9037-9e4c-42d2-8ce5-fd701da78860,"Kingston SSDNow V100 128GB SSD 2.5"" SATA",Kingston,SSDNow,128GB,,44cc9037-9e4c-42d2-8ce5-fd701da78860.json,,128,"2.5""",,,,,,,SATA 3.0 Gb/s,,,SV100S2 | 128GZ,False,SSD,SSD
44cea230-d6c1-4041-b2e0-a648e0ddfbff,"Western Digital Ultrastar 240GB SSD 2.5"" SATA 6.0 Gb/s",Western Digital,Ultrastar,240GB,,44cea230-d6c1-4041-b2e0-a648e0ddfbff.json,,240,"2.5""",,,,,,,SATA 6.0 Gb/s,,,0TS1654,False,SSD,SSD
44cf657f-b451-4712-804c-de056d987917,Sabrent Rocket 4.0 HTSK 1TB SSD M.2-2280 PCIe 4.0 X4 NVME,Sabrent,Rocket,1000GB,,44cf657f-b451-4712-804c-de056d987917.json,,1000,M.2-2280,,,,,,,M.2 PCIe 4.0 x4,,,SB-ROCKET-NVMe4-HTSK-1TB,True,SSD,SSD
4509fa64-924c-41a3-8c99-62b970236b3a,ADATA XPG GAMMIX S60 Blade 512GB SSD M.2-2280 PCIe 4.0 NVMe,ADATA,XPG,512GB,,4509fa64-924c-41a3-8c99-62b970236b3a.json,,512,M.2-2280,,,,,,,M.2 PCIe 4.0 x4,,,AGAMMIXS60-512G-CS,True,SSD,SSD
450d339b-6554-4bfc-bd7b-b2239bb35fdc,"TEAMGROUP CX2 256GB 2.5"" SSD SATA 6.0 Gb/s",TEAMGROUP,CX2,256GB,,450d339b-6554-4bfc-bd7b-b2239bb35fdc.json,,256,"2.5""",B091YXP132,,,,N82E16820331559,992751470,SATA 6.0 Gb/s,,,T253X6256G0C101,False,SSD,SSD
450ef5a3-369f-4ffc-9347-004a519e7d93,Western Digital Blue SN550 1TB SSD M.2-2280 PCIe 3.0 x4 NVMe,Western Digital,Blue,1000GB,,450ef5a3-369f-4ffc-9347-004a519e7d93.json,,1000,M.2-2280,B07YFFX5MD,,,,9SIBKYEK6R8976,679834962,M.2 PCIe 3.0 x4,,,WDS100T2B0C,True,SSD,SSD
45292d00-0a28-4e2b-ac5b-3d3d37fe9d65,Asus ROG RAIDR 240GB SSD PCIe NVMe,Asus,ROG,240GB,,45292d00-0a28-4e2b-ac5b-3d3d37fe9d65.json,,240,PCIe,,,,,,,M.2 PCIe 3.0 x4,,,RAIDR EXPRESS | 90MB0G60-M0EAY0,True,SSD,SSD
452d837c-2821-43c7-9f5a-63b3f13531e8,"Western Digital Blue 500GB HDD 2.5"" SATA",Western Digital,Blue,500GB,,452d837c-2821-43c7-9f5a-63b3f13531e8.json,,500,"2.5""",B0832V3FPB,,,,1Z4-0002-01CS4,436110565,SATA 6.0 Gb/s,,,WD5000LPZX,False,HDD,HDD
4533b610-828f-469f-9621-ab5c90ea9933,"Micron 1100 256GB SSD 2.5"" SATA",Micron,1100,256GB,,4533b610-828f-469f-9621-ab5c90ea9933.json,,256,"2.5""",,,,,,,SATA 6.0 Gb/s,,,MTFDDAK256TBN-1AR1ZABYY,False,SSD,SSD
45397f72-1dd9-4e8f-8cba-04cd607c503b,Kingston NV3 500GB SSD M.2-2230 PCIe 4.0 X4 NVMe,Kingston,NV3,500GB,,45397f72-1dd9-4e8f-8cba-04cd607c503b.json,,500,M.2-2230,B0FD2NQKQ8,,,,0D9-001B-005D1,17269367158,M.2 PCIe 4.0 x4,,,SNV3SM3 | 500G | SNV3SM3/500G,True,SSD,SSD
4542c658-70c9-4729-ac23-1b8bb9881fa1,ADATA LEGEND 860 2TB M.2-2280 SSD PCIe 4.0 X4 NVMe,ADATA,LEGEND,2000GB,,4542c658-70c9-4729-ac23-1b8bb9881fa1.json,,2000,M.2-2280,,,,,,,M.2 PCIe 4.0 x4,,,SLEG-860-2000GCS,True,SSD,SSD
454765a3-a642-48fa-80aa-2f5f6cfcd9fa,"Western Digital Scorpio Blue 250GB 5400RPM HDD 2.5"" SATA",Western Digital,Scorpio,250GB,,454765a3-a642-48fa-80aa-2f5f6cfcd9fa.json,,250,"2.5""",,,,,,,SATA 1.5 Gb/s,,,WDBABB2500ANC-NRSN,False,HDD,HDD
45516fa9-5380-49c4-bdf8-4ca17bb7fd64,"Western Digital Gold 10 TB HDD 7200RPM 3.5"" SATA 6.0 Gb/s Internal",Western Digital,Gold,10000GB,,45516fa9-5380-49c4-bdf8-4ca17bb7fd64.json,,10000,"3.5""",B01IWCMS5M,,,,,55277585,SATA 6.0 Gb/s,,,WD101KRYZ,False,HDD,HDD
455c0196-8379-44c6-8902-18e0b8dba1c5,"OCZ Agility 3 120GB SSD 2.5"" SATA 6.0 Gb/s",OCZ,Agility,120GB,,455c0196-8379-44c6-8902-18e0b8dba1c5.json,,120,"2.5""",,,,,,,SATA 6.0 Gb/s,,,AGT3-25SAT3-120G,False,SSD,SSD
4566cb78-3d21-45ea-95ef-df873ba448e4,"Crucial BX100 500GB SSD 2.5"" SATA",Crucial,BX100,500GB,,4566cb78-3d21-45ea-95ef-df873ba448e4.json,,500,"2.5""",,,,,,,SATA 6.0 Gb/s,,,CT500BX100SSD1,False,SSD,SSD
457f91d8-7331-49c5-b44a-cd36e70f0491,Samsung 970 Evo 2TB SSD M.2-2280 PCIe 3.0 X4 NVMe,Samsung,970,2000GB,,457f91d8-7331-49c5-b44a-cd36e70f0491.json,,2000,M.2-2280,B07C8Y31G1,,,,9SIBJSDJXK2446,,M.2 PCIe 3.0 x4,,,MZ-V7E2T0BW,True,SSD,SSD
4586cb65-7a0f-438a-8693-029e070e83f9,"Seagate BarraCuda 160GB HDD 3.5"" 7200RPM SATA",Seagate,BarraCuda,160GB,,4586cb65-7a0f-438a-8693-029e070e83f9.json,,160,"3.5""",,,,,,,SATA 3.0 Gb/s,,,ST3160318AS-FFP | ST3250318AS,False,HDD,HDD
458f32fe-e086-4fd5-8049-1a2b5415e64b,HP FX700 4TB SSD M.2-2280 PCIe 4.0 X4 NVMe,HP,FX700,4000GB,,458f32fe-e086-4fd5-8049-1a2b5415e64b.json,,4000,M.2-2280,,,,,,,M.2 PCIe 4.0 x4,,,8U2N7AA,True,SSD,SSD
45d02f68-c4c8-4ee2-9faa-f631a4802ede,"Seagate IronWolf Pro NAS 14TB 3.5"" HDD 7200RPM SATA",Seagate,IronWolf,14000GB,,45d02f68-c4c8-4ee2-9faa-f631a4802ede.json,,14000,"3.5""",B0B94P481H,,,,N82E16822185074,1563385165,SATA 6.0 Gb/s,,,ST14000NT001,False,HDD,HDD
45d3947e-b087-49cb-ad6d-6c110dc2cfd4,KIOXIA EXCERIA PLUS G2 500GB SSD M.2-2280 PCIe 3.0 NVMe,KIOXIA,EXCERIA,500GB,,45d3947e-b087-49cb-ad6d-6c110dc2cfd4.json,,500,M.2-2280,,,,,,,M.2 PCIe 3.0 x4,,,LRD20Z500GG8,True,SSD,SSD
45df204a-a8d1-4d38-a425-27a80166b03f,"HP S700 1TB SSD 2.5"" SATA 6.0 Gb/s",HP,S700,1000GB,,45df204a-a8d1-4d38-a425-27a80166b03f.json,,1000,"2.5""",B07QJ2BXN8,,,,,199342137,SATA 6.0 Gb/s,,,6MC15AA#ABC,False,SSD,SSD
460c61ac-fcb1-43b8-8f68-0e7400afe125,"Western Digital Green 240GB SSD 2.5"" SATA",Western Digital,Green,240GB,,460c61ac-fcb1-43b8-8f68-0e7400afe125.json,,240,"2.5""",B076Y374ZH,,,,9SIAD6HJN24626,582748377,SATA 6.0 Gb/s,,,WDS240G2G0A,False,SSD,SSD
46506e86-8277-45c1-93dc-fe10d61e4cd8,Silicon Power A60 2TB M.2 SSD PCIe 3.0 NVMe,Silicon Power,A60,2000GB,,46506e86-8277-45c1-93dc-fe10d61e4cd8.json,,2000,M.2-2280,B07ZQ97H3W,,,,N82E16820301429,694235061,M.2 PCIe 3.0 x4,,,SP002TBP34A60M28 | P34A60,True,SSD,SSD
46551aac-a508-4067-a64d-a9533b42452f,"Western Digital Green 6TB 3.5"" HDD 5400RPM SATA 6.0 Gb/s Internal",Western Digital,Green,6000GB,,46551aac-a508-4067-a64d-a9533b42452f.json,,6000,"3.5""",B00LO3KMK0,,,,,,SATA 6.0 Gb/s,,,WD60EZRX,False,HDD,HDD
46792128-8aae-41a4-a2da-9b2e094519a2,"Western Digital Green 5TB HDD 3.5"" 5400RPM SATA 64 Cache",Western Digital,Green,5000GB,,46792128-8aae-41a4-a2da-9b2e094519a2.json,,5000,"3.5""",,,,,,,SATA 6.0 Gb/s,,,WD50EZRX,False,HDD,HDD
467fc606-9d9c-4c1b-bc72-d84466259a40,"Seagate Barracuda Compute 8TB HDD 3.5"" 5400RPM SATA",Seagate,Barracuda,8000GB,,467fc606-9d9c-4c1b-bc72-d84466259a40.json,,8000,"3.5""",B07H289S7C,6616038,,,N82E16822183793,355047016,SATA 6.0 Gb/s,,,ST8000DMZ04 | ST8000DM004/ST800DMZ04 | ST8000DM004,False,HDD,HDD
46936f16-1ae4-40c9-a44d-8b107befb199,"Seagate Pipeline HD 320GB HDD 5900RPM 3.5"" SATA",Seagate,Pipeline,320GB,,46936f16-1ae4-40c9-a44d-8b107befb199.json,,320,"3.5""",,,,,,,SATA 3.0 Gb/s,,,ST3320311CS,False,HDD,HDD
469b08a0-2cf1-44aa-b5b9-92d84fb9514b,FanXiang S500 Pro 1TB M.2 SSD PCIe 3.0 NVMe,FanXiang,S500,1000GB,,469b08a0-2cf1-44aa-b5b9-92d84fb9514b.json,,1000,M.2-2280,B0B55TQMFJ,,,,,,M.2 PCIe 3.0 x4,,,S500 Pro - 1TB - M.2 SSD | 1tb ssd m.2 - S500 Pro | Nvme SSD - 1TB - S500 PRO | S500 Pro,True,SSD,SSD
469dfedb-059d-4e78-8c49-06bd106b96b3,"Western Digital WDBMYH0010BNC-NRSN 1TB 5400RPM HDD 2.5"" SATA",Western Digital,WDBMYH0010BNC-NRSN,1000GB,,469dfedb-059d-4e78-8c49-06bd106b96b3.json,,1000,"2.5""",B00D901NX6,,,,,26973624,SATA 3.0 Gb/s,,,WDBMYH0010BNC-NRSN,False,HDD,HDD
46acd4f1-1009-4e5f-86f9-6afb60f01be8,Seagate Game Drive 4TB M.2-2280 SSD PCIe 4.0 x4 NVMe,Seagate,Game,4000GB,,46acd4f1-1009-4e5f-86f9-6afb60f01be8.json,,4000,M.2-2280,B0BD5LWM89,,,,,,M.2 PCIe 4.0 x4,,,ZP4000GP3A4001 | ZP4000GP304001,True,SSD,SSD
46b5a2f9-0d4b-486e-9431-4ed01d7564e2,"Seagate BarraCuda Pro 10TB 3.5"" HDD 7200RPM SATA Internal",Seagate,BarraCuda,10000GB,,46b5a2f9-0d4b-486e-9431-4ed01d7564e2.json,,10000,"3.5""",B01IA9H22Q,,,,,254887806,SATA 6.0 Gb/s,,,ST10000DM0004 | ST10000DMB004,False,HDD,HDD
46ccf1e7-120f-402b-9a1b-345a21a0a717,Corsair MP600 CORE XT R2 1TB SSD M.2-2280 PCIe 4.0 X4 NVMe,Corsair,MP600,1000GB,,46ccf1e7-120f-402b-9a1b-345a21a0a717.json,,1000,M.2-2280,B0DVC8Z8CV,,,,N82E16820982253,,M.2 PCIe 4.0 x4,,,CSSD-F1000GBMP600CXTR2,True,SSD,SSD
46eaf0ac-f074-4ea1-9201-1eac8bd6c196,"Samsung Spinpoint F1 DT 750GB 3.5"" HDD 7200RPM SATA",Samsung,Spinpoint,750GB,,46eaf0ac-f074-4ea1-9201-1eac8bd6c196.json,,750,"3.5""",,,,,,,SATA 3.0 Gb/s,,,HD753LJ,False,HDD,HDD
46f89d4f-47bc-41b3-9af9-98e0fb255f21,"Toshiba Q 512GB SSD 2.5"" SATA",Toshiba,Q,512GB,,46f89d4f-47bc-41b3-9af9-98e0fb255f21.json,,512,"2.5""",,,,,,,SATA 6.0 Gb/s,,,HDTS251XZSTA,False,SSD,SSD
46f9eee2-e09e-433d-9a3c-9b28a1f3b8ae,Samsung SM961 512GB M.2-2280 SSD PCIe 3.0 x4 NVMe,Samsung,SM961,512GB,,46f9eee2-e09e-433d-9a3c-9b28a1f3b8ae.json,,512,M.2-2280,,,,,,,M.2 PCIe 3.0 x4,,,MZVPW512HMJP-00000,True,SSD,SSD
47074604-1cd1-42d7-953a-ca61670da71d,"Western Digital Scorpio Blue 160GB HDD 2.5"" SATA",Western Digital,Scorpio,160GB,,47074604-1cd1-42d7-953a-ca61670da71d.json,,160,"2.5""",B001P80F10,,,,,15907600,SATA 3.0 Gb/s,,,WD1600BEVT,False,HDD,HDD
4730712e-49b2-4b5d-b2cb-e0694d3e318c,"Hitachi Ultrastar 7K6000 4TB HDD 3.5"" SATA",Hitachi,Ultrastar,4000GB,,4730712e-49b2-4b5d-b2cb-e0694d3e318c.json,,4000,"3.5""",B00XUDJXUW,,,,,,SATA 6.0 Gb/s,,,0F23005 | 1412473,False,HDD,HDD
47404e2a-df76-422b-987c-0e26e4cf8130,Inland QN450 2TB SSD M.2-2280 PCIe 4.0 X4 NVMe,Inland,QN450,2000GB,,47404e2a-df76-422b-987c-0e26e4cf8130.json,,2000,M.2-2280,B0DB2MG688,,,,,,M.2 PCIe 4.0 x4,,,2TB QN450 | QN450,True,SSD,SSD
47680bad-817e-460a-a131-11c3a275f8cd,TEAMGROUP NV5000 1TB SSD M.2-2280 PCIe 4.0 X4 NVMe,TEAMGROUP,NV5000,1000GB,,47680bad-817e-460a-a131-11c3a275f8cd.json,,1000,M.2-2280,B0FCS69ZZJ,,,,N82E16820985343,17617360415,M.2 PCIe 4.0 x4,,,TM8FGM001T0C101,True,SSD,SSD
4770e8fb-f13a-46e0-bfb5-87501d401c02,"Seagate Nytro Enterprise 1.92 TB SSD 2.5"" SATA 6.0 Gb/s",Seagate,Nytro,1000GB,,4770e8fb-f13a-46e0-bfb5-87501d401c02.json,,1000,"2.5""",,,,,,,SATA 6.0 Gb/s,,,XA1920ME10083,False,SSD,SSD
479a67c9-0025-4c1b-b889-58281874fc4b,GOODRAM PX700 512GB SSD M.2 PCIe 4.0 NVMe,GOODRAM,PX700,512GB,,479a67c9-0025-4c1b-b889-58281874fc4b.json,,512,M.2-2280,,,,,,,M.2 PCIe 4.0 x4,,,SSDPR-PX700-512-80,True,SSD,SSD
479fbb6c-41ea-46b0-9768-9bf6f0397cc3,Transcend MTE240S 1TB M.2-2280 SSD PCIe 4.0 X4 NVMe,Transcend,MTE240S,1000GB,,479fbb6c-41ea-46b0-9768-9bf6f0397cc3.json,,1000,M.2-2280,B08Z3CPBMV,,,,1Z4-000M-000N5,997161303,M.2 PCIe 4.0 x4,,,TS1TMTE240S,True,SSD,SSD
47b21686-7e03-47f2-93df-54d929f1800b,Micron 2200 1TB M.2-2280 SSD PCIe 3.0 x4 NVMe,Micron,2200,1000GB,,47b21686-7e03-47f2-93df-54d929f1800b.json,,1000,M.2-2280,,,,,,,M.2 PCIe 3.0 x4,,,MTFDHBA1T0TCK-1AT1AA,True,SSD,SSD
47e8520f-6372-4a7a-9821-08b660d1b330,"Seagate SkyHawk 4TB HDD 3.5"" 5900RPM SATA Internal",Seagate,SkyHawk,4000GB,,47e8520f-6372-4a7a-9821-08b660d1b330.json,,4000,"3.5""",B01LOOJ8UI,,,,,104585560,SATA 6.0 Gb/s,,,ST4000VX007 | ST2000XV008,False,HDD,HDD
47f2a2e6-d4b4-4d87-933b-a229e6a853d0,Integral 2020 2TB SSD M.2-2280 SATA,Integral,2020,2000GB,,47f2a2e6-d4b4-4d87-933b-a229e6a853d0.json,,2000,M.2-2280,B07F75JXXK,,,,,,M.2 SATA,,,INSSD2TM280,False,SSD,SSD
48379abb-df4a-40d3-9f0d-50b172e5989b,Ultrastar DC HC330 - 10TB,Western Digital,Ultrastar DC HC330,10TB,2020,48379abb-df4a-40d3-9f0d-50b172e5989b.json,,10000,"3.5""",B077NDRQLW,,,,9SIAH41J7F4891,,SATA 6.0 Gb/s,,,HUH721010ALE604 | 0F27606,False,HDD,HDD
4843c3c8-c721-4c11-939f-ab33f7da19da,Inland Platinum 1TB SSD M.2 NVMe PCIe 3.0,Inland,Platinum,1000GB,,4843c3c8-c721-4c11-939f-ab33f7da19da.json,,1000,M.2-2280,,,,,,,M.2 PCIe 3.0 x4,,,1TB NVME QLC V2,True,SSD,SSD
48440fa9-91fd-4743-bbd8-459477bc0053,"Toshiba MG08ADA400E 4TB 3.5"" HDD 7200RPM SATA",Toshiba,MG08ADA400E,4000GB,,48440fa9-91fd-4743-bbd8-459477bc0053.json,,4000,"3.5""",,,,,,,SATA 6.0 Gb/s,,,MG08ADA400E,False,HDD,HDD
485bbe62-fee9-4485-896b-3f34447c1a30,ADATA Legend 750 500GB SSD M.2 PCIe 3.0 NVMe,ADATA,Legend,500GB,,485bbe62-fee9-4485-896b-3f34447c1a30.json,,500,M.2-2280,,,,,,,M.2 PCIe 3.0 x4,,,ALEG-750-500GCS,True,SSD,SSD
486b1962-bb8c-4b5b-ba83-e4aae9956532,AGI AI828 1TB M.2-2280 SSD PCIe 4.0 x4 NVMe,AGI,AI828,1000GB,,486b1962-bb8c-4b5b-ba83-e4aae9956532.json,,1000,M.2-2280,B0D627DKTS,,,,,,M.2 PCIe 4.0 x4,,,AGI1T0G44AI828,True,SSD,SSD
4884f6fc-12be-4267-ba38-6f2d3382a646,FanXiang S900 1TB SSD M.2-2280 PCIe 5.0 x4 NVMe,FanXiang,S900,1000GB,,4884f6fc-12be-4267-ba38-6f2d3382a646.json,,1000,M.2-2280,B0C6QGXT18,,,,,,M.2 PCIe 5.0 x4,,,PCIe 5.0 SSD - M.2 - 1TB - S900 | S880E-2TB | M.2 SSD - PCIe 5.0 - 1TB-S900,True,SSD,SSD
4888453f-d501-458a-a8bc-7cefbcc614f7,PNY CS1031 512GB SSD M.2-2280 PCIe 3.0 X4 NVMe,PNY,CS1031,512GB,,4888453f-d501-458a-a8bc-7cefbcc614f7.json,,512,M.2-2280,,,,,,,M.2 PCIe 3.0 x4,,,M280CS1031-512-CL,True,SSD,SSD
488949ee-b89c-4b81-999c-ae4c6004b4ce,"Western Digital WD Blue 1TB SSD 2.5"" SATA 6.0 Gb/s",Western Digital,WD,1000GB,,488949ee-b89c-4b81-999c-ae4c6004b4ce.json,,1000,"2.5""",,,,,,,SATA 6.0 Gb/s,,,WDBNCE0010PNC-WRSN,False,SSD,SSD
48a2bf99-6b7c-4137-909c-2ff3ec07cfb4,Lexar NQ700 2TB SSD M.2-2280 PCIe 4.0 X4 NVMe,Lexar,NQ700,2000GB,,48a2bf99-6b7c-4137-909c-2ff3ec07cfb4.json,,2000,M.2-2280,,,,,,,M.2 PCIe 4.0 x4,,,LNQ700X002T-RNNNG,True,SSD,SSD
48c4d822-b794-4c34-8496-d04b95085372,Mushkin Helix-L 500GB M.2 SSD NVMe PCIe 3.0,Mushkin,Helix-L,500GB,,48c4d822-b794-4c34-8496-d04b95085372.json,,500,M.2-2280,,,,,,,M.2 PCIe 3.0 x4,,,MKNSSDHL500GB-D8,True,SSD,SSD
48c9e7e3-ef1b-4f58-a03d-45d3ca39a19c,"Seagate Constellation ES.3 4TB 3.5"" HDD 7200RPM SATA 6.0 Gb/s",Seagate,Constellation,4000GB,,48c9e7e3-ef1b-4f58-a03d-45d3ca39a19c.json,,4000,"3.5""",,,,,,,SATA 6.0 Gb/s,,,ST4000NM0033,False,HDD,HDD
48d6a355-16b3-42c5-a7dd-132699f0f2ad,"Samsung 830 128GB SSD 2.5"" SATA",Samsung,830,128GB,,48d6a355-16b3-42c5-a7dd-132699f0f2ad.json,,128,"2.5""",,,,,,,SATA 6.0 Gb/s,,,MZ-7PC128B | WW,False,SSD,SSD
490141a9-04a8-4730-bcc3-2472cccb3b2d,"Seagate NAS 8TB HDD 7200RPM 3.5"" SATA",Seagate,NAS,8000GB,,490141a9-04a8-4730-bcc3-2472cccb3b2d.json,,8000,"3.5""",,,,,,,SATA 6.0 Gb/s,,,ST8000VN0002,False,HDD,HDD
490f6fc6-2168-405d-b696-48ef72e4e5e8,HP EX900 Plus 1TB SSD M.2 NVMe,HP,EX900,1000GB,,490f6fc6-2168-405d-b696-48ef72e4e5e8.json,,1000,M.2-2280,B09CG6C93H,,,,,,M.2 PCIe 3.0 x4,,,35M34AA#ABA,True,SSD,SSD
491135df-a6eb-4f05-9067-c12c94024945,"Seagate Exos X14 12TB HDD 7200RPM 3.5"" SATA 6.0 Gb/s",Seagate,Exos,12000GB,,491135df-a6eb-4f05-9067-c12c94024945.json,,12000,"3.5""",B07MRLCWSQ,,,,9SIA5ADEVR9236,608030356,SATA 6.0 Gb/s,,,ST12000NM0008,False,HDD,HDD
4917da35-fda2-4453-a0e6-1d24f0d4d1af,"Western Digital Purple Pro 24 TB HDD 3.5"" 7200RPM SATA",Western Digital,Purple,24000GB,,4917da35-fda2-4453-a0e6-1d24f0d4d1af.json,,24000,"3.5""",B0D88297BR,,,,1Z4-0002-01PK4,7287764808,SATA 6.0 Gb/s,,,WD240PURP | WD240PURP-SPCJRY0,False,HDD,HDD
492f0bef-4842-4069-8d9d-444bda65ea66,"Western Digital Red Plus 4 TB HDD 5400 RPM 3.5"" SATA 6.0 Gb/s",Western Digital,Red,4000GB,,492f0bef-4842-4069-8d9d-444bda65ea66.json,,4000,"3.5""",B093TMBXCX,,,,9SIAA9UJW82554,907735065,SATA 6.0 Gb/s,,,WD40EFZX | WD40EFPX,False,HDD,HDD
494a0d67-9e8b-4d58-8479-12b18c889e1d,Intel Optane DC P4801X 100GB SSD M.2-22110 NVMe,Intel,Optane,100GB,,494a0d67-9e8b-4d58-8479-12b18c889e1d.json,,100,M.2-22110,,,,,,,M.2 PCIe 3.0 x4,,,SSDPEL1C100GA01,True,SSD,SSD
497df2a6-9a61-4336-a867-80a0cecbc83d,Mushkin Tempest 2TB M.2-2280 SSD PCIe 3.0 X4 NVMe,Mushkin,Tempest,2000GB,,497df2a6-9a61-4336-a867-80a0cecbc83d.json,,2000,M.2-2280,B09M86W9RL,,,,N82E16820226969,781703478,M.2 PCIe 3.0 x4,,,MKNSSDTS2TB-D8,True,SSD,SSD
4988a11a-e021-49cf-bf99-4567b76bc7aa,"Toshiba MG08 16TB HDD 3.5"" 7200RPM SATA",Toshiba,MG08,16000GB,,4988a11a-e021-49cf-bf99-4567b76bc7aa.json,,16000,"3.5""",B0832BL1HC,,,,,,SATA 6.0 Gb/s,,,MG08ACA16TE | 418613,False,HDD,HDD
499e291c-d2d2-4bab-8383-19c658c451b5,"Western Digital Black 6TB 3.5"" HDD 7200RPM SATA",Western Digital,Black,6000GB,,499e291c-d2d2-4bab-8383-19c658c451b5.json,,6000,"3.5""",B01MQWHTBE,,,,,472294536,SATA 6.0 Gb/s,,,WD6002FZWX,False,HDD,HDD
49b91017-0cc4-49d7-abe4-6e651c8cebe7,"Intel DC S3610 1.6 TB SSD 2.5"" SATA 6.0 Gb/s",Intel,DC,1000GB,,49b91017-0cc4-49d7-abe4-6e651c8cebe7.json,,1000,"2.5""",B00TH4H1L6,,,,,43756546,SATA 6.0 Gb/s,,,SSDSC2BX016T401,False,SSD,SSD
4a218490-4537-4328-9c00-5c164ebb56ec,"Transcend TS480GSSD220S 480 GB SSD 2.5"" SATA 6.0 Gb/s",Transcend,TS480GSSD220S,480GB,,4a218490-4537-4328-9c00-5c164ebb56ec.json,,480,"2.5""",B01DRWWLUO,,,,,107006840,SATA 6.0 Gb/s,,,TS480GSSD220S,False,SSD,SSD
4a26e9e8-2531-4a35-a50c-2d5210bc010f,"Samsung Spinpoint F3 EG 2TB HDD 3.5"" SATA",Samsung,Spinpoint,2000GB,,4a26e9e8-2531-4a35-a50c-2d5210bc010f.json,,2000,"3.5""",,,,,,,SATA 3.0 Gb/s,,,HD203WI,False,HDD,HDD
4a452e84-c30b-4b05-94c4-d2d65bd2bc9c,"SK hynix Gold S31 500GB,Internal,2.5 inch (SHGS31500GS) Solid State Drive",SK Hynix,Gold S31,,2019,4a452e84-c30b-4b05-94c4-d2d65bd2bc9c.json,,500,"2.5""",B07SK5BNM1,6431941,,,,,SATA 6.0 Gb/s,,,SHGS31-500GS-2 | SHGS31500GS,False,SSD,SSD
4a907a39-c1ee-45d4-9320-81ae2db12d1f,"Hitachi HTS547550A9E384 500GB HDD 5400RPM 2.5"" SATA 3.0 Gb/s",Hitachi,HTS547550A9E384,500GB,,4a907a39-c1ee-45d4-9320-81ae2db12d1f.json,,500,"2.5""",,,,,,,SATA 3.0 Gb/s,,,HTS547550A9E384,False,HDD,HDD
4a95c6b0-fe1b-4ba1-ad1d-15c17a0b8471,"Hitachi Ultrastar 6TB 3.5"" HDD 7200RPM SATA",Hitachi,Ultrastar,6000GB,,4a95c6b0-fe1b-4ba1-ad1d-15c17a0b8471.json,,6000,"3.5""",,,,,,,SATA 6.0 Gb/s,,,HUS726060ALE610 (0F23001),False,HDD,HDD
4abc3a61-8fec-4f1f-97df-9bbb4f629304,SK Hynix Platinum P51 2TB SSD M.2-2280 PCIe 5.0 X4 NVMe,SK Hynix,Platinum,2000GB,,4abc3a61-8fec-4f1f-97df-9bbb4f629304.json,,2000,M.2-2280,B0F527H5T3,,,,N82E16820329024,17380871290,M.2 PCIe 5.0 x4,,,SKH-P51-2TB | HFS2T0GFM9X1902,True,SSD,SSD
4ac89999-d03a-437f-8c5a-69a8d661f466,Mushkin Helix-L 2TB SSD M.2-2280 PCIe 3.0 NVMe,Mushkin,Helix-L,2000GB,,4ac89999-d03a-437f-8c5a-69a8d661f466.json,,2000,M.2-2280,B0BYCPLJH5,,,,N82E16820992020,,M.2 PCIe 3.0 x4,,,MKNSSDHL2TB-D8,True,SSD,SSD
4ad164b8-82d2-4d94-b7b9-ffb832528bb7,"Toshiba MG08ADA600E 6TB HDD 3.5"" 7200RPM SATA 6.0 Gb/s Internal",Toshiba,MG08ADA600E,6000GB,,4ad164b8-82d2-4d94-b7b9-ffb832528bb7.json,,6000,"3.5""",B09H17C2ZJ,,,,,,SATA 6.0 Gb/s,,,MG08ADA600E,False,HDD,HDD
4ae2041f-579a-4d2f-b6c7-6d772584ab14,Corsair MP400 1TB SSD M.2 PCIe 3.0 NVMe,Corsair,MP400,1000GB,,4ae2041f-579a-4d2f-b6c7-6d772584ab14.json,,1000,M.2-2280,B094412586,,,,,695999572,M.2 PCIe 3.0 x4,,,CSSD-F1000GBMP400R2,True,SSD,SSD
4af15866-0d95-46bd-8fcf-ae1fda04c676,"Western Digital Red Pro 4TB HDD 3.5"" 7200RPM SATA 6.0 Gb/s",Western Digital,Red,4000GB,,4af15866-0d95-46bd-8fcf-ae1fda04c676.json,,4000,"3.5""",B0D1V6F7Y9,,,,1Z4-0002-01PE4,5447539614,SATA 6.0 Gb/s,,,WD4005FFBX | WD4005FFBX-SPCAUN0,False,HDD,HDD
4b094008-bc96-46e3-9c7e-9dfa8024d93f,Western Digital SN530 256GB SSD M.2-2230 PCIe 3.0 X4 NVMe,Western Digital,SN530,256GB,,4b094008-bc96-46e3-9c7e-9dfa8024d93f.json,,256,M.2-2230,B0BCQ59XRF,,,,,,M.2 PCIe 3.0 x4,,,SDBPTPZ-256G,True,SSD,SSD
4b38cb1c-2fa9-4924-9983-11c3f18b4450,"Seagate BarraCuda 1.5TB HDD 3.5"" 7200RPM SATA",Seagate,BarraCuda,1000GB,,4b38cb1c-2fa9-4924-9983-11c3f18b4450.json,,1000,"3.5""",,,,,,,SATA 3.0 Gb/s,,,ST31500341AS,False,HDD,HDD
4b745082-6444-4db6-90ca-5552841ef191,Sabrent Rocket 4 Plus G 4TB M.2 SSD PCIe 4.0 NVMe,Sabrent,Rocket,4TB,2022,4b745082-6444-4db6-90ca-5552841ef191.json,2048,4000,M.2-2280,B0BJ1283X8,,,https://sabrent.com/products/sb-rktg-4tb?srsltid=AfmBOor8f1pubwnF_fAN5Leuw9CCN4J0AlrIm074Ub6d9cjT9b6zx5Fq,,1832918160,M.2 PCIe 4.0 x4,,2026-03-21T19:41:49.468Z,SB-RKTG-4TB,True,SSD,
4b9d6a98-f912-4143-bad3-5e3e19c6b93f,TEAMGROUP T-FORCE Z44A5 2TB SSD M.2 PCIe 4.0 NVMe,TEAMGROUP,T-FORCE,2000GB,,4b9d6a98-f912-4143-bad3-5e3e19c6b93f.json,,2000,M.2-2280,,,,,,,M.2 PCIe 4.0 x4,,,TM8FPP002T0C129,True,SSD,SSD
4b9f0179-3efa-4a15-9ff4-ba7bb1edcbb4,"Western Digital Caviar Black 640GB HDD 7200RPM 3.5"" SATA 3.0 Gb/s",Western Digital,Caviar,640GB,,4b9f0179-3efa-4a15-9ff4-ba7bb1edcbb4.json,,640,"3.5""",,,,,,,SATA 3.0 Gb/s,,,WD6401AALS,False,HDD,HDD
4bafcbb8-a0de-4ae7-aa4a-3171ce3fe65b,"Verbatim Vi550 1TB SSD 2.5"" SATA",Verbatim,Vi550,1000GB,,4bafcbb8-a0de-4ae7-aa4a-3171ce3fe65b.json,,1000,"2.5""",B07PZXX439,,,,,474294772,SATA 6.0 Gb/s,,,70077,False,SSD,SSD
4bb3de75-b2e5-4ef2-be83-a9862082addc,"Intenso High Performance 480GB SSD 2.5"" SATA 6.0 Gb/s",Intenso,High,480GB,,4bb3de75-b2e5-4ef2-be83-a9862082addc.json,,480,"2.5""",B01D3ACIXA,,,,,,SATA 6.0 Gb/s,,,3813450 | 3813450.0,False,SSD,SSD
4bb933ef-bdad-4b48-ad8d-e6e9bf8e4dc4,Corsair MP600 ELITE w/Heatsink 4TB SSD M.2-2280 PCIe 4.0 X4 NVMe,Corsair,MP600,4000GB,,4bb933ef-bdad-4b48-ad8d-e6e9bf8e4dc4.json,,4000,M.2-2280,B0DGGSLR69,,,,N82E16820982212,12117800039,M.2 PCIe 4.0 x4,,,CSSD-F4000GBMP600EHS,True,SSD,SSD
4bbd63e1-2e8d-4e4b-8cb3-2c9662e18ae7,"Western Digital Black 3TB HDD 3.5"" 7200RPM SATA",Western Digital,Black,3000GB,,4bbd63e1-2e8d-4e4b-8cb3-2c9662e18ae7.json,,3000,"3.5""",,,,,,,SATA 6.0 Gb/s,,,WD3003FZEX,False,HDD,HDD
4bd33664-be91-4947-bb4f-a2947c386ca5,Corsair MP600 ELITE 4TB M.2-2280 SSD PCIe 4.0 X4 NVMe,Corsair,MP600,4000GB,,4bd33664-be91-4947-bb4f-a2947c386ca5.json,,4000,M.2-2280,B0DGGTVWPJ,,,,N82E16820982211,11854062839,M.2 PCIe 4.0 x4,,,CSSD-F4000GBMP600ENH,True,SSD,SSD
4be11a73-e6c1-4b4c-bed3-fdcbf8849986,Western Digital Blue SN570 1TB M.2-2280 SSD PCIe 3.0 X4 NVMe,Western Digital,Blue,1000GB,,4be11a73-e6c1-4b4c-bed3-fdcbf8849986.json,,1000,M.2-2280,B09HKDQ1RN,,,,N82E16820250211,826435272,M.2 PCIe 3.0 x4,,,WDS100T3B0C,True,SSD,SSD
4bea1b82-9595-464a-8d75-fe97e2c28a53,Inland Platinum 8TB M.2 SSD PCIe 3.0 NVMe,Inland,Platinum,8000GB,,4bea1b82-9595-464a-8d75-fe97e2c28a53.json,,8000,M.2-2280,B093B7GQBQ,,,,,,M.2 PCIe 3.0 x4,,,8TB QLC NVME,True,SSD,SSD
4c016e5a-c038-483b-a3e3-d5a32a4e0655,Gigabyte 4000E 500GB SSD M.2-2280 PCIe 4.0 X4 NVMe,Gigabyte,4000E,500GB,,4c016e5a-c038-483b-a3e3-d5a32a4e0655.json,,500,M.2-2280,,,,,,,M.2 PCIe 4.0 x4,,,G440E500G,True,SSD,SSD
4c301421-7035-445b-8b09-d39c19c2eeed,PNY CS1031 500GB SSD M.2-2280 PCIe 3.0 x4 NVMe,PNY,CS1031,500GB,,4c301421-7035-445b-8b09-d39c19c2eeed.json,,500,M.2-2280,,,,,,,M.2 PCIe 3.0 x4,,,M280CS1031-500-CL,True,SSD,SSD
4c427ee9-a6c7-498e-8a92-132ed86cc4cb,"Western Digital Gold 4 TB HDD 7200RPM 3.5"" SATA Internal",Western Digital,Gold,4000GB,,4c427ee9-a6c7-498e-8a92-132ed86cc4cb.json,,4000,"3.5""",B01AV1697A,,,,,191798737,SATA 6.0 Gb/s,,,WD4002FYYZ,False,HDD,HDD
4c476b2e-d80a-47d2-b2e2-6b48e8641010,Crucial P510 W/Heatsink 1TB M.2-2280 SSD PCIe 5.0 X4 NVMe,Crucial,P510,1000GB,,4c476b2e-d80a-47d2-b2e2-6b48e8641010.json,,1000,M.2-2280,B0FP9K9C4T,,,,N82E16820156429,20294210215,M.2 PCIe 5.0 x4,,,CT1000P510SSD5 | CT1000P510SSD5-01,True,SSD,SSD
4c6fd74c-2ba6-4e80-a7a4-beadd8a8e80a,"Seagate Constellation ES.3 1TB HDD 7200RPM 3.5"" SATA",Seagate,Constellation,1000GB,,4c6fd74c-2ba6-4e80-a7a4-beadd8a8e80a.json,,1000,"3.5""",B00A47FPL8,,,,,26819937,SATA 6.0 Gb/s,,,ST1000NM0033,False,HDD,HDD
4c712977-238f-4fcb-8dec-c412e6695608,"Seagate SV35.5 3TB HDD 3.5"" 7200RPM SATA",Seagate,SV35.5,3000GB,,4c712977-238f-4fcb-8dec-c412e6695608.json,,3000,"3.5""",,,,,,,SATA 6.0 Gb/s,,,ST3000VX000,False,HDD,HDD
4c82efbf-83a5-48dd-a51f-b66c3e57831a,PNY CS2130 2TB M.2-2280 SSD PCIe 3.0 X4 NVMe,PNY,CS2130,2000GB,,4c82efbf-83a5-48dd-a51f-b66c3e57831a.json,,2000,M.2-2280,B0869C35V2,,,,,250830088,M.2 PCIe 3.0 x4,,,M280CS2130-2TB-RB,True,SSD,SSD
4c840386-1df4-40d6-a78d-697503f72f49,"Intel 320 40GB SSD 2.5"" SATA",Intel,320,40GB,,4c840386-1df4-40d6-a78d-697503f72f49.json,,40,"2.5""",,,,,,,SATA 3.0 Gb/s,,,SSDSA2CT040G310,False,SSD,SSD
4c928aa1-47e0-41c8-9b6e-7b9633c51e90,Western Digital Blue 2TB M.2-2280 SSD SATA,Western Digital,Blue,2000GB,,4c928aa1-47e0-41c8-9b6e-7b9633c51e90.json,,2000,M.2-2280,B073SBW3VD,,,,N82E16820250093,670204237,M.2 SATA,,,WDS200T2B0B,False,SSD,SSD
4cd55637-2631-4dcb-b1db-6542a52ae5cb,"Hitachi Deskstar 7K1000.C 1TB 3.5"" HDD 7200RPM SATA 6.0 Gb/s",Hitachi,Deskstar,1000GB,,4cd55637-2631-4dcb-b1db-6542a52ae5cb.json,,1000,"3.5""",,,,,,,SATA 6.0 Gb/s,,,HDS721010CLA632,False,HDD,HDD
4cd9e23f-2c94-46a5-a50f-f4e1b54483d3,Integral M3 Series Plus 2TB SSD M.2-2280 PCIe 4.0 x4 NVMe,Integral,M3,2000GB,,4cd9e23f-2c94-46a5-a50f-f4e1b54483d3.json,,2000,M.2-2280,,,,,,,M.2 PCIe 4.0 x4,,,INSSD2TM280NM3PX,True,SSD,SSD
4cdeb019-0460-4611-b356-051d79bbae52,Intel DC S3520 150GB SSD M.2-2280 SATA,Intel,DC,150GB,,4cdeb019-0460-4611-b356-051d79bbae52.json,,150,M.2-2280,B06X9XP9SN,,,,,,M.2 SATA,,,SSDSCKJB150G701,False,SSD,SSD
4ce2b016-22b5-4460-8062-103ffa997e04,HP FX700 2TB M.2-2280 SSD PCIe 4.0 x4 NVMe,HP,FX700,2000GB,,4ce2b016-22b5-4460-8062-103ffa997e04.json,,2000,M.2-2280,,,,,,,M.2 PCIe 4.0 x4,,,8U2N5AA,True,SSD,SSD
4d10fedb-2f32-4589-a99d-7dd918fba0cd,Lexar NM610 250GB M.2-2280 SSD PCIe 3.0 x4 NVMe,Lexar,NM610,250GB,,4d10fedb-2f32-4589-a99d-7dd918fba0cd.json,,250,M.2-2280,B07YXRLJZY,,,,,507539792,M.2 PCIe 3.0 x4,,,LNM610-250RBNA | LNM610-250RB,True,SSD,SSD
4d1a1bee-711b-4138-a790-e6578b9bb03d,Netac NV3000 2TB M.2-2280 SSD PCIe 3.0 X4 NVMe,Netac,NV3000,2000GB,,4d1a1bee-711b-4138-a790-e6578b9bb03d.json,,2000,M.2-2280,,,,,,,M.2 PCIe 3.0 x4,,,NT01NV3000-2T0-E4X,True,SSD,SSD
4d21f310-9531-4bb6-b140-b8ad919f079f,"SK Hynix SL308 120GB 2.5"" SSD SATA",SK Hynix,SL308,120GB,,4d21f310-9531-4bb6-b140-b8ad919f079f.json,,120,"2.5""",,,,,,,SATA 6.0 Gb/s,,,HFS120G32TND-N1A2A,False,SSD,SSD
4d44d900-60b5-4e50-9578-a3a1ba9ed681,KingSpec NX-2280 2TB SSD M.2-2280 PCIe 3.0 X4 NVMe,KingSpec,NX-2280,2000GB,,4d44d900-60b5-4e50-9578-a3a1ba9ed681.json,,2000,M.2-2280,,,,,,,M.2 PCIe 3.0 x4,,,NX-2280-2TB | NX-2TB-2280,True,SSD,SSD
4d6ac2ef-0540-40ad-9d01-c0bfaec5e852,Corsair MP700 PRO w/Heatsink 1TB SSD M.2-2280 PCIe 5.0 x4 NVMe,Corsair,MP700,1000GB,,4d6ac2ef-0540-40ad-9d01-c0bfaec5e852.json,,1000,M.2-2280,B0CM42DQTH,,,,N82E16820982119,5153383097,M.2 PCIe 5.0 x4,,,CSSD-F1000GBMP700PRO,True,SSD,SSD
4dc83a2a-15b1-4648-9686-a32f15630ed7,"FanXiang S101 1TB 2.5"" SSD SATA 6.0 Gb/s",FanXiang,S101,1000GB,,4dc83a2a-15b1-4648-9686-a32f15630ed7.json,,1000,"2.5""",B09XDJ673F,,,,,,SATA 6.0 Gb/s,,,S101-1TB | S101,False,SSD,SSD
4dcc9d98-2cef-42b0-bb42-11bd7aa75e78,Western Digital Red SN700 1TB M.2 SSD NVMe,Western Digital,Red,1000GB,,4dcc9d98-2cef-42b0-bb42-11bd7aa75e78.json,,1000,M.2-2280,B09H1CKTFP,,,,N82E16820250206,906676280,M.2 PCIe 3.0 x4,,,WDS100T1R0C,True,SSD,SSD
4dccb282-2d07-4f7a-9a4a-3d28d9af468c,"Toshiba L200 2TB 2.5"" HDD 5400RPM SATA Internal",Toshiba,L200,2000GB,,4dccb282-2d07-4f7a-9a4a-3d28d9af468c.json,,2000,"2.5""",B07DBMSGBQ,,,,1B0-0011-000P3,,SATA 6.0 Gb/s,,,HDWL120UZSVA | 208954 | 203031,False,HDD,HDD
4dce04ad-ae08-433f-96df-7ff9e0d10b2b,"Western Digital AV-GP 500GB HDD 3.5"" 5400 RPM SATA Internal",Western Digital,AV-GP,500GB,,4dce04ad-ae08-433f-96df-7ff9e0d10b2b.json,,500,"3.5""",B001DNSZAK,,,,,13050717,SATA 3.0 Gb/s,,,WD5000AVVS,False,HDD,HDD
4de9c91b-02a8-4f7d-9f32-fa5237ccc0cf,Silicon Power P34A60 128GB SSD M.2-2280 PCIe 3.0 x4 NVMe,Silicon Power,P34A60,128GB,,4de9c91b-02a8-4f7d-9f32-fa5237ccc0cf.json,,128,M.2-2280,B09HMWH1DG,,,,N82E16820301475,841741387,M.2 PCIe 3.0 x4,,,SP128GBP34A60M28,True,SSD,SSD
4dfff4e2-ecf2-45bc-8d81-0107ec6cac73,Kingston KC2000 500GB SSD M.2-2280 PCIe 3.0 x4 NVMe,Kingston,KC2000,500GB,,4dfff4e2-ecf2-45bc-8d81-0107ec6cac73.json,,500,M.2-2280,,,,,,,M.2 PCIe 3.0 x4,,,SKC2000M8 | 500G,True,SSD,SSD
4e0f86cd-4380-464b-ade6-e8737b71426b,"Samsung Spinpoint 1TB HDD 3.5"" SATA",Samsung,Spinpoint,1000GB,,4e0f86cd-4380-464b-ade6-e8737b71426b.json,,1000,"3.5""",,,,,,,SATA 3.0 Gb/s,,,HE103SJ,False,HDD,HDD
4e60147b-e62b-45ad-8c21-c744f726a7b9,"SanDisk Solid 128GB SSD 2.5"" SATA 6.0 Gb/s",SanDisk,Solid,128GB,,4e60147b-e62b-45ad-8c21-c744f726a7b9.json,,128,"2.5""",,,,,,,SATA 6.0 Gb/s,,,SDSSDP-128G-G25,False,SSD,SSD
4e677404-88ee-483d-a603-6701773ca9fd,Crucial T705 1TB SSD M.2-2280 PCIe 5.0 NVMe W/Heatsink,Crucial,T705,1000GB,,4e677404-88ee-483d-a603-6701773ca9fd.json,,1000,M.2-2280,B0CTRXBKHP,,,,N82E16820156400,5480452067,M.2 PCIe 5.0 x4,,,CT1000T705SSD5,True,SSD,SSD
4e7226e6-3f81-48f1-8c71-b63a980ad40c,"SanDisk Ultra II 120 GB SSD 2.5"" SATA 6.0 Gb/s",SanDisk,Ultra,120GB,,4e7226e6-3f81-48f1-8c71-b63a980ad40c.json,,120,"2.5""",,,,,,,SATA 6.0 Gb/s,,,SDSSDHII-120G-G25,False,SSD,SSD
4e7710c9-ec4c-4430-a468-17b7862750cc,Western Digital WDS100T1XHE w/Heatsink 1TB SSD M.2 PCIe 4.0 NVMe,Western Digital,WDS100T1XHE,1000GB,,4e7710c9-ec4c-4430-a468-17b7862750cc.json,,1000,M.2-2280,B08PHSVW7K,,,,,500888168,M.2 PCIe 4.0 x4,,,WDS100T1XHE,True,SSD,SSD
4e976d99-8ba9-4389-8c7e-b9362d310b5f,"Western Digital AV-GP 1TB 3.5"" Internal HDD 7200RPM SATA 6.0 Gb/s",Western Digital,AV-GP,1000GB,,4e976d99-8ba9-4389-8c7e-b9362d310b5f.json,,1000,"3.5""",,,,,,,SATA 6.0 Gb/s,,,WD10EUCX,False,HDD,HDD
4e9b0695-cd06-4e4a-adc5-64eecbd3a326,Crucial T700 1TB SSD M.2-2280 PCIe 5.0 x4 NVMe,Crucial,T700,1000GB,,4e9b0695-cd06-4e4a-adc5-64eecbd3a326.json,,1000,M.2-2280,B0C3K1QBSG,6544913,,,N82E16820156329,2352777394,M.2 PCIe 5.0 x4,,,CT1000T700SSD3,True,SSD,SSD
4eb084f6-7f3e-4001-a1ea-b374f151b1ea,ADATA SU800 256GB SSD M.2-2280 SATA,ADATA,SU800,256GB,,4eb084f6-7f3e-4001-a1ea-b374f151b1ea.json,,256,M.2-2280,,,,,,,M.2 SATA,,,ASU800NS38-256GT-C,False,SSD,SSD
4ece7ec8-1df9-449e-a68f-d602d22c71b7,TEAMGROUP MP34 512GB SSD M.2-2280 PCIe 3.0 NVMe,TEAMGROUP,MP34,512GB,,4ece7ec8-1df9-449e-a68f-d602d22c71b7.json,,512,M.2-2280,,,,,,,M.2 PCIe 3.0 x4,,,TM8FP4512G0C101,True,SSD,SSD
4ef34900-c043-42e6-8c11-28b8493a771c,"Seagate IronWolf Pro 4TB HDD 3.5"" 7200RPM SATA 6.0 Gb/s",Seagate,IronWolf,4000GB,,4ef34900-c043-42e6-8c11-28b8493a771c.json,,4000,"3.5""",B07SY4T6F5,,,,N82E16822184797,443913713,SATA 6.0 Gb/s,,,ST4000NE001,False,HDD,HDD
4ef6ea01-7524-4ee7-8400-c704c8ec39c7,XOC SP900 2TB SSD M.2 PCIe 4.0 NVMe,XOC,SP900,2000GB,,4ef6ea01-7524-4ee7-8400-c704c8ec39c7.json,,2000,M.2-2280,B0CYXNC7F7,,,,,,M.2 PCIe 4.0 x4,,,XC2TBSP900,True,SSD,SSD
4efa903c-7dd4-48e0-a945-4a06feadbcaa,Sabrent Rocket 2TB M.2-2280 SSD PCIe 3.0 X4 NVMe,Sabrent,Rocket,2000GB,,4efa903c-7dd4-48e0-a945-4a06feadbcaa.json,,2000,M.2-2280,B07MTQTNVR,,,,9SIBK19JMJ3656,377469943,M.2 PCIe 3.0 x4,,,SB-ROCKET-2TB,True,SSD,SSD
4efd7e60-3f69-4255-8e44-f80f89ef274a,"Seagate Momentus 2TB 2.5"" HDD SATA",Seagate,Momentus,2000GB,,4efd7e60-3f69-4255-8e44-f80f89ef274a.json,,2000,"2.5""",,,,,,,SATA 6.0 Gb/s,,,ST2000LM003,False,HDD,HDD
4f3cbf79-8b46-43a9-b6c7-3c2bc31839c3,"Western Digital Gold 6 TB HDD 7200 RPM 3.5"" SATA 6.0 Gb/s Internal",Western Digital,Gold,6000GB,,4f3cbf79-8b46-43a9-b6c7-3c2bc31839c3.json,,6000,"3.5""",B01AV168FS,,,,,156240020,SATA 6.0 Gb/s,,,WD6002FRYZ,False,HDD,HDD
4f433fb7-0e34-4057-bec3-8b8e673ad3b6,Crucial P310 4TB SSD M.2-2280 PCIe 4.0 X4 NVMe,Crucial,P310,4000GB,,4f433fb7-0e34-4057-bec3-8b8e673ad3b6.json,,4000,M.2-2280,,6594263,,,N82E16820156436,16300169783,M.2 PCIe 4.0 x4,,,CT4000P310SSD8 | S101Q | CT4000P310SSD801,True,SSD,SSD
4f59b2a5-68ac-4647-a0b0-08b6b4965342,Orico J-10 256GB SSD M.2-2280 PCIe 3.0 x4 NVMe,Orico,J-10,256GB,,4f59b2a5-68ac-4647-a0b0-08b6b4965342.json,,256,M.2-2280,,,,,,,M.2 PCIe 3.0 x4,,,J10-256GB,True,SSD,SSD
4f8617c6-b865-43fc-a8ef-19a6e88ab945,"OCZ Vertex 2 100GB SSD 2.5"" SATA 3.0 Gb/s",OCZ,Vertex,100GB,,4f8617c6-b865-43fc-a8ef-19a6e88ab945.json,,100,"2.5""",,,,,,,SATA 3.0 Gb/s,,,OCZSSD2-2VTX100G,False,SSD,SSD
4fba24af-e981-4ec9-95ad-4667a52a4393,ADATA XPG SX8200 Pro 512GB SSD M.2 PCIe 3.0 NVMe,ADATA,XPG,512GB,,4fba24af-e981-4ec9-95ad-4667a52a4393.json,,512,M.2-2280,,,,,,,M.2 PCIe 3.0 x4,,,ASX8200PNP-512GT-C,True,SSD,SSD
4fbacdf7-26b0-4c62-9676-60afe5cd1e8b,"Western Digital Black 320GB 2.5"" HDD SATA",Western Digital,Black,320GB,,4fbacdf7-26b0-4c62-9676-60afe5cd1e8b.json,,320,"2.5""",B00QFXNZNA,,,,,43818190,SATA 6.0 Gb/s,,,WD3200LPLX,False,HDD,HDD
4fc3c385-6767-4512-813f-54d78c7a0576,Intel DC P3608 4TB SSD PCIe PCIe x8 NVMe,Intel,DC,4000GB,,4fc3c385-6767-4512-813f-54d78c7a0576.json,,4000,PCIe,B01M0QUR9Z,,,,,,M.2 PCIe 3.0 x8,,,SSDPECME040T401 | P3608 | DH-DHSSDPECME040T401,True,SSD,SSD
4fca4dfd-3657-4b09-884a-f2be3aac9e75,"Seagate Exos X18 14TB HDD 3.5"" SATA",Seagate,Exos,14000GB,,4fca4dfd-3657-4b09-884a-f2be3aac9e75.json,,14000,"3.5""",B09DVQ3934,,,,,358669073,SATA 6.0 Gb/s,,,ST14000NM001J,False,HDD,HDD
4fe4fc27-a75f-4ae5-b5e4-97894fe7b0e4,Western Digital Red SN700 2TB SSD M.2-2280 PCIe 3.0 x4 NVMe,Western Digital,Red,2000GB,,4fe4fc27-a75f-4ae5-b5e4-97894fe7b0e4.json,,2000,M.2-2280,B09H1D7Y93,,,,N82E16820250208,704418807,M.2 PCIe 3.0 x4,,,WDS200T1R0C,True,SSD,SSD
4fe87822-f7a9-4ef3-800a-c575e8050c8f,TEAMGROUP MS30 1TB SSD M.2-2280 SATA,TEAMGROUP,MS30,1000GB,,4fe87822-f7a9-4ef3-800a-c575e8050c8f.json,,1000,M.2-2280,B07GL4M3HX,,,,N82E16820331233,460332462,M.2 SATA,,,TM8PS7001T0C101,False,SSD,SSD
4ff3903c-7387-48c0-8427-494c1f358930,"Kingston A400 960GB 2.5"" SSD SATA",Kingston,A400,960GB,,4ff3903c-7387-48c0-8427-494c1f358930.json,,960,"2.5""",B079XC5PVV,6212411,,,0D9-001B-00164,831341234,SATA 6.0 Gb/s,,,SA400S37 | 960G | SA400S37/960G,False,SSD,SSD
5002d9cc-3a94-4405-8697-449633598fd0,"ADATA Premier SP550 120GB SSD 2.5"" SATA 6.0 Gb/s",ADATA,Premier,120GB,,5002d9cc-3a94-4405-8697-449633598fd0.json,,120,"2.5""",,,,,,,SATA 6.0 Gb/s,,,ASP550SS3-120GM-C,False,SSD,SSD
502e051f-4960-4587-9e43-b3a888666f74,Integral M2 1TB M.2-2280 SSD PCIe 3.0 x4 NVMe,Integral,M2,1000GB,,502e051f-4960-4587-9e43-b3a888666f74.json,,1000,M.2-2280,B0897SDDYD,,,,,,M.2 PCIe 3.0 x4,,,INSSD1TM280NM2X | INSSD1TM280NM1,True,SSD,SSD
50425ed6-bc7d-4163-9029-e28d62319fad,PNY CS1031 256GB SSD M.2-2280 PCIe 3.0 x4 NVMe,PNY,CS1031,256GB,,50425ed6-bc7d-4163-9029-e28d62319fad.json,,256,M.2-2280,,,,,,,M.2 PCIe 3.0 x4,,,M280CS1031-256-CL,True,SSD,SSD
504643d4-b097-4be5-87ed-7d84db0c5e4c,"ADATA SU635 960GB SSD 2.5"" SATA",ADATA,SU635,960GB,,504643d4-b097-4be5-87ed-7d84db0c5e4c.json,,960,"2.5""",,,,,,,SATA 6.0 Gb/s,,,ASU635SS-960GQ-R,False,SSD,SSD
50592c69-5cac-4066-acd6-93e2dd4d83c0,"Western Digital Red Plus 2TB 3.5"" HDD 5400RPM SATA",Western Digital,Red,2000GB,,50592c69-5cac-4066-acd6-93e2dd4d83c0.json,,2000,"3.5""",B08VH891FS,,,,9SIA0ZXK088782,440480585,SATA 6.0 Gb/s,,,WD20EFZX,False,HDD,HDD
506796f2-ebe0-4e79-ba78-bb00a70c28f0,HP FX900 Pro 512GB SSD M.2-2280 PCIe 4.0 x4 NVMe,HP,FX900,512GB,,506796f2-ebe0-4e79-ba78-bb00a70c28f0.json,,512,M.2-2280,,,,,,,M.2 PCIe 4.0 x4,,,4A3T9AA#ABB,True,SSD,SSD
5070e6c0-cbd7-4ff9-a698-34cc35dc1fd8,ADATA XPG GAMMIX S50 Core 2TB SSD M.2-2280 PCIe 4.0 x4 NVMe,ADATA,XPG,2000GB,,5070e6c0-cbd7-4ff9-a698-34cc35dc1fd8.json,,2000,M.2-2280,,,,,,,M.2 PCIe 4.0 x4,,,SGAMMIXS50C-2000G-CS,True,SSD,SSD
50725ee6-b515-4300-a58e-3acd7ec241fb,Corsair MP700 PRO 1TB M.2-2280 SSD PCIe 5.0 X4 NVMe,Corsair,MP700,1000GB,,50725ee6-b515-4300-a58e-3acd7ec241fb.json,,1000,M.2-2280,B0CM41J7F9,,,,N82E16820982117,5148497261,M.2 PCIe 5.0 x4,,,CSSD-F1000GBMP700PNH,True,SSD,SSD
507356d2-c3bc-4f91-a060-0116f6477d94,Toshiba XG3 1TB SSD M.2-2280 PCIe 3.0 x4 NVMe,Toshiba,XG3,1000GB,,507356d2-c3bc-4f91-a060-0116f6477d94.json,,1000,M.2-2280,,,,,,,M.2 PCIe 3.0 x4,,,THNSN51T02DU7,True,SSD,SSD
50824fc7-32ac-464e-995b-59dc94807471,"Samsung 860 Evo 2TB SSD 2.5"" SATA 6.0 Gb/s",Samsung,860,2000GB,,50824fc7-32ac-464e-995b-59dc94807471.json,,2000,"2.5""",B0786QNSBD,6221150,,,9SIADU0KA70707,411881768,SATA 6.0 Gb/s,,,MZ-76E2T0B | AM | EU | MZ-76E2T0B/AM,False,SSD,SSD
508a36ad-7e7e-421b-9a3d-48362b2995ea,Western Digital Green SN350 2TB SSD M.2 NVMe PCIe 3.0,Western Digital,Green,2000GB,,508a36ad-7e7e-421b-9a3d-48362b2995ea.json,,2000,M.2-2280,B09DVRBNWV,,,,N82E16820250203,721794603,M.2 PCIe 3.0 x4,,,WDS200T3G0C,True,SSD,SSD
5094e66f-742b-4c35-a3ef-d61deed81d01,Micron 3400 1TB SSD M.2 PCIe 4.0 NVMe,Micron,3400,1000GB,,5094e66f-742b-4c35-a3ef-d61deed81d01.json,,1000,M.2-2280,B09GV4ZDQ7,,,,,736973187,M.2 PCIe 4.0 x4,,,MTFDKBA1T0TFH1BC1AABYY | MTFDKBA1T0TFH-1BC1AABYY,True,SSD,SSD
5097468b-1d7f-40f6-807a-1960850338e3,"Seagate ST2000NX0253 2TB HDD 7200RPM 2.5"" SATA",Seagate,ST2000NX0253,2000GB,,5097468b-1d7f-40f6-807a-1960850338e3.json,,2000,"2.5""",B00Q46R8K4,,,,,43186157,SATA 6.0 Gb/s,,,ST2000NX0253,False,HDD,HDD
50a540f4-d43e-4221-9e7a-ca6d00b9247f,Sabrent Rocket 4.0 512GB SSD M.2-2230 PCIe 4.0 X4 NVMe,Sabrent,Rocket,512GB,,50a540f4-d43e-4221-9e7a-ca6d00b9247f.json,,512,M.2-2230,B0BQG6FM45,,,,,2755642059,M.2 PCIe 4.0 x4,,,SB-2130-512,True,SSD,SSD
50c326ab-5d65-4f7e-8a58-be6ab813749e,"Seagate SkyHawk Surveillance 2TB Internal HDD 3.5"" SATA",Seagate,SkyHawk,2000GB,,50c326ab-5d65-4f7e-8a58-be6ab813749e.json,,2000,"3.5""",B08WTDJL6G,,,,,408605679,SATA 6.0 Gb/s,,,ST2000VX015,False,HDD,HDD
50c786bf-5737-4d5f-a3d3-53b61036eb1c,AITC Kingsman KE680 512GB M.2-2280 SSD PCIe 4.0 X4 NVMe,AITC Kingsman,KE680,512GB,,50c786bf-5737-4d5f-a3d3-53b61036eb1c.json,,512,M.2-2280,,,,,,,M.2 PCIe 4.0 x4,,,AIKE680M512228,True,SSD,SSD
50d4a37a-071c-4baa-9c27-916d54a2e22d,"Seagate Surveillance 1TB HDD 3.5"" 5900RPM SATA",Seagate,Surveillance,1000GB,,50d4a37a-071c-4baa-9c27-916d54a2e22d.json,,1000,"3.5""",B07H2FPFW9,,,,,504124263,SATA 6.0 Gb/s,,,ST1000VX003 | ST1000VX005 | ST1000VXZ05,False,HDD,HDD
51015b51-aa72-4981-93b9-5746d54a26a4,"Hitachi A7K2000 500GB HDD 3.5"" 7200RPM SATA 3.0 Gb/s",Hitachi,A7K2000,500GB,,51015b51-aa72-4981-93b9-5746d54a26a4.json,,500,"3.5""",B0046TJPV6,,,,,39442228,SATA 3.0 Gb/s,,,0F11000,False,HDD,HDD
511056ea-6367-4a02-b0b7-b59def1c8c2a,"Kingston SSDNOW DC500M 1.92TB 2.5"" SSD SATA",Kingston,SSDNOW,1000GB,,511056ea-6367-4a02-b0b7-b59def1c8c2a.json,,1000,"2.5""",,,,,,,SATA 6.0 Gb/s,,,SEDC500M | 1920G,False,SSD,SSD
51242136-1d23-41ef-9517-ab04b8db1b12,"Western Digital Scorpio Blue 500GB HDD 2.5"" SATA",Western Digital,Scorpio,500GB,,51242136-1d23-41ef-9517-ab04b8db1b12.json,,500,"2.5""",,,,,,,SATA 3.0 Gb/s,,,WD5000BEVT,False,HDD,HDD
512f2dd4-7f0b-496e-bfd6-c791aba437be,"Seagate Enterprise Capacity 4TB HDD 3.5"" SATA",Seagate,Enterprise,4000GB,,512f2dd4-7f0b-496e-bfd6-c791aba437be.json,,4000,"3.5""",B01N2OGNDU,,,,,190322154,SATA 6.0 Gb/s,,,ST4000NM0115,False,HDD,HDD
5146f3b6-8b45-4a38-8091-565f88fdfb33,Intel DC P3600 1.2TB SSD PCIe NVMe,Intel,DC,1000GB,,5146f3b6-8b45-4a38-8091-565f88fdfb33.json,,1000,PCIe,B00L0LFGQQ,,,,,41244593,M.2 PCIe 3.0 x4,,,SSDPEDME012T401 | 735858278232,True,SSD,SSD
51490451-69e6-40a1-a707-4d781abdcb5d,Patriot P300 512GB SSD M.2-2280 PCIe 3.0 NVMe,Patriot,P300,512GB,,51490451-69e6-40a1-a707-4d781abdcb5d.json,,512,M.2-2280,,,,,,,M.2 PCIe 3.0 x4,,,P300P512GM28US,True,SSD,SSD
51722f8a-194b-4113-bfa7-0288359515a3,Intel D3-S4520 240GB SSD M.2-2280 SATA,Intel,D3-S4520,240GB,,51722f8a-194b-4113-bfa7-0288359515a3.json,,240,M.2-2280,B09DVP5MC3,,,,N82E16820318009,338979397,M.2 SATA,,,SSDSCKKB240GZ01,False,SSD,SSD
5174bf12-5c43-4211-9d94-08d23cd9de59,HP EX920 512GB SSD M.2-2280 PCIe 3.0 x4 NVMe,HP,EX920,512GB,,5174bf12-5c43-4211-9d94-08d23cd9de59.json,,512,M.2-2280,B0795X5HJL,,,,,163629497,M.2 PCIe 3.0 x4,,,2YY46AA#ABC | 2YY47AA#ABC,True,SSD,SSD
5182bce8-e603-4e14-8e87-033168fc6a8b,"Kingston Q500 960GB 2.5"" SSD SATA",Kingston,Q500,960GB,,5182bce8-e603-4e14-8e87-033168fc6a8b.json,,960,"2.5""",B07QFNN3KS,,,,1B0-004M-00013,166144682,SATA 6.0 Gb/s,,,SQ500S37 | 960G | SQ500S37/960G,False,SSD,SSD
51c770b0-a7b0-4b8c-a2f7-71f0c483c285,"SanDisk Z410 480 GB SSD 2.5"" SATA 6.0 Gb/s",SanDisk,Z410,480GB,,51c770b0-a7b0-4b8c-a2f7-71f0c483c285.json,,480,"2.5""",B01EAXSB3K,,,,,51774035,SATA 6.0 Gb/s,,,SD8SBBU-480G-1122,False,SSD,SSD
51d9945f-32d1-40b7-aed4-e6f905c17256,Inland Prime 2TB SSD M.2-2280 PCIe 3.0 X4 NVMe,Inland,Prime,2000GB,,51d9945f-32d1-40b7-aed4-e6f905c17256.json,,2000,M.2-2280,,,,,,,M.2 PCIe 3.0 x4,,,618996750023,True,SSD,SSD
51e30aa8-ef4e-4dd4-a4a3-56bf70bb7de1,"SanDisk Ultra 3D 4TB SSD 2.5"" SATA 6.0 Gb/s",SanDisk,Ultra,4000GB,,51e30aa8-ef4e-4dd4-a4a3-56bf70bb7de1.json,,4000,"2.5""",B07W1SYTTT,,,,1B0-003G-00061,631058256,SATA 6.0 Gb/s,,,SDSSDH3-4T00-G25,False,SSD,SSD
51e41333-355e-42d3-8bb4-271b75dc6d0f,"Hitachi Ultrastar 2TB HDD 3.5"" SATA",Hitachi,Ultrastar,2000GB,,51e41333-355e-42d3-8bb4-271b75dc6d0f.json,,2000,"3.5""",,,,,,,SATA 3.0 Gb/s,,,HUA722020ALA331,False,HDD,HDD
51e82242-22d8-4d65-adb5-b9add4f595a3,"Gigabyte GP-GSTFS31480GNTD 480 GB SSD 2.5"" SATA 6.0 Gb/s",Gigabyte,GP-GSTFS31480GNTD,480GB,,51e82242-22d8-4d65-adb5-b9add4f595a3.json,,480,"2.5""",B07QJ756H8,,,,9SIAGBAK4M7063,616556212,SATA 6.0 Gb/s,,,GP-GSTFS31480GNTD,False,SSD,SSD
51e8520f-6afe-4c4b-8546-d672970189c2,"Toshiba X300 Pro 16TB Internal HDD 7200RPM 3.5"" SATA 6.0 Gb/s",Toshiba,X300,16000GB,,51e8520f-6afe-4c4b-8546-d672970189c2.json,,16000,"3.5""",B09TQ8FYN2,,,,N82E16822149801,1833288179,SATA 6.0 Gb/s,,,HDWR51GXZSTB,False,HDD,HDD
51f633a7-beaf-4c61-ad85-1b6b6d77710b,ADATA LEGEND 900 PRO 1TB SSD M.2-2280 PCIe 4.0 x4 NVMe,ADATA,LEGEND,1000GB,,51f633a7-beaf-4c61-ad85-1b6b6d77710b.json,,1000,M.2-2280,,,,,,,M.2 PCIe 4.0 x4,,,SLEG-900P-1TCS,True,SSD,SSD
51fd31d2-0899-40cc-b8a2-459aa589a472,Western Digital Black SN750 2TB SSD M.2-2280 PCIe 3.0 x4 NVMe,Western Digital,Black,2000GB,,51fd31d2-0899-40cc-b8a2-459aa589a472.json,,2000,M.2-2280,B07MLVK8K5,,,,,648641117,M.2 PCIe 3.0 x4,,,WDS200T3XHC | WDS200T3XHC-00SJG0,True,SSD,SSD
520baed5-4536-4d39-9260-0a74bcb6a2b4,Kingston KC2500 1TB M.2-2280 SSD PCIe 3.0 x4 NVMe,Kingston,KC2500,1000GB,,520baed5-4536-4d39-9260-0a74bcb6a2b4.json,,1000,M.2-2280,,,,,,,M.2 PCIe 3.0 x4,,,SKC2500M8 | 1000G,True,SSD,SSD
522c6a84-2237-45fc-a3a3-25c917db4363,Nextorage NN5PRO 1TB SSD M.2-2280 NVMe PCIe 4.0 X8,Nextorage,NN5PRO,1000GB,,522c6a84-2237-45fc-a3a3-25c917db4363.json,,1000,M.2-2280,,,,,0D9-0106-00013,,M.2 PCIe 4.0 x8,,,NN5PRO-1TB1BH | XNE SYM,True,SSD,SSD
524a3ebe-970d-4d30-a2d6-a707f1382573,"Plextor M5P 128GB SSD 2.5"" SATA",Plextor,M5P,128GB,,524a3ebe-970d-4d30-a2d6-a707f1382573.json,,128,"2.5""",,,,,,,SATA 6.0 Gb/s,,,PX-128M5P,False,SSD,SSD
5258e5bd-f31d-4b75-a438-8ea68dd381e8,"Western Digital Caviar Blue 1TB HDD 3.5"" 7200RPM SATA 6.0 Gb/s",Western Digital,Caviar,1000GB,,5258e5bd-f31d-4b75-a438-8ea68dd381e8.json,,1000,"3.5""",B00461LT6S,,,,,16349845,SATA 6.0 Gb/s,,,WD10EALX,False,HDD,HDD
525b1232-fdf9-4cb8-aed9-5dfe1321c20f,SABRENT 1TB Rocket NVMe 4.0 Gen4 PCIe M.2 Internal SSD Extreme Performance Solid State Drive (SB-ROCKET-NVMe4-1TB),Sabrent,Rocket 4.0,,2023,525b1232-fdf9-4cb8-aed9-5dfe1321c20f.json,1024,1000,M.2-2280,B07TKYWB3K,,,https://sabrent.com/products/sb-rocket-nvme4-1tb?srsltid=AfmBOorgpNvQ4a2Vy2HzkjQ0z_zGU-wwoGQ5JjmZwEpouri64WI_sVSj,,796763744,M.2 PCIe 4.0 x4,,2026-03-22T10:58:36.527Z,SB-ROCKET-NVMe4-HTSK-1TB,True,SSD,
52640c17-0877-4b99-91ab-f06cbebd0f9f,Neo Forza eSports 1TB M.2 SSD PCIe 3.0 NVMe,Neo Forza,eSports,1000GB,,52640c17-0877-4b99-91ab-f06cbebd0f9f.json,,1000,M.2-2280,,,,,,,M.2 PCIe 3.0 x4,,,NFP075PCI1T-3400200,True,SSD,SSD
527952cc-53d8-4e30-b92b-d6cc3a5cf991,PNY XLR8 CS3040 1TB SSD M.2-2280 PCIe 4.0 x4 NVMe,PNY,XLR8,1000GB,,527952cc-53d8-4e30-b92b-d6cc3a5cf991.json,,1000,M.2-2280,B08KGXVXGM,,,,N82E16820177092,924204402,M.2 PCIe 4.0 x4,,,M280CS3040-1TB-RB | CS3040,True,SSD,SSD
5282778a-9dce-4410-b105-1a8f0444a64a,"Western Digital Purple 8TB HDD 3.5"" SATA",Western Digital,Purple,8000GB,,5282778a-9dce-4410-b105-1a8f0444a64a.json,,8000,"3.5""",B07CYBNZKG,,,,,456876884,SATA 6.0 Gb/s,,,WD81PURZ,False,HDD,HDD
5286e692-d95e-47c7-b901-f7936efbd46a,"Seagate Surveillance 3TB HDD 3.5"" 5900 RPM SATA Internal",Seagate,Surveillance,3000GB,,5286e692-d95e-47c7-b901-f7936efbd46a.json,,3000,"3.5""",,,,,,,SATA 6.0 Gb/s,,,ST3000VX005,False,HDD,HDD
529c0ba3-eb82-43cb-b96a-4a794964a02f,Patriot Scorch 512GB SSD M.2-2280 PCIe 3.0 x2 NVMe,Patriot,Scorch,512GB,,529c0ba3-eb82-43cb-b96a-4a794964a02f.json,,512,M.2-2280,,,,,,,M.2 PCIe 3.0 x2,,,PS512GPM280SSDR,True,SSD,SSD
52b91d00-8dad-41f6-aa76-b80b262698c1,KingSpec NX-2280 1TB SSD M.2-2280 PCIe 3.0 NVMe,KingSpec,NX-2280,1000GB,,52b91d00-8dad-41f6-aa76-b80b262698c1.json,,1000,M.2-2280,B0CP9CXCXG,,,,,,M.2 PCIe 3.0 x4,,,NX-2280-1TB | NX-1TB-2280 | 1 tb,True,SSD,SSD
52c82b0d-d899-46a7-b17c-3958d16ee0ae,Corsair Neutron NX500 800GB SSD PCIe PCIe x1 NVMe,Corsair,Neutron,800GB,,52c82b0d-d899-46a7-b17c-3958d16ee0ae.json,,800,PCIe,,,,,,,M.2 PCIe x1,,,CSSD-N800GBNX500,True,SSD,SSD
52e52933-0eea-4d93-930e-dd8a5d5b267d,"Toshiba V300 2TB HDD 3.5"" 5700RPM SATA 6.0 Gb/s",Toshiba,V300,2000GB,,52e52933-0eea-4d93-930e-dd8a5d5b267d.json,,2000,"3.5""",,,,,,,SATA 6.0 Gb/s,,,HDWU120UZSVA,False,HDD,HDD
52e9b7f2-2da3-4589-ad86-593046cf0a18,Samsung PM961 512GB M.2-2280 SSD PCIe 3.0 NVMe,Samsung,PM961,512GB,,52e9b7f2-2da3-4589-ad86-593046cf0a18.json,,512,M.2-2280,B06XJ95YVR,,,,,,M.2 PCIe 3.0 x4,,,MZVLW512HMJP-00000,True,SSD,SSD
52f0ed6f-7caa-4fef-9e83-5329e4311995,"Seagate SkyHawk Surveillance +Rescue 2TB HDD 5400 RPM 3.5"" SATA 6.0 Gb/s",Seagate,SkyHawk,2000GB,,52f0ed6f-7caa-4fef-9e83-5329e4311995.json,256,2000,"3.5""",B0BLT5G238,,,,1Z4-002P-02HY3,2916173492,SATA 6.0 Gb/s,,,ST2000VX017,False,HDD,HDD
52f961d5-60af-434c-ac8e-741a4333e4ce,Corsair MP400 4TB M.2-2280 SSD PCIe 3.0 X4 NVMe,Corsair,MP400,4000GB,,52f961d5-60af-434c-ac8e-741a4333e4ce.json,,4000,M.2-2280,,,,,,,M.2 PCIe 3.0 x4,,,CSSD-F4000GBMP400,True,SSD,SSD
52fbd174-8419-4438-baac-2d4f63016373,"Corsair Force Series LS 60GB SSD 2.5"" SATA",Corsair,Force,60GB,,52fbd174-8419-4438-baac-2d4f63016373.json,,60,"2.5""",,,,,,,SATA 6.0 Gb/s,,,CSSD-F60GBLS,False,SSD,SSD
537ea6bc-d8a7-4f44-88da-19e851684b66,Crucial P3 2TB M.2 SSD PCIe 3.0 NVMe,Crucial,P3,2000GB,,537ea6bc-d8a7-4f44-88da-19e851684b66.json,,2000,M.2-2280,B0B25MJ1YT,6509711,,,N82E16820156297,1759562970,M.2 PCIe 3.0 x4,,,CT2000P3SSD8,True,SSD,SSD
5389504f-337f-4694-b205-f6155074790b,"Patriot Burst 480GB SSD 2.5"" SATA 6.0 Gb/s",Patriot,Burst,480GB,,5389504f-337f-4694-b205-f6155074790b.json,,480,"2.5""",,,,,,,SATA 6.0 Gb/s,,,PBU480GS25SSDR,False,SSD,SSD
53ce5186-a0c4-410e-b17d-0b99e9b25240,"Seagate IronWolf NAS 2TB HDD 3.5"" SATA",Seagate,IronWolf,2000GB,,53ce5186-a0c4-410e-b17d-0b99e9b25240.json,,2000,"3.5""",B07H2GY8ZV,,,,,,SATA 6.0 Gb/s,,,ST2000VN004,False,HDD,HDD
53cf64b2-df7c-4a86-aeaa-6e1faa1340ea,ADATA LEGEND 850 LITE 1TB SSD M.2-2280 PCIe 4.0 x4 NVMe,ADATA,LEGEND,1000GB,,53cf64b2-df7c-4a86-aeaa-6e1faa1340ea.json,,1000,M.2-2280,B0BWFQGH31,,,,,,M.2 PCIe 4.0 x4,,,ALEG-850L-1000GCS | 850 LITE,True,SSD,SSD
53d96a0c-de9a-44c0-9782-27b78b128afb,MSI SPATIUM M482 2TB M.2 SSD PCIe 4.0 NVMe Eco-Pack,MSI,SPATIUM,2000GB,,53d96a0c-de9a-44c0-9782-27b78b128afb.json,,2000,M.2-2280,,,,,,,M.2 PCIe 4.0 x4,,,M482-NVMe-M2-2TB-Bulk,True,SSD,SSD
53ffde31-f870-4c4e-894b-0873e1da0384,TEAMGROUP MP33 PRO 512GB SSD M.2-2280 PCIe 3.0 x4 NVMe,TEAMGROUP,MP33,512GB,,53ffde31-f870-4c4e-894b-0873e1da0384.json,,512,M.2-2280,B08GM9TQDB,,,,N82E16820331562,168963785,M.2 PCIe 3.0 x4,,,TM8FPD512G0C101,True,SSD,SSD
541febac-b4c6-4ea3-9379-1114edc4b874,"Orico Y-20 512GB SSD 2.5"" SATA",Orico,Y-20,512GB,,541febac-b4c6-4ea3-9379-1114edc4b874.json,,512,"2.5""",B0CZLJYWLN,,,,,,SATA 6.0 Gb/s,,,Y20-512GB | Y20,False,SSD,SSD
54279588-d85b-4f5b-8497-c15d645a58c4,Samsung 990 Pro w/Heatsink 1TB SSD M.2 PCIe 4.0 NVMe,Samsung,990,1000GB,,54279588-d85b-4f5b-8497-c15d645a58c4.json,,1000,M.2-2280,B0BHJGV9WR,6523594,,,N82E16820147862,1540936284,M.2 PCIe 4.0 x4,,,MZ-V9P1T0CW | MZ-V9P1T0GW,True,SSD,SSD
542cd788-80ea-4fdd-9f22-bd9bd0337c0f,"Seagate EE25.2 40GB 2.5"" HDD 5400RPM SATA 3.0 Gb/s Internal",Seagate,EE25.2,40GB,,542cd788-80ea-4fdd-9f22-bd9bd0337c0f.json,,40,"2.5""",B002GTXX1G,,,,,,SATA 3.0 Gb/s,,,ST940818SM,False,HDD,HDD
5446ef52-62d8-4cf6-942b-6862328fed9a,TEAMGROUP T-FORCE G70 PRO Aluminum 1TB SSD M.2-2280 PCIe 4.0 X4 NVMe,TEAMGROUP,T-FORCE,1000GB,,5446ef52-62d8-4cf6-942b-6862328fed9a.json,,1000,M.2-2280,B0CSFX78LF,,,,N82E16820985136,5390179205,M.2 PCIe 4.0 x4,,,TM8FFH001T0C128,True,SSD,SSD
5463a505-bd05-4ee9-9137-d0d31d694e3f,Corsair MP700 1TB SSD M.2-2280 PCIe 5.0 X4 NVMe,Corsair,MP700,1000GB,,5463a505-bd05-4ee9-9137-d0d31d694e3f.json,,1000,M.2-2280,B0C3VDBJXP,,,,,,M.2 PCIe 5.0 x4,,,CSSD-F1000GBMP700R2,True,SSD,SSD
546be831-d22c-4ebe-8876-d86470094f1a,"Seagate IronWolf NAS 6TB HDD 3.5"" 7200RPM SATA 6.0 Gb/s Internal",Seagate,IronWolf,6000GB,,546be831-d22c-4ebe-8876-d86470094f1a.json,,6000,"3.5""",B0767P5BYT,,,,,223630405,SATA 6.0 Gb/s,,,ST6000VN0033,False,HDD,HDD
546dacb3-6876-4ec0-a7cd-c3efabb57559,ADATA XPG SPECTRIX S40G RGB 512GB SSD M.2-2280 PCIe 3.0 NVMe,ADATA,XPG,512GB,,546dacb3-6876-4ec0-a7cd-c3efabb57559.json,,512,M.2-2280,B07SNNFD4N,,,,,,M.2 PCIe 3.0 x4,,,AS40G-512GT-C | S40G,True,SSD,SSD
54a22761-5897-49bc-8955-77735f741c51,"Western Digital Blue 4TB HDD 5400 RPM 3.5"" SATA Internal",Western Digital,Blue,4000GB,,54a22761-5897-49bc-8955-77735f741c51.json,,4000,"3.5""",B087QTVCHH,,,,1Z4-0002-01CG2,689035904,SATA 6.0 Gb/s,,,WD40EZAZ,False,HDD,HDD
54a90e78-6563-4cb2-abfb-e90ceb0c74d0,Orico D10 256 GB SSD M.2-2230 PCIe 3.0 X4 NVME,Orico,D10,256GB,,54a90e78-6563-4cb2-abfb-e90ceb0c74d0.json,,256,M.2-2230,,,,,,,M.2 PCIe 3.0 x4,,,D10-2230,True,SSD,SSD
54d58384-fcb8-486f-9b79-220cfe400f25,"TEAMGROUP T-Force Vulcan Z 256GB SSD 2.5"" SATA 6.0 Gb/s",TEAMGROUP,T-Force,256GB,,54d58384-fcb8-486f-9b79-220cfe400f25.json,,256,"2.5""",B0B6ZCMSQ3,,,,N82E16820331862,1005543514,SATA 6.0 Gb/s,,,T253TZ256G0C101,False,SSD,SSD
54f84add-7e4b-4eb1-80ce-e4d0662225c3,Patriot VP4000 Mini 2TB SSD M.2-2230 PCIe 4.0 X4 NVMe,Patriot,VP4000,2000GB,,54f84add-7e4b-4eb1-80ce-e4d0662225c3.json,,2000,M.2-2230,B0CNNDL3M6,,,,,12903555341,M.2 PCIe 4.0 x4,,,VP4000M2TBM23,True,SSD,SSD
54ff6704-c4b7-47f0-9271-d8bf3e24912d,HP EX920 256GB M.2 SSD PCIe 3.0 NVMe,HP,EX920,256GB,,54ff6704-c4b7-47f0-9271-d8bf3e24912d.json,,256,M.2-2280,B0795YN91V,,,,,874264900,M.2 PCIe 3.0 x4,,,2YY45AA#ABC,True,SSD,SSD
55032c0a-2425-4f88-9a9f-1647520fe9b8,"Toshiba MG04ACA600E 6TB HDD 7200RPM 3.5"" SATA 6.0 Gb/s",Toshiba,MG04ACA600E,6000GB,,55032c0a-2425-4f88-9a9f-1647520fe9b8.json,128,6000,"3.5""",B07235S2HH,,,,,198179859,SATA 6.0 Gb/s,,,MG04ACA600E | MG06ACA600E | 201742,False,HDD,HDD
5513c7d5-43e2-4930-8c27-481d1d5670f9,XPG GAMMIX S10 512GB M.2-2280 SSD PCIe 3.0 X4 NVMe,XPG,GAMMIX,512GB,,5513c7d5-43e2-4930-8c27-481d1d5670f9.json,,512,M.2-2280,,,,,,,M.2 PCIe 3.0 x4,,,ASX7000NPC-512GT-C,True,SSD,SSD
5521979a-6df6-4216-b04f-aa753a48f0f0,Nextorage NEM-PA 8TB SSD M.2 PCIe 4.0 NVMe,Nextorage,NEM-PA,8000GB,,5521979a-6df6-4216-b04f-aa753a48f0f0.json,,8000,M.2-2280,,,,,0D9-0106-00016,,M.2 PCIe 4.0 x4,,,NEM-PA8TB,True,SSD,SSD
552864b1-4e36-4c4d-b3c2-b0c536fdeb90,Seagate BarraCuda 520 1.024 TB M.2-2280 SSD PCIe 4.0 X4 NVME,Seagate,BarraCuda,1000GB,,552864b1-4e36-4c4d-b3c2-b0c536fdeb90.json,,1000,M.2-2280,,,,,,,M.2 PCIe 4.0 x4,,,ZP1024CM3A002,True,SSD,SSD
5531a3d5-1996-4f75-965a-ca8209548b99,"Crucial BX500 4TB SSD 2.5"" SATA",Crucial,BX500,4000GB,,5531a3d5-1996-4f75-965a-ca8209548b99.json,,4000,"2.5""",B0CY7638WZ,6598876,,,N82E16820156405,5636309786,SATA 6.0 Gb/s,,,CT4000BX500SSD1,False,SSD,SSD
554fe1d9-8b52-4e23-a5ef-3b125a9237d3,"SanDisk Z400s 256GB SSD 2.5"" SATA 6.0 Gb/s",SanDisk,Z400s,256GB,,554fe1d9-8b52-4e23-a5ef-3b125a9237d3.json,,256,"2.5""",,,,,,,SATA 6.0 Gb/s,,,SD8SBAT-256G-1122,False,SSD,SSD
55687862-b369-4c8e-afe8-aa101682df98,"ADATA SU800 1TB 2.5"" SSD SATA 6.0 Gb/s",ADATA,SU800,1000GB,,55687862-b369-4c8e-afe8-aa101682df98.json,,1000,"2.5""",B01K8A29E6,,,,N82E16820215018,,SATA 6.0 Gb/s,,,ASU800SS-1TT-C | Ultimate SU800,False,SSD,SSD
5575ebb6-7164-48cb-ad24-46bfa53ff57d,"Intel Pro 5400s 360GB SSD 2.5"" SATA",Intel,Pro,360GB,,5575ebb6-7164-48cb-ad24-46bfa53ff57d.json,,360,"2.5""",B01C785S0E,,,,,,SATA 6.0 Gb/s,,,SSDSC2KF360H6X1,False,SSD,SSD
55a77b73-8cf6-4c31-97f9-81fcb4ac1b0b,"AMD Radeon R3 240GB SSD 2.5"" SATA 6Gb/s",AMD,Radeon,240GB,,55a77b73-8cf6-4c31-97f9-81fcb4ac1b0b.json,,240,"2.5""",,,,,,,SATA 6.0 Gb/s,,,R3 240GB | SSDR3SL240G,False,SSD,SSD
55b348ab-6aa8-4928-aabb-045119493f23,Patriot P300 256GB M.2-2280 SSD PCIe 3.0 X4 NVMe,Patriot,P300,256GB,,55b348ab-6aa8-4928-aabb-045119493f23.json,,256,M.2-2280,B0817H9GCY,,,,,856270876,M.2 PCIe 3.0 x4,,,P300P256GM28US | P300P256GM28,True,SSD,SSD
55d2cf80-fb57-4d8d-9e63-d2dba8d813d2,Western Digital Red SN700 4TB SSD M.2 PCIe 3.0 NVMe,Western Digital,Red,4000GB,,55d2cf80-fb57-4d8d-9e63-d2dba8d813d2.json,,4000,M.2-2280,B09H1M6ZRT,,,,N82E16820250207,224145175,M.2 PCIe 3.0 x4,,,WDS400T1R0C | WDS400T1R0C-68BDK0,True,SSD,SSD
55d9706c-faa8-4455-a428-78ef2a183fde,ADATA LEGEND 850 LITE 500GB SSD M.2-2280 PCIe 4.0 X4 NVMe,ADATA,LEGEND,500GB,,55d9706c-faa8-4455-a428-78ef2a183fde.json,,500,M.2-2280,B0BWFQRJHC,,,,,,M.2 PCIe 4.0 x4,,,ALEG-850L-500GCS | 850 LITE,True,SSD,SSD
55f4c581-d519-4126-b190-3e2c910c3786,Western Digital Blue SN580 500GB SSD M.2-2280 PCIe 4.0 x4 NVMe,Western Digital,Blue,500GB,,55f4c581-d519-4126-b190-3e2c910c3786.json,,500,M.2-2280,B0C8WP6B8R,,,,N82E16820250255,2965436089,M.2 PCIe 4.0 x4,,,WDS500G3B0E | WDS500G3B0E-00CHF0,True,SSD,SSD
561367b1-a79e-4fea-8390-5af8d9681576,"Western Digital Caviar Green 1.5TB HDD 7200RPM 3.5"" SATA",Western Digital,Caviar,1000GB,,561367b1-a79e-4fea-8390-5af8d9681576.json,,1000,"3.5""",,,,,,,SATA 6.0 Gb/s,,,WD15EZRX,False,HDD,HDD
561c93e3-8ba3-48f6-a38e-196ecb774959,"Seagate ST1000DM004 1TB 3.5"" HDD 7200RPM SATA",Seagate,ST1000DM004,1000GB,,561c93e3-8ba3-48f6-a38e-196ecb774959.json,,1000,"3.5""",,,,,,,SATA 6.0 Gb/s,,,ST1000DM004,False,HDD,HDD
5628ec23-18b8-4a7b-a47f-fc94ae62b859,"Western Digital Red SA500 2TB SSD 2.5"" SATA 6.0 Gb/s",Western Digital,Red,2000GB,,5628ec23-18b8-4a7b-a47f-fc94ae62b859.json,,2000,"2.5""",B07YFGG261,,,,,304584474,SATA 6.0 Gb/s,,,WDS200T1R0A,False,SSD,SSD
562c74cd-64a5-4367-8b61-e572fe238773,"Seagate Enterprise Capacity 3TB 3.5"" HDD 7200RPM SATA 6.0 Gb/s",Seagate,Enterprise,3000GB,,562c74cd-64a5-4367-8b61-e572fe238773.json,,3000,"3.5""",B01CG0DD0K,,,,,155369271,SATA 6.0 Gb/s,,,ST3000NM0005,False,HDD,HDD
5642022d-10e7-41b9-abcc-dc1f757ff710,"FanXiang S101 4TB SSD 2.5"" SATA",FanXiang,S101,4000GB,,5642022d-10e7-41b9-abcc-dc1f757ff710.json,,4000,"2.5""",B0C48RP3BF,,,,,,SATA 6.0 Gb/s,,,S101-4TB | S101,False,SSD,SSD
5648f071-9ea7-472f-8f19-8620c4b0a08f,SanDisk SSD PLUS 500GB SSD M.2-2280 PCIe 3.0 X4 NVMe,SanDisk,SSD,500GB,,5648f071-9ea7-472f-8f19-8620c4b0a08f.json,,500,M.2-2280,,,,,,,M.2 PCIe 3.0 x4,,,SDSSDA3N-500G-G26,True,SSD,SSD
5663ec11-abf0-4a0f-88a7-6fa73c1f234d,Silicon Power XS70 1TB M.2-2280 SSD PCIe 4.0 x4 NVMe,Silicon Power,XS70,1000GB,,5663ec11-abf0-4a0f-88a7-6fa73c1f234d.json,,1000,M.2-2280,B09T2S1Z8T,,,,,732861131,M.2 PCIe 4.0 x4,,,SP01KGBP44XS7005 | SU01KGBP44XS7005SN,True,SSD,SSD
56640d83-ba87-4dd7-a6ba-734031afc56f,"Corsair Neutron XTi 1TB SSD 2.5"" SATA",Corsair,Neutron,1000GB,,56640d83-ba87-4dd7-a6ba-734031afc56f.json,,1000,"2.5""",,,,,,,SATA 6.0 Gb/s,,,CSSD-N1920GBXTI,False,SSD,SSD
56749981-deec-45a1-bbaa-bd2de04d6f9c,"Samsung PM883 480GB SSD 2.5"" SATA",Samsung,PM883,480GB,,56749981-deec-45a1-bbaa-bd2de04d6f9c.json,,480,"2.5""",B07Y53HVYV,,,,,,SATA 6.0 Gb/s,,,MZ7LH480HAHQ-00005,False,SSD,SSD
569a9d4d-30d6-4313-a00d-1cd959dbd754,"Toshiba MD04ACA400 4TB HDD 3.5"" 7200RPM SATA 6.0 Gb/s",Toshiba,MD04ACA400,4000GB,,569a9d4d-30d6-4313-a00d-1cd959dbd754.json,,4000,"3.5""",,,,,,,SATA 6.0 Gb/s,,,MD04ACA400,False,HDD,HDD
56a12946-5258-4046-bcf5-8cc352b77eec,"Seagate ST6000NM0024 6TB HDD 3.5"" SATA",Seagate,ST6000NM0024,6000GB,,56a12946-5258-4046-bcf5-8cc352b77eec.json,,6000,"3.5""",B00JJIE8E8,,,,,39097253,SATA 6.0 Gb/s,,,ST6000NM0024,False,HDD,HDD
56a70ce9-132c-4f87-afa4-cddf986fcfcc,MSI SPATIUM M470 PRO 2TB SSD M.2-2280 PCIe 4.0 X4 NVMe,MSI,SPATIUM,2000GB,,56a70ce9-132c-4f87-afa4-cddf986fcfcc.json,,2000,M.2-2280,B0FBBSZPFK,,,,N82E16820140063,16652219887,M.2 PCIe 4.0 x4,,,S78-440Q990-P83 | SPATIUM M470 PRO PCIe 4.0 NVMe M.2 2TB | SM470PN2TB,True,SSD,SSD
56ae705d-8a6c-4ff6-9601-a75928c0ddbf,"Apacer AS350 PANTHER 512GB SSD 2.5"" SATA",Apacer,AS350,512GB,,56ae705d-8a6c-4ff6-9601-a75928c0ddbf.json,,512,"2.5""",,,,,,,SATA 6.0 Gb/s,,,AP512GAS350-1,False,SSD,SSD
56aef634-31cf-43fc-859a-aee832eca564,Kingston Predator 480GB SSD M.2-2280 PCIe 2.0 x4 NVMe,Kingston,Predator,480GB,,56aef634-31cf-43fc-859a-aee832eca564.json,,480,M.2-2280,,,,,,,M.2 PCIe 2.0 x4,,,SHPM2280P2 | 480G,True,SSD,SSD
56d465b5-fcf0-4dd8-81c8-dd0f78cb49cd,"Seagate Barracuda Compute 2TB 3.5"" HDD 7200RPM SATA",Seagate,Barracuda,2000GB,,56d465b5-fcf0-4dd8-81c8-dd0f78cb49cd.json,,2000,"3.5""",B07H2RR55Q,6616036,,,N82E16822184773,341717785,SATA 6.0 Gb/s,,,ST2000DM008 | ST2000DMZ08 | ‎ST2000DMZ08,False,HDD,
56d6e0da-e10b-413f-923e-bf024358c89a,KingSpec XF 4 TB M.2-2280 PCIe 4.0 X4 NVME,KingSpec,XF,4000GB,,56d6e0da-e10b-413f-923e-bf024358c89a.json,,4000,M.2-2280,,,,,0D9-000D-00193,,M.2 PCIe 4.0 x4,,,XF-4TB-2280,True,SSD,SSD
56e441e5-e452-436a-97d3-dbdbd630b4af,"Toshiba Q300 480 GB SSD 2.5"" SATA 6.0 Gb/s",Toshiba,Q300,480GB,,56e441e5-e452-436a-97d3-dbdbd630b4af.json,,480,"2.5""",,,,,,,SATA 6.0 Gb/s,,,HDTS748XZSTA,False,SSD,SSD
56e71132-7ee6-487b-82db-c902aacdf022,Oyen Digital Dash Pro w/Heat Sink 8TB M.2-2280 SSD PCIe 4.0 X4 NVMe,Oyen Digital,Dash,8000GB,,56e71132-7ee6-487b-82db-c902aacdf022.json,,8000,M.2-2280,B0CKS2ZQMC,,,,,5144253384,M.2 PCIe 4.0 x4,,,PS5-8T-2280,True,SSD,SSD
56f68a4e-fe08-4b8f-81aa-19c90b174202,ADATA XPG SX8000 128GB M.2-2280 SSD PCIe 3.0 X4 NVMe,ADATA,XPG,128GB,,56f68a4e-fe08-4b8f-81aa-19c90b174202.json,,128,M.2-2280,,,,,,,M.2 PCIe 3.0 x4,,,ASX8000NP-128GM-C,True,SSD,SSD
570ba153-cd44-4ab6-817c-07e0f93b19b9,"Western Digital Blue 500GB SSD 2.5"" SATA",Western Digital,Blue,500GB,,570ba153-cd44-4ab6-817c-07e0f93b19b9.json,,500,"2.5""",B01LWQ9LYV,,,,,197918175,SATA 6.0 Gb/s,,,WDS500G1B0A,False,SSD,SSD
573efb0a-b28d-49bd-81a7-901dfbac63c1,ADATA Ultimate SU650 240GB M.2 SSD SATA,ADATA,Ultimate,240GB,,573efb0a-b28d-49bd-81a7-901dfbac63c1.json,,240,M.2-2280,,,,,,,M.2 SATA,,,ASU650NS38-240GT-C,False,SSD,SSD
574bed0f-9efd-487f-8dc5-50839cfc6607,"Western Digital Raptor 150GB HDD 3.5"" 10000RPM SATA",Western Digital,Raptor,150GB,,574bed0f-9efd-487f-8dc5-50839cfc6607.json,,150,"3.5""",,,,,,,SATA 3.0 Gb/s,,,WD1500ADFS,False,HDD,HDD
5772cd55-47aa-4318-8bec-895176a70a38,Apacer AS2280Q4U 1TB M.2-2280 SSD PCIe 4.0 X4 NVMe,Apacer,AS2280Q4U,1000GB,,5772cd55-47aa-4318-8bec-895176a70a38.json,,1000,M.2-2280,,,,,,,M.2 PCIe 4.0 x4,,,AP1TBAS2280Q4U-1,True,SSD,SSD
577b0a17-6e96-4b20-8197-eddbe2dc8686,"Samsung 470 64GB SSD 2.5"" SATA 3.0 Gb/s",Samsung,470,64GB,,577b0a17-6e96-4b20-8197-eddbe2dc8686.json,,64,"2.5""",,,,,,,SATA 3.0 Gb/s,,,MZ-5PA064B | AM,False,SSD,SSD
57b99807-d6d9-494b-b794-0000e8505924,Silicon Power A55 1TB SSD M.2-2280 SATA,Silicon Power,A55,1000GB,,57b99807-d6d9-494b-b794-0000e8505924.json,,1000,M.2-2280,B07PHJCCY3,,,,,,M.2 SATA,,,SU001TBSS3A55M28AB | FBA-SU001TBSS3A55M28AB,False,SSD,SSD
57bc404d-948c-4960-b575-acd093e0a20b,"Western Digital Red 2TB 3.5"" HDD 5400 RPM SATA 6.0 Gb/s",Western Digital,Red,2000GB,,57bc404d-948c-4960-b575-acd093e0a20b.json,,2000,"3.5""",,,,,,,SATA 6.0 Gb/s,,,WD20EFRX | X340H11G,False,HDD,HDD
57db9052-1d1f-4b1b-be58-fc5d5b836f52,ADATA ATOM 50 1TB SSD M.2-2280 PCIe 4.0 x4 NVMe,ADATA,ATOM,1000GB,,57db9052-1d1f-4b1b-be58-fc5d5b836f52.json,,1000,M.2-2280,B09JHTBX25,,,,,,M.2 PCIe 4.0 x4,,,AATO-50-1TCI,True,SSD,SSD
57e4a0ef-34bd-4132-88ec-175036853b10,ADATA XPG MARS 980 STORM 2TB SSD M.2-2280 PCIe 5.0 x4 NVMe,ADATA,XPG,2000GB,,57e4a0ef-34bd-4132-88ec-175036853b10.json,,2000,M.2-2280,,,,,,,M.2 PCIe 5.0 x4,,,SMAR-980S-2TCI,True,SSD,SSD
57e8470d-ca93-4a00-8a13-50cadfc72431,"Seagate Surveillance 1TB HDD 3.5"" 5400RPM SATA",Seagate,Surveillance,1000GB,,57e8470d-ca93-4a00-8a13-50cadfc72431.json,,1000,"3.5""",B00PG90JH4,,,,,42396991,SATA 6.0 Gb/s,,,ST1000VX001,False,HDD,HDD
57f257c1-fe5a-4813-97d6-d594763cfb9a,"Toshiba S300 4TB HDD 3.5"" 5400RPM SATA",Toshiba,S300,4000GB,,57f257c1-fe5a-4813-97d6-d594763cfb9a.json,,4000,"3.5""",B09DJNZBJ4,,,,,,SATA 6.0 Gb/s,,,HDWT840UZSVA,False,HDD,HDD
5815ce3c-e099-42cd-ac34-a0c2448a6bbb,AITC Kingsman KP800 1 TB M.2-2280 SSD PCIe 4.0 X4 NVMe,AITC Kingsman,KP800,1000GB,,5815ce3c-e099-42cd-ac34-a0c2448a6bbb.json,,1000,M.2-2280,,,,,,,M.2 PCIe 4.0 x4,,,AIKP800M1TB228,True,SSD,SSD
58197bb6-a046-4b6e-a727-a6c9033e75e7,"Kingston SSDNow V200 128GB SSD 2.5"" SATA",Kingston,SSDNow,128GB,,58197bb6-a046-4b6e-a727-a6c9033e75e7.json,,128,"2.5""",B0062IMAQ6,,,,,,SATA 6.0 Gb/s,,,SV200S37A | 128G | SV200S37A/128G,False,SSD,SSD
584165c7-4038-400c-8bcc-890738f983b7,"Seagate Barracuda Compute 500 GB SSD 2.5"" SATA 6.0 Gb/s",Seagate,Barracuda,500GB,,584165c7-4038-400c-8bcc-890738f983b7.json,,500,"2.5""",,,,,,,SATA 6.0 Gb/s,,,ZA500CM10002,False,SSD,SSD
584f9719-aaa1-49c8-9b01-ed4becc2c160,Corsair MP700 Elite w/Heatsink 1TB SSD M.2-2280 PCIe 5.0 x4 NVMe,Corsair,MP700,1000GB,,584f9719-aaa1-49c8-9b01-ed4becc2c160.json,,1000,M.2-2280,B09K7DRMSC,,,,,,M.2 PCIe 5.0 x4,,,CSSD-F1000GBMP700EHS | SKC3000D/2048G,True,SSD,SSD
58686172-7f32-447a-8812-2c50c8977309,Patriot VPN100 256GB SSD M.2-2280 PCIe 3.0 X4 NVMe,Patriot,VPN100,256GB,,58686172-7f32-447a-8812-2c50c8977309.json,,256,M.2-2280,,,,,,,M.2 PCIe 3.0 x4,,,VPN100-256GM28H,True,SSD,SSD
5878e058-e939-4a9e-8b30-87c4fcfa1f4a,Lexar NM790 8TB M.2-2280 SSD PCIe 4.0 x4 NVMe,Lexar,NM790,8000GB,,5878e058-e939-4a9e-8b30-87c4fcfa1f4a.json,,8000,M.2-2280,B0DG6Q25M2,,31326,,0D9-003V-000B6,15449102721,M.2 PCIe 4.0 x4,,,LNM790X008T-RNNNU | LNM790X008T-RNNNG,True,SSD,SSD
5887e4a3-ea25-42c4-8355-f90559be6105,"Silicon Power S60 3K P/E 120GB SSD 2.5"" SATA",Silicon Power,S60,120GB,,5887e4a3-ea25-42c4-8355-f90559be6105.json,,120,"2.5""",B009GG06F8,,,,,,SATA 6.0 Gb/s,,,SP120GBSS3S60S25,False,SSD,SSD
58906aa6-dd46-44e5-8adb-7e9d3aaf86b3,"Western Digital Scorpio Blue 250GB HDD 5400RPM 2.5"" SATA",Western Digital,Scorpio,250GB,,58906aa6-dd46-44e5-8adb-7e9d3aaf86b3.json,,250,"2.5""",B001IKRKO0,,,,,,SATA 3.0 Gb/s,,,WD2500BEVT,False,HDD,HDD
58d2b8ce-a095-460b-8581-94f41d7dff84,Western Digital Black SN850 2TB SSD M.2 PCIe 4.0 NVMe,Western Digital,Black,2000GB,,58d2b8ce-a095-460b-8581-94f41d7dff84.json,,2000,M.2-2280,B08KFRFL8F,,,,9SIAD7HFUZ9245,523276104,M.2 PCIe 4.0 x4,,,WDS200T1X0E,True,SSD,SSD
58e0955c-edca-41b6-8a26-60bd6033e465,Samsung 990 EVO Plus 4TB SSD M.2-2280 PCIe 5.0 X2 NVMe,Samsung,990,4000GB,2024,58e0955c-edca-41b6-8a26-60bd6033e465.json,,4000,M.2-2280,B0DHLBDSP7,6601260,29288,https://www.samsung.com/us/computing/memory-storage/solid-state-drives/990-evo-plus-gen5-pcie-nvmetm-ssd-2tb-mz-v9s2t0b-am/,N82E16820147901,13469970744,M.2 PCIe 5.0 x2,,2026-03-22T15:23:33.027Z,MZ-V9S4T0B/AM | MZ-V9S4T0BW,True,SSD,
58f3c59e-98b3-4346-980a-1c7fcd5b4740,"Seagate BarraCuda 2TB 3.5"" HDD 7200RPM SATA",Seagate,BarraCuda,2000GB,,58f3c59e-98b3-4346-980a-1c7fcd5b4740.json,,2000,"3.5""",B01IEKG402,,,,,636271263,SATA 6.0 Gb/s,,,ST2000DM006,False,HDD,HDD
58fb24fe-fe5f-4aee-94ac-5d45367556d6,Apacer AS2280Q4U 2TB M.2-2280 SSD PCIe 4.0 X4 NVMe,Apacer,AS2280Q4U,2000GB,,58fb24fe-fe5f-4aee-94ac-5d45367556d6.json,,2000,M.2-2280,,,,,,,M.2 PCIe 4.0 x4,,,AP2TBAS2280Q4U-1,True,SSD,SSD
58fd63e6-92e5-4e9f-9b60-e87dc8d5198d,Samsung SM961 1TB SSD M.2-2280 PCIe 3.0 x4 NVMe,Samsung,SM961,1000GB,,58fd63e6-92e5-4e9f-9b60-e87dc8d5198d.json,,1000,M.2-2280,,,,,,,M.2 PCIe 3.0 x4,,,MZVKW1T0HMLH-00000,True,SSD,SSD
59163698-2fb7-4382-8cb2-37847ca0ffbc,"Hitachi Ultrastar 7K4000 4TB HDD 3.5"" 7200RPM SATA",Hitachi,Ultrastar,4000GB,,59163698-2fb7-4382-8cb2-37847ca0ffbc.json,,4000,"3.5""",,,,,,,SATA 6.0 Gb/s,,,0F14688,False,HDD,HDD
5921aacd-9296-4750-8a43-961317ed5c9a,Western Digital SN520 256GB SSD M.2-2242 PCIe 3.0 X2 NVMe,Western Digital,SN520,256GB,,5921aacd-9296-4750-8a43-961317ed5c9a.json,,256,M.2-2242,,,,,,,M.2 PCIe 3.0 x2,,,SDAPMUW-256G,True,SSD,SSD
59246182-4a59-4638-a53b-1b870ce1a7ad,"KingSpec P3 2TB SSD 2.5"" SATA",KingSpec,P3,2000GB,,59246182-4a59-4638-a53b-1b870ce1a7ad.json,,2000,"2.5""",,,,,,,SATA 6.0 Gb/s,,,P3-2TB,False,SSD,SSD
59286b36-e360-4dc7-8ec8-c51a7779e590,"Seagate BarraCuda 120 500GB SSD 2.5"" SATA",Seagate,BarraCuda,500GB,,59286b36-e360-4dc7-8ec8-c51a7779e590.json,,500,"2.5""",,,,,,,SATA 6.0 Gb/s,,,ZA500CM1A003,False,SSD,SSD
5928e1e8-5e64-4459-b819-3ce12c491680,Transcend MTS400 64GB SSD M.2-2242 SATA,Transcend,MTS400,64GB,,5928e1e8-5e64-4459-b819-3ce12c491680.json,,64,M.2-2242,,,,,,,M.2 SATA,,,TS64GMTS400,False,SSD,SSD
59393f2c-3c68-49ef-a001-19fe953a7900,"TEAMGROUP T-Force Vulcan Z 2TB SSD 2.5"" SATA",TEAMGROUP,T-Force,2000GB,,59393f2c-3c68-49ef-a001-19fe953a7900.json,,2000,"2.5""",B0BYSKXGJV,,,,N82E16820985046,3971534512,SATA 6.0 Gb/s,,,T253TY002T0C101,False,SSD,SSD
593e196a-3b99-45f0-a963-6e791c94dc78,Verbatim Vi5000 512GB SSD M.2 PCIe 4.0 NVMe,Verbatim,Vi5000,512GB,,593e196a-3b99-45f0-a963-6e791c94dc78.json,,512,M.2-2280,B0CJ7XQ2BH,,,,,5285804430,M.2 PCIe 4.0 x4,,,31825,True,SSD,SSD
596b283a-1f51-455e-8290-fd1466f5a04b,"Hitachi 7K3000 2TB HDD 7200RPM 3.5"" SATA 6.0 Gb/s",Hitachi,7K3000,2000GB,,596b283a-1f51-455e-8290-fd1466f5a04b.json,,2000,"3.5""",,,,,,,SATA 6.0 Gb/s,,,HDS723020BLA642,False,HDD,HDD
596e17d1-6da9-466c-9bdc-16cb34b2142f,"Kingston SSDNow UV400 240GB SSD 2.5"" SATA 6.0 Gb/s",Kingston,SSDNow,240GB,,596e17d1-6da9-466c-9bdc-16cb34b2142f.json,,240,"2.5""",,,,,,,SATA 6.0 Gb/s,,,SUV400S37 | 240G,False,SSD,SSD
5971340a-4811-4f86-9629-2c737617f588,MSI SPATIUM M480 PRO 1TB SSD M.2-2280 PCIe 4.0 x4 NVMe,MSI,SPATIUM,1000GB,,5971340a-4811-4f86-9629-2c737617f588.json,,1000,M.2-2280,B0CDW66CG7,,,,N82E16820140047,5043886499,M.2 PCIe 4.0 x4,,,S78-440L1G0-P83 | SPATIUM M480 PRO PCIE 4.0 NVME M.2 1TB | SPATIUM M480 PRO PCIe 4.0 NVMe M.2 1TB | MSI SPATIUM M480 1TB PRO | SM480PN1TB | SPATIUM M480 PRO 1TB,True,SSD,SSD
5984eaf5-3460-4e7b-a620-304d3911caab,"Seagate Momentus 1TB HDD 5400RPM 2.5"" SATA",Seagate,Momentus,1000GB,,5984eaf5-3460-4e7b-a620-304d3911caab.json,,1000,"2.5""",,,,,,,SATA 6.0 Gb/s,,,ST1000LM024,False,HDD,HDD
598a4105-33c7-42fa-8bf7-baf0a07d5ead,"Crucial MX500 2TB 2.5"" SSD SATA",Crucial,MX500,2000GB,,598a4105-33c7-42fa-8bf7-baf0a07d5ead.json,,2000,"2.5""",B078C515QL,6321004,,,9SIA12KJY88964,880559308,SATA 6.0 Gb/s,,,CT2000MX500SSD1,False,SSD,SSD
59cc30a3-7508-44e2-ae24-b47c3ec580e9,Biwin Black Opal X570 Pro 2TB SSD M.2-2280 PCIe 5.0 X4 NVMe,Biwin,Black,2000GB,,59cc30a3-7508-44e2-ae24-b47c3ec580e9.json,2048,2000,M.2-2280,,,,,,,M.2 PCIe 5.0 x4,,,X570PRO-2TB,True,SSD,SSD
59e40c0c-45ed-4976-a19f-20d12e438f7b,"Seagate FireCuda 500GB Hybrid 2.5"" 5400RPM SATA",Seagate,FireCuda,500GB,,59e40c0c-45ed-4976-a19f-20d12e438f7b.json,,500,"2.5""",B01LX4E7FM,,,,,110051392,SATA 6.0 Gb/s,,,ST500LX025 | 2754009,False,SSHD,SSHD
59fd5661-def8-4786-8510-b590d0ad3f66,Acer Predator GM7 512GB M.2 SSD PCIe 4.0 NVMe,Acer,Predator,512GB,,59fd5661-def8-4786-8510-b590d0ad3f66.json,,512,M.2-2280,,,,,,,M.2 PCIe 4.0 x4,,,BL.9BWWR.117,True,SSD,SSD
5a05be66-a178-4f35-ad89-878712480497,"Patriot P220 128GB SSD 2.5"" SATA 6.0 Gb/s",Patriot,P220,128GB,,5a05be66-a178-4f35-ad89-878712480497.json,,128,"2.5""",B0BS9W3T48,,,,,,SATA 6.0 Gb/s,,,P220S128G25,False,SSD,SSD
5a1a2134-7558-4352-a82c-6efbbd3129ff,PNY CS2241 2TB SSD M.2 NVMe PCIe 4.0,PNY,CS2241,2000GB,,5a1a2134-7558-4352-a82c-6efbbd3129ff.json,,2000,M.2-2280,B0BYLNY4V8,,,,N82E16820177158,1281555554,M.2 PCIe 4.0 x4,,,M280CS2241-2TB-CL | M280CS2241-2TB-RB,True,SSD,SSD
5a2cbf50-2c65-42ab-98b9-861c9754d958,TEAMGROUP T-Force Cardea A440 Pro 4TB SSD M.2-2280 PCIe 4.0 X4 NVMe,TEAMGROUP,T-Force,4000GB,,5a2cbf50-2c65-42ab-98b9-861c9754d958.json,,4000,M.2-2280,,,,,,,M.2 PCIe 4.0 x4,,,TM8FPR004T0C128,True,SSD,SSD
5a2f591e-2c04-4095-a873-200b789c7c9d,"Corsair Force LE 480GB SSD 2.5"" SATA 6.0 Gb/s",Corsair,Force,480GB,,5a2f591e-2c04-4095-a873-200b789c7c9d.json,,480,"2.5""",B017UDPW1Q,,,,,,SATA 6.0 Gb/s,,,CSSD-F480GBLEB,False,SSD,SSD
5a41cd60-3278-4f5f-93a9-d5ab52f0fcd0,"HP Y6P08AA 2TB SSD 2.5"" SATA",HP,Y6P08AA,2000GB,,5a41cd60-3278-4f5f-93a9-d5ab52f0fcd0.json,,2000,"2.5""",B06XQWS1XD,,,,,,SATA 6.0 Gb/s,,,Y6P08AA,False,SSD,SSD
5a44705f-0577-4f91-ab34-5d41eb0ba10a,KingSpec NE-2280 512GB SSD M.2-2280 PCIe 3.0 NVMe,KingSpec,NE-2280,512GB,,5a44705f-0577-4f91-ab34-5d41eb0ba10a.json,,512,M.2-2280,,,,,,,M.2 PCIe 3.0 x4,,,NE-2280-512GB,True,SSD,SSD
5a74f8d9-d400-4acf-8633-f9930ac2d640,ADATA XPG SX6000 1TB SSD M.2-2280 PCIe 3.0 X4 NVMe,ADATA,XPG,1000GB,,5a74f8d9-d400-4acf-8633-f9930ac2d640.json,,1000,M.2-2280,,,,,,,M.2 PCIe 3.0 x4,,,ASX6000NP-1TT-C,True,SSD,SSD
5a7f43e9-94ce-49f0-b826-0c08ed4f7d5c,"KingSpec P3 256GB SSD 2.5"" SATA",KingSpec,P3,256GB,,5a7f43e9-94ce-49f0-b826-0c08ed4f7d5c.json,,256,"2.5""",,,,,,,SATA 6.0 Gb/s,,,P3-256GB,False,SSD,SSD
5a897032-3178-4996-9d92-373291d17644,Lexar NM790 2TB M.2-2280 SSD PCIe 4.0 X4 NVMe,Lexar,NM790,2000GB,,5a897032-3178-4996-9d92-373291d17644.json,,2000,M.2-2280,B0C4ZLXGQ8,,,,9SIA12KKBB8522,5251586145,M.2 PCIe 4.0 x4,,,LNM790X002T-RNNNG | LNM790X002T-RNNNU,True,SSD,SSD
5abb633f-0911-4109-8763-95170544ef08,"Seagate Exos X24 16TB HDD 3.5"" SAS",Seagate,Exos,16000GB,,5abb633f-0911-4109-8763-95170544ef08.json,,16000,"3.5""",B0CRF9M3V5,,,,1WK-0048-00147,5244144319,SAS 12.0 Gb/s,,,ST16000NM007H | 0763649175279,False,HDD,HDD
5abba445-d32f-4859-9955-8ad04f652c68,Corsair MP700 PRO SE 4TB SSD M.2 PCIe 5.0 NVMe,Corsair,MP700,4000GB,,5abba445-d32f-4859-9955-8ad04f652c68.json,,4000,M.2-2280,B0D7J41STC,,,,N82E16820982182,6621619903,M.2 PCIe 5.0 x4,,,CSSD-F4000GBMP700PROS,True,SSD,SSD
5abde694-47dc-4e34-8452-d994e8eb5afa,Western Digital Blue 250GB SSD M.2-2280 SATA,Western Digital,Blue,250GB,,5abde694-47dc-4e34-8452-d994e8eb5afa.json,,250,M.2-2280,B073SBV3XX,,,,,947410236,M.2 SATA,,,WDS250G2B0B,False,SSD,SSD
5ada0463-f150-4e57-9e56-c61a41fcfd85,"Kingston KC600B 512GB SSD 2.5"" SATA 6.0 Gb/s",Kingston,KC600B,512GB,,5ada0463-f150-4e57-9e56-c61a41fcfd85.json,,512,"2.5""",B07ZG4KGHQ,,,,,584333419,SATA 6.0 Gb/s,,,SKC600B | 512G | SKC600B/512G,False,SSD,SSD
5aedf047-01df-498f-95e5-0eb2a6f3179a,"Western Digital Red 3 TB 3.5"" HDD 5400 RPM SATA 6.0 Gb/s Internal",Western Digital,Red,3000GB,,5aedf047-01df-498f-95e5-0eb2a6f3179a.json,,3000,"3.5""",B008JJLW4M,,,,,26779321,SATA 6.0 Gb/s,,,WD30EFRX | WD30EFAX,False,HDD,HDD
5af63e38-7509-4f2f-a4fb-5cb4d7ee984e,TEAMGROUP T-Create Classic 1TB SSD M.2-2280 PCIe 3.0 x4 NVMe,TEAMGROUP,T-Create,1000GB,,5af63e38-7509-4f2f-a4fb-5cb4d7ee984e.json,,1000,M.2-2280,B001PL5J0E,,,,N82E16820331599,846967307,M.2 PCIe 3.0 x4,,,TM8FPE001T0C611 | 765441052758,True,SSD,SSD
5affddfa-ce8e-4221-a106-20fc98590a4d,Samsung 990 EVO Plus 2TB SSD M.2 PCIe 5.0 X2 NVMe,Samsung,990,2000GB,2024,5affddfa-ce8e-4221-a106-20fc98590a4d.json,,2000,M.2-2280,B0DHLCRF91,6601257,29286,https://www.samsung.com/us/computing/memory-storage/solid-state-drives/990-evo-plus-gen5-pcie-nvmetm-ssd-2tb-mz-v9s2t0b-am/,N82E16820147900,,M.2 PCIe 5.0 x2,,2026-03-22T15:20:52.117Z,MZ-V9S2T0B/AM | MZ-V9S2T0BW | MZV9S2T0BAM,True,SSD,
5b034752-4036-4b04-af25-0471b70b57fe,Oyen Digital Dash Pro 4TB SSD M.2 PCIe 4.0 NVMe w/Heat Sink,Oyen Digital,Dash,4000GB,,5b034752-4036-4b04-af25-0471b70b57fe.json,,4000,M.2-2280,B09RYSXQDG,,,,,985248867,M.2 PCIe 4.0 x4,,,PS5-4T-2280,True,SSD,SSD
5b086493-70f2-4993-8eac-9728da84fdc6,"Intel DC P4510 8TB SSD 2.5"" NVMe",Intel,DC,8000GB,,5b086493-70f2-4993-8eac-9728da84fdc6.json,,8000,"2.5""",B0782Q4CV9,,,,,196321574,U.2,,,SSDPE2KX080T801 | INT-SSDPE2KX080T801,False,SSD,SSD
5b0bcb1a-50f5-4f4b-9a6a-132085c85dfc,TEAMGROUP T-FORCE G70 PRO Graphene 2TB SSD M.2 PCIe 4.0 NVMe,TEAMGROUP,T-FORCE,2000GB,,5b0bcb1a-50f5-4f4b-9a6a-132085c85dfc.json,,2000,M.2-2280,B0CSCQHZ4P,,,,N82E16820985135,5388496682,M.2 PCIe 4.0 x4,,,TM8FFH002T0C129,True,SSD,SSD
5b0e1eb1-c837-4639-a1c5-2fb63c479b15,"Western Digital Ultrastar DC HC550 16TB HDD 7200RPM 3.5"" SATA 6.0 Gb/s",Western Digital,Ultrastar,16000GB,,5b0e1eb1-c837-4639-a1c5-2fb63c479b15.json,,16000,"3.5""",B0921PYS45,,,,,548627135,SATA 6.0 Gb/s,,,0F38462,False,HDD,HDD
5b163acc-98a5-436e-9fb5-5a19569cb412,Kingston SSDNow G2 120GB M.2-2280 SSD SATA,Kingston,SSDNow,120GB,,5b163acc-98a5-436e-9fb5-5a19569cb412.json,,120,M.2-2280,,,,,,,M.2 SATA,,,SM2280S3G2 | 120G,False,SSD,SSD
5b225dc0-0871-4aa9-aaee-90e3936089ad,"Western Digital Gold 22 TB HDD 7200RPM 3.5"" SATA 6.0 Gb/s Internal",Western Digital,Gold,22000GB,,5b225dc0-0871-4aa9-aaee-90e3936089ad.json,,22000,"3.5""",B0B5W2ZM58,,,,N82E16822234525,1631402632,SATA 6.0 Gb/s,,,WD221KRYZ,False,HDD,HDD
5b2909fa-ce9e-4f8c-84f8-e68b0a85a60e,"TEAMGROUP T-Force Vulcan Z 4TB SSD 2.5"" SATA 6.0 Gb/s",TEAMGROUP,T-Force,4000GB,,5b2909fa-ce9e-4f8c-84f8-e68b0a85a60e.json,,4000,"2.5""",B0BYSHKSJY,,,,N82E16820985047,2887360884,SATA 6.0 Gb/s,,,T253TY004T0C101,False,SSD,SSD
5b4099e1-aa6d-4f22-a50e-da37b642349d,SanDisk SSD PLUS 1TB M.2-2280 SSD PCIe 3.0 x4 NVMe,SanDisk,SSD,1000GB,,5b4099e1-aa6d-4f22-a50e-da37b642349d.json,,1000,M.2-2280,B0CN3N3591,,,,,5194009508,M.2 PCIe 3.0 x4,,,SDSSDA3N-1T00-G26,True,SSD,SSD
5b51cc9f-f575-45e4-afc0-dea78cfa7910,Apacer AS2280P4U 512GB SSD M.2 2280 PCIe 3.0 NVMe,Apacer,AS2280P4U,512GB,,5b51cc9f-f575-45e4-afc0-dea78cfa7910.json,,512,M.2-2280,,,,,,,M.2 PCIe 3.0 x4,,,AP512GAS2280P4U-1,True,SSD,SSD
5b635842-88a5-4d6d-b710-2c7b156c3be1,Gigabyte AORUS Gen4 7300 1TB SSD M.2-2280 PCIe 4.0 NVMe,Gigabyte,AORUS,1000GB,,5b635842-88a5-4d6d-b710-2c7b156c3be1.json,1024,1000,M.2-2280,B0FPFLDNH7,,,,N82E16820009051,16568823605,M.2 PCIe 4.0 x4,,,AG4731TB N,True,SSD,SSD
5b6db47f-7fbc-49ee-b43d-a3c2c4de4988,KIOXIA EXCERIA 1TB M.2-2280 SSD PCIe 3.0 x4 NVMe,KIOXIA,EXCERIA,1000GB,,5b6db47f-7fbc-49ee-b43d-a3c2c4de4988.json,,1000,M.2-2280,B087CPV6BR,,,,,,M.2 PCIe 3.0 x4,,,LRC10Z001TG8,True,SSD,SSD
5b97f251-5f4b-4c4c-9d01-d067c8ebeacd,"Lexar NS100 256GB SSD 2.5"" SATA",Lexar,NS100,256GB,,5b97f251-5f4b-4c4c-9d01-d067c8ebeacd.json,,256,"2.5""",,,,,,,SATA 6.0 Gb/s,,,LNS100-256RB,False,SSD,SSD
5bad4e0d-7cd2-4d56-826b-5886ffa45098,"Samsung 860 Evo 250GB SSD 2.5"" SATA 6.0 Gb/s",Samsung,860,250GB,,5bad4e0d-7cd2-4d56-826b-5886ffa45098.json,,250,"2.5""",B07864WMK8,,,,9SIAADF7DY7714,434193656,SATA 6.0 Gb/s,,,MZ-76E250B | AM | EU | MZ-76E250B/AM,False,SSD,SSD
5bc489c0-c3fa-4d97-ae0b-9c31cb1b56d5,"ADATA SU635 240GB SSD 2.5"" SATA",ADATA,SU635,240GB,,5bc489c0-c3fa-4d97-ae0b-9c31cb1b56d5.json,,240,"2.5""",,,,,,,SATA 6.0 Gb/s,,,ASU635SS-240GQ-R,False,SSD,SSD
5bcf9f4d-1a2d-4691-8000-e977a8fda23e,TEAMGROUP T-Force GE PRO AirFlow 2TB SSD M.2-2280 PCIe 5.0 x4 NVMe,TEAMGROUP,T-Force,2000GB,,5bcf9f4d-1a2d-4691-8000-e977a8fda23e.json,,2000,M.2-2280,,,,,N82E16820985270,14538311607,M.2 PCIe 5.0 x4,,,TM8FG3002T0C133,True,SSD,SSD
5bd5002b-f2c6-4e9d-bea3-87e03cea9fb5,"Seagate EXOS Enterprise 4TB 3.5"" HDD 7200RPM SATA",Seagate,EXOS,4000GB,,5bd5002b-f2c6-4e9d-bea3-87e03cea9fb5.json,,4000,"3.5""",B01CG0DD1E,,,,9SIADU0K822989,179761183,SATA 6.0 Gb/s,,,ST4000NM0035,False,HDD,HDD
5bdc5a6e-6aff-4c4d-86e9-5d8519195c49,Gigabyte GP-GSM2NE8128GNTD 128GB SSD M.2-2280 PCIe 3.0 X2 NVMe,Gigabyte,GP-GSM2NE8128GNTD,128GB,,5bdc5a6e-6aff-4c4d-86e9-5d8519195c49.json,,128,M.2-2280,,,,,,,M.2 PCIe 3.0 x2,,,GP-GSM2NE8128GNTD,True,SSD,SSD
5be878ec-4e81-4f3f-a539-254cec5f0864,"V7 V7SSD1TBS25U 1 TB SSD 2.5"" SATA 6.0 Gb/s",V7,V7SSD1TBS25U,1000GB,,5be878ec-4e81-4f3f-a539-254cec5f0864.json,,1000,"2.5""",B0B5HCWSL8,,,,0D9-008B-00058,1252557960,SATA 6.0 Gb/s,,,V7SSD1TBS25U,False,SSD,SSD
5bed7f34-c7f3-406e-a58e-e767626a5d60,"Samsung 870 Evo 1TB 2.5"" SSD SATA",Samsung,870,1000GB,,5bed7f34-c7f3-406e-a58e-e767626a5d60.json,,1000,"2.5""",B08PC5DKZQ,6447127,,,N82E16820147793,2891087258,SATA 6.0 Gb/s,,,MZ-77E1T0B | AM | EU | MZ-77E1T0BW | MZ-77E1T0B/AM | MZ-77E1T0B/EU,False,SSD,SSD
5bf2d8d1-f544-4656-84f1-08e6d99eef43,Sabrent Rocket Q 8TB M.2-2280 SSD PCIe 3.0 x4 NVMe,Sabrent,Rocket,8000GB,,5bf2d8d1-f544-4656-84f1-08e6d99eef43.json,,8000,M.2-2280,,,,,,,M.2 PCIe 3.0 x4,,,SB-RKTQ-8TB,True,SSD,SSD
5c002fc0-8fda-49d3-9d4a-6601130a7ada,Crucial T500 W/Heatsink 4TB M.2-2280 SSD PCIe 4.0 x4 NVMe,Crucial,T500,4000GB,,5c002fc0-8fda-49d3-9d4a-6601130a7ada.json,,4000,M.2-2280,B0DBBJSGFQ,,,,N82E16820156409,11689563763,M.2 PCIe 4.0 x4,,,CT4000T500SSD5,True,SSD,SSD
5c0165ea-f3bc-46ca-a000-a1566aafa0f1,Inland Prime 1TB SSD M.2-2280 PCIe 3.0 NVMe,Inland,Prime,1000GB,,5c0165ea-f3bc-46ca-a000-a1566aafa0f1.json,,1000,M.2-2280,,,,,,,M.2 PCIe 3.0 x4,,,618996741953,True,SSD,SSD
5c21e3db-143d-4a91-bae2-28e715d0f329,Lexar Professional NM800PRO w/Heatsink 512GB SSD M.2-2280 PCIe 4.0 NVMe,Lexar,Professional,512GB,,5c21e3db-143d-4a91-bae2-28e715d0f329.json,,512,M.2-2280,,,,,,,M.2 PCIe 4.0 x4,,,LNM800P512G-RN8NG,True,SSD,SSD
5c532441-d857-4f3c-861f-63ff937ef1de,"Samsung 840 Pro 512GB SSD 2.5"" SATA",Samsung,840,512GB,,5c532441-d857-4f3c-861f-63ff937ef1de.json,,512,"2.5""",,,,,,,SATA 6.0 Gb/s,,,MZ-7PD512Z,False,SSD,SSD
5c5693ec-79ce-4fa4-a2b6-0010a3be6081,Samsung 980 Pro 250GB M.2-2280 SSD PCIe 4.0 NVMe,Samsung,980,250GB,,5c5693ec-79ce-4fa4-a2b6-0010a3be6081.json,,250,M.2-2280,,,,,,,M.2 PCIe 4.0 x4,,,MZ-V8P250B | AM | MZ-V8P250BW,True,SSD,SSD
5c62d4a4-2764-4b2b-b97a-606a2135ef84,"Hitachi A7K1000-1000 1TB HDD 3.5"" 7200RPM SATA 3.0 Gb/s",Hitachi,A7K1000-1000,1000GB,,5c62d4a4-2764-4b2b-b97a-606a2135ef84.json,,1000,"3.5""",B0013DU7R4,,,,,49645701,SATA 3.0 Gb/s,,,HUA721010KLA330,False,HDD,HDD
5cb10844-df76-4b43-a62d-d365c1d139e7,"Western Digital Blue 250GB SSD 2.5"" SATA 6.0 Gb/s",Western Digital,Blue,250GB,,5cb10844-df76-4b43-a62d-d365c1d139e7.json,,250,"2.5""",B073SB2MXW,,,,,629653814,SATA 6.0 Gb/s,,,WDS250G2B0A,False,SSD,SSD
5cb17f98-bf51-469b-9cf0-77cc45c3e104,"Seagate EXOS Enterprise 14TB HDD 3.5"" 7200RPM SATA",Seagate,EXOS,14000GB,,5cb17f98-bf51-469b-9cf0-77cc45c3e104.json,,14000,"3.5""",B07T63FDJQ,,,,9SIA4MRJP59864,763370038,SATA 6.0 Gb/s,,,ST14000NM001G,False,HDD,HDD
5ce1c413-8484-4399-b016-fba794a2d2d0,OCZ RD400A 1TB SSD PCIe NVMe,OCZ,RD400A,1000GB,,5ce1c413-8484-4399-b016-fba794a2d2d0.json,,1000,PCIe,,,,,,,M.2 PCIe 3.0 x4,,,RVD400-M22280-1T-A,True,SSD,SSD
5d0805ea-16c3-41ab-8919-31177d9070a0,Western Digital WD_BLACK SN770M 500GB SSD M.2 2230 PCIe 4.0 NVMe,Western Digital,WD_BLACK,500GB,,5d0805ea-16c3-41ab-8919-31177d9070a0.json,,500,M.2-2230,B0CP61ZSST,,,,0D9-001A-003K7,5404557820,M.2 PCIe 4.0 x4,,,WDBDNH5000ABK-WRSN | WDS500G3X0G | WDS500G3X0G-00CHY0,True,SSD,SSD
5d14cc3f-916d-483a-9e5f-bef59bb5fbca,ADATA XPG SPECTRIX S40G RGB 256GB SSD M.2-2280 PCIe 3.0 X4 NVMe,ADATA,XPG,256GB,,5d14cc3f-916d-483a-9e5f-bef59bb5fbca.json,,256,M.2-2280,,,,,,,M.2 PCIe 3.0 x4,,,AS40G-256GT-C,True,SSD,SSD
5d16a96b-6891-4af1-9524-49b97c7d3eb4,"HP S700 250 GB 2.5"" SSD SATA 6.0 Gb/s",HP,S700,250GB,,5d16a96b-6891-4af1-9524-49b97c7d3eb4.json,,250,"2.5""",B073PMJVPK,,,,,971076829,SATA 6.0 Gb/s,,,2DP98AA#ABC,False,SSD,SSD
5d268a3b-9047-432e-8f42-417880e6f5d2,"Seagate ST4000DX001 4TB 3.5"" Hybrid 5900RPM SATA 6.0 Gb/s",Seagate,ST4000DX001,4000GB,,5d268a3b-9047-432e-8f42-417880e6f5d2.json,,4000,"3.5""",,,,,,,SATA 6.0 Gb/s,,,ST4000DX001,False,SSHD,SSHD
5d277e8a-c8a1-4da9-b732-c995034121c4,XPG SX6000 Lite 128GB SSD M.2 PCIe 3.0 NVMe,XPG,SX6000,128GB,,5d277e8a-c8a1-4da9-b732-c995034121c4.json,,128,M.2-2280,,,,,,,M.2 PCIe 3.0 x4,,,ASX6000LNP-128GT-C,True,SSD,SSD
5d67b805-2b54-49c7-b8eb-55007f8f19da,Samsung 960 Evo 1TB SSD M.2 PCIe 3.0 NVMe,Samsung,960,1000GB,,5d67b805-2b54-49c7-b8eb-55007f8f19da.json,,1000,M.2-2280,B01LXS4TY6,,,,9SIAADF99Z1167,,M.2 PCIe 3.0 x4,,,MZ-V6E1T0 | MZ-V6E1T0BW,True,SSD,SSD
5d7b7427-3abb-4060-a56f-ac67e641eeff,TEAMGROUP MP44S 1TB SSD M.2-2230 PCIe 4.0 X4 NVMe,TEAMGROUP,MP44S,1000GB,,5d7b7427-3abb-4060-a56f-ac67e641eeff.json,,1000,M.2-2230,B0C4KVG7R6,,,,N82E16820985040,3089423992,M.2 PCIe 4.0 x4,,,TM5FF3001T0C101,True,SSD,SSD
5db100d3-17d9-4551-8042-140ccd2f4e08,PNY CS3150 2TB M.2-2280 SSD PCIe 5.0 X4 NVMe,PNY,CS3150,2000GB,,5db100d3-17d9-4551-8042-140ccd2f4e08.json,,2000,M.2-2280,,,,,,,M.2 PCIe 5.0 x4,,,M280CS3150HSW-2TB-RB,True,SSD,SSD
5db149a9-b1c0-4641-a712-222599fb66b1,TEAMGROUP T-Force GC PRO 2TB SSD M.2-2280 PCIe 5.0 x4 NVMe,TEAMGROUP,T-Force,2000GB,,5db149a9-b1c0-4641-a712-222599fb66b1.json,,2000,M.2-2280,B0D3LSZVDJ,,,,N82E16820985210,,M.2 PCIe 5.0 x4,,,TM8FFL002T0C129,True,SSD,SSD
5db30a60-82b5-43c2-9075-bdab6567eeb8,Silicon Power UD90 4TB SSD M.2-2280 PCIe 4.0 x4 NVMe,Silicon Power,UD90,4000GB,,5db30a60-82b5-43c2-9075-bdab6567eeb8.json,,4000,M.2-2280,B0BYN8NHXS,,,,0D9-0021-00166,10293314708,M.2 PCIe 4.0 x4,,,SP04KGBP44UD9005 | SU04KGBP44UD9005BH | SU04KGBP44UD9005SN | SP04KGBP44UD9005AY,True,SSD,SSD
5dbb82af-b940-43e2-b061-f186cf312cd7,Timetec 35TTQNM2SATA 2TB SSD M.2-2280 SATA,Timetec,35TTQNM2SATA,2000GB,,5dbb82af-b940-43e2-b061-f186cf312cd7.json,,2000,M.2-2280,,,,,0D9-00ES-00029,,M.2 SATA,,,35TTQNM2SATA-2TB,False,SSD,SSD
5dbd1329-9d43-4edb-895b-d732cea98a1a,"Seagate Barracuda Compute 3TB 3.5"" HDD 5400RPM SATA",Seagate,Barracuda,3000GB,,5dbd1329-9d43-4edb-895b-d732cea98a1a.json,,3000,"3.5""",B075YPRCWC,,,,1Z4-002P-008Y2,299058219,SATA 6.0 Gb/s,,,ST3000DM007,False,HDD,HDD
5dd8a292-9395-4ee2-af43-b2ab0b6a9ae4,"Seagate SkyHawk AI 10TB HDD 3.5"" 7200RPM SATA",Seagate,SkyHawk,10000GB,,5dd8a292-9395-4ee2-af43-b2ab0b6a9ae4.json,,10000,"3.5""",B09BDCHRVM,,,,N82E16822184977,521336853,SATA 6.0 Gb/s,,,ST10000VE001 | ST10000VEZ01/001,False,HDD,HDD
5dd9b6f3-1aec-440d-99c4-0e25f85b8d8c,"Toshiba MG07ACA12TE 12TB HDD 7200RPM 3.5"" SATA 6.0 Gb/s",Toshiba,MG07ACA12TE,12000GB,,5dd9b6f3-1aec-440d-99c4-0e25f85b8d8c.json,,12000,"3.5""",B07DNVC4S6,,,,,,SATA 6.0 Gb/s,,,MG07ACA12TE | 201745,False,HDD,HDD
5ddff6cd-7395-4abc-9d08-dd4c9b1faf76,Biwin M350 2TB SSD M.2-2280 PCIe 4.0 X4 NVMe,Biwin,M350,2000GB,,5ddff6cd-7395-4abc-9d08-dd4c9b1faf76.json,,2000,M.2-2280,,,,,,,M.2 PCIe 4.0 x4,,,BM350NN02TB-RGX,True,SSD,SSD
5debfb10-0699-420b-b32b-93e554191b84,Transcend 830S 512GB M.2 SSD SATA,Transcend,830S,512GB,,5debfb10-0699-420b-b32b-93e554191b84.json,,512,M.2-2280,B07KG2985M,,,,,346756898,M.2 SATA,,,TS512GMTS830S,False,SSD,SSD
5df93e6f-46a8-48d9-b796-f3521af75c1a,Samsung 9100 PRO 2TB SSD M.2 PCIe 5.0 NVMe,Samsung,9100,2000GB,,5df93e6f-46a8-48d9-b796-f3521af75c1a.json,,2000,M.2-2280,B0DX2DPJZ5,6618928,,,N82E16820147903,15647509875,M.2 PCIe 5.0 x4,,,MZ-VAP2T0B | AM | MZ-VAP2T0BW | MZ-VAP2T0B/AM | MZVAP2T0BAM,True,SSD,
5e37427d-2820-4cff-96b8-b28bf5b76476,"OCZ Vertex 450 512GB SSD 2.5"" SATA 6.0 Gb/s",OCZ,Vertex,512GB,,5e37427d-2820-4cff-96b8-b28bf5b76476.json,,512,"2.5""",,,,,,,SATA 6.0 Gb/s,,,VTX450-25SAT3-512G,False,SSD,SSD
5e59dbd0-2b28-49d8-a98b-0bd8e1001622,Titanium Micro TH3500 500GB SSD M.2 PCIe 3.0 NVMe,Titanium Micro,TH3500,500GB,,5e59dbd0-2b28-49d8-a98b-0bd8e1001622.json,,500,M.2-2280,B094RGVQF8,,,,,769250887,M.2 PCIe 3.0 x4,,,TMNM2T-TH3500-500GB | Titanium Micro,True,SSD,SSD
5e5b3e73-e668-46dd-af74-4261a09c7feb,"Samsung 860 QVO 2TB 2.5"" SSD SATA",Samsung,860,2000GB,,5e5b3e73-e668-46dd-af74-4261a09c7feb.json,,2000,"2.5""",B07L31K2MK,6317303,,,9SIAADF9WC2854,357014527,SATA 6.0 Gb/s,,,MZ-76Q2T0B | AM | MZ-76Q2T0BW | MZ-76Q2T0B/AM,False,SSD,SSD
5e7ebd08-fe45-4bb0-8606-b843ca3888b0,"Maxtor 7Y250M0 250GB Internal HDD 7200RPM 3.5"" SATA 1.5 Gb/s",Maxtor,7Y250M0,250GB,,5e7ebd08-fe45-4bb0-8606-b843ca3888b0.json,,250,"3.5""",,,,,,,SATA 1.5 Gb/s,,,7Y250M0,False,HDD,HDD
5e7fc6a1-855b-4104-9065-7be5997c83fe,Lexar NM610PRO 2TB SSD M.2 PCIe 3.0 NVMe,Lexar,NM610PRO,2000GB,,5e7fc6a1-855b-4104-9065-7be5997c83fe.json,,2000,M.2-2280,,,,,,,M.2 PCIe 3.0 x4,,,LNM610P002T-RNNNG,True,SSD,SSD
5e908f1f-b928-4cbd-9f76-cb469faf6589,Orico O7000 4TB M.2-2280 SSD PCIe 4.0 X4 NVMe,Orico,O7000,4000GB,,5e908f1f-b928-4cbd-9f76-cb469faf6589.json,,4000,M.2-2280,,,,,,,M.2 PCIe 4.0 x4,,,O7000-4TB,True,SSD,SSD
5ec4bb83-5cb0-433f-9801-90c0d29847e4,"Crucial M4 128GB SSD 2.5"" SATA 6.0 Gb/s",Crucial,M4,128GB,,5ec4bb83-5cb0-433f-9801-90c0d29847e4.json,,128,"2.5""",,,,,,,SATA 6.0 Gb/s,,,CT128M4SSD2,False,SSD,SSD
5f05e136-61d0-46df-87cc-b669fc52d2e8,"Seagate Exos X16 10TB HDD 7200RPM 3.5"" SATA",Seagate,Exos,10000GB,,5f05e136-61d0-46df-87cc-b669fc52d2e8.json,,10000,"3.5""",,,,,,,SATA 6.0 Gb/s,,,ST10000NM001G,False,HDD,HDD
5f099a7e-7e3b-4e36-959c-4209d0485975,KIOXIA EXCERIA PLUS G3 1TB SSD M.2-2280 PCIe 4.0 X4 NVME,KIOXIA,EXCERIA,1000GB,,5f099a7e-7e3b-4e36-959c-4209d0485975.json,,1000,M.2-2280,B09VPGR4GT,,,,,,M.2 PCIe 4.0 x4,,,LSD10Z001TG8 | KBG40ZNS1T02,True,SSD,SSD
5f0f7f5a-26fc-4cdb-936d-4fe8d67d26fe,Corsair MP400 1TB SSD M.2-2280 PCIe 3.0 X4 NVMe,Corsair,MP400,1000GB,,5f0f7f5a-26fc-4cdb-936d-4fe8d67d26fe.json,,1000,M.2-2280,,,,,,,M.2 PCIe 3.0 x4,,,CSSD-F1000GBMP400,True,SSD,SSD
5f20fef5-4dee-423f-83f1-b5faa7a785e1,"Kingston A400 480GB SSD 2.5"" SATA",Kingston,A400,480GB,,5f20fef5-4dee-423f-83f1-b5faa7a785e1.json,,480,"2.5""",B075BKXSCQ,5715501,,,N82E16820242834,735683349,SATA 6.0 Gb/s,,,SA400S37 | 480G | SA400S37/480G,False,SSD,SSD
5f21620a-ddd2-4259-8f6d-eea901fed17a,"Kingston Q500 1.92 TB SSD 2.5"" SATA",Kingston,Q500,1000GB,,5f21620a-ddd2-4259-8f6d-eea901fed17a.json,,1000,"2.5""",B08HRB31QC,,,,,691816335,SATA 6.0 Gb/s,,,SQ500S37 | 1920G | SQ500S37/1920G,False,SSD,SSD
5f32b0bb-56cd-47d8-8fd7-5d0e1a397ba5,"Western Digital Red Plus 2TB 3.5"" HDD 5400RPM SATA",Western Digital,Red,2000GB,,5f32b0bb-56cd-47d8-8fd7-5d0e1a397ba5.json,,2000,"3.5""",B0C4X31Q9F,,,,N82E16822234546,1810601980,SATA 6.0 Gb/s,,,WD20EFPX | WD20EFPX-SPC4TN0,False,HDD,HDD
5f4a73b1-1397-4d18-a08b-0a9032cdef9c,"Western Digital Red 4TB Internal HDD 5400 RPM 3.5"" SATA 6.0 Gb/s",Western Digital,Red,4000GB,,5f4a73b1-1397-4d18-a08b-0a9032cdef9c.json,,4000,"3.5""",,,,,,,SATA 6.0 Gb/s,,,WDBMMA0040HNC-NRSN,False,HDD,HDD
5f51f19f-3c54-4f3b-8847-c0c5d11f1f91,Silicon Power UD90 1TB SSD M.2-2280 PCIe 4.0 X4 NVMe,Silicon Power,UD90,1000GB,,5f51f19f-3c54-4f3b-8847-c0c5d11f1f91.json,,1000,M.2-2280,B0B217LZBG,,,,0D9-0021-00135,1130294968,M.2 PCIe 4.0 x4,,,SP01KGBP44UD9005 | SU01KGBP44UD9005SN | SU01KGBP44UD9005BH,True,SSD,SSD
5f546141-3d31-4947-85c4-f621816c3f58,"Samsung Spinpoint F1 RAID 500GB HDD 7200RPM 3.5"" SATA",Samsung,Spinpoint,500GB,,5f546141-3d31-4947-85c4-f621816c3f58.json,,500,"3.5""",,,,,,,SATA 3.0 Gb/s,,,HE502IJ,False,HDD,HDD
5fac7f77-0773-4474-9704-ec724cd081c4,"Western Digital AV-GP 1.5TB HDD 5400RPM 3.5"" SATA",Western Digital,AV-GP,1000GB,,5fac7f77-0773-4474-9704-ec724cd081c4.json,,1000,"3.5""",B002T3TLR4,,,,,551726138,SATA 3.0 Gb/s,,,WD15EVDS,False,HDD,HDD
5fbffb80-5c1f-4525-8bb8-ee2b81749ed2,"Silicon Power Slim S55 240GB SSD 2.5"" SATA",Silicon Power,Slim,240GB,,5fbffb80-5c1f-4525-8bb8-ee2b81749ed2.json,,240,"2.5""",,,,,,,SATA 6.0 Gb/s,,,SP240GBSS3S55S25,False,SSD,SSD
5fc5650c-c021-4e55-9001-7ef9af78032b,"Kingston A400 1.92TB SSD 2.5"" SATA",Kingston,A400,1000GB,,5fc5650c-c021-4e55-9001-7ef9af78032b.json,,1000,"2.5""",B07YQJSGWY,,,,9SIBKT3JVT2305,512311658,SATA 6.0 Gb/s,,,SA400S37 | 1920G | SA400S37/1920G,False,SSD,SSD
5fd2b694-83f4-4ef3-acf4-bc2282344470,"Western Digital Purple 6TB 3.5"" HDD 5400RPM SATA",Western Digital,Purple,6000GB,,5fd2b694-83f4-4ef3-acf4-bc2282344470.json,,6000,"3.5""",B071V6SVK2,,,,,,SATA 6.0 Gb/s,,,WD60PURZ,False,HDD,HDD
5fe1bbf3-2f2b-4b38-9b4e-334cdc94ffc6,"SanDisk X400 256GB SSD 2.5"" SATA",SanDisk,X400,256GB,,5fe1bbf3-2f2b-4b38-9b4e-334cdc94ffc6.json,,256,"2.5""",,,,,,,SATA 6.0 Gb/s,,,SD8SB8U-256G-1122,False,SSD,SSD
5fe1d80c-ab01-4081-8b31-0690dfc01fb8,"ADATA Ultimate SU650 240GB SSD 2.5"" SATA 6.0 Gb/s",ADATA,Ultimate,240GB,,5fe1d80c-ab01-4081-8b31-0690dfc01fb8.json,,240,"2.5""",,,,,,,SATA 6.0 Gb/s,,,ASU650SS-240GT-R,False,SSD,SSD
5ffc3129-9137-4075-be22-580429010c91,Corsair MP600 Force Series Gen4 2TB SSD M.2-2280 PCIe 3.0 X4 NVMe,Corsair,MP600,2000GB,,5ffc3129-9137-4075-be22-580429010c91.json,,2000,M.2-2280,B09P4MQVF7,,,,,856065224,M.2 PCIe 3.0 x4,,,CSSD-F2000GBMP600 | CSSD-F2000GBMP600R2,True,SSD,SSD
600f5cc3-e0c4-4382-8c7d-b4af5f691b7a,"Western Digital Caviar Blue 1TB 3.5"" HDD 7200RPM SATA 6.0 Gb/s",Western Digital,,1000GB,,600f5cc3-e0c4-4382-8c7d-b4af5f691b7a.json,,1000,"3.5""",B00DQ4D7AW,9312067,,https://www.westerndigital.com/products/internal-drives/wd-blue-desktop-sata-hdd?sku=WD10EZEX,N82E16822236339,26819547,SATA 6.0 Gb/s,,,WD10EZEX | WD10EZEX-60WN4A0,False,HDD,
601146fa-f571-4f38-b81d-26fbc8f81c1f,KIOXIA EXCERIA 250GB SSD M.2-2280 PCIe 3.0 X4 NVMe,KIOXIA,EXCERIA,250GB,,601146fa-f571-4f38-b81d-26fbc8f81c1f.json,,250,M.2-2280,,,,,,,M.2 PCIe 3.0 x4,,,LRC10Z250GG8,True,SSD,SSD
604e0109-d4a8-4752-ba69-2cfb0d571458,"Inland Enterprise 1.92 TB SSD 2.5"" SATA 6.0 Gb/s",Inland,Enterprise,1000GB,,604e0109-d4a8-4752-ba69-2cfb0d571458.json,,1000,"2.5""",,,,,,,SATA 6.0 Gb/s,,,1920GB ETPR SSD,False,SSD,SSD
60a263cb-53a8-4b9d-acbe-89cb5960858c,KIOXIA EXCERIA PLUS G2 1TB SSD M.2-2280 PCIe 3.0 X4 NVMe,KIOXIA,EXCERIA,1000GB,,60a263cb-53a8-4b9d-acbe-89cb5960858c.json,,1000,M.2-2280,,,,,,,M.2 PCIe 3.0 x4,,,LRD20Z001TG8,True,SSD,SSD
60b80c61-defc-4d18-b874-0ba8f44e2ae0,"Samsung 840 Evo 250 GB SSD 2.5"" SATA 6.0 Gb/s",Samsung,840,250GB,,60b80c61-defc-4d18-b874-0ba8f44e2ae0.json,,250,"2.5""",,,,,,,SATA 6.0 Gb/s,,,MZ-7TE250LW,False,SSD,SSD
60c28f45-a522-49de-80e8-5c4f98e68d6b,Mushkin Vortex Redline 1TB SSD M.2 PCIe 4.0 NVMe,Mushkin,Vortex,1000GB,,60c28f45-a522-49de-80e8-5c4f98e68d6b.json,,1000,M.2-2280,B09T5SPLRR,,,,N82E16820226974,1467867678,M.2 PCIe 4.0 x4,,,MKNSSDVT1TB-D8,True,SSD,SSD
60c72743-d8a3-49ce-a158-8ae931771ab2,Kingston KC2500 2TB SSD M.2-2280 PCIe 3.0 X4 NVMe,Kingston,KC2500,2000GB,,60c72743-d8a3-49ce-a158-8ae931771ab2.json,,2000,M.2-2280,,,,,,,M.2 PCIe 3.0 x4,,,SKC2500M8 | 2000G,True,SSD,SSD
60c92747-cd9c-416c-bb6a-0138c4a5343f,"TEAMGROUP AX2 512GB SSD 2.5"" SATA",TEAMGROUP,AX2,512GB,,60c92747-cd9c-416c-bb6a-0138c4a5343f.json,,512,"2.5""",B08CK7T9FG,,,,,1657444918,SATA 6.0 Gb/s,,,T253A3512G0C101 | AX2,False,SSD,SSD
60d34b12-1876-42e2-a89a-aeede78e5a86,Silicon Power P34A60 256GB SSD M.2-2280 PCIe 3.0 X4 NVMe,Silicon Power,P34A60,256GB,,60d34b12-1876-42e2-a89a-aeede78e5a86.json,,256,M.2-2280,B0812XJY1G,,,,N82E16820301426,382433912,M.2 PCIe 3.0 x4,,,SP256GBP34A60M28 | 4713436129639,True,SSD,SSD
60e23ce4-34e2-494e-9ee0-57e164c02ce4,Intel 660p 512GB SSD M.2-2280 PCIe 3.0 x4 NVMe,Intel,660p,512GB,,60e23ce4-34e2-494e-9ee0-57e164c02ce4.json,,512,M.2-2280,B07GBJ6G9C,,,,,870069037,M.2 PCIe 3.0 x4,,,SSDPEKNW512G801,True,SSD,SSD
60f6a53b-d525-495f-a556-1a96fc188ba4,"Inland Professional 480GB SSD 2.5"" SATA",Inland,Professional,480GB,,60f6a53b-d525-495f-a556-1a96fc188ba4.json,,480,"2.5""",,,,,,,SATA 6.0 Gb/s,,,480 GB SSD,False,SSD,SSD
60fd29fd-c259-499f-995d-12bf740feba8,Silicon Power A80 1TB SSD M.2-2280 NVMe PCIe 3.0,Silicon Power,A80,1000GB,,60fd29fd-c259-499f-995d-12bf740feba8.json,,1000,M.2-2280,,,,,,,M.2 PCIe 3.0 x4,,,SP001TBP34A80M28,True,SSD,SSD
610e1ca7-fede-43fa-9e6e-168870e1426c,"TEAMGROUP L5 LITE 3D 240GB SSD 2.5"" SATA 6.0 Gb/s",TEAMGROUP,L5,240GB,,610e1ca7-fede-43fa-9e6e-168870e1426c.json,,240,"2.5""",,,,,,,SATA 6.0 Gb/s,,,T253TD240G3C101,False,SSD,SSD
610eef8c-3ce0-4949-ae01-7f19bd0204ab,"Hitachi A7K2000 1TB 3.5"" HDD 7200RPM SATA",Hitachi,A7K2000,1000GB,,610eef8c-3ce0-4949-ae01-7f19bd0204ab.json,,1000,"3.5""",B003BJSQ4Y,,,,,35185408,SATA 3.0 Gb/s,,,0A39289 | HUA722010CLA330,False,HDD,HDD
614d19f2-2e33-4da4-a1ed-ede5f8a85445,Lexar NM790 w/Heatsink 4TB SSD M.2 2280 PCIe 4.0 NVMe,Lexar,NM790,4000GB,,614d19f2-2e33-4da4-a1ed-ede5f8a85445.json,,4000,M.2-2280,B0CGKY9K2Y,,,,,,M.2 PCIe 4.0 x4,,,LNM790X004T-RN9NU | LNM790X004T-RN9NG,True,SSD,SSD
61782454-3d51-4775-92be-3c2742184fec,"Leven JS600 256GB 2.5"" SSD SATA 6.0 Gb/s",Leven,JS600,256GB,,61782454-3d51-4775-92be-3c2742184fec.json,,256,"2.5""",,,,,,,SATA 6.0 Gb/s,,,JS600SSD256GB,False,SSD,SSD
6190b037-0b53-422e-a2b3-26bca1b15fce,Acer Predator GM7 1TB M.2 SSD PCIe 4.0 NVMe,Acer,Predator,1000GB,,6190b037-0b53-422e-a2b3-26bca1b15fce.json,,1000,M.2-2280,,,,,,,M.2 PCIe 4.0 x4,,,BL.9BWWR.118,True,SSD,SSD
619430f1-6eca-456e-9fe2-9a561c27f445,MSI SPATIUM M371 1TB SSD M.2-2280 PCIe 3.0 NVMe,MSI,SPATIUM,1000GB,,619430f1-6eca-456e-9fe2-9a561c27f445.json,,1000,M.2-2280,B0BRQTMX1N,,,,N82E16820140036,2193298322,M.2 PCIe 3.0 x4,,,SPATIUM-M371-1TB | SM371N1TB | S78-440L870-P83,True,SSD,SSD
61b22014-e9e9-4c25-8a0a-ddd1d8a5b932,Kingston A2000 500GB M.2-2280 SSD PCIe 3.0 X4 NVMe,Kingston,A2000,500GB,,61b22014-e9e9-4c25-8a0a-ddd1d8a5b932.json,,500,M.2-2280,B07VXCFNVS,,,,9SIBKYEK6R5609,480544885,M.2 PCIe 3.0 x4,,,SA2000M8 | 500G | SA2000M8/500G,True,SSD,SSD
61c8601a-ab20-4efe-9202-5f8ed951ff00,Kingston NV2 2TB SSD M.2 PCIe 4.0 NVMe,Kingston,NV2,2000GB,,61c8601a-ab20-4efe-9202-5f8ed951ff00.json,,2000,M.2-2280,B0BDTC589G,,,,N82E16820242841,1801136038,M.2 PCIe 4.0 x4,,,SNV2S | 2000G | SNV2S/2000G,True,SSD,SSD
61d7b397-d109-41bb-9076-8ca582bf5484,Transcend 250S 4TB SSD M.2 PCIe 4.0 NVMe,Transcend,250S,4000GB,,61d7b397-d109-41bb-9076-8ca582bf5484.json,,4000,M.2-2280,B0BVKYHZ9J,,,,,,M.2 PCIe 4.0 x4,,,TS4TMTE250S,True,SSD,SSD
61dadbd6-c415-49e1-9ff6-f24c4e5f19d6,"PNY CS900 250 GB SSD 2.5"" SATA 6.0 Gb/s",PNY,CS900,250GB,,61dadbd6-c415-49e1-9ff6-f24c4e5f19d6.json,,250,"2.5""",B07XZLW68F,6384059,,,0D9-002E-000F1,792423730,SATA 6.0 Gb/s,,,SSD7CS900-250-RB | SSD7CS900250RB,False,SSD,SSD
61de0e23-1870-45c4-9631-78e832c36a59,Intel DC P4511 1TB M.2-22110 SSD PCIe 3.0 x4 NVMe,Intel,DC,1000GB,,61de0e23-1870-45c4-9631-78e832c36a59.json,,1000,M.2-22110,B07GFRRVRQ,,,,9SIAJZYJVR2389,771007824,M.2 PCIe 3.0 x4,,,SSDPELKX010T801,True,SSD,SSD
61e16fc5-4ecb-4381-8261-4f6eadf6eef8,Seagate Barracuda Compute 256GB SSD M.2 PCIe 3.0 NVMe,Seagate,Barracuda,256GB,,61e16fc5-4ecb-4381-8261-4f6eadf6eef8.json,,256,M.2-2280,,,,,,,M.2 PCIe 3.0 x4,,,ZP256CM30041,True,SSD,SSD
61e33ab5-4961-4180-8906-b4d49bcf71a9,"Crucial BX300 120GB SSD 2.5"" SATA",Crucial,BX300,120GB,,61e33ab5-4961-4180-8906-b4d49bcf71a9.json,,120,"2.5""",,,,,,,SATA 6.0 Gb/s,,,CT120BX300SSD1,False,SSD,SSD
6203c46d-d039-4210-b3eb-56d2219f8af0,"Samsung 830 256GB SSD 2.5"" SATA",Samsung,830,256GB,,6203c46d-d039-4210-b3eb-56d2219f8af0.json,,256,"2.5""",,,,,,,SATA 6.0 Gb/s,,,MZ-7PC256D | AM,False,SSD,SSD
620d620d-8221-4828-9f6e-713e58f365ec,"Samsung 840 120GB SSD 2.5"" SATA",Samsung,840,120GB,,620d620d-8221-4828-9f6e-713e58f365ec.json,,120,"2.5""",,,,,,,SATA 6.0 Gb/s,,,MZ-7TD120KW,False,SSD,SSD
62202c8e-6a85-4ba5-947c-6f2bccf3da3e,Crucial T500 500GB M.2 SSD PCIe 4.0 NVMe,Crucial,T500,500GB,,62202c8e-6a85-4ba5-947c-6f2bccf3da3e.json,,500,M.2-2280,B0CK2R8YLY,,,,N82E16820156387,5099901052,M.2 PCIe 4.0 x4,,,CT500T500SSD8,True,SSD,SSD
623f4f41-a08d-4c3e-bb7a-d57df0958009,"Western Digital WD1001FALS 500GB HDD 3.5"" 7200RPM SATA",Western Digital,WD1001FALS,500GB,,623f4f41-a08d-4c3e-bb7a-d57df0958009.json,,500,"3.5""",,,,,,,SATA 3.0 Gb/s,,,WD5001AALS,False,HDD,HDD
624e7c8f-5b73-4325-b658-575dc0d552d4,Integral ADVANTAGE PRO-1 1TB SSD M.2 PCIe 4.0 NVMe w/ Heatsink,Integral,ADVANTAGE,1000GB,,624e7c8f-5b73-4325-b658-575dc0d552d4.json,,1000,M.2-2280,B0C66229S4,,,,,,M.2 PCIe 4.0 x4,,,INSSD1TM2280G4AP1XHS,True,SSD,SSD
624e91b6-8711-4664-9d44-72486910044f,"Hitachi Deskstar NAS 5TB HDD 3.5"" 7200RPM SATA",Hitachi,Deskstar,5000GB,,624e91b6-8711-4664-9d44-72486910044f.json,,5000,"3.5""",,,,,,,SATA 6.0 Gb/s,,,0S03835,False,HDD,HDD
62558c95-afbb-4fc0-9970-00932cb4bcc3,MSI SPATIUM M580 FROZR 2TB M.2 SSD PCIe 5.0 NVMe,MSI,SPATIUM,2000GB,,62558c95-afbb-4fc0-9970-00932cb4bcc3.json,,2000,M.2-2280,B0D546CC69,,,,N82E16820140056,9544520034,M.2 PCIe 5.0 x4,,,SM580PN2TBF | SPATIUM M580 PCIe 5.0 NVMe M.2 2TB FROZR,True,SSD,SSD
627640cb-6ceb-4e18-9b38-802ec2122a50,"Western Digital Blue 3TB 3.5"" HDD 5400RPM SATA",Western Digital,Blue,3000GB,,627640cb-6ceb-4e18-9b38-802ec2122a50.json,,3000,"3.5""",B00D8X0JTI,,,,,,SATA 3.0 Gb/s,,,WDBH2D0030HNC-NRSN,False,HDD,HDD
62977b26-c45b-489d-87e3-4211a2157034,Crucial P3 1TB SSD M.2 PCIe 3.0 NVMe,Crucial,P3,1000GB,,62977b26-c45b-489d-87e3-4211a2157034.json,,1000,M.2-2280,B0B25LZGGW,6509712,,,N82E16820156296,1469374884,M.2 PCIe 3.0 x4,,,CT1000P3SSD8,True,SSD,SSD
62a06778-0659-4310-b259-21c74d7fec61,Intel SSDMCEAW120A401 120GB SSD mSATA mSATA,Intel,SSDMCEAW120A401,120GB,,62a06778-0659-4310-b259-21c74d7fec61.json,,120,mSATA,B00G9JN3NC,,,,,,mSATA,,,SSDMCEAW120A401,False,SSD,SSD
62ab4f61-5bb5-43fe-ab0e-a1be469c6e6f,"ADATA Premier Pro SP600 128GB SSD 2.5"" SATA",ADATA,Premier,128GB,,62ab4f61-5bb5-43fe-ab0e-a1be469c6e6f.json,,128,"2.5""",,,,,,,SATA 6.0 Gb/s,,,ASP600S3-128GM-C,False,SSD,SSD
62bcba05-ee9d-44ca-9fb8-dab8b00c4dac,Kingston NV3 4TB SSD M.2 NVMe PCIe 4.0,Kingston,NV3,4000GB,2024,62bcba05-ee9d-44ca-9fb8-dab8b00c4dac.json,64,4000,M.2-2280,B0DJ1QC42R,,31703,https://www.kingston.com/en/ssd/nv3-nvme-pcie-ssd?partnum=snv3s%2F4000g,0D9-001B-005B8,13067462784,M.2 PCIe 4.0 x4,,2026-03-22T14:21:45.985Z,SNV3S/4000G | SNV3S4000G,True,SSD,
62c53220-a42c-414b-87fe-2f4ee11a1ae7,"Samsung 870 Evo 250GB 2.5"" SSD SATA",Samsung,870,250GB,,62c53220-a42c-414b-87fe-2f4ee11a1ae7.json,,250,"2.5""",B08PC3PGZM,6447129,,,N82E16820147791,525196722,SATA 6.0 Gb/s,,,MZ-77E250B | AM | EU | MZ-77E250BW | MZ-77E250B/AM | MZ-77E250B/EU | MZ77E250BAM,False,SSD,SSD
62db6560-06bf-4c3a-b896-4c4c30d4df9c,Gigabyte AORUS Gen4 7300 2TB M.2-2280 SSD PCIe 4.0 X4 NVMe,Gigabyte,AORUS,2000GB,,62db6560-06bf-4c3a-b896-4c4c30d4df9c.json,2048,2000,M.2-2280,B0FPFKLG83,,,,N82E16820009052,19127010263,M.2 PCIe 4.0 x4,,,AG4732TB N | SSD AG4732TB N M2 2TB,True,SSD,SSD
62f6d548-2bef-40ab-b22b-907c3b2022ca,TEAMGROUP T-FORCE Z44A5 1TB SSD M.2-2280 PCIe 4.0 X4 NVME,TEAMGROUP,T-FORCE,1000GB,,62f6d548-2bef-40ab-b22b-907c3b2022ca.json,,1000,M.2-2280,,,,,,,M.2 PCIe 4.0 x4,,,TM8FPP001T0C129,True,SSD,SSD
62fe856f-6e0f-46de-a573-77f8ffd613cc,"Intel 320 40 GB 2.5"" SSD SATA 3.0 Gb/s",Intel,320,40GB,,62fe856f-6e0f-46de-a573-77f8ffd613cc.json,,40,"2.5""",B005B0Z4R8,,,,,,SATA 3.0 Gb/s,,,SSDSA2BT040G301,False,SSD,SSD
63229545-a342-4b45-a3fe-f365a2d7a10b,"Seagate ST2000DM002 2TB HDD 3.5"" 7200RPM SATA 6.0 Gb/s",Seagate,ST2000DM002,2000GB,,63229545-a342-4b45-a3fe-f365a2d7a10b.json,,2000,"3.5""",,,,,,,SATA 6.0 Gb/s,,,ST2000DM002,False,HDD,HDD
633359cf-633d-4eff-abce-d00048cd464c,"Corsair Force LE 960GB SSD 2.5"" SATA 6.0 Gb/s",Corsair,Force,960GB,,633359cf-633d-4eff-abce-d00048cd464c.json,,960,"2.5""",,,,,,,SATA 6.0 Gb/s,,,CSSD-F960GBLEB,False,SSD,SSD
6361ec72-953a-4a1c-9a98-9c5959e654ea,ADATA ATOM 30 1TB M.2-2280 SSD PCIe 3.0 x4 NVMe,ADATA,ATOM,1000GB,,6361ec72-953a-4a1c-9a98-9c5959e654ea.json,,1000,M.2-2280,,,,,,,M.2 PCIe 3.0 x4,,,AATO-30-1TCI,True,SSD,SSD
6368bd8e-cc71-4dac-8f2b-d62cff646fc6,"Seagate ST1000DX001 1TB Hybrid 3.5"" 7200RPM SATA",Seagate,ST1000DX001,1000GB,,6368bd8e-cc71-4dac-8f2b-d62cff646fc6.json,,1000,"3.5""",B00EIQTOFY,,,,,34995188,SATA 6.0 Gb/s,,,ST1000DX001,False,SSHD,SSHD
636bf985-28f0-4af2-aa1f-fdef7cae1360,"Lexar NS100 240GB SSD 2.5"" SATA",Lexar,NS100,240GB,,636bf985-28f0-4af2-aa1f-fdef7cae1360.json,,240,"2.5""",,,,,,,SATA 6.0 Gb/s,,,LNS100-240RBNA,False,SSD,SSD
636fa403-130b-4579-96a0-821fe5297f95,Sabrent Rocket Q 1TB SSD M.2-2280 PCIe 3.0 x4 NVMe,Sabrent,Rocket,1000GB,,636fa403-130b-4579-96a0-821fe5297f95.json,,1000,M.2-2280,,,,,,,M.2 PCIe 3.0 x4,,,SB-RKTQ-1TB,True,SSD,SSD
6379caaf-4c00-4040-8d62-016e32efcead,AGI AI838 1TB M.2-2280 SSD PCIe 4.0 x4 NVMe,AGI,AI838,1000GB,,6379caaf-4c00-4040-8d62-016e32efcead.json,,1000,M.2-2280,,,,,,,M.2 PCIe 4.0 x4,,,AGI1T0G44AI838,True,SSD,SSD
637d1123-424e-4e67-bc68-4b1f62654554,"Seagate FireCuda 1 TB Hybrid 3.5"" 7200 RPM SATA 6.0 Gb/s",Seagate,FireCuda,1000GB,,637d1123-424e-4e67-bc68-4b1f62654554.json,,1000,"3.5""",,,,,,,SATA 6.0 Gb/s,,,ST1000DX002,False,SSHD,SSHD
639ea7ab-1e4d-4b3b-a21a-6bae85b7f808,"Acer SA100 1.92 TB SSD 2.5"" SATA 6.0 Gb/s",Acer,SA100,1000GB,,639ea7ab-1e4d-4b3b-a21a-6bae85b7f808.json,,1000,"2.5""",,,,,,,SATA 6.0 Gb/s,,,BL.9BWWA.105,False,SSD,SSD
63abe401-f402-448b-a559-f7939e30cd96,Silicon Power A55 128GB-4TB SATA III 6Gb/s 2.5-inch Internal Solid State Drive,Silicon Power,A55,,0,63abe401-f402-448b-a559-f7939e30cd96.json,,128,"2.5""",B075R4VXTN,,,,,2191252670,SATA 6.0 Gb/s,,,SU128GBSS3A55S25AH | SP128GBSS3A55S25,False,SSD,SSD
63d1578e-191a-4ecc-9eb0-c66ac23cd4ca,"Kingston SSDNow V+100 512GB SSD 2.5"" SATA 3.0 Gb/s",Kingston,SSDNow,512GB,,63d1578e-191a-4ecc-9eb0-c66ac23cd4ca.json,,512,"2.5""",,,,,,,SATA 3.0 Gb/s,,,SVP100S2 | 512G,False,SSD,SSD
6421fe5d-7de8-4949-9c1e-98be7ea5f35f,PNY CS1030 1TB SSD M.2 PCIe 3.0 NVMe,PNY,CS1030,1000GB,,6421fe5d-7de8-4949-9c1e-98be7ea5f35f.json,,1000,M.2-2280,B08M49JGKB,6463136,,,9SIAD7HJZ18284,625652701,M.2 PCIe 3.0 x4,,,M280CS1030-1TB-RB,True,SSD,SSD
6430ba94-2329-4dcd-8536-91ee0413a451,"Seagate Surveillance 8TB HDD 7200RPM 3.5"" SATA Internal",Seagate,Surveillance,8000GB,,6430ba94-2329-4dcd-8536-91ee0413a451.json,,8000,"3.5""",B017B3YXP6,,,,,114400814,SATA 6.0 Gb/s,,,ST8000VX0002,False,HDD,HDD
64463013-3a21-454c-9367-dd0acfadc53c,"Hitachi Travelstar 5K1000 1TB HDD 5400RPM 2.5"" SATA",Hitachi,Travelstar,1000GB,,64463013-3a21-454c-9367-dd0acfadc53c.json,,1000,"2.5""",,,,,,,SATA 6.0 Gb/s,,,0J22413,False,HDD,HDD
6453259a-0a35-4ab8-8a6e-a13ef4d7b007,"Toshiba MG04ACA400N 4TB HDD 3.5"" SATA",Toshiba,MG04ACA400N,4000GB,,6453259a-0a35-4ab8-8a6e-a13ef4d7b007.json,,4000,"3.5""",B06XK45S8B,,,,,,SATA 6.0 Gb/s,,,MG04ACA400N,False,HDD,HDD
6475e517-4583-470f-911b-013106c8b899,Addlink S93 2TB M.2-2280 SSD PCIe 4.0 X4 NVMe,Addlink,S93,2000GB,,6475e517-4583-470f-911b-013106c8b899.json,,2000,M.2-2280,B0CLDL9HBT,,,,,,M.2 PCIe 4.0 x4,,,ad2TBS93M2P,True,SSD,SSD
647decf7-dabe-453f-9ed9-1a772d33daab,"Seagate SkyHawk Surveillance +Rescue 8TB HDD 3.5"" SATA",Seagate,SkyHawk,8000GB,,647decf7-dabe-453f-9ed9-1a772d33daab.json,,8000,"3.5""",B0BLT41GSM,,,,N82E16822185097,2919303990,SATA 6.0 Gb/s,,,ST8000VX010,False,HDD,HDD
648e42eb-be2b-40a1-a93a-e341323a8aeb,"TEAMGROUP AX2 256GB 2.5"" SSD SATA",TEAMGROUP,AX2,256GB,,648e42eb-be2b-40a1-a93a-e341323a8aeb.json,,256,"2.5""",B08CJX8M4D,,,,,1268121918,SATA 6.0 Gb/s,,,T253A3256G0C101 | AX2,False,SSD,SSD
6493579d-3467-4e65-a1af-4326922cd640,PNY CS3150 1TB SSD M.2-2280 PCIe 5.0 X4 NVMe,PNY,CS3150,1000GB,,6493579d-3467-4e65-a1af-4326922cd640.json,,1000,M.2-2280,,,,,,,M.2 PCIe 5.0 x4,,,M280CS3150HS-1TB-RB,True,SSD,SSD
64990070-aa2b-4b57-ad01-d4701817b2dc,Timetec 35TTFP6PCIE 512GB M.2 SSD PCIe 3.0 NVMe,Timetec,35TTFP6PCIE,512GB,,64990070-aa2b-4b57-ad01-d4701817b2dc.json,,512,M.2-2280,B08GJDHKJG,,,,9SIA56XBED8679,572740198,M.2 PCIe 3.0 x4,,,35TTFP6PCIE-512G | MK03-512GB-M2,True,SSD,SSD
64a18251-883f-4da9-895e-d8ed506c7fa6,Netac NV5000 1TB SSD M.2-2280 PCIe 4.0 X4 NVMe,Netac,NV5000,1000GB,,64a18251-883f-4da9-895e-d8ed506c7fa6.json,,1000,M.2-2280,,,,,,,M.2 PCIe 4.0 x4,,,NT01NV5000-1T0-E4X,True,SSD,SSD
64a48ffa-46a6-4a84-92ad-16054591035e,"Samsung 830 64GB SSD 2.5"" SATA 6.0 Gb/s",Samsung,830,64GB,,64a48ffa-46a6-4a84-92ad-16054591035e.json,,64,"2.5""",,,,,,,SATA 6.0 Gb/s,,,F-MZ-7PC064DAM | MZ-7PC064D/AM,False,SSD,SSD
64a7f98e-90a4-43f5-a3da-aae55aa68777,"Western Digital WD Blue 4TB SSD 2.5"" SATA",Western Digital,WD,4000GB,,64a7f98e-90a4-43f5-a3da-aae55aa68777.json,,4000,"2.5""",,,,,,,SATA 6.0 Gb/s,,,WDBNCE0040PNC-WRSN,False,SSD,SSD
64dd2585-ca4a-4bb9-ac7c-f49487061db1,"Toshiba MG09 512e 12 TB HDD 7200 RPM 3.5"" SATA 6.0 Gb/s",Toshiba,MG09,12000GB,,64dd2585-ca4a-4bb9-ac7c-f49487061db1.json,,12000,"3.5""",B0DF5QZJ6W,,,,N82E16822149830,,SATA 6.0 Gb/s,,,MG09ACA12TE,False,HDD,HDD
64df8c53-d7fc-4303-ba89-5603bd3bae94,Corsair MP600 ELITE w/Heatsink 2TB SSD M.2-2280 PCIe 4.0 x4 NVMe,Corsair,MP600,2000GB,,64df8c53-d7fc-4303-ba89-5603bd3bae94.json,,2000,M.2-2280,B0CSG79PBV,,,,N82E16820982139,,M.2 PCIe 4.0 x4,,,CSSD-F2000GBMP600EHS,True,SSD,SSD
64e98e17-8191-4954-8b27-edac300037e5,Silicon Power A55 256GB SSD M.2-2280 SATA,Silicon Power,A55,256GB,,64e98e17-8191-4954-8b27-edac300037e5.json,,256,M.2-2280,B07BSLZMFV,,,,,271417506,M.2 SATA,,,SU256GBSS3A55M28AB,False,SSD,SSD
64e9ca9e-d31f-4a4b-a744-93a713df39dd,"Intel 710 100GB 2.5"" SSD SATA 3.0 Gb/s",Intel,710,100GB,,64e9ca9e-d31f-4a4b-a744-93a713df39dd.json,,100,"2.5""",,,,,,,SATA 3.0 Gb/s,,,SSDSA2BZ100G3,False,SSD,SSD
64f5b7cf-1735-46e6-9811-a77674d26ed6,Crucial P3 Plus 4TB SSD M.2-2280 PCIe 4.0 X4 NVMe,Crucial,P3,4000GB,,64f5b7cf-1735-46e6-9811-a77674d26ed6.json,,4000,M.2-2280,B0B25M8FXX,6509710,,,N82E16820156302,1757291604,M.2 PCIe 4.0 x4,,,CT4000P3PSSD8,True,SSD,
64fc8c93-adac-4396-a826-e502a4338f41,"Hitachi Deskstar 7K3000 3TB HDD 7200RPM 3.5"" SATA 6.0 Gb/s Internal",Hitachi,Deskstar,3000GB,,64fc8c93-adac-4396-a826-e502a4338f41.json,,3000,"3.5""",,,,,,,SATA 6.0 Gb/s,,,HDS723030ALA640,False,HDD,HDD
6507141b-72c6-47c1-9d98-ea237889e3f4,FanXiang S880 1TB SSD M.2 PCIe 4.0 NVMe,FanXiang,S880,1000GB,,6507141b-72c6-47c1-9d98-ea237889e3f4.json,,1000,M.2-2280,B0C36YQCX8,,,,,,M.2 PCIe 4.0 x4,,,1TB - SSD - M.2 - S880 | 1tb nvme ssd - S880 | S880,True,SSD,SSD
650f7a97-562d-452b-bbe6-a69b6737d027,TEAMGROUP MP34 256GB SSD M.2-2280 PCIe 3.0 x4 NVMe,TEAMGROUP,MP34,256GB,,650f7a97-562d-452b-bbe6-a69b6737d027.json,,256,M.2-2280,,,,,,,M.2 PCIe 3.0 x4,,,TM8FP4256G0C101,True,SSD,SSD
65246e10-9a61-49e3-ba86-da6a65148cb0,"Seagate Exos X24 24 TB 3.5"" Internal HDD 7200RPM SATA 6.0 Gb/s",Seagate,Exos,24000GB,,65246e10-9a61-49e3-ba86-da6a65148cb0.json,,24000,"3.5""",B0CM293XCL,,,,N82E16822185105,5305660991,SATA 6.0 Gb/s,,,ST24000NM002H,False,HDD,HDD
65291077-59e0-44e0-8529-e9cf37b27f0e,"Seagate Enterprise Capacity 8TB HDD 3.5"" 7200RPM SAS",Seagate,Enterprise,8000GB,,65291077-59e0-44e0-8529-e9cf37b27f0e.json,,8000,"3.5""",B014UYHJWS,,,,,48935802,SAS 6.0 Gb/s,,,ST8000NM0075,False,HDD,HDD
6530ddcf-8d36-4f98-87a3-a16cf9fdec45,"Water Panther Arsenal 14TB 3.5"" HDD 7200RPM SATA 6.0 Gb/s",Water Panther,Arsenal,14000GB,,6530ddcf-8d36-4f98-87a3-a16cf9fdec45.json,,14000,"3.5""",,,,,,,SATA 6.0 Gb/s,,,WPS14T72SATA3DAS,False,HDD,HDD
65597bcb-6c1c-457e-bcc3-29da847b9039,Sabrent Rocket 4TB SSD M.2-2280 PCIe 3.0 NVMe,Sabrent,Rocket,4000GB,,65597bcb-6c1c-457e-bcc3-29da847b9039.json,,4000,M.2-2280,,,,,,,M.2 PCIe 3.0 x4,,,SB-ROCKET-4TB,True,SSD,SSD
6573492b-9006-4eca-8cf9-97058de9b1fc,Gigabyte AORUS Gen5 12000 1TB SSD M.2-2280 PCIe 5.0 X4 NVME,Gigabyte,AORUS,1000GB,,6573492b-9006-4eca-8cf9-97058de9b1fc.json,,1000,M.2-2280,B0CDP24LW9,,,,N82E16820009047,5064753958,M.2 PCIe 5.0 x4,,,AG512K1TB,True,SSD,SSD
6574c9c3-eee3-47d7-b5ea-6255f1ed56bb,Corsair MP300 240GB M.2-2280 SSD PCIe 3.0 X2 NVMe,Corsair,MP300,240GB,,6574c9c3-eee3-47d7-b5ea-6255f1ed56bb.json,,240,M.2-2280,,,,,,,M.2 PCIe 3.0 x2,,,CSSD-F240GBMP300,True,SSD,SSD
658c79c0-224e-4931-b3fc-d98b6ab7c251,"Samsung Spinpoint F3 1TB Internal HDD 7200RPM 3.5"" SATA 3.0 Gb/s",Samsung,Spinpoint,1000GB,,658c79c0-224e-4931-b3fc-d98b6ab7c251.json,,1000,"3.5""",B002NXPARA,,,,,,SATA 3.0 Gb/s,,,HD103SJ | HD103SJ - 2,False,HDD,HDD
658c8947-8e76-4c9a-8d7c-af06ab24118e,"Western Digital Red Pro 16TB HDD 3.5"" SATA",Western Digital,Red,16000GB,,658c8947-8e76-4c9a-8d7c-af06ab24118e.json,,16000,"3.5""",B08K3VVKSW,6469657,,,N82E16822234429,273160804,SATA 6.0 Gb/s,,,WD161KFGX | WD161KFGX-SPAFPN0,False,HDD,HDD
6599d50e-b798-43e4-821b-01ff9d9884d8,Netac NV7000 4TB SSD M.2 PCIe 4.0 NVMe,Netac,NV7000,4000GB,,6599d50e-b798-43e4-821b-01ff9d9884d8.json,,4000,M.2-2280,,,,,,,M.2 PCIe 4.0 x4,,,NT01NV7000-4T0-E4X,True,SSD,SSD
65a8f0b7-a13e-4c1a-a56f-9b6b0c1ef87a,TEAMGROUP MP33 512GB SSD M.2-2280 PCIe 3.0 x4 NVMe,TEAMGROUP,MP33,512GB,,65a8f0b7-a13e-4c1a-a56f-9b6b0c1ef87a.json,,512,M.2-2280,B07XJ2P1LK,,,,N82E16820331416,970055710,M.2 PCIe 3.0 x4,,,TM8FP6512G0C101,True,SSD,SSD
65a9c3f7-f115-4659-951e-6d1ba942fa07,Patriot Viper VP4300 Lite 500GB SSD M.2-2280 PCIe 4.0 X4 NVMe,Patriot,Viper,500GB,,65a9c3f7-f115-4659-951e-6d1ba942fa07.json,,500,M.2-2280,,,,,,,M.2 PCIe 4.0 x4,,,VP4300L500GM28H,True,SSD,SSD
65d1e98a-7a05-4dfb-bd6b-77066b3eb603,"Western Digital WDBSLA0010HNC-NRSN 1 TB Internal HDD 3.5"" 7200RPM SATA 6.0 Gb/s",Western Digital,WDBSLA0010HNC-NRSN,1000GB,,65d1e98a-7a05-4dfb-bd6b-77066b3eb603.json,,1000,"3.5""",B00L1FLTF8,,,,,,SATA 6.0 Gb/s,,,WDBSLA0010HNC-NRSN | FBA_WDBSLA0010HNC-N,False,HDD,HDD
65e72630-c17b-4997-95c2-eefcdddf55bd,"Seagate BarraCuda 4TB HDD 5400RPM 3.5"" SATA",Seagate,BarraCuda,4000GB,,65e72630-c17b-4997-95c2-eefcdddf55bd.json,,4000,"3.5""",B071WLPRHN,,,,N82E16822179299,660647223,SATA 6.0 Gb/s,,,ST4000DM004 | ST4000DMB04,False,HDD,HDD
65fc1e1f-135c-40eb-bd93-03d1790289d5,Western Digital Green SN350 240GB SSD M.2-2280 PCIe 3.0 x4 NVMe,Western Digital,Green,240GB,,65fc1e1f-135c-40eb-bd93-03d1790289d5.json,,240,M.2-2280,,,,,,,M.2 PCIe 3.0 x4,,,WDS240G2G0C,True,SSD,SSD
66005f7e-233f-47ee-aa28-605db6d0a35e,Corsair MP600 MINI 2TB M.2-2230 SSD PCIe 4.0 NVMe,Corsair,MP600,2000GB,,66005f7e-233f-47ee-aa28-605db6d0a35e.json,,2000,M.2-2230,B0D42CPWT8,,,,N82E16820982180,5660283961,M.2 PCIe 4.0 x4,,,CSSD-F2000GBMP600MNR2,True,SSD,SSD
66078396-f583-48a5-b13b-b93e9e937908,Kingston Predator 240GB PCIe SSD PCIe x4 NVMe,Kingston,Predator,240GB,,66078396-f583-48a5-b13b-b93e9e937908.json,,240,PCIe,,,,,,,M.2 PCIe 3.0 x4,,,SHPM2280P2H | 240G,True,SSD,SSD
660a14c3-0183-4105-9702-7d59fd55652d,"Toshiba HDD3A01 2TB HDD 3.5"" 7200RPM SAS 6.0 Gb/s",Toshiba,HDD3A01,2000GB,,660a14c3-0183-4105-9702-7d59fd55652d.json,,2000,"3.5""",,,,,,,SAS 6.0 Gb/s,,,HDD3A01,False,HDD,HDD
660ea87e-1485-4668-9191-f1c1db95900a,Klevv CRAS C930 1TB SSD M.2-2280 PCIe 4.0 X4 NVMe,Klevv,CRAS,1000GB,,660ea87e-1485-4668-9191-f1c1db95900a.json,,1000,M.2-2280,B0CBSR8ZMJ,,,,,,M.2 PCIe 4.0 x4,,,K01TBM2SP0-C93,True,SSD,SSD
661e4026-faea-4373-94f7-c0a3b4345035,Netac NV7000 2TB SSD M.2-2280 PCIe 4.0 X4 NVMe,Netac,NV7000,2000GB,,661e4026-faea-4373-94f7-c0a3b4345035.json,,2000,M.2-2280,B0BNBK5JGZ,,,,,,M.2 PCIe 4.0 x4,,,NT01NV7000-2T0-E4X | NV7000,True,SSD,SSD
66409727-f0b3-495c-ba6f-ff911b7bc3ec,Crucial MX500 250GB M.2-2280 SSD SATA,Crucial,MX500,250GB,,66409727-f0b3-495c-ba6f-ff911b7bc3ec.json,,250,M.2-2280,,,,,,,M.2 SATA,,,CT250MX500SSD4,False,SSD,SSD
6640a7d7-4efe-43aa-90c1-713602edeebe,PNY CS2130 4TB SSD M.2 PCIe 3.0 NVMe,PNY,CS2130,4000GB,,6640a7d7-4efe-43aa-90c1-713602edeebe.json,,4000,M.2-2280,B08YKHTWL1,,,,,572214301,M.2 PCIe 3.0 x4,,,M280CS2130-4TB-RB,True,SSD,SSD
666a2cf9-b1d5-4eb6-a318-b525e72562a9,"Samsung Spinpoint M8 1TB HDD 2.5"" 5400RPM SATA",Samsung,Spinpoint,1000GB,,666a2cf9-b1d5-4eb6-a318-b525e72562a9.json,,1000,"2.5""",B009BZUL6I,,,,,,SATA 3.0 Gb/s,,,ST1000LM024,False,HDD,HDD
66982a26-21b2-44e0-8dd5-0d30853217da,"TEAMGROUP EX2 8TB SSD 2.5"" SATA 6.0 Gb/s",TEAMGROUP,EX2,8000GB,,66982a26-21b2-44e0-8dd5-0d30853217da.json,,8000,"2.5""",B0C3M2MZKR,,,,,,SATA 6.0 Gb/s,,,T253E2008T0C101,False,SSD,SSD
669d9ea2-65ba-4183-ae4e-d315a0b407b7,Corsair MP510 480GB SSD M.2-2280 PCIe 3.0 x4 NVMe,Corsair,MP510,480GB,,669d9ea2-65ba-4183-ae4e-d315a0b407b7.json,,480,M.2-2280,,,,,,,M.2 PCIe 3.0 x4,,,CSSD-F480GBMP510B,True,SSD,SSD
669f5295-c90f-4927-a8ed-27fba9b705a4,Lexar NM790 1TB SSD M.2 PCIe 4.0 NVMe,Lexar,NM790,1000GB,,669f5295-c90f-4927-a8ed-27fba9b705a4.json,,1000,M.2-2280,B0C4ZV5Y7X,,,,9SIA12KKAZ4823,9383570845,M.2 PCIe 4.0 x4,,,LNM790X001T-RNNNG | LNM790X001T-RNNNU,True,SSD,SSD
66b61523-727e-4382-b267-7ecb7814788b,FanXiang S880 4TB SSD M.2 PCIe 4.0 NVMe,FanXiang,S880,4000GB,,66b61523-727e-4382-b267-7ecb7814788b.json,,4000,M.2-2280,B0C6DL33T5,,,,,,M.2 PCIe 4.0 x4,,,4TB - SSD - M.2 - S880 | S880 M.2 SSD | S880 | 4tb nvme ssd - S880,True,SSD,SSD
66c0eb14-3191-4de6-a10a-e2abc912a6c3,"Micron 5400 Pro eSSC 7.68TB SSD 2.5"" SATA",Micron,5400,7000GB,,66c0eb14-3191-4de6-a10a-e2abc912a6c3.json,,7000,"2.5""",,,,,,,SATA 6.0 Gb/s,,,MTFDDAK7T6TGA-1BC16ABYY,False,SSD,SSD
66cb8bc8-edb5-4010-93b0-2d91909dd64c,"Hitachi Ultrastar 7K3000 2TB HDD 7200RPM 3.5"" SATA 6.0 Gb/s",Hitachi,Ultrastar,2000GB,,66cb8bc8-edb5-4010-93b0-2d91909dd64c.json,,2000,"3.5""",B004Q3QMA4,,,,,32893897,SATA 6.0 Gb/s,,,0F12455,False,HDD,HDD
66e0f773-9380-45aa-af87-dd46892726a9,"Western Digital Red Plus 8TB HDD 3.5"" 5640RPM SATA",Western Digital,Red,8000GB,,66e0f773-9380-45aa-af87-dd46892726a9.json,,8000,"3.5""",B0CP7CFNK4,6581897,,,1Z4-0002-01NP7,5253996531,SATA 6.0 Gb/s,,,WD80EFPX | 718037899817,False,HDD,HDD
66f1ec6c-3e6e-435b-893b-8e244979f84b,"Western Digital Gold 1TB HDD 3.5"" 7200RPM SATA 6.0 Gb/s",Western Digital,Gold,1000GB,,66f1ec6c-3e6e-435b-893b-8e244979f84b.json,,1000,"3.5""",B01IY9USY6,,,,1Z4-0002-002U9,,SATA 6.0 Gb/s,,,WD1005FBYZ | WD1005FBYZ-SPYCBB3,False,HDD,HDD
66fbede6-59a8-4e26-80ef-34d14e284c1e,"Seagate Exos M 28TB HDD 7200RPM 3.5"" SATA 6.0 Gb/s Internal",Seagate,Exos,28000GB,,66fbede6-59a8-4e26-80ef-34d14e284c1e.json,,28000,"3.5""",B0FF5QT34H,,,,,17215802670,SATA 6.0 Gb/s,,,ST28000NM003K,False,HDD,HDD
671a3683-507c-4ca5-b494-530408686cd3,"Zotac T500 120GB SSD 2.5"" SATA 6.0 Gb/s",Zotac,T500,120GB,,671a3683-507c-4ca5-b494-530408686cd3.json,,120,"2.5""",,,,,,,SATA 6.0 Gb/s,,,ZTSSD-A5P-120G,False,SSD,SSD
6721bfca-b87a-43de-9ee6-b19a5aabe959,Lexar EQ790 2TB SSD M.2-2280 PCIe 4.0 X4 NVMe,Lexar,EQ790,2000GB,,6721bfca-b87a-43de-9ee6-b19a5aabe959.json,,2000,M.2-2280,,,,,,,M.2 PCIe 4.0 x4,,,LEQ790X002T-RNNNG,True,SSD,SSD
67278f61-d984-49d1-8299-63cb249245a9,"HP S700 500 GB SSD 2.5"" SATA 6.0 Gb/s",HP,S700,500GB,,67278f61-d984-49d1-8299-63cb249245a9.json,,500,"2.5""",B072FL48XR,,,,,485674032,SATA 6.0 Gb/s,,,2DP99AA#ABC,False,SSD,SSD
672fe93e-b37c-40d7-889c-78db9acee108,"Seagate IronWolf NAS 6TB HDD 3.5"" 5400RPM SATA",Seagate,IronWolf,6000GB,,672fe93e-b37c-40d7-889c-78db9acee108.json,,6000,"3.5""",B086DQNWH1,,,,9SIAA9UJVU5194,412535779,SATA 6.0 Gb/s,,,ST6000VN001,False,HDD,HDD
67376a68-d04a-41bc-bec7-5c03ca905b7c,"Western Digital VelociRaptor 150GB HDD 2.5"" SATA",Western Digital,VelociRaptor,150GB,,67376a68-d04a-41bc-bec7-5c03ca905b7c.json,,150,"2.5""",,,,,,,SATA 3.0 Gb/s,,,WD1500BLFS,False,HDD,HDD
67551615-30fe-4d36-8f55-f2f97cae59b9,"Kingston DC500R 7.68TB SSD 2.5"" SATA",Kingston,DC500R,7000GB,,67551615-30fe-4d36-8f55-f2f97cae59b9.json,,7000,"2.5""",B089B4DJQ7,,,,,664582199,SATA 6.0 Gb/s,,,SEDC500R | 7680G | SEDC500R/7680G,False,SSD,SSD
6759cd71-2786-4d52-9983-4a52d202da07,"TEAMGROUP CX1 240GB SSD 2.5"" SATA",TEAMGROUP,CX1,240GB,,6759cd71-2786-4d52-9983-4a52d202da07.json,,240,"2.5""",B08K3N2JX9,,,,N82E16820331556,254122050,SATA 6.0 Gb/s,,,T253X5240G0C101,False,SSD,SSD
675dc595-0bdb-4c3e-80d3-ca06285766c3,Samsung 980 500GB SSD M.2-2280 PCIe 3.0 NVMe,Samsung,980,500GB,,675dc595-0bdb-4c3e-80d3-ca06285766c3.json,,500,M.2-2280,B08V7GT6F3,6454199,,,N82E16820147803,287686515,M.2 PCIe 3.0 x4,,,MZ-V8V500B | AM | MZ-V8V500BW | MZ-V8V500BW/AM | MZ-V8V500B/AM,True,SSD,SSD
6773117e-d0b4-4e00-9264-fc25893db26b,Lenovo ThinkPad OPAL 512GB SSD M.2-2242 PCIe 4.0 NVMe,Lenovo,ThinkPad,512GB,,6773117e-d0b4-4e00-9264-fc25893db26b.json,,512,M.2-2242,B0BXH2T7HC,,,,0D9-0019-000H5,1721136118,M.2 PCIe 4.0 x4,,,4XB1K26774,True,SSD,SSD
67852f1e-24f0-4461-9501-f0bbae37ee63,"Silicon Power Silm S55 120GB SSD 2.5"" SATA",Silicon Power,Silm,120GB,,67852f1e-24f0-4461-9501-f0bbae37ee63.json,,120,"2.5""",B00D4AVPZC,,,,9SIA1K6D7A1063,51664292,SATA 6.0 Gb/s,,,SP120GBSS3S55S25,False,SSD,SSD
67c7f135-69f5-4f16-b583-52c0a4f8d0ee,"Toshiba AL13SE 900GB HDD 10500RPM 2.5"" SAS 6.0 Gb/s",Toshiba,AL13SE,900GB,,67c7f135-69f5-4f16-b583-52c0a4f8d0ee.json,,900,"2.5""",,,,,,,SAS 6.0 Gb/s,,,AL13SEB900,False,HDD,HDD
680a7466-8668-4f2a-9dea-7ffb8e3033ec,"Toshiba N300 Pro 6TB HDD 3.5"" 7200RPM SATA",Toshiba,N300,6000GB,,680a7466-8668-4f2a-9dea-7ffb8e3033ec.json,,6000,"3.5""",B09TQ4DSRC,,,,,882541555,SATA 6.0 Gb/s,,,HDWG460XZSTB,False,HDD,HDD
684583f8-097c-4a84-8646-acb0903e44cc,"Seagate FireCuda 1TB Hybrid Internal 2.5"" 5400RPM SATA 6.0 Gb/s",Seagate,FireCuda,1000GB,,684583f8-097c-4a84-8646-acb0903e44cc.json,,1000,"2.5""",B01LXNUKKW,,,,9SIAAEEHJ10427,347973959,SATA 6.0 Gb/s,,,ST1000LX015,False,SSHD,SSHD
684d6107-b5de-4c4a-8634-de55358ab944,"Integral V Series 2 250GB SSD 2.5"" SATA",Integral,V,250GB,,684d6107-b5de-4c4a-8634-de55358ab944.json,,250,"2.5""",B09M7KC46Q,,,,,,SATA 6.0 Gb/s,,,INSSD250GS625V2,False,SSD,SSD
6852afdf-f5a4-4fac-87c3-90971211dbfb,Western Digital PC SN740 Pyrite 512GB SSD M.2 PCIe 4.0 NVMe,Western Digital,PC,512GB,,6852afdf-f5a4-4fac-87c3-90971211dbfb.json,,512,M.2-2280,,,,,,,M.2 PCIe 4.0 x4,,,SDDPNQD-512G,True,SSD,SSD
6859fa05-944f-4d52-b28e-ae0bc8058da3,Addlink S93 4TB SSD M.2-2280 PCIe 4.0 X4 NVMe,Addlink,S93,4000GB,,6859fa05-944f-4d52-b28e-ae0bc8058da3.json,,4000,M.2-2280,B0CLDJCBPG,,,,,,M.2 PCIe 4.0 x4,,,ad4TBS93M2P,True,SSD,SSD
68700561-e326-4008-891d-7f3512857e44,Seagate Game Drive 2TB SSD M.2-2280 PCIe 4.0 x4 NVMe,Seagate,Game,2000GB,,68700561-e326-4008-891d-7f3512857e44.json,,2000,M.2-2280,B0BD5P443L,,,,,,M.2 PCIe 4.0 x4,,,ZP2000GP3A4001 | ZP2000GP304001,True,SSD,SSD
6871576d-2549-4f13-a6a0-857405541f31,"PNY CS900 8TB 2.5"" SSD SATA 6.0 Gb/s",PNY,CS900,8000GB,,6871576d-2549-4f13-a6a0-857405541f31.json,,8000,"2.5""",,,,,,,SATA 6.0 Gb/s,,,SSD7CS9008TBRB,False,SSD,SSD
689b1bad-4655-40bb-a6fa-a9c8bc578ffb,"SanDisk SSD PLUS 480GB SSD 2.5"" SATA",SanDisk,SSD,480GB,,689b1bad-4655-40bb-a6fa-a9c8bc578ffb.json,,480,"2.5""",B01F9G46Q8,,,,N82E16820173152,54277070,SATA 6.0 Gb/s,,,SDSSDA-480G-G26,False,SSD,SSD
68b31b66-3f71-4066-af05-7846c4deba35,Patriot P400 Lite 4TB SSD M.2-2280 PCIe 4.0 x4 NVMe,Patriot,P400,4000GB,,68b31b66-3f71-4066-af05-7846c4deba35.json,,4000,M.2-2280,,,,,,,M.2 PCIe 4.0 x4,,,P400LP4KGM28H,True,SSD,SSD
68bb7207-32e3-423b-8ace-6e265ec30f1f,"Toshiba MK1002TSKB 1TB HDD 3.5"" SATA",Toshiba,MK1002TSKB,1000GB,,68bb7207-32e3-423b-8ace-6e265ec30f1f.json,,1000,"3.5""",,,,,,,SATA 3.0 Gb/s,,,MK1002TSKB,False,HDD,HDD
691fe5d4-1b46-435e-8d4c-f80439533269,"Silicon Power Silm S55 480GB SSD 2.5"" SATA 6.0 Gb/s",Silicon Power,Silm,480GB,,691fe5d4-1b46-435e-8d4c-f80439533269.json,,480,"2.5""",B019WARKRE,,,,,50871834,SATA 6.0 Gb/s,,,SP480GBSS3S55S25,False,SSD,SSD
692d7aee-d48d-4341-a1ef-3a9d06d320da,"Seagate Cheetah 15K.7 600GB HDD 3.5"" SAS 6.0 Gb/s",Seagate,Cheetah,600GB,,692d7aee-d48d-4341-a1ef-3a9d06d320da.json,,600,"3.5""",B00VPKPQK8,,,,,33353434,SAS 6.0 Gb/s,,,ST3600057SS,False,HDD,HDD
69570bba-b894-4f04-abd6-e264fdecd3a9,"Western Digital Red Plus 10TB HDD 7200RPM 3.5"" SATA",Western Digital,Red,10000GB,,69570bba-b894-4f04-abd6-e264fdecd3a9.json,,10000,"3.5""",B0719498XY,6523111,,,1B4-005X-001D5,262132179,SATA 6.0 Gb/s,,,WD101EFBX,False,HDD,HDD
69657c70-2f25-4fbf-ac33-0688c1430409,Patriot Viper PV553 1TB M.2-2280 SSD PCIe 5.0 x4 NVMe,Patriot,Viper,1000GB,,69657c70-2f25-4fbf-ac33-0688c1430409.json,,1000,M.2-2280,B0DBX8SJY9,,,,,,M.2 PCIe 5.0 x4,,,PV553P1TBM28H,True,SSD,SSD
69670f8a-d054-4dcb-819e-4fb72d4c7d28,"Western Digital Purple 4TB 3.5"" HDD 5400 RPM SATA",Western Digital,Purple,4000GB,,69670f8a-d054-4dcb-819e-4fb72d4c7d28.json,,4000,"3.5""",B00IMPO5OW,,,,,810689360,SATA 6.0 Gb/s,,,WD40PURX | WD40PURZ,False,HDD,HDD
69f1a6e6-84eb-461b-b86d-26178f84a1f4,KingSpec NX-2280 128 GB SSD M.2-2280 PCIe 3.0 X4 NVME,KingSpec,NX-2280,128GB,,69f1a6e6-84eb-461b-b86d-26178f84a1f4.json,,128,M.2-2280,,,,,,,M.2 PCIe 3.0 x4,,,NX-2280-128GB | NX-128-2280,True,SSD,SSD
6a139a3b-5d1c-41b1-9987-9286b2382e74,"SanDisk Ultra II 240GB SSD 2.5"" SATA 6.0 Gb/s",SanDisk,Ultra,240GB,,6a139a3b-5d1c-41b1-9987-9286b2382e74.json,,240,"2.5""",,,,,,,SATA 6.0 Gb/s,,,SDSSDHII-240G-G25,False,SSD,SSD
6a1709cb-2233-43a2-9529-167afb7956c2,"Intel 313 20GB SSD 2.5"" SATA",Intel,313,20GB,,6a1709cb-2233-43a2-9529-167afb7956c2.json,,20,"2.5""",,,,,,,SATA 3.0 Gb/s,,,SSDSA2VP020G301,False,SSD,SSD
6a176a28-e23d-423a-96a9-662361f2b4df,TEAMGROUP T-FORCE G50 1TB SSD M.2 PCIe 4.0 NVMe,TEAMGROUP,T-FORCE,1000GB,,6a176a28-e23d-423a-96a9-662361f2b4df.json,,1000,M.2-2280,B0BW8BMSX5,,,,N82E16820985133,5512416458,M.2 PCIe 4.0 x4,,,TM8FFE001T0C129,True,SSD,SSD
6a1bd601-3e8b-4e00-b0c5-fc6cd26e1b62,Gigabyte AORUS Gen4 1TB SSD M.2-2280 PCIe 4.0 NVMe,Gigabyte,AORUS,1000GB,,6a1bd601-3e8b-4e00-b0c5-fc6cd26e1b62.json,,1000,M.2-2280,B08FCY3BM2,,,,9SIBTK0K9A5946,438627407,M.2 PCIe 4.0 x4,,,GP-AG41TB,True,SSD,SSD
6a230b63-e97f-4f07-99b0-c2c63e244457,"Toshiba MG03ACA 1TB 3.5"" HDD 7200RPM SATA 6.0 Gb/s",Toshiba,MG03ACA,1000GB,,6a230b63-e97f-4f07-99b0-c2c63e244457.json,,1000,"3.5""",,,,,,,SATA 6.0 Gb/s,,,MG03ACA100,False,HDD,HDD
6a37f491-3e8a-409a-b05e-587da9bf57c9,Western Digital Black SN850 1TB SSD M.2-2280 PCIe 4.0 x4 NVMe,Western Digital,Black,1000GB,,6a37f491-3e8a-409a-b05e-587da9bf57c9.json,,1000,M.2-2280,B08KFS6THF,,,,9SIA2W0JZP3651,510292019,M.2 PCIe 4.0 x4,,,WDS100T1X0E | WDBAPY0010BNC-WRSN,True,SSD,SSD
6a43b802-8ab7-4f33-b779-a0a447e04620,"Silicon Power Ace A56 512GB SSD 2.5"" SATA 6.0 Gb/s",Silicon Power,Ace,512GB,,6a43b802-8ab7-4f33-b779-a0a447e04620.json,,512,"2.5""",,,,,,,SATA 6.0 Gb/s,,,SP512GBSS3A56A25,False,SSD,SSD
6a47b1e0-6f01-4516-ae54-1d2eb44880aa,"Seagate Barracuda Green 1.5TB HDD 3.5"" SATA",Seagate,Barracuda,1000GB,,6a47b1e0-6f01-4516-ae54-1d2eb44880aa.json,,1000,"3.5""",,,,,,,SATA 6.0 Gb/s,,,ST1500DL003,False,HDD,HDD
6a5563b2-ef31-4b1d-8581-0a4b665cdd81,"Acer SA100 480 GB SSD 2.5"" SATA 6.0 Gb/s",Acer,SA100,480GB,,6a5563b2-ef31-4b1d-8581-0a4b665cdd81.json,,480,"2.5""",,,,,,,SATA 6.0 Gb/s,,,BL.9BWWA.103,False,SSD,SSD
6a56a986-8009-4ae1-93e9-6ec5aced26f6,"Intel 520 120GB SSD 2.5"" SATA 6.0 Gb/s",Intel,520,120GB,,6a56a986-8009-4ae1-93e9-6ec5aced26f6.json,,120,"2.5""",B006VCP7NQ,,,,,,SATA 6.0 Gb/s,,,SSDSC2CW120A310,False,SSD,SSD
6a5dec1c-17fe-4af9-9215-ff95b554682b,"Western Digital Caviar Blue 320GB HDD 7200RPM 3.5"" SATA",Western Digital,Caviar,320GB,,6a5dec1c-17fe-4af9-9215-ff95b554682b.json,,320,"3.5""",,,,,,,SATA 3.0 Gb/s,,,WD3200AAKS,False,HDD,HDD
6a6dcc47-70f2-48e7-a8e1-798ad56ccc68,"Toshiba N300 12TB HDD 3.5"" 7200RPM SATA",Toshiba,N300,12000GB,,6a6dcc47-70f2-48e7-a8e1-798ad56ccc68.json,,12000,"3.5""",,,,,,,SATA 6.0 Gb/s,,,HDWG21CUZSVA,False,HDD,HDD
6a87a88a-5b17-48e0-b390-77005a2e2cba,"Kingston HyperX Fury 240GB SSD 2.5"" SATA 6.0 Gb/s",Kingston,HyperX,240GB,,6a87a88a-5b17-48e0-b390-77005a2e2cba.json,,240,"2.5""",,,,,,,SATA 6.0 Gb/s,,,SHFS37A | 240G,False,SSD,SSD
6a8edcbe-7c1b-4c3a-89c1-437e739741c7,TEAMGROUP T-FORCE G50 4TB M.2 SSD PCIe 4.0 x4 NVMe,TEAMGROUP,T-FORCE,4000GB,,6a8edcbe-7c1b-4c3a-89c1-437e739741c7.json,,4000,M.2-2280,B0DRVN1JXP,,,,N82E16820985283,15379674520,M.2 PCIe 4.0 x4,,,TM8FFE004T0C129,True,SSD,SSD
6a928585-f595-41fc-9703-62a4cdabfea9,"Seagate BarraCuda Pro 8TB HDD 3.5"" 7200RPM SATA",Seagate,BarraCuda,8000GB,,6a928585-f595-41fc-9703-62a4cdabfea9.json,,8000,"3.5""",,,,,,,SATA 6.0 Gb/s,,,ST8000DM0004,False,HDD,HDD
6aaabc3e-e2e4-4156-9e11-a3df90abe28a,"Toshiba X300 14TB 3.5"" HDD 7200RPM SATA",Toshiba,X300,14000GB,,6aaabc3e-e2e4-4156-9e11-a3df90abe28a.json,,14000,"3.5""",,,,,,,SATA 6.0 Gb/s,,,HDWR31EXZSTA,False,HDD,HDD
6ac3e5c2-9de9-468b-a0a4-9cf69c730e30,"Seagate ST3000VN000 3TB HDD 3.5"" SATA",Seagate,ST3000VN000,3000GB,,6ac3e5c2-9de9-468b-a0a4-9cf69c730e30.json,,3000,"3.5""",,,,,,,SATA 6.0 Gb/s,,,ST3000VN000,False,HDD,HDD
6ac4508f-f9f5-442f-a1c6-c6411fd95e09,"Seagate Exos 18TB HDD 3.5"" 7200RPM SATA",Seagate,Exos,18000GB,,6ac4508f-f9f5-442f-a1c6-c6411fd95e09.json,,18000,"3.5""",B08K98VFXT,,,,1B4-00VK-00616,5379824681,SATA 6.0 Gb/s,,,ST18000NM000J | ST18000NMZ00J,False,HDD,HDD
6ae09a19-6a2a-44bc-b5d1-76499e503176,"OCZ TRION 150 480 GB SSD 2.5"" SATA 6.0 Gb/s",OCZ,TRION,480GB,,6ae09a19-6a2a-44bc-b5d1-76499e503176.json,,480,"2.5""",,,,,,,SATA 6.0 Gb/s,,,TRN150-25SAT3-480G,False,SSD,SSD
6ae648c6-b128-4c9a-be1a-c5044cfdd587,Western Digital Black SN750 2TB SSD M.2-2280 PCIe 3.0 x4 NVMe,Western Digital,Black,2000GB,,6ae648c6-b128-4c9a-be1a-c5044cfdd587.json,,2000,M.2-2280,,,,,,,M.2 PCIe 3.0 x4,,,WDS200T3X0C | WDS200T3X0C-00SJG0,True,SSD,SSD
6b013738-e718-45b2-9aca-cdc1b7b88cd6,Intel 750 400GB SSD PCIe PCIe x4 NVMe,Intel,750,400GB,,6b013738-e718-45b2-9aca-cdc1b7b88cd6.json,,400,PCIe,B00VPK0NSI,,,,,,M.2 PCIe 3.0 x4,,,SSDPEDMW400G401,True,SSD,SSD
6b3a0572-e7da-4afc-ae02-4c568e3fea5d,KIOXIA EXCERIA PLUS G2 2TB SSD M.2-2280 PCIe 3.0 X4 NVMe,KIOXIA,EXCERIA,2000GB,,6b3a0572-e7da-4afc-ae02-4c568e3fea5d.json,,2000,M.2-2280,,,,,,,M.2 PCIe 3.0 x4,,,LRD20Z002TG8,True,SSD,SSD
6b6b9644-931c-46cd-af54-77f855c6097a,Seagate BarraCuda Pro 12TB 256MB Cache,,,,,6b6b9644-931c-46cd-af54-77f855c6097a.json,,,,B07H2FGPND,,,,,920007498,,,,ST12000DM0007 | ST12000DMZ007,,,
6b77067c-3eb6-4020-ac97-a23537073f9e,"Acer SA100 960GB SSD 2.5"" SATA 6.0 Gb/s",Acer,SA100,960GB,,6b77067c-3eb6-4020-ac97-a23537073f9e.json,,960,"2.5""",,,,,,,SATA 6.0 Gb/s,,,BL.9BWWA.104,False,SSD,SSD
6b7bcb00-11cd-4c93-9b1f-81a33536362c,"Transcend Transcend SLC 32GB SSD 2.5"" SATA 1.5 Gb/s",Transcend,Transcend,32GB,,6b7bcb00-11cd-4c93-9b1f-81a33536362c.json,,32,"2.5""",,,,,,,SATA 1.5 Gb/s,,,TS32GSSD25S-S,False,SSD,SSD
6b870a9a-857a-4133-877f-874841fb1791,"Intel 545s 128GB SSD 2.5"" SATA",Intel,545s,128GB,,6b870a9a-857a-4133-877f-874841fb1791.json,,128,"2.5""",,,,,,,SATA 6.0 Gb/s,,,SSDSC2KW128G8X1,False,SSD,SSD
6bb061bd-b63c-4e52-bded-d064de8b76b9,"Lexar NS100 128GB SSD 2.5"" SATA",Lexar,NS100,128GB,,6bb061bd-b63c-4e52-bded-d064de8b76b9.json,,128,"2.5""",,,,,,,SATA 6.0 Gb/s,,,LNS100-128RBNA,False,SSD,SSD
6bbb19c7-2ab4-47c6-9390-e526f94cc9e8,"Samsung 840 Evo 500GB SSD 2.5"" SATA",Samsung,840,500GB,,6bbb19c7-2ab4-47c6-9390-e526f94cc9e8.json,,500,"2.5""",,,,,,,SATA 6.0 Gb/s,,,MZ-7TE500BW,False,SSD,SSD
6bc598ef-d1a2-41a9-b5b0-506c0ca6eb45,"Verbatim Verbatim 64GB SSD 2.5"" SATA",Verbatim,Verbatim,64GB,,6bc598ef-d1a2-41a9-b5b0-506c0ca6eb45.json,,64,"2.5""",,,,,,,SATA 3.0 Gb/s,,,47477,False,SSD,SSD
6bcd4521-86cf-41f6-80ee-4a437e297442,"Western Digital Caviar Green 500GB HDD 5400RPM 3.5"" SATA 6.0 Gb/s",Western Digital,Caviar,500GB,,6bcd4521-86cf-41f6-80ee-4a437e297442.json,,500,"3.5""",,,,,,,SATA 6.0 Gb/s,,,WD5000AZRX,False,HDD,HDD
6bde30e9-20ff-4984-9a0a-fc69c0a0cbb9,AGI AI818 1TB SSD M.2-2280 PCIe 4.0 NVMe,AGI,AI818,1000GB,,6bde30e9-20ff-4984-9a0a-fc69c0a0cbb9.json,,1000,M.2-2280,,,,,,,M.2 PCIe 4.0 x4,,,AGI1T0G43AI818,True,SSD,SSD
6be4e74b-400d-4b49-b26d-7c8229277f9f,"Addlink S20 512GB SSD 2.5"" SATA",Addlink,S20,512GB,,6be4e74b-400d-4b49-b26d-7c8229277f9f.json,,512,"2.5""",B0791DNZPT,,,,,,SATA 6.0 Gb/s,,,ad512GBS20S3S | 43237-201064,False,SSD,SSD
6beed498-7218-4731-ba66-d5dd8d80e8a9,"Toshiba MD07ACA 12GB 3.5"" HDD 7200RPM SATA",Toshiba,MD07ACA,12GB,,6beed498-7218-4731-ba66-d5dd8d80e8a9.json,,12,"3.5""",,,,,,,SATA 6.0 Gb/s,,,MD07ACA12T,False,HDD,HDD
6c0ae36a-0928-4838-97cb-6a3734246c70,"Samsung 470 256GB 2.5"" SSD SATA 3.0 Gb/s",Samsung,470,256GB,,6c0ae36a-0928-4838-97cb-6a3734246c70.json,,256,"2.5""",,,,,,,SATA 3.0 Gb/s,,,MZ-5PA256 | US,False,SSD,SSD
6c10d348-f8a8-4f18-9ead-dce59c0fe973,Silicon Power UD90 500GB SSD M.2-2280 PCIe 4.0 X4 NVMe,Silicon Power,UD90,500GB,,6c10d348-f8a8-4f18-9ead-dce59c0fe973.json,,500,M.2-2280,,,,,,,M.2 PCIe 4.0 x4,,,SP500GBP44UD9005,True,SSD,SSD
6c131185-f800-4238-9bb6-2f6a67f19ce7,"HP 628065-B21 3TB HDD 3.5"" 7200RPM SATA",HP,628065-B21,3000GB,,6c131185-f800-4238-9bb6-2f6a67f19ce7.json,,3000,"3.5""",,,,,,,SATA 6.0 Gb/s,,,628065-B21,False,HDD,HDD
6c2b000c-b6fa-471a-abe6-0a059f5f173d,Kingston NV3 500GB SSD M.2-2280 PCIe 4.0 X4 NVMe,Kingston,NV3,500GB,,6c2b000c-b6fa-471a-abe6-0a059f5f173d.json,,500,M.2-2280,B0DBR9RZLV,,,,N82E16820242901,9583050458,M.2 PCIe 4.0 x4,,,SNV3S | 500G | SNV3S/500G | SNV3S500G,True,SSD,SSD
6c30ca9a-44fd-46c7-818a-885c3300826a,Western Digital Blue 1TB SSD M.2-2280 SATA,Western Digital,Blue,1000GB,,6c30ca9a-44fd-46c7-818a-885c3300826a.json,,1000,M.2-2280,B073SB2MXT,,,,,568775281,M.2 SATA,,,WDS100T2B0B,False,SSD,SSD
6c32f2cc-853f-4dfc-a902-d990becf9f42,"Western Digital Black 1 TB HDD 2.5"" 7200 RPM SATA Internal",Western Digital,Black,1000GB,,6c32f2cc-853f-4dfc-a902-d990becf9f42.json,,1000,"2.5""",B082LWP1MQ,,,,1Z4-0002-017H9,862823653,SATA 6.0 Gb/s,,,WD10SPSX | WD10SPSX-SPA6WT0,False,HDD,HDD
6c3e2cdb-7442-45d3-9b72-1ad422d337ad,XPG GAMMIX S10 1TB SSD M.2-2280 PCIe 3.0 x4 NVMe,XPG,GAMMIX,1000GB,,6c3e2cdb-7442-45d3-9b72-1ad422d337ad.json,,1000,M.2-2280,,,,,,,M.2 PCIe 3.0 x4,,,ASX7000NPC-1TT-C,True,SSD,SSD
6c711aab-b4c9-4bee-b561-617827594ab7,"Leven JS600 128GB SSD 2.5"" SATA 6.0 Gb/s",Leven,JS600,128GB,,6c711aab-b4c9-4bee-b561-617827594ab7.json,,128,"2.5""",B07YBYMZS1,,,,,,SATA 6.0 Gb/s,,,JS600SSD128GB | JS600-128GB,False,SSD,SSD
6cc6ffb4-881f-4ef6-8975-30c842faa4bd,"Seagate IronWolf 1TB HDD 5400RPM 3.5"" SATA",Seagate,IronWolf,1000GB,,6cc6ffb4-881f-4ef6-8975-30c842faa4bd.json,,1000,"3.5""",B0BPMJBB84,,,,N82E16822185093,1569677959,SATA 6.0 Gb/s,,,ST1000VN008,False,HDD,HDD
6cd5fec6-375a-4c4c-8aaf-ffb6a2824237,"Crucial M4 256GB SSD 2.5"" SATA 6.0 Gb/s",Crucial,M4,256GB,,6cd5fec6-375a-4c4c-8aaf-ffb6a2824237.json,,256,"2.5""",,,,,,,SATA 6.0 Gb/s,,,CT256M4SSD2CCA,False,SSD,SSD
6cea2768-39cf-4b7e-be7e-1dac83c263d6,"Western Digital Caviar Black 1TB HDD 3.5"" 7200RPM SATA",Western Digital,Caviar,1000GB,,6cea2768-39cf-4b7e-be7e-1dac83c263d6.json,,1000,"3.5""",,,,,,,SATA 3.0 Gb/s,,,WD10000LSRTL,False,HDD,HDD
6d02f187-c7cb-49b7-af41-d9809f1f5769,MyDigitalSSD Super Boot Drive 8GB SSD mSATA mSATA,MyDigitalSSD,Super,8GB,,6d02f187-c7cb-49b7-af41-d9809f1f5769.json,,8,mSATA,,,,,,,mSATA,,,MDMS-SB-008,False,SSD,SSD
6d1c6464-5ae9-4e2e-bc41-04a17118efb2,TEAMGROUP MP44Q 4TB M.2 SSD PCIe 4.0 NVMe,TEAMGROUP,MP44Q,4000GB,,6d1c6464-5ae9-4e2e-bc41-04a17118efb2.json,,4000,M.2-2280,B0CZLDKDKH,,,,N82E16820985176,6118701599,M.2 PCIe 4.0 x4,,,TM8FFD004T0C101,True,SSD,SSD
6d2bebd9-775d-41a0-9d29-cc0f2ebf8c98,"Samsung 750 EVO 120GB SSD 2.5"" SATA",Samsung,750,120GB,,6d2bebd9-775d-41a0-9d29-cc0f2ebf8c98.json,,120,"2.5""",,,,,,,SATA 6.0 Gb/s,,,MZ-750120BW,False,SSD,SSD
6d2fc593-95e7-4391-bebc-09129970284c,"Transcend TS8GPSD520 8GB SSD 2.5"" PATA",Transcend,TS8GPSD520,8GB,,6d2fc593-95e7-4391-bebc-09129970284c.json,,8,"2.5""",,,,,,,PATA 100,,,TS8GPSD520,False,SSD,SSD
6d474c53-90d4-4d3d-b19d-6339d8008938,"Western Digital Blue 2TB HDD 3.5"" SATA",Western Digital,Blue,2000GB,,6d474c53-90d4-4d3d-b19d-6339d8008938.json,,2000,"3.5""",B01510C7EA,,,,,,SATA 6.0 Gb/s,,,WD20EZRZ,False,HDD,HDD
6d64bb5a-b023-49f5-8e10-50489e14ae33,PNY XLR8 CS3040 1TB SSD M.2-2280 PCIe 4.0 NVMe w/Heatsink,PNY,XLR8,1000GB,,6d64bb5a-b023-49f5-8e10-50489e14ae33.json,,1000,M.2-2280,,,,,,,M.2 PCIe 4.0 x4,,,M280CS3040HS-1TB-RB,True,SSD,SSD
6d7a0637-563b-400e-87ab-1db29223dcfb,GOODRAM IRDM PRO GEN 5 1TB SSD M.2-2280 PCIe 5.0 x4 NVMe,GOODRAM,IRDM,1000GB,,6d7a0637-563b-400e-87ab-1db29223dcfb.json,,1000,M.2-2280,,,,,,,M.2 PCIe 5.0 x4,,,IRP-SSDPR-P54S-1K0-80,True,SSD,SSD
6da2a6af-04a6-4917-9567-245373af0fb9,"Western Digital Red Pro 12TB HDD 3.5"" SATA",Western Digital,Red,12000GB,,6da2a6af-04a6-4917-9567-245373af0fb9.json,,12000,"3.5""",B0DF9VNT3X,,,,N82E16822234584,11134474076,SATA 6.0 Gb/s,,,WD122KFBX | WD122KFBX-SPEF5N0,False,HDD,HDD
6db4293c-bbd2-4b65-9db4-47f287a06562,"GOODRAM CL100 240GB SSD 2.5"" SATA",GOODRAM,CL100,240GB,,6db4293c-bbd2-4b65-9db4-47f287a06562.json,,240,"2.5""",,,,,,,SATA 6.0 Gb/s,,,SSDPR-CL100-240-G3,False,SSD,SSD
6db7e608-5166-449c-ad95-58ba8bd22104,SanDisk WD Blue SN5100 2TB SSD M.2-2280 PCIe 4.0 x4 NVMe,SanDisk,WD,2000GB,,6db7e608-5166-449c-ad95-58ba8bd22104.json,,2000,M.2-2280,B0FJ8QMW4H,6644706,,,N82E16820173681,17768563851,M.2 PCIe 4.0 x4,,,WDS200T5B0E-00CPE0 | WDS200T5B0E,True,SSD,SSD
6dc91f45-6ae4-4948-b217-12fa14d7e3d3,Silicon Power UD70 500GB M.2 SSD PCIe 3.0 NVMe,Silicon Power,UD70,500GB,,6dc91f45-6ae4-4948-b217-12fa14d7e3d3.json,,500,M.2-2280,,,,,,,M.2 PCIe 3.0 x4,,,SP500GBP34UD7005,True,SSD,SSD
6dc962c6-766f-4e7d-80e5-2650c9efee16,ADATA Legend 710 1TB SSD M.2-2280 PCIe 3.0 x4 NVMe,ADATA,Legend,1000GB,,6dc962c6-766f-4e7d-80e5-2650c9efee16.json,,1000,M.2-2280,B09YRY5MDC,,,,N82E16820215493,2601499615,M.2 PCIe 3.0 x4,,,ALEG-710-1TCS,True,SSD,SSD
6dd0af31-deb3-4af5-9f94-a234c4426f95,"Hitachi 0B36040 4TB 3.5"" HDD 7200RPM SATA 6.0 Gb/s",Hitachi,0B36040,4000GB,,6dd0af31-deb3-4af5-9f94-a234c4426f95.json,,4000,"3.5""",B07KC8HZ3V,,,,,,SATA 6.0 Gb/s,,,0B36040 | HUS726T4TALE6L4,False,HDD,HDD
6df1f474-5a60-4d59-bbc5-96648e6cab7c,PNY CS900 250GB SSD M.2-2280 SATA,PNY,CS900,250GB,,6df1f474-5a60-4d59-bbc5-96648e6cab7c.json,,250,M.2-2280,,,,,,,M.2 SATA,,,M280CS900-250-RB,False,SSD,SSD
6e06bb79-67c4-454a-86be-c4c998835adf,"ADATA Ultimate SU750 1TB SSD 2.5"" SATA",ADATA,Ultimate,1000GB,,6e06bb79-67c4-454a-86be-c4c998835adf.json,,1000,"2.5""",,,,,,,SATA 6.0 Gb/s,,,ASU750SS-1TT-C,False,SSD,SSD
6e23cd00-79ba-4b67-ad07-599b3c48b7f4,KIOXIA EXCERIA w/Heatsink 1TB M.2 SSD PCIe 4.0 NVMe,KIOXIA,EXCERIA,1000GB,,6e23cd00-79ba-4b67-ad07-599b3c48b7f4.json,,1000,M.2-2280,B0D5QC69JP,,,,,,M.2 PCIe 4.0 x4,,,LSC11K1T02G8,True,SSD,SSD
6e3bf0e8-03f4-471c-a1f9-798dfa122f5b,Orico J-10 1TB SSD M.2-2280 PCIe 3.0 x4 NVMe,Orico,J-10,1000GB,,6e3bf0e8-03f4-471c-a1f9-798dfa122f5b.json,,1000,M.2-2280,,,,,,,M.2 PCIe 3.0 x4,,,J10-1TB,True,SSD,SSD
6e49e674-efef-4a1a-97ed-1764e42e302d,Samsung 990 EVO Plus 1TB M.2-2280 SSD PCIe 5.0 X2 NVMe,Samsung,990 Evo Plus,1000GB,2024,6e49e674-efef-4a1a-97ed-1764e42e302d.json,,1000,M.2-2280,B0DHLFWBQ1,6601256,31658,https://www.samsung.com/us/computing/memory-storage/solid-state-drives/990-evo-plus-gen5-pcie-nvmetm-ssd-1tb-mz-v9s1t0b-am/,N82E16820147899,13462820676,M.2 PCIe 5.0 x2,,2026-03-22T14:26:43.761Z,MZ-V9S1T0BW | MZ-V9S1T0B/AM | MZV9S1T0BAM,True,SSD,
6e79b086-306c-4f3b-bd69-5bb1639c8455,Samsung MZVPV256HDGL-00000 256GB M.2-2280 SSD PCIe 3.0 X4 NVMe,Samsung,MZVPV256HDGL-00000,256GB,,6e79b086-306c-4f3b-bd69-5bb1639c8455.json,,256,M.2-2280,,,,,,,M.2 PCIe 3.0 x4,,,MZVPV256HDGL-00000,True,SSD,SSD
6e7f28e2-0afe-4845-b538-21cc850eca0d,Transcend 110S 128GB SSD M.2-2280 PCIe 3.0 X4 NVMe,Transcend,110S,128GB,,6e7f28e2-0afe-4845-b538-21cc850eca0d.json,,128,M.2-2280,B07CXC32T2,,,,,645072637,M.2 PCIe 3.0 x4,,,TS128GMTE110S,True,SSD,SSD
6e91f4e4-c7e1-4b7a-8041-f289700a1f77,SanDisk Ultra 1TB SSD M.2-2280 PCIe 3.0 x4 NVMe,SanDisk,Ultra,1000GB,,6e91f4e4-c7e1-4b7a-8041-f289700a1f77.json,,1000,M.2-2280,,,,,,,M.2 PCIe 3.0 x4,,,SDSSDH3N-1T00-G25,True,SSD,SSD
6ea1bbc5-e767-4954-911a-b013fceff8cf,PNY XLR8 CS3030 250GB SSD M.2-2280 PCIe 3.0 NVMe,PNY,XLR8,250GB,,6ea1bbc5-e767-4954-911a-b013fceff8cf.json,,250,M.2-2280,,,,,,,M.2 PCIe 3.0 x4,,,M280CS3030-250-RB,True,SSD,SSD
6ea8150f-5b5e-411f-a498-95e466197d5a,"Seagate BarraCuda 3TB HDD 2.5"" SATA",Seagate,BarraCuda,3000GB,,6ea8150f-5b5e-411f-a498-95e466197d5a.json,,3000,"2.5""",B01LWPEVPL,,,,,161308972,SATA 6.0 Gb/s,,,ST3000LM024,False,HDD,HDD
6ed2cc45-acd4-49c2-81f5-da0a51da467b,"Seagate Exos X14 12TB Internal HDD 3.5"" 7200RPM SATA 6.0 Gb/s",Seagate,Exos,12000GB,,6ed2cc45-acd4-49c2-81f5-da0a51da467b.json,,12000,"3.5""",B07SLK3DVT,,,,,542376123,SATA 6.0 Gb/s,,,ST12000NM0248,False,HDD,HDD
6ed5c750-4244-4052-80ad-603496b68811,Rocket Q NVMe SSD,Sabrent,Rocket Q,8TB M.2 2280 PCIe 3.0 NVMe QLC SSD,2022,6ed5c750-4244-4052-80ad-603496b68811.json,,8000,M.2-2280,B08957PT2K,,,,9SIAME8BF39670,897784899,M.2 PCIe 3.0 x4,,,SB-RKTQ-8TB,True,SSD,SSD
6f00492e-a235-4885-8049-508b0843688b,"Toshiba N300 Pro 18TB HDD 3.5"" 7200RPM SATA 6.0 Gb/s",Toshiba,N300,18000GB,,6f00492e-a235-4885-8049-508b0843688b.json,,18000,"3.5""",B09TQ7JTXQ,,,,N82E16822149809,1338739807,SATA 6.0 Gb/s,,,HDWG51JXZSTB,False,HDD,HDD
6f100bcd-25f9-4ab0-85cf-2420820e7191,Integral M2 256GB M.2 SSD PCIe 3.0 NVMe,Integral,M2,256GB,,6f100bcd-25f9-4ab0-85cf-2420820e7191.json,,256,M.2-2280,,,,,,,M.2 PCIe 3.0 x4,,,INSSD256GM280NM2,True,SSD,SSD
6f131e78-25bf-4c30-92e7-0e9d6f8ad6c7,"Silicon Power A55 512GB SSD 2.5"" SATA",Silicon Power,A55,512GB,,6f131e78-25bf-4c30-92e7-0e9d6f8ad6c7.json,,512,"2.5""",B07997QV4Z,,,,N82E16820301381,882074213,SATA 6.0 Gb/s,,,SP512GBSS3A55S25 | SU512GBSS3A55S25NE,False,SSD,SSD
6f204645-788a-4e14-b1a5-7313a6c2d7ed,"Intel DC S4500 1.9TB 2.5"" SSD SATA",Intel,DC,1000GB,,6f204645-788a-4e14-b1a5-7313a6c2d7ed.json,,1000,"2.5""",B074QSB52M,,,,,376974390,SATA 6.0 Gb/s,,,SSDSC2KB019T701 | 99999,False,SSD,SSD
6f35f34e-f307-4804-a9a7-4eb0572f5c66,MSI SPATIUM M390 500GB M.2-2280 SSD PCIe 3.0 x4 NVMe,MSI,SPATIUM,500GB,,6f35f34e-f307-4804-a9a7-4eb0572f5c66.json,,500,M.2-2280,B09NKDP7QN,,,,9SIBWH3KBC4821,491493749,M.2 PCIe 3.0 x4,,,SM390N500 | S78-440K070-P83 | MSI SPATIUM M390 500GB | SPATIUM M390 NVMe M.2 500GB,True,SSD,SSD
6f5686f5-5555-416e-b7dc-cb088cb3a91f,"Toshiba MK2565GSX 250GB HDD 5400RPM 2.5"" SATA 3.0 Gb/s Internal",Toshiba,MK2565GSX,250GB,,6f5686f5-5555-416e-b7dc-cb088cb3a91f.json,,250,"2.5""",,,,,,,SATA 3.0 Gb/s,,,MK2565GSX,False,HDD,HDD
6f6804aa-1231-4d67-9399-c819d16ebce6,"TEAMGROUP AX2 2TB SSD 2.5"" SATA",TEAMGROUP,AX2,2000GB,,6f6804aa-1231-4d67-9399-c819d16ebce6.json,,2000,"2.5""",B08GCKFZXS,,,,,1280945967,SATA 6.0 Gb/s,,,T253A3002T0C101,False,SSD,SSD
6f72179b-69ed-4d27-8a4d-c6346f8063ed,"Seagate ST500LM020 500GB Hybrid 2.5"" 5400RPM SATA",Seagate,ST500LM020,500GB,,6f72179b-69ed-4d27-8a4d-c6346f8063ed.json,,500,"2.5""",,,,,,,SATA 6.0 Gb/s,,,ST500LM020,False,SSHD,SSHD
6f7eaa50-c91f-4a3e-a174-2117b3fa0869,"Seagate IronWolf Pro NAS 6TB 3.5"" HDD 7200RPM SATA",Seagate,IronWolf,6000GB,,6f7eaa50-c91f-4a3e-a174-2117b3fa0869.json,,6000,"3.5""",B0B94LJY51,,,,N82E16822185078,2644655224,SATA 6.0 Gb/s,,,ST6000NT001,False,HDD,HDD
6fa1fe39-e9bb-4782-8360-b0867a6ea23c,"Seagate BarraCuda 2TB HDD 2.5"" 5400RPM SATA Internal",Seagate,BarraCuda,2000GB,,6fa1fe39-e9bb-4782-8360-b0867a6ea23c.json,,2000,"2.5""",B07D99S8Z7,,,,,137186171,SATA 6.0 Gb/s,,,ST2000LM015 | ST2000LMZ15,False,HDD,HDD
6fa4d037-7ee4-47e8-b027-4f9226ad0f6a,"Corsair Performance Pro 128GB SSD 2.5"" SATA",Corsair,Performance,128GB,,6fa4d037-7ee4-47e8-b027-4f9226ad0f6a.json,,128,"2.5""",,,,,,,SATA 6.0 Gb/s,,,CSSD-P128GBP-BK,False,SSD,SSD
6fbff462-1e4f-4bdb-8adc-00f619f7ac61,Sabrent Rocket 4 1TB SSD M.2-2280 PCIe 4.0 X4 NVMe,Sabrent,Rocket,1000GB,,6fbff462-1e4f-4bdb-8adc-00f619f7ac61.json,,1000,M.2-2280,B0CZJWSFGS,,,,,16158321544,M.2 PCIe 4.0 x4,,,SB-RKT4L-1TB,True,SSD,SSD
7037c18a-f139-450c-8ee5-b40e5599bad7,TEAMGROUP MP44L 2TB SSD M.2-2280 PCIe 4.0 X4 NVMe,TEAMGROUP,MP44L,2000GB,,7037c18a-f139-450c-8ee5-b40e5599bad7.json,,2000,M.2-2280,B0B9Y48V73,,,,N82E16820331920,2253067586,M.2 PCIe 4.0 x4,,,TM8FPK002T0C101,True,SSD,SSD
703d9f83-63b7-46a0-9aae-3194016c0949,"Toshiba MQ01ABD075 750GB HDD 2.5"" 5400RPM SATA 3.0 Gb/s Internal",Toshiba,MQ01ABD075,750GB,,703d9f83-63b7-46a0-9aae-3194016c0949.json,,750,"2.5""",,,,,,,SATA 3.0 Gb/s,,,MQ01ABD075,False,HDD,HDD
705c0135-a16e-4564-85db-ffbb8ee50544,Acer FA100 1TB SSD M.2-2280 PCIe 3.0 X4 NVMe,Acer,FA100,1000GB,,705c0135-a16e-4564-85db-ffbb8ee50544.json,,1000,M.2-2280,B08YYQLMC7,,,,,135814309,M.2 PCIe 3.0 x4,,,BL.9BWWA.120 | FA100,True,SSD,SSD
70642c0b-7bf7-463b-a928-29de85105e9a,"Kingston KC600 256GB SSD 2.5"" SATA 6.0 Gb/s",Kingston,KC600,256GB,,70642c0b-7bf7-463b-a928-29de85105e9a.json,,256,"2.5""",B08ZNSNL1K,,,,0D9-001B-004P2,888902658,SATA 6.0 Gb/s,,,SKC600MS256G | SKC600MS/256G,False,SSD,SSD
7068b721-c0e8-475d-8af0-0a60f8e47765,"Western Digital Caviar Green 3TB Internal HDD 5400RPM 3.5"" SATA 6.0 Gb/s",Western Digital,Caviar,3000GB,,7068b721-c0e8-475d-8af0-0a60f8e47765.json,,3000,"3.5""",,,,,,,SATA 6.0 Gb/s,,,WD30EZRX,False,HDD,HDD
7073dd9e-a88a-496b-a881-a455a550692e,"Samsung 870 Evo 4TB SSD 2.5"" SATA 6.0 Gb/s",Samsung,870,4000GB,,7073dd9e-a88a-496b-a881-a455a550692e.json,,4000,"2.5""",B08QBL36GF,6447130,,,N82E16820147795,812773349,SATA 6.0 Gb/s,,,MZ-77E4T0B | AM | EU | MZ-77E4T0BW | MZ-77E4T0B/AM,False,SSD,SSD
70749cc0-0768-4860-a0c2-82a51bee0112,Orico J-10 512 GB M.2-2280 SSD PCIe 3.0 x4 NVMe,Orico,J-10,512GB,,70749cc0-0768-4860-a0c2-82a51bee0112.json,,512,M.2-2280,,,,,,,M.2 PCIe 3.0 x4,,,J10-512GB,True,SSD,SSD
70771290-0411-4d60-8cb8-8a753a0cbf09,"Kingston DC450R 3.84 TB SSD 2.5"" SATA 6.0 Gb/s",Kingston,DC450R,3000GB,,70771290-0411-4d60-8cb8-8a753a0cbf09.json,,3000,"2.5""",B07ZG4TDQT,,,,,396753867,SATA 6.0 Gb/s,,,SEDC450R | 3840G | SEDC450R/3840G,False,SSD,SSD
70b66375-5602-4e1c-a290-19d295805fa5,XPG SX6000 Lite 512GB M.2-2280 SSD PCIe 3.0 X4 NVMe,XPG,SX6000,512GB,,70b66375-5602-4e1c-a290-19d295805fa5.json,,512,M.2-2280,,,,,,,M.2 PCIe 3.0 x4,,,ASX6000LNP-512GT-C,True,SSD,SSD
70c48d80-d0a5-4cfe-89f1-977a4d6cec89,"TEAMGROUP L5 LITE 480GB SSD 2.5"" SATA",TEAMGROUP,L5,480GB,,70c48d80-d0a5-4cfe-89f1-977a4d6cec89.json,,480,"2.5""",,,,,,,SATA 6.0 Gb/s,,,T2535T480G0C101,False,SSD,SSD
70d02ff4-6c97-4d75-94d3-b4a6f486c5da,"Toshiba P300 3TB HDD 3.5"" 7200RPM SATA 6.0 Gb/s",Toshiba,P300,3000GB,,70d02ff4-6c97-4d75-94d3-b4a6f486c5da.json,,3000,"3.5""",B013JPLOQQ,,,,,47182393,SATA 6.0 Gb/s,,,HDWD130XZSTA,False,HDD,HDD
70d07679-8f8f-4b12-a4a5-a134215e80a5,"Seagate Constellation CS 3TB HDD 7200RPM 3.5"" SATA",Seagate,Constellation,3000GB,,70d07679-8f8f-4b12-a4a5-a134215e80a5.json,,3000,"3.5""",B00A1ZXQLO,,,,,919297864,SATA 6.0 Gb/s,,,ST3000NC002,False,HDD,HDD
70e59965-8fbf-42d5-8d57-244cfe90c185,Inland Platinum 2TB M.2-2280 SSD PCIe 3.0 X4 NVMe,Inland,Platinum,2000GB,,70e59965-8fbf-42d5-8d57-244cfe90c185.json,,2000,M.2-2280,,,,,,,M.2 PCIe 3.0 x4,,,2TB NVME QLC V2,True,SSD,SSD
70fff4fb-3689-4695-9d19-6af46db76ffd,"Hitachi Travelstar 7K750 750 GB 2.5"" HDD 7200 RPM SATA 3.0 Gb/s Internal",Hitachi,Travelstar,750GB,,70fff4fb-3689-4695-9d19-6af46db76ffd.json,,750,"2.5""",,,,,,,SATA 3.0 Gb/s,,,HTS727575A9E364,False,HDD,HDD
7101cf1f-d5a4-4294-89ac-987f6ff580c6,Corsair MP600 CORE XT R2 2TB M.2-2280 SSD PCIe 4.0 X4 NVMe,Corsair,MP600,2000GB,,7101cf1f-d5a4-4294-89ac-987f6ff580c6.json,,2000,M.2-2280,B0DVCCJQ4K,,,,N82E16820982254,15366555843,M.2 PCIe 4.0 x4,,,CSSD-F2000GBMP600CXTR2,True,SSD,SSD
710a08ae-c6b7-421e-a343-300f8730de64,"Crucial MX200 500GB 2.5"" SSD SATA",Crucial,MX200,500GB,,710a08ae-c6b7-421e-a343-300f8730de64.json,,500,"2.5""",B00RQA6E20,,,,,,SATA 6.0 Gb/s,,,CT500MX200SSD1,False,SSD,SSD
7110afe0-55f5-46ed-81fb-2bc03b4a1c50,PNY CS2140 1TB M.2-2280 SSD PCIe 4.0 x4 NVMe,PNY,CS2140,1000GB,,7110afe0-55f5-46ed-81fb-2bc03b4a1c50.json,,1000,M.2-2280,B09RPL3RKZ,6500245,,,N82E16820177144,847568580,M.2 PCIe 4.0 x4,,,M280CS2140-1TB-RB,True,SSD,SSD
71505629-a04e-445f-aaba-344eb3060e75,"Hitachi Ultrastar He8 8TB HDD 7200RPM 3.5"" SATA",Hitachi,Ultrastar,8000GB,,71505629-a04e-445f-aaba-344eb3060e75.json,,8000,"3.5""",B00OHUNXKI,,,,,,SATA 6.0 Gb/s,,,0F23668,False,HDD,HDD
716a1417-abcf-4c49-87ca-1d18d8c7ff62,TEAMGROUP T-FORCE G70 PRO Graphene 4TB SSD M.2-2280 PCIe 4.0 X4 NVMe,TEAMGROUP,T-FORCE,4000GB,,716a1417-abcf-4c49-87ca-1d18d8c7ff62.json,,4000,M.2-2280,B0CWQQVTZK,,,,N82E16820985209,8744412168,M.2 PCIe 4.0 x4,,,TM8FFH004T0C129,True,SSD,SSD
717c802b-5610-4e93-98ff-d505a90c9ace,"Western Digital Purple 8TB HDD 3.5"" 5640RPM SATA",Western Digital,Purple,8000GB,,717c802b-5610-4e93-98ff-d505a90c9ace.json,,8000,"3.5""",B08XNL4CRM,,,,1Z4-0002-01CK2,954620451,SATA 6.0 Gb/s,,,WD84PURZ,False,HDD,HDD
71854b14-cba5-4688-938d-0db7a5d46429,"Plextor M7V 512GB SSD 2.5"" SATA",Plextor,M7V,512GB,,71854b14-cba5-4688-938d-0db7a5d46429.json,,512,"2.5""",,,,,,,SATA 6.0 Gb/s,,,PX-512M7VC,False,SSD,SSD
7198a679-eade-42a8-a44a-d1fae0c2b086,"Seagate Exos X24 20TB 3.5"" HDD 7200RPM SATA 6.0 Gb/s Internal",Seagate,Exos,20000GB,,7198a679-eade-42a8-a44a-d1fae0c2b086.json,,20000,"3.5""",B0CN5LH117,,,,1Z4-002P-02KZ5,5252787742,SATA 6.0 Gb/s,,,ST20000NM002H,False,HDD,HDD
71a2354b-6ca5-471e-b753-c1c2a6407f3b,"Seagate Enterprise Capacity 10 TB 3.5"" 7200 RPM Internal",Seagate,Enterprise,10000GB,,71a2354b-6ca5-471e-b753-c1c2a6407f3b.json,,10000,"3.5""",,,,,,,SATA 6.0 Gb/s,,,ST10000NM0016,False,HDD,HDD
71a96e05-6968-4893-b4d4-b1fc9b7d9df7,"Western Digital Black 1TB HDD 2.5"" 7200RPM SATA Internal",Western Digital,Black,1000GB,,71a96e05-6968-4893-b4d4-b1fc9b7d9df7.json,,1000,"2.5""",,,,,,,SATA 6.0 Gb/s,,,WD10JQLX,False,HDD,HDD
71c93280-f109-4e2e-9ccc-704dc16bf831,"Micron M600 1TB SSD 2.5"" SATA 6.0 Gb/s",Micron,M600,1000GB,,71c93280-f109-4e2e-9ccc-704dc16bf831.json,,1000,"2.5""",,,,,,,SATA 6.0 Gb/s,,,MTFDDAK1T0MBF-1AN12ABYY,False,SSD,SSD
71cb7e08-c5d1-4cc7-9198-eab7e5477de5,"Crucial M550 1TB SSD 2.5"" SATA",Crucial,M550,1000GB,,71cb7e08-c5d1-4cc7-9198-eab7e5477de5.json,,1000,"2.5""",,,,,,,SATA 6.0 Gb/s,,,CT1024M550SSD1,False,SSD,SSD
71ce1c5e-a3b8-40c9-bf97-7eef02994163,Addlink A95 2TB M.2 SSD PCIe 4.0 NVMe,Addlink,A95,2000GB,,71ce1c5e-a3b8-40c9-bf97-7eef02994163.json,,2000,M.2-2280,B09HJWCRCB,,,,,,M.2 PCIe 4.0 x4,,,ad2TBA95M2P | HU-XI-201,True,SSD,SSD
71ea0796-5c43-403b-bdd4-a335c988657a,Sabrent Rocket Q 2TB SSD M.2-2280 PCIe 3.0 X4 NVMe,Sabrent,Rocket,2000GB,,71ea0796-5c43-403b-bdd4-a335c988657a.json,,2000,M.2-2280,,,,,,,M.2 PCIe 3.0 x4,,,SB-RKTQ-2TB,True,SSD,SSD
71fdd168-8737-4005-8097-77543daae033,"Verbatim Vi550 256GB SSD 2.5"" SATA",Verbatim,Vi550,256GB,,71fdd168-8737-4005-8097-77543daae033.json,,256,"2.5""",B07LGBLBKB,,,,1Z4-000K-00056,843572831,SATA 6.0 Gb/s,,,49351,False,SSD,SSD
7217ad15-ff4a-46e0-85d7-9b65587c4aeb,ADATA Swordfish 2TB SSD M.2 PCIe 3.0 NVMe,ADATA,Swordfish,2000GB,,7217ad15-ff4a-46e0-85d7-9b65587c4aeb.json,,2000,M.2-2280,,,,,,,M.2 PCIe 3.0 x4,,,ASWORDFISH-2T-C,True,SSD,SSD
7217f524-2680-44dd-9491-a11028d5330e,"SK Hynix Gold S31 1TB SSD 2.5"" SATA 6.0 Gb/s",SK Hynix,Gold,1000GB,,7217f524-2680-44dd-9491-a11028d5330e.json,,1000,"2.5""",B07SNHB4RC,6431941,,,N82E16820147789,,SATA 6.0 Gb/s,,,SHGS31-1000GS-2,False,SSD,SSD
721e014e-bf42-4046-b505-a6a5950bf453,TEAMGROUP MP34 4TB SSD M.2-2280 PCIe 3.0 X4 NVMe,TEAMGROUP,MP34,4000GB,,721e014e-bf42-4046-b505-a6a5950bf453.json,,4000,M.2-2280,B08Z7LN8NM,,,,N82E16820331702,216516492,M.2 PCIe 3.0 x4,,,TM8FP4004T0C101,True,SSD,SSD
7222722d-65b4-4058-9e39-e5b585e21dd2,"Seagate SkyHawk 6TB Internal HDD 3.5"" 5900 RPM SATA",Seagate,SkyHawk,6000GB,,7222722d-65b4-4058-9e39-e5b585e21dd2.json,,6000,"3.5""",B01LOOJ8Z8,,,,,110151724,SATA 6.0 Gb/s,,,ST6000VX0023 | ST6000VXB23,False,HDD,HDD
722863d1-ae20-4400-844a-ca150b7727ed,MSI SPATIUM M480 PRO 2TB M.2-2280 SSD PCIe 4.0 x4 NVMe,MSI,SPATIUM,2000GB,,722863d1-ae20-4400-844a-ca150b7727ed.json,,2000,M.2-2280,B0C5Y4H2F5,,,,N82E16820140045,2364331047,M.2 PCIe 4.0 x4,,,S78-440Q600-P83 | SPATIUM M480 PRO PCIE 4.0 NVME M.2 2TB | SPATIUM M480 PRO PCIe 4.0 NVMe M.2 2TB | SM480PN2TB,True,SSD,SSD
72326690-83c8-4c0c-b993-952296639484,"Seagate Barracuda Compute 2TB SSD 2.5"" SATA",Seagate,Barracuda,2000GB,,72326690-83c8-4c0c-b993-952296639484.json,,2000,"2.5""",,,,,,,SATA 6.0 Gb/s,,,ZA2000CM10002,False,SSD,SSD
723960a1-9ed0-40dc-a37f-e8e3e44ed496,FanXiang S660 500GB M.2 SSD PCIe 4.0 NVMe,FanXiang,S660,500GB,,723960a1-9ed0-40dc-a37f-e8e3e44ed496.json,,500,M.2-2280,,,,,,,M.2 PCIe 4.0 x4,,,500GB - SSD - M.2 - S660,True,SSD,SSD
72398974-0c3f-4711-a987-83882bca93c5,KingSpec XF 1TB SSD M.2-2280 PCIe 4.0 X4 NVMe,KingSpec,XF,1000GB,,72398974-0c3f-4711-a987-83882bca93c5.json,,1000,M.2-2280,,,,,0D9-000D-00153,,M.2 PCIe 4.0 x4,,,XF-2280-1TB | XF-1TB-2280,True,SSD,SSD
723f4435-aa16-4200-92f6-303e4dfb08eb,Transcend 220S 2TB M.2-2280 SSD PCIe 3.0 NVMe X4,Transcend,220S,2000GB,,723f4435-aa16-4200-92f6-303e4dfb08eb.json,,2000,M.2-2280,B0875JV151,,,,,879264783,M.2 PCIe 3.0 x4,,,TS2TMTE220S,True,SSD,SSD
725fd827-9103-413e-a6fe-77117853169f,"Seagate Exos X18 18TB HDD 3.5"" SATA",Seagate,Exos,18000GB,,725fd827-9103-413e-a6fe-77117853169f.json,,18000,"3.5""",B09FZNXQXR,,,,,813571400,SATA 6.0 Gb/s,,,ST18000NM001J,False,HDD,HDD
72761649-b085-411d-9604-949d1fedc98f,"TEAMGROUP T-Force Delta Max RGB 250GB SSD 2.5"" SATA 6.0 Gb/s",TEAMGROUP,T-Force,250GB,,72761649-b085-411d-9604-949d1fedc98f.json,,250,"2.5""",,,,,,,SATA 6.0 Gb/s,,,T253TM250G3C302,False,SSD,SSD
72af0b42-fc95-4f47-b786-5ea8ce3d5e3b,Transcend MTS600 256GB M.2-2260 SSD SATA,Transcend,MTS600,256GB,,72af0b42-fc95-4f47-b786-5ea8ce3d5e3b.json,,256,M.2-2260,B00KLTPT6A,,,,,,M.2 SATA,,,TS256GMTS600,False,SSD,SSD
72b7e99b-705d-4ba6-a7e4-1439559c7fb6,"Seagate BarraCuda Pro 6TB 3.5"" HDD 7200RPM SATA 6.0 Gb/s",Seagate,BarraCuda,6000GB,,72b7e99b-705d-4ba6-a7e4-1439559c7fb6.json,,6000,"3.5""",B013JPKYQC,,,,9SIA4MRK2G0777,,SATA 6.0 Gb/s,,,ST6000DM001,False,HDD,HDD
72c47d03-b3d8-4bcb-a738-9b3906a24bd0,"SanDisk Extreme 120GB SSD 2.5"" SATA 6.0 Gb/s",SanDisk,Extreme,120GB,,72c47d03-b3d8-4bcb-a738-9b3906a24bd0.json,,120,"2.5""",,,,,,,SATA 6.0 Gb/s,,,SDSSDX-120G-G25,False,SSD,SSD
72c60292-6ee0-4b5d-8c94-d77993ff8da1,"Toshiba MD07ACA 14TB 3.5"" HDD 7200RPM SATA 6.0 Gb/s",Toshiba,MD07ACA,14GB,,72c60292-6ee0-4b5d-8c94-d77993ff8da1.json,,14,"3.5""",,,,,,,SATA 6.0 Gb/s,,,MD07ACA14T,False,HDD,HDD
72d39555-0a7e-4124-956d-49ee191852d4,Seagate FireCuda 530 2TB SSD M.2-2280 PCIe 4.0 NVMe,Seagate,FireCuda,2000GB,,72d39555-0a7e-4124-956d-49ee191852d4.json,,2000,M.2-2280,B08Q55DGGY,,,,9SIA12KK5K8503,378053871,M.2 PCIe 4.0 x4,,,ZP2000GM3A013 | ZP2000GM30013 | ZP2000GM3A003,True,SSD,SSD
72d4fc17-0330-4fec-adfa-0eee7e0f8a09,"Seagate BarraCuda 160GB HDD 3.5"" 7200RPM PATA 100",Seagate,BarraCuda,160GB,,72d4fc17-0330-4fec-adfa-0eee7e0f8a09.json,,160,"3.5""",,,,,,,PATA 100,,,ST3160215A,False,HDD,HDD
72e9e783-ddf2-457d-b1b8-ef2578e31030,Lexar NQ780 1TB M.2-2280 SSD PCIe 4.0 x4 NVMe,Lexar,NQ780,1000GB,,72e9e783-ddf2-457d-b1b8-ef2578e31030.json,,1000,M.2-2280,B0F25C3PMM,,,,,17753350507,M.2 PCIe 4.0 x4,,,LNQ780X002T-RNNNU,True,SSD,SSD
7331433e-a201-4579-a8fb-9e1d0867202c,Corsair MP600 PRO NH 2TB M.2-2280 SSD PCIe 4.0 X4 NVMe,Corsair,MP600,2000GB,,7331433e-a201-4579-a8fb-9e1d0867202c.json,,2000,M.2-2280,,,,,N82E16820236919,,M.2 PCIe 4.0 x4,,,CSSD-F2000GBMP600PNH,True,SSD,SSD
740b2419-9225-4147-a477-aac7c852e11b,"Seagate Enterprise 1TB HDD 3.5"" 7200RPM SATA",Seagate,Enterprise,1000GB,,740b2419-9225-4147-a477-aac7c852e11b.json,,1000,"3.5""",B01G3S9MLU,,,,,108292682,SATA 6.0 Gb/s,,,ST1000NM0065,False,HDD,HDD
743487d9-1b75-4466-a33f-41d023a8ddd1,"Seagate IronWolf NAS 6TB HDD 5400RPM 3.5"" SATA",Seagate,IronWolf,6000GB,,743487d9-1b75-4466-a33f-41d023a8ddd1.json,,6000,"3.5""",B0BNGN1DL3,,,,1Z4-002P-02HT3,2148822552,SATA 6.0 Gb/s,,,ST6000VN006,False,HDD,HDD
74507f8c-1c20-4e1e-a0d6-cfc9ba8ec178,"Western Digital Blue 4TB Hybrid 3.5"" 5400 RPM SATA 6.0 Gb/s Internal",Western Digital,Blue,4000GB,,74507f8c-1c20-4e1e-a0d6-cfc9ba8ec178.json,,4000,"3.5""",,,,,,,SATA 6.0 Gb/s,,,WD40E31X,False,SSHD,SSHD
745b8441-8ae0-4ced-a269-0186175f1eac,"Seagate Constellation ES.2 3 TB HDD 3.5"" 7200RPM SATA 6.0 Gb/s",Seagate,Constellation,3000GB,,745b8441-8ae0-4ced-a269-0186175f1eac.json,,3000,"3.5""",,,,,,,SATA 6.0 Gb/s,,,ST33000651NS,False,HDD,HDD
746a26e4-9183-4298-b23c-888c8dc15e7e,Pioneer APS-SE20G-256 256GB SSD M.2-2280 PCIe 3.0 x4 NVMe,Pioneer,APS-SE20G-256,256GB,,746a26e4-9183-4298-b23c-888c8dc15e7e.json,,256,M.2-2280,B07P5Q8YWW,,,,,,M.2 PCIe 3.0 x4,,,APS-SE20G-256,True,SSD,SSD
747fdef9-2fa3-46ea-8941-4136861af250,Integral MO-300 1.024 TB SSD mSATA mSATA,Integral,MO-300,1000GB,,747fdef9-2fa3-46ea-8941-4136861af250.json,,1000,mSATA,B08439XGY1,,,,,,mSATA,,,INSSD1TMSA,False,SSD,SSD
748b426b-9bf2-4173-9045-50df084150ec,Western Digital WD_Black SN850X 1TB SSD M.2 PCIe 4.0 NVMe,Western Digital,WD_Black,1000GB,,748b426b-9bf2-4173-9045-50df084150ec.json,,1000,M.2-2280,B0B7CKVCCV,6512131,29320,,N82E16820250243,1327398612,M.2 PCIe 4.0 x4,,,WDS100T2X0E | WDBB9G0010BNC-WRSN | WDS100T2X0E-00BCA0,True,SSD,SSD
749fb5cf-fad4-47e4-8d66-8e19be7d8929,Western Digital WD Blue SN5000 1TB SSD M.2-2280 PCIe 4.0 X4 NVMe,Western Digital,WD,1000GB,,749fb5cf-fad4-47e4-8d66-8e19be7d8929.json,,1000,M.2-2280,B0D7MLHCQ7,6615940,31309,,N82E16820250268,7991456314,M.2 PCIe 4.0 x4,,,WDS100T4B0E | WDS100T4B0E-00CNZ0,True,SSD,SSD
74a30788-ba98-48ce-b385-d42b9436f5c7,"Western Digital VelociRaptor 1TB 2.5"" HDD 10000RPM SATA",Western Digital,VelociRaptor,1000GB,,74a30788-ba98-48ce-b385-d42b9436f5c7.json,,1000,"2.5""",B00CCGTN8U,,,,,26969279,SATA 6.0 Gb/s,,,WD1000CHTZ,False,HDD,HDD
74bbb306-ce02-4837-a537-bec1589b103b,"Seagate EE25.2 40GB HDD 5400RPM 2.5"" SATA",Seagate,EE25.2,40GB,,74bbb306-ce02-4837-a537-bec1589b103b.json,,40,"2.5""",,,,,,,SATA 3.0 Gb/s,,,ST940817SM,False,HDD,HDD
74da8e29-290b-48bc-84c5-70292d37ef86,"Western Digital Green 2TB HDD 2.5"" SATA",Western Digital,Green,2000GB,,74da8e29-290b-48bc-84c5-70292d37ef86.json,,2000,"2.5""",,,,,,,SATA 3.0 Gb/s,,,WD20NPVT,False,HDD,HDD
74e32557-1c5b-421d-84a6-e74e6854dd31,Titanium Micro TH7175 1TB SSD M.2 NVMe PCIe 4.0,Titanium Micro,TH7175,1000GB,,74e32557-1c5b-421d-84a6-e74e6854dd31.json,,1000,M.2-2280,B094RDHBV1,,,,,566207565,M.2 PCIe 4.0 x4,,,TMNM2Q-TH7175-1TB | TMNM2QTH71751TB,True,SSD,SSD
74e4f963-0233-48ec-8960-b59a39f663b8,"Toshiba HDKBB96 1TB 2.5"" HDD 5400RPM SATA 6.0 Gb/s Internal",Toshiba,HDKBB96,1000GB,,74e4f963-0233-48ec-8960-b59a39f663b8.json,,1000,"2.5""",B00AUH3L04,,,,,35425153,SATA 6.0 Gb/s,,,HDKBB96,False,HDD,HDD
74e6cf0c-d565-4631-abe5-5c4e62b318ba,"SanDisk X600 128GB SSD 2.5"" SATA 6.0 Gb/s",SanDisk,X600,128GB,,74e6cf0c-d565-4631-abe5-5c4e62b318ba.json,,128,"2.5""",,,,,,,SATA 6.0 Gb/s,,,SD9TB8W-128G-1122,False,SSD,SSD
74e9889b-71c7-4310-91bf-d7a9fd173867,Samsung 840 Evo 500GB SSD mSATA mSATA,Samsung,840,500GB,,74e9889b-71c7-4310-91bf-d7a9fd173867.json,,500,mSATA,,,,,,,mSATA,,,MZ-MTE500BW,False,SSD,SSD
74f07c4a-aec8-4e94-a6f5-e0c13069a307,"Seagate ST1000LM035 1TB HDD 2.5"" SATA",Seagate,ST1000LM035,1000GB,,74f07c4a-aec8-4e94-a6f5-e0c13069a307.json,,1000,"2.5""",B01BU0YXDS,,,,9SIAAEE6FA4486,152983940,SATA 6.0 Gb/s,,,ST1000LM035,False,HDD,HDD
74f0e191-0058-489b-83f7-8f74d622bacb,Sabrent Rocket 1TB SSD M.2-2242 PCIe 3.0 x4 NVMe,Sabrent,Rocket,1000GB,,74f0e191-0058-489b-83f7-8f74d622bacb.json,,1000,M.2-2242,,,,,,,M.2 PCIe 3.0 x4,,,SB-1342-1TB,True,SSD,SSD
7511fb24-10d8-42ac-b74b-73cf56105f55,Nextorage G-Series 4TB SSD M.2-2280 PCIe 4.0 x4 NVMe,Nextorage,G-Series,4000GB,,7511fb24-10d8-42ac-b74b-73cf56105f55.json,,4000,M.2-2280,,,,,,,M.2 PCIe 4.0 x4,,,NE1N4TB,True,SSD,SSD
7519a144-7b33-42d1-af76-9d3c017ecd46,Lexar EQ790 1TB SSD M.2-2280 PCIe 4.0 X4 NVMe,Lexar,EQ790,1000GB,,7519a144-7b33-42d1-af76-9d3c017ecd46.json,,1000,M.2-2280,,,,,,,M.2 PCIe 4.0 x4,,,LEQ790X001T-RNNNG,True,SSD,SSD
751f9e0f-2a2d-450a-a607-e263a2a29179,"Crucial M550 512GB 2.5"" SSD SATA",Crucial,M550,512GB,,751f9e0f-2a2d-450a-a607-e263a2a29179.json,,512,"2.5""",,,,,,,SATA 6.0 Gb/s,,,CT512M550SSD1,False,SSD,SSD
75417e09-9056-4a49-b50d-d4f313d89fdc,"Western Digital AV-GP 1TB HDD 3.5"" SATA",Western Digital,AV-GP,1000GB,,75417e09-9056-4a49-b50d-d4f313d89fdc.json,,1000,"3.5""",B007X15MNO,,,,,203705338,SATA 6.0 Gb/s,,,WD10EURX,False,HDD,HDD
756097af-9b6c-4d61-8703-ae8713643da1,"SanDisk Ultra 3D 2TB SSD 2.5"" SATA",SanDisk,Ultra,2000GB,,756097af-9b6c-4d61-8703-ae8713643da1.json,,2000,"2.5""",B071KGS72Q,5969504,,,N82E16820173636,5002107648,SATA 6.0 Gb/s,,,SDSSDH3-2T00-G25 | SDSSDH3-2T00-G26,False,SSD,SSD
7566711b-8399-4867-9fee-83609041b4b6,Western Digital PC SN740 Pyrite 1TB SSD M.2 PCIe 4.0 NVMe,Western Digital,PC,1000GB,,7566711b-8399-4867-9fee-83609041b4b6.json,,1000,M.2-2280,,,,,,,M.2 PCIe 4.0 x4,,,SDDPNQD-1T00,True,SSD,SSD
75687e4e-896a-4c11-9d75-1e2e2e61132b,Western Digital Black SN850 500GB SSD M.2-2280 PCIe 4.0 x4 NVMe,Western Digital,Black,500GB,,75687e4e-896a-4c11-9d75-1e2e2e61132b.json,,500,M.2-2280,B08KFN1KT1,,,,N82E16820250162,589356651,M.2 PCIe 4.0 x4,,,WDS500G1X0E | WDBAPY5000ANC-WRSN,True,SSD,SSD
757282da-6141-4bfb-a61c-0e8618a42436,Lexar NM620 512GB SSD M.2 PCIe 3.0 NVMe,Lexar,NM620,512GB,,757282da-6141-4bfb-a61c-0e8618a42436.json,,512,M.2-2280,B08T6QN9KQ,,,,9SIAD7HJZ18266,,M.2 PCIe 3.0 x4,,,LNM620X512G-RNNNG | LNM620X512G-RNNNU | 15455473,True,SSD,SSD
757c0cf0-5017-4afc-a505-9415ed384c36,"Toshiba HDKPC08 3TB HDD 7200RPM 3.5"" SATA 3.0 Gb/s Internal",Toshiba,HDKPC08,3000GB,,757c0cf0-5017-4afc-a505-9415ed384c36.json,,3000,"3.5""",,,,,,,SATA 3.0 Gb/s,,,HDKPC08,False,HDD,HDD
75abdcc3-eee5-42c0-a65f-e92745067378,Western Digital Black SN750 Rev2 1TB SSD M.2-2280 PCIe 3.0 X4 NVMe,Western Digital,Black,1000GB,,75abdcc3-eee5-42c0-a65f-e92745067378.json,,1000,M.2-2280,,,,,,,M.2 PCIe 3.0 x4,,,WDBRPG0010BNC-WRSN,True,SSD,SSD
75bbc475-4d86-4079-a393-e29b5c880054,KIOXIA EXCERIA PLUS G3 2TB M.2 SSD PCIe 4.0 NVMe,KIOXIA,EXCERIA,2000GB,,75bbc475-4d86-4079-a393-e29b5c880054.json,,2000,M.2-2280,,,,,,,M.2 PCIe 4.0 x4,,,LSD10Z002TG8,True,SSD,SSD
75e87114-f732-4519-90af-cf0d47de3339,Intel 545s 256GB SSD M.2-2280 SATA,Intel,545s,256GB,,75e87114-f732-4519-90af-cf0d47de3339.json,,256,M.2-2280,,,,,,,M.2 SATA,,,SSDSCKKW256G8X1,False,SSD,SSD
7608d39f-c14d-4de0-b15f-c24b9748c545,"Micron 5400 Pro 960GB 2.5"" SSD SATA",Micron,5400,960GB,,7608d39f-c14d-4de0-b15f-c24b9748c545.json,,960,"2.5""",,,,,,,SATA 6.0 Gb/s,,,MTFDDAK960TGA-1BC1ZABYY,False,SSD,SSD
761e083e-4f03-482c-b5ce-8280174b1fd1,Leven JM600 256GB SSD M.2 SATA,Leven,JM600,256GB,,761e083e-4f03-482c-b5ce-8280174b1fd1.json,,256,M.2-2280,,,,,,,M.2 SATA,,,JM600M2-2280256GB,False,SSD,SSD
76498642-6d7c-42b1-8ef6-4d45cfc536fc,"Western Digital Ultrastar DC HC560 22TB HDD 7200RPM 3.5"" SATA",Western Digital,Ultrastar,22000GB,,76498642-6d7c-42b1-8ef6-4d45cfc536fc.json,,22000,"3.5""",,,,,N82E16822234538,2599336507,SATA 6.0 Gb/s,,,0F48155,False,HDD,HDD
765813ce-a5d3-472b-a05e-8f208ec87b8e,Orico D10 512GB SSD M.2 PCIe 3.0 NVMe,Orico,D10,512GB,,765813ce-a5d3-472b-a05e-8f208ec87b8e.json,,512,M.2-2280,B0DLFY3PH6,,,,,,M.2 PCIe 3.0 x4,,,D10-512GB,True,SSD,SSD
76658bb5-1e5e-4f64-933e-b5f22d4fcd02,"Kingston KC600B 256GB SSD 2.5"" SATA",Kingston,KC600B,256GB,,76658bb5-1e5e-4f64-933e-b5f22d4fcd02.json,,256,"2.5""",,,,,,,SATA 6.0 Gb/s,,,SKC600B | 256G,False,SSD,SSD
766697d3-013d-4684-8fbb-2d0e444de0f4,"Samsung MZ-75E4T0B 4TB SSD 2.5"" SATA",Samsung,MZ-75E4T0B,4000GB,,766697d3-013d-4684-8fbb-2d0e444de0f4.json,,4000,"2.5""",B01G844OOO,,,,,,SATA 6.0 Gb/s,,,MZ-75E4T0B | AM | MZ-75E4T0BW | EU | KR | CN | MZ-75E4T0B/AM,False,SSD,SSD
766e8b48-e8fe-44f0-8baf-8949a68e0538,Patriot P310 1.92 TB M.2-2280 SSD PCIe 3.0 X4 NVME,Patriot,P310,1000GB,,766e8b48-e8fe-44f0-8baf-8949a68e0538.json,,1000,M.2-2280,B09KY9CSMF,,,,9SIBDRDJW06108,224902431,M.2 PCIe 3.0 x4,,,P310P192TM28,True,SSD,SSD
7698f658-23c4-44b2-b422-8901c0b4d099,Samsung 9100 PRO w/Heatsink 1TB M.2-2280 SSD PCIe 5.0 NVMe,Samsung,9100,1000GB,,7698f658-23c4-44b2-b422-8901c0b4d099.json,,1000,M.2-2280,B0DX2CFF9X,6618926,,,N82E16820147906,15671424214,M.2 PCIe 5.0 x4,,,MZ-VAP1T0C | AM | MZ-VAP1T0CW,True,SSD,SSD
769f8681-0325-47b6-a4dd-4aa204b23d83,Transcend MTS800 64GB SSD M.2-2280 SATA,Transcend,MTS800,64GB,,769f8681-0325-47b6-a4dd-4aa204b23d83.json,,64,M.2-2280,B00KLTPUPA,,,,,38773515,M.2 SATA,,,TS64GMTS800,False,SSD,SSD
76b163e0-f56c-48c9-a527-a854d037cdbb,"Seagate IronWolf 125 250GB SSD 2.5"" SATA 6.0 Gb/s",Seagate,IronWolf,250GB,,76b163e0-f56c-48c9-a527-a854d037cdbb.json,,250,"2.5""",,,,,,,SATA 6.0 Gb/s,,,ZA250NM1A002,False,SSD,SSD
76cd1f95-b092-424e-9de0-dc1136235462,"Kingston SSDNow V310 960GB SSD 2.5"" SATA 6.0 Gb/s",Kingston,SSDNow,960GB,,76cd1f95-b092-424e-9de0-dc1136235462.json,,960,"2.5""",B00M0ESWUY,,,,,162830953,SATA 6.0 Gb/s,,,SV310S37A | 960G | SV310S37A/960G,False,SSD,SSD
76d988d9-28a8-4155-ac80-48b0917050bd,XOC SP900 1TB M.2-2280 SSD PCIe 4.0 X4 NVMe,XOC,SP900,1000GB,,76d988d9-28a8-4155-ac80-48b0917050bd.json,,1000,M.2-2280,B0CYXMLHYH,,,,,,M.2 PCIe 4.0 x4,,,XC1TBSP900,True,SSD,SSD
7715935c-53f5-48d1-a655-f75d9eecff86,"Seagate ST500VM000 500GB HDD 3.5"" 5900RPM SATA 6.0 Gb/s Internal",Seagate,ST500VM000,500GB,,7715935c-53f5-48d1-a655-f75d9eecff86.json,,500,"3.5""",B076X569DL,,,,,870656635,SATA 6.0 Gb/s,,,ST500VM000,False,HDD,HDD
771be0f7-25ad-4312-9e08-53d3ddec5454,"OCZ Colossus LT 1TB SSD 3.5"" SATA 3.0 Gb/s",OCZ,Colossus,1000GB,,771be0f7-25ad-4312-9e08-53d3ddec5454.json,,1000,"3.5""",,,,,,,SATA 3.0 Gb/s,,,OCZSSD2-1CLSLT1T,False,SSD,SSD
774e4356-18c3-496d-9bd1-f6683849c063,"ADATA XPG SX900 256GB SSD 2.5"" SATA 6.0 Gb/s",ADATA,XPG,256GB,,774e4356-18c3-496d-9bd1-f6683849c063.json,,256,"2.5""",,,,,,,SATA 6.0 Gb/s,,,ASX900S3-256GM-C,False,SSD,SSD
775bb83f-9b8b-4f06-93cd-3247671dfd29,"Timetec 30TT253X2 256 GB SSD 2.5"" SATA 6.0 Gb/s",Timetec,30TT253X2,256GB,,775bb83f-9b8b-4f06-93cd-3247671dfd29.json,,256,"2.5""",,,,,,,SATA 6.0 Gb/s,,,30TT253X2-256GB,False,SSD,SSD
7762f92a-a01e-4919-942b-b9efbe641f9b,KIOXIA EXCERIA G2 1TB SSD M.2 NVMe,KIOXIA,EXCERIA,1000GB,,7762f92a-a01e-4919-942b-b9efbe641f9b.json,,1000,M.2-2280,,,,,,,M.2 PCIe 3.0 x4,,,LRC20Z001TG8,True,SSD,SSD
77760e5f-4a91-4f4e-a60d-ea13e85ccff5,Crucial CT1000E100SSD8 1TB M.2-2280 SSD PCIe 4.0 X4 NVMe,Crucial,CT1000E100SSD8,1000GB,,77760e5f-4a91-4f4e-a60d-ea13e85ccff5.json,,1000,M.2-2280,B0DQSJYD12,,,,N82E16820363155,15464754695,M.2 PCIe 4.0 x4,,,CT1000E100SSD8,True,SSD,SSD
777ae326-d067-4e00-925d-1c49fb8baade,Crucial P5 250GB NVMe PCIe Gen3 M.2 SSD,Crucial,P5,,0,777ae326-d067-4e00-925d-1c49fb8baade.json,,250,M.2-2280,B0892TH611,,,,9SIB0WNJJ91683,619870387,M.2 PCIe 3.0 x4,,,CT250P5SSD8,True,SSD,SSD
7789bef9-9b40-4cd6-88ec-645f641a2492,"PNY CS900 1TB 2.5"" SSD SATA 6.0 Gb/s",PNY,CS900,1000GB,,7789bef9-9b40-4cd6-88ec-645f641a2492.json,,1000,"2.5""",B07Y5VDNT9,6385543,,,9SIA8UCKBD9022,308457558,SATA 6.0 Gb/s,,,SSD7CS900-1TB-RB | SSD7CS900-1TB-BLK,False,SSD,SSD
77c744ed-94e7-4207-88cd-0940e4379966,"Seagate Enterprise Performance 2.4 TB HDD 10000 RPM 2.5"" SAS 12.0 Gb/s",Seagate,Enterprise,2000GB,,77c744ed-94e7-4207-88cd-0940e4379966.json,,2000,"2.5""",B075KFNW8Z,,,,1Z4-002P-008S2,,SAS 12.0 Gb/s,,,ST2400MM0129 | SGT-ST2400MM0129,False,HDD,HDD
77c87c99-844e-43df-bfd4-df8b19557fff,Western Digital Black SN750 250GB M.2-2280 SSD PCIe 3.0 X4 NVMe,Western Digital,Black,250GB,,77c87c99-844e-43df-bfd4-df8b19557fff.json,,250,M.2-2280,,,,,,,M.2 PCIe 3.0 x4,,,WDS250G3X0C | WDS250G3X0C-00SJG0,True,SSD,SSD
77d14454-2b62-439c-9270-69c0a67bb62e,"Angelbird AV PRO MK3 2TB SSD 2.5"" SATA 6.0 Gb/s",Angelbird,AV,2000GB,,77d14454-2b62-439c-9270-69c0a67bb62e.json,,2000,"2.5""",,,,,,,SATA 6.0 Gb/s,,,AVP2000MK3,False,SSD,SSD
77f0869d-9309-4762-bdf9-e1db9d87eea9,"Integral V Series 2 960 GB SSD 2.5"" SATA 6.0 Gb/s",Integral,V,960GB,,77f0869d-9309-4762-bdf9-e1db9d87eea9.json,,960,"2.5""",,,,,,,SATA 6.0 Gb/s,,,INSSD960GS625V2,False,SSD,SSD
7803fe61-d967-4e93-978b-b5216695954f,Pioneer APS-SE20G-512 512GB SSD M.2-2280 NVMe,Pioneer,APS-SE20G-512,512GB,,7803fe61-d967-4e93-978b-b5216695954f.json,,512,M.2-2280,B07P5QFRGJ,,,,,,M.2 PCIe 3.0 x4,,,APS-SE20G-512,True,SSD,SSD
783a31a4-fb83-43cb-b33a-196b217e533f,MSI SPATIUM M390 2TB SSD M.2-2280 NVMe PCIe 3.0 X4,MSI,SPATIUM,2000GB,,783a31a4-fb83-43cb-b33a-196b217e533f.json,,2000,M.2-2280,,,,,,,M.2 PCIe 3.0 x4,,,SM390N2TB,True,SSD,SSD
786f3fa1-2b2f-4b6c-b4bb-bdf293c8bc60,Crucial P5 500GB M.2-2280 SSD PCIe 3.0 x4 NVMe,Crucial,P5,500GB,,786f3fa1-2b2f-4b6c-b4bb-bdf293c8bc60.json,,500,M.2-2280,,,,,,,M.2 PCIe 3.0 x4,,,CT500P5SSD8,True,SSD,SSD
7882f4de-f538-4840-b048-cc9b79633c20,"TEAMGROUP QX 4TB SSD 2.5"" SATA",TEAMGROUP,QX,4000GB,,7882f4de-f538-4840-b048-cc9b79633c20.json,,4000,"2.5""",B0C3M4TR4B,,,,N82E16820985045,1485686094,SATA 6.0 Gb/s,,,T253X74000G0C101 | T253X7004T0C101,False,SSD,SSD
7885b645-e97f-4283-8552-6a5002687a06,Samsung 9100 PRO 8TB M.2-2280 SSD PCIe 5.0 NVMe w/Heatsink,Samsung,9100,8000GB,,7885b645-e97f-4283-8552-6a5002687a06.json,,8000,M.2-2280,,,,,,,M.2 PCIe 5.0 x4,,,MZ-VAP8T0C | AM | MZ-VAP8T0CW,True,SSD,SSD
788dc255-0c12-4bb3-b106-d935c8d2c203,"Hitachi Ultrastar 2TB 3.5"" HDD 7200RPM SATA 3.0 Gb/s",Hitachi,Ultrastar,2000GB,,788dc255-0c12-4bb3-b106-d935c8d2c203.json,,2000,"3.5""",,,,,,,SATA 3.0 Gb/s,,,0F10452 | HUA722020ALA330,False,HDD,HDD
78b25b6b-2a6f-4b01-9c8d-c7f453c1b66b,"Seagate IronWolf 125 4TB SSD 2.5"" SATA",Seagate,IronWolf,4000GB,,78b25b6b-2a6f-4b01-9c8d-c7f453c1b66b.json,,4000,"2.5""",,,,,,,SATA 6.0 Gb/s,,,ZA4000NM1A002,False,SSD,SSD
78b8e0a7-5205-4c18-9a22-26f6a506b5a2,"ADATA Premier Pro SP600 256GB SSD 2.5"" SATA",ADATA,Premier,256GB,,78b8e0a7-5205-4c18-9a22-26f6a506b5a2.json,,256,"2.5""",,,,,,,SATA 6.0 Gb/s,,,ASP600S3-256GM-C,False,SSD,SSD
78c9224b-2710-41b9-a746-92466cb6026c,Toshiba XG6 1TB M.2 SSD NVMe,Toshiba,XG6,1000GB,,78c9224b-2710-41b9-a746-92466cb6026c.json,,1000,M.2-2280,,,,,,,M.2 PCIe 3.0 x4,,,KXG60ZNV1T02,True,SSD,SSD
78c962be-4766-42ee-90e8-6cf11faf7063,"Toshiba HDD2K12 750GB HDD 2.5"" 5400RPM SATA 3.0 Gb/s Internal",Toshiba,HDD2K12,750GB,,78c962be-4766-42ee-90e8-6cf11faf7063.json,,750,"2.5""",,,,,,,SATA 3.0 Gb/s,,,HDD2K12,False,HDD,HDD
78da8fe0-47cb-458f-8c24-b38f66455696,"Toshiba PH3300U-1I72 3TB HDD 3.5"" 7200RPM SATA",Toshiba,PH3300U-1I72,3000GB,,78da8fe0-47cb-458f-8c24-b38f66455696.json,,3000,"3.5""",B009E6J1BU,,,,,,SATA 6.0 Gb/s,,,PH3300U-1I72,False,HDD,HDD
78db9c20-81df-49ed-bc75-5ad0819c68ba,"Seagate Enterprise Capacity 10 TB 3.5"" 7200 RPM Internal",Seagate,Enterprise,10000GB,,78db9c20-81df-49ed-bc75-5ad0819c68ba.json,,10000,"3.5""",,,,,,,SATA 6.0 Gb/s,,,ST10000NM0016,False,HDD,HDD
78e00c41-7258-4baa-ad5a-06a05bba8d0e,"TCSunBow X3 240GB SSD 2.5"" SATA 6.0 Gb/s",TCSunBow,X3,240GB,,78e00c41-7258-4baa-ad5a-06a05bba8d0e.json,,240,"2.5""",,,,,,,SATA 6.0 Gb/s,,,X3-240GB,False,SSD,SSD
78f5613f-6d63-4ea8-ad4b-2d87a5aeff54,"Patriot Burst Elite 960GB SSD 2.5"" SATA 6.0 Gb/s",Patriot,Burst,960GB,,78f5613f-6d63-4ea8-ad4b-2d87a5aeff54.json,,960,"2.5""",B08LKNLF7K,,,,N82E16820225264,116596097,SATA 6.0 Gb/s,,,PBE960GS25SSDR | BURST ELITE,False,SSD,SSD
790bfb0b-7181-43a3-a1f9-424110061f8b,Nextorage G-Series LE 1TB SSD M.2-2280 PCIe 4.0 X4 NVME,Nextorage,G-Series,1000GB,,790bfb0b-7181-43a3-a1f9-424110061f8b.json,,1000,M.2-2280,,,,,0D9-0106-00017,,M.2 PCIe 4.0 x4,,,NN4LE-1TB2CN | GNE SYM,True,SSD,SSD
79250769-27b6-4175-ba35-f594dbedeaf3,"Toshiba S300 6TB HDD 3.5"" 5400RPM SATA",Toshiba,S300,6000GB,,79250769-27b6-4175-ba35-f594dbedeaf3.json,,6000,"3.5""",B09NH2FT8W,,,,,,SATA 6.0 Gb/s,,,HDWT860UZSVA,False,HDD,HDD
793fe910-3b62-488c-ba90-7b70bd9a40ef,"Toshiba N300 16TB 3.5"" HDD 7200RPM SATA 6.0 Gb/s",Toshiba,N300,16000GB,,793fe910-3b62-488c-ba90-7b70bd9a40ef.json,512,16000,"3.5""",B099P9YDBD,,,,,102847248,SATA 6.0 Gb/s,,,HDWG31GXZSTA,False,HDD,HDD
795d987a-1a49-48d3-9933-0b19d2752545,"TEAMGROUP GX2 512GB SSD 2.5"" SATA",TEAMGROUP,GX2,512GB,,795d987a-1a49-48d3-9933-0b19d2752545.json,,512,"2.5""",B07NRMXWHW,,,,N82E16820331315,,SATA 6.0 Gb/s,,,T253X2512G0C101 | 11807010,False,SSD,SSD
79749234-0b64-48d3-9c1c-373e31b8a8b8,"Kingston SSDNow KC400 128GB SSD 2.5"" SATA 6.0 Gb/s",Kingston,SSDNow,128GB,,79749234-0b64-48d3-9c1c-373e31b8a8b8.json,,128,"2.5""",,,,,,,SATA 6.0 Gb/s,,,SKC400S37 | 128G,False,SSD,SSD
797c9c95-6c05-4ccb-bb77-167c7c002f91,Crucial P510 W/Heatsink 2TB M.2-2280 SSD PCIe 5.0 NVMe,Crucial,P510,2000GB,,797c9c95-6c05-4ccb-bb77-167c7c002f91.json,,2000,M.2-2280,B0DZ5TXBJT,,,,,16087721885,M.2 PCIe 5.0 x4,,,CT2000P510SSD5 | CT2000P510SSD5-01,True,SSD,
7998d0a2-095b-4fbf-bbd7-c0694c71153a,"Hitachi Ultrastar He10 8TB Internal HDD 7200RPM 3.5""",Hitachi,Ultrastar,8000GB,,7998d0a2-095b-4fbf-bbd7-c0694c71153a.json,,8000,"3.5""",B01N0D7WEP,,,,,,SATA 6.0 Gb/s,,,0F27455,False,HDD,HDD
79a7e0c4-9e0e-4f6a-ba58-577b6bba5b95,"ADATA Ultimate SU650 120GB SSD 2.5"" SATA 6.0 Gb/s",ADATA,Ultimate,120GB,,79a7e0c4-9e0e-4f6a-ba58-577b6bba5b95.json,,120,"2.5""",,,,,,,SATA 6.0 Gb/s,,,ASU650SS-120GT-C,False,SSD,SSD
79ab2efe-1bd5-4fa1-8876-b5164fa635e9,"TEAMGROUP T-Force Vulcan G 1 TB SSD 2.5"" SATA 6.0 Gb/s",TEAMGROUP,T-Force,1000GB,,79ab2efe-1bd5-4fa1-8876-b5164fa635e9.json,,1000,"2.5""",,,,,,,SATA 6.0 Gb/s,,,T253TG001T3C301,False,SSD,SSD
79be68af-8e01-4e73-8331-b2050ad63032,ADATA XPG GAMMIX S50 Core 1TB SSD M.2-2280 PCIe 4.0 x4 NVMe,ADATA,XPG,1000GB,,79be68af-8e01-4e73-8331-b2050ad63032.json,,1000,M.2-2280,,,,,,,M.2 PCIe 4.0 x4,,,SGAMMIXS50C-1000G-CS,True,SSD,SSD
79d3f4ee-d762-4f6e-a98a-522f27e1c235,"Seagate SuperSpeed 1TB Hybrid HDD 5400 RPM 2.5"" SATA 6.0 Gb/s",Seagate,SuperSpeed,1000GB,,79d3f4ee-d762-4f6e-a98a-522f27e1c235.json,,1000,"2.5""",,,,,,,SATA 6.0 Gb/s,,,STBD1000400,False,SSHD,SSHD
7a017ed4-6632-42c9-bf5b-61f30ad5ad8e,"Seagate EXOS Enterprise 6TB 3.5"" HDD 7200RPM SATA 6.0 Gb/s",Seagate,EXOS,6000GB,,7a017ed4-6632-42c9-bf5b-61f30ad5ad8e.json,,6000,"3.5""",B07TBLTSTT,,,,,662505273,SATA 6.0 Gb/s,,,ST6000NM021A | 125722,False,HDD,HDD
7a352299-eae0-410d-94f6-393cc48dcee6,TEAMGROUP T-Force GE PRO Graphene 1TB SSD M.2-2280 PCIe 5.0 X4 NVMe,TEAMGROUP,T-Force,1000GB,,7a352299-eae0-410d-94f6-393cc48dcee6.json,,1000,M.2-2280,,,,,,,M.2 PCIe 5.0 x4,,,TM8FFS001T0C129,True,SSD,SSD
7a633a47-a8b9-4129-8ac9-2e77e2075863,MSI SPATIUM M480 HS 2TB SSD M.2 PCIe 4.0 X4 NVMe,MSI,SPATIUM,2000GB,,7a633a47-a8b9-4129-8ac9-2e77e2075863.json,,2000,M.2-2280,B098THS36V,,,,,,M.2 PCIe 4.0 x4,,,S78-440Q100-P83 | SPATIUM M480 2TB,True,SSD,SSD
7a70a2ce-a35b-418b-bb66-4029b2522814,"HP S600 120GB SSD 2.5"" SATA",HP,S600,120GB,,7a70a2ce-a35b-418b-bb66-4029b2522814.json,,120,"2.5""",B07DGPRY5Y,,,,,,SATA 6.0 Gb/s,,,4FZ32AA#ABC,False,SSD,SSD
7a9253a0-c789-4dae-9517-2b5a26017c8e,"Samsung Spinpoint F1 DT 500GB 3.5"" HDD 7200RPM SATA 3.0 Gb/s",Samsung,Spinpoint,500GB,,7a9253a0-c789-4dae-9517-2b5a26017c8e.json,,500,"3.5""",,,,,,,SATA 3.0 Gb/s,,,HD501IJ,False,HDD,HDD
7a9956d5-e761-413a-a48b-3ef399f9afc4,"Toshiba MQ04ABD200 2TB HDD 2.5"" 5400RPM SATA",Toshiba,MQ04ABD200,2000GB,,7a9956d5-e761-413a-a48b-3ef399f9afc4.json,,2000,"2.5""",,,,,,,SATA 6.0 Gb/s,,,MQ04ABD200,False,HDD,HDD
7aa79456-b103-4f67-b466-fc73ea86d898,Sabrent Rocket Q 500GB SSD M.2 NVMe,Sabrent,Rocket,500GB,,7aa79456-b103-4f67-b466-fc73ea86d898.json,,500,M.2-2280,,,,,,,M.2 PCIe 3.0 x4,,,SB-RKTQ-500,True,SSD,SSD
7ab42abb-17c9-468c-8515-debc20f39037,"Seagate BarraCuda 320GB 3.5"" HDD 7200RPM SATA",Seagate,BarraCuda,320GB,,7ab42abb-17c9-468c-8515-debc20f39037.json,,320,"3.5""",,,,,,,SATA 3.0 Gb/s,,,ST3320418AS | ST31000528AS,False,HDD,HDD
7ad9134a-18d6-47da-b2de-1174cad12e31,Gigabyte AORUS 512GB SSD PCIe NVMe,Gigabyte,AORUS,512GB,,7ad9134a-18d6-47da-b2de-1174cad12e31.json,,512,PCIe,,,,,,,M.2 PCIe 3.0 x4,,,GP-ASACNE2512GTTDR,True,SSD,SSD
7ae75a38-9971-4857-ae03-46e690d78fd8,"Western Digital WD3200BPVT/BVVT/BEVT 320GB HDD 2.5"" SATA Internal",Western Digital,WD3200BPVT/BVVT/BEVT,320GB,,7ae75a38-9971-4857-ae03-46e690d78fd8.json,,320,"2.5""",,,,,,,SATA 3.0 Gb/s,,,WD3200BPVT | BVVT | BEVT,False,HDD,HDD
7ae86971-3bbe-4275-82e3-c71c6b07fd3a,"Western Digital Blue 500GB HDD 5400RPM 3.5"" SATA 6.0 Gb/s Internal",Western Digital,Blue,500GB,,7ae86971-3bbe-4275-82e3-c71c6b07fd3a.json,,500,"3.5""",,,,,,,SATA 6.0 Gb/s,,,WD5000AZRZ,False,HDD,HDD
7aefbb18-4c28-4d98-a99b-2626204b324c,"OCZ Vertex 4 256GB SSD 2.5"" SATA",OCZ,Vertex,256GB,,7aefbb18-4c28-4d98-a99b-2626204b324c.json,,256,"2.5""",,,,,,,SATA 6.0 Gb/s,,,VTX4-25SAT3-256G,False,SSD,SSD
7af0889a-79c0-4e1b-a15a-b9cb1aba5bee,Corsair MP600 PRO 2TB M.2-2280 SSD PCIe 4.0 X4 NVMe,Corsair,MP600,2000GB,,7af0889a-79c0-4e1b-a15a-b9cb1aba5bee.json,,2000,M.2-2280,,,,,,,M.2 PCIe 4.0 x4,,,CSSD-F2000GBMP600PRO,True,SSD,SSD
7b080b7b-4e04-472e-adc3-2b1121f5f0bc,"Western Digital Black 500GB 2.5"" HDD SATA",Western Digital,Black,500GB,,7b080b7b-4e04-472e-adc3-2b1121f5f0bc.json,,500,"2.5""",B00QFXOL5G,,,,,42579295,SATA 6.0 Gb/s,,,WD5000LPLX,False,HDD,HDD
7b1a7ee0-5840-4108-a006-5c996773bf47,"TEAMGROUP GX2 2TB SSD 2.5"" SATA",TEAMGROUP,GX2,2000GB,,7b1a7ee0-5840-4108-a006-5c996773bf47.json,,2000,"2.5""",B07SD6MXCF,,,,N82E16820331371,909011106,SATA 6.0 Gb/s,,,T253X2002T0C101,False,SSD,SSD
7b1c59e0-5926-4749-a1e5-444b08169053,"SanDisk Z400s 128GB SSD 2.5"" SATA",SanDisk,Z400s,128GB,,7b1c59e0-5926-4749-a1e5-444b08169053.json,,128,"2.5""",,,,,,,SATA 6.0 Gb/s,,,SD8SBAT-128G-1122,False,SSD,SSD
7b235171-b917-4a26-b8c5-4dce2ce11829,"Toshiba DT01ACA200 2TB HDD 7200RPM 3.5"" SATA 6.0 Gb/s Internal",Toshiba,DT01ACA200,2000GB,,7b235171-b917-4a26-b8c5-4dce2ce11829.json,,2000,"3.5""",B009CPDI62,,,,,133317662,SATA 6.0 Gb/s,,,DT01ACA200,False,HDD,HDD
7b2c798b-cb25-43cb-b87e-3e5500e89933,"Seagate Exos X14 14TB 3.5"" HDD 7200RPM SATA",Seagate,Exos,14000GB,,7b2c798b-cb25-43cb-b87e-3e5500e89933.json,,14000,"3.5""",B07RQZJ347,,,,,528515118,SATA 6.0 Gb/s,,,ST14000NM0018,False,HDD,HDD
7b43aa9c-7e85-4ab3-b55d-5df1666fd729,PNY CS2130 1TB SSD M.2-2280 PCIe 3.0 X4 NVMe,PNY,CS2130,1000GB,,7b43aa9c-7e85-4ab3-b55d-5df1666fd729.json,,1000,M.2-2280,B0869B4Q66,,,,,471631798,M.2 PCIe 3.0 x4,,,M280CS2130-1TB-RB,True,SSD,SSD
7b70dd5a-7c87-4fbc-9702-aef121b57f48,PNY CS2230 500GB M.2-2280 SSD PCIe 3.0 x4 NVMe,PNY,CS2230,500GB,,7b70dd5a-7c87-4fbc-9702-aef121b57f48.json,,500,M.2-2280,B0BS2MPYG1,,,,N82E16820177154,1318726048,M.2 PCIe 3.0 x4,,,M280CS2230-500-RB,True,SSD,SSD
7b8e4f5f-7e35-4f1b-992b-3752c11476b8,HP FX900 512GB SSD M.2 PCIe 4.0 NVMe,HP,FX900,512GB,,7b8e4f5f-7e35-4f1b-992b-3752c11476b8.json,,512,M.2-2280,B09QLR7WDJ,,,,,,M.2 PCIe 4.0 x4,,,57S52AA#ABB,True,SSD,SSD
7bdd2e10-96ee-43d3-b150-1b9be0079269,"Samsung 860 QVO 1 TB SSD 2.5"" SATA",Samsung,860,1000GB,,7bdd2e10-96ee-43d3-b150-1b9be0079269.json,,1000,"2.5""",B07L3D19MY,6317302,,,9SIA1PAK8Z6986,,SATA 6.0 Gb/s,,,MZ-76Q1T0B | AM | MZ-76Q1T0BW | MZ-76Q1T0B/AM,False,SSD,SSD
7be5817d-e01f-446e-b18e-95870f785247,"HP 691862-B21 100GB SSD 2.5"" SATA 6.0 Gb/s",HP,691862-B21,100GB,,7be5817d-e01f-446e-b18e-95870f785247.json,,100,"2.5""",,,,,,,SATA 6.0 Gb/s,,,691862-B21,False,SSD,SSD
7bf784a5-7496-4f81-8688-3635379a49aa,Mushkin Pilot-E 500GB SSD M.2-2280 NVMe,Mushkin,Pilot-E,500GB,,7bf784a5-7496-4f81-8688-3635379a49aa.json,,500,M.2-2280,,,,,,,M.2 PCIe 3.0 x4,,,MKNSSDPE500GB-D8,True,SSD,SSD
7c1e51d8-1dcb-4be3-b6f7-50fb602cba3a,Intel DC P3600 400GB SSD PCIe PCIe x4 NVMe,Intel,DC,400GB,,7c1e51d8-1dcb-4be3-b6f7-50fb602cba3a.json,,400,PCIe,B00L0LFJLS,,,,,,M.2 PCIe 3.0 x4,,,SSDPEDME400G401 | 0735858278218,True,SSD,SSD
7c24aeb9-77f4-4426-a478-137ea1e9f34a,TEAMGROUP MP44 8TB M.2-2280 SSD PCIe 4.0 X4 NVMe,TEAMGROUP,MP44,8000GB,,7c24aeb9-77f4-4426-a478-137ea1e9f34a.json,,8000,M.2-2280,B0C4KQ57PV,,,,N82E16820985039,2466523680,M.2 PCIe 4.0 x4,,,TM8FPW008T0C101,True,SSD,SSD
7c3895fe-6124-4a02-8e66-5b4a2ee0b8b3,Klevv CRAS C710 256GB SSD M.2 PCIe 3.0 X4 NVMe,Klevv,CRAS,256GB,,7c3895fe-6124-4a02-8e66-5b4a2ee0b8b3.json,,256,M.2-2280,,,,,,,M.2 PCIe 3.0 x4,,,K256GM2SP0-C71,True,SSD,SSD
7c42fe5d-0c00-4ad2-b835-6b2a650e6c33,"Western Digital AV-25 1TB HDD 2.5"" SATA",Western Digital,AV-25,1000GB,,7c42fe5d-0c00-4ad2-b835-6b2a650e6c33.json,,1000,"2.5""",B007PFQ23C,,,,,,SATA 3.0 Gb/s,,,WD10JUCT | WD10SPZX,False,HDD,HDD
7c4c5995-3a00-4f0e-8ab0-afac44c61121,"Kingston SSDNow S50 16GB SSD 2.5"" SATA 3.0 Gb/s",Kingston,SSDNow,16GB,,7c4c5995-3a00-4f0e-8ab0-afac44c61121.json,,16,"2.5""",,,,,,,SATA 3.0 Gb/s,,,SS050S2 | 16G,False,SSD,SSD
7c7158d0-be37-4e30-a28b-69bf0f3921ec,Lenovo 4XB0W79582 1TB SSD M.2-2280 PCIe 3.0 x4 NVMe,Lenovo,4XB0W79582,1000GB,,7c7158d0-be37-4e30-a28b-69bf0f3921ec.json,,1000,M.2-2280,B07Y51W5R4,,,,,,M.2 PCIe 3.0 x4,,,4XB0W79582,True,SSD,SSD
7c82db12-1e9c-4dc3-a465-51bf09b7cf18,"Hitachi 0J11561 500GB HDD 5400RPM 2.5"" SATA 3.0 Gb/s Internal",Hitachi,0J11561,500GB,,7c82db12-1e9c-4dc3-a465-51bf09b7cf18.json,,500,"2.5""",B00486TKXU,,,,,,SATA 3.0 Gb/s,,,0J11561,False,HDD,HDD
7ca2b3bf-77bb-4ef6-a4f5-66d1fac5a85b,KIOXIA EXCERIA G2 2TB M.2 SSD PCIe 3.0 X4 NVMe,KIOXIA,EXCERIA,2000GB,,7ca2b3bf-77bb-4ef6-a4f5-66d1fac5a85b.json,,2000,M.2-2280,,,,,,,M.2 PCIe 3.0 x4,,,LRC20Z002TG8,True,SSD,SSD
7ca6a6c7-f87c-4fed-b43f-6b2806fffb1f,"SanDisk Ultra 3D 500GB SSD 2.5"" SATA",SanDisk,Ultra,500GB,,7ca6a6c7-f87c-4fed-b43f-6b2806fffb1f.json,,500,"2.5""",B0B7VWFN4B,,,,N82E16820173633,2539998056,SATA 6.0 Gb/s,,,SDSSDH3-500G-G25 | SDSSDH3-500G-G26,False,SSD,SSD
7cbb212a-d46d-4339-90b0-ac451f5975bc,"Lexar NS100 1TB SSD 2.5"" SATA",Lexar,NS100,1000GB,,7cbb212a-d46d-4339-90b0-ac451f5975bc.json,,1000,"2.5""",,,,,,,SATA 6.0 Gb/s,,,LNS100-1TRB,False,SSD,SSD
7cd7c267-2c87-43a6-b9fc-d13e3e8a4b22,"Samsung 840 Pro 512GB SSD 2.5"" SATA 6.0 Gb/s",Samsung,840,512GB,,7cd7c267-2c87-43a6-b9fc-d13e3e8a4b22.json,,512,"2.5""",,,,,,,SATA 6.0 Gb/s,,,MZ-7PD512BW,False,SSD,SSD
7ce0a30e-e5d4-4222-af14-686f8f69c561,SABRENT Rocket 5 1TB Advanced Performance Internal M.2 PCIe GEN 5 14GB/s X4 NVMe SSD,Sabrent,Rocket 5,,0,7ce0a30e-e5d4-4222-af14-686f8f69c561.json,,1000,M.2-2280,,,,,,,M.2 PCIe 5.0 x4,,,BK-HDDH,True,SSD,SSD
7d09a060-7bc4-47ee-9c84-bce50db9080a,"Seagate Enterprise Capacity 12TB 3.5"" HDD 7200RPM SATA 6.0 Gb/s",Seagate,Enterprise,12000GB,,7d09a060-7bc4-47ee-9c84-bce50db9080a.json,,12000,"3.5""",,,,,,,SATA 6.0 Gb/s,,,ST12000NM0017,False,HDD,HDD
7d4dafca-4c6f-42b4-bc4e-12b11420b4ec,ADATA XPG GAMMIX S11 Pro 512GB SSD M.2 PCIe 3.0 NVMe,ADATA,XPG,512GB,,7d4dafca-4c6f-42b4-bc4e-12b11420b4ec.json,,512,M.2-2280,,,,,,,M.2 PCIe 3.0 x4,,,AGAMMIXS11P-512GT-C,True,SSD,SSD
7d4fb90b-c376-41ca-bd19-820957441666,KIOXIA EXCERIA PLUS 1TB M.2-2280 SSD PCIe 3.0 x4 NVMe,KIOXIA,EXCERIA,1000GB,,7d4fb90b-c376-41ca-bd19-820957441666.json,,1000,M.2-2280,B087CPFYP5,,,,,,M.2 PCIe 3.0 x4,,,LRD10Z001TG8,True,SSD,SSD
7d51e6fc-086e-4a6b-91ce-50eca69927eb,"KIOXIA EXCERIA 960GB SSD 2.5"" SATA",KIOXIA,EXCERIA,960GB,,7d51e6fc-086e-4a6b-91ce-50eca69927eb.json,,960,"2.5""",B087CPLJHX,,,,,,SATA 6.0 Gb/s,,,LTC10Z960GG8,False,SSD,SSD
7d68ec9c-f1b0-4f0f-b171-a553d2685555,Western Digital SN520 512GB SSD M.2 PCIe 3.0 X2 NVMe,Western Digital,SN520,512GB,,7d68ec9c-f1b0-4f0f-b171-a553d2685555.json,,512,M.2-2280,,,,,,,M.2 PCIe 3.0 x2,,,SDAPNUW-512G,True,SSD,SSD
7d6c5939-3673-49b2-965c-1f21fc1b16fb,Acer FA200 500GB SSD M.2 PCIe 4.0 NVMe,Acer,FA200,500GB,,7d6c5939-3673-49b2-965c-1f21fc1b16fb.json,,500,M.2-2280,,,,,,,M.2 PCIe 4.0 x4,,,BL.9BWWA.123,True,SSD,SSD
7d6ceff3-9deb-4c50-8ddc-38944e3e0147,"Seagate Exos 7E8 512e 6TB HDD 3.5"" 7200RPM SATA",Seagate,Exos,6000GB,,7d6ceff3-9deb-4c50-8ddc-38944e3e0147.json,,6000,"3.5""",,,,,,,SATA 6.0 Gb/s,,,ST6000NM025A,False,HDD,HDD
7dbbdb87-d747-4e8e-9725-a360586b495f,Crucial P5 2TB 3D NAND NVMe Internal SSD,Crucial,P5,,2020,7dbbdb87-d747-4e8e-9725-a360586b495f.json,,2000,M.2-2280,B087QRVVVH,6432876,,,9SIAKVHKBE4475,262309897,M.2 PCIe 3.0 x4,,,CT1000P5SSD8 | CT2000P5SSD8,True,SSD,SSD
7dc7691a-8170-4804-9dae-d212b38cdaf5,"Patriot P220 1TB 2.5"" SSD SATA",Patriot,P220,1000GB,,7dc7691a-8170-4804-9dae-d212b38cdaf5.json,,1000,"2.5""",B0BS9Z2FFT,,,,,,SATA 6.0 Gb/s,,,P220S1TB25,False,SSD,SSD
7df765bf-0cb9-49a7-abb5-d1167b56b667,Intel 530 80GB SSD M.2-2280 SATA,Intel,530,80GB,,7df765bf-0cb9-49a7-abb5-d1167b56b667.json,,80,M.2-2280,B00ECAOZP0,,,,,,M.2 SATA,,,SSDSCKGW080A401,False,SSD,SSD
7df9823b-02c8-444e-8c5d-a5d82c91f383,TEAMGROUP T-Force GE PRO Graphene 4TB SSD M.2 PCIe 5.0 NVMe,TEAMGROUP,T-Force,4000GB,,7df9823b-02c8-444e-8c5d-a5d82c91f383.json,,4000,M.2-2280,,,,,,,M.2 PCIe 5.0 x4,,,TM8FFS004T0C129,True,SSD,SSD
7e1faaea-0a79-4c63-9db4-9db60495004e,"Kingston SSDNow KC400 1TB SSD 2.5"" SATA 6.0 Gb/s",Kingston,SSDNow,1000GB,,7e1faaea-0a79-4c63-9db4-9db60495004e.json,,1000,"2.5""",,,,,,,SATA 6.0 Gb/s,,,SKC400S37 | 1T,False,SSD,SSD
7e26fdb3-cadf-4d44-90cd-50ded3dfbeb5,"Seagate IronWolf Pro NAS 2TB HDD 3.5"" 7200RPM SATA",Seagate,IronWolf,2000GB,,7e26fdb3-cadf-4d44-90cd-50ded3dfbeb5.json,,2000,"3.5""",B0B94R72J5,,,,N82E16822185080,2704207474,SATA 6.0 Gb/s,,,ST2000NT001,False,HDD,HDD
7e2ea942-6b23-40f0-8bbc-58111995287d,"Leven JS600 2TB SSD 2.5"" SATA 6.0 Gb/s",Leven,JS600,2000GB,,7e2ea942-6b23-40f0-8bbc-58111995287d.json,,2000,"2.5""",B08M97SLRP,,,,,,SATA 6.0 Gb/s,,,JS600SSD2TB | LSS6-2T1P-US,False,SSD,SSD
7e2eab72-e6d4-441d-a581-8efce04f34dd,HP EX900 Plus 512GB SSD M.2-2280 PCIe 3.0 x4 NVMe,HP,EX900,512GB,,7e2eab72-e6d4-441d-a581-8efce04f34dd.json,,512,M.2-2280,B09CFP1YH3,,,,,,M.2 PCIe 3.0 x4,,,35M33AA#ABA,True,SSD,SSD
7e530b07-f0ab-478e-a75c-77d648f4d418,"Hitachi He6 6TB 3.5"" HDD 7200RPM SATA",Hitachi,He6,6000GB,,7e530b07-f0ab-478e-a75c-77d648f4d418.json,,6000,"3.5""",,,,,,,SATA 6.0 Gb/s,,,0F20572,False,HDD,HDD
7e88692f-3d3c-4ae1-91f6-1e377102c9ad,Sabrent Rocket NVMe 4.0 2TB SSD,Sabrent,Rocket 4.0,,2019,7e88692f-3d3c-4ae1-91f6-1e377102c9ad.json,,2000,M.2-2280,B07TN1MNJ4,,,,9SIBK19JMM4260,698203576,M.2 PCIe 4.0 x4,,,SB-ROCKET-NVMe4-2TB,True,SSD,SSD
7e926549-6d59-4106-ae14-de829c90085a,"Western Digital Black 4TB HDD 7200RPM 3.5"" SATA",Western Digital,Black,4000GB,,7e926549-6d59-4106-ae14-de829c90085a.json,,4000,"3.5""",B00FJRS5BA,,,,,197231096,SATA 6.0 Gb/s,,,WD4003FZEX,False,HDD,HDD
7ea2e5f0-10ad-45b0-a1f4-ef3357800e9a,"ADATA Ultimate SU750 256GB SSD 2.5"" SATA 6.0 Gb/s",ADATA,Ultimate,256GB,,7ea2e5f0-10ad-45b0-a1f4-ef3357800e9a.json,,256,"2.5""",B07QCQ75GC,,,,,434820203,SATA 6.0 Gb/s,,,ASU750SS-256GT-C,False,SSD,SSD
7ee74ef6-4514-4eba-938f-4e54b82d3a7c,Timetec 35TTTDGE4NVME-2TBH 2TB SSD M.2-2280 PCIe 4.0 X4 NVMe,Timetec,35TTTDGE4NVME-2TBH,2000GB,,7ee74ef6-4514-4eba-938f-4e54b82d3a7c.json,,2000,M.2-2280,,,,,,,M.2 PCIe 4.0 x4,,,35TTTDGE4NVME-2TBH,True,SSD,SSD
7eee0f37-bdd4-4a2d-8bd7-9961e1fedfeb,"HP S650 240GB SSD 2.5"" SATA 6.0 Gb/s",HP,S650,240GB,,7eee0f37-bdd4-4a2d-8bd7-9961e1fedfeb.json,,240,"2.5""",,,,,,,SATA 6.0 Gb/s,,,345M8AA#ABA,False,SSD,SSD
7ef49a50-5018-4ec4-8345-c995ac2229a5,"OCZ Colossus LT 250 GB 3.5""",OCZ,Colossus,250GB,,7ef49a50-5018-4ec4-8345-c995ac2229a5.json,,250,"3.5""",,,,,,,SATA 3.0 Gb/s,,,OCZSSD2-1CLSLT250G,False,SSD,SSD
7ef5ad28-f50b-431a-974d-1a430f0ebe9a,Western Digital PC SN740 Opal 256GB SSD M.2 PCIe 4.0 NVMe,Western Digital,PC,256GB,,7ef5ad28-f50b-431a-974d-1a430f0ebe9a.json,,256,M.2-2280,,,,,,,M.2 PCIe 4.0 x4,,,SDDQNQD-256G,True,SSD,SSD
7f0583d1-2940-4a33-9292-cd9fd20603ee,"Seagate Enterprise NAS 3TB 3.5"" HDD 7200RPM SATA",Seagate,Enterprise,3000GB,,7f0583d1-2940-4a33-9292-cd9fd20603ee.json,,3000,"3.5""",,,,,,,SATA 6.0 Gb/s,,,ST3000VN0011,False,HDD,HDD
7f10727e-8ffe-4d80-85e0-9d1b9a7ac6c5,"Toshiba P300 3TB HDD 7200RPM 3.5"" SATA 6.0 Gb/s Internal",Toshiba,P300,3000GB,,7f10727e-8ffe-4d80-85e0-9d1b9a7ac6c5.json,,3000,"3.5""",B0151KM6F0,,,,,,SATA 6.0 Gb/s,,,HDWD130UZSVA | 4040S37,False,HDD,HDD
7f177bfa-b26a-4a0b-bd23-036ee57bc2c3,Western Digital PC SN730 512GB SSD M.2 PCIe 3.0 NVMe,Western Digital,PC,512GB,,7f177bfa-b26a-4a0b-bd23-036ee57bc2c3.json,,512,M.2-2280,,,,,,,M.2 PCIe 3.0 x4,,,SDBQNTY-512G,True,SSD,SSD
7f1b8db2-e184-4761-b1ca-6e6829116e09,Corsair MP600 CORE 1TB M.2-2280 SSD PCIe 4.0 x4 NVMe,Corsair,MP600,1000GB,,7f1b8db2-e184-4761-b1ca-6e6829116e09.json,,1000,M.2-2280,,,,,,,M.2 PCIe 4.0 x4,,,CSSD-F1000GBMP600COR,True,SSD,SSD
7f1ff752-5e53-4608-ab82-8d9ddd84762a,Solidigm P44 Pro 2TB SSD M.2 PCIe 4.0 X4 NVMe,Solidigm,P44,2000GB,,7f1ff752-5e53-4608-ab82-8d9ddd84762a.json,,2000,M.2-2280,B0BJGGL1SQ,,,,N82E16820318013,1421638871,M.2 PCIe 4.0 x4,,,SSDPFKKW020X7X1,True,SSD,SSD
7f326739-80df-4007-acd6-efda82758408,MyDigitalSSD Super Boot Drive 16GB SSD mSATA SATA,MyDigitalSSD,Super,16GB,,7f326739-80df-4007-acd6-efda82758408.json,,16,mSATA,,,,,,,mSATA,,,MDMS-SB-016,False,SSD,SSD
7f63ede0-b6f9-465d-b4b5-f56b827e3678,AGI AI818 2TB SSD M.2-2280 PCIe 4.0 X4 NVMe,AGI,AI818,2000GB,,7f63ede0-b6f9-465d-b4b5-f56b827e3678.json,,2000,M.2-2280,B0CGL4711R,,,,,,M.2 PCIe 4.0 x4,,,AGI2T0G43AI818,True,SSD,SSD
7f77e172-55bd-4b1b-bb00-4c98283d1118,"ADATA Premier Pro SP900 256GB SSD 2.5"" SATA 6.0 Gb/s",ADATA,Premier,256GB,,7f77e172-55bd-4b1b-bb00-4c98283d1118.json,,256,"2.5""",,,,,,,SATA 6.0 Gb/s,,,ASP900S3-256GM-C,False,SSD,SSD
7f94838b-49f7-4535-8fdc-8eb4767f5afe,"SanDisk X400 512GB SSD 2.5"" SATA 6.0 Gb/s",SanDisk,X400,512GB,,7f94838b-49f7-4535-8fdc-8eb4767f5afe.json,,512,"2.5""",,,,,,,SATA 6.0 Gb/s,,,SD8SB8U-512G-1122,False,SSD,SSD
7faa6893-3332-4ff4-bc20-4bd851ee0ddf,"Seagate BarraCuda 250GB HDD 3.5"" 7200RPM SATA",Seagate,BarraCuda,250GB,,7faa6893-3332-4ff4-bc20-4bd851ee0ddf.json,,250,"3.5""",B002NBIPOW,,,,,173531751,SATA 3.0 Gb/s,,,ST3250318AS,False,HDD,HDD
7fb4ce4a-91c9-407a-ae40-9f72be92b110,ADATA XPG SX6000 128GB SSD M.2-2280 PCIe 3.0 X2 NVME,ADATA,XPG,128GB,,7fb4ce4a-91c9-407a-ae40-9f72be92b110.json,,128,M.2-2280,,,,,,,M.2 PCIe 3.0 x2,,,ASX6000NP-128GT-C,True,SSD,SSD
7fcb699c-9270-447f-a8c1-51392371e976,Gigabyte 4000E 1TB SSD M.2-2280 PCIe 4.0 X4 NVMe,Gigabyte,4000E,1000GB,,7fcb699c-9270-447f-a8c1-51392371e976.json,,1000,M.2-2280,,,,,,,M.2 PCIe 4.0 x4,,,G440E1TB,True,SSD,SSD
7ff74710-75d5-418c-bc05-9bc66c730fe5,"Toshiba N300 4TB HDD 7200RPM 3.5"" SATA",Toshiba,N300,4000GB,,7ff74710-75d5-418c-bc05-9bc66c730fe5.json,,4000,"3.5""",,,,,,,SATA 6.0 Gb/s,,,HDWG440EZSTA,False,HDD,HDD
800b3cb2-80fa-4452-9693-765e2b8370a2,"PNY CS1311 120GB SSD 2.5"" SATA",PNY,CS1311,120GB,,800b3cb2-80fa-4452-9693-765e2b8370a2.json,,120,"2.5""",,,,,,,SATA 6.0 Gb/s,,,SSD7CS1311-120-RB,False,SSD,SSD
800dfb05-c138-494f-942c-c5c255e9988d,Inland QN322 2TB SSD M.2 PCIe 3.0 NVMe,Inland,QN322,2000GB,,800dfb05-c138-494f-942c-c5c255e9988d.json,,2000,M.2-2280,,,,,,,M.2 PCIe 3.0 x4,,,2TB QN322 NVME | QN322 | 2TB QN322,True,SSD,SSD
80119f9a-2fa0-425e-92f4-8105080a1fcf,"Seagate ST3000DM002 3TB HDD 3.5"" 7200RPM SATA 6.0 Gb/s",Seagate,ST3000DM002,3000GB,,80119f9a-2fa0-425e-92f4-8105080a1fcf.json,,3000,"3.5""",,,,,,,SATA 6.0 Gb/s,,,ST3000DM002,False,HDD,HDD
8013e319-0916-4f6b-b9f2-00cef8361b7a,Sabrent Rocket Q 4TB SSD M.2-2280 PCIe 3.0 X4 NVMe,Sabrent,Rocket,4000GB,,8013e319-0916-4f6b-b9f2-00cef8361b7a.json,,4000,M.2-2280,,,,,,,M.2 PCIe 3.0 x4,,,SB-RKTQ-4TB,True,SSD,SSD
801970e2-ab91-4414-9458-86b693a1d9f8,"Toshiba P300 1TB HDD 7200RPM 3.5"" SATA 6.0 Gb/s Internal",Toshiba,P300,1000GB,,801970e2-ab91-4414-9458-86b693a1d9f8.json,,1000,"3.5""",,,,,,,SATA 6.0 Gb/s,,,HDWD110EZSTA,False,HDD,HDD
808f84b1-5a48-40b6-8355-fd2c7c6c91e6,TEAMGROUP Cardea Zero Z440 Graphene 1TB SSD M.2-2280 PCIe 4.0 NVMe,TEAMGROUP,Cardea,1000GB,,808f84b1-5a48-40b6-8355-fd2c7c6c91e6.json,,1000,M.2-2280,B07Z4J96C9,,,,N82E16820331429,506422697,M.2 PCIe 4.0 x4,,,TM8FP7001T0C311,True,SSD,SSD
80b60e2b-99bd-487a-a07c-3f8439f18b1b,"Lenovo S4520 7.68 TB SSD 2.5"" SATA",Lenovo,S4520,7000GB,,80b60e2b-99bd-487a-a07c-3f8439f18b1b.json,,7000,"2.5""",,,,,,,SATA 6.0 Gb/s,,,4XB7A17105,False,SSD,SSD
80ba6251-9ce9-4e96-a7f9-f41c8ca8d23e,Western Digital Blue SN580 250GB SSD M.2-2280 PCIe 4.0 X4 NVMe,Western Digital,Blue,250GB,,80ba6251-9ce9-4e96-a7f9-f41c8ca8d23e.json,,250,M.2-2280,B0C8X8LWVC,,,,N82E16820250256,2338994940,M.2 PCIe 4.0 x4,,,WDS250G3B0E,True,SSD,SSD
80bea77d-26ec-41d9-a84c-7a6d2096272f,"Integral V Series 2 120GB SSD 2.5"" SATA",Integral,V,120GB,,80bea77d-26ec-41d9-a84c-7a6d2096272f.json,,120,"2.5""",,,,,,,SATA 6.0 Gb/s,,,INSSD120GS625V2,False,SSD,SSD
80df0341-b594-403f-b081-f2dcce2296e8,"Toshiba P300 500GB 3.5"" HDD 7200RPM SATA",Toshiba,P300,500GB,,80df0341-b594-403f-b081-f2dcce2296e8.json,,500,"3.5""",B0151KM1WS,,,,,,SATA 6.0 Gb/s,,,HDWD105UZSVA | 4040S34,False,HDD,HDD
80f90288-f825-4722-a992-669ea1780816,"Silicon Power A55 2TB SSD 2.5"" SATA 6.0 Gb/s",Silicon Power,A55,2000GB,,80f90288-f825-4722-a992-669ea1780816.json,,2000,"2.5""",B07Q37V1C9,,,,,,SATA 6.0 Gb/s,,,SP002TBSS3A55S25 | SU002TBSS3A55S25NE,False,SSD,SSD
80fd45c7-e002-4772-8e13-a3e77b354da6,"Seagate IronWolf Pro NAS 10TB HDD 3.5"" 7200RPM SATA",Seagate,IronWolf,10000GB,,80fd45c7-e002-4772-8e13-a3e77b354da6.json,,10000,"3.5""",B0B94NQCV5,,,,,5258046701,SATA 6.0 Gb/s,,,ST10000NT001,False,HDD,HDD
814d0103-ac8c-42ee-a78b-261039739916,Gigabyte Gen3 2500E 2TB SSD M.2-2280 PCIe 3.0 X4 NVMe,Gigabyte,Gen3,2000GB,,814d0103-ac8c-42ee-a78b-261039739916.json,,2000,M.2-2280,B0CNGY66HB,,,,,,M.2 PCIe 3.0 x4,,,G325E2TB,True,SSD,SSD
814e7aa5-ca32-4af3-9537-9af26ce9d049,"Intenso High Performance 240GB SSD 2.5"" SATA 6.0 Gb/s",Intenso,High,240GB,,814e7aa5-ca32-4af3-9537-9af26ce9d049.json,,240,"2.5""",,,,,,,SATA 6.0 Gb/s,,,3813440,False,SSD,SSD
8155f344-ec26-4db4-ad2a-21248c7bb0c2,Apacer AS2280P4U 1TB SSD M.2-2280 PCIe 3.0 X4 NVMe,Apacer,AS2280P4U,1000GB,,8155f344-ec26-4db4-ad2a-21248c7bb0c2.json,,1000,M.2-2280,,,,,,,M.2 PCIe 3.0 x4,,,AP1TBAS2280P4U-1,True,SSD,SSD
816cf411-944a-4059-8975-95d9a9fc74a2,"Western Digital Red Plus 3TB HDD 5400RPM 3.5"" SATA 6.0 Gb/s Internal",Western Digital,Red,3000GB,,816cf411-944a-4059-8975-95d9a9fc74a2.json,,3000,"3.5""",B08VH9NDV7,,,,N82E16822234464,458330962,SATA 6.0 Gb/s,,,WD30EFZX,False,HDD,HDD
816e85a5-4b26-408b-a0b0-89b9d4b27369,"G.Skill Phoenix III 120GB SSD 2.5"" SATA",G.Skill,Phoenix,120GB,,816e85a5-4b26-408b-a0b0-89b9d4b27369.json,,120,"2.5""",,,,,,,SATA 6.0 Gb/s,,,FM-25S3-120GBP3,False,SSD,SSD
8176ff8a-be37-416a-bf3d-d726e9699559,Corsair MP600 PRO 4TB SSD M.2-2280 PCIe 4.0 x4 NVMe,Corsair,MP600,4000GB,,8176ff8a-be37-416a-bf3d-d726e9699559.json,,4000,M.2-2280,B0999JRTW9,,,,,892724404,M.2 PCIe 4.0 x4,,,CSSD-F4000GBMP600PRO,True,SSD,SSD
818cbf79-8f55-4e0f-b35a-2caca309cf3a,"Samsung 850 Evo 1TB SSD 2.5"" SATA 6.0 Gb/s",Samsung,850,1000GB,,818cbf79-8f55-4e0f-b35a-2caca309cf3a.json,,1000,"2.5""",B00P738MUU,,,,,,SATA 6.0 Gb/s,,,MZ-75E1T0B | AM | EU | MZ-75E1T0BW | FBA_MZ-75E1T0B/EU,False,SSD,SSD
81e7d7d3-2584-4edf-90d7-e23934139f2e,KIOXIA EXCERIA PLUS G4 1TB SSD M.2 PCIe 5.0 X4 NVMe,KIOXIA,EXCERIA,1000GB,,81e7d7d3-2584-4edf-90d7-e23934139f2e.json,,1000,M.2-2280,,,,,,,M.2 PCIe 5.0 x4,,,LVD10Z001TG8,True,SSD,SSD
81e987a6-d982-4e41-9862-fb1a166bb5e4,"Western Digital Gold 8TB 3.5"" HDD 7200RPM SATA 6.0 Gb/s Internal",Western Digital,Gold,8000GB,,81e987a6-d982-4e41-9862-fb1a166bb5e4.json,,8000,"3.5""",B07XGDNZXT,,,,,936011122,SATA 6.0 Gb/s,,,WD8004FRYZ | WD8004FRYZ-SPVAEB0,False,HDD,HDD
81f4391a-327b-4549-8558-354885dc3c52,"Toshiba X300 12TB 3.5"" HDD 7200RPM SATA 6.0 Gb/s Internal",Toshiba,X300,12000GB,,81f4391a-327b-4549-8558-354885dc3c52.json,,12000,"3.5""",,,,,,,SATA 6.0 Gb/s,,,HDWR21CUZSVA,False,HDD,HDD
8219835d-f759-4333-befe-64e7bce18176,Transcend MTS600 512 GB SSD M.2-2260 SATA,Transcend,MTS600,512GB,,8219835d-f759-4333-befe-64e7bce18176.json,,512,M.2-2260,,,,,,,M.2 SATA,,,TS512GMTS600,False,SSD,SSD
8219bf4a-d710-4ecf-a759-541e174d750b,"SanDisk Ultra Plus 128GB SSD 2.5"" SATA",SanDisk,Ultra,128GB,,8219bf4a-d710-4ecf-a759-541e174d750b.json,,128,"2.5""",,,,,,,SATA 6.0 Gb/s,,,SDSSDHP-128G-G25,False,SSD,SSD
82201cc8-1687-4daa-b5fd-714fa870bc1f,"TEAMGROUP T-Force Delta TUF Gaming Alliance RGB 1TB SSD 2.5"" SATA 6.0 Gb/s",TEAMGROUP,T-Force,1000GB,,82201cc8-1687-4daa-b5fd-714fa870bc1f.json,,1000,"2.5""",,,,,,,SATA 6.0 Gb/s,,,T253TT001T3C313,False,SSD,SSD
8252d6b8-aed7-4a9a-be6e-4a43579b41bd,Solidigm P41 Plus 2TB SSD M.2-2280 PCIe 4.0 NVMe,Solidigm,P41,2000GB,,8252d6b8-aed7-4a9a-be6e-4a43579b41bd.json,,2000,M.2-2280,B0B9855VGS,,,,N82E16820329022R,1881671416,M.2 PCIe 4.0 x4,,,SSDPFKNU020TZX1 | 14489226000,True,SSD,SSD
8256dc1c-48ac-4b82-879a-f70cc4917e32,ADATA XPG SPECTRIX S40G RGB 2TB M.2-2280 SSD PCIe 3.0 x4 NVMe,ADATA,XPG,2000GB,,8256dc1c-48ac-4b82-879a-f70cc4917e32.json,,2000,M.2-2280,B07ZG7JL8G,,,,,,M.2 PCIe 3.0 x4,,,AS40G-2TT-C | S40G,True,SSD,SSD
82738494-c0e4-47cb-8e4f-57dd59303da7,"Western Digital WD Red Pro 26TB 3.5"" HDD 7200RPM SATA 6.0 Gb/s",Western Digital,WD,26000GB,,82738494-c0e4-47cb-8e4f-57dd59303da7.json,512,26000,"3.5""",B0DYQH1N48,,,,N82E16822234582,15480917645,SATA 6.0 Gb/s,,,WD260KFGX | WD260KFGX-SPCNGN0,False,HDD,HDD
82757af4-51da-4258-8072-fb338748e444,ADATA LEGEND 850 LITE 2TB M.2-2280 SSD PCIe 4.0 x4 NVMe,ADATA,LEGEND,2000GB,,82757af4-51da-4258-8072-fb338748e444.json,,2000,M.2-2280,B0BWFN1N87,,,,,,M.2 PCIe 4.0 x4,,,ALEG-850L-2000GCS | 850 LITE,True,SSD,SSD
82b9b460-a177-4385-87ef-c91235953729,"Hitachi 0F18335 6TB HDD 7200RPM 3.5"" SATA",Hitachi,0F18335,6000GB,,82b9b460-a177-4385-87ef-c91235953729.json,,6000,"3.5""",B00GTD3AR2,,,,,40719784,SATA 6.0 Gb/s,,,0F18335,False,HDD,HDD
82ca3823-cdd8-45d6-991c-d87e19966c89,"Synology SAT5200 1TB SSD 2.5"" SATA",Synology,SAT5200,1000GB,,82ca3823-cdd8-45d6-991c-d87e19966c89.json,,1000,"2.5""",,,,,,,SATA 6.0 Gb/s,,,SAT5200-1920G,False,SSD,SSD
82cd0ce4-d632-4164-94ba-f1417d25ad35,"Crucial RealSSD C300 256GB SSD 2.5"" SATA 6.0 Gb/s",Crucial,RealSSD,256GB,,82cd0ce4-d632-4164-94ba-f1417d25ad35.json,,256,"2.5""",,,,,,,SATA 6.0 Gb/s,,,CTFDDAC256MAG-1G1,False,SSD,SSD
82e1812e-563d-4822-af73-d7881630963d,"Crucial MX200 250GB SSD 2.5"" SATA",Crucial,MX200,250GB,,82e1812e-563d-4822-af73-d7881630963d.json,,250,"2.5""",,,,,,,SATA 6.0 Gb/s,,,CT250MX200SSD1,False,SSD,SSD
82f01cdf-9543-400a-858d-836cc4d47529,"Western Digital VelociRaptor 500GB HDD 2.5"" 10000RPM SATA 6.0 Gb/s Internal",Western Digital,VelociRaptor,500GB,,82f01cdf-9543-400a-858d-836cc4d47529.json,,500,"2.5""",,,,,,,SATA 6.0 Gb/s,,,WD5000BHTZ,False,HDD,HDD
830c23cb-6453-42a5-b4bd-e844891aaba0,Western Digital WD_BLACK SN8100 w/Heatsink 4TB SSD M.2-2280 PCIe 5.0 x4 NVMe,Western Digital,WD_BLACK,4000GB,,830c23cb-6453-42a5-b4bd-e844891aaba0.json,4096,4000,M.2-2280,,,,,,,M.2 PCIe 5.0 x4,,,WDS400T1XHM | WDS400T1XHM-00CMT0,True,SSD,SSD
83164a10-afa8-487e-8ac4-5b398236abe4,"Crucial M4 64GB SSD 2.5"" SATA",Crucial,M4,64GB,,83164a10-afa8-487e-8ac4-5b398236abe4.json,,64,"2.5""",,,,,,,SATA 6.0 Gb/s,,,CT064M4SSD2,False,SSD,SSD
83633fd6-4840-464a-962a-1d5e2d428d94,OCZ RD400A 512GB SSD PCIe NVMe,OCZ,RD400A,512GB,,83633fd6-4840-464a-962a-1d5e2d428d94.json,,512,PCIe,,,,,,,M.2 PCIe 3.0 x4,,,RVD400-M22280-512G-A,True,SSD,SSD
83679274-1466-46d2-ac38-f4f178ef1414,"PNY CS1311 240GB SSD 2.5"" SATA 6.0 Gb/s",PNY,CS1311,240GB,,83679274-1466-46d2-ac38-f4f178ef1414.json,,240,"2.5""",,,,,,,SATA 6.0 Gb/s,,,SSD7CS1311-240-RB,False,SSD,SSD
83744303-8299-4568-9ca1-73314ec5c725,Corsair Force MP500 480GB SSD M.2-2280 PCIe 3.0 X4 NVMe,Corsair,Force,480GB,,83744303-8299-4568-9ca1-73314ec5c725.json,,480,M.2-2280,,,,,,,M.2 PCIe 3.0 x4,,,CSSD-F480GBMP500,True,SSD,SSD
839b9226-5d30-41af-8f43-d3add01661cb,PNY CS1030 2TB SSD M.2 NVMe PCIe 3.0 X4,PNY,CS1030,2000GB,,839b9226-5d30-41af-8f43-d3add01661cb.json,,2000,M.2-2280,B08M446772,6463145,,,N82E16820177082,373230403,M.2 PCIe 3.0 x4,,,M280CS1030-2TB-RB,True,SSD,SSD
83d0ea54-da63-4699-854a-6743d2eaf7af,Seagate FireCuda 520 500GB SSD M.2 PCIe 4.0 NVMe,Seagate,FireCuda,500GB,,83d0ea54-da63-4699-854a-6743d2eaf7af.json,,500,M.2-2280,B07ZPRQ4YM,6440211,,,9SIBTK0K928033,985330397,M.2 PCIe 4.0 x4,,,ZP500GM3A002,True,SSD,SSD
83e11ea2-804a-4d0d-a14b-bc46c0797f9a,Crucial P3 4TB SSD M.2-2280 NVMe PCIe 3.0 X4,Crucial,P3,4000GB,,83e11ea2-804a-4d0d-a14b-bc46c0797f9a.json,,4000,M.2-2280,B0B25P44CL,6509716,,,,1139920156,M.2 PCIe 3.0 x4,,,CT4000P3SSD8,True,SSD,SSD
83e86a25-07f8-478c-8cea-91e5a9bdc063,"Western Digital Scorpio Blue 160GB HDD 2.5"" 5400RPM SATA 1.5 Gb/s",Western Digital,Scorpio,160GB,,83e86a25-07f8-478c-8cea-91e5a9bdc063.json,,160,"2.5""",B000Q85P10,,,,,,SATA 1.5 Gb/s,,,WD1600BEVS,False,HDD,HDD
83f969e2-00fc-4e8a-a429-5c5ec3cd5e4d,"Seagate IronWolf 6TB 3.5"" HDD 7200RPM SATA",Seagate,IronWolf,6000GB,,83f969e2-00fc-4e8a-a429-5c5ec3cd5e4d.json,,6000,"3.5""",B01LZDFMWQ,,,,,,SATA 6.0 Gb/s,,,ST6000VN0041,False,HDD,HDD
8421d967-79f7-41d3-a23f-d5208d61a9f8,"Kingston SSDNow S100 16GB SSD 2.5"" SATA",Kingston,SSDNow,16GB,,8421d967-79f7-41d3-a23f-d5208d61a9f8.json,,16,"2.5""",B004CSLOR4,,,,,,SATA 3.0 Gb/s,,,SS100S2 | 16G | SS100S2/16G,False,SSD,SSD
84504ecb-eabf-4230-b895-34dc4da97628,Addlink A93 PS5 1TB SSD M.2-2280 PCIe 4.0 x4 NVMe,Addlink,A93,1000GB,,84504ecb-eabf-4230-b895-34dc4da97628.json,,1000,M.2-2280,B0CFTS24NY,,,,,,M.2 PCIe 4.0 x4,,,ad1TBA93M2P | ‎ad1TBA93M2P,True,SSD,SSD
845a162e-cad4-479f-8984-d535de9e9acc,"Seagate IronWolf 12TB HDD 3.5"" SATA 6.0 Gb/s",Seagate,IronWolf,12000GB,,845a162e-cad4-479f-8984-d535de9e9acc.json,,12000,"3.5""",,,,,,,SATA 6.0 Gb/s,,,ST12000VN0007,False,HDD,HDD
846ade0d-a988-42eb-980e-88b0bc2c85a9,Samsung 860 Evo 500GB SSD M.2-2280 SATA,Samsung,860,500GB,,846ade0d-a988-42eb-980e-88b0bc2c85a9.json,,500,M.2-2280,,,,,,,M.2 SATA,,,MZ-N6E500BW,False,SSD,SSD
8487888d-bcd7-465d-82c3-f6976d61068d,"TEAMGROUP EX2 16 TB 2.5"" SSD SATA 6.0 Gb/s",TEAMGROUP,EX2,16000GB,,8487888d-bcd7-465d-82c3-f6976d61068d.json,,16000,"2.5""",B0C3M4JPG4,,,,N82E16820985035,1635829454,SATA 6.0 Gb/s,,,T253E2016T0C101,False,SSD,SSD
8495591e-a73b-4a43-addb-60aecfda4b93,"Seagate SkyHawk 3TB 3.5"" HDD 5900RPM SATA",Seagate,SkyHawk,3000GB,,8495591e-a73b-4a43-addb-60aecfda4b93.json,,3000,"3.5""",,,,,,,SATA 6.0 Gb/s,,,ST3000VX010,False,HDD,HDD
84c6862e-e827-4b77-ab94-c1b646bbb199,Toshiba XG3 128GB SSD M.2-2280 PCIe 3.0 X4 NVMe,Toshiba,XG3,128GB,,84c6862e-e827-4b77-ab94-c1b646bbb199.json,,128,M.2-2280,,,,,,,M.2 PCIe 3.0 x4,,,THNSN5128GPU7,True,SSD,SSD
84de8890-dc61-436c-894a-54af8e9c6ae5,Intel DC P3608 3.2 TB PCIe SSD NVMe,Intel,DC,3000GB,,84de8890-dc61-436c-894a-54af8e9c6ae5.json,,3000,PCIe,,,,,,,M.2 PCIe 3.0 x8,,,SSDPECME032T401,True,SSD,SSD
84ef85b3-ca31-4f7f-b067-f8d8a0c11543,"Seagate BarraCuda Pro 8TB 3.5"" HDD 7200RPM SATA",Seagate,BarraCuda,8000GB,,84ef85b3-ca31-4f7f-b067-f8d8a0c11543.json,,8000,"3.5""",,,,,,,SATA 6.0 Gb/s,,,ST8000DM002 | 4374973,False,HDD,HDD
84f941c4-8de1-4fc1-9b3d-cd0d25e6038c,"Toshiba N300 NAS 16 TB HDD 7200RPM 3.5"" SATA 6.0 Gb/s",Toshiba,N300,16000GB,,84f941c4-8de1-4fc1-9b3d-cd0d25e6038c.json,512,16000,"3.5""",B0CYR2ZZCX,,,,1Z4-000B-00N66,6312601590,SATA 6.0 Gb/s,,,HDWG51GXZSTA,False,HDD,HDD
84f9bc42-8e7c-4b9e-aae5-1cdc3a2f8fdd,ADATA LEGEND 840 1TB M.2 SSD NVMe PCIe 4.0,ADATA,LEGEND,1000GB,,84f9bc42-8e7c-4b9e-aae5-1cdc3a2f8fdd.json,,1000,M.2-2280,B09H8QBBQ7,,,,,,M.2 PCIe 4.0 x4,,,ALEG-840-1TCS,True,SSD,SSD
8513f5f5-d7b6-438b-a314-76d032b78f28,TEAMGROUP T-Force Cardea Z44Q 4TB SSD M.2-2280 PCIe 4.0 X4 NVMe,TEAMGROUP,T-Force,4000GB,,8513f5f5-d7b6-438b-a314-76d032b78f28.json,,4000,M.2-2280,B0989VHZ8L,,,,N82E16820331737,893915978,M.2 PCIe 4.0 x4,,,TM8FPQ004T0C327,True,SSD,SSD
85150ecb-43ff-48ea-ba5c-bd9947e30876,Corsair MP600 PRO XT 2TB M.2 SSD PCIe 4.0 NVMe,Corsair,MP600,2000GB,,85150ecb-43ff-48ea-ba5c-bd9947e30876.json,,2000,M.2-2280,B09F5X8ZMY,6524204,,,N82E16820236813,637372705,M.2 PCIe 4.0 x4,,,CSSD-F2000GBMP600PXT,True,SSD,SSD
852747ea-103f-4243-99b4-670e7334e978,Samsung 840 Evo 250GB SSD mSATA SATA,Samsung,840,250GB,,852747ea-103f-4243-99b4-670e7334e978.json,,250,mSATA,,,,,,,mSATA,,,MZ-MTE250BW,False,SSD,SSD
852a30fc-ba86-4ad6-9351-3b9df7fb8a4b,Crucial P3 500GB SSD M.2-2280 PCIe 3.0 x4 NVMe,Crucial,P3,500GB,,852a30fc-ba86-4ad6-9351-3b9df7fb8a4b.json,,500,M.2-2280,B0B25LQQPC,6509714,,,N82E16820156295,1180983786,M.2 PCIe 3.0 x4,,,CT500P3SSD8,True,SSD,SSD
855069ea-e8c4-4e58-a4a9-6e4932db1cb8,Addlink A95 8TB SSD M.2-2280 PCIe 4.0 x4 NVMe,Addlink,A95,8000GB,,855069ea-e8c4-4e58-a4a9-6e4932db1cb8.json,,8000,M.2-2280,B0CJ2MN7NC,,,,,,M.2 PCIe 4.0 x4,,,ad8TBA95M2P,True,SSD,SSD
8558d374-af37-498e-bfc2-4aaacbd0ace0,"SK Hynix Gold S31 500GB SSD 2.5"" SATA",SK Hynix,Gold,500GB,,8558d374-af37-498e-bfc2-4aaacbd0ace0.json,,500,"2.5""",,,,,,,SATA 6.0 Gb/s,,,SHGS31-500GS-2,False,SSD,SSD
856182e6-cef0-4177-b707-0735858407ca,"Samsung Spinpoint F3 500GB HDD 3.5"" SATA",Samsung,Spinpoint,500GB,,856182e6-cef0-4177-b707-0735858407ca.json,,500,"3.5""",,,,,,,SATA 3.0 Gb/s,,,HD502HJ,False,HDD,HDD
856b7912-2cb2-4235-b3d2-c9a49ecd2437,Acer Predator GM7000 4TB M.2 SSD PCIe 4.0 NVMe,Acer,Predator,4000GB,,856b7912-2cb2-4235-b3d2-c9a49ecd2437.json,,4000,M.2-2280,B0BNTFVVGD,,,,9SIA2W0K4C1171,3080910586,M.2 PCIe 4.0 x4,,,BL.9BWWR.107 | GM7000-4TB | BL9BWWR107,True,SSD,SSD
856cc5ec-504c-499b-9e61-98b77cd5f353,"ADATA Premier SP610 128GB SSD 2.5"" SATA 6.0 Gb/s",ADATA,Premier,128GB,,856cc5ec-504c-499b-9e61-98b77cd5f353.json,,128,"2.5""",,,,,,,SATA 6.0 Gb/s,,,ASP610SS3-128GM-C,False,SSD,SSD
85765993-e009-4c0f-8a54-bcad5a6ca8d3,"TEAMGROUP T-Force Vulcan Z 480GB SSD 2.5"" SATA",TEAMGROUP,T-Force,480GB,,85765993-e009-4c0f-8a54-bcad5a6ca8d3.json,,480,"2.5""",B09WMQQ68S,,,,N82E16820331832,111846913,SATA 6.0 Gb/s,,,T253TZ480G0C101,False,SSD,SSD
85b411ef-8f72-4439-8ecf-68c157bf7535,MSI SPATIUM M482 2TB SSD M.2-2280 PCIe 4.0 X4 NVMe,MSI,SPATIUM,2000GB,,85b411ef-8f72-4439-8ecf-68c157bf7535.json,,2000,M.2-2280,B0CVK1R1MN,,,,N82E16820140054,5335725251,M.2 PCIe 4.0 x4,,,SPATIUM-M482-PCIe-4.0-NVMe-M.2-2TB | SM482N2TB | S78-440Q730-P83 | SPATIUM M482 PCIe 4.0 NVMe M.2 2TB,True,SSD,SSD
85c35d8b-c4d9-4db9-8d58-3b27cff72d3f,TEAMGROUP MP34Q 8TB M.2 SSD PCIe 3.0 NVMe,TEAMGROUP,MP34Q,8000GB,,85c35d8b-c4d9-4db9-8d58-3b27cff72d3f.json,,8000,M.2-2280,B099MLGJ6N,,,,,,M.2 PCIe 3.0 x4,,,TM8FPJ8000G0C101,True,SSD,SSD
85daef7f-1b74-492e-a434-1f120b02cc4a,ADATA LEGEND 970 1TB SSD M.2-2280 PCIe 5.0 NVMe,ADATA,LEGEND,1000GB,,85daef7f-1b74-492e-a434-1f120b02cc4a.json,,1000,M.2-2280,B0CB71FSC6,,,,,5037962572,M.2 PCIe 5.0 x4,,,SLEG-970-1000GCI,True,SSD,SSD
85ede92a-096e-40e0-bcfd-c912063c2a87,ADATA Premium For PS5 2TB SSD M.2 PCIe 4.0 NVMe,ADATA,Premium,2000GB,,85ede92a-096e-40e0-bcfd-c912063c2a87.json,,2000,M.2-2280,B09NS6TQND,,,,,,M.2 PCIe 4.0 x4,,,APSFG-2T-CSUS,True,SSD,SSD
85f1e60b-534d-4ea3-ba67-843cd0e75ed2,Crucial P5 500GB NVMe M.2 SSD,Crucial,Crucial P5 SSD,500GB,2020,85f1e60b-534d-4ea3-ba67-843cd0e75ed2.json,,500,M.2-2280,B087QTMXS7,,,,9SIAP9PJ8D6161,349882637,M.2 PCIe 3.0 x4,,,CT500P5SSD8,True,SSD,SSD
85f4df38-8849-4682-880c-b474cb93fa18,Patriot P310 960GB SSD M.2 NVMe,Patriot,P310,960GB,,85f4df38-8849-4682-880c-b474cb93fa18.json,,960,M.2-2280,B09KY6X7SM,,,,9SIAN6WK0U0299,989086234,M.2 PCIe 3.0 x4,,,P310P960GM28,True,SSD,SSD
86047d52-1b01-46c4-8d63-70b14af454c5,"Toshiba MQ01ABF050M 500GB HDD 2.5"" 5400RPM SATA 6.0 Gb/s",Toshiba,MQ01ABF050M,500GB,,86047d52-1b01-46c4-8d63-70b14af454c5.json,,500,"2.5""",,,,,,,SATA 6.0 Gb/s,,,MQ01ABF050M,False,HDD,HDD
8607852d-2670-4b7b-a13d-891e1dd5afba,"Verbatim Vi550 512GB SSD 2.5"" SATA",Verbatim,Vi550,512GB,,8607852d-2670-4b7b-a13d-891e1dd5afba.json,,512,"2.5""",B07LGJM6BP,,,,,455808739,SATA 6.0 Gb/s,,,49352,False,SSD,SSD
86293049-29f2-487a-b61d-02a77ae35960,Western Digital WD Blue SN5000 500 GB SSD M.2-2280 PCIe 4.0 X4 NVMe,Western Digital,WD,500GB,,86293049-29f2-487a-b61d-02a77ae35960.json,,500,M.2-2280,B0D7MKQKXZ,,,,N82E16820250269,7982174680,M.2 PCIe 4.0 x4,,,WDS500G4B0E | WDS500G4B0E-00CNZ0,True,SSD,SSD
862de1a5-7fc4-4a4f-be7f-606aa99d16aa,"Seagate 600 120GB SSD 2.5"" SATA",Seagate,600,120GB,,862de1a5-7fc4-4a4f-be7f-606aa99d16aa.json,,120,"2.5""",B00CKANOWE,,,,,,SATA 6.0 Gb/s,,,ST120HM000,False,SSD,SSD
862e72bc-382a-473a-9c89-e243e904b594,"Intel X25-V 40 GB SSD 2.5"" SATA",Intel,X25-V,40GB,,862e72bc-382a-473a-9c89-e243e904b594.json,,40,"2.5""",B0042YY2FE,,,,,,SATA 3.0 Gb/s,,,SSDSA2MP040G2K5,False,SSD,SSD
864fd581-f81f-472c-8bf1-1e2e248d8f33,"Toshiba MG09 512e 18TB 3.5"" HDD 7200RPM SATA",Toshiba,MG09,18000GB,,864fd581-f81f-472c-8bf1-1e2e248d8f33.json,,18000,"3.5""",B093Z5LFWD,,,,1B0-0011-00322,,SATA 6.0 Gb/s,,,MG09ACA18TE | 10323384,False,HDD,HDD
8664d82a-863a-4d2e-a2cb-911f33b8b7ef,MSI SPATIUM M482 1TB SSD M.2-2280 PCIe 4.0 x4 NVMe,MSI,SPATIUM,1000GB,,8664d82a-863a-4d2e-a2cb-911f33b8b7ef.json,,1000,M.2-2280,,,,,,,M.2 PCIe 4.0 x4,,,SPATIUM-M482-PCIe-4.0-NVMe-M.2-1TB | SM482N1TB,True,SSD,SSD
867f36c8-fe6a-4106-83ed-ccac50434c0d,"Samsung Data Center 240 GB SSD 2.5"" SATA 6.0 Gb/s",Samsung,Data,240GB,,867f36c8-fe6a-4106-83ed-ccac50434c0d.json,,240,"2.5""",,,,,,,SATA 6.0 Gb/s,,,MZ7LM240HCGR-00003,False,SSD,SSD
86b340aa-2138-472b-a684-028b5c3286e4,Corsair MP700 Elite 2TB SSD M.2-2280 PCIe 5.0 NVMe,Corsair,MP700,2000GB,,86b340aa-2138-472b-a684-028b5c3286e4.json,,2000,M.2-2280,B0DKNY3HRV,,,,N82E16820982219,,M.2 PCIe 5.0 x4,,,CSSD-F2000GBMP700ENH,True,SSD,SSD
86e1ce83-ddf9-44f4-8594-d52dcdfc6564,"FanXiang S101 256GB SSD 2.5"" SATA 6.0 Gb/s",FanXiang,S101,256GB,,86e1ce83-ddf9-44f4-8594-d52dcdfc6564.json,,256,"2.5""",B09XDJWWG7,,,,,,SATA 6.0 Gb/s,,,S101-256GB | sata ssd 256gb - S101 | S101,False,SSD,SSD
87002ede-da3e-4ad9-b6ac-debd2dcd94fd,Nextorage NN5PRO 2TB SSD M.2-2280 PCIe 4.0 x8 NVMe,Nextorage,NN5PRO,2000GB,,87002ede-da3e-4ad9-b6ac-debd2dcd94fd.json,,2000,M.2-2280,,,,,0D9-0106-00014,,M.2 PCIe 4.0 x8,,,NN5PRO-2TB1BH | XNE SYM,True,SSD,SSD
870f9147-7287-41de-861e-cb41a03e97c6,Kingston Fury Renegade with Heat Sink 1TB SSD M.2-2280 PCIe 4.0 x4 NVMe,Kingston,Fury,1000GB,,870f9147-7287-41de-861e-cb41a03e97c6.json,,1000,M.2-2280,B0BJL61R71,,,,0D9-001B-00581,2659550239,M.2 PCIe 4.0 x4,,,SFYRSK | 1000G | SFYRSK/1000G,True,SSD,SSD
87197948-f682-4051-a714-11d9bcafda11,Patriot P300 1TB SSD M.2-2280 PCIe 3.0 x4 NVMe,Patriot,P300,1000GB,,87197948-f682-4051-a714-11d9bcafda11.json,,1000,M.2-2280,B0817D6VJH,,,,,,M.2 PCIe 3.0 x4,,,P300P1TBM28US | P300P1TBM28,True,SSD,SSD
8719a25f-26cc-4c91-9403-5bdfdeaf4fa9,"Hyundai Technology Sapphire 240 GB SSD 2.5"" SATA 6.0 Gb/s",Hyundai Technology,Sapphire,240GB,,8719a25f-26cc-4c91-9403-5bdfdeaf4fa9.json,,240,"2.5""",,,,,,,SATA 6.0 Gb/s,,,SSDHYC2S3T240G,False,SSD,SSD
87257476-6ae6-4f8d-85c9-affdfbb54d1d,"Hitachi Deskstar 7K2000 2TB HDD 3.5"" 7200RPM SATA 3.0 Gb/s",Hitachi,Deskstar,2000GB,,87257476-6ae6-4f8d-85c9-affdfbb54d1d.json,,2000,"3.5""",,,,,,,SATA 3.0 Gb/s,,,0F10311,False,HDD,HDD
873d3bbf-ba2e-4d16-ae19-5c9b5ae9e6ec,"Western Digital Purple 3TB HDD 3.5"" SATA",Western Digital,Purple,3000GB,,873d3bbf-ba2e-4d16-ae19-5c9b5ae9e6ec.json,,3000,"3.5""",B00IMPO5N8,,,,,36346771,SATA 6.0 Gb/s,,,WD30PURX,False,HDD,HDD
8762b1fe-1892-429b-ae9d-c1689ef60bd0,ADATA LEGEND 700 512GB SSD M.2-2280 PCIe 3.0 x4 NVMe,ADATA,LEGEND,512GB,,8762b1fe-1892-429b-ae9d-c1689ef60bd0.json,,512,M.2-2280,,,,,,,M.2 PCIe 3.0 x4,,,ALEG-700-512GCS,True,SSD,SSD
8773bfce-5ca3-428d-ad0a-81e0175b9900,"IBM 43X0805 300GB HDD 15000RPM 3.5"" SAS 3.0 Gb/s Internal",IBM,43X0805,300GB,,8773bfce-5ca3-428d-ad0a-81e0175b9900.json,,300,"3.5""",B0034900DG,,,,,39128108,SAS 3.0 Gb/s,,,43X0805,False,HDD,HDD
8792b22e-d2aa-493d-9297-28193fdd8888,Crucial P310 w/Heatsink 2TB M.2-2280 SSD PCIe 4.0 x4 NVMe,Crucial,P310,2000GB,,8792b22e-d2aa-493d-9297-28193fdd8888.json,,2000,M.2-2280,B0DV32WGWM,6618321,,,N82E16820156417,15261816008,M.2 PCIe 4.0 x4,,,CT2000P310SSD5,True,SSD,SSD
87a72701-8de1-4e7d-b23a-9afecea5ecad,MSI SPATIUM M450 500GB M.2 SSD PCIe 4.0 NVMe,MSI,SPATIUM,500GB,,87a72701-8de1-4e7d-b23a-9afecea5ecad.json,,500,M.2-2280,B09RBCZXL1,,,,N82E16820140025,3633891887,M.2 PCIe 4.0 x4,,,SM450N500 | S78-440K090-P83 | S78-440K190-P83,True,SSD,SSD
87b73730-2209-4236-9167-617ebc6fa8de,Mushkin Pilot-E 1TB M.2-2280 SSD PCIe 3.0 X4 NVMe,Mushkin,Pilot-E,1000GB,,87b73730-2209-4236-9167-617ebc6fa8de.json,,1000,M.2-2280,,,,,,,M.2 PCIe 3.0 x4,,,MKNSSDPE1TB-D8,True,SSD,SSD
87b8d60e-74aa-4c9a-9b48-a20a77d35b76,Western Digital Blue SA510 500GB SSD M.2-2280 SATA,Western Digital,Blue,500GB,,87b8d60e-74aa-4c9a-9b48-a20a77d35b76.json,,500,M.2-2280,,,,,,,M.2 SATA,,,WDS500G3B0B,False,SSD,SSD
87c08288-cc7b-4923-b5a5-70d239283581,Kingston A400 120GB M.2-2280 SATA Solid State Drive,Kingston Technology,A400,120GB,2018,87c08288-cc7b-4923-b5a5-70d239283581.json,,120,"2.5""",B07P22T3VD,,,,9SIBKYEK6R6077,799637136,SATA 6.0 Gb/s,,,SA400M8/120G,False,SSD,SSD
87dcf987-8338-46f4-a121-d1c9922ed067,"Seagate IronWolf Pro 20TB HDD 3.5"" 7200RPM SATA 6.0 Gb/s",Seagate,IronWolf,20000GB,,87dcf987-8338-46f4-a121-d1c9922ed067.json,,20000,"3.5""",,,,,,,SATA 6.0 Gb/s,,,ST20000NE000,False,HDD,HDD
87e049f2-3a06-4b29-aa77-d6d4a07096fb,Western Digital Black SN850X 2TB SSD M.2 PCIe 4.0 NVMe,Western Digital,WD_Black,2000GB,,87e049f2-3a06-4b29-aa77-d6d4a07096fb.json,,2000,M.2-2280,B0B7CMZ3QH,6512128,28588,,N82E16820250247,1873770488,M.2 PCIe 4.0 x4,,,WDS200T2X0E | WDBB9G0020BNC-WRSN | WDS200T2X0E-00BCA0,True,SSD,
880420cc-ec34-4266-931f-e34ff12dc158,"Samsung 850 Evo 120 GB SSD 2.5"" SATA 6.0 Gb/s",Samsung,850,120GB,,880420cc-ec34-4266-931f-e34ff12dc158.json,,120,"2.5""",,,,,,,SATA 6.0 Gb/s,,,MZ-75E120B | AM | EU | MZ-75E120BW,False,SSD,SSD
882c15c6-131e-4e95-8d79-6f94174910bc,"Seagate Exos 7E8 512e 8TB Internal HDD 7200RPM 3.5"" SATA 6.0 Gb/s",Seagate,Exos,8000GB,,882c15c6-131e-4e95-8d79-6f94174910bc.json,,8000,"3.5""",B07SRVV5JJ,,,,,982585243,SATA 6.0 Gb/s,,,ST8000NM004A,False,HDD,HDD
88587970-f322-4fa7-9052-f56c7a803e1a,Gigabyte AORUS 500GB SSD M.2 PCIe 4.0 NVMe,Gigabyte,AORUS,500GB,,88587970-f322-4fa7-9052-f56c7a803e1a.json,,500,M.2-2280,B07VV87QVL,,,,,858255897,M.2 PCIe 4.0 x4,,,GP-ASM2NE6500GTTD,True,SSD,SSD
885b25cb-be03-46e1-87e0-d13f478b612e,Lexar NM1090 w/ Heatsink 2TB M.2 SSD PCIe 5.0 NVMe,Lexar,NM1090,2000GB,,885b25cb-be03-46e1-87e0-d13f478b612e.json,,2000,M.2-2280,B0D82LM8KQ,,,,,,M.2 PCIe 5.0 x4,,,LNM1090002T-RNANU | LNM1090002T-RNANG,True,SSD,SSD
885c52f7-bfd6-44c2-8c1e-79c3bce2cd41,"Intel DC S3700 400GB SSD 2.5"" SATA",Intel,DC,400GB,,885c52f7-bfd6-44c2-8c1e-79c3bce2cd41.json,,400,"2.5""",B00A8NWDEA,,,,,,SATA 6.0 Gb/s,,,SSDSC2BA400G301,False,SSD,SSD
885f1ac3-af22-4afc-8cf1-c92714da5bd2,"Hitachi Deskstar NAS 4TB HDD 7200RPM 3.5"" SATA",Hitachi,Deskstar,4000GB,,885f1ac3-af22-4afc-8cf1-c92714da5bd2.json,128,4000,"3.5""",,,,,,,SATA 6.0 Gb/s,,,0S04005,False,HDD,HDD
887f38dd-f8e6-4cd3-9aad-6e01f6754aa1,"Western Digital Ultrastar DC HC530 14TB Internal HDD 3.5"" 7200RPM SAS 12.0 Gb/s",Western Digital,Ultrastar,14000GB,,887f38dd-f8e6-4cd3-9aad-6e01f6754aa1.json,,14000,"3.5""",,,,,,,SAS 12.0 Gb/s,,,0F31051,False,HDD,HDD
88a5ea11-2433-4086-9db5-f6252661823d,Gigabyte AORUS RGB 256GB SSD M.2 NVMe PCIe 3.0 X4,Gigabyte,AORUS,256GB,,88a5ea11-2433-4086-9db5-f6252661823d.json,,256,M.2-2280,,,,,,,M.2 PCIe 3.0 x4,,,GP-ASM2NE2256GTTDR,True,SSD,SSD
88aa7f5c-abdd-4ee5-943a-6a11de9f2b3f,Western Digital WD_BLACK SN770M 2TB M.2-2230 SSD PCIe 4.0 X4 NVMe,Western Digital,WD_BLACK,2000GB,,88aa7f5c-abdd-4ee5-943a-6a11de9f2b3f.json,,2000,M.2-2230,B0CHJXZMSG,6551144,,,N82E16820250264,5245307882,M.2 PCIe 4.0 x4,,,WDBDNH0020BBK-WRSN | WDS200T3X0G,True,SSD,SSD
88d7bf4b-ae05-4e09-81b2-a150ad4777b2,Inland TD510 1TB SSD M.2 PCIe 5.0 NVMe,Inland,1TB,1000GB,,88d7bf4b-ae05-4e09-81b2-a150ad4777b2.json,,1000,M.2-2280,B0C43X321L,,,,,,M.2 PCIe 5.0 x4,,,1TB TD510 NVME | TD510,True,SSD,SSD
88fc3ba6-b622-44f2-b330-63c01b2dde43,Mushkin Helix-L 1TB SSD M.2-2280 PCIe 3.0 NVMe,Mushkin,Helix-L,1000GB,,88fc3ba6-b622-44f2-b330-63c01b2dde43.json,,1000,M.2-2280,B07R6V31K8,,,,N82E16820226899,1963685436,M.2 PCIe 3.0 x4,,,MKNSSDHL1TB-D8 | 0846651028303,True,SSD,SSD
8927e339-19df-4ab9-8b49-f123ac6c7984,Plextor M6e Black Edition 512GB SSD PCIe NVMe,Plextor,M6e,512GB,,8927e339-19df-4ab9-8b49-f123ac6c7984.json,,512,PCIe,,,,,,,M.2 PCIe x2,,,PX-512M6e-BK,True,SSD,SSD
895dd728-d57f-4f6b-b5e3-0acc72fe8b2e,Patriot P320 128GB M.2-2280 SSD PCIe 3.0 x4 NVMe,Patriot,P320,128GB,,895dd728-d57f-4f6b-b5e3-0acc72fe8b2e.json,,128,M.2-2280,B0D4RD18YV,,,,,,M.2 PCIe 3.0 x4,,,P320P128GM28,True,SSD,SSD
897601a7-3dbb-43b3-a648-97adaca2567b,"Toshiba P300 1TB 3.5"" HDD 7200RPM SATA 6.0 Gb/s",Toshiba,P300,1000GB,,897601a7-3dbb-43b3-a648-97adaca2567b.json,,1000,"3.5""",B0151KM3I0,,,,,,SATA 6.0 Gb/s,,,HDWD110UZSVA | 163054 | 4040S35,False,HDD,HDD
89861c7d-63e7-4e7f-bb0a-fd079c479ace,Patriot P300 512 GB SSD M.2-2280 PCIe 3.0 X4 NVMe,Patriot,P300,512GB,,89861c7d-63e7-4e7f-bb0a-fd079c479ace.json,,512,M.2-2280,B082BJ4679,,,,N82E16820225228,677487084,M.2 PCIe 3.0 x4,,,P300P512GM28,True,SSD,SSD
89916c56-11ba-4442-b9f3-96e4e3ed87b4,Gigabyte AORUS 8TB PCIe SSD PCIe x16 NVMe,Gigabyte,AORUS,8000GB,,89916c56-11ba-4442-b9f3-96e4e3ed87b4.json,,8000,PCIe,B082DZ8HLT,,,,9SIAGBAK455123,,M.2 PCIe 3.0 x16,,,GP-ASACNE6800TTTDA | GC-4XM2G4,True,SSD,SSD
89984359-5e07-426c-8fc1-c57d7a3f0429,Seagate FireCuda 4TB M.2-2280 SSD PCIe 4.0 NVMe 530R w/Heatsink,Seagate,FireCuda,4000GB,,89984359-5e07-426c-8fc1-c57d7a3f0429.json,,4000,M.2-2280,B0CWHF3CZ7,6581741,,,N82E16820248255R,6449714951,M.2 PCIe 4.0 x4,,,ZP4000GM3A073 | 763649183137,True,SSD,SSD
899e8072-52e2-4e66-b7e2-c4d059212e33,KingSpec VP101 2TB M.2-2280 SSD PCIe 5.0 X4 NVMe,KingSpec,VP101,2000GB,,899e8072-52e2-4e66-b7e2-c4d059212e33.json,,2000,M.2-2280,,,,,0D9-000D-00181,,M.2 PCIe 5.0 x4,,,VP101-2000GB | VP101-2000,True,SSD,SSD
89a477fe-98a7-4ce5-8e8a-5627b714a08b,"Intel 330 180 GB SSD 2.5"" SATA 6.0 Gb/s",Intel,330,180GB,,89a477fe-98a7-4ce5-8e8a-5627b714a08b.json,,180,"2.5""",B007P71JJM,,,,,,SATA 6.0 Gb/s,,,SSDSC2CT180A3K5 | SSDSC2CW180A3K5,False,SSD,SSD
89c6f225-03b9-4359-8bc8-964554a8c898,Samsung 980 Pro w/Heatsink 1TB SSD M.2-2280 PCIe 4.0 X4 NVMe,Samsung,980,1000GB,,89c6f225-03b9-4359-8bc8-964554a8c898.json,,1000,M.2-2280,B09JHL33X7,6485007,,,N82E16820147825,995302833,M.2 PCIe 4.0 x4,,,MZ-V8P1T0CW | FBASAMMZV8P1T0,True,SSD,SSD
8a0b78b0-e67d-48b6-9609-448df3055c23,"Samsung Spinpoint F3 1TB HDD 3.5"" SATA",Samsung,Spinpoint,1000GB,,8a0b78b0-e67d-48b6-9609-448df3055c23.json,,1000,"3.5""",,,,,,,SATA 3.0 Gb/s,,,ST1000DM005 | HD103SJ,False,HDD,HDD
8a0d449e-b576-4a54-bb56-860b72496b68,"Western Digital AV-GP 320GB 3.5"" HDD 5400RPM SATA Internal",Western Digital,AV-GP,320GB,,8a0d449e-b576-4a54-bb56-860b72496b68.json,,320,"3.5""",B001VKY8G0,,,,,,SATA 3.0 Gb/s,,,WD3200AVVS,False,HDD,HDD
8a2663b3-dcdc-44b5-8ce8-14bb40a4fa13,"Toshiba N300 10TB 3.5"" HDD 7200RPM SATA",Toshiba,N300,10000GB,,8a2663b3-dcdc-44b5-8ce8-14bb40a4fa13.json,,10000,"3.5""",,,,,,,SATA 6.0 Gb/s,,,HDWG11AXZSTA,False,HDD,HDD
8a489e35-e800-4c3a-b4b8-3e933ec9f458,"ADATA Ultimate SU750 512GB SSD 2.5"" SATA 6.0 Gb/s",ADATA,Ultimate,512GB,,8a489e35-e800-4c3a-b4b8-3e933ec9f458.json,,512,"2.5""",B07QGWR8GB,,,,,344297709,SATA 6.0 Gb/s,,,ASU750SS-512GT-C,False,SSD,SSD
8a58ca36-35a3-41f6-8976-6583af7d2d81,"Hitachi Deskstar NAS 8TB HDD 3.5"" 7200RPM SATA",Hitachi,Deskstar,8000GB,,8a58ca36-35a3-41f6-8976-6583af7d2d81.json,,8000,"3.5""",B01MYRTEHL,,,,,242130952,SATA 6.0 Gb/s,,,0S04012,False,HDD,HDD
8a5f5386-4eda-4e49-a0a4-b9a938db84df,"Intel 530 240 GB SSD 2.5"" SATA 6.0 Gb/s",Intel,530,240GB,,8a5f5386-4eda-4e49-a0a4-b9a938db84df.json,,240,"2.5""",,,,,,,SATA 6.0 Gb/s,,,SSDSC2BW240A4K5,False,SSD,SSD
8a7502e5-dcc8-4551-8e5a-3567c29925ca,Intenso Top Performance 128GB SSD M.2 2280 SATA,Intenso,Top,128GB,,8a7502e5-dcc8-4551-8e5a-3567c29925ca.json,,128,M.2-2280,B077D1WYW3,,,,,,M.2 SATA,,,3832430,False,SSD,SSD
8a820632-6798-4ba4-894a-3e9033e11eb1,PNY CS2241 500GB SSD M.2-2280 PCIe 4.0 x4 NVMe,PNY,CS2241,500GB,,8a820632-6798-4ba4-894a-3e9033e11eb1.json,,500,M.2-2280,B0BYLG5NCZ,6669707,,,N82E16820177156,1071700141,M.2 PCIe 4.0 x4,,,M280CS2241-500-CL | M280CS2241-500-RB | M280CS2241500RB,True,SSD,SSD
8abafcb6-6844-485a-bdf6-835693c2fa62,Western Digital Black AN1500 1TB SSD PCIe PCIe x8 NVMe,Western Digital,Black,1000GB,,8abafcb6-6844-485a-bdf6-835693c2fa62.json,,1000,PCIe,B08HBZCSHW,,,,9SIBKYEK6R5149,,M.2 PCIe 3.0 x8,,,WDS100T1X0L-00AUJ0 | WDS100T1X0L | WDS400T1X0L,True,SSD,SSD
8ac4a6d9-ab81-4fe4-9a5f-2223a108fae4,"Seagate Exos 7E8 3TB HDD 7200RPM 3.5"" SATA",Seagate,Exos,3000GB,,8ac4a6d9-ab81-4fe4-9a5f-2223a108fae4.json,,3000,"3.5""",B07SXCWCLZ,,,,,148233051,SATA 6.0 Gb/s,,,ST3000NM000A,False,HDD,HDD
8acbe430-f1f2-4b0a-959c-8d6cac8ce79b,"Seagate Exos X24 SED 24TB 3.5"" HDD 7200RPM SAS 12.0 Gb/s",Seagate,Exos,24000GB,,8acbe430-f1f2-4b0a-959c-8d6cac8ce79b.json,,24000,"3.5""",,,,,,,SAS 12.0 Gb/s,,,ST24000NM005H,False,HDD,HDD
8b0eaa63-006e-4c5c-b9aa-d4b0b29ebea1,SABRENT Rocket NVMe 4.0 SSD,Sabrent,ROCKET NVMe 4.0,1TB,2019,8b0eaa63-006e-4c5c-b9aa-d4b0b29ebea1.json,,1000,M.2-2280,B07TLYWMYW,,,,9SIBK19JMM4232,949872371,M.2 PCIe 4.0 x4,,,SB-ROCKET-NVMe4-1TB,True,SSD,SSD
8b113c7b-a97d-41a4-89da-cc10edbdef58,ADATA XPG SX8200 Pro 2TB SSD M.2-2280 PCIe 3.0 X4 NVMe,ADATA,XPG,2000GB,,8b113c7b-a97d-41a4-89da-cc10edbdef58.json,,2000,M.2-2280,B07TY2TN64,,,,,,M.2 PCIe 3.0 x4,,,ASX8200PNP-2TT-C | ASX8200PNP-512GT-C,True,SSD,SSD
8b3578a3-a463-4902-94c4-088deedbd020,"Kingston UV500B 480 GB SSD 2.5"" SATA 6.0 Gb/s",Kingston,UV500B,480GB,,8b3578a3-a463-4902-94c4-088deedbd020.json,,480,"2.5""",,,,,,,SATA 6.0 Gb/s,,,SUV500B | 480G,False,SSD,SSD
8b371e30-3e9e-427f-a2cb-a6a35aab07f3,PNY CS2150 1TB M.2-2280 SSD PCIe 5.0 x4 NVMe,PNY,CS2150,1000GB,,8b371e30-3e9e-427f-a2cb-a6a35aab07f3.json,,1000,M.2-2280,B0DPNLRP6W,,,,N82E16820177169,14905216485,M.2 PCIe 5.0 x4,,,M280CS2150-1TB-TB,True,SSD,SSD
8b38cb25-a677-478a-a240-0ba35b562b02,Inland Premium 256GB M.2-2280 SSD PCIe 3.0 X4 NVME,Inland,Premium,256GB,,8b38cb25-a677-478a-a240-0ba35b562b02.json,,256,M.2-2280,,,,,,,M.2 PCIe 3.0 x4,,,256GB NVME PREM,True,SSD,SSD
8b3c2432-e877-484d-b36e-61a090beb1de,"Samsung 840 250GB 2.5"" SSD SATA",Samsung,840,250GB,,8b3c2432-e877-484d-b36e-61a090beb1de.json,,250,"2.5""",,,,,,,SATA 6.0 Gb/s,,,MZ-7TD250KW,False,SSD,SSD
8b3eba4a-0907-4325-ae2d-01798bc22a64,"Samsung 845DC PRO 800GB 2.5"" SSD SATA",Samsung,845DC,800GB,,8b3eba4a-0907-4325-ae2d-01798bc22a64.json,,800,"2.5""",,,,,,,SATA 6.0 Gb/s,,,MZ-7WD800EW,False,SSD,SSD
8b6a94c0-ba60-419c-9881-6bd97e60cda3,"Toshiba N300 18TB 3.5"" HDD 7200RPM SATA 6.0 Gb/s",Toshiba,N300,18000GB,,8b6a94c0-ba60-419c-9881-6bd97e60cda3.json,,18000,"3.5""",,,,,,,SATA 6.0 Gb/s,,,HDWG51JUZSVA | HDWG51JXZSTA,False,HDD,HDD
8b737c40-26b5-49d7-995c-5579e11879f4,"ADATA Premier SP610 256GB SSD 2.5"" SATA 6.0 Gb/s",ADATA,Premier,256GB,,8b737c40-26b5-49d7-995c-5579e11879f4.json,,256,"2.5""",,,,,,,SATA 6.0 Gb/s,,,ASP610SS3-256GM-C,False,SSD,SSD
8b82c7c1-aa12-4e4a-a606-dcc90eb34538,Western Digital Black AN1500 4TB SSD PCIe NVMe,Western Digital,Black,4000GB,,8b82c7c1-aa12-4e4a-a606-dcc90eb34538.json,,4000,PCIe,B08HBPMPZ2,,,,9SIA6ZPDH80993,,M.2 PCIe 3.0 x8,,,WDS400T1X0L | WDS400T1X0L-00AUJ0,True,SSD,SSD
8ba0ab73-f231-4f96-95b9-1b3dbfe4e9dd,"Toshiba MG03SCA 1TB HDD 3.5"" 7200RPM SAS 6.0 Gb/s",Toshiba,MG03SCA,1000GB,,8ba0ab73-f231-4f96-95b9-1b3dbfe4e9dd.json,64,1000,"3.5""",B00DUG5T0M,,,,,,SAS 6.0 Gb/s,,,MG03SCA100 | MG03-SCA-100,False,HDD,HDD
8ba4e5c1-a8f9-4e50-bdec-cb401b47e2a8,"Western Digital VelociRaptor 300 GB HDD 3.5"" 10000RPM SATA 3.0 Gb/s Internal",Western Digital,VelociRaptor,300GB,,8ba4e5c1-a8f9-4e50-bdec-cb401b47e2a8.json,,300,"3.5""",B001FBH0HE,,,,,,SATA 3.0 Gb/s,,,WD3000HLFS,False,HDD,HDD
8bb24b6e-affd-4b27-a72f-88dd34dc94e9,"Intel 530 240GB SSD 2.5"" SATA",Intel,530,240GB,,8bb24b6e-affd-4b27-a72f-88dd34dc94e9.json,,240,"2.5""",B00DTPYSEM,,,,,,SATA 6.0 Gb/s,,,SSDSC2BW240A401,False,SSD,SSD
8bb6a183-7fae-4fec-86cb-ad69248474bf,"Hitachi Ultrastar 7K4000 3TB HDD 3.5"" 7200RPM SATA",Hitachi,Ultrastar,3000GB,,8bb6a183-7fae-4fec-86cb-ad69248474bf.json,,3000,"3.5""",,,,,,,SATA 6.0 Gb/s,,,HUS724030ALE641,False,HDD,HDD
8bd50450-5281-4efe-932e-125dc7b8ea07,Lexar NQ710 1TB SSD M.2-2280 PCIe 4.0 X4 NVMe,Lexar,NQ710,1000GB,,8bd50450-5281-4efe-932e-125dc7b8ea07.json,,1000,M.2-2280,,,,,,,M.2 PCIe 4.0 x4,,,LNQ710X001T-RNNNU | LNQ710X001T-RNNNG,True,SSD,SSD
8bd6cb83-450a-49c7-9b38-e6688853f677,"Western Digital Caviar Green 640GB HDD 3.5"" SATA",Western Digital,Caviar,640GB,,8bd6cb83-450a-49c7-9b38-e6688853f677.json,,640,"3.5""",,,,,,,SATA 3.0 Gb/s,,,WD6400AARS,False,HDD,HDD
8bdfdd80-28cd-4cdf-8168-9a4a39a59438,Patriot P300 256GB SSD M.2-2280 PCIe 3.0 X4 NVMe,Patriot,P300,256GB,,8bdfdd80-28cd-4cdf-8168-9a4a39a59438.json,,256,M.2-2280,B09KY75FVW,,,,N82E16820225234,182596100,M.2 PCIe 3.0 x4,,,P300P256GM28,True,SSD,SSD
8be5b73e-c6a9-4dd0-87d5-385d8ea255ff,"Western Digital Red Pro 4TB 3.5"" HDD 7200RPM SATA",Western Digital,Red,4000GB,,8be5b73e-c6a9-4dd0-87d5-385d8ea255ff.json,,4000,"3.5""",B07B1WK3N5,,,,,486123843,SATA 6.0 Gb/s,,,WD4003FFBX | WD4003FFBX-SPMU3N0,False,HDD,HDD
8be92b73-2cb2-4274-bde7-32b6e5669539,"FanXiang S101 128GB SSD 2.5"" SATA 6.0 Gb/s",FanXiang,S101,128GB,,8be92b73-2cb2-4274-bde7-32b6e5669539.json,,128,"2.5""",B09XHPHKPJ,,,,,,SATA 6.0 Gb/s,,,S101-128GB | sata ssd 128gb - S101 | S101,False,SSD,SSD
8c158a8f-7bb6-4f1c-806d-c0aebcccf4fd,Western Digital WD_Black SN850X 4TB M.2 SSD PCIe 4.0 NVMe,Western Digital,WD_Black,4000GB,,8c158a8f-7bb6-4f1c-806d-c0aebcccf4fd.json,,4000,M.2-2280,B0B7CQ2CHH,6512129,28589,,N82E16820250244,1916728529,M.2 PCIe 4.0 x4,,,WDS400T2X0E | WDBB9G0040BNC-WRSN | WDS400T2X0E-00BCA0,True,SSD,SSD
8c3f5604-1821-48cb-b405-58a91416bce4,"Western Digital Caviar Green 500GB 3.5"" HDD 5400RPM SATA",Western Digital,Caviar,500GB,,8c3f5604-1821-48cb-b405-58a91416bce4.json,,500,"3.5""",,,,,,,SATA 3.0 Gb/s,,,WD5000AADS,False,HDD,HDD
8c504f34-a6f5-43ae-a119-ed695c88d734,Gigabyte GP-GSM2NE3512GNTD 512GB M.2-2280 SSD PCIe 3.0 x4 NVMe,Gigabyte,GP-GSM2NE3512GNTD,512GB,,8c504f34-a6f5-43ae-a119-ed695c88d734.json,,512,M.2-2280,B07Z9YFX2S,,,,,839442887,M.2 PCIe 3.0 x4,,,GP-GSM2NE3512GNTD,True,SSD,SSD
8c594b33-f896-4b1a-8545-c20349dbb523,"Toshiba DT01-V 2TB HDD 3.5"" SATA 6.0 Gb/s 5940RPM Internal",Toshiba,DT01-V,2000GB,,8c594b33-f896-4b1a-8545-c20349dbb523.json,,2000,"3.5""",,,,,,,SATA 6.0 Gb/s,,,DT01ABA200V,False,HDD,HDD
8c5a1297-6ba5-40ae-9441-c2477e77b9a6,Seagate Barracuda 1TB SSD M.2-2280 PCIe 4.0 X4 NVMe,Seagate,Barracuda,1000GB,,8c5a1297-6ba5-40ae-9441-c2477e77b9a6.json,,1000,M.2-2280,,,,,,,M.2 PCIe 4.0 x4,,,ZP1000CV3A002,True,SSD,SSD
8c6e73d6-0b85-45d8-9c0d-3df05ea65f14,Samsung 850 Evo 1TB M.2 SSD SATA,Samsung,850,1000GB,,8c6e73d6-0b85-45d8-9c0d-3df05ea65f14.json,,1000,M.2-2280,,,,,,,M.2 SATA,,,MZ-N5E1T0BW,False,SSD,SSD
8c732e80-5989-406e-8c0c-0b641808862b,Crucial P510 1TB M.2-2280 SSD PCIe 5.0 x4 NVMe,Crucial,P510,1000GB,,8c732e80-5989-406e-8c0c-0b641808862b.json,,1000,M.2-2280,B0FGQ85SLL,6618324,,,N82E16820156427,16226869524,M.2 PCIe 5.0 x4,,,CT1000P510SSD8,True,SSD,SSD
8c7eb56d-0ad2-4641-8497-dcc84e0945b2,"Kingston SSDNOW DC500R 1.92 TB SSD 2.5"" SATA 6.0 Gb/s",Kingston,SSDNOW,1000GB,,8c7eb56d-0ad2-4641-8497-dcc84e0945b2.json,,1000,"2.5""",B07PTT6F4W,,,,,638150402,SATA 6.0 Gb/s,,,SEDC500R | 1920G | SEDC500R/1920G,False,SSD,SSD
8c82d847-54a8-4fc0-a5f5-510cb2bc0271,"TEAMGROUP T-Force Delta Max White RGB 1TB SSD 2.5"" SATA 6.0 Gb/s",TEAMGROUP,T-Force,1000GB,,8c82d847-54a8-4fc0-a5f5-510cb2bc0271.json,,1000,"2.5""",,,,,,,SATA 6.0 Gb/s,,,T253TM001T3C402,False,SSD,SSD
8caa8011-ce97-4d5e-8384-997205bee471,"Seagate Momentus 7200.4 500GB 2.5"" HDD SATA",Seagate,Momentus,500GB,,8caa8011-ce97-4d5e-8384-997205bee471.json,,500,"2.5""",B004SU7UXI,,,,,,SATA 3.0 Gb/s,,,ST9500423AS,False,HDD,HDD
8cd06d8f-d588-4753-b262-13e1a302050a,Gigabyte Gen3 2500E 500GB SSD M.2 PCIe 3.0 NVMe,Gigabyte,Gen3,500GB,,8cd06d8f-d588-4753-b262-13e1a302050a.json,,500,M.2-2280,B0BHM5WYPG,,,,,,M.2 PCIe 3.0 x4,,,G325E500G,True,SSD,SSD
8cd7c61b-c822-4fe0-ba1c-ed972fa95289,"Samsung 840 128GB SSD 2.5"" SATA",Samsung,840,128GB,,8cd7c61b-c822-4fe0-ba1c-ed972fa95289.json,,128,"2.5""",,,,,,,SATA 6.0 Gb/s,,,MZ-7PD128BW,False,SSD,SSD
8cff9ce5-800f-4864-b4d4-7394eb65a87e,Samsung 990 EVO 1TB SSD M.2-2280 PCIe 5.0 x2 NVMe,Samsung,990,1000GB,,8cff9ce5-800f-4864-b4d4-7394eb65a87e.json,,1000,M.2-2280,B0CRCC9863,6571723,,,N82E16820147886,5332753022,M.2 PCIe 5.0 x2,,,MZ-V9E1T0B | AM | MZ-V9E1T0BW | MZ-V9E1T0B/AM,True,SSD,SSD
8d2ee1f4-514c-4a44-a5de-7cd38f9f5bde,Leven JPS800 4TB M.2-2280 SSD PCIe 4.0 x4 NVMe,Leven,JPS800,4000GB,,8d2ee1f4-514c-4a44-a5de-7cd38f9f5bde.json,,4000,M.2-2280,,,,,,,M.2 PCIe 4.0 x4,,,JPS800-4TB,True,SSD,SSD
8d312b9f-f21d-4c74-bcc5-96e6b4e149d7,"Kingston DC500M 3TB SSD SATA 2.5""",Kingston,DC500M,3000GB,,8d312b9f-f21d-4c74-bcc5-96e6b4e149d7.json,,3000,"2.5""",B07RGW1PDK,,,,,,SATA 6.0 Gb/s,,,SEDC500M | 3840G | DC500M | SEDC500M/3840G,False,SSD,SSD
8d50b9f4-d59b-4902-9741-3d840ce3f54d,Inland TN450 500GB SSD M.2-2280 PCIe 4.0 X4 NVMe,Inland,TN450,500GB,,8d50b9f4-d59b-4902-9741-3d840ce3f54d.json,,500,M.2-2280,B0C2HKV9SB,,,,,,M.2 PCIe 4.0 x4,,,500GB TN450 | 548248,True,SSD,SSD
8d6ffdab-6207-48b9-af1a-ceb082506d59,"Toshiba MD04ACA500 5TB HDD 7200RPM 3.5"" SATA 6.0 Gb/s Internal",Toshiba,MD04ACA500,5000GB,,8d6ffdab-6207-48b9-af1a-ceb082506d59.json,128,5000,"3.5""",,,,,,,SATA 6.0 Gb/s,,,MD04ACA500,False,HDD,HDD
8d7eca45-af74-44c5-a4e6-e8582b5ff0c5,"Western Digital Caviar Green 1TB Internal HDD 3.5"" 5400RPM SATA",Western Digital,Caviar,1000GB,,8d7eca45-af74-44c5-a4e6-e8582b5ff0c5.json,,1000,"3.5""",,,,,,,SATA 3.0 Gb/s,,,WD10EACS,False,HDD,HDD
8d8f4ac1-33f8-402d-9416-df116b2eca42,Patriot P400 Lite 1TB SSD M.2-2280 PCIe 4.0 X4 NVMe,Patriot,P400,1000GB,,8d8f4ac1-33f8-402d-9416-df116b2eca42.json,,1000,M.2-2280,B0BTDP6P7Y,,,,3C6-00HW-000N0,12890564328,M.2 PCIe 4.0 x4,,,P400LP1KGM28H,True,SSD,SSD
8daaf03a-764b-433d-bc24-358662177d7a,Neo Forza eSports 256GB SSD M.2 PCIe 3.0 NVMe,Neo Forza,eSports,256GB,,8daaf03a-764b-433d-bc24-358662177d7a.json,,256,M.2-2280,,,,,,,M.2 PCIe 3.0 x4,,,NFP075PCI56-3400200,True,SSD,SSD
8dcc1da3-8e55-4d3f-847a-7de9fde01fdc,"Gigabyte GP-GSTFS31240GNTD 240GB SSD 2.5"" SATA",Gigabyte,GP-GSTFS31240GNTD,240GB,,8dcc1da3-8e55-4d3f-847a-7de9fde01fdc.json,,240,"2.5""",B07G5RD1XK,,,,9SIAGBAK4M6754,247919846,SATA 6.0 Gb/s,,,GP-GSTFS31240GNTD,False,SSD,SSD
8df037d0-caba-4955-9faf-fa397db3f6e3,Enmotus FuzeDrive 1TB SSD M.2-2280 PCIe 3.0 NVMe,Enmotus,FuzeDrive,1000GB,,8df037d0-caba-4955-9faf-fa397db3f6e3.json,,1000,M.2-2280,,,,,,,M.2 PCIe 3.0 x4,,,P200-1600 | 128,True,SSD,SSD
8df7682c-8729-4189-aebc-d1518e1cf412,Western Digital Black SN850 Call of Duty Edition 1TB SSD M.2 NVMe,Western Digital,BLACK,1000GB,,8df7682c-8729-4189-aebc-d1518e1cf412.json,,1000,M.2-2280,B08NX29S65,,,,,363927630,M.2 PCIe 4.0 x4,,,WDBB2F0010BNC-WRSN,True,SSD,SSD
8e00f720-6ab2-4e46-9741-883674926f8a,TEAMGROUP T-Force GE PRO AirFlow 4TB M.2 SSD PCIe 5.0 NVMe,TEAMGROUP,T-Force,4000GB,,8e00f720-6ab2-4e46-9741-883674926f8a.json,,4000,M.2-2280,B0DJBM9KFJ,,,,N82E16820985271,14557555226,M.2 PCIe 5.0 x4,,,TM8FG3004T0C133 | S0PE30KT,True,SSD,SSD
8e20e2e8-6119-4922-a0f6-e0629d7887b1,Addlink S90 2TB M.2 SSD PCIe 4.0 NVMe,Addlink,S90,2000GB,,8e20e2e8-6119-4922-a0f6-e0629d7887b1.json,,2000,M.2-2280,,,,,,,M.2 PCIe 4.0 x4,,,ad2TBS90M2P,True,SSD,SSD
8e45272c-d4c6-4e87-bd11-d2452b2d24b7,"Western Digital Purple 8TB 3.5"" HDD 7200RPM SATA",Western Digital,Purple,8000GB,,8e45272c-d4c6-4e87-bd11-d2452b2d24b7.json,,8000,"3.5""",,,,,,915258149,SATA 6.0 Gb/s,,,WD82PURZ,False,HDD,HDD
8e5aef13-3699-4882-be80-66bad0c37b5c,"Western Digital Blue 6TB HDD 3.5"" 5400 RPM SATA 6.0 Gb/s",Western Digital,Blue,6000GB,,8e5aef13-3699-4882-be80-66bad0c37b5c.json,,6000,"3.5""",,,,,,,SATA 6.0 Gb/s,,,WDBH2D0060HNC-NRSN,False,HDD,HDD
8e88d52f-8347-4827-815f-7d06ca2fa91e,Sabrent Rocket 4 2TB SSD M.2 PCIe 4.0 NVMe,Sabrent,Rocket,2000GB,,8e88d52f-8347-4827-815f-7d06ca2fa91e.json,,2000,M.2-2280,B0CZJX3XFP,,,,,15028503371,M.2 PCIe 4.0 x4,,,SB-RKT4L-2TB,True,SSD,SSD
8e8acf3b-92f1-4f23-9fad-906c7ae2516a,Silicon Power UD70 2TB SSD M.2 PCIe 3.0 NVMe,Silicon Power,UD70,2000GB,,8e8acf3b-92f1-4f23-9fad-906c7ae2516a.json,,2000,M.2-2280,,,,,,,M.2 PCIe 3.0 x4,,,SP02KGBP34UD7005,True,SSD,SSD
8e8f8e58-07ee-4b60-b6e2-27101a882197,"Seagate SkyHawk Surveillance 6TB 3.5"" HDD 5400RPM SATA Internal",Seagate,SkyHawk,6000GB,,8e8f8e58-07ee-4b60-b6e2-27101a882197.json,,6000,"3.5""",B07CN9QQ41,,,,,623351144,SATA 6.0 Gb/s,,,ST6000VX001 | 2754320,False,HDD,HDD
8ea82fec-a409-446e-9b29-ed6c7ae89a55,"Western Digital Purple 6TB HDD 3.5"" SATA",Western Digital,Purple,6000GB,,8ea82fec-a409-446e-9b29-ed6c7ae89a55.json,,6000,"3.5""",B00P0NV43E,,,,,41483143,SATA 6.0 Gb/s,,,WD60PURX,False,HDD,HDD
8ed0fd2d-e4d0-489e-b21f-2ee877505d91,"SanDisk SSD PLUS 1TB SSD 2.5"" SATA 6.0 Gb/s",SanDisk,SSD,1000GB,,8ed0fd2d-e4d0-489e-b21f-2ee877505d91.json,,1000,"2.5""",B07D998212,,,,9SIA12KCAR4667,193777546,SATA 6.0 Gb/s,,,SDSSDA-1T00-G26,False,SSD,SSD
8edc5a79-1cfa-4b8f-bb7a-62f7af381b73,Kingston SSDNow 120GB SSD M.2-2280 SATA,Kingston,SSDNow,120GB,,8edc5a79-1cfa-4b8f-bb7a-62f7af381b73.json,,120,M.2-2280,,,,,,,M.2 SATA,,,SM2280S3 | 120GB,False,SSD,SSD
8eee5eca-5a69-4430-aaaf-2dd7b593fdb0,"Hitachi Travelstar 7K500 500GB 2.5"" HDD 7200RPM SATA 3.0 Gb/s",Hitachi,Travelstar,500GB,,8eee5eca-5a69-4430-aaaf-2dd7b593fdb0.json,,500,"2.5""",B003GB4WLS,,,,,,SATA 3.0 Gb/s,,,HTS725050A9A364,False,HDD,HDD
8f138108-4caa-4067-92c0-2a3ac0dc8f18,"Seagate Exos X18 16TB 3.5"" HDD 7200RPM SATA",Seagate,Exos,16000GB,,8f138108-4caa-4067-92c0-2a3ac0dc8f18.json,,16000,"3.5""",B0924X39NB,,,,1Z4-002P-022S9,846022093,SATA 6.0 Gb/s,,,ST16000NM000J | ST16000NMZ00J,False,HDD,HDD
8f2fab58-9979-4bb9-b0b4-544c2c718813,"Samsung 830 512 GB SSD 2.5"" SATA 6.0 Gb/s",Samsung,830,512GB,,8f2fab58-9979-4bb9-b0b4-544c2c718813.json,,512,"2.5""",,,,,,,SATA 6.0 Gb/s,,,MZ-7PC512D | AM,False,SSD,SSD
8f49b32e-6b93-476e-ad63-5c4de8e27c16,Timetec 35TTFP6PCIE 256GB M.2-2280 SSD PCIe 3.0 X4 NVMe,Timetec,35TTFP6PCIE,256GB,,8f49b32e-6b93-476e-ad63-5c4de8e27c16.json,,256,M.2-2280,,,,,,,M.2 PCIe 3.0 x4,,,35TTFP6PCIE-256G,True,SSD,SSD
8f5116d0-b69e-4ccc-92e6-1834c04f3fde,"TEAMGROUP T-Force Delta Max RGB 500GB SSD 2.5"" SATA",TEAMGROUP,T-Force,500GB,,8f5116d0-b69e-4ccc-92e6-1834c04f3fde.json,,500,"2.5""",,,,,,,SATA 6.0 Gb/s,,,T253TM500G3C302,False,SSD,SSD
8f7f2342-21ef-4c87-95ce-542d256ae335,"Western Digital Purple Pro 14TB HDD 3.5"" 7200RPM SATA 6.0 Gb/s",Western Digital,Purple,14000GB,,8f7f2342-21ef-4c87-95ce-542d256ae335.json,,14000,"3.5""",B0966SWW5S,,,,,253231562,SATA 6.0 Gb/s,,,WD141PURP | WD141PURP-SPB5YY0,False,HDD,HDD
8fc458d7-1e90-45ac-b537-064bac7b6e52,Corsair MP600 GS 500GB M.2 SSD PCIe 4.0 NVMe,Corsair,MP600,500GB,,8fc458d7-1e90-45ac-b537-064bac7b6e52.json,,500,M.2-2280,B0BJKVMDNP,,,,N82E16820236926,1772554239,M.2 PCIe 4.0 x4,,,CSSD-F0500GBMP600GS,True,SSD,SSD
8fdbba3c-3b5c-4cbc-89a1-7f564c8830dd,PNY CS2140 500GB M.2-2280 SSD PCIe 4.0 x4 NVMe,PNY,CS2140,500GB,,8fdbba3c-3b5c-4cbc-89a1-7f564c8830dd.json,,500,M.2-2280,B09RPQQTHS,,,,,633863949,M.2 PCIe 4.0 x4,,,M280CS2140-500-RB,True,SSD,SSD
8fefe2ed-01e2-49ee-b926-2a6b019a9f9c,"Western Digital Black 750GB HDD 7200RPM 2.5"" SATA 6.0 Gb/s Internal",Western Digital,Black,750GB,,8fefe2ed-01e2-49ee-b926-2a6b019a9f9c.json,,750,"2.5""",B00DSUTX3O,,,,,33415459,SATA 6.0 Gb/s,,,WD7500BPKX,False,HDD,HDD
901b7a99-97a0-4257-9faa-7ab2e217e79a,TEAMGROUP MP44 1TB SSD M.2 PCIe 4.0 NVMe,TEAMGROUP,MP44,1000GB,,901b7a99-97a0-4257-9faa-7ab2e217e79a.json,,1000,M.2-2280,B0C4KRMKFW,,,,N82E16820985036,2874999240,M.2 PCIe 4.0 x4,,,TM8FPW001T0C101,True,SSD,SSD
904339cc-4413-4884-b81c-4e21f09717f7,"KingSpec P3 128GB SSD 2.5"" SATA",KingSpec,P3,128GB,,904339cc-4413-4884-b81c-4e21f09717f7.json,,128,"2.5""",,,,,,,SATA 6.0 Gb/s,,,P3-128GB,False,SSD,SSD
90553822-563a-46fb-8f0e-b910e1cb924c,"Verbatim Vi550 128GB SSD 2.5"" SATA",Verbatim,Vi550,128GB,,90553822-563a-46fb-8f0e-b910e1cb924c.json,,128,"2.5""",B07LGKQLT5,,,,0BD-001N-003S1,918494677,SATA 6.0 Gb/s,,,49350,False,SSD,SSD
90590e2d-c92b-42ed-b334-bcad804706ed,FanXiang S880 2TB SSD M.2-2280 PCIe 4.0 x4 NVMe,FanXiang,S880,2000GB,,90590e2d-c92b-42ed-b334-bcad804706ed.json,,2000,M.2-2280,B0C36XZJBF,,,,,,M.2 PCIe 4.0 x4,,,2TB - SSD - M.2 - S880 | 2tb nvme ssd- S880 | S880,True,SSD,SSD
906522fe-e6d5-4d26-9447-61764fbb3d6a,"Western Digital Blue 4TB SSD 2.5"" SATA",Western Digital,Blue,4000GB,,906522fe-e6d5-4d26-9447-61764fbb3d6a.json,,4000,"2.5""",B07QV3XGCP,,,,N82E16820250121R,138437183,SATA 6.0 Gb/s,,,WDS400T2B0A,False,SSD,SSD
907d5ef0-a3e3-4fd9-96dd-afaa894ec2c9,Mushkin Tempest 512GB M.2-2280 SSD PCIe 3.0 x4 NVMe,Mushkin,Tempest,512GB,,907d5ef0-a3e3-4fd9-96dd-afaa894ec2c9.json,,512,M.2-2280,B09M8376LL,,,,N82E16820226967,758856590,M.2 PCIe 3.0 x4,,,MKNSSDTS512GB-D8,True,SSD,SSD
90961a92-0b69-49aa-bb7c-922673a304b4,"Intenso 3812450 512GB SSD 2.5"" SATA 6.0 Gb/s",Intenso,3812450,512GB,,90961a92-0b69-49aa-bb7c-922673a304b4.json,,512,"2.5""",B00D1E6RMW,,,,,,SATA 6.0 Gb/s,,,3812450,False,SSD,SSD
90a01588-1863-4ed6-95e0-eb8451c916ec,"Transcend TS32GSSD370S 32GB SSD 2.5"" SATA 6.0 Gb/s",Transcend,TS32GSSD370S,32GB,,90a01588-1863-4ed6-95e0-eb8451c916ec.json,,32,"2.5""",B00VX82PJC,,,,,147735960,SATA 6.0 Gb/s,,,TS32GSSD370S,False,SSD,SSD
90bbbc93-18d6-473f-a416-f9a509e04631,"Samsung ST750LM022/HN-M750MBB 750GB HDD 2.5"" SATA",Samsung,ST750LM022/HN-M750MBB,750GB,,90bbbc93-18d6-473f-a416-f9a509e04631.json,,750,"2.5""",,,,,,,SATA 3.0 Gb/s,,,ST750LM022 | HN-M750MBB,False,HDD,HDD
90c488e5-16ed-4314-b162-b9ad7e60783c,"Toshiba X300 8TB 3.5"" HDD 7200RPM SATA",Toshiba,X300,8000GB,,90c488e5-16ed-4314-b162-b9ad7e60783c.json,,8000,"3.5""",B099PC1CDN,,,,,435172784,SATA 6.0 Gb/s,,,HDWR480XZSTA,False,HDD,HDD
90ca4083-a655-4362-ab9f-9a83e83686bf,"Seagate SkyHawk Surveillance +Rescue 6TB HDD 5400RPM 3.5"" SATA",Seagate,SkyHawk,6000GB,,90ca4083-a655-4362-ab9f-9a83e83686bf.json,,6000,"3.5""",B0BLT2NKD9,,,,N82E16822185101,1723554088,SATA 6.0 Gb/s,,,ST6000VX009,False,HDD,HDD
90e754b1-ebc2-47ec-9d90-dba7120abedc,Klevv CRAS C930 2TB SSD M.2-2280 PCIe 4.0 x4 NVMe,Klevv,CRAS,2000GB,,90e754b1-ebc2-47ec-9d90-dba7120abedc.json,,2000,M.2-2280,B0CBSR73Q3,,,,,,M.2 PCIe 4.0 x4,,,K02TBM2SP0-C93,True,SSD,SSD
90efe169-d860-4e03-b537-af3c068253aa,Intel 670p 1TB M.2 SSD PCIe 3.0 NVMe,Intel,670p,1000GB,,90efe169-d860-4e03-b537-af3c068253aa.json,,1000,M.2-2280,B08X4Z4R1Y,,,,,943258752,M.2 PCIe 3.0 x4,,,SSDPEKNU010TZX1,True,SSD,SSD
90fe3358-7a5a-4ac5-becc-4ae38851f277,Patriot Viper VPN110 1TB SSD M.2 PCIe 3.0 NVMe,Patriot,Viper,1000GB,,90fe3358-7a5a-4ac5-becc-4ae38851f277.json,,1000,M.2-2280,,,,,,,M.2 PCIe 3.0 x4,,,VPN110-1TBM28H,True,SSD,SSD
910354de-a11b-4356-8f32-a182e398383e,Integral M 128GB SSD M.2-2280 PCIe 3.0 X4 NVMe,Integral,M,128GB,,910354de-a11b-4356-8f32-a182e398383e.json,,128,M.2-2280,,,,,,,M.2 PCIe 3.0 x4,,,INSSD128GM280NM1,True,SSD,SSD
91085a24-3ad2-49c1-a136-03aa6fa2f996,"Seagate Enterprise Capacity 8TB 3.5"" HDD 7200RPM SATA 6.0 Gb/s",Seagate,Enterprise,8000GB,,91085a24-3ad2-49c1-a136-03aa6fa2f996.json,,8000,"3.5""",B014UYHFEU,,,,,,SATA 6.0 Gb/s,,,ST8000NM0115,False,HDD,HDD
911fe389-6077-40f2-8c42-ffc259988bd0,"TEAMGROUP QX 512GB SSD 2.5"" SATA 6.0 Gb/s",TEAMGROUP,QX,512GB,,911fe389-6077-40f2-8c42-ffc259988bd0.json,,512,"2.5""",B0G1PKPX2G,,,,N82E16820985042,2618129967,SATA 6.0 Gb/s,,,T253X7512G0C101,False,SSD,SSD
91207cca-bbee-4502-9b6c-75881c7d1d5c,Silicon Power A55 1TB SSD M.2-2280 SATA,Silicon Power,A55,1000GB,,91207cca-bbee-4502-9b6c-75881c7d1d5c.json,,1000,M.2-2280,,,,,,,M.2 SATA,,,SP001TBSS3A55M28,False,SSD,SSD
91248b6c-4d3f-49d5-b730-ff4ec2df685c,"Samsung Spinpoint M8 1TB 2.5"" HDD SATA",Samsung,Spinpoint,1000GB,,91248b6c-4d3f-49d5-b730-ff4ec2df685c.json,,1000,"2.5""",,,,,,,SATA 3.0 Gb/s,,,HN-M101MBB,False,HDD,HDD
91395f0c-52a8-4967-8bf0-1ed3f6689568,"Western Digital AV-GP 160GB HDD 3.5"" 5400RPM SATA",Western Digital,AV-GP,160GB,,91395f0c-52a8-4967-8bf0-1ed3f6689568.json,,160,"3.5""",B007GFYF6M,,,,,,SATA 3.0 Gb/s,,,WD1600AVCS,False,HDD,HDD
913a1b01-7f61-4d7f-98d0-d051d4c734f1,Inland Performance Plus 1TB SSD M.2 PCIe 4.0 NVMe,Inland,Performance,1000GB,,913a1b01-7f61-4d7f-98d0-d051d4c734f1.json,,1000,M.2-2280,B09H2VWYTT,,,,,,M.2 PCIe 4.0 x4,,,329474 | Performance Plus,True,SSD,SSD
91671378-8113-4430-902f-3d10b9a3275c,"Seagate Momentus 7200.4 250GB HDD 7200RPM 2.5"" SATA 3.0 Gb/s",Seagate,Momentus,250GB,,91671378-8113-4430-902f-3d10b9a3275c.json,,250,"2.5""",,,,,,,SATA 3.0 Gb/s,,,ST9250410AS,False,HDD,HDD
916f229d-ec43-411c-9109-7ce8a401f376,Plextor M8Pe 1TB SSD PCIe PCIe x4 NVMe,Plextor,M8Pe,1000GB,,916f229d-ec43-411c-9109-7ce8a401f376.json,,1000,PCIe,,,,,,,M.2 PCIe 3.0 x4,,,PX-1TM8PeY,True,SSD,SSD
91739ee3-b763-4b10-89cc-da9d928cb1ea,"Samsung Data Center 960GB SSD 2.5"" SATA",Samsung,Data,960GB,,91739ee3-b763-4b10-89cc-da9d928cb1ea.json,,960,"2.5""",,,,,,,SATA 6.0 Gb/s,,,MZ7LM960HCHP-00003,False,SSD,SSD
917cdf29-1615-4f59-96d1-975eede0ebd3,"Seagate IronWolf NAS 16TB HDD 3.5"" 7200RPM SATA",Seagate,IronWolf,16000GB,,917cdf29-1615-4f59-96d1-975eede0ebd3.json,,16000,"3.5""",B07SNW9W48,,,,N82E16822184805,760745634,SATA 6.0 Gb/s,,,ST16000VN001,False,HDD,HDD
91886c59-7838-4f06-b868-a933a672692f,"Inland Professional 120GB SSD 2.5"" SATA 6.0 Gb/s",Inland,Professional,120GB,,91886c59-7838-4f06-b868-a933a672692f.json,,120,"2.5""",B076XMH2JT,,,,,751147446,SATA 6.0 Gb/s,,,349381 | 4335233676,False,SSD,SSD
918bd752-6556-40c0-b77a-3bf003313e0f,"ADATA SU635 480GB SSD 2.5"" SATA 6.0 Gb/s",ADATA,SU635,480GB,,918bd752-6556-40c0-b77a-3bf003313e0f.json,,480,"2.5""",,,,,,,SATA 6.0 Gb/s,,,ASU635SS-480GQ-R,False,SSD,SSD
9198f5fc-552b-4999-8eaa-36acd8cedfdb,"Seagate Desktop 4TB HDD 3.5"" 5900RPM SATA",Seagate,Desktop,4000GB,,9198f5fc-552b-4999-8eaa-36acd8cedfdb.json,,4000,"3.5""",B07J46FXHK,,,,,,SATA 6.0 Gb/s,,,ST4000DM000 | ST4000DM000-cr,False,HDD,HDD
91a0c980-7afd-465f-b16c-b1f3cf268cb3,Seagate BarraCuda 510 500GB SSD M.2 NVMe,Seagate,BarraCuda,500GB,,91a0c980-7afd-465f-b16c-b1f3cf268cb3.json,,500,M.2-2280,,,,,,,M.2 PCIe 3.0 x4,,,ZP500CM3A001,True,SSD,SSD
91a653e4-2ae2-42a8-a112-e9d6da71e128,"Western Digital Red 8TB HDD 5400RPM 3.5"" SATA",Western Digital,Red,8000GB,,91a653e4-2ae2-42a8-a112-e9d6da71e128.json,,8000,"3.5""",B07D3MWMNZ,,,,,708661742,SATA 6.0 Gb/s,,,WD80EFAX,False,HDD,HDD
91ac3d27-f395-4895-be99-9b36c3f79c61,"KingSpec P3 1TB SSD 2.5"" SATA",KingSpec,P3,1000GB,,91ac3d27-f395-4895-be99-9b36c3f79c61.json,,1000,"2.5""",B0B2K51BHH,,,,0D9-000D-00134,,SATA 6.0 Gb/s,,,P3-1TB | KS-P3-1TB,False,SSD,SSD
920712cd-c91c-4659-9b4f-461e9ee35c8e,"OCZ ARC 100 240GB SSD 2.5"" SATA 6.0 Gb/s",OCZ,ARC,240GB,,920712cd-c91c-4659-9b4f-461e9ee35c8e.json,,240,"2.5""",,,,,,,SATA 6.0 Gb/s,,,ARC100-25SAT3-240G,False,SSD,SSD
9213ce83-648b-4039-abf5-2f224ab1eb8f,"Samsung Spinpoint 1TB HDD 2.5"" SATA",Samsung,Spinpoint,1000GB,,9213ce83-648b-4039-abf5-2f224ab1eb8f.json,,1000,"2.5""",B0053YLTBC,,,,,26819940,SATA 3.0 Gb/s,,,HN-M101MBB | ST1000LM024 | ST100LM024 | BPSCS21637-HN-M101MBB,False,HDD,HDD
92274b3e-a637-408b-8038-093249984fc6,"Western Digital Blue 2TB HDD 3.5"" 5400 RPM SATA 6.0 Gb/s Internal",Western Digital,Blue,2000GB,,92274b3e-a637-408b-8038-093249984fc6.json,,2000,"3.5""",B00D8X0ICQ,,,,,,SATA 6.0 Gb/s,,,WDBH2D0020HNC-NRSN,False,HDD,HDD
922afa61-e714-4e0b-a4b6-d33ad3565b58,"Toshiba X300 Pro 8TB 3.5"" HDD 7200RPM SATA 6.0 Gb/s",Toshiba,X300,8000GB,,922afa61-e714-4e0b-a4b6-d33ad3565b58.json,,8000,"3.5""",,,,,,,SATA 6.0 Gb/s,,,HDWR480XZSTB,False,HDD,HDD
92349cd4-7d46-4d9e-ac25-a6d222579f62,ADATA XPG GAMMIX S11 Pro 1TB SSD M.2-2280 PCIe 3.0 X4 NVMe,ADATA,XPG,1000GB,,92349cd4-7d46-4d9e-ac25-a6d222579f62.json,,1000,M.2-2280,B07KZNTZYB,,,,,,M.2 PCIe 3.0 x4,,,AGAMMIXS11P-1TT-C,True,SSD,SSD
924dd235-979e-4fa0-889c-32c55154790f,"Western Digital Red Plus 4TB 3.5"" HDD 5400RPM SATA 6.0 Gb/s Internal",Western Digital,Red,4000GB,,924dd235-979e-4fa0-889c-32c55154790f.json,64,4000,"3.5""",,,,,,,SATA 6.0 Gb/s,,,WDBAVV0040HNC-WRSN,False,HDD,HDD
92889568-8317-4c93-a150-d8c7cddcae11,"Samsung 860 Pro 1TB SSD 2.5"" SATA",Samsung,860,1000GB,,92889568-8317-4c93-a150-d8c7cddcae11.json,,1000,"2.5""",B078211KCN,,,,,,SATA 6.0 Gb/s,,,MZ-76P1T0BW | MZ-76P1T0B | EU,False,SSD,SSD
929eb228-1477-4c79-a722-ea571e60fd52,Corsair 2TB Force Series MP600 M.2 PCIe NVMe SSD,Corsair,Force MP600,,2022,929eb228-1477-4c79-a722-ea571e60fd52.json,,2000,M.2-2280,B07WS1BRX4,,,,9SIB6P8JH78540,218812872,M.2 PCIe 4.0 x4,,,CSSD-F500GBMP600 | CSSD-F2000GBMP600R2,True,SSD,SSD
92ad209c-0306-4040-828f-758383e3f74f,Toshiba XG5 256GB M.2-2280 SSD PCIe 3.0 x4 NVMe,Toshiba,XG5,256GB,,92ad209c-0306-4040-828f-758383e3f74f.json,,256,M.2-2280,,,,,,,M.2 PCIe 3.0 x4,,,KXG50ZNV256G,True,SSD,SSD
92c5b137-c56b-4515-a4b0-9a9b0b73d574,"OCZ Vertex 3 256GB 2.5"" SSD SATA",OCZ,Vertex,256GB,,92c5b137-c56b-4515-a4b0-9a9b0b73d574.json,,256,"2.5""",,,,,,,SATA 6.0 Gb/s,,,VTX3-25SAT3-256G,False,SSD,SSD
92e89f4e-8649-487d-9dfe-4697369e0527,"Seagate BarraCuda 120 250GB SSD 2.5"" SATA 6.0 Gb/s",Seagate,BarraCuda,250GB,,92e89f4e-8649-487d-9dfe-4697369e0527.json,,250,"2.5""",,,,,,,SATA 6.0 Gb/s,,,ZA250CM10003,False,SSD,SSD
92f8d1dc-756b-4ca0-ad62-714a2a546609,Kingston Fury Renegade with Heat Sink 2TB SSD M.2-2280 PCIe 4.0 X4 NVMe,Kingston,Fury,2000GB,,92f8d1dc-756b-4ca0-ad62-714a2a546609.json,,2000,M.2-2280,B0BJL7MMNF,,,,0D9-001B-00582,1030558474,M.2 PCIe 4.0 x4,,,SFYRDK | 2000G | SFYRDK/2000G,True,SSD,SSD
9310f107-4129-4908-a735-0757633ec27e,Patriot Viper VPR400 RGB 1TB SSD M.2-2280 PCIe 4.0 X4 NVMe,Patriot,Viper,1000GB,,9310f107-4129-4908-a735-0757633ec27e.json,,1000,M.2-2280,,,,,,,M.2 PCIe 4.0 x4,,,VPR400-1TBM28H,True,SSD,SSD
935989e3-c5b2-45fd-b444-d8f538e242bf,"Western Digital WD_BLACK 6TB 3.5"" HDD 7200RPM SATA 6.0 Gb/s",Western Digital,WD_BLACK,6000GB,,935989e3-c5b2-45fd-b444-d8f538e242bf.json,,6000,"3.5""",B09NCMMSQX,6583119,,,N82E16822234501,235457536,SATA 6.0 Gb/s,,,WD6004FZWX | WD6004FZWX-SPBKVA0,False,HDD,HDD
93694e49-0141-468c-8dde-f2a281adf50f,"Transcend TS1TSSD370S 1TB SSD 2.5"" SATA",Transcend,TS1TSSD370S,1000GB,,93694e49-0141-468c-8dde-f2a281adf50f.json,,1000,"2.5""",B00VX82KBK,,,,,,SATA 6.0 Gb/s,,,TS1TSSD370S,False,SSD,SSD
938df806-e848-4689-94c5-d85466b15a1f,Seagate Beskar 500GB SSD M.2 PCIe 4.0 NVMe,Seagate,Beskar,500GB,,938df806-e848-4689-94c5-d85466b15a1f.json,,500,M.2-2280,,,,,,,M.2 PCIe 4.0 x4,,,ZP500GM30033,True,SSD,SSD
9395eb2d-b2c1-48db-8849-daa67a0f4f3f,ADATA LEGEND 860 500GB SSD M.2-2280 PCIe 4.0 x4 NVMe,ADATA,LEGEND,500GB,,9395eb2d-b2c1-48db-8849-daa67a0f4f3f.json,,500,M.2-2280,,,,,,,M.2 PCIe 4.0 x4,,,SLEG-860-500GCS,True,SSD,SSD
93c90c44-bf32-4a5e-9820-482305170f5b,"Transcend SSD230S 2TB SSD 2.5"" SATA 6.0 Gb/s",Transcend,SSD230S,2000GB,,93c90c44-bf32-4a5e-9820-482305170f5b.json,,2000,"2.5""",B07PV396J5,,,,,,SATA 6.0 Gb/s,,,TS2TSSD230S,False,SSD,SSD
93ccc415-6c87-4943-9295-b1318312e337,FanXiang S770 1TB SSD M.2-2280 PCIe 4.0 x4 NVMe,FanXiang,S770,1000GB,,93ccc415-6c87-4943-9295-b1318312e337.json,,1000,M.2-2280,B0BNQ2DFX6,,,,,,M.2 PCIe 4.0 x4,,,1TB - SSD - M.2 - S770 | nvme ssd 1tb - S770 | S770,True,SSD,SSD
93d14fc2-3ef6-478d-8f61-b4234cfd9605,TEAMGROUP T-FORCE G70 PRO Aluminum 2TB SSD M.2-2280 PCIe 4.0 x4 NVMe,TEAMGROUP,T-FORCE,2000GB,,93d14fc2-3ef6-478d-8f61-b4234cfd9605.json,,2000,M.2-2280,B0CSD65FTW,,,,N82E16820985137,5392139688,M.2 PCIe 4.0 x4,,,TM8FFH002T0C128,True,SSD,SSD
93d3771b-ae27-4c05-b30a-26aa703df1d7,Transcend MTE245S 2TB SSD M.2-2280 PCIe 4.0 X4 NVMe,Transcend,MTE245S,2000GB,,93d3771b-ae27-4c05-b30a-26aa703df1d7.json,,2000,M.2-2280,B092W8P63G,,,,,,M.2 PCIe 4.0 x4,,,TS2TMTE245S,True,SSD,SSD
93d57c71-e764-4fae-a243-471b67ca0034,Crucial T500 W/Heatsink 1TB SSD M.2 PCIe 4.0 NVMe,Crucial,T500,1000GB,,93d57c71-e764-4fae-a243-471b67ca0034.json,,1000,M.2-2280,B0CK2S298S,6566099,,,N82E16820156390,5097003967,M.2 PCIe 4.0 x4,,,CT1000T500SSD5,True,SSD,SSD
940f2371-030e-49ed-b42c-1116ae7ee1d6,"Samsung PM871b 512GB SSD 2.5"" SATA 6.0 Gb/s",Samsung,PM871b,512GB,,940f2371-030e-49ed-b42c-1116ae7ee1d6.json,,512,"2.5""",,,,,,,SATA 6.0 Gb/s,,,MZ7LN512HAJQ,False,SSD,SSD
94112e1f-fe8b-48e1-b9e4-0aec0d1ea6b0,"ADATA Ultimate SU650 120GB SSD 2.5"" SATA 6.0 Gb/s",ADATA,Ultimate,120GB,,94112e1f-fe8b-48e1-b9e4-0aec0d1ea6b0.json,,120,"2.5""",B07HCCWWWF,,,,,,SATA 6.0 Gb/s,,,ASU650SS-120GT-R,False,SSD,SSD
9430da32-894e-49f7-9ec7-5cdf85eb727b,AGI AI828 2TB SSD M.2-2280 PCIe 4.0 x4 NVMe,AGI,AI828,2000GB,,9430da32-894e-49f7-9ec7-5cdf85eb727b.json,,2000,M.2-2280,B0DSVNCQ59,,,,,,M.2 PCIe 4.0 x4,,,AGI2T0G44AI828,True,SSD,SSD
94313052-8cdf-41f0-898b-5d2e4db33f67,Samsung 970 Pro 512 GB M.2-2280 SSD PCIe 3.0 X4 NVME,Samsung,970,512GB,,94313052-8cdf-41f0-898b-5d2e4db33f67.json,,512,M.2-2280,B07C8Y31G2,6265508,,,N82E16820147693,557696297,M.2 PCIe 3.0 x4,,,MZ-V7P512BW,True,SSD,SSD
9448965e-c7e7-4c7e-a1a2-3dc3d6ce6b8a,"Western Digital Caviar Green 2TB HDD 3.5"" SATA",Western Digital,Caviar,2000GB,,9448965e-c7e7-4c7e-a1a2-3dc3d6ce6b8a.json,,2000,"3.5""",9800362924,,,,,,SATA 6.0 Gb/s,,,WD20EARX,False,HDD,HDD
9450654e-a56b-4b9d-942a-0d6bfc7d1feb,KIOXIA EXCERIA w/Heatsink 4TB SSD M.2-2280 PCIe 4.0 NVMe,KIOXIA,EXCERIA,4000GB,,9450654e-a56b-4b9d-942a-0d6bfc7d1feb.json,,4000,M.2-2280,B0D5QGC888,,,,,,M.2 PCIe 4.0 x4,,,LSC11K4T09G8,True,SSD,SSD
9454b409-4f66-43bc-8b05-926b71f05b22,"Titanium Micro PD560 500GB SSD 2.5"" SATA 6.0 Gb/s",Titanium Micro,PD560,500GB,,9454b409-4f66-43bc-8b05-926b71f05b22.json,,500,"2.5""",B094RJZ1DD,,,,,106088049,SATA 6.0 Gb/s,,,TMNSSDT-PD560-500GB | Titanium Micro,False,SSD,SSD
948a696d-c5a5-4aa7-ad27-fbbf9cce5671,"Western Digital Caviar Blue 320GB 3.5"" HDD 7200RPM PATA 100 Internal",Western Digital,Caviar,320GB,,948a696d-c5a5-4aa7-ad27-fbbf9cce5671.json,8,320,"3.5""",,,,,,,PATA 100,,,WD3200AAJB | WD3200AAJS,False,HDD,HDD
948faf31-1e6b-4902-99ab-6a1044a57b3f,"Inland Platinum 1.024 TB SSD 2.5"" SATA 6.0 Gb/s",Inland,Platinum,1000GB,,948faf31-1e6b-4902-99ab-6a1044a57b3f.json,,1000,"2.5""",B09NPXMJH3,,,,,,SATA 6.0 Gb/s,,,618996739332 | c4d64392-163c-441c-9a01-88eec5568ef0,False,SSD,SSD
94ad71e0-db45-444f-9c17-83e2c458f14d,Leven JPS800 1TB SSD M.2-2280 PCIe 4.0 x4 NVMe,Leven,JPS800,1000GB,,94ad71e0-db45-444f-9c17-83e2c458f14d.json,,1000,M.2-2280,B0BRQ2N7JP,,,,,,M.2 PCIe 4.0 x4,,,JPS800-1TB,True,SSD,SSD
94b73ba7-fcce-480e-98fb-54b9be1cf7be,Lexar NQ700 1TB SSD M.2-2280 PCIe 4.0 x4 NVMe,Lexar,NQ700,1000GB,,94b73ba7-fcce-480e-98fb-54b9be1cf7be.json,,1000,M.2-2280,,,,,,,M.2 PCIe 4.0 x4,,,LNQ700X001T-RNNNG,True,SSD,SSD
94da4005-758f-4d4f-a103-8870c82996c3,Kingston DC1000B 960GB SSD M.2 PCIe 3.0 NVMe,Kingston,DC1000B,960GB,,94da4005-758f-4d4f-a103-8870c82996c3.json,,960,M.2-2280,,,,,,,M.2 PCIe 3.0 x4,,,SEDC1000BM8 | 960G,True,SSD,SSD
94e1056d-3322-482a-94e5-e6390c30edc2,Nextorage NEM-PAB 2TB SSD M.2 PCIe 4.0 NVMe,Nextorage,NEM-PAB,2000GB,,94e1056d-3322-482a-94e5-e6390c30edc2.json,,2000,M.2-2280,B0CXDXJ698,,,,0D9-0106-00019,,M.2 PCIe 4.0 x4,,,NEM-PAB2TB | N SYM | NEM-PAB2TB/N SYM | CP00000090,True,SSD,SSD
94e771ba-72da-475b-9e28-50d6f816968a,"Toshiba N300 Pro 4TB HDD 7200RPM 3.5"" SATA",Toshiba,N300,4000GB,,94e771ba-72da-475b-9e28-50d6f816968a.json,,4000,"3.5""",B09TQ639G8,,,,,981706563,SATA 6.0 Gb/s,,,HDWG440XZSTB,False,HDD,HDD
94e7a83d-9e9a-4ca9-aefc-8e72b68d3d91,TEAMGROUP T-Force Cardea Z540 1TB SSD M.2-2280 PCIe 5.0 x4 NVMe,TEAMGROUP,T-Force,1000GB,,94e7a83d-9e9a-4ca9-aefc-8e72b68d3d91.json,,1000,M.2-2280,,,,,N82E16820985106,,M.2 PCIe 5.0 x4,,,TM8FF1001T0C129 | TM8FP7002T0C311,True,SSD,SSD
9509608a-046b-4e38-a21e-a8a01a197dfd,"Lexar NS100 1TB 2.5"" SSD SATA 6.0 Gb/s",Lexar,NS100,1000GB,,9509608a-046b-4e38-a21e-a8a01a197dfd.json,,1000,"2.5""",B07XH57DDX,,,,1B0-0058-00019,541454453,SATA 6.0 Gb/s,,,LNS100-1TRBNA | LNS100-1TRB,False,SSD,SSD
952b34c0-f161-4a42-b87d-959961325c56,"Samsung 840 Evo 250GB 2.5"" SSD SATA",Samsung,840,250GB,,952b34c0-f161-4a42-b87d-959961325c56.json,,250,"2.5""",B00E3W1726,,,,9SIAKVHH3E4684,,SATA 6.0 Gb/s,,,MZ-7TE250BW,False,SSD,SSD
954905d0-9ecd-4b26-954b-bf1324b6a094,"Seagate SkyHawk AI 24TB 3.5"" HDD 7200RPM SATA",Seagate,SkyHawk,24000GB,,954905d0-9ecd-4b26-954b-bf1324b6a094.json,,24000,"3.5""",B0CP81HTNX,,,,N82E16822185106,5255228609,SATA 6.0 Gb/s,,,ST24000VE002,False,HDD,HDD
95848617-21c3-44d6-8474-9eac0c3bf8aa,"Hitachi Ultrastar 7K4000 3TB HDD 7200RPM 3.5"" SATA",Hitachi,Ultrastar,3000GB,,95848617-21c3-44d6-8474-9eac0c3bf8aa.json,,3000,"3.5""",,,,,,,SATA 6.0 Gb/s,,,HUS724030ALE640,False,HDD,HDD
95853705-b215-4b36-87ea-08b3cbc63415,"Hitachi 7K1000.B 500GB 3.5"" HDD 7200RPM SATA 3.0 Gb/s",Hitachi,7K1000.B,500GB,,95853705-b215-4b36-87ea-08b3cbc63415.json,,500,"3.5""",,,,,,,SATA 3.0 Gb/s,,,HDT721050SLA360,False,HDD,HDD
959c0b50-7829-4dbb-a01c-a721c5997f67,Corsair MP700 PRO SE 4TB M.2-2280 SSD PCIe 5.0 X4 NVMe,Corsair,MP700,4000GB,,959c0b50-7829-4dbb-a01c-a721c5997f67.json,,4000,M.2-2280,B0D2P75H2V,,,,N82E16820982176,5789466931,M.2 PCIe 5.0 x4,,,CSSD-F4000GBMP700PNHS,True,SSD,SSD
95b3cad5-c41e-4d95-94f5-d1d764aed89a,"Crucial BX100 1TB 2.5"" SSD SATA",Crucial,BX100,1000GB,,95b3cad5-c41e-4d95-94f5-d1d764aed89a.json,,1000,"2.5""",,,,,,,SATA 6.0 Gb/s,,,CT1000BX100SSD1,False,SSD,SSD
95be6d5d-798d-4aa4-b612-deabd45759a5,"Seagate BarraCuda 500GB HDD 7200RPM 3.5"" SATA 3.0 Gb/s",Seagate,BarraCuda,500GB,,95be6d5d-798d-4aa4-b612-deabd45759a5.json,,500,"3.5""",B008OJ2ZKW,,,,,,SATA 3.0 Gb/s,,,ST3500418AS,False,HDD,HDD
95befc04-7cd6-49b4-b4ec-bebe303daa31,"Inland Platinum 128 GB SSD 2.5"" SATA 6.0 Gb/s",Inland,Platinum,128GB,,95befc04-7cd6-49b4-b4ec-bebe303daa31.json,,128,"2.5""",B09MKDBLQL,,,,,,SATA 6.0 Gb/s,,,618996746323,False,SSD,SSD
95dbfb1f-480d-4995-9c7e-647d3db24f60,"Seagate EXOS Enterprise 4TB 3.5"" HDD 7200RPM SATA",Seagate,EXOS,4000GB,,95dbfb1f-480d-4995-9c7e-647d3db24f60.json,,4000,"3.5""",B07SYDQ5CW,,,,,150376492,SATA 6.0 Gb/s,,,ST4000NM000A,False,HDD,HDD
95f76173-a2a2-4eef-9ab0-096b89486249,Gigabyte AORUS Gen5 14000 4TB SSD M.2-2280 PCIe 5.0 x4 NVMe,Gigabyte,AORUS,4000GB,,95f76173-a2a2-4eef-9ab0-096b89486249.json,,4000,M.2-2280,,,,,,,M.2 PCIe 5.0 x4,,,AG514K4TB,True,SSD,SSD
95fbe20a-b5c5-497c-8936-5360d92271f7,"Seagate SV35.5 1TB HDD 3.5"" 7200RPM SATA",Seagate,SV35.5,1000GB,,95fbe20a-b5c5-497c-8936-5360d92271f7.json,,1000,"3.5""",,,,,,,SATA 6.0 Gb/s,,,ST1000VX000,False,HDD,HDD
96004925-ada5-4bef-82e1-f5655df32271,FFF Smart Life Connected G-Storategy NV470 w/Heatsink 4TB SSD M.2 PCIe 4.0 NVMe,FFF Smart Life Connected,G-Storategy,4000GB,,96004925-ada5-4bef-82e1-f5655df32271.json,,4000,M.2-2280,,,,,,,M.2 PCIe 4.0 x4,,,NV47004TBY3G1,True,SSD,SSD
960390c5-959c-4ebb-a459-cb92117a57e8,Gigabyte AORUS Gen4 7000s 1TB M.2 SSD NVMe,Gigabyte,AORUS,1000GB,,960390c5-959c-4ebb-a459-cb92117a57e8.json,,1000,M.2-2280,B08XY9146V,,,,N82E16820009022R,401963671,M.2 PCIe 4.0 x4,,,GP-AG70S1TB,True,SSD,SSD
961385f7-c744-4fc9-bb73-2b9fa5cf8c66,Kingston NV1 500GB M.2 SSD PCIe 3.0 NVMe,Kingston,NV1,500GB,,961385f7-c744-4fc9-bb73-2b9fa5cf8c66.json,,500,M.2-2280,B091BCQK7B,,,,9SIBKYEK6R4938,,M.2 PCIe 3.0 x4,,,SNVS | 500G | SNVS/500G,True,SSD,SSD
96166dc5-4609-492a-b9ab-101b7fa5d1b2,Samsung 860 Evo 1TB SSD M.2-2280 SATA,Samsung,860,1000GB,,96166dc5-4609-492a-b9ab-101b7fa5d1b2.json,,1000,M.2-2280,B07822Z77M,6290427,,,9SIAADFAW38362,,M.2 SATA,,,MZ-N6E1T0BW,False,SSD,SSD
961845b8-ffae-4249-b883-bbfcb34239c7,"Seagate Spinpoint F3 500GB HDD 3.5"" 7200RPM SATA",Seagate,Spinpoint,500GB,,961845b8-ffae-4249-b883-bbfcb34239c7.json,,500,"3.5""",,,,,,,SATA 3.0 Gb/s,,,HD502HJ | ST500DM005,False,HDD,HDD
961a5cd6-4af3-4898-8993-9b3393bd1a0b,Inland Prime 500GB SSD M.2-2280 PCIe 3.0 x4 NVMe,Inland,Prime,500GB,,961a5cd6-4af3-4898-8993-9b3393bd1a0b.json,,500,M.2-2280,,,,,,,M.2 PCIe 3.0 x4,,,618996741946,True,SSD,SSD
9627d383-98b8-4a60-b770-e716f659e441,"Corsair Force 3 240GB SSD 2.5"" SATA",Corsair,Force,240GB,,9627d383-98b8-4a60-b770-e716f659e441.json,,240,"2.5""",,,,,,,SATA 6.0 Gb/s,,,CSSD-F240GB3A-BK,False,SSD,SSD
962bb19c-0792-4ce7-b49d-04d0b5e32894,"Toshiba P300 2TB HDD 3.5"" 5400RPM SATA 6.0 Gb/s Internal",Toshiba,P300,2000GB,,962bb19c-0792-4ce7-b49d-04d0b5e32894.json,,2000,"3.5""",,,,,,,SATA 6.0 Gb/s,,,HDWD320UZSVA,False,HDD,HDD
96374d91-d1aa-418d-8f42-f93092c6389d,Inland QN450 1TB M.2-2280 SSD PCIe 4.0 X4 NVMe,Inland,QN450,1000GB,,96374d91-d1aa-418d-8f42-f93092c6389d.json,,1000,M.2-2280,B0DB2NSVDJ,,,,,,M.2 PCIe 4.0 x4,,,1TB QN450 | QN450,True,SSD,SSD
9643e669-90e9-45be-a8de-937c127e8ad5,"Hitachi 0F23663 6TB HDD 3.5"" 7200RPM SATA 6.0 Gb/s Internal",Hitachi,0F23663,6000GB,,9643e669-90e9-45be-a8de-937c127e8ad5.json,,6000,"3.5""",B01E2ETHVW,,,,,,SATA 6.0 Gb/s,,,0F23663,False,HDD,HDD
96700e4f-460a-480e-9fed-fbd5d7280c6c,Corsair MP600 PRO XT 1TB M.2 SSD PCIe 4.0 NVMe,Corsair,MP600,1000GB,,96700e4f-460a-480e-9fed-fbd5d7280c6c.json,,1000,M.2-2280,B09F5Z6BJ6,6524203,,,N82E16820236811,713951667,M.2 PCIe 4.0 x4,,,CSSD-F1000GBMP600PXT,True,SSD,SSD
967e4aa2-da6b-4d4f-a80c-63c7fccb9eac,Nextorage G-Series LE 2TB SSD M.2-2280 PCIe 4.0 X4 NVMe,Nextorage,G-Series,2000GB,,967e4aa2-da6b-4d4f-a80c-63c7fccb9eac.json,,2000,M.2-2280,,,,,0D9-0106-00018,,M.2 PCIe 4.0 x4,,,NN4LE-2TB2CN | GNE SYM,True,SSD,SSD
968e0324-6318-49dd-9048-9519294c5e82,Crucial T700 W/Heatsink 4TB M.2 SSD PCIe 5.0 NVMe,Crucial,T700,4000GB,,968e0324-6318-49dd-9048-9519294c5e82.json,,4000,M.2-2280,B0C3KFGPT8,,,,N82E16820156334,3779429180,M.2 PCIe 5.0 x4,,,CT4000T700SSD5,True,SSD,SSD
9695d541-311d-463f-9168-60f10e0566ed,Samsung 980 PRO 500GB M.2-2280 SSD PCIe 4.0 x4 NVMe,Samsung,980,500GB,,9695d541-311d-463f-9168-60f10e0566ed.json,,500,M.2-2280,,,,,,,M.2 PCIe 4.0 x4,,,MZ-V8P500B | AM | MZ-V8P500BW,True,SSD,SSD
96a56703-3f5b-4115-b3f9-b72525fb9c9a,Samsung 990 Pro 1TB SSD M.2 PCIe 4.0 NVMe,Samsung,990,1000GB,2022,96a56703-3f5b-4115-b3f9-b72525fb9c9a.json,1024,1000,M.2-2280,B0BHJF2VRN,6523591,28976,https://www.samsung.com/in/memory-storage/nvme-ssd/990-pro-1tb-nvme-pcie-gen-4-mz-v9p1t0bw/?srsltid=AfmBOop69cdbruVBg6tRyiKjGnvAazRYq8j19S3Z801_U44DmFGerK1x,N82E16820147860,2612254480,M.2 PCIe 4.0 x4,,2026-03-22T15:42:01.989Z,MZ-V9P1T0B/AM,True,SSD,
96a728fd-636a-4838-bf12-a717ad33b960,Corsair MP400 2TB SSD M.2-2280 PCIe 3.0 X4 NVMe,Corsair,MP400,2000GB,,96a728fd-636a-4838-bf12-a717ad33b960.json,,2000,M.2-2280,,,,,,,M.2 PCIe 3.0 x4,,,CSSD-F2000GBMP400,True,SSD,SSD
96be80eb-c07b-4582-947b-630565c699d5,"Western Digital Gold 4TB HDD 7200RPM 3.5"" SATA",Western Digital,Gold,4000GB,,96be80eb-c07b-4582-947b-630565c699d5.json,,4000,"3.5""",B07XDD6GD3,,,,,335685392,SATA 6.0 Gb/s,,,WD4003FRYZ | WD4003FRYZ-SPF0DB0,False,HDD,HDD
96ea7566-293e-4b8a-8c25-2d1298172b9b,"Crucial M4 256GB SSD 2.5"" SATA",Crucial,M4,256GB,,96ea7566-293e-4b8a-8c25-2d1298172b9b.json,,256,"2.5""",,,,,,,SATA 6.0 Gb/s,,,CT256M4SSD2,False,SSD,SSD
96f80b30-7152-41b3-b6c2-2020816e604f,Netac NV3000 500GB M.2-2280 SSD PCIe 3.0 X4 NVME,Netac,NV3000,500GB,,96f80b30-7152-41b3-b6c2-2020816e604f.json,,500,M.2-2280,,,,,,,M.2 PCIe 3.0 x4,,,NT01NV3000-500-E4X,True,SSD,SSD
96fcbc21-5419-421f-9e23-dd9ddf0b3922,"Seagate IronWolf Pro 6TB HDD 3.5"" 7200RPM SATA",Seagate,IronWolf,6000GB,,96fcbc21-5419-421f-9e23-dd9ddf0b3922.json,,6000,"3.5""",,,,,,,SATA 6.0 Gb/s,,,ST6000NE0021,False,HDD,HDD
970eaccf-287f-41bf-993e-0bf1ec696b9e,"Toshiba N300 6TB HDD 3.5"" 7200RPM SATA",Toshiba,N300,6000GB,,970eaccf-287f-41bf-993e-0bf1ec696b9e.json,,6000,"3.5""",B06Y2KCXCM,,,,,,SATA 6.0 Gb/s,,,HDWN160XZSTA,False,HDD,HDD
970fb495-eab4-45dc-8be2-c013ad5a4a44,"Western Digital WDBMMA0010HNC-NRSN 1TB 3.5"" HDD 5400RPM SATA",Western Digital,WDBMMA0010HNC-NRSN,1000GB,,970fb495-eab4-45dc-8be2-c013ad5a4a44.json,,1000,"3.5""",B00D8X0IJ4,,,,,,SATA 6.0 Gb/s,,,WDBMMA0010HNC-NRSN | FBA_WDBMMA0010HNC-NRSN,False,HDD,HDD
9713217d-00cf-430c-aaf5-2b9890e4712b,GOODRAM IRDM PRO SLIM 1TB SSD M.2-2280 PCIe 4.0 x4 NVMe,GOODRAM,IRDM,1000GB,,9713217d-00cf-430c-aaf5-2b9890e4712b.json,,1000,M.2-2280,,,,,,,M.2 PCIe 4.0 x4,,,IRP-SSDPR-P44S-1K0-80,True,SSD,SSD
9713cf8a-61e7-4666-bbb3-8389e7b318ff,"Seagate Barracuda Compute 1TB 2.5"" SSD SATA",Seagate,Barracuda,1000GB,,9713cf8a-61e7-4666-bbb3-8389e7b318ff.json,,1000,"2.5""",,,,,,,SATA 6.0 Gb/s,,,ZA1000CM1A002,False,SSD,SSD
972fe231-51c0-4440-af79-a335747d1d86,"Toshiba VX500 1TB 2.5"" SSD SATA",Toshiba,VX500,1000GB,,972fe231-51c0-4440-af79-a335747d1d86.json,,1000,"2.5""",,,,,,,SATA 6.0 Gb/s,,,VX500-25SAT3-1T,False,SSD,SSD
97458214-82f5-4efb-8a31-4a901f3822c9,"Seagate EXOS Enterprise 4TB HDD 7200 RPM 3.5"" SATA 6.0 Gb/s Internal",Seagate,EXOS,4000GB,,97458214-82f5-4efb-8a31-4a901f3822c9.json,,4000,"3.5""",B07T4411LF,,,,,344895416,SATA 6.0 Gb/s,,,ST4000NM002A,False,HDD,HDD
9753db37-e20f-4837-b18c-4e68680ac0f4,ADATA XPG GAMMIX S50 1TB M.2-2280 SSD PCIe 4.0 X4 NVMe,ADATA,XPG,1000GB,,9753db37-e20f-4837-b18c-4e68680ac0f4.json,,1000,M.2-2280,,,,,,,M.2 PCIe 4.0 x4,,,AGAMMIXS50-1TT-C,True,SSD,SSD
9768e6fe-03c4-4929-b035-24b73b976884,Timetec 35TTQNM2SATA 512GB SSD M.2 SATA,Timetec,35TTQNM2SATA,512GB,,9768e6fe-03c4-4929-b035-24b73b976884.json,,512,M.2-2280,,,,,0D9-00ES-00027,,M.2 SATA,,,35TTQNM2SATA-512GB,False,SSD,SSD
97698cf3-a5cc-4a39-9ca6-aa69de10b974,"Western Digital WDBSLA0040HNC-NRSN 4TB HDD 7200RPM 3.5"" SATA",Western Digital,WDBSLA0040HNC-NRSN,4000GB,,97698cf3-a5cc-4a39-9ca6-aa69de10b974.json,,4000,"3.5""",B00D8X0JT8,,,,9SIBHHXJJH1548,26819956,SATA 6.0 Gb/s,,,WDBSLA0040HNC-NRSN,False,HDD,HDD
979ee412-14af-4b80-9af5-80821cf7db22,"Seagate BarraCuda 3TB 3.5"" HDD 7200RPM SATA",Seagate,BarraCuda,3000GB,,979ee412-14af-4b80-9af5-80821cf7db22.json,,3000,"3.5""",B01IEKG4NE,,,,9SIBTK0K932587,146279224,SATA 6.0 Gb/s,,,ST3000DM008,False,HDD,HDD
97d5a48a-14f6-4ce4-a948-7b5afb9caf90,"SanDisk X400 1TB SSD 2.5"" SATA",SanDisk,X400,1000GB,,97d5a48a-14f6-4ce4-a948-7b5afb9caf90.json,,1000,"2.5""",,,,,,,SATA 6.0 Gb/s,,,SD8SB8U-1T00-1122,False,SSD,SSD
97d9c020-974d-4805-bddf-fe76d568c099,Intel 660p 1TB SSD M.2-2280 PCIe 3.0 x4 NVMe,Intel,660p,1000GB,,97d9c020-974d-4805-bddf-fe76d568c099.json,,1000,M.2-2280,B07GBGHH39,,,,N82E16820167462,821235616,M.2 PCIe 3.0 x4,,,SSDPEKNW010T801 | SSDPEKNW010T8X1,True,SSD,SSD
97e45010-11c7-4bcc-835a-886fd346f5c6,"Seagate Barracuda Compute 2TB SSD 2.5"" SATA 6.0 Gb/s",Seagate,Barracuda,2000GB,,97e45010-11c7-4bcc-835a-886fd346f5c6.json,,2000,"2.5""",,,,,,,SATA 6.0 Gb/s,,,ZA2000CM1A002,False,SSD,SSD
9801faaa-7668-4792-bc28-f4a60dcc63f1,"Western Digital Red Pro 18TB 3.5"" HDD 7200RPM SATA 6.0 Gb/s",Western Digital,Red,18000GB,,9801faaa-7668-4792-bc28-f4a60dcc63f1.json,,18000,"3.5""",B08K3TFM92,6523108,,,N82E16822234430,428748258,SATA 6.0 Gb/s,,,WD181KFGX | WD181KFGX-SPAFPN0,False,HDD,HDD
980b8029-9a2d-432f-bb55-9d25b08bf168,"TEAMGROUP CX2 512GB 2.5"" SSD SATA 6.0 Gb/s",TEAMGROUP,CX2,512GB,,980b8029-9a2d-432f-bb55-9d25b08bf168.json,,512,"2.5""",B08K3NP2LK,,,,N82E16820331560,999889984,SATA 6.0 Gb/s,,,T253X6512G0C101,False,SSD,SSD
9813dfc0-1f77-40d6-ab2e-3ea34c293228,"Intel DC S3500 120GB SSD 2.5"" SATA 6.0 Gb/s",Intel,DC,120GB,,9813dfc0-1f77-40d6-ab2e-3ea34c293228.json,,120,"2.5""",B00CT98DBI,,,,,26820034,SATA 6.0 Gb/s,,,SSDSC2BB120G401,False,SSD,SSD
984b3ae7-c973-4c4d-9922-f21b74dba0c3,Kingston FURY Renegade G5 2TB M.2-2280 SSD PCIe 5.0 x4 NVMe,Kingston,FURY,2000GB,2025,984b3ae7-c973-4c4d-9922-f21b74dba0c3.json,2048,2000,M.2-2280,B0F4455L4R,,31347,https://www.kingston.com/en/ssd/gaming/kingston-fury-renegade-g5-nvme-m2-ssd,N82E16820242925,16138253418,M.2 PCIe 5.0 x4,,2026-03-22T14:42:42.482Z,SFYR2S/2T0,True,SSD,
985f27aa-6784-4225-8964-2f50af49ce76,"Western Digital AV-GP 320 GB HDD 3.5"" 5400 RPM SATA 3.0 Gb/s",Western Digital,AV-GP,320GB,,985f27aa-6784-4225-8964-2f50af49ce76.json,16,320,"3.5""",B007GFYG6G,,,,,,SATA 3.0 Gb/s,,,WD3200AVCS,False,HDD,HDD
9864e1ca-fc8a-4e9d-b216-05d7a416d6eb,ADATA XPG GAMMIX S5 1TB SSD M.2-2280 PCIe 3.0 X4 NVME,ADATA,XPG,1000GB,,9864e1ca-fc8a-4e9d-b216-05d7a416d6eb.json,,1000,M.2-2280,,,,,,,M.2 PCIe 3.0 x4,,,AGAMMIXS5-1TT-C,True,SSD,SSD
98655c26-a166-4612-9b4e-70860819c04c,"Crucial BX300 240GB SSD 2.5"" SATA 6.0 Gb/s",Crucial,BX300,240GB,,98655c26-a166-4612-9b4e-70860819c04c.json,,240,"2.5""",B0742BC3DQ,,,,,526301306,SATA 6.0 Gb/s,,,CT240BX300SSD1,False,SSD,SSD
986beb16-127f-4b09-b149-9b85c19ba891,"Hitachi E5K500.B 160GB HDD 5400RPM 2.5"" SATA 3.0 Gb/s",Hitachi,E5K500.B,160GB,,986beb16-127f-4b09-b149-9b85c19ba891.json,,160,"2.5""",,,,,,,SATA 3.0 Gb/s,,,0A70391,False,HDD,HDD
986d59f1-05a6-4bf8-8b5c-2940a7af7b52,ADATA SU800 128GB M.2-2280 SSD SATA,ADATA,SU800,128GB,,986d59f1-05a6-4bf8-8b5c-2940a7af7b52.json,,128,M.2-2280,,,,,,,M.2 SATA,,,ASU800NS38-128GT-C,False,SSD,SSD
98703137-229b-4a41-9bd8-a0a0072da1c2,Lexar Professional NM800PRO 2TB SSD M.2-2280 PCIe 4.0 NVMe,Lexar,Professional,2000GB,,98703137-229b-4a41-9bd8-a0a0072da1c2.json,,2000,M.2-2280,B0B7LDSHMX,,,,,2011798547,M.2 PCIe 4.0 x4,,,LNM800P002T-RNNNG,True,SSD,SSD
988e477b-5f77-4b1c-a852-2c2f6494eaa9,OCZ RD400A 256GB SSD PCIe NVMe,OCZ,RD400A,256GB,,988e477b-5f77-4b1c-a852-2c2f6494eaa9.json,,256,PCIe,,,,,,,M.2 PCIe 3.0 x4,,,RVD400-M22280-256G-A,True,SSD,SSD
98998600-aa96-4731-8a09-d84efc6a6811,ADATA LEGEND 700 1TB SSD M.2-2280 PCIe 3.0 x4 NVMe,ADATA,LEGEND,1000GB,,98998600-aa96-4731-8a09-d84efc6a6811.json,,1000,M.2-2280,B09LV41ZQ1,,,,,,M.2 PCIe 3.0 x4,,,ALEG-700-1TCS | 122064,True,SSD,SSD
9899ea60-8265-4d3a-99f7-e4667361ef05,"Seagate IronWolf Pro NAS 4TB HDD 3.5"" 7200RPM SATA",Seagate,IronWolf,4000GB,,9899ea60-8265-4d3a-99f7-e4667361ef05.json,,4000,"3.5""",B0B94JY5RF,,,,N82E16822185079,1710439437,SATA 6.0 Gb/s,,,ST4000NT001,False,HDD,HDD
98cc9147-a6d8-4e49-8bc5-c010a0a918a8,Lexar NQ790 2TB SSD M.2-2280 PCIe 4.0 X4 NVMe,Lexar,NQ790,2000GB,,98cc9147-a6d8-4e49-8bc5-c010a0a918a8.json,,2000,M.2-2280,B0CHS1SN9K,,,,,,M.2 PCIe 4.0 x4,,,LNQ790X002T-RNNNU | LNQ790X002T-RNNNG,True,SSD,SSD
98d388cf-a19d-4ec2-806a-9a91010c285a,"Lexar NQ100 480GB SSD 2.5"" SATA",Lexar,NQ100,480GB,,98d388cf-a19d-4ec2-806a-9a91010c285a.json,,480,"2.5""",B08TZV7XM6,,,,,1999579531,SATA 6.0 Gb/s,,,LNQ100X480G-RNNNG | LNQ100X480G-RNNNU,False,SSD,SSD
98e8ec2c-cfb9-4ba4-a49e-1e84100ec070,TEAMGROUP T-Force GE PRO AirFlow 8TB SSD M.2-2280 PCIe 5.0 x4 NVMe,TEAMGROUP,T-Force,8000GB,,98e8ec2c-cfb9-4ba4-a49e-1e84100ec070.json,,8000,M.2-2280,,,,,,,M.2 PCIe 5.0 x4,,,TM8FG3008T0C133,True,SSD,SSD
9905ed69-d538-44f2-b5ec-1310338aa569,"Western Digital Caviar Black 2TB HDD 3.5"" 7200RPM SATA Internal",Western Digital,Caviar,2000GB,,9905ed69-d538-44f2-b5ec-1310338aa569.json,,2000,"3.5""",,,,,,,SATA 3.0 Gb/s,,,WD2001FASS,False,HDD,HDD
990dbbcb-cff0-47ff-b0c3-440c5ac2143d,Crucial T705 W/Heatsink Limited Edition 2TB SSD M.2-2280 PCIe 5.0 X4 NVMe,Crucial,T705,2000GB,,990dbbcb-cff0-47ff-b0c3-440c5ac2143d.json,,2000,M.2-2280,B0CTRY6M36,,,,N82E16820156403,5366885251,M.2 PCIe 5.0 x4,,,CT2000T705SSD5A,True,SSD,SSD
991cfb7f-66e2-4814-b42d-718e979d3430,"Western Digital Green 4TB 3.5"" Internal HDD 5900RPM SATA 6.0 Gb/s",Western Digital,Green,4000GB,,991cfb7f-66e2-4814-b42d-718e979d3430.json,,4000,"3.5""",,,,,,,SATA 6.0 Gb/s,,,WD40EZRX,False,HDD,HDD
994342fe-3e29-4fc6-8610-62fdc23e1776,"Seagate BarraCuda Pro 500GB HDD 2.5"" SATA",Seagate,BarraCuda,500GB,,994342fe-3e29-4fc6-8610-62fdc23e1776.json,,500,"2.5""",,,,,,,SATA 6.0 Gb/s,,,ST500LM034,False,HDD,HDD
9945c3f7-23be-4894-8a84-11149002e593,"OCZ Colossus LT 250 GB 3.5""",OCZ,Colossus,250GB,,9945c3f7-23be-4894-8a84-11149002e593.json,,250,"3.5""",,,,,,,SATA 3.0 Gb/s,,,OCZSSD2-1CLSLT250G,False,SSD,SSD
9950c07b-788f-4263-9ea8-2e30de5a4481,"Samsung Spinpoint M7 500GB HDD 2.5"" SATA",Samsung,Spinpoint,500GB,,9950c07b-788f-4263-9ea8-2e30de5a4481.json,,500,"2.5""",,,,,,,SATA 3.0 Gb/s,,,HM500JI,False,HDD,HDD
996123ed-200f-4fe4-ad12-8a896ba9b4f4,"Seagate Exos X18 14TB HDD 7200RPM 3.5"" SATA",Seagate,Exos,14000GB,,996123ed-200f-4fe4-ad12-8a896ba9b4f4.json,,14000,"3.5""",B09YNLYMZZ,,,,N82E16822185027,,SATA 6.0 Gb/s,,,ST14000NM000J,False,HDD,HDD
998189b4-9066-4cf1-80d7-ca9c3683ffd8,"Samsung Spinpoint F2 EG 1.5TB HDD 3.5"" 5400RPM SATA",Samsung,Spinpoint,1000GB,,998189b4-9066-4cf1-80d7-ca9c3683ffd8.json,,1000,"3.5""",,,,,,,SATA 3.0 Gb/s,,,HD154UI,False,HDD,HDD
9989ea13-9869-4372-93e0-d536e3eb43e7,"Intel DC P4500 2TB SSD 2.5"" SATA",Intel,DC,2000GB,,9989ea13-9869-4372-93e0-d536e3eb43e7.json,,2000,"2.5""",,,,,,,SATA 6.0 Gb/s,,,SSDPE2KX020T701,False,SSD,SSD
9991d2e9-d966-464d-82a8-d290a67e7db8,"Integral V 4TB SSD 2.5"" SATA",Integral,V,4000GB,,9991d2e9-d966-464d-82a8-d290a67e7db8.json,,4000,"2.5""",,,,,,,SATA 6.0 Gb/s,,,INSSD4TS625V2X,False,SSD,SSD
9992096d-31d1-4b3a-91dd-e9597a4e1764,KIOXIA BG5 SED 256GB SSD M.2-2280 PCIe 4.0 x4 NVMe,KIOXIA,BG5,256GB,,9992096d-31d1-4b3a-91dd-e9597a4e1764.json,,256,M.2-2280,,,,,,,M.2 PCIe 4.0 x4,,,KBG5AZNV256G,True,SSD,SSD
99978ee6-a7ff-4c76-9f24-fb1c872d88bc,"PNY CS900 480GB 2.5"" SSD SATA 6.0 Gb/s",PNY,CS900,480GB,,99978ee6-a7ff-4c76-9f24-fb1c872d88bc.json,,480,"2.5""",B01KIUER9Q,,,,,,SATA 6.0 Gb/s,,,SSD7CS900-480-PB,False,SSD,SSD
99b37a3a-4474-43fc-bad3-1cf4cf98cbfa,Addlink S90 Lite 1TB SSD M.2 PCIe 4.0 NVMe,Addlink,S90,1000GB,,99b37a3a-4474-43fc-bad3-1cf4cf98cbfa.json,,1000,M.2-2280,,,,,,,M.2 PCIe 4.0 x4,,,ad1TBS90LTM2P,True,SSD,SSD
99c5a8af-c57f-4d09-aa21-e8cd9418d759,Klevv CRAS C925 2TB SSD M.2-2280 PCIe 4.0 X4 NVMe,Klevv,CRAS,2000GB,,99c5a8af-c57f-4d09-aa21-e8cd9418d759.json,,2000,M.2-2280,,,,,,,M.2 PCIe 4.0 x4,,,K02TBM2SP0-C9T,True,SSD,SSD
99eedf19-addd-4136-8dc7-1ed3bbc7330a,"Toshiba N300 NAS 20TB HDD 3.5"" 7200RPM SATA 6.0 Gb/s Internal",Toshiba,N300,20000GB,,99eedf19-addd-4136-8dc7-1ed3bbc7330a.json,512,20000,"3.5""",B0CYQHWXT4,,,,234-0004-002S5,5923045972,SATA 6.0 Gb/s,,,HDWG62AXZSTA,False,HDD,HDD
9a077f00-aa9d-4b97-988c-691d3c99401c,Patriot VPN100 2TB M.2-2280 SSD PCIe 3.0 x4 NVMe,Patriot,VPN100,2000GB,,9a077f00-aa9d-4b97-988c-691d3c99401c.json,,2000,M.2-2280,B07PB2ZZPL,,,,,,M.2 PCIe 3.0 x4,,,VPN100-2TBM28H | VPN100-1TBM28H,True,SSD,SSD
9a0ce7b6-93e8-4ed1-9408-8f49f5535568,Samsung 980 SSD 500GB M.2 NVMe Interface PCIe 3.0 x4 Internal Solid State Drive with V-NAND 3 bit MLC Technology,Samsung,980,500GB,2021,9a0ce7b6-93e8-4ed1-9408-8f49f5535568.json,,500,M.2-2280,,6431940,,,N82E16820147789,,M.2 PCIe 3.0 x4,,,MZ-V8P500B/AM | MZ-V8V500B/AM,True,SSD,SSD
9a10bac6-68eb-49cc-85bb-c1430a556c60,"Seagate Momentus XT 500GB HDD 2.5"" 7200RPM SATA",Seagate,Momentus,500GB,,9a10bac6-68eb-49cc-85bb-c1430a556c60.json,,500,"2.5""",B003NSBF32,,,,,33247295,SATA 3.0 Gb/s,,,ST95005620AS,False,HDD,HDD
9a40369a-81b8-4eb5-a14b-67c04f029ecb,"Seagate Momentus XT 500 GB Hybrid 2.5"" 7200 RPM SATA 6.0 Gb/s",Seagate,Momentus,500GB,,9a40369a-81b8-4eb5-a14b-67c04f029ecb.json,,500,"2.5""",,,,,,,SATA 6.0 Gb/s,,,ST500LX003,False,SSHD,SSHD
9a4961b5-69f3-4ea6-9d26-ad923e2fbd82,Fastro MS200 2TB SSD M.2 PCIe 3.0 X4 NVMe,Fastro,MS200,2000GB,,9a4961b5-69f3-4ea6-9d26-ad923e2fbd82.json,,2000,M.2-2280,,,,,,,M.2 PCIe 3.0 x4,,,MS200200TTS,True,SSD,SSD
9ac56dbf-ca83-4af1-81e2-4ac2dbd5e00f,"Hitachi Travelstar 7K1000 1TB HDD Internal 3.5"" 7200RPM SATA 6.0 Gb/s",Hitachi,Travelstar,1000GB,,9ac56dbf-ca83-4af1-81e2-4ac2dbd5e00f.json,,1000,"3.5""",B07XK18FJC,,,,,,SATA 6.0 Gb/s,,,HTS721010A9E630 | 97DYV,False,HDD,HDD
9ad94fd3-5dfb-4e04-87f9-9ae6871f8aac,"Seagate Barracuda 2TB HDD 3.5"" 7200RPM SATA",Seagate,Barracuda,2000GB,,9ad94fd3-5dfb-4e04-87f9-9ae6871f8aac.json,,2000,"3.5""",B07H2RR55Q,6616036,,,,341717785,SATA 6.0 Gb/s,,,ST2000DMZ08 | DM008 | ‎ST2000DMZ08 | ST2000DM008,False,HDD,
9b12f27f-0463-4a76-8b1d-f9f957f2ad7a,"TEAMGROUP T-Force Delta Max White RGB Lite 512GB SSD 2.5"" SATA 6.0 Gb/s",TEAMGROUP,T-Force,512GB,,9b12f27f-0463-4a76-8b1d-f9f957f2ad7a.json,,512,"2.5""",,,,,,,SATA 6.0 Gb/s,,,T253TM512G0C425,False,SSD,SSD
9b27284c-e9e5-4b46-bdc6-d156bd52f3a2,Gigabyte AORUS Gen5 14000 1TB SSD M.2-2280 PCIe 5.0 X4 NVMe,Gigabyte,AORUS,1000GB,,9b27284c-e9e5-4b46-bdc6-d156bd52f3a2.json,,1000,M.2-2280,,,,,,,M.2 PCIe 5.0 x4,,,AG514K1TB,True,SSD,SSD
9b2b4dab-2aa0-4152-9d6b-8050bf586c79,"Integral V Series 2 500GB SSD 2.5"" SATA 6.0 Gb/s",Integral,V,500GB,,9b2b4dab-2aa0-4152-9d6b-8050bf586c79.json,,500,"2.5""",,,,,,,SATA 6.0 Gb/s,,,INSSD500GS625V2,False,SSD,SSD
9b31db17-2cc5-4b8f-b644-2960015bea95,"Inland Professional 512 GB SSD 2.5"" SATA 6.0 Gb/s",Inland,Professional,512GB,,9b31db17-2cc5-4b8f-b644-2960015bea95.json,,512,"2.5""",B088KLZKPQ,,,,,,SATA 6.0 Gb/s,,,618996736300 | Professional 512GB SATA SSD,False,SSD,SSD
9b44cf8f-f093-48c7-8da9-6fee266e1b6f,TEAMGROUP MP33 PRO 1TB M.2-2280 SSD PCIe 3.0 x4 NVMe,TEAMGROUP,MP33,1000GB,,9b44cf8f-f093-48c7-8da9-6fee266e1b6f.json,,1000,M.2-2280,B08GM8N3DB,,,,N82E16820331563,962454615,M.2 PCIe 3.0 x4,,,TM8FPD001T0C101,True,SSD,SSD
9b48958a-f6bc-4d63-8574-d04b348dcae2,Silicon Power XS70 4TB SSD M.2-2280 PCIe 4.0 NVMe,Silicon Power,XS70,4000GB,,9b48958a-f6bc-4d63-8574-d04b348dcae2.json,,4000,M.2-2280,B09T2XVG16,,,,,1120023606,M.2 PCIe 4.0 x4,,,SP04KGBP44XS7005 | SU04KGBP44XS7005SN,True,SSD,SSD
9b64cf2a-bd9f-4932-b3db-2f002721e142,"Western Digital RE 4TB 3.5"" HDD 7200RPM SATA",Western Digital,RE,4000GB,,9b64cf2a-bd9f-4932-b3db-2f002721e142.json,,4000,"3.5""",,,,,,,SATA 6.0 Gb/s,,,WD4000FYYZ,False,HDD,HDD
9b698f1b-56bc-4268-afc2-5b15da48594f,"Western Digital Caviar Blue 750GB HDD 7200RPM 3.5"" SATA",Western Digital,Caviar,750GB,,9b698f1b-56bc-4268-afc2-5b15da48594f.json,,750,"3.5""",B004LJ4GX8,,,,,,SATA 6.0 Gb/s,,,WD7500AALX,False,HDD,HDD
9b7ac8ee-12d7-4558-b786-6733d9d42d7a,"SanDisk EXTREME PRO 480GB SSD 2.5"" SATA 6.0 Gb/s",SanDisk,EXTREME,480GB,,9b7ac8ee-12d7-4558-b786-6733d9d42d7a.json,,480,"2.5""",B00KHRYRLY,,,,,38671907,SATA 6.0 Gb/s,,,SDSSDXPS-480G-G25,False,SSD,SSD
9b86d19b-7cb3-421c-ae3d-c2b55c3c6743,TEAMGROUP T-Force Cardea Zero Z340 1TB SSD M.2 NVMe,TEAMGROUP,T-Force,1000GB,,9b86d19b-7cb3-421c-ae3d-c2b55c3c6743.json,,1000,M.2-2280,,,,,,,M.2 PCIe 3.0 x4,,,TM8FP9001T0C311,True,SSD,SSD
9b918fb2-dd82-42c2-989c-44aeaa934fd9,"Intel DC P4510 4TB SSD 2.5"" U.2",Intel,DC,4000GB,,9b918fb2-dd82-42c2-989c-44aeaa934fd9.json,,4000,"2.5""",,,,,,,U.2,,,SSDPE2KX040T801,False,SSD,SSD
9b9f1fdf-e783-4f39-808c-9122282d5418,Western Digital WD_Black SN850X w/Heatsink 1TB SSD M.2-2280 PCIe 4.0 NVMe,Western Digital,WD_Black,1000GB,,9b9f1fdf-e783-4f39-808c-9122282d5418.json,,1000,M.2-2280,B0B3RPJXDZ,,,,N82E16820250245,1843471643,M.2 PCIe 4.0 x4,,,WDS100T2XHE | WDS100T2XHE-00BCA0 | WDBB9H0010BNC-WRSN,True,SSD,SSD
9bb03ca7-3e24-441f-9456-f9be3a6d219e,ADATA Swordfish 500GB M.2-2280 SSD PCIe 3.0 X4 NVME,ADATA,Swordfish,500GB,,9bb03ca7-3e24-441f-9456-f9be3a6d219e.json,,500,M.2-2280,,,,,,,M.2 PCIe 3.0 x4,,,ASWORDFISH-500G-C,True,SSD,SSD
9bb59584-a806-4068-bb29-f0d7a8ae8720,HP EX950 512GB M.2-2280 SSD PCIe 3.0 x4 NVMe,HP,EX950,512GB,,9bb59584-a806-4068-bb29-f0d7a8ae8720.json,,512,M.2-2280,B07MZG2LF7,,,,,414092503,M.2 PCIe 3.0 x4,,,5MS22AA#ABC,True,SSD,SSD
9bb9291d-b934-49cf-bac2-440f3d281370,WD_BLACK Gaming Internal Hard Drive,WD_BLACK,WD_BLACK,500GB,2022,9bb9291d-b934-49cf-bac2-440f3d281370.json,,500,"3.5""",,,,,,,SATA 6.0 Gb/s,,,WDS500G1R0C,False,HDD,HDD
9bc3717d-5f62-4d13-9fd9-56bcfa99ca9d,ADATA Swordfish 250GB SSD M.2-2280 PCIe 3.0 X4 NVMe,ADATA,Swordfish,250GB,,9bc3717d-5f62-4d13-9fd9-56bcfa99ca9d.json,,250,M.2-2280,,,,,,,M.2 PCIe 3.0 x4,,,ASWORDFISH-250G-C,True,SSD,SSD
9bd315d6-598e-42be-8652-c1d8bf5c8ead,XOC G300 256GB SSD M.2-2280 PCIe 3.0 x4 NVMe,XOC,G300,256GB,,9bd315d6-598e-42be-8652-c1d8bf5c8ead.json,,256,M.2-2280,,,,,,,M.2 PCIe 3.0 x4,,,XC256GG300,True,SSD,SSD
9bd63cce-2e9e-4403-a60f-16d50cb18102,Seagate IronWolf 4TB NAS Hard Drive HDD – CMR 3.5 Inch SATA 6Gb/s 5900 RPM 64MB Cache for RAID Network Attached Storage – Frustration Free Packaging (ST4000VNZ08),Seagate,IronWolf,,2018,9bd63cce-2e9e-4403-a60f-16d50cb18102.json,,4000,"3.5""",B07H289S79,,,,9SIA4MRJUC3112,,SATA 6.0 Gb/s,,,ST4000VN008,False,HDD,HDD
9bd8ffc3-f586-4a80-b7e1-31fefa58bd5b,Western Digital PC SN740 Pyrite 512 GB M.2 2230 SSD PCIe 4.0 X4 NVMe,Western Digital,PC,512GB,,9bd8ffc3-f586-4a80-b7e1-31fefa58bd5b.json,,512,M.2-2230,,,,,,,M.2 PCIe 4.0 x4,,,SDDPTQD-512G,True,SSD,SSD
9bdd2352-edca-4270-8404-f5f4c3bc3845,"Hitachi 7K1000.B 1TB HDD 3.5"" 7200RPM SATA 3.0 Gb/s",Hitachi,7K1000.B,1000GB,,9bdd2352-edca-4270-8404-f5f4c3bc3845.json,,1000,"3.5""",,,,,,,SATA 3.0 Gb/s,,,HDT721010SLA360,False,HDD,HDD
9bf264af-aae5-4dc1-bdc1-0b5853feb19b,FanXiang S770 4TB SSD M.2 PCIe 4.0 NVMe,FanXiang,S770,4000GB,,9bf264af-aae5-4dc1-bdc1-0b5853feb19b.json,,4000,M.2-2280,B0C6DLM7TZ,,,,,,M.2 PCIe 4.0 x4,,,4TB - SSD - M.2 - S770 | 4tb m.2 ssd - S770 | S500,True,SSD,SSD
9c083428-b6dd-44d4-bc4e-77948cc8ba2c,"Lenovo S4520 960GB SSD 3.5"" SATA",Lenovo,S4520,960GB,,9c083428-b6dd-44d4-bc4e-77948cc8ba2c.json,,960,"3.5""",B0BN4937CB,,,,0D9-0019-000H4,2670065880,SATA 6.0 Gb/s,,,4XB7A17120,False,SSD,SSD
9c206877-3866-4764-ae52-ab010e2b5ebf,Netac NV3000 1TB SSD M.2-2280 PCIe 3.0 x4 NVMe,Netac,NV3000,1000GB,,9c206877-3866-4764-ae52-ab010e2b5ebf.json,,1000,M.2-2280,,,,,,,M.2 PCIe 3.0 x4,,,NT01NV3000-1T0-E4X,True,SSD,SSD
9c22791c-bf08-4c7f-9c27-b42336ba888c,"Western Digital Purple 2TB 3.5"" HDD 5400 RPM SATA 6.0 Gb/s Internal",Western Digital,Purple,2000GB,,9c22791c-bf08-4c7f-9c27-b42336ba888c.json,,2000,"3.5""",B0C4WX4YPD,,,,N82E16822234548,3988267129,SATA 6.0 Gb/s,,,WD23PURZ | WD23PURZ-SPC5HY0,False,HDD,HDD
9c2c82a9-cc53-4b26-b7d0-6a135b491ca7,"Western Digital Red SA500 500GB SSD 2.5"" SATA 6.0 Gb/s",Western Digital,Red,500GB,,9c2c82a9-cc53-4b26-b7d0-6a135b491ca7.json,,500,"2.5""",B07YFGQLYK,,,,N82E16820250122,638563277,SATA 6.0 Gb/s,,,WDS500G1R0A,False,SSD,SSD
9c2d031f-d4c5-47ba-b4f0-7be9f94b1e59,Western Digital PC SN740 Pyrite 2TB M.2 SSD PCIe 4.0 NVMe,Western Digital,PC,2000GB,,9c2d031f-d4c5-47ba-b4f0-7be9f94b1e59.json,,2000,M.2-2280,,,,,,,M.2 PCIe 4.0 x4,,,SDDPNQE-2T00,True,SSD,SSD
9c2e4d0d-2939-461b-b4ff-3b58d5906130,Acer Predator GM7000 512 GB M.2-2280 SSD PCIe 4.0 X4 NVME,Acer,Predator,512GB,,9c2e4d0d-2939-461b-b4ff-3b58d5906130.json,,512,M.2-2280,B09F5VWV5S,,,,9SIARDJHWS6197,,M.2 PCIe 4.0 x4,,,BL.9BWWR.104 | GM7000-512GB,True,SSD,SSD
9c5bd48f-819e-4b0c-b848-336eb17fa877,"Mushkin Source HC 16 TB 2.5"" SSD SATA 6.0 Gb/s",Mushkin,Source,16000GB,,9c5bd48f-819e-4b0c-b848-336eb17fa877.json,,16000,"2.5""",B09FJFMQBB,,,,9SIA1K6JYS5059,3339316166,SATA 6.0 Gb/s,,,MKNSSDHC16TB,False,SSD,SSD
9c6add6f-1458-4523-a04f-0b3c625e9de9,"Transcend TS120GSSD220S 120GB SSD 2.5"" SATA",Transcend,TS120GSSD220S,120GB,,9c6add6f-1458-4523-a04f-0b3c625e9de9.json,,120,"2.5""",B01FYD9SKU,,,,,144639473,SATA 6.0 Gb/s,,,TS120GSSD220S,False,SSD,SSD
9c817dae-e2a1-4716-afae-45bba3b4c808,"Western Digital Blue 4TB HDD 5400RPM 3.5"" SATA 6.0 Gb/s",Western Digital,Blue,4000GB,,9c817dae-e2a1-4716-afae-45bba3b4c808.json,,4000,"3.5""",,,,,,,SATA 6.0 Gb/s,,,WDBH2D0040HNC-NRSN,False,HDD,HDD
9c8ddf7c-3dd3-4407-afe7-16c950f47e80,Gigabyte AORUS Gen5 10000 1TB M.2-2280 SSD PCIe 5.0 NVMe,Gigabyte,AORUS,1000GB,,9c8ddf7c-3dd3-4407-afe7-16c950f47e80.json,,1000,M.2-2280,,,,,,,M.2 PCIe 5.0 x4,,,AG510K1TB,True,SSD,SSD
9c971639-461d-4022-bc18-e67532ab35e3,"Toshiba X300 6TB HDD 3.5"" 7200RPM SATA 6.0 Gb/s",Toshiba,X300,6000GB,,9c971639-461d-4022-bc18-e67532ab35e3.json,,6000,"3.5""",B09B41HWK7,,,,,,SATA 6.0 Gb/s,,,HDWR460UZSVA,False,HDD,HDD
9c9c4911-54f0-47d2-9915-ccbd02370e58,Western Digital PC SN740 Pyrite 256GB SSD M.2-2230 PCIe 4.0 x4 NVMe,Western Digital,PC,256GB,,9c9c4911-54f0-47d2-9915-ccbd02370e58.json,,256,M.2-2230,,,,,,,M.2 PCIe 4.0 x4,,,SDDPTQD-256G,True,SSD,SSD
9cac3b9e-64f6-4d14-918b-e0a28eec9e08,Sabrent Rocket 4.0 500GB M.2 SSD PCIe 4.0 X4 NVMe,Sabrent,Rocket,500GB,,9cac3b9e-64f6-4d14-918b-e0a28eec9e08.json,,500,M.2-2280,B07XFGPFZK,,,,9SIBK19JMM4186,354243830,M.2 PCIe 4.0 x4,,,SB-ROCKET-NVMe4-500,True,SSD,SSD
9cb64478-f1b7-425a-aec7-1e46daf709f1,Lexar NM990 2TB SSD M.2-2280 PCIe 5.0 x4 NVMe,Lexar,NM990,2000GB,,9cb64478-f1b7-425a-aec7-1e46daf709f1.json,,2000,M.2-2280,,,,,,,M.2 PCIe 5.0 x4,,,LNM990X002T-RNNNG,True,SSD,SSD
9cb9a7e2-c628-4a9d-8226-9b3ba63fe5ae,"Western Digital WD_BLACK 8TB 3.5"" HDD 7200RPM SATA",Western Digital,WD_BLACK,8000GB,,9cb9a7e2-c628-4a9d-8226-9b3ba63fe5ae.json,,8000,"3.5""",B0D1V1SNDX,6598735,,,N82E16822234558,5461486598,SATA 6.0 Gb/s,,,WD8002FZBX,False,HDD,HDD
9cc9c892-e92a-43d9-9b05-9f16676f1add,Corsair Force MP500 120GB SSD M.2-2280 PCIe 3.0 X4 NVMe,Corsair,Force,120GB,,9cc9c892-e92a-43d9-9b05-9f16676f1add.json,,120,M.2-2280,,,,,,,M.2 PCIe 3.0 x4,,,CSSD-F120GBMP500,True,SSD,SSD
9cd6a9e7-1e24-4e3b-9a12-a4dd088d49c1,"Seagate BarraCuda 2TB HDD 3.5"" SATA",Seagate,BarraCuda,2000GB,,9cd6a9e7-1e24-4e3b-9a12-a4dd088d49c1.json,,2000,"3.5""",,,,,,,SATA 6.0 Gb/s,,,ST320005N1A1AS-RK,False,HDD,HDD
9cee1e39-0587-4384-a16f-ef4732bab98a,PNY CS2240 1TB SSD M.2 PCIe 4.0 NVMe,PNY,CS2240,1000GB,,9cee1e39-0587-4384-a16f-ef4732bab98a.json,,1000,M.2-2280,B0B4F3JGPZ,,,,,,M.2 PCIe 4.0 x4,,,M280CS2240-1TB-RB,True,SSD,SSD
9cf564c1-773c-4ff1-9f24-e769623525d5,ADATA XPG GAMMIX S11 480GB SSD M.2-2280 PCIe 3.0 X4 NVMe,ADATA,XPG,480GB,,9cf564c1-773c-4ff1-9f24-e769623525d5.json,,480,M.2-2280,,,,,,,M.2 PCIe 3.0 x4,,,AGAMMIXS11-480GT-C,True,SSD,SSD
9d02c438-9722-4d06-bf28-a9fa53032ad0,"Western Digital Blue 2TB HDD 3.5"" SATA",Western Digital,Blue,2000GB,,9d02c438-9722-4d06-bf28-a9fa53032ad0.json,,2000,"3.5""",B08VH8R94B,9312076,,,N82E16822234469,933261843,SATA 6.0 Gb/s,,,WD20EZBX | WD20EZBX-SPAYRA0,False,HDD,HDD
9d128e1a-4d5e-4a80-bb63-1acc567b86bc,Inland TN470 2TB SSD M.2-2280 PCIe 4.0 X4 NVMe,Inland,TN470,2000GB,,9d128e1a-4d5e-4a80-bb63-1acc567b86bc.json,,2000,M.2-2280,B0CVVT4J47,,,,,,M.2 PCIe 4.0 x4,,,2TB TN470 | TN470,True,SSD,SSD
9d246c66-6ef7-48b8-b041-21a7f1aca2bd,"Intel 530 180GB SSD 2.5"" SATA 6.0 Gb/s",Intel,530,180GB,,9d246c66-6ef7-48b8-b041-21a7f1aca2bd.json,,180,"2.5""",B00DTPYRKC,,,,,,SATA 6.0 Gb/s,,,SSDSC2BW180A401,False,SSD,SSD
9d346c6b-ed96-434d-a52b-e3cf403cca48,"Intel DC S3520 960GB SSD 2.5"" SATA",Intel,DC,960GB,,9d346c6b-ed96-434d-a52b-e3cf403cca48.json,,960,"2.5""",,,,,,,SATA 6.0 Gb/s,,,SSDSC2BB960G7,False,SSD,SSD
9d406e1a-6569-4434-8ad5-61e0a06ac0e5,"Western Digital Caviar Blue 500GB HDD 3.5"" 7200RPM SATA",Western Digital,Caviar,500GB,,9d406e1a-6569-4434-8ad5-61e0a06ac0e5.json,,500,"3.5""",B00461G3MS,,,,,15907604,SATA 3.0 Gb/s,,,WD5000AAKS | WD5000AAKX,False,HDD,HDD
9d478984-2fd3-4128-8277-c7a5dac361a5,Integral M3 Series Plus 500GB SSD M.2-2280 PCIe 4.0 x4 NVMe,Integral,M3,500GB,,9d478984-2fd3-4128-8277-c7a5dac361a5.json,,500,M.2-2280,B0BT51VXNH,,,,,,M.2 PCIe 4.0 x4,,,INSSD500GM280NM3P,True,SSD,SSD
9d6286dd-45eb-4d07-85fe-c83365089171,Micron 7400 PRO 480GB M.2-2280 SSD PCIe 4.0 x4 NVMe,Micron,7400,480GB,,9d6286dd-45eb-4d07-85fe-c83365089171.json,,480,M.2-2280,,,,,,,M.2 PCIe 4.0 x4,,,MTFDKBA480TDZ-1AZ1ZA,True,SSD,SSD
9d875ab8-9d23-4e40-aab4-a4aaccbffa70,TEAMGROUP T-Force Z44A7Q 4TB SSD M.2 PCIe 4.0 NVMe,TEAMGROUP,T-Force,4000GB,,9d875ab8-9d23-4e40-aab4-a4aaccbffa70.json,,4000,M.2-2280,,,,,,,M.2 PCIe 4.0 x4,,,TM8FFW004T0C129,True,SSD,SSD
9d981480-3f61-451e-aa9c-00515cf9af9b,MSI SPATIUM M480 2TB M.2-2280 SSD PCIe 4.0 X4 NVMe,MSI,SPATIUM,2000GB,,9d981480-3f61-451e-aa9c-00515cf9af9b.json,,2000,M.2-2280,B09RBTVHXF,,,,N82E16820140035,1956153516,M.2 PCIe 4.0 x4,,,SM480N2TB | S78-440Q300-P83,True,SSD,SSD
9da73e74-12d8-451d-b874-0e4a4cd43bc8,"Centon MP Essential 240 GB SSD 2.5"" SATA 6.0 Gb/s",Centon,MP,240GB,,9da73e74-12d8-451d-b874-0e4a4cd43bc8.json,,240,"2.5""",B0077CP3SS,,,,,20606501,SATA 6.0 Gb/s,,,240GB25S3VVS1,False,SSD,SSD
9da77d92-8d88-4853-90fe-4652a42c855d,"Crucial BX500 480GB SSD 2.5"" SATA",Crucial,BX500,480GB,,9da77d92-8d88-4853-90fe-4652a42c855d.json,,480,"2.5""",B07G3KGYZQ,,,,N82E16820156188,235072763,SATA 6.0 Gb/s,,,CT480BX500SSD1,False,SSD,SSD
9dae17ac-e616-4e1c-823d-ecad3611a115,Toshiba N300 NAS 6TB HDD 7200RPM SATA 6.0 Gb/s,Toshiba,N300,6000GB,,9dae17ac-e616-4e1c-823d-ecad3611a115.json,512,6000,"3.5""",B0CYQH562B,,,,,6303705924,SATA 6.0 Gb/s,,,HDWG760XZSTA,False,HDD,HDD
9dd114ea-662e-454b-84f8-16acbb6cded2,"Seagate SkyHawk Surveillance 8TB 7200RPM HDD 3.5"" SATA",Seagate,SkyHawk,8000GB,,9dd114ea-662e-454b-84f8-16acbb6cded2.json,,8000,"3.5""",B082YGCJFT,,,,,814748571,SATA 6.0 Gb/s,,,ST8000VX004,False,HDD,HDD
9dece7c7-bf26-4444-a279-c10d2d1c48cb,"Samsung 860 Evo 1TB SSD 2.5"" SATA 6.0 Gb/s",Samsung,860,1000GB,,9dece7c7-bf26-4444-a279-c10d2d1c48cb.json,,1000,"2.5""",B078DPCY3T,,,,9SIAADF6Z55099,201411818,SATA 6.0 Gb/s,,,MZ-76E1T0B | AM | EU | 896RC | MZ-76E1T0B/AM,False,SSD,SSD
9df5420e-019b-455b-b617-906e4ff93417,"SAMSUNG 980 M.2 2280 1TB PCI-Express 3.0 x4, NVMe 1.4 V-NAND MLC Internal Solid State Drive (SSD) MZ-V8V1T0B/AM",Samsung,980,,2021,9df5420e-019b-455b-b617-906e4ff93417.json,,1000,M.2-2280,B08GLX7TNT,6431939,,,N82E16820147790,827046493,M.2 PCIe 3.0 x4,,,MZ-V8P1T0B/AM | MZ-V8V1T0B/AM,True,SSD,SSD
9df81db0-f15c-4ceb-81a2-da8880e398f0,Corsair MP600 PRO 1TB SSD M.2-2280 PCIe 4.0 X4 NVMe,Corsair,MP600,1000GB,,9df81db0-f15c-4ceb-81a2-da8880e398f0.json,,1000,M.2-2280,B08T9ZNSFN,,,,,467069860,M.2 PCIe 4.0 x4,,,CSSD-F1000GBMP600PRO,True,SSD,SSD
9e09163b-60a0-4bfe-b387-0e047c2676d7,"Patriot P220 256GB SSD 2.5"" SATA",Patriot,P220,256GB,,9e09163b-60a0-4bfe-b387-0e047c2676d7.json,,256,"2.5""",B0BS9WKNXV,,,,,,SATA 6.0 Gb/s,,,P220S256G25,False,SSD,SSD
9e104a0b-eadc-4103-8dd5-0a85127c82d1,Gigabyte AI TOP 100E 2TB M.2-2280 SSD PCIe 4.0 X4 NVMe,Gigabyte,AI,2000GB,,9e104a0b-eadc-4103-8dd5-0a85127c82d1.json,,2000,M.2-2280,,,,,,,M.2 PCIe 4.0 x4,,,AI100E2TB,True,SSD,SSD
9e1c92fc-b80f-464e-93e7-dfe028c33c73,Western Digital Red SN700 500GB SSD M.2 NVMe PCIe 3.0,Western Digital,Red,500GB,,9e1c92fc-b80f-464e-93e7-dfe028c33c73.json,,500,M.2-2280,B09H1SCQFQ,,,,N82E16820250205,154644440,M.2 PCIe 3.0 x4,,,WDS500G1R0C,True,SSD,SSD
9e1e6d00-d8ba-4349-b36b-5d1fa4a92b2e,970 PRO NVMe® M.2 SSD 1TB,Samsung,SSD 970 PRO,1TB,2021,9e1e6d00-d8ba-4349-b36b-5d1fa4a92b2e.json,,1024,M.2-2280,B07BYHGNB5,6252801,,,9SIAADFF212625,567947024,M.2 PCIe 3.0 x4,,,MZ-V7P1T0BW,True,SSD,SSD
9e5f8f76-6ad1-4c77-ae37-4e5b92e5fa70,"Seagate BarraCuda 750GB 3.5"" HDD 7200RPM SATA 6.0 Gb/s Internal",Seagate,BarraCuda,750GB,,9e5f8f76-6ad1-4c77-ae37-4e5b92e5fa70.json,,750,"3.5""",,,,,,,SATA 6.0 Gb/s,,,ST3750525AS,False,HDD,HDD
9e6263a7-9048-47dc-a743-dd1eace7063c,Kingston Fury Renegade with Heat Sink 4TB SSD M.2-2280 PCIe 4.0 x4 NVMe,Kingston,Fury,4000GB,,9e6263a7-9048-47dc-a743-dd1eace7063c.json,,4000,M.2-2280,B0BJL8DWW3,,,,0D9-001B-00583,1529023772,M.2 PCIe 4.0 x4,,,SFYRDK | 4000G | SFYRDK/4000G,True,SSD,SSD
9e77e935-ff56-483f-8445-e5b7387e712a,"Seagate Momentus 5400.6 250GB HDD 2.5"" 5400RPM SATA 3.0 Gb/s Internal",Seagate,Momentus,250GB,,9e77e935-ff56-483f-8445-e5b7387e712a.json,,250,"2.5""",B002BWPWXK,,,,,,SATA 3.0 Gb/s,,,ST9250315AS,False,HDD,HDD
9e800bc0-43cd-4ed6-aa25-c81b88342c2a,Patriot Viper VPR400 RGB 512GB SSD M.2-2280 PCIe 4.0 X4 NVMe,Patriot,Viper,512GB,,9e800bc0-43cd-4ed6-aa25-c81b88342c2a.json,,512,M.2-2280,,,,,,,M.2 PCIe 4.0 x4,,,VPR400-512GM28H,True,SSD,SSD
9e82b6b9-5677-4d4b-9560-bed803dd6d4c,Acer FA100 256 GB M.2-2280 SSD PCIe 3.0 X4 NVME,Acer,FA100,256GB,,9e82b6b9-5677-4d4b-9560-bed803dd6d4c.json,,256,M.2-2280,B08Z3GQGKX,,,,,978469286,M.2 PCIe 3.0 x4,,,BL.9BWWA.118 | FA100,True,SSD,SSD
9e8d31d6-a377-4186-b13a-a63a786ef127,"Toshiba N300 4TB HDD 7200RPM 3.5"" SATA 6.0 Gb/s Internal",Toshiba,N300,4000GB,,9e8d31d6-a377-4186-b13a-a63a786ef127.json,,4000,"3.5""",,,,,,,SATA 6.0 Gb/s,,,HDWQ140UZSVA,False,HDD,HDD
9e8e673a-1433-42cc-bbd5-92ddd85a46b5,"Western Digital Red Pro 24 TB 3.5"" HDD 7200RPM SATA 6.0 Gb/s",Western Digital,Red,24000GB,,9e8e673a-1433-42cc-bbd5-92ddd85a46b5.json,,24000,"3.5""",B0D24TQK3Q,6587199,,,N82E16822234562,5730001199,SATA 6.0 Gb/s,,,WD240KFGX | WD240KFGX-SPCJNN0,False,HDD,HDD
9eabe588-2748-46d9-a31b-54ae86ef0e2f,Intel DC P3700 400GB SSD PCIe NVMe,Intel,DC,400GB,,9eabe588-2748-46d9-a31b-54ae86ef0e2f.json,,400,PCIe,,,,,,,M.2 PCIe 3.0 x4,,,SSDPEDMD400G401,True,SSD,SSD
9eb32bff-9209-44a0-9fd8-3c09a71920e7,Intel 660p 512GB M.2-2280 SSD PCIe 3.0 x4 NVMe,Intel,660p,512GB,,9eb32bff-9209-44a0-9fd8-3c09a71920e7.json,,512,M.2-2280,B07GBKQ9ST,,,,N82E16820167460R,446959270,M.2 PCIe 3.0 x4,,,SSDPEKNW512G8XT | 978349,True,SSD,SSD
9ec315c3-0163-44ca-b42e-3c1ef352b5ef,Transcend MTS400 32GB SSD M.2-2242 SATA,Transcend,MTS400,32GB,,9ec315c3-0163-44ca-b42e-3c1ef352b5ef.json,,32,M.2-2242,B00KLTPTL0,,,,,38671724,M.2 SATA,,,TS32GMTS400,False,SSD,SSD
9eccb4e5-bd45-4186-8969-2826ee17050e,VisionTek DLX4 Pro 4TB M.2-2280 SSD PCIe 4.0 X4 NVMe,VisionTek,DLX4,4000GB,,9eccb4e5-bd45-4186-8969-2826ee17050e.json,,4000,M.2-2280,B0C43HKGS5,,,,,3078648976,M.2 PCIe 4.0 x4,,,901570,True,SSD,SSD
9ee2f52e-ab49-48cd-a4ac-f1008eb9d504,"Seagate IronWolf Pro 8TB 3.5"" HDD 7200RPM SATA",Seagate,IronWolf,8000GB,,9ee2f52e-ab49-48cd-a4ac-f1008eb9d504.json,,8000,"3.5""",B06XX4HBY8,,,,,,SATA 6.0 Gb/s,,,ST8000NE0004,False,HDD,HDD
9f398531-e31b-4a88-a08a-fabf04ab1020,"ADATA Premier SP550 480GB SSD 2.5"" SATA 6.0 Gb/s",ADATA,Premier,480GB,,9f398531-e31b-4a88-a08a-fabf04ab1020.json,,480,"2.5""",,,,,,,SATA 6.0 Gb/s,,,ASP550SS3-480GM-C,False,SSD,SSD
9f548755-9830-4b26-a3d2-bf8fdf9598e0,"Addlink S20 256GB SSD 2.5"" SATA 6.0 Gb/s",Addlink,S20,256GB,,9f548755-9830-4b26-a3d2-bf8fdf9598e0.json,,256,"2.5""",,,,,,,SATA 6.0 Gb/s,,,ad256GBS20S3S,False,SSD,SSD
9f632d0c-4d8e-4e0d-b44a-951c4a2ef6de,Integral 2020 128GB SSD M.2-2280 SATA,Integral,2020,128GB,,9f632d0c-4d8e-4e0d-b44a-951c4a2ef6de.json,,128,M.2-2280,,,,,,,M.2 SATA,,,INSSD128GM280,False,SSD,SSD
9f6bdaf9-8d59-49ab-90b7-35afd7ae9e25,Lenovo 4XB0W79580 256GB SSD M.2-2280 PCIe 3.0 NVMe,Lenovo,4XB0W79580,256GB,,9f6bdaf9-8d59-49ab-90b7-35afd7ae9e25.json,,256,M.2-2280,B07Y53QJJS,,,,,533226232,M.2 PCIe 3.0 x4,,,4XB0W79580,True,SSD,SSD
9f837daf-fdcc-49a1-96ab-1a16fe2e0e1c,"SanDisk SSD PLUS 120GB SSD 2.5"" SATA",SanDisk,SSD,120GB,,9f837daf-fdcc-49a1-96ab-1a16fe2e0e1c.json,,120,"2.5""",B01F9G414U,,,,,54277071,SATA 6.0 Gb/s,,,SDSSDA-120G-G26,False,SSD,SSD
9f915772-38e7-4266-b9b6-f3f172feb978,Gigabyte AORUS Gen4 2TB SSD M.2 PCIe 4.0 NVMe,Gigabyte,AORUS,2000GB,,9f915772-38e7-4266-b9b6-f3f172feb978.json,,2000,M.2-2280,B07TJX83W2,,,,N82E16820009013,371966161,M.2 PCIe 4.0 x4,,,GP-AG42TB | GP-ASM2NE6200TTTD,True,SSD,SSD
9fa9e4c3-5627-4012-979a-84937208da2d,Lexar Professional NM1090 PRO 1TB SSD M.2-2280 PCIe 5.0 x4 NVMe,Lexar,Professional,1000GB,,9fa9e4c3-5627-4012-979a-84937208da2d.json,,1000,M.2-2280,B0F25F4LLY,,,,,17755808205,M.2 PCIe 5.0 x4,,,LNM109P001T-RNNNU | LNM109P001T-RNNNG,True,SSD,SSD
9fb8fe28-2c4f-4cae-96f2-bb280bb9ed97,Addlink X70 1TB M.2-2280 SSD PCIe 3.0 x4 NVMe,Addlink,X70,1000GB,,9fb8fe28-2c4f-4cae-96f2-bb280bb9ed97.json,,1000,M.2-2280,,,,,,,M.2 PCIe 3.0 x4,,,ad1TBX70M2P,True,SSD,SSD
9ff2e0dd-a1f0-482d-a40c-ea893c598870,TEAMGROUP MP33 128GB M.2 SSD PCIe 3.0 NVMe,TEAMGROUP,MP33,128GB,,9ff2e0dd-a1f0-482d-a40c-ea893c598870.json,,128,M.2-2280,,,,,,,M.2 PCIe 3.0 x4,,,TM8FP6128G0C101,True,SSD,SSD
9ff4e82c-f9b6-4dc6-839b-30228b156e28,"Kingston HyperX Fury 120GB 2.5"" SSD SATA",Kingston,HyperX,120GB,,9ff4e82c-f9b6-4dc6-839b-30228b156e28.json,,120,"2.5""",,,,,,,SATA 6.0 Gb/s,,,SHFS37A | 120G,False,SSD,SSD
a0086080-5acd-4b6f-805e-fd4dd3ae3233,"OCZ Vertex 2 Pro 50GB SSD 2.5"" SATA",OCZ,Vertex,50GB,,a0086080-5acd-4b6f-805e-fd4dd3ae3233.json,,50,"2.5""",,,,,,,SATA 3.0 Gb/s,,,OCZSSD2-2VTXP50G,False,SSD,SSD
a008af57-58a4-4bb5-959a-d2a53bc2e4db,"Intel 530 120GB SSD 2.5"" SATA 6.0 Gb/s",Intel,530,120GB,,a008af57-58a4-4bb5-959a-d2a53bc2e4db.json,,120,"2.5""",B00F0RD3ZM,,,,,,SATA 6.0 Gb/s,,,SSDSC2BW120A401,False,SSD,SSD
a019a177-45d3-4043-a5c7-85db35c1543b,Ultimate SU800 Solid State Drive,ADATA,SU800,,0,a019a177-45d3-4043-a5c7-85db35c1543b.json,,128,"2.5""",B01K8A29BE,,,,,,SATA 6.0 Gb/s,,,ASU800SS-128GT-C,False,SSD,SSD
a04a6a39-6939-4a11-8534-c7c152ce9c63,"Seagate Barracuda ES.2 1TB 3.5"" HDD 7200RPM SATA",Seagate,Barracuda,1000GB,,a04a6a39-6939-4a11-8534-c7c152ce9c63.json,,1000,"3.5""",,,,,,,SATA 3.0 Gb/s,,,ST31000340NS,False,HDD,HDD
a05bee30-1a9c-4696-88df-d1124ba2fd91,"Western Digital Black 4TB HDD 3.5"" 7200RPM SATA",Western Digital,Black,4000GB,,a05bee30-1a9c-4696-88df-d1124ba2fd91.json,,4000,"3.5""",B00AEI09AE,,,,,26779644,SATA 6.0 Gb/s,,,WD4001FAEX,False,HDD,HDD
a05d3c09-2ca4-48cc-a7ae-f3aa5120f45b,"Supermicro HDD-T4000-ST4000NM00 4TB 3.5"" HDD 7200RPM SATA 6.0 Gb/s",Supermicro,HDD-T4000-ST4000NM00,4000GB,,a05d3c09-2ca4-48cc-a7ae-f3aa5120f45b.json,,4000,"3.5""",,,,,,,SATA 6.0 Gb/s,,,HDD-T4000-ST4000NM00,False,HDD,HDD
a06838ec-a886-4c4f-a54a-678c7291bc2c,Solidigm P41 Plus 500GB SSD M.2-2280 PCIe 4.0 NVMe,Solidigm,P41,500GB,,a06838ec-a886-4c4f-a54a-678c7291bc2c.json,,500,M.2-2280,B0BBHBMG89,,,,N82E16820329020,1620712396,M.2 PCIe 4.0 x4,,,SSDPFKNU512GZX1 | 14489232000,True,SSD,SSD
a096868c-758d-4617-98d1-9c20de47bada,TEAMGROUP T-Force GC PRO 4TB M.2 SSD PCIe 5.0 X4 NVMe,TEAMGROUP,T-Force,4000GB,,a096868c-758d-4617-98d1-9c20de47bada.json,,4000,M.2-2280,B0D3P8VN5W,,,,N82E16820985211,10317906297,M.2 PCIe 5.0 x4,,,TM8FFL004T0C129,True,SSD,SSD
a096de44-b79f-4b22-8e86-ec51feed131a,Western Digital Blue SN570 500GB SSD M.2 PCIe 3.0 NVMe,Western Digital,Blue,500GB,,a096de44-b79f-4b22-8e86-ec51feed131a.json,,500,M.2-2280,B09HKG6SDF,,,,9SIA2W0K459295,180996821,M.2 PCIe 3.0 x4,,,WDS500G3B0C,True,SSD,SSD
a0ae597c-72d1-4241-83be-2205be763281,"Kingston A400 240GB SATA 3 2.5"" Internal SSD SA400S37/240G - HDD Replacement for Increase Performance",Kingston,A400,240GB,2017,a0ae597c-72d1-4241-83be-2205be763281.json,,240,"2.5""",B072J88LLK,,,,N82E16820242400,891309420,SATA 6.0 Gb/s,,,SA400S37/240G,False,SSD,
a0aea000-8d42-41bd-aec0-f32cc3ac1dd9,Corsair MP600 PRO LPX 1TB M.2 SSD PCIe 4.0 NVMe,Corsair,MP600,1000GB,,a0aea000-8d42-41bd-aec0-f32cc3ac1dd9.json,,1000,M.2-2280,B0BWYX6BQ3,,,,N82E16820236977,2518734923,M.2 PCIe 4.0 x4,,,CSSD-F1000GBMP600PLPW,True,SSD,SSD
a0bccd99-db6d-43bd-8da9-dfa1f79e8147,MSI SPATIUM M570 FROZR 2TB SSD M.2-2280 PCIe 5.0 X4 NVMe,MSI,SPATIUM,2000GB,,a0bccd99-db6d-43bd-8da9-dfa1f79e8147.json,,2000,M.2-2280,B0CTMKP95R,,,,N82E16820140055,5473914450,M.2 PCIe 5.0 x4,,,SM570PN2TBF | SPATIUM M570 PRO PCIe 5.0 NVMe M.2 2TB FROZR | SPATIUM M570PRO PCIe5.0NVMeM.2 2TBFROZR,True,SSD,SSD
a0c75aef-3b94-44fb-81c4-3e9127f4e84e,"Western Digital Blue 1TB Hybrid Internal 2.5"" 5400 RPM SATA 6.0 Gb/s",Western Digital,Blue,1000GB,,a0c75aef-3b94-44fb-81c4-3e9127f4e84e.json,,1000,"2.5""",B00YY3UBY4,,,,,,SATA 6.0 Gb/s,,,WD10J31X,False,SSHD,SSHD
a0e8d54f-4968-41c0-8449-40f9576d31f3,"Western Digital Red Pro 4TB HDD 7200RPM 3.5"" SATA 6.0 Gb/s",Western Digital,Red,4000GB,,a0e8d54f-4968-41c0-8449-40f9576d31f3.json,,4000,"3.5""",B00LO3KRM8,,,,,,SATA 6.0 Gb/s,,,WD4001FFSX,False,HDD,HDD
a0f34b7e-eea1-478f-9810-c3be88ebaf99,"Intel DC S4500 480GB SSD 2.5"" SATA",Intel,DC,480GB,,a0f34b7e-eea1-478f-9810-c3be88ebaf99.json,,480,"2.5""",,,,,,,SATA 6.0 Gb/s,,,SSDSC2KB480G7,False,SSD,SSD
a104a96a-f1c0-4f8b-9b7f-fbe284a9579b,"Silicon Power A58 4TB SSD 2.5"" SATA",Silicon Power,A58,4000GB,,a104a96a-f1c0-4f8b-9b7f-fbe284a9579b.json,,4000,"2.5""",,,,,,,SATA 6.0 Gb/s,,,SP004TBSS3A58A25,False,SSD,SSD
a1066cce-358c-4567-b290-179a432d35d6,Samsung 980 PRO PCIe 4.0 NVMe SSD 1TB,Samsung,980 PRO,,2020,a1066cce-358c-4567-b290-179a432d35d6.json,,1000,M.2-2280,B08GLX7TNT,6431939,,,,827046493,M.2 PCIe 4.0 x4,,,MZ-V8P1T0B/AM,True,SSD,SSD
a1127f6d-0afc-42ba-a924-717eb083388c,Enmotus FuzeDrive 900GB SSD M.2 PCIe 3.0 NVMe,Enmotus,FuzeDrive,900GB,,a1127f6d-0afc-42ba-a924-717eb083388c.json,,900,M.2-2280,B08TR6KFTN,,,,,,M.2 PCIe 3.0 x4,,,P200-900 | 24 | P200-900-24,True,SSD,SSD
a1333f17-82f9-4c13-8d4e-b2c541d11768,Orico Troodon V500 1TB SSD M.2 PCIe 3.0 NVMe,Orico,Troodon,1000GB,,a1333f17-82f9-4c13-8d4e-b2c541d11768.json,,1000,M.2-2280,,,,,,,M.2 PCIe 3.0 x4,,,V500-1TB-BP,True,SSD,SSD
a13c65c2-9ced-4013-897c-21865b46c7de,"Kingston SSDNow V100 256GB SSD 2.5"" SATA 3.0 Gb/s",Kingston,SSDNow,256GB,,a13c65c2-9ced-4013-897c-21865b46c7de.json,,256,"2.5""",,,,,,,SATA 3.0 Gb/s,,,SV100S2 | 256GZ,False,SSD,SSD
a149772d-4a9d-48b4-98ea-0bf0b65d532e,Acer Predator GM7 4TB SSD M.2 PCIe 4.0 NVMe,Acer,Predator,4000GB,,a149772d-4a9d-48b4-98ea-0bf0b65d532e.json,,4000,M.2-2280,B0CHJG3ZSF,,,,,,M.2 PCIe 4.0 x4,,,BL.9BWWR.120 | GM7-4TB,True,SSD,SSD
a174e92f-a4cb-4677-897c-338c6f992421,Gigabyte AORUS Gen4 5000E 500GB M.2-2280 SSD PCIe 4.0 x4 NVMe,Gigabyte,AORUS,500GB,,a174e92f-a4cb-4677-897c-338c6f992421.json,,500,M.2-2280,B0BTQ3ZSZV,,,,,1368715214,M.2 PCIe 4.0 x4,,,AG450E500G-G,True,SSD,SSD
a179ca44-d2cb-4196-9e61-29bc70bf5a98,"Crucial MX500 250GB 2.5"" SSD SATA",Crucial,MX500,250GB,,a179ca44-d2cb-4196-9e61-29bc70bf5a98.json,,250,"2.5""",B0781VSXBP,,,,,444454194,SATA 6.0 Gb/s,,,CT250MX500SSD1,False,SSD,SSD
a17c9ba1-e204-4a15-8b32-ae7c3497277d,KingSpec XG7000 2TB M.2-2242 SSD PCIe 4.0 X4 NVMe,KingSpec,XG7000,2000GB,,a17c9ba1-e204-4a15-8b32-ae7c3497277d.json,,2000,M.2-2242,,,,,0D9-000D-00185,,M.2 PCIe 4.0 x4,,,XG7000-2TB 2242,True,SSD,SSD
a1ad7fa0-6609-4493-9bb2-c56250713837,"TEAMGROUP QX 2TB SSD 2.5"" SATA 6.0 Gb/s",TEAMGROUP,QX,2000GB,,a1ad7fa0-6609-4493-9bb2-c56250713837.json,,2000,"2.5""",B0C3M1YN5T,,,,N82E16820985044,1492217616,SATA 6.0 Gb/s,,,T253X7002T0C101,False,SSD,SSD
a1d16d33-5fc8-44a1-a7d3-5c6b1905f1ed,Corsair MP600 CORE XT 4TB M.2 SSD PCIe 4.0 NVMe,Corsair,MP600,4000GB,,a1d16d33-5fc8-44a1-a7d3-5c6b1905f1ed.json,,4000,M.2-2280,B0BZ62Y2S6,,,,N82E16820236990,1901209862,M.2 PCIe 4.0 x4,,,CSSD-F4000GBMP600CXT,True,SSD,SSD
a1d96b29-b40d-402e-bdac-3f85437890f7,TEAMGROUP NV5000 2TB SSD M.2-2280 PCIe 4.0 x4 NVMe,TEAMGROUP,NV5000,2000GB,,a1d96b29-b40d-402e-bdac-3f85437890f7.json,,2000,M.2-2280,B0FCR721N8,,,,N82E16820985344,17582750834,M.2 PCIe 4.0 x4,,,TM8FGM002T0C101,True,SSD,SSD
a1f5e5f2-baa9-4951-a283-6fc6211a1284,Corsair MP600 CORE XT 1TB M.2-2280 SSD PCIe 4.0 X4 NVMe,Corsair,MP600,1000GB,,a1f5e5f2-baa9-4951-a283-6fc6211a1284.json,,1000,M.2-2280,B0BZ5TKCWX,,,,N82E16820236988,,M.2 PCIe 4.0 x4,,,CSSD-F1000GBMP600CXT,True,SSD,SSD
a1fcdd92-9de7-4eaf-8060-ebe9efbceccd,"Inland Platinum 2TB SSD 2.5"" SATA",Inland,Platinum,2000GB,,a1fcdd92-9de7-4eaf-8060-ebe9efbceccd.json,,2000,"2.5""",B0C3QW9CQR,,,,,,SATA 6.0 Gb/s,,,2TB PLAT SATA | 3a38dbaf-2032-422f-82d5-88d439028e95,False,SSD,SSD
a207107f-cad4-49e8-9963-88778e7da68d,"Seagate Barracuda 7200.10 80GB 3.5"" HDD 7200RPM SATA 3.0 Gb/s Internal",Seagate,Barracuda,80GB,,a207107f-cad4-49e8-9963-88778e7da68d.json,,80,"3.5""",,,,,,,SATA 3.0 Gb/s,,,ST380215AS,False,HDD,HDD
a2113c3c-b48d-4994-828b-e9e5c60b2cf2,Samsung 860 Evo 1TB SSD mSATA SATA,Samsung,860,1000GB,,a2113c3c-b48d-4994-828b-e9e5c60b2cf2.json,,1000,mSATA,,,,,,,mSATA,,,MZ-M6E1T0BW,False,SSD,SSD
a216d9e9-5fc7-4105-876a-3773012ced7a,Intel 660p 1.02 TB SSD M.2-2280 PCIe 3.0 x4 NVMe,Intel,660p,1000GB,,a216d9e9-5fc7-4105-876a-3773012ced7a.json,,1000,M.2-2280,B07GCL6BR4,6321901,,,9SIA4YUB622752,821235616,M.2 PCIe 3.0 x4,,,SSDPEKNW010T8X1,True,SSD,SSD
a230dcb4-8f67-4d2d-932d-48caa108fb86,Intel DC P3700 800GB PCIe SSD PCIe NVME,Intel,DC,800GB,,a230dcb4-8f67-4d2d-932d-48caa108fb86.json,,800,PCIe,B00L0LFFH6,,,,,,M.2 PCIe 3.0 x4,,,SSDPEDMD800G401,True,SSD,SSD
a2432997-7508-492d-8419-55e279ddb177,Western Digital Blue 500GB SSD M.2-2280 SATA,Western Digital,Blue,500GB,,a2432997-7508-492d-8419-55e279ddb177.json,,500,M.2-2280,,,,,,,M.2 SATA,,,WDS500G1B0B,False,SSD,SSD
a2435254-537b-454e-871a-c3aa816a457b,"Hitachi A7K1000-500 500GB HDD 3.5"" SATA",Hitachi,A7K1000-500,500GB,,a2435254-537b-454e-871a-c3aa816a457b.json,,500,"3.5""",,,,,,,SATA 3.0 Gb/s,,,HUA721050KLA330,False,HDD,HDD
a25c00c4-8d1e-4f47-a161-351a5655ed11,TEAMGROUP MP44L 250GB M.2-2280 SSD PCIe 4.0 X4 NVMe,TEAMGROUP,MP44L,250GB,,a25c00c4-8d1e-4f47-a161-351a5655ed11.json,,250,M.2-2280,,,,,,,M.2 PCIe 4.0 x4,,,TM8FPK250G0C101,True,SSD,SSD
a2712e22-9287-4442-9a42-c35ba74efb2c,"Western Digital Black 320GB HDD 2.5"" 7200RPM SATA 6.0 Gb/s Internal",Western Digital,Black,320GB,,a2712e22-9287-4442-9a42-c35ba74efb2c.json,,320,"2.5""",B00DSUTVYK,,,,,33415463,SATA 6.0 Gb/s,,,WD3200BEKX,False,HDD,HDD
a280c31c-6983-434c-ab0c-561735bb8bf6,Lexar NM790 512GB SSD M.2-2280 PCIe 4.0 X4 NVMe,Lexar,NM790,512GB,,a280c31c-6983-434c-ab0c-561735bb8bf6.json,,512,M.2-2280,,,,,,,M.2 PCIe 4.0 x4,,,LNM790X512G-RNNNG | LNM790X512G-RNNNU,True,SSD,SSD
a286f5b2-e651-4c2e-ac03-972f171df7f7,"SanDisk EXTREME PRO 240GB SSD 2.5"" SATA 6.0 Gb/s",SanDisk,EXTREME,240GB,,a286f5b2-e651-4c2e-ac03-972f171df7f7.json,,240,"2.5""",,,,,,,SATA 6.0 Gb/s,,,SDSSDXPS-240G-G25,False,SSD,SSD
a2a9a15f-44b3-4636-b120-2fb46be9af18,ADATA XPG SX6000 256GB SSD M.2-2280 PCIe 3.0 X2 NVMe,ADATA,XPG,256GB,,a2a9a15f-44b3-4636-b120-2fb46be9af18.json,,256,M.2-2280,B075Y4JN6W,,,,,,M.2 PCIe 3.0 x2,,,ASX6000NP-256GT-C,True,SSD,SSD
a2a9a418-4eef-4c64-aa48-238f686a61f3,"Seagate Constellation ES 2TB HDD 3.5"" SAS 6.0 Gb/s",Seagate,Constellation,2000GB,,a2a9a418-4eef-4c64-aa48-238f686a61f3.json,,2000,"3.5""",B0056JZ596,,,,,,SAS 6.0 Gb/s,,,ST2000NM0001,False,HDD,HDD
a2b10541-bea2-41bc-ba65-4c6133e257e7,Crucial M550 128GB M.2 SSD SATA,Crucial,M550,128GB,,a2b10541-bea2-41bc-ba65-4c6133e257e7.json,,128,M.2-2280,B00ITFZV0C,,,,,,M.2 SATA,,,CT128M550SSD4,False,SSD,SSD
a2bc4ccc-14a0-42f0-9f62-c535c62beb89,TEAMGROUP MP44L 1TB SSD M.2 PCIe 4.0 NVMe,TEAMGROUP,MP44L,1000GB,,a2bc4ccc-14a0-42f0-9f62-c535c62beb89.json,,1000,M.2-2280,B0B9Y3DB2K,,,,N82E16820331919,1858719001,M.2 PCIe 4.0 x4,,,TM8FPK001T0C101,True,SSD,SSD
a2c9acd8-d602-41f8-bdd6-d4c46e0c59ca,"TCSunBow X3 480GB SSD 2.5"" SATA 6.0 Gb/s",TCSunBow,X3,480GB,,a2c9acd8-d602-41f8-bdd6-d4c46e0c59ca.json,,480,"2.5""",,,,,,,SATA 6.0 Gb/s,,,X3 480GB-1,False,SSD,SSD
a306f544-f85a-4a5c-8a9b-1bc45867a4a9,"Toshiba Q300 960GB 2.5"" SSD SATA",Toshiba,Q300,960GB,,a306f544-f85a-4a5c-8a9b-1bc45867a4a9.json,,960,"2.5""",,,,,,,SATA 6.0 Gb/s,,,HDTS896EZSTA,False,SSD,SSD
a31e9ac1-b288-4bcd-8f5d-24d1cf3bb5f7,Netac NV7000 1TB SSD M.2-2280 PCIe 4.0 X4 NVMe,Netac,NV7000,1000GB,,a31e9ac1-b288-4bcd-8f5d-24d1cf3bb5f7.json,,1000,M.2-2280,,,,,,,M.2 PCIe 4.0 x4,,,NT01NV7000-1T0-E4X,True,SSD,SSD
a32e3943-c64c-4fe6-a965-d96355ce997a,Transcend 250H 2TB M.2-2280 SSD PCIe 4.0 x4 NVMe,Transcend,250H,2000GB,,a32e3943-c64c-4fe6-a965-d96355ce997a.json,,2000,M.2-2280,B0BPJZ2BBT,,,,,,M.2 PCIe 4.0 x4,,,TS2TMTE250H,True,SSD,SSD
a3523898-c5d4-47fa-aa0a-55cc4b45031e,"Crucial MX500 1TB SSD 2.5"" SATA",Crucial,MX500,1000GB,,a3523898-c5d4-47fa-aa0a-55cc4b45031e.json,,1024,"2.5""",B077SF8KMG,,,,9SIA12KJEC3194,,SATA 6.0 Gb/s,,,CT1000MX500SSD1 | CT1000MX500SSD1Z,False,SSD,
a3579f01-9917-4559-b79a-1ce91a588283,"Hitachi Ultrastar 8TB HDD 3.5"" SATA",Hitachi,Ultrastar,8000GB,,a3579f01-9917-4559-b79a-1ce91a588283.json,,8000,"3.5""",,,,,,,SATA 6.0 Gb/s,,,HUH728080ALE604 (0F23668),False,HDD,HDD
a363c1eb-c270-41b8-b1f3-7ce64b49d193,Mushkin Vortex-LX 2TB M.2 SSD PCIe 4.0 NVMe,Mushkin,Vortex-LX,2000GB,,a363c1eb-c270-41b8-b1f3-7ce64b49d193.json,,2000,M.2-2280,B0BTTNK81G,,,,N82E16820992013,3507533149,M.2 PCIe 4.0 x4,,,MKNSSDVL2TB-D8,True,SSD,SSD
a3a10b04-057f-45d9-90f9-c9989e32a2c1,"Western Digital Caviar Blue 320GB HDD 3.5"" SATA",Western Digital,Caviar,320GB,,a3a10b04-057f-45d9-90f9-c9989e32a2c1.json,,320,"3.5""",B00461E7JE,,,,,16349851,SATA 6.0 Gb/s,,,WD3200AAKX,False,HDD,HDD
a3b5cc53-e07b-4240-89f4-34f07b280ac3,Seagate Barracuda Compute 512GB SSD M.2 PCIe 3.0 NVMe,Seagate,Barracuda,512GB,,a3b5cc53-e07b-4240-89f4-34f07b280ac3.json,,512,M.2-2280,,,,,,,M.2 PCIe 3.0 x4,,,ZP512CM30041,True,SSD,SSD
a3bf6eab-f8e8-4b06-8421-4f47303361d2,Crucial P5 Plus 500GB M.2-2280 SSD PCIe 4.0 X4 NVMe,Crucial,P5,500GB,,a3bf6eab-f8e8-4b06-8421-4f47303361d2.json,,500,M.2-2280,,,,,,290101117,M.2 PCIe 4.0 x4,,,CT500P5PSSD8,True,SSD,SSD
a3ecf21c-d477-4aa6-8aa0-1fa82c84ff09,"Western Digital Caviar Green 2TB HDD 5400RPM 3.5"" SATA",Western Digital,Caviar,2000GB,,a3ecf21c-d477-4aa6-8aa0-1fa82c84ff09.json,,2000,"3.5""",,,,,,,SATA 3.0 Gb/s,,,WD20EADS,False,HDD,HDD
a40194a4-da35-4914-9e6c-26e89e09b132,Silicon Power P34A80 2TB M.2-2280 SSD PCIe 3.0 x4 NVMe,Silicon Power,P34A80,2000GB,,a40194a4-da35-4914-9e6c-26e89e09b132.json,,2000,M.2-2280,,,,,,,M.2 PCIe 3.0 x4,,,SU002TBP34A80M28AB,True,SSD,SSD
a4022233-f844-46cf-b9f1-7d89d8eca6b9,"Toshiba MBF245LRC 450GB HDD 10000RPM 2.5"" SATA",Toshiba,MBF245LRC,450GB,,a4022233-f844-46cf-b9f1-7d89d8eca6b9.json,,450,"2.5""",,,,,,,SATA 6.0 Gb/s,,,MBF245LRC,False,HDD,HDD
a41ad925-4b47-4be2-9aa5-2bbc2c37fea5,"Western Digital Red 3TB HDD 3.5"" 5400RPM SATA",Western Digital,Red,3000GB,,a41ad925-4b47-4be2-9aa5-2bbc2c37fea5.json,,3000,"3.5""",B083XVD1FP,,,,N82E16822234410,738048946,SATA 6.0 Gb/s,,,WD30EFAX,False,HDD,HDD
a41d647b-6aa4-4f67-863c-e89c5baf8dec,Addlink S70 1TB M.2-2280 SSD PCIe 3.0 X4 NVMe,Addlink,S70,1000GB,,a41d647b-6aa4-4f67-863c-e89c5baf8dec.json,,1000,M.2-2280,B07K7LRB2T,,,,,,M.2 PCIe 3.0 x4,,,8541578384 | ad1TBS70M2P,True,SSD,SSD
a425884f-1251-4dc4-8631-bedf0404e751,"Seagate Constellation ES.3 2TB 3.5"" HDD 7200RPM SAS 6.0 Gb/s Internal",Seagate,Constellation,2000GB,,a425884f-1251-4dc4-8631-bedf0404e751.json,,2000,"3.5""",,,,,,,SAS 6.0 Gb/s,,,ST2000NM0043,False,HDD,HDD
a443b70e-e8ea-4acc-8700-c9af3d79688d,Samsung PM961 256GB SSD M.2-2280 PCIe 3.0 x4 NVMe,Samsung,PM961,256GB,,a443b70e-e8ea-4acc-8700-c9af3d79688d.json,,256,M.2-2280,,,,,,,M.2 PCIe 3.0 x4,,,MZVLW256HEHP-00000,True,SSD,SSD
a44e42c0-edfa-4d00-a68a-27f820990385,"V7 V7SSD512GBS25U 512GB SSD 2.5"" SATA",V7,V7SSD512GBS25U,512GB,,a44e42c0-edfa-4d00-a68a-27f820990385.json,,512,"2.5""",B0B5HFXJBG,,,,0D9-008B-00057,1932631992,SATA 6.0 Gb/s,,,V7SSD512GBS25U,False,SSD,SSD
a4565f2f-fa55-4e19-b501-c522deb62575,"Samsung Spinpoint F1 DT 320 GB HDD 3.5"" 7200RPM SATA",Samsung,Spinpoint,320GB,,a4565f2f-fa55-4e19-b501-c522deb62575.json,,320,"3.5""",,,,,,,SATA 3.0 Gb/s,,,HD321HJ,False,HDD,HDD
a461a79f-94f2-40ec-932c-385c912fc6ef,"OCZ Vertex 2 90GB SSD 3.5"" SATA",OCZ,Vertex,90GB,,a461a79f-94f2-40ec-932c-385c912fc6ef.json,,90,"3.5""",,,,,,,SATA 3.0 Gb/s,,,OCZSSD3-2VTX90G,False,SSD,SSD
a4641f1b-65b9-409d-9da0-c27a150f7286,Crucial T500 W/Heatsink 2TB M.2-2280 SSD PCIe 4.0 X4 NVMe,Crucial,T500,2000GB,,a4641f1b-65b9-409d-9da0-c27a150f7286.json,,2000,M.2-2280,B0CK2RKPBL,6566100,,,N82E16820156391,5073445453,M.2 PCIe 4.0 x4,,,CT2000T500SSD5,True,SSD,SSD
a46fcd77-5b6d-40f7-b6aa-8ebe2458157d,KingSpec XF 2TB M.2-2280 SSD PCIe 4.0 X4 NVMe,KingSpec,XF,2000GB,,a46fcd77-5b6d-40f7-b6aa-8ebe2458157d.json,,2000,M.2-2280,,,,,0D9-000D-00167,,M.2 PCIe 4.0 x4,,,XF-2TB-2280,True,SSD,SSD
a48aef55-406f-4fbf-a80e-a266c02ad0cf,"Toshiba X300 Pro 18TB HDD 7200RPM 3.5"" SATA",Toshiba,X300,18000GB,,a48aef55-406f-4fbf-a80e-a266c02ad0cf.json,,18000,"3.5""",B09TQ96YYZ,,,,N82E16822149816,1611551724,SATA 6.0 Gb/s,,,HDWR51JXZSTB,False,HDD,HDD
a4ae03c4-3396-4602-994a-402537df409a,"Western Digital VelociRaptor 1TB HDD 10000RPM 3.5"" SATA",Western Digital,VelociRaptor,1000GB,,a4ae03c4-3396-4602-994a-402537df409a.json,,1000,"3.5""",B007VPGJIY,,,,9SIAG98FAX5789,26958019,SATA 6.0 Gb/s,,,WD1000DHTZ,False,HDD,HDD
a4c96789-6802-4840-8217-bab829921c2e,"Crucial MX500 500GB 2.5"" SSD SATA",Crucial,MX500,500GB,,a4c96789-6802-4840-8217-bab829921c2e.json,,500,"2.5""",B0786QNS9B,6254384,,,9SIBFJRJAM6284,930000806,SATA 6.0 Gb/s,,,CT500MX500SSD1,False,SSD,SSD
a4cc56f5-c567-4c67-a64d-755e6e88ea76,ADATA Legend 710 512GB M.2 SSD PCIe 3.0 NVMe,ADATA,Legend,512GB,,a4cc56f5-c567-4c67-a64d-755e6e88ea76.json,,512,M.2-2280,,,,,,,M.2 PCIe 3.0 x4,,,ALEG-710-512GCS,True,SSD,SSD
a4d0670d-86d8-4370-a1e1-25565211d313,Klevv CRAS C720 512GB M.2-2280 SSD PCIe 3.0 X4 NVMe,Klevv,CRAS,512GB,,a4d0670d-86d8-4370-a1e1-25565211d313.json,,512,M.2-2280,,,,,,,M.2 PCIe 3.0 x4,,,K512GM2SP0-C72,True,SSD,SSD
a4fb3e08-bf16-42c3-bece-1b18d00e0703,MSI SPATIUM M450 2TB M.2-2280 SSD PCIe 4.0 X4 NVMe,MSI,SPATIUM,2000GB,,a4fb3e08-bf16-42c3-bece-1b18d00e0703.json,,2000,M.2-2280,B0CBQT9J55,,,,N82E16820140044R,,M.2 PCIe 4.0 x4,,,SM450N2TB | SPATIUM M450 PCIE 4.0 NVME M.2 2TB | SPATIUM M450 PCIe 4.0 NVMe M.2 2TB,True,SSD,SSD
a503a41b-c155-4924-aa00-6178aae62018,"OCZ Agility 3 60 GB SSD 2.5"" SATA 6.0 Gb/s",OCZ,Agility,60GB,,a503a41b-c155-4924-aa00-6178aae62018.json,,60,"2.5""",B004Z0S6RU,,,,,16817883,SATA 6.0 Gb/s,,,AGT3-25SAT3-60G,False,SSD,SSD
a5077416-d596-4660-a0df-2e772c1145db,"KingDian S280 120 GB SSD 2.5"" SATA 6.0 Gb/s",KingDian,S280,120GB,,a5077416-d596-4660-a0df-2e772c1145db.json,,120,"2.5""",,,,,,,SATA 6.0 Gb/s,,,S280-SMI2256EN-120GB,False,SSD,SSD
a5100a78-483d-41c5-b68e-522e332f6e26,"Kingston HyperX 3K 120GB SSD 2.5"" SATA 6.0 Gb/s",Kingston,HyperX,120GB,,a5100a78-483d-41c5-b68e-522e332f6e26.json,,120,"2.5""",,,,,,,SATA 6.0 Gb/s,,,SH103S3B | 120G | SH103S3B/120G,False,SSD,SSD
a52058ee-0a02-4652-a026-b598c94e4c12,Samsung 990 EVO 2TB SSD M.2-2280 PCIe 5.0 X2 NVMe,Samsung,990 Evo,2000GB,,a52058ee-0a02-4652-a026-b598c94e4c12.json,,2000,M.2-2280,B0CRC7H66Z,6571724,,,N82E16820147887R,5332753023,M.2 PCIe 5.0 x2,,,MZ-V9E2T0B | AM | MZ-V9E2T0BW | MZ-V9E2T0B/AM,True,SSD,
a53fd8a8-bad3-451b-a770-66cddecbce8c,Force Series Gen.4 PCIe MP600 1TB NVMe M.2 SSD,Corsair,Force Series MP600,Gen4,2019,a53fd8a8-bad3-451b-a770-66cddecbce8c.json,,1000,M.2-2280,B07SQZYW2V,6356722,,,9SIBMZMJY76933,595906929,M.2 PCIe 4.0 x4,,,CSSD-F1000GBMP600,True,SSD,SSD
a542c924-420a-4579-bacf-29725339f5fc,TEAMGROUP T-Force Cardea Zero Z340 4TB SSD M.2-2280 PCIe 3.0 X4 NVMe,TEAMGROUP,T-Force,4000GB,,a542c924-420a-4579-bacf-29725339f5fc.json,,4000,M.2-2280,,,,,,,M.2 PCIe 3.0 x4,,,TM8FP9004T0C311,True,SSD,SSD
a5479d9f-1645-40ca-9885-58ce9cbcbe3a,"Western Digital Green 480GB 2.5"" SSD SATA 6.0 Gb/s",Western Digital,Green,480GB,,a5479d9f-1645-40ca-9885-58ce9cbcbe3a.json,,480,"2.5""",,,,,,,SATA 6.0 Gb/s,,,WDS480G2G0A,False,SSD,SSD
a54f623a-2497-446b-9b61-ece60f27ed2a,Lexar NQ790 1TB SSD M.2 PCIe 4.0 NVMe,Lexar,NQ790,1000GB,,a54f623a-2497-446b-9b61-ece60f27ed2a.json,,1000,M.2-2280,,,,,,,M.2 PCIe 4.0 x4,,,LNQ790X001T-RNNNU | LNQ790X001T-RNNNG,True,SSD,SSD
a55dd3c0-4430-45b8-bf2a-2ca573325d9f,"Intel 540s 240 GB SSD 2.5"" SATA 6.0 Gb/s",Intel,540s,240GB,,a55dd3c0-4430-45b8-bf2a-2ca573325d9f.json,,240,"2.5""",B01C786AXS,,,,,,SATA 6.0 Gb/s,,,SSDSC2KW240H6X1,False,SSD,SSD
a5613689-23bc-4aee-bd9c-3a4459eb12e1,ADATA Legend 960 2TB M.2-2280 SSD PCIe 4.0 X4 NVME,ADATA,Legend,2000GB,,a5613689-23bc-4aee-bd9c-3a4459eb12e1.json,,2000,M.2-2280,B0BFC9V7P9,,,,,,M.2 PCIe 4.0 x4,,,ALEG-960-2TCS,True,SSD,SSD
a563297e-11fb-4b98-a8d7-48e34867efd5,Corsair MP600 PRO LPX 2TB SSD M.2-2280 PCIe 4.0 x4 NVMe,Corsair,MP600,2000GB,,a563297e-11fb-4b98-a8d7-48e34867efd5.json,,2000,M.2-2280,B09Q2NCFS7,6495945,,,N82E16820236837,229752871,M.2 PCIe 4.0 x4,,,CSSD-F2000GBMP600PLP,True,SSD,SSD
a56939a7-9d8e-4ad6-bd1b-470b2dbe5757,"Micron 9300 Pro 7.68TB SSD 2.5"" NVMe",Micron,9300,7000GB,,a56939a7-9d8e-4ad6-bd1b-470b2dbe5757.json,,7000,"2.5""",B07SG5Z6CQ,,,,,794457666,U.2,,,MTFDHAL7T6TDP-1AT1ZABYY,False,SSD,SSD
a5766b27-bc41-40b2-af8b-73484de5367b,Sabrent Rocket Q4 2TB M.2 SSD PCIe 4.0 NVMe,Sabrent,Rocket,2000GB,,a5766b27-bc41-40b2-af8b-73484de5367b.json,,2000,M.2-2280,B08D29JQ24,,,,9SIBK19JNN1408,103014720,M.2 PCIe 4.0 x4,,,SB-RKTQ4-2TB,True,SSD,SSD
a58896db-c929-467f-a635-efd5ef6afca8,"Western Digital WD_BLACK 10TB 3.5"" HDD 7200RPM SATA Internal",Western Digital,WD_BLACK,10000GB,,a58896db-c929-467f-a635-efd5ef6afca8.json,,10000,"3.5""",B08MKJPFZ7,6462718,,,N82E16822234427,805364095,SATA 6.0 Gb/s,,,WD101FZBX | WD101FZBX-SPATAA0,False,HDD,HDD
a5ba30de-0a68-4db7-9de2-78ae6a4a419a,"Toshiba MG09 4Kn 18TB 3.5"" HDD 7200RPM SATA",Toshiba,MG09,18000GB,,a5ba30de-0a68-4db7-9de2-78ae6a4a419a.json,,18000,"3.5""",,,,,,,SATA 6.0 Gb/s,,,MG09ACA18TA | MG09SCA18TE,False,HDD,HDD
a5bb9c2a-e7b2-4683-a5a0-815205d6f30d,Seagate FireCuda 530 4TB SSD M.2-2280 PCIe 4.0 X4 NVMe,Seagate,FireCuda,4000GB,,a5bb9c2a-e7b2-4683-a5a0-815205d6f30d.json,,4000,M.2-2280,B08Q54GHTC,6473136,,,9SIA12KJYU9524,382169855,M.2 PCIe 4.0 x4,,,ZP4000GM3A013 | ZP4000GM30013 | ZP4000GM3A003,True,SSD,SSD
a5c45a2e-8e01-44c0-8119-8326bc2c1421,"Seagate Exos X24 SED-FIPS 24TB 3.5"" HDD 7200RPM SAS 12.0 Gb/s",Seagate,Exos,24000GB,,a5c45a2e-8e01-44c0-8119-8326bc2c1421.json,,24000,"3.5""",,,,,,,SAS 12.0 Gb/s,,,ST24000NM006H,False,HDD,HDD
a5ceb76a-c981-4ef7-9bbf-020543fad08f,Sabrent Rocket 4 Plus G 1TB SSD M.2-2280 PCIe 4.0 x4 NVMe,Sabrent,Rocket,1000GB,,a5ceb76a-c981-4ef7-9bbf-020543fad08f.json,,1000,M.2-2280,,,,,,,M.2 PCIe 4.0 x4,,,SB-RKTG-1TB,True,SSD,SSD
a5d26add-0fdc-49cf-8ce5-821c635daa93,PNY CS2130 8TB SSD M.2-2280 PCIe 3.0 x4 NVMe,PNY,CS2130,8000GB,,a5d26add-0fdc-49cf-8ce5-821c635daa93.json,,8000,M.2-2280,,,,,,,M.2 PCIe 3.0 x4,,,M280CS2130-8TB-RB,True,SSD,SSD
a5d69c10-fc77-4f30-a4f7-067b28c91d66,"Seagate ST500VT001 500GB 2.5"" HDD 5400RPM SATA 6.0 Gb/s",Seagate,ST500VT001,500GB,,a5d69c10-fc77-4f30-a4f7-067b28c91d66.json,,500,"2.5""",,,,,,,SATA 6.0 Gb/s,,,ST500VT001,False,HDD,HDD
a5f677df-323f-4d9a-92e6-c08b574fa541,"Western Digital Green 2TB 2.5"" HDD 5900RPM SATA",Western Digital,Green,2000GB,,a5f677df-323f-4d9a-92e6-c08b574fa541.json,,2000,"2.5""",,,,,,,SATA 6.0 Gb/s,,,WD20NPVX,False,HDD,HDD
a5f70655-dce2-4883-a9f5-b76ce6618328,Seagate IronWolf 8TB NAS Internal Hard Drive HDD – 3.5 Inch SATA 6Gb/s 7200 RPM 256MB Cache for RAID Network Attached Storage,Seagate,IronWolf,NAS,2020,a5f70655-dce2-4883-a9f5-b76ce6618328.json,,8000,"3.5""",B07D962J5R,,,,9SIAJ7WF2G5851,172947535,SATA 6.0 Gb/s,,,ST8000VNZ022,False,HDD,HDD
a62a32df-b4a2-42d8-87b6-416372ec2bf0,Samsung 970 Evo 1TB M.2-2280 SSD PCIe 3.0 X4 NVMe,Samsung,970,1000GB,,a62a32df-b4a2-42d8-87b6-416372ec2bf0.json,,1000,M.2-2280,B07BN217QG,6263775,,,N82E16820147691R,111898355,M.2 PCIe 3.0 x4,,,MZ-V7E1T0BW | MZ-V7E1T0B | AM,True,SSD,SSD
a62f2838-ba73-414e-bf32-732c6b5b4fa6,"Toshiba MD04ACA600 6TB HDD 3.5"" 7200RPM SATA 6.0 Gb/s",Toshiba,MD04ACA600,6000GB,,a62f2838-ba73-414e-bf32-732c6b5b4fa6.json,128,6000,"3.5""",B01ABSUT9M,,,,,,SATA 6.0 Gb/s,,,MD04ACA600,False,HDD,HDD
a631d841-70d5-4828-ba6a-5af8d4f836fa,MSI SPATIUM M480 1TB SSD M.2-2280 PCIe 4.0 x4 NVMe,MSI,SPATIUM,1000GB,,a631d841-70d5-4828-ba6a-5af8d4f836fa.json,,1000,M.2-2280,B098TLNGGB,,,,,935626816,M.2 PCIe 4.0 x4,,,SM480N1TB | S78-440L490-P83,True,SSD,SSD
a69c476e-04eb-4d67-bcb7-3ded13a3502a,"Western Digital Red Pro 8TB 3.5"" Internal HDD 7200RPM SATA",Western Digital,Red,8000GB,,a69c476e-04eb-4d67-bcb7-3ded13a3502a.json,,8000,"3.5""",B0D1V2K4LJ,,,,1Z4-0002-01PE5,5443729590,SATA 6.0 Gb/s,,,WD8005FFBX | WD8005FFBX-SPCAKN0,False,HDD,HDD
a69d0425-96f2-4a8a-82d4-4bb3546d35ab,"SanDisk Solid 256GB SSD 2.5"" SATA",SanDisk,Solid,256GB,,a69d0425-96f2-4a8a-82d4-4bb3546d35ab.json,,256,"2.5""",,,,,,,SATA 6.0 Gb/s,,,SDSSDP-256G-G25,False,SSD,SSD
a6a0a762-d07f-4d9c-aced-fa4dd976e3a4,Western Digital Blue SN570 2TB SSD M.2-2280 PCIe 3.0 x4 NVMe,Western Digital,Blue,2000GB,,a6a0a762-d07f-4d9c-aced-fa4dd976e3a4.json,,2000,M.2-2280,B09JM8DJNS,,,,9SIAD6HHFJ6211,289992182,M.2 PCIe 3.0 x4,,,WDS200T3B0C,True,SSD,SSD
a6a7b093-bbbf-4123-a97f-db258ec966ca,"Crucial MX100 512GB SSD 2.5"" SATA",Crucial,MX100,512GB,,a6a7b093-bbbf-4123-a97f-db258ec966ca.json,,512,"2.5""",,,,,,,SATA 6.0 Gb/s,,,CT512MX100SSD1,False,SSD,SSD
a6acf7a6-abb0-4bc7-9b62-ebac3be30e13,"Lexar NM700 256GB SSD 2.5"" SATA 6.0 Gb/s",Lexar,NM700,256GB,,a6acf7a6-abb0-4bc7-9b62-ebac3be30e13.json,,256,"2.5""",,,,,,,SATA 6.0 Gb/s,,,LNM700-256RBNA,False,SSD,SSD
a6b907f4-e5bf-4520-ab66-e9376da72e41,Corsair MP600 PRO LPX 4TB M.2-2280 SSD PCIe 4.0 x4 NVMe,Corsair,MP600,4000GB,,a6b907f4-e5bf-4520-ab66-e9376da72e41.json,,4000,M.2-2280,B0BWYXHRKX,,,,N82E16820236979,3371597913,M.2 PCIe 4.0 x4,,,CSSD-F4000GBMP600PLPW,True,SSD,SSD
a6cf27be-8bf3-4391-af5a-1fe359a0f47c,"Timetec 30TT253X2 1TB 2.5"" SSD SATA 6.0 Gb/s",Timetec,30TT253X2,1000GB,,a6cf27be-8bf3-4391-af5a-1fe359a0f47c.json,,1000,"2.5""",,,,,0D9-00ES-00009,,SATA 6.0 Gb/s,,,30TT253X2-1TB,False,SSD,SSD
a704e856-dfd9-446c-bd15-19789453a677,GOODRAM IRDM PRO GEN 5 2TB M.2-2280 SSD PCIe 5.0 X4 NVMe,GOODRAM,IRDM,2000GB,,a704e856-dfd9-446c-bd15-19789453a677.json,,2000,M.2-2280,,,,,,,M.2 PCIe 5.0 x4,,,IRP-SSDPR-P54S-2K0-80,True,SSD,SSD
a755ba38-9459-423e-9f7f-9602de3bf7a2,"Seagate Enterprise 6TB HDD 3.5"" 7200RPM SAS 12.0 Gb/s Internal",Seagate,Enterprise,6000GB,,a755ba38-9459-423e-9f7f-9602de3bf7a2.json,,6000,"3.5""",B00JJIEH3U,,,,,,SAS 12.0 Gb/s,,,ST6000NM0034,False,HDD,HDD
a78d92bf-8339-4a1c-b897-d1ed7642954f,"TEAMGROUP EX2 2TB SSD 2.5"" SATA",TEAMGROUP,EX2,2000GB,,a78d92bf-8339-4a1c-b897-d1ed7642954f.json,,2000,"2.5""",B08HCHMY78,,,,N82E16820331608,193675001,SATA 6.0 Gb/s,,,T253E2002T0C101,False,SSD,SSD
a798ebe2-bbea-4016-afdb-95650331858f,"Seagate Exos 7E10 8TB 3.5"" HDD 7200RPM SATA 512e/4Kn",Seagate,Exos,8000GB,,a798ebe2-bbea-4016-afdb-95650331858f.json,,8000,"3.5""",B09FH857LY,,,,1Z4-002P-024F9,176175539,SATA 6.0 Gb/s,,,ST8000NM017B,False,HDD,HDD
a7ac952c-9854-4381-999e-74e13c177e09,"Samsung Spinpoint F1 RAID 750GB HDD 3.5"" SATA",Samsung,Spinpoint,750GB,,a7ac952c-9854-4381-999e-74e13c177e09.json,,750,"3.5""",,,,,,,SATA 3.0 Gb/s,,,HE753LJ,False,HDD,HDD
a7c3c070-7915-47b7-909a-2b605a7e740a,Silicon Power UD90 250GB SSD M.2-2280 PCIe 4.0 x4 NVMe,Silicon Power,UD90,250GB,,a7c3c070-7915-47b7-909a-2b605a7e740a.json,,250,M.2-2280,,,,,,,M.2 PCIe 4.0 x4,,,SP250GBP44UD9005,True,SSD,SSD
a7da4648-0b63-4ffa-97bb-8dbe27a312ef,Verbatim Vi3000 2TB M.2 SSD PCIe 3.0 NVMe,Verbatim,Vi3000,2000GB,,a7da4648-0b63-4ffa-97bb-8dbe27a312ef.json,,2000,M.2-2280,B08SCTCB81,,,,,228078589,M.2 PCIe 3.0 x4,,,70874 | 49376,True,SSD,SSD
a7ecbd2c-427e-4183-87c0-66fdcb834261,NEMIX RAM NEMESIS 1TB SSD M.2-2280 PCIe 4.0 NVMe,NEMIX RAM,NEMESIS,1000GB,,a7ecbd2c-427e-4183-87c0-66fdcb834261.json,,1000,M.2-2280,,,,,,,M.2 PCIe 4.0 x4,,,NMS-M2G4N-1TB,True,SSD,SSD
a7f55741-fb50-4fa8-aef6-a460082c1027,"Samsung 830 128GB SSD 2.5"" SATA 6.0 Gb/s",Samsung,830,128GB,,a7f55741-fb50-4fa8-aef6-a460082c1027.json,,128,"2.5""",,,,,,,SATA 6.0 Gb/s,,,MZ-7PC128N | AM,False,SSD,SSD
a7f7ee9b-8715-4563-8785-df6c645ff2e2,Crucial P510 2TB SSD M.2-2280 PCIe 5.0 x4 NVMe,Crucial,P510,2000GB,,a7f7ee9b-8715-4563-8785-df6c645ff2e2.json,,2000,M.2-2280,B0FP9KL662,,,,N82E16820156428,,M.2 PCIe 5.0 x4,,,CT2000P510SSD8 | CT2000P510SSD8-01,True,SSD,SSD
a80cc90b-4fa6-478d-954c-94f0bd76988a,"Kingston SSDNow V300 120GB SSD 2.5"" SATA 6.0 Gb/s",Kingston,SSDNow,120GB,,a80cc90b-4fa6-478d-954c-94f0bd76988a.json,,120,"2.5""",,,,,,,SATA 6.0 Gb/s,,,SV300S3N7A | 120G,False,SSD,SSD
a80d6bc6-8eec-41f4-be12-d01e80c05291,Sabrent Rocket Q4 1TB SSD M.2-2280 PCIe 4.0 NVMe,Sabrent,Rocket,1000GB,,a80d6bc6-8eec-41f4-be12-d01e80c05291.json,,1000,M.2-2280,B08F76V39T,,,,,684516010,M.2 PCIe 4.0 x4,,,SB-RKTQ4-1TB,True,SSD,SSD
a811d86f-4073-4c75-8f19-766f52fa5330,"Western Digital Black 500GB HDD 2.5"" SATA",Western Digital,Black,500GB,,a811d86f-4073-4c75-8f19-766f52fa5330.json,,500,"2.5""",B00DSUTWMQ,,,,,33943355,SATA 6.0 Gb/s,,,WD5000BPKX,False,HDD,HDD
a816d9a5-cf6f-41d0-b13c-f392747b4286,"Hitachi 7K1000.B 250GB 3.5"" HDD 7200RPM SATA 3.0 Gb/s Internal",Hitachi,7K1000.B,250GB,,a816d9a5-cf6f-41d0-b13c-f392747b4286.json,,250,"3.5""",,,,,,,SATA 3.0 Gb/s,,,HDT721025SLA380,False,HDD,HDD
a81a87fc-9b93-4e78-8641-abf4a76fa4b1,Addlink A95 4TB SSD M.2-2280 PCIe 4.0 X4 NVMe,Addlink,A95,4000GB,,a81a87fc-9b93-4e78-8641-abf4a76fa4b1.json,,4000,M.2-2280,B09HJVDW69,,,,,,M.2 PCIe 4.0 x4,,,ad4TBA95M2P | QF-UD50,True,SSD,SSD
a826669d-5139-40b9-9596-1b560119922c,Western Digital Blue SN570 250GB M.2-2280 SSD PCIe 3.0 x4 NVMe,Western Digital,Blue,250GB,,a826669d-5139-40b9-9596-1b560119922c.json,,250,M.2-2280,B09HKGGPLR,,,,N82E16820250209,880640617,M.2 PCIe 3.0 x4,,,WDS250G3B0C,True,SSD,SSD
a848c560-c396-40e6-a106-ae889f2173fb,"Seagate NAS 2TB 3.5"" HDD 5400 RPM SATA Internal",Seagate,NAS,2000GB,,a848c560-c396-40e6-a106-ae889f2173fb.json,,2000,"3.5""",,,,,,,SATA 6.0 Gb/s,,,ST2000VN001,False,HDD,HDD
a84c4228-ddc6-4444-8d6b-70c589fa0b6e,Samsung PM951 256 GB SSD M.2-2280 PCIe 3.0 X4 NVME,Samsung,PM951,256GB,,a84c4228-ddc6-4444-8d6b-70c589fa0b6e.json,,256,M.2-2280,,,,,,,M.2 PCIe 3.0 x4,,,MZVLV256HCHP,True,SSD,SSD
a86bbf53-7df0-44c4-9ac7-a224bccbb7a6,FanXiang S770 2TB SSD M.2-2280 PCIe 4.0 X4 NVMe,FanXiang,S770,2000GB,,a86bbf53-7df0-44c4-9ac7-a224bccbb7a6.json,,2000,M.2-2280,B0BNQ2X2WY,,,,,,M.2 PCIe 4.0 x4,,,2TB - SSD - M.2 - S770 | S880E | S770,True,SSD,SSD
a88979c1-fda0-428f-807e-4c505988e1cd,"Lenovo S4520 480GB SSD 3.5"" SATA 6.0 Gb/s",Lenovo,S4520,480GB,,a88979c1-fda0-428f-807e-4c505988e1cd.json,,480,"3.5""",,,,,N82E16820149198,2896741577,SATA 6.0 Gb/s,,,4XB7A17119,False,SSD,SSD
a8a3bcab-b04d-484d-8164-b779c60e7f90,Transcend 250S 2TB SSD M.2-2280 PCIe 4.0 X4 NVMe,Transcend,250S,2000GB,,a8a3bcab-b04d-484d-8164-b779c60e7f90.json,,2000,M.2-2280,B0BKPWSZLM,,,,,2126551598,M.2 PCIe 4.0 x4,,,TS2TMTE250S,True,SSD,SSD
a8abde08-17d6-47ff-b857-7bf8d818d372,Orico D10 1TB M.2-2280 SSD PCIe 3.0 X4 NVMe,Orico,D10,1000GB,,a8abde08-17d6-47ff-b857-7bf8d818d372.json,,1000,M.2-2280,B0DLFX2BB3,,,,,,M.2 PCIe 3.0 x4,,,D10-1TB | D10-2280 | ORICO-D10-1TB-GR-BP,True,SSD,SSD
a8b37f77-b851-48ef-88ab-9259ce8e9f60,"Crucial MX100 256GB SSD 2.5"" SATA 6.0 Gb/s",Crucial,MX100,256GB,,a8b37f77-b851-48ef-88ab-9259ce8e9f60.json,,256,"2.5""",,,,,,,SATA 6.0 Gb/s,,,CT256MX100SSD1,False,SSD,SSD
a8d32107-0a0d-4e64-b4b9-010e2279921e,"Hitachi Ultrastar 8TB HDD 3.5"" SATA",Hitachi,Ultrastar,8000GB,,a8d32107-0a0d-4e64-b4b9-010e2279921e.json,,8000,"3.5""",B0100ZCS6I,,,,,,SATA 6.0 Gb/s,,,HUH728080ALE604,False,HDD,HDD
a8e5026d-3d98-49bc-9add-f8cfa11a8397,Micron 2200 1TB SSD M.2-2280 PCIe 3.0 X4 NVMe,Micron,2200,1000GB,,a8e5026d-3d98-49bc-9add-f8cfa11a8397.json,,1000,M.2-2280,,,,,,,M.2 PCIe 3.0 x4,,,MTFDHBA1T0TCK-1AT15A,True,SSD,SSD
a8f8c31c-cf49-492e-9220-5a3af12c8fb3,"Seagate STCL4000400 4TB 3.5"" Hybrid HDD 5900RPM SATA",Seagate,STCL4000400,4000GB,,a8f8c31c-cf49-492e-9220-5a3af12c8fb3.json,,4000,"3.5""",,,,,,,SATA 6.0 Gb/s,,,STCL4000400,False,SSHD,SSHD
a90c2c09-433b-4058-8ae5-b04332a2489e,Corsair MP600 PRO LPX 8TB SSD M.2-2280 PCIe 4.0 X4 NVMe,Corsair,MP600,8000GB,,a90c2c09-433b-4058-8ae5-b04332a2489e.json,,8000,M.2-2280,B0CJRN3LLX,,,,N82E16820982131,,M.2 PCIe 4.0 x4,,,CSSD-F8000GBMP600PLP,True,SSD,SSD
a91f8607-f4a1-454f-a5c6-e9dbee8b4074,Patriot Viper 4TB M.2 SSD PCIe 5.0 NVMe,Patriot,Viper,4000GB,,a91f8607-f4a1-454f-a5c6-e9dbee8b4074.json,,4000,M.2-2280,,,,,,,M.2 PCIe 5.0 x4,,,PV553P4TBM28H,True,SSD,SSD
a9254770-0a73-498f-8249-87e21746043c,"Seagate BarraCuda 1TB HDD 7200RPM 3.5"" SATA 3.0 Gb/s",Seagate,BarraCuda,1000GB,,a9254770-0a73-498f-8249-87e21746043c.json,,1000,"3.5""",B00272NHOK,,,,,,SATA 3.0 Gb/s,,,ST31000528AS,False,HDD,HDD
a9322526-57b6-4dfc-b370-88baf55111d9,"Seagate IronWolf NAS 10 TB 3.5"" 7200 RPM Internal Hard Drive",Seagate,IronWolf,NAS,2020,a9322526-57b6-4dfc-b370-88baf55111d9.json,,10,"3.5""",B07J35YWQY,,,,9SIBR2UKBT2958,447425584,SATA 6.0 Gb/s,,,ST10000VNZ008 | ST10000VNZ008/N0008,False,HDD,HDD
a94ec858-4af5-4652-ad26-10fb897e7dc1,"Seagate SkyHawk AI 18TB HDD 3.5"" SATA",Seagate,SkyHawk,18000GB,,a94ec858-4af5-4652-ad26-10fb897e7dc1.json,,18000,"3.5""",B08KTMDN6M,,,,1Z4-002P-022K1,759774315,SATA 6.0 Gb/s,,,ST18000VE002,False,HDD,HDD
a95db4aa-17c7-49e2-810f-cde52226cd05,"Western Digital Purple Pro 10 TB 3.5"" HDD 7200RPM SATA 6.0 Gb/s",Western Digital,Purple,10000GB,,a95db4aa-17c7-49e2-810f-cde52226cd05.json,,10000,"3.5""",B0966TZJGJ,6488053,,,N82E16822234480,502281817,SATA 6.0 Gb/s,,,WD101PURP,False,HDD,HDD
a984e21b-ebba-4948-9ef0-df987f9b29cc,Samsung 850 Evo 500GB M.2 SSD SATA,Samsung,850,500GB,,a984e21b-ebba-4948-9ef0-df987f9b29cc.json,,500,M.2-2280,,,,,,,M.2 SATA,,,MZ-N5E500BW,False,SSD,SSD
a99b70d5-751f-40bd-ba20-315ff1934113,"TEAMGROUP T-Force 1TB 2.5"" SSD SATA",TEAMGROUP,T-Force,1000GB,,a99b70d5-751f-40bd-ba20-315ff1934113.json,,1000,"2.5""",,,,,,,SATA 6.0 Gb/s,,,T253TV001T3C301,False,SSD,SSD
a9a32a8e-50e4-4771-8c3a-502744934e50,Crucial P310 1TB M.2 2230 SSD PCIe 4.0 NVMe,Crucial,P310,1000GB,,a9a32a8e-50e4-4771-8c3a-502744934e50.json,,1000,M.2-2230,B0D61Z8R1W,,,,N82E16820156407,7363200801,M.2 PCIe 4.0 x4,,,CT1000P310SSD2 | CT1000P310SSD2​,True,SSD,SSD
a9a6445f-a3fa-4909-b02b-3534e44cc1f3,"Corsair Force LE 240GB SSD 2.5"" SATA 6.0 Gb/s",Corsair,Force,240GB,,a9a6445f-a3fa-4909-b02b-3534e44cc1f3.json,,240,"2.5""",,,,,,,SATA 6.0 Gb/s,,,CSSD-F240GBLEB,False,SSD,SSD
a9accdd3-37d5-42b6-9f5b-7a6c01f305bb,"Seagate Enterprise 12TB HDD 3.5"" 7200RPM SATA 6.0 Gb/s Internal",Seagate,Enterprise,12000GB,,a9accdd3-37d5-42b6-9f5b-7a6c01f305bb.json,,12000,"3.5""",B07D961VDW,,,,,118549898,SATA 6.0 Gb/s,,,ST12000NM0007 | ST12000NMZ007,False,HDD,HDD
a9b19703-c7b0-4660-9604-e42b33e34452,Intenso Top Performance 512GB SSD M.2-2280 SATA,Intenso,Top,512GB,,a9b19703-c7b0-4660-9604-e42b33e34452.json,,512,M.2-2280,B0776YFLWL,,,,,,M.2 SATA,,,3832450,False,SSD,SSD
a9b63abf-207a-48fd-9149-76855a1489ce,"Seagate SkyHawk Surveillance +Rescue 3TB HDD 3.5"" 5400RPM SATA",Seagate,SkyHawk,3000GB,,a9b63abf-207a-48fd-9149-76855a1489ce.json,,3000,"3.5""",B09XDST9RF,,,,,1987710864,SATA 6.0 Gb/s,,,ST3000VX015,False,HDD,HDD
a9dbafbd-fed5-49e2-ad9f-79a26188aca7,PNY XLR8 CS3040 2TB SSD M.2-2280 PCIe 4.0 x4 NVMe,PNY,XLR8,2000GB,,a9dbafbd-fed5-49e2-ad9f-79a26188aca7.json,,2000,M.2-2280,B08KGXK4Z6,,,,N82E16820177093,516066481,M.2 PCIe 4.0 x4,,,M280CS3040-2TB-RB | CS3040,True,SSD,SSD
a9dfd0cf-0bd1-461a-a820-c98c58817792,"Toshiba MG06ACA10TE 10 TB HDD 3.5"" 7200RPM SATA 6.0 Gb/s",Toshiba,MG06ACA10TE,10000GB,,a9dfd0cf-0bd1-461a-a820-c98c58817792.json,,10000,"3.5""",,,,,,,SATA 6.0 Gb/s,,,MG06ACA10TE,False,HDD,HDD
aa0012c9-9055-4764-997e-bd195d303216,Western Digital Green 240GB SSD M.2-2280 SATA,Western Digital,Green,240GB,,aa0012c9-9055-4764-997e-bd195d303216.json,,240,M.2-2280,B01M9B2VB7,,,,,378812352,M.2 SATA,,,WDS240G1G0B,False,SSD,SSD
aa04fdd9-a7c6-4f9d-a0f0-801efbc81c74,Seagate FireCuda 520 1TB SSD M.2-2280 PCIe 4.0 x4 NVMe,Seagate,FireCuda,1000GB,,aa04fdd9-a7c6-4f9d-a0f0-801efbc81c74.json,,1000,M.2-2280,B07ZPRMLJP,6440217,,,9SIBTK0K928032,711810969,M.2 PCIe 4.0 x4,,,ZP1000GM3A002,True,SSD,SSD
aa06deff-2945-4481-823d-69eb023dd9f3,"Western Digital Gold 24 TB 3.5"" 7200 RPM Internal",Western Digital,Gold,24000GB,,aa06deff-2945-4481-823d-69eb023dd9f3.json,,24000,"3.5""",,,,,,,SATA 6.0 Gb/s,,,WD241KRYZ,False,HDD,HDD
aa0774a3-9cc9-4459-9214-b455aed276f0,Lexar NM620 256GB SSD M.2 PCIe 3.0 NVMe,Lexar,NM620,256GB,,aa0774a3-9cc9-4459-9214-b455aed276f0.json,,256,M.2-2280,B08T6C75GF,,,,,,M.2 PCIe 3.0 x4,,,LNM620X256G-RNNNG | LNM620X256G-RNNNU | 0843367123148,True,SSD,SSD
aa0bbb22-8746-453e-b74f-4e2be1275bcf,"Gigabyte UD PRO 512GB SSD 2.5"" SATA",Gigabyte,UD,512GB,,aa0bbb22-8746-453e-b74f-4e2be1275bcf.json,,512,"2.5""",,,,,,,SATA 6.0 Gb/s,,,GP-GSTFS30512GTTD,False,SSD,SSD
aa2b9ab2-1058-48fe-8ed9-ebaaecd85fd7,Samsung PM961 1 TB SSD M.2-2280 PCIe 3.0 X4 NVME,Samsung,PM961,1000GB,,aa2b9ab2-1058-48fe-8ed9-ebaaecd85fd7.json,,1000,M.2-2280,,,,,,,M.2 PCIe 3.0 x4,,,MZVLW1T0HMLH-00000,True,SSD,SSD
aa2f5a8d-ae0a-4565-a110-4cbada260dc8,"Hitachi He6 6TB 3.5"" HDD 7200RPM SATA 6.0 Gb/s",Hitachi,He6,6000GB,,aa2f5a8d-ae0a-4565-a110-4cbada260dc8.json,,6000,"3.5""",,,,,,,SATA 6.0 Gb/s,,,HUS726060ALA641,False,HDD,HDD
aa3001c2-69eb-457d-baa5-65a2e5ac0298,"Hitachi HUA721010KLA330 1TB 3.5"" HDD 7200RPM SATA 6.0 Gb/s Internal",Hitachi,HUA721010KLA330,1000GB,,aa3001c2-69eb-457d-baa5-65a2e5ac0298.json,,1000,"3.5""",,,,,,,SATA 6.0 Gb/s,,,HUA721010KLA330 (0A35772),False,HDD,HDD
aa392648-ecd1-4baf-8447-f3bf95df0c5c,"Crucial MX300 275GB SSD 2.5"" SATA 6.0 Gb/s",Crucial,MX300,275GB,,aa392648-ecd1-4baf-8447-f3bf95df0c5c.json,,275,"2.5""",B01IAGSD5O,,,,,191773845,SATA 6.0 Gb/s,,,CT275MX300SSD1 | 150083,False,SSD,SSD
aa39c6b8-bb26-4a9a-8a88-3afa47b10b54,"Western Digital Blue 6TB HDD 3.5"" SATA",Western Digital,Blue,6000GB,,aa39c6b8-bb26-4a9a-8a88-3afa47b10b54.json,,6000,"3.5""",B013HNYVCE,,,,,47311806,SATA 6.0 Gb/s,,,WD60EZRZ,False,HDD,HDD
aa6346e9-63e8-430b-8e8e-c40a44996ab7,"Western Digital Caviar Green 750GB HDD 5400RPM 3.5"" SATA",Western Digital,Caviar,750GB,,aa6346e9-63e8-430b-8e8e-c40a44996ab7.json,,750,"3.5""",B004DW2P4A,,,,,,SATA 3.0 Gb/s,,,WD7500AARS,False,HDD,HDD
aa6f60f7-80d4-41c7-bbac-9b20ba33f35f,"TEAMGROUP T-Force Vulcan Z 1TB SSD 2.5"" SATA 6.0 Gb/s",TEAMGROUP,T-Force,1000GB,,aa6f60f7-80d4-41c7-bbac-9b20ba33f35f.json,,1000,"2.5""",B09WMP5B5N,,,,N82E16820331833,472683386,SATA 6.0 Gb/s,,,T253TZ001T0C101,False,SSD,SSD
aa74d123-8ba6-4564-aa37-deca2b39b43d,Transcend MTE245S 1TB M.2-2280 SSD PCIe 4.0 X4 NVMe,Transcend,MTE245S,1000GB,,aa74d123-8ba6-4564-aa37-deca2b39b43d.json,,1000,M.2-2280,B0CJBZFTYD,,,,,,M.2 PCIe 4.0 x4,,,TS1TMTE245S,True,SSD,SSD
aaa009da-da0f-488b-a778-1edbf89ba6f9,Corsair MP600 Force Series Gen4 500GB SSD M.2-2280 PCIe 4.0 X4 NVMe,Corsair,MP600,500GB,,aaa009da-da0f-488b-a778-1edbf89ba6f9.json,,500,M.2-2280,,,,,,,M.2 PCIe 4.0 x4,,,CSSD-F500GBMP600,True,SSD,SSD
aacf4da7-475a-405e-8f82-7f63791ee506,Biwin Black Opal NV7400 2TB SSD M.2-2280 PCIe 4.0 x4 NVMe,Biwin,Black,2000GB,,aacf4da7-475a-405e-8f82-7f63791ee506.json,,2000,M.2-2280,,,,,,,M.2 PCIe 4.0 x4,,,NV7400-2TB,True,SSD,SSD
aaeadd5c-64d6-4698-a900-c8aa6fee23e0,"Western Digital Red Pro 20TB HDD 3.5"" 7200RPM SATA",Western Digital,Red,20000GB,,aaeadd5c-64d6-4698-a900-c8aa6fee23e0.json,,20000,"3.5""",B09TBF6GHJ,6587200,,,N82E16822234512,645264751,SATA 6.0 Gb/s,,,WD201KFGX,False,HDD,HDD
aaeb0b17-5317-421a-b687-8c5f294c4037,MSI SPATIUM M480 PRO HS 1TB SSD M.2-2280 PCIe 4.0 x4 NVMe,MSI,SPATIUM,1000GB,,aaeb0b17-5317-421a-b687-8c5f294c4037.json,,1000,M.2-2280,,,,,,,M.2 PCIe 4.0 x4,,,SPATIUM M480 1TB PRO HS | SPATIUM M480 PRO PCIe 4.0 NVMe M.2 1TB HS,True,SSD,SSD
aaf55e55-63f2-4723-862f-573d327d3bc9,"Seagate SkyHawk AI 14TB HDD 3.5"" 7200RPM SATA",Seagate,SkyHawk,14000GB,,aaf55e55-63f2-4723-862f-573d327d3bc9.json,,14000,"3.5""",B07PXL3Y4J,,,,,445570138,SATA 6.0 Gb/s,,,ST14000VE0008,False,HDD,HDD
aafc5b1d-767b-4d40-8ebe-3d3424c0b27b,Transcend MTS400 256GB SSD M.2-2242 SATA,Transcend,MTS400,256GB,,aafc5b1d-767b-4d40-8ebe-3d3424c0b27b.json,,256,M.2-2242,B00KLTPUG4,,,,,110905435,M.2 SATA,,,TS256GMTS400,False,SSD,SSD
ab4b8316-0db4-4dd6-807e-ee113b73b00c,"Western Digital Purple 4TB HDD 3.5"" 5400RPM SATA 6.0 Gb/s Internal",Western Digital,Purple,4000GB,,ab4b8316-0db4-4dd6-807e-ee113b73b00c.json,,4000,"3.5""",B0C4X6RDV8,5193303,,,N82E16822234549,1589549058,SATA 6.0 Gb/s,,,WD43PURZ | WD43PURZ-SPBWPY0,False,HDD,HDD
ab5e4b4f-8fca-4db7-a8d8-c8b92f4a37f4,Samsung 970 Evo Plus 2TB SSD M.2-2280 PCIe 3.0 x4 NVMe,Samsung,970,2000GB,,ab5e4b4f-8fca-4db7-a8d8-c8b92f4a37f4.json,,2000,M.2-2280,B07MFZXR1B,6347286,,,N82E16820147744,492365624,M.2 PCIe 3.0 x4,,,MZ-V7S2T0B | AM | MZ-V7S2T0BW | FBASAMMZV7S2T0B | MZ-V7S2T0B/AM,True,SSD,SSD
ab5fe07a-ac03-4894-b32c-d3b1c06f8129,Lexar NM620 2TB SSD M.2-2280 PCIe 3.0 X4 NVMe,Lexar,NM620,2000GB,,ab5fe07a-ac03-4894-b32c-d3b1c06f8129.json,,2000,M.2-2280,B09K3Z22DY,,,,9SIBFJRKAZ4824,2335633076,M.2 PCIe 3.0 x4,,,LNM620X002T-RNNNG,True,SSD,SSD
ab7d17a9-6b4c-44e4-b5a6-99bd04c169c1,"Western Digital Blue 1TB HDD 5400RPM 2.5"" SATA",Western Digital,Blue,1000GB,,ab7d17a9-6b4c-44e4-b5a6-99bd04c169c1.json,,1000,"2.5""",B00DCM91WQ,,,,,,SATA 6.0 Gb/s,,,WD10SPCX,False,HDD,HDD
abb4a103-0708-4ffb-b3d7-63b00d2d9d46,Samsung XP941 512GB SSD M.2-2280 PCIe 2.0 X4 NVMe,Samsung,XP941,512GB,,abb4a103-0708-4ffb-b3d7-63b00d2d9d46.json,,512,M.2-2280,,,,,,,M.2 PCIe 2.0 x4,,,MZHPU512HCGL-00004,True,SSD,SSD
abbf4074-172d-47ba-b672-bfa990627c36,"Seagate IronWolf Pro 18TB 3.5"" HDD 7200RPM SATA",Seagate,IronWolf,18000GB,,abbf4074-172d-47ba-b672-bfa990627c36.json,,18000,"3.5""",B08FY88FNG,,,,N82E16822184872,891152591,SATA 6.0 Gb/s,,,ST18000NE000 | ST18000NZ00,False,HDD,HDD
abbfdee2-d4ad-4266-9e7b-74ba798204cf,Netac NV7000-t 512GB SSD M.2 PCIe 4.0 NVMe,Netac,NV7000-t,512GB,,abbfdee2-d4ad-4266-9e7b-74ba798204cf.json,,512,M.2-2280,B0C7TS8RQR,,,,,,M.2 PCIe 4.0 x4,,,NT01NV7000t-512-E4X | NV7000-t,True,SSD,SSD
abccdad6-7ba6-4aaa-9675-55b3b5b40178,"Kingston SSDNow UV400 120GB SSD 2.5"" SATA",Kingston,SSDNow,120GB,,abccdad6-7ba6-4aaa-9675-55b3b5b40178.json,,120,"2.5""",,,,,,,SATA 6.0 Gb/s,,,SUV400S37 | 120G,False,SSD,SSD
abce0581-ed3a-4e67-a878-ea138523bff3,Netac NV5000 500GB SSD M.2-2280 PCIe 4.0 X4 NVME,Netac,NV5000,500GB,,abce0581-ed3a-4e67-a878-ea138523bff3.json,,500,M.2-2280,,,,,,,M.2 PCIe 4.0 x4,,,NT01NV5000-500-E4X,True,SSD,SSD
abed9ced-8ad1-4d8a-8353-472501c4f41f,"Crucial BX100 250GB SSD 2.5"" SATA",Crucial,BX100,250GB,,abed9ced-8ad1-4d8a-8353-472501c4f41f.json,,250,"2.5""",,,,,,,SATA 6.0 Gb/s,,,CT250BX100SSD1,False,SSD,SSD
abf297db-c8bb-49c3-93a3-dc88f4a8794c,TEAMGROUP T-Force Z44A7Q 2TB SSD M.2 PCIe 4.0 X4 NVMe,TEAMGROUP,T-Force,2000GB,,abf297db-c8bb-49c3-93a3-dc88f4a8794c.json,,2000,M.2-2280,,,,,,,M.2 PCIe 4.0 x4,,,TM8FFW002T0C129,True,SSD,SSD
abf43526-e267-46d0-bd97-737e146b21c8,"Western Digital Caviar Blue 1TB HDD 7200RPM 3.5"" SATA 3.0 Gb/s Internal",Western Digital,Caviar,1000GB,,abf43526-e267-46d0-bd97-737e146b21c8.json,,1000,"3.5""",B0036QF0BE,,,,,,SATA 3.0 Gb/s,,,WD10EALS,False,HDD,HDD
ac0680d8-3a24-4ceb-8325-fa0793058297,"Western Digital WD Blue 2TB 2.5"" SSD SATA",Western Digital,WD,2000GB,,ac0680d8-3a24-4ceb-8325-fa0793058297.json,,2000,"2.5""",,,,,,,SATA 6.0 Gb/s,,,WDBNCE0020PNC-WRSN,False,SSD,SSD
ac0c624c-24ec-43f7-99e7-007e71d72d44,Western Digital SN720 512GB SSD M.2-2280 PCIe 3.0 x4 NVMe,Western Digital,SN720,512GB,,ac0c624c-24ec-43f7-99e7-007e71d72d44.json,,512,M.2-2280,,,,,,,M.2 PCIe 3.0 x4,,,SDAPNTW-512G,True,SSD,SSD
ac117eed-f4e6-4cee-91ab-c8b5ff2222c8,"SanDisk SSD PLUS 240GB SSD 2.5"" SATA",SanDisk,SSD,240GB,,ac117eed-f4e6-4cee-91ab-c8b5ff2222c8.json,,240,"2.5""",B01F9G43WU,5394603,,,N82E16820173151,54277072,SATA 6.0 Gb/s,,,SDSSDA-240G-G26,False,SSD,SSD
ac1e36c1-ef54-49bc-aceb-dd4936915ddd,"Western Digital WD_BLACK 8TB HDD 7200RPM 3.5"" SATA 6.0 Gb/s Internal",Western Digital,WD_BLACK,8000GB,,ac1e36c1-ef54-49bc-aceb-dd4936915ddd.json,,8000,"3.5""",B09NCNGBDG,,,,N82E16822234500,532180058,SATA 6.0 Gb/s,,,WD8002FZWX | WD8002FZWX-SPBKUA0,False,HDD,HDD
ac1ec56c-a859-42dd-aa28-203b2aec2063,Lexar NM990 4TB M.2-2280 SSD PCIe 5.0 X4 NVMe,Lexar,NM990,4000GB,,ac1ec56c-a859-42dd-aa28-203b2aec2063.json,,4000,M.2-2280,,,,,,,M.2 PCIe 5.0 x4,,,LNM990X004T-RNNNG,True,SSD,SSD
ac413da7-5e7d-4d7d-a6ec-94164c726189,"Kingston SSDNow V300 120GB SSD 2.5"" SATA",Kingston,SSDNow,120GB,,ac413da7-5e7d-4d7d-a6ec-94164c726189.json,,120,"2.5""",B00A1ZTZOG,,,,9SIAADF6A51479,24727369,SATA 6.0 Gb/s,,,SV300S37A | 120G | SV300S37A/120G,False,SSD,SSD
ac47645f-924e-4e60-a631-742001acd09c,KIOXIA EXCERIA PRO 1TB SSD M.2-2280 PCIe 4.0 x4 NVMe,KIOXIA,EXCERIA,1000GB,,ac47645f-924e-4e60-a631-742001acd09c.json,,1000,M.2-2280,,,,,,,M.2 PCIe 4.0 x4,,,LSE10Z001TG8,True,SSD,SSD
ac758e8f-d48b-4172-8e43-07f06772d517,"Samsung 750 Evo 500GB SSD 2.5"" SATA",Samsung,750,500GB,,ac758e8f-d48b-4172-8e43-07f06772d517.json,,500,"2.5""",,,,,,,SATA 6.0 Gb/s,,,MZ-750500BW,False,SSD,SSD
ac796918-a85d-4e4b-afdf-1912d047cc61,Acer FA100 2TB SSD M.2 PCIe 3.0 NVMe,Acer,FA100,2000GB,,ac796918-a85d-4e4b-afdf-1912d047cc61.json,,2000,M.2-2280,B08Z3P65PX,,,,9SIARDJHWR6937,,M.2 PCIe 3.0 x4,,,BL.9BWWA.121 | FA100,True,SSD,SSD
ac826bd9-5ef7-426e-93e0-99008c68c7ae,"FanXiang S101 2TB SSD 2.5"" SATA",FanXiang,S101,2000GB,,ac826bd9-5ef7-426e-93e0-99008c68c7ae.json,,2000,"2.5""",B0BWXK95PY,,,,,,SATA 6.0 Gb/s,,,S101-2TB | 2tb ssd - S101 | 2TB SSD - SATA - S101 | S101,False,SSD,SSD
ac833c6b-12c6-4932-9637-6960d424bb9b,TEAMGROUP MP33 1TB M.2-2280 SSD PCIe 3.0 x4 NVMe,TEAMGROUP,MP33,1000GB,2020,ac833c6b-12c6-4932-9637-6960d424bb9b.json,,1000,M.2-2280,,,,https://www.teamgroupinc.com/en/product-detail/ssd/TEAMGROUP/mp33/mp33-TM8FP6001T0C101/,,,M.2 PCIe 3.0 x4,,2026-03-21T20:50:06.662Z,TM8FP6001T0C101 | TEAUSDX128GIV30A103 | TESDXC128GIV3069,True,SSD,
ac841878-9aee-44cf-b72c-6c52b2752e09,"Toshiba X300 4TB 3.5"" HDD 7200RPM SATA",Toshiba,X300,4000GB,,ac841878-9aee-44cf-b72c-6c52b2752e09.json,,4000,"3.5""",,,,,,,SATA 6.0 Gb/s,,,HDWR440XZSTA,False,HDD,HDD
ac9eef29-43a8-496f-aae9-df155422769e,Silicon Power UD85 4TB SSD M.2-2280 PCIe 4.0 NVMe,Silicon Power,UD85,4000GB,,ac9eef29-43a8-496f-aae9-df155422769e.json,,4000,M.2-2280,,,,,,,M.2 PCIe 4.0 x4,,,SP04KGBP44UD8505,True,SSD,SSD
aca3b489-3c23-4dca-acc8-a566e5e10ff6,OCZ RevoDrive 3 120GB SSD PCIe PCIe x4 NVMe,OCZ,RevoDrive,120GB,,aca3b489-3c23-4dca-acc8-a566e5e10ff6.json,,120,PCIe,,,,,,,M.2 PCIe 3.0 x4,,,RVD3-FHPX4-120G,True,SSD,SSD
acad50dc-0171-4287-add7-d2fbe4cf319d,Toshiba XG6 256GB SSD M.2-2280 PCIe 3.0 x4 NVMe,Toshiba,XG6,256GB,,acad50dc-0171-4287-add7-d2fbe4cf319d.json,,256,M.2-2280,,,,,,,M.2 PCIe 3.0 x4,,,KXG60ZNV256G,True,SSD,SSD
acb17575-ce88-4883-b1ec-f0e9ef18002a,"Western Digital Purple 2TB 3.5"" HDD 5400RPM SATA 6.0 Gb/s",Western Digital,Purple,2000GB,,acb17575-ce88-4883-b1ec-f0e9ef18002a.json,,2000,"3.5""",B00IMPO5MO,,,,,,SATA 6.0 Gb/s,,,WD20PURX,False,HDD,HDD
acb72444-df98-40b5-80ad-c3d500496666,Gigabyte AORUS Gen5 14000 2TB SSD M.2 PCIe 5.0 NVMe,Gigabyte,AORUS,2000GB,,acb72444-df98-40b5-80ad-c3d500496666.json,,2000,M.2-2280,,,,,N82E16820009049,,M.2 PCIe 5.0 x4,,,AG514K2TB,True,SSD,SSD
acb798a3-1483-4013-9cf3-010f3d3a4103,"Seagate IronWolf Pro 8TB 3.5"" HDD 7200RPM SATA",Seagate,IronWolf,8000GB,,acb798a3-1483-4013-9cf3-010f3d3a4103.json,,8000,"3.5""",B0B94L4K2J,,,,N82E16822185077,5482580808,SATA 6.0 Gb/s,,,ST8000NT001,False,HDD,HDD
acbe738e-cdff-4334-a3e6-830d6b56d98e,"Silicon Power A55 1TB SSD 2.5"" SATA",Silicon Power,A55,1000GB,,acbe738e-cdff-4334-a3e6-830d6b56d98e.json,,1000,"2.5""",B07B4G19X3,,,,N82E16820301382,730595442,SATA 6.0 Gb/s,,,SP001TBSS3A55S25 | SU001TBSS3A55S25NE,False,SSD,SSD
acd3ca52-5fc1-4457-9c00-250a77ad7a0c,"Lexar NQ100 240GB SSD 2.5"" SATA",Lexar,NQ100,240GB,,acd3ca52-5fc1-4457-9c00-250a77ad7a0c.json,,240,"2.5""",B08TZXZ3PG,,,,,940223527,SATA 6.0 Gb/s,,,LNQ100X240G-RNNNG | LNQ100X240G-RNNNU,False,SSD,SSD
acec49c7-eac5-4c86-a157-10b24b369fe5,"Patriot P210 2TB SSD 2.5"" SATA 6.0 Gb/s",Patriot,P210,2000GB,,acec49c7-eac5-4c86-a157-10b24b369fe5.json,,2000,"2.5""",B087K9L7S7,,,,N82E16820225233,180782580,SATA 6.0 Gb/s,,,P210S2TB25,False,SSD,SSD
acf93c92-53e5-4d55-af58-27c8df408f03,Lexar NM1090 w/ Heatsink 1TB SSD M.2 PCIe 5.0 NVMe,Lexar,NM1090,1000GB,,acf93c92-53e5-4d55-af58-27c8df408f03.json,,1000,M.2-2280,,,,,,,M.2 PCIe 5.0 x4,,,LNM1090001T-RNANU | LNM1090001T-RNANG,True,SSD,SSD
acff2b66-9987-4e41-bd8d-d9ddce512b37,"Seagate NAS 4TB HDD 3.5"" 5400RPM SATA 6.0 Gb/s Internal",Seagate,NAS,4000GB,,acff2b66-9987-4e41-bd8d-d9ddce512b37.json,,4000,"3.5""",,,,,,,SATA 6.0 Gb/s,,,ST4000VN003,False,HDD,HDD
ad060ea1-8014-4230-9a60-c74f3ce3de24,Sabrent Rocket 500GB SSD M.2-2280 PCIe 4.0 X4 NVMe,Sabrent,Rocket,500GB,,ad060ea1-8014-4230-9a60-c74f3ce3de24.json,,500,M.2-2280,,,,,,,M.2 PCIe 4.0 x4,,,SB-NVMe4-HTSK-500,True,SSD,SSD
ad0f8810-5b76-4c7d-9152-687e7018c91a,Sabrent Rocket 4 Plus 4TB SSD M.2-2280 PCIe 4.0 x4 NVMe,Sabrent,Rocket,4000GB,,ad0f8810-5b76-4c7d-9152-687e7018c91a.json,,4000,M.2-2280,B08VF99PV8,,,,0D9-001Y-00094,385319770,M.2 PCIe 4.0 x4,,,SB-RKT4P-4TB,True,SSD,SSD
ad2cf329-73d9-4d2f-a743-c7341ac85adb,Sabrent Rocket 512GB M.2 SSD PCIe 3.0 NVMe,Sabrent,Rocket,512GB,,ad2cf329-73d9-4d2f-a743-c7341ac85adb.json,,512,M.2-2280,B07KGMBCKD,,,,9SIBK19JMJ3368,294882500,M.2 PCIe 3.0 x4,,,SB-ROCKET-512,True,SSD,SSD
ad305212-8a3d-4df2-bcc8-a51413314083,"Western Digital WDBMMA0030HNC-NRSN 3TB HDD 5400RPM 3.5"" SATA",Western Digital,WDBMMA0030HNC-NRSN,3000GB,,ad305212-8a3d-4df2-bcc8-a51413314083.json,,3000,"3.5""",B00D8X0IEY,,,,,,SATA 6.0 Gb/s,,,WDBMMA0030HNC-NRSN,False,HDD,HDD
ad6b5ab8-61b7-4393-ab12-889dcc8b5931,"Toshiba X300 8TB HDD 3.5"" 7200RPM SATA",Toshiba,X300,8000GB,,ad6b5ab8-61b7-4393-ab12-889dcc8b5931.json,,8000,"3.5""",B074BTZ2YJ,,,,,,SATA 6.0 Gb/s,,,HDWF180XZSTA,False,HDD,HDD
ad7a0cf8-3d84-4919-a243-f35279f4b349,"Samsung PM871b 128GB SSD 2.5"" SATA",Samsung,PM871b,128GB,,ad7a0cf8-3d84-4919-a243-f35279f4b349.json,,128,"2.5""",,,,,,,SATA 6.0 Gb/s,,,MZ7LN128HAHQ,False,SSD,SSD
ad8fbe19-3d8c-4780-a767-b61981570a75,"Toshiba DT01ACA300 3TB 3.5"" HDD 7200RPM SATA 6.0 Gb/s",Toshiba,DT01ACA300,3000GB,,ad8fbe19-3d8c-4780-a767-b61981570a75.json,,3000,"3.5""",,,,,,,SATA 6.0 Gb/s,,,DT01ACA300,False,HDD,HDD
adb2d7d8-147b-4c12-91d5-53e60d2ae927,Silicon Power A80 512GB SSD M.2-2280 PCIe 3.0 x4 NVMe,Silicon Power,A80,512GB,,adb2d7d8-147b-4c12-91d5-53e60d2ae927.json,,512,M.2-2280,,,,,,,M.2 PCIe 3.0 x4,,,SP512GBP34A80M28,True,SSD,SSD
adb8ba50-093a-49fe-b971-ffc61d91c2f7,Western Digital PC SN730 1TB M.2 SSD PCIe 3.0 x4 NVMe,Western Digital,PC,1000GB,,adb8ba50-093a-49fe-b971-ffc61d91c2f7.json,,1000,M.2-2280,,,,,,,M.2 PCIe 3.0 x4,,,SDBPNTY-1TOO,True,SSD,SSD
ade21739-3174-4d9d-a9d6-548cae63fa1a,Integral Edge Gen5 w/ Heatsink 1TB SSD M.2-2280 PCIe 5.0 X4 NVMe,Integral,Edge,1000GB,,ade21739-3174-4d9d-a9d6-548cae63fa1a.json,,1000,M.2-2280,B0CX97GF4T,,,,,,M.2 PCIe 5.0 x4,,,INSSD1TM2280G5EDGEHSX,True,SSD,SSD
adf642ef-23df-4e8d-8cb3-8ab9ff815785,"Seagate Exos X22 22TB HDD 3.5"" SATA",Seagate,Exos,22000GB,,adf642ef-23df-4e8d-8cb3-8ab9ff815785.json,,22000,"3.5""",B0C3B2MVLJ,,,,,3766989963,SATA 6.0 Gb/s,,,ST22000NM001E,False,HDD,HDD
adfa2db4-1579-41f0-8643-29ab46e9c01d,Klevv CRAS C715 512GB SSD M.2-2280 PCIe 4.0 x4 NVMe,Klevv,CRAS,512GB,,adfa2db4-1579-41f0-8643-29ab46e9c01d.json,,512,M.2-2280,,,,,,,M.2 PCIe 4.0 x4,,,K512GM2SP0-C7T,True,SSD,SSD
ae14b480-da0b-4519-96be-18ae8e68abc1,ADATA LEGEND 840 512GB M.2 SSD PCIe 4.0 NVMe,ADATA,LEGEND,512GB,,ae14b480-da0b-4519-96be-18ae8e68abc1.json,,512,M.2-2280,,,,,,,M.2 PCIe 4.0 x4,,,ALEG-840-512GCS,True,SSD,SSD
ae1d5110-dee1-4d71-884b-fe1b0d6b59be,Integral M 1TB SSD M.2 PCIe 3.0 NVMe,Integral,M,1000GB,,ae1d5110-dee1-4d71-884b-fe1b0d6b59be.json,,1000,M.2-2280,,,,,,,M.2 PCIe 3.0 x4,,,INSSD1TM280NM1,True,SSD,SSD
ae24a291-80af-44cf-917c-ca9daf329dca,Rocket Q NVMe SSD,Sabrent,Rocket Q,Default Title,2021,ae24a291-80af-44cf-917c-ca9daf329dca.json,,4000,M.2-2280,B087N7HLRV,,,,9SIAME8BBG1221,705869490,M.2 PCIe 3.0 x4,,,SB-RKTQ-4TB,True,SSD,SSD
ae34c578-7068-4015-b040-c89e846ea640,KingSpec XG7000 512GB M.2-2242 SSD PCIe 4.0 x4 NVMe,KingSpec,XG7000,512GB,,ae34c578-7068-4015-b040-c89e846ea640.json,,512,M.2-2242,B0CHW4YPCW,,,,0D9-000D-00183,,M.2 PCIe 4.0 x4,,,XG7000-512 2242,True,SSD,SSD
ae4b2515-1a94-4d45-978b-10ec3250017b,Intel Optane 900P 480GB SSD PCIe PCIe NVMe,Intel,Optane,480GB,,ae4b2515-1a94-4d45-978b-10ec3250017b.json,,480,PCIe,,,,,,,M.2 PCIe 3.0 x4,,,SSDPED1D480GASX,True,SSD,SSD
ae5a3d21-ec52-433b-85da-d67ecb82faac,Silicon Power 1TB NVMe PCIe Gen3 x4 M.2 2280 SSD (SU001TBP34A60M28SN),Silicon Power,P34A60,1TB,2022,ae5a3d21-ec52-433b-85da-d67ecb82faac.json,,1024,M.2-2280,B07ZGJVTZK,,,,,12865765630,M.2 PCIe 3.0 x4,,,FIN-SP001TBP34A60M28 | SP001TBP34A60M28,True,SSD,SSD
ae5fb24f-5ced-4069-bebd-41bdbc76c497,"SAMSUNG 970 EVO M.2 2280 250GB PCIe Gen3. X4, NVMe 1.3 64L V-NAND 3-bit MLC Internal Solid State Drive (SSD) MZ-V7E250BW",Samsung,970 EVO,,2018,ae5fb24f-5ced-4069-bebd-41bdbc76c497.json,,250,M.2-2280,B07CGGNX7S,,,,,,M.2 PCIe 3.0 x4,,,MZ-V7E250BW,True,SSD,SSD
ae6cca62-36bb-4813-947b-48ec07b1e6c6,MSI SPATIUM M580 FROZR 4TB SSD M.2-2280 PCIe 5.0 X4 NVMe,MSI,SPATIUM,4000GB,,ae6cca62-36bb-4813-947b-48ec07b1e6c6.json,,4000,M.2-2280,B0DC7NPJK6,,,,N82E16820140057,9530419110,M.2 PCIe 5.0 x4,,,SM580PN4TBF | SPATIUM M580 PCIe 5.0 NVMe M.2 4TB FROZR | SPATIUM M580,True,SSD,SSD
ae7043b3-7952-4f51-91db-2de4c1619b16,Transcend 220S 512GB SSD M.2-2280 PCIe 3.0 x4 NVMe,Transcend,220S,512GB,,ae7043b3-7952-4f51-91db-2de4c1619b16.json,,512,M.2-2280,B07MTWMR18,,,,,498165993,M.2 PCIe 3.0 x4,,,TS512GMTE220S,True,SSD,SSD
ae7a5766-cdc4-4185-80e0-45049aa43ce5,ADATA MARS 980 BLADE 2TB SSD M.2-2280 PCIe 5.0 X4 NVMe,ADATA,MARS,2000GB,,ae7a5766-cdc4-4185-80e0-45049aa43ce5.json,,2000,M.2-2280,,,,,,,M.2 PCIe 5.0 x4,,,SMAR-980B-2TCS,True,SSD,SSD
ae857bce-16f4-4c8a-b7e4-bb21c7d0ca3e,Solidigm P41 Plus 1TB SSD M.2 PCIe 4.0 NVMe,Solidigm,P41,1000GB,,ae857bce-16f4-4c8a-b7e4-bb21c7d0ca3e.json,,1000,M.2-2280,B0B983Y4QD,,,,N82E16820329021,1361050325,M.2 PCIe 4.0 x4,,,SSDPFKNU010TZX1 | 14489229000,True,SSD,SSD
ae9654a8-f598-4451-9687-340fc631265b,Kingston Fury Renegade 2TB SSD M.2 PCIe 4.0 NVMe,Kingston,Fury,2000GB,2025,ae9654a8-f598-4451-9687-340fc631265b.json,2048,2000,M.2-2280,B09K36S11S,,28474,,N82E16820242656,767281888,M.2 PCIe 4.0 x4,,,SFYRD/2000G,True,SSD,
aeb65ba1-93b6-4fdf-8fd4-64b10dc2c675,"Samsung 750 EVO 250GB SSD 2.5"" SATA 6.0 Gb/s",Samsung,750,250GB,,aeb65ba1-93b6-4fdf-8fd4-64b10dc2c675.json,,250,"2.5""",,,,,,,SATA 6.0 Gb/s,,,MZ-750250BW,False,SSD,SSD
aec8b946-ec4c-4d9a-95e0-6990c82dbf93,"SanDisk X300S 256GB SSD 2.5"" SATA",SanDisk,X300S,256GB,,aec8b946-ec4c-4d9a-95e0-6990c82dbf93.json,,256,"2.5""",,,,,,,SATA 6.0 Gb/s,,,SD7UB3Q-256G-1122,False,SSD,SSD
aefd0354-7331-4c4a-ba5c-929587135cfe,Crucial T700 W/Heatsink 1TB SSD M.2-2280 PCIe 5.0 X4 NVMe,Crucial,T700,1000GB,,aefd0354-7331-4c4a-ba5c-929587135cfe.json,,1000,M.2-2280,B0C3K344ZV,6544914,,,N82E16820156332R,1864790191,M.2 PCIe 5.0 x4,,,CT1000T700SSD5,True,SSD,SSD
af22ed88-ffa9-4b78-8a01-842734957e39,"OCZ Agility 3 256GB SSD 2.5"" SATA",OCZ,Agility,256GB,,af22ed88-ffa9-4b78-8a01-842734957e39.json,,256,"2.5""",,,,,,,SATA 6.0 Gb/s,,,AGT3-25SAT3-256G,False,SSD,SSD
af24d67b-c072-481f-8f75-0045a1d1c4f7,"Seagate IronWolf NAS 10TB HDD 7200RPM 3.5"" SATA",Seagate,IronWolf,10000GB,,af24d67b-c072-481f-8f75-0045a1d1c4f7.json,,10000,"3.5""",,,,,N82E16822184973,,SATA 6.0 Gb/s,,,ST10000VN000,False,HDD,HDD
af5df2e8-2369-4b84-9564-969081396c2a,Corsair MP600 PRO NH 8TB M.2 SSD PCIe 4.0 NVMe,Corsair,MP600,8000GB,,af5df2e8-2369-4b84-9564-969081396c2a.json,,8000,M.2-2280,B0BJKV2MZ6,,,,N82E16820236921,2341877234,M.2 PCIe 4.0 x4,,,CSSD-F8000GBMP600PNH,True,SSD,SSD
af5eef83-a5fb-4320-bc62-a99adae08039,Leven JPS600 2TB M.2 SSD PCIe 3.0 NVMe,Leven,JPS600,2000GB,,af5eef83-a5fb-4320-bc62-a99adae08039.json,,2000,M.2-2280,B0BMTSBB7Y,,,,,,M.2 PCIe 3.0 x4,,,JPS600-2TB,True,SSD,SSD
af750e08-0203-4fa6-8802-57d633e345aa,Intel Optane P1600X 118GB SSD M.2-2280 PCIe 3.0 x4 NVMe,Intel,Optane,118GB,,af750e08-0203-4fa6-8802-57d633e345aa.json,,118,M.2-2280,B09MSB59SK,,,,1Z4-009F-00621,346642265,M.2 PCIe 3.0 x4,,,SSDPEK1A118GA01,True,SSD,SSD
af77bd1a-ce5d-4943-8bbb-b74bd5f0dcb1,Corsair MP700 Elite 1TB SSD M.2-2280 PCIe 5.0 NVMe,Corsair,MP700,1000GB,,af77bd1a-ce5d-4943-8bbb-b74bd5f0dcb1.json,,1000,M.2-2280,B0DKP1WH7Y,,,,,13728201612,M.2 PCIe 5.0 x4,,,CSSD-F1000GBMP700ENH,True,SSD,SSD
af9687b9-65c8-4471-91f3-20183f072dba,"Western Digital Gold 12TB HDD 3.5"" 7200RPM SATA",Western Digital,Gold,12000GB,,af9687b9-65c8-4471-91f3-20183f072dba.json,,12000,"3.5""",B075L6FJH8,,,,,112431891,SATA 6.0 Gb/s,,,WD121KRYZ | WD122KRYZ-SPCDAB0,False,HDD,HDD
afca4522-5005-40d0-b1d7-4d27c0e84b8b,"Hitachi Ultrastar 2TB HDD 3.5"" SATA",Hitachi,Ultrastar,2000GB,,afca4522-5005-40d0-b1d7-4d27c0e84b8b.json,,2000,"3.5""",B07HF9L5CT,,,,,587135319,SATA 6.0 Gb/s,,,HUS722T2TALA604 | 1W10002,False,HDD,HDD
afcf2830-bde1-478f-9af4-b25bdfb6a716,"Samsung PM893 960GB SSD 2.5"" SATA 6.0 Gb/s",Samsung,PM893,960GB,,afcf2830-bde1-478f-9af4-b25bdfb6a716.json,,960,"2.5""",B0B84DNR99,,,,N82E16820147856,,SATA 6.0 Gb/s,,,MZ-7L396000,False,SSD,SSD
afed2766-354c-4144-a915-025848f59766,KingSpec XG7000 1TB SSD M.2-2280 PCIe 4.0 X4 NVMe,KingSpec,XG7000,1000GB,,afed2766-354c-4144-a915-025848f59766.json,,1000,M.2-2280,B0C58DL26N,,,,0D9-000D-00171,,M.2 PCIe 4.0 x4,,,XG 7000-1TB | XG7000-1TB,True,SSD,SSD
aff2f3b9-de8b-446b-a583-c36dde5d4af4,"Hitachi Ultrastar He10 10TB HDD 7200RPM 3.5"" SATA",Hitachi,Ultrastar,10000GB,,aff2f3b9-de8b-446b-a583-c36dde5d4af4.json,,10000,"3.5""",,,,,,,SATA 6.0 Gb/s,,,HUH721010ALE600,False,HDD,HDD
b00cdf00-9171-4033-8137-362c174fb433,Intel 600p 1TB M.2 SSD PCIe 3.0 NVMe,Intel,600p,1000GB,,b00cdf00-9171-4033-8137-362c174fb433.json,,1000,M.2-2280,B01K4I77GM,,,,,114022721,M.2 PCIe 3.0 x4,,,SSDPEKKW010T7X1 | SSDPEKNW010T801,True,SSD,SSD
b01413ca-140f-458e-b274-c4bc6eb6158f,"970 EVO PLUS 500GB PCIe Gen 3.0 x4, NVMe 1.3 V-NAND Internal Solid State Drive",Samsung,970 EVO PLUS,500GB,2019,b01413ca-140f-458e-b274-c4bc6eb6158f.json,,500,M.2-2280,B07MFZY2F2,6324470,,,N82E16820147743,631459676,M.2 PCIe 3.0 x4,,,MZ-V7S1T0B/AM,True,SSD,SSD
b0230445-8b5e-4945-9f92-aee357e2ae98,ADATA XPG MARS 980 PRO 1TB SSD M.2-2280 PCIe 5.0 X4 NVMe,ADATA,XPG,1000GB,,b0230445-8b5e-4945-9f92-aee357e2ae98.json,,1000,M.2-2280,,,,,,,M.2 PCIe 5.0 x4,,,SMAR-980P-1TCI,True,SSD,SSD
b0266fd6-e047-48ca-bb31-583ac8e56d7a,"Samsung 845DC EVO 240GB SSD 2.5"" SATA",Samsung,845DC,240GB,,b0266fd6-e047-48ca-bb31-583ac8e56d7a.json,,240,"2.5""",,,,,,,SATA 6.0 Gb/s,,,MZ-7GE240EW,False,SSD,SSD
b0297735-5f5c-43f9-b292-8c51ddb4919d,"Western Digital WD_BLACK 6TB HDD 7200RPM 3.5"" SATA 6.0 Gb/s Internal",Western Digital,WD_BLACK,6000GB,,b0297735-5f5c-43f9-b292-8c51ddb4919d.json,,6000,"3.5""",B0792GSD6N,,,,9SIA6ZP70Z2352,,SATA 6.0 Gb/s,,,WD6003FZBX,False,HDD,HDD
b02df66e-ca5c-4988-ba47-09e4cf51c580,"Samsung SM863 480GB SSD 2.5"" SATA",Samsung,SM863,480GB,,b02df66e-ca5c-4988-ba47-09e4cf51c580.json,,480,"2.5""",,,,,,,SATA 6.0 Gb/s,,,MZ-7KM4800,False,SSD,SSD
b078be25-f33d-4992-9422-2a5aaf845a8d,Orico O7000 2TB M.2-2280 SSD PCIe 4.0 X4 NVMe,Orico,O7000,2000GB,,b078be25-f33d-4992-9422-2a5aaf845a8d.json,,2000,M.2-2280,B0CQM3HG5S,,,,,,M.2 PCIe 4.0 x4,,,O7000-2TB | ORICO-O7000-2TB-GD-EP,True,SSD,SSD
b0836146-1b30-490a-abc0-8d0a5865d996,"Seagate IronWolf Pro 8TB HDD 7200RPM 3.5"" SATA",Seagate,IronWolf,8000GB,,b0836146-1b30-490a-abc0-8d0a5865d996.json,,8000,"3.5""",,,,,,,SATA 6.0 Gb/s,,,ST8000NE0021,False,HDD,HDD
b085d7d5-9eb8-4a5a-84f1-53991936f2c2,Western Digital WD_BLACK SN8100 w/Heatsink 2TB SSD M.2-2280 PCIe 5.0 x4 NVMe,Western Digital,WD_BLACK,2000GB,,b085d7d5-9eb8-4a5a-84f1-53991936f2c2.json,2048,2000,M.2-2280,,,,,,,M.2 PCIe 5.0 x4,,,WDS200T1XHM | WDS200T1XHM-00CMT0,True,SSD,SSD
b08e518a-802d-461f-951c-03ba7bf2f854,"Seagate EXOS Enterprise 16TB 3.5"" HDD 7200RPM SATA 6.0 Gb/s",Seagate,EXOS,16000GB,,b08e518a-802d-461f-951c-03ba7bf2f854.json,,16000,"3.5""",B08JV7N6J1,,,,1Z4-002P-015K6,846022093,SATA 6.0 Gb/s,,,ST16000NM001G | ST16000NM000J,False,HDD,HDD
b0b87ec6-0372-4f4c-8ba7-f798a1f88a07,"Western Digital SE 3TB HDD 3.5"" SATA",Western Digital,SE,3000GB,,b0b87ec6-0372-4f4c-8ba7-f798a1f88a07.json,,3000,"3.5""",B00CYSYZZC,,,,,26838848,SATA 6.0 Gb/s,,,WD3000F9YZ,False,HDD,HDD
b0cc55de-e312-44ef-b81c-2e74fd1d5bb7,Addlink S93 1TB M.2-2280 SSD PCIe 4.0 X4 NVMe,Addlink,S93,1000GB,,b0cc55de-e312-44ef-b81c-2e74fd1d5bb7.json,,1000,M.2-2280,,,,,,,M.2 PCIe 4.0 x4,,,ad1TBS93M2P,True,SSD,SSD
b0da0918-f1a5-4396-969f-34a1639b6596,TEAMGROUP T-Create Classic 1TB SSD M.2-2280 PCIe 4.0 X4 NVMe,TEAMGROUP,T-Create,1000GB,,b0da0918-f1a5-4396-969f-34a1639b6596.json,,1000,M.2-2280,,,,,,,M.2 PCIe 4.0 x4,,,TM8FPH001T0C611,True,SSD,SSD
b0dc4c43-17ae-48ae-ace0-67980309dc8a,"Seagate 600 240GB 2.5"" SSD SATA",Seagate,600,240GB,,b0dc4c43-17ae-48ae-ace0-67980309dc8a.json,,240,"2.5""",,,,,,,SATA 6.0 Gb/s,,,ST240HM000,False,SSD,SSD
b0ebd5c1-42f4-4ed9-ba4d-1a574e26bd39,"Toshiba DT01ACA 2TB HDD 3.5"" SATA",Toshiba,DT01ACA,2000GB,,b0ebd5c1-42f4-4ed9-ba4d-1a574e26bd39.json,,2000,"3.5""",,,,,,,SATA 6.0 Gb/s,,,HDKPC09,False,HDD,HDD
b0f2f1aa-6e90-4359-a7bf-e527274bfc66,Patriot P320 256GB M.2-2280 SSD PCIe 3.0 x4 NVMe,Patriot,P320,256GB,,b0f2f1aa-6e90-4359-a7bf-e527274bfc66.json,,256,M.2-2280,B0D4S1F5R6,,,,,,M.2 PCIe 3.0 x4,,,P320P256GM28,True,SSD,SSD
b0f305cd-9c32-482c-8d66-6b405d5dec12,"Seagate ST1000LM014 1 TB Hybrid Internal 5400 RPM 2.5"" SATA 6.0 Gb/s",Seagate,ST1000LM014,1000GB,,b0f305cd-9c32-482c-8d66-6b405d5dec12.json,,1000,"2.5""",B00C57SO1I,,,,,26819954,SATA 6.0 Gb/s,,,ST1000LM014 | ST-1000LM014,False,SSHD,SSHD
b0faac5d-e2cd-4f95-8cd1-2949a584543e,"Western Digital WD Blue 6TB HDD 3.5"" 5400RPM SATA 3.0 Gb/s Internal",Western Digital,WD,6000GB,,b0faac5d-e2cd-4f95-8cd1-2949a584543e.json,,6000,"3.5""",B0BNGL4BND,9026016,,,N82E16822234535,2053260756,SATA 3.0 Gb/s,,,WD60EZAX | WD60EZAX-SPC8VB0,False,HDD,HDD
b101fd70-2edc-4134-8b23-6de866b43a44,"Seagate SV35 2TB HDD 5900 RPM 3.5"" SATA",Seagate,SV35,2000GB,,b101fd70-2edc-4134-8b23-6de866b43a44.json,,2000,"3.5""",,,,,,,SATA 6.0 Gb/s,,,ST2000VX002,False,HDD,HDD
b1177d1b-1a70-46fc-82d6-a743de0759cb,Gigabyte AORUS Gen4 7000s 2TB M.2-2280 SSD PCIe 4.0 X4 NVMe,Gigabyte,AORUS,2000GB,,b1177d1b-1a70-46fc-82d6-a743de0759cb.json,,2000,M.2-2280,B08XY93JT3,,,,9SIAGBAK446070,339776557,M.2 PCIe 4.0 x4,,,GP-AG70S2TB,True,SSD,SSD
b118beb7-359b-4424-84b2-1d6a183c998e,"Hitachi Ultrastar He12 12TB HDD 3.5"" 7200RPM SATA",Hitachi,Ultrastar,12000GB,,b118beb7-359b-4424-84b2-1d6a183c998e.json,,12000,"3.5""",B074JLD6KF,,,,,,SATA 6.0 Gb/s,,,0F30145,False,HDD,HDD
b1527889-3877-4c57-8ff5-e169f5f5bbc6,SK Hynix Platinum P51 1TB M.2-2280 SSD PCIe 5.0 X4 NVMe,SK Hynix,Platinum,1000GB,,b1527889-3877-4c57-8ff5-e169f5f5bbc6.json,,1000,M.2-2280,B0F51XLPV8,,,,N82E16820329025,17399550176,M.2 PCIe 5.0 x4,,,SKH-P51-1TB | HFS1T0GFM9X1902,True,SSD,SSD
b1776d03-4906-49c7-80dc-939a1b62c815,"Seagate BarraCuda Pro 12TB 3.5"" HDD 7200RPM SATA 6.0 Gb/s",Seagate,BarraCuda,12000GB,,b1776d03-4906-49c7-80dc-939a1b62c815.json,,12000,"3.5""",B075XNL17G,,,,,852562255,SATA 6.0 Gb/s,,,ST12000DM0007,False,HDD,HDD
b17c4c87-b4da-4c55-9482-42e4891db05a,Rocket NVMe 4.0 SSD - 2TB M.2 2280 PCIe 4.0 NVMe TLC SSD + Heatsink,Sabrent,Rocket NVMe 4.0,2TB,2023,b17c4c87-b4da-4c55-9482-42e4891db05a.json,,2000,M.2-2280,B07TLZVBNC,,,,9SIBK19JMM4341,932481192,M.2 PCIe 4.0 x4,,,SB-ROCKET-NVMe4-HTSK-2TB,True,SSD,SSD
b1a448a3-5626-4f33-ab05-65fb2f3e1b88,PNY CS1031 2TB SSD M.2-2280 PCIe 3.0 x4 NVMe,PNY,CS1031,2000GB,,b1a448a3-5626-4f33-ab05-65fb2f3e1b88.json,,2000,M.2-2280,B0BDQQWY26,,,,,,M.2 PCIe 3.0 x4,,,M280CS1031-2TB-CL,True,SSD,SSD
b1b91e25-9b67-43cf-82e5-28b7efd38660,"Hitachi Deskstar NAS 4TB 3.5"" HDD 7200RPM SATA 6.0 Gb/s",Hitachi,Deskstar,4000GB,,b1b91e25-9b67-43cf-82e5-28b7efd38660.json,,4000,"3.5""",,,,,,,SATA 6.0 Gb/s,,,H3IKNAS40003272SN | H3IKNAS40003272SN (0S03664) | 0S03664,False,HDD,HDD
b1bc6408-81da-4d01-9dab-2b80bb280a44,Gigabyte GP-GSM2NE8256GNTD 256GB SSD M.2-2280 PCIe 3.0 X2 NVMe,Gigabyte,GP-GSM2NE8256GNTD,256GB,,b1bc6408-81da-4d01-9dab-2b80bb280a44.json,,256,M.2-2280,,,,,,,M.2 PCIe 3.0 x2,,,GP-GSM2NE8256GNTD,True,SSD,SSD
b1d65699-dc62-4a31-b52a-ea1082406553,"OCZ Colossus 500GB SSD 3.5"" SATA 3.0 Gb/s",OCZ,Colossus,500GB,,b1d65699-dc62-4a31-b52a-ea1082406553.json,,500,"3.5""",,,,,,,SATA 3.0 Gb/s,,,OCZSSD2-1CLS500G,False,SSD,SSD
b1de43da-b016-4305-9f41-32289fc71234,"Seagate ST1800MM0128 1.8TB 2.5"" HDD 10000RPM SAS 12.0 Gb/s",Seagate,ST1800MM0128,1000GB,,b1de43da-b016-4305-9f41-32289fc71234.json,,1000,"2.5""",,,,,,,SAS 12.0 Gb/s,,,ST1800MM0128,False,HDD,HDD
b207a10f-94d2-4da0-9178-ab5f75fe3f28,"Intel 520 60GB SSD 2.5"" SATA 6.0 Gb/s",Intel,520,60GB,,b207a10f-94d2-4da0-9178-ab5f75fe3f28.json,,60,"2.5""",B006VCP72W,,,,,,SATA 6.0 Gb/s,,,SSDSC2CW060A310,False,SSD,SSD
b208feae-9e52-4504-ad1f-57211d3f25bf,Intel 660p 1TB M.2-2280 SSD PCIe 3.0 x4 NVMe,Intel,660p,1000GB,,b208feae-9e52-4504-ad1f-57211d3f25bf.json,,1000,M.2-2280,,,,,,,M.2 PCIe 3.0 x4,,,SSDPEKNW010T8XT,True,SSD,SSD
b2255571-21b0-443a-8cf3-7a38a76314fc,"Samsung Spinpoint MP4 250GB 2.5"" HDD 7200RPM SATA",Samsung,Spinpoint,250GB,,b2255571-21b0-443a-8cf3-7a38a76314fc.json,,250,"2.5""",B0046REG58,,,,,,SATA 3.0 Gb/s,,,HM250HJ | HM250J,False,HDD,HDD
b2257ae9-48c4-4c0c-a47d-cb31ee62eff4,SK Hynix Gold P31 500GB SSD M.2 PCIe 3.0 X4 NVMe,SK Hynix,Gold,500GB,,b2257ae9-48c4-4c0c-a47d-cb31ee62eff4.json,,500,M.2-2280,B08DK2FB7G,6431941,,,,,M.2 PCIe 3.0 x4,,,SHGP31-500GM-2,True,SSD,SSD
b24e923e-a625-4d84-a04d-71622558a709,"GOODRAM CL100 gen.3 120GB SSD 2.5"" SATA 6.0 Gb/s",GOODRAM,CL100,120GB,,b24e923e-a625-4d84-a04d-71622558a709.json,,120,"2.5""",,,,,,,SATA 6.0 Gb/s,,,SSDPR-CL100-120-G3,False,SSD,SSD
b24efdeb-92d7-4ed1-a616-f692662eb226,Kingston NV2 1TB SSD M.2-2280 PCIe 4.0 x4 NVMe,Kingston,NV2,1000GB,,b24efdeb-92d7-4ed1-a616-f692662eb226.json,,1000,M.2-2280,B0BBWH1R8H,,,,N82E16820242730R,1199242785,M.2 PCIe 4.0 x4,,,SNV2S | 1000G | SNV2S/1000G,True,SSD,SSD
b292527c-c028-4014-913d-24fcd406ec80,Western Digital WD Blue SN5000 2TB SSD M.2 NVMe PCIe 4.0,Western Digital,WD,2000GB,,b292527c-c028-4014-913d-24fcd406ec80.json,,2000,M.2-2280,B0D7MKYNLX,6615943,,,N82E16820250267,7963411813,M.2 PCIe 4.0 x4,,,WDS200T4B0E | WDS200T4B0E-00CNZ0,True,SSD,SSD
b29df1bb-c983-45f0-a77f-1cabb287985c,ADATA LEGEND 960 MAX 2TB SSD M.2-2280 PCIe 4.0 x4 NVMe,ADATA,LEGEND,2000GB,,b29df1bb-c983-45f0-a77f-1cabb287985c.json,,2000,M.2-2280,B0BM57L7R9,,,,,,M.2 PCIe 4.0 x4,,,ALEG-960M-2TCS,True,SSD,SSD
b2af1206-f741-4e17-a02a-e2ce8241696e,"PNY CS2211 240GB SSD 2.5"" SATA",PNY,CS2211,240GB,,b2af1206-f741-4e17-a02a-e2ce8241696e.json,,240,"2.5""",,,,,,,SATA 6.0 Gb/s,,,SSD7CS2211-240-RB,False,SSD,SSD
b2c02864-db4d-4eae-9b84-93dab8e30118,"Seagate Barracuda Compute 8TB HDD 3.5"" 5400RPM SATA 6.0 Gb/s Internal",Seagate,Barracuda,8000GB,,b2c02864-db4d-4eae-9b84-93dab8e30118.json,,8000,"3.5""",B07H289S7C,,,,N82E16822183793,301218626,SATA 6.0 Gb/s,,,ST8000DM004,False,HDD,HDD
b2cad08b-2da4-4e3e-8b0b-1a2e07edc6a7,Seagate FireCuda 530 w/Heatsink 500GB SSD M.2-2280 PCIe 4.0 X4 NVMe,Seagate,FireCuda,500GB,,b2cad08b-2da4-4e3e-8b0b-1a2e07edc6a7.json,,500,M.2-2280,B0977KZN4L,,,,,324310727,M.2 PCIe 4.0 x4,,,ZP500GM3A023 | ZP500GM30023,True,SSD,SSD
b2d5d599-0134-449e-9f18-98a49fbf495a,Western Digital WD_BLACK SN7100 4TB SSD M.2-2280 PCIe 4.0 NVMe,Western Digital,WD_BLACK,4000GB,,b2d5d599-0134-449e-9f18-98a49fbf495a.json,,4000,M.2-2280,,,,,,,M.2 PCIe 4.0 x4,,,WDS400T4X0E-00CJA0 | WDS400T4X0E,True,SSD,SSD
b2fe6bdc-afdc-4366-a431-a7831863dcb1,Seagate FireCuda 530R 2TB SSD M.2 PCIe 4.0 NVMe,Seagate,FireCuda,2000GB,,b2fe6bdc-afdc-4366-a431-a7831863dcb1.json,,2000,M.2-2280,B0CWHFDGHF,6581744,,,N82E16820248257,,M.2 PCIe 4.0 x4,,,ZP2000GM3A063 | 763649183090,True,SSD,SSD
b3133cd7-f80f-4312-9f86-a802bae1d2b4,MSI SPATIUM M570 HS 1TB SSD M.2-2280 PCIe 5.0 x4 NVMe,MSI,SPATIUM,1000GB,,b3133cd7-f80f-4312-9f86-a802bae1d2b4.json,,1000,M.2-2280,,,,,,,M.2 PCIe 5.0 x4,,,SM570N1TBH | SPATIUM M570 PCIe 5.0 NVMe M.2 1TB HS | S78-440L1M0-P83,True,SSD,SSD
b31ece74-0f9d-4216-a6fe-ab4e5b5007c5,MSI SPATIUM M570 HS 2TB SSD M.2 PCIe 5.0 NVMe,MSI,SPATIUM,2000GB,,b31ece74-0f9d-4216-a6fe-ab4e5b5007c5.json,,2000,M.2-2280,B0BYRRD36V,,,,N82E16820140043,3953869261,M.2 PCIe 5.0 x4,,,SM570N2TBH | SPATIUM M570 PCIe 5.0 NVMe M.2 2TB HS | S78-440Q560-P83,True,SSD,SSD
b31fc619-1d98-43ee-93d0-c2e19ab448ea,Intel 600p 512 GB M.2-2280 SSD PCIe 3.0 X4 NVMe,Intel,600p,512GB,,b31fc619-1d98-43ee-93d0-c2e19ab448ea.json,,512,M.2-2280,B01K375CDY,,,,,,M.2 PCIe 3.0 x4,,,SSDPEKKW512G7X1,True,SSD,SSD
b3353ef9-1849-45bb-92bf-501de520c07c,"Crucial MX300 1.05 TB SSD 2.5"" SATA",Crucial,MX300,1000GB,,b3353ef9-1849-45bb-92bf-501de520c07c.json,,1000,"2.5""",B01IAGSDUE,,,,,199467598,SATA 6.0 Gb/s,,,CT1050MX300SSD1,False,SSD,SSD
b335b92a-8b9d-46f1-93cd-74510bde530e,"Toshiba MG03ACA400 4TB 3.5"" HDD 7200RPM SATA",Toshiba,MG03ACA400,4000GB,,b335b92a-8b9d-46f1-93cd-74510bde530e.json,,4000,"3.5""",,,,,,,SATA 6.0 Gb/s,,,MG03ACA400,False,HDD,HDD
b335fcc6-96ae-4271-89e3-6a78093c68f5,TEAMGROUP MP44L 500GB SSD M.2 PCIe 4.0 NVMe,TEAMGROUP,MP44L,500GB,,b335fcc6-96ae-4271-89e3-6a78093c68f5.json,,500,M.2-2280,B0B9Y24ZM5,,,,N82E16820331918,1127680167,M.2 PCIe 4.0 x4,,,TM8FPK500G0C101,True,SSD,SSD
b34bec2f-6636-40e6-bc45-3013b04a6066,"Toshiba P300 3TB HDD 3.5"" SATA",Toshiba,P300,3000GB,,b34bec2f-6636-40e6-bc45-3013b04a6066.json,,3000,"3.5""",,,,,,,SATA 6.0 Gb/s,,,HDWD130EZSTA,False,HDD,HDD
b35fb759-6f7e-48ce-9e87-337892b745db,Integral M 512GB SSD M.2-2280 PCIe 3.0 X4 NVMe,Integral,M,512GB,,b35fb759-6f7e-48ce-9e87-337892b745db.json,,512,M.2-2280,,,,,,,M.2 PCIe 3.0 x4,,,INSSD512GM280NM1,True,SSD,SSD
b374f471-b108-4d2d-b8a6-407a163b4ca1,Inland PREMIUM 2TB SSD M.2 NVMe PCIe 3.0 X4,Inland,2TB,2000GB,,b374f471-b108-4d2d-b8a6-407a163b4ca1.json,,2000,M.2-2280,,,,,,,M.2 PCIe 3.0 x4,,,2TB NVME PREMIU,True,SSD,SSD
b3923799-762e-4f66-a8ba-600587b13e7b,Crucial MX500 1TB M.2 SATA,Crucial,MX500,,2017,b3923799-762e-4f66-a8ba-600587b13e7b.json,,1000,M.2-2280,B0784SY515,,,,9SIA1K688C7655,593466679,SATA 6.0 Gb/s,None,,CT1000MX500SSD4,False,SSD,
b3938ce4-3025-4d09-8c89-a968370d2961,"HP S750 256GB SSD 2.5"" SATA",HP,S750,256GB,,b3938ce4-3025-4d09-8c89-a968370d2961.json,,256,"2.5""",,,,,,,SATA 6.0 Gb/s,,,16L52AA#ABA,False,SSD,SSD
b3ce2082-28fa-49ff-a519-04e6081639aa,Patriot Ignite 480GB M.2 SSD SATA,Patriot,Ignite,480GB,,b3ce2082-28fa-49ff-a519-04e6081639aa.json,,480,M.2-2280,,,,,,,M.2 SATA,,,PI480GSM280SSDR,False,SSD,SSD
b3e2dcd6-2b52-4020-8c9e-218797ebe3c1,"Hitachi Deskstar NAS 6TB 3.5"" HDD 7200RPM SATA 6.0 Gb/s",Hitachi,Deskstar,6000GB,,b3e2dcd6-2b52-4020-8c9e-218797ebe3c1.json,,6000,"3.5""",,,,,,,SATA 6.0 Gb/s,,,0S03839,False,HDD,HDD
b3e49a57-c964-4e62-befb-eec1a9fe8f73,TEAMGROUP T-Force Cardea Zero Z330 512GB SSD M.2-2280 PCIe 3.0 NVMe,TEAMGROUP,T-Force,512GB,,b3e49a57-c964-4e62-befb-eec1a9fe8f73.json,,512,M.2-2280,,,,,,,M.2 PCIe 3.0 x4,,,TM8FP8512G0C311,True,SSD,SSD
b3ec9237-33d5-4f54-8681-1454511a57d9,"Seagate BarraCuda 320GB HDD 7200RPM 3.5"" SATA",Seagate,BarraCuda,320GB,,b3ec9237-33d5-4f54-8681-1454511a57d9.json,,320,"3.5""",B004IZN3TS,,,,,,SATA 6.0 Gb/s,,,ST3320413AS,False,HDD,HDD
b41a2e3f-19ed-4ed1-97cd-aba79d99394e,Samsung PM951 512GB SSD M.2 PCIe 3.0 NVMe,Samsung,PM951,512GB,,b41a2e3f-19ed-4ed1-97cd-aba79d99394e.json,,512,M.2-2280,,,,,,,M.2 PCIe 3.0 x4,,,MZVLV512HCJH,True,SSD,SSD
b41b8b78-7814-41ce-9fae-e2bc84c60339,Lexar NQ790 500GB SSD M.2 PCIe 4.0 NVMe,Lexar,NQ790,500GB,,b41b8b78-7814-41ce-9fae-e2bc84c60339.json,,500,M.2-2280,,,,,,,M.2 PCIe 4.0 x4,,,LNQ790X500G-RNNNU | LNQ790X500G-RNNNG,True,SSD,SSD
b425706f-0073-4597-8807-3e89c7dc3e5c,"Samsung Spinpoint M7E 640GB 2.5"" HDD 5400RPM SATA 3.0 Gb/s Internal",Samsung,Spinpoint,640GB,,b425706f-0073-4597-8807-3e89c7dc3e5c.json,,640,"2.5""",,,,,,,SATA 3.0 Gb/s,,,HM641JI,False,HDD,HDD
b449b2bc-2016-4f2d-bdd1-081d54fd1fd9,Mushkin Helix-L 512GB SSD M.2-2280 PCIe 4.0 X4 NVME,Mushkin,Helix-L,512GB,,b449b2bc-2016-4f2d-bdd1-081d54fd1fd9.json,,512,M.2-2280,,,,,0D9-002X-000P8,,M.2 PCIe 4.0 x4,,,MKNSSDHL512GB-D8,True,SSD,SSD
b45e671d-bed3-47ba-8631-e72b960ae0d6,"Transcend SSD230S 256GB SSD 2.5"" SATA 6.0 Gb/s",Transcend,SSD230S,256GB,,b45e671d-bed3-47ba-8631-e72b960ae0d6.json,,256,"2.5""",B01MEGCFEP,,,,,361277817,SATA 6.0 Gb/s,,,TS256GSSD230S,False,SSD,SSD
b46bd755-99ba-4960-ad8b-29d0e5204e33,"Western Digital AV-GP 250GB 5400RPM HDD 3.5"" SATA",Western Digital,AV-GP,250GB,,b46bd755-99ba-4960-ad8b-29d0e5204e33.json,,250,"3.5""",B007GFYFCQ,,,,,,SATA 3.0 Gb/s,,,WD2500AVCS,False,HDD,HDD
b470f74f-ea2f-402f-a774-a4362269ebd4,"Toshiba Q 128GB 2.5"" SSD SATA",Toshiba,Q,128GB,,b470f74f-ea2f-402f-a774-a4362269ebd4.json,,128,"2.5""",,,,,,,SATA 6.0 Gb/s,,,HDTS212XZSTA,False,SSD,SSD
b4ad3f74-a039-4e68-83ad-f25a333f17ff,Intenso Top 256GB SSD M.2-2280 SATA,Intenso,Top,256GB,,b4ad3f74-a039-4e68-83ad-f25a333f17ff.json,,256,M.2-2280,B077D1WXPD,,,,,,M.2 SATA,,,3832440,False,SSD,SSD
b4bddc56-5871-41c4-a55a-466ccc498205,"Western Digital Caviar Green 1TB 3.5"" HDD 5400RPM SATA 6.0 Gb/s",Western Digital,Caviar,1000GB,,b4bddc56-5871-41c4-a55a-466ccc498205.json,,1000,"3.5""",B002U1N95K,,,,,,SATA 6.0 Gb/s,,,WD10EZRX | WD10EARS | FBA_718037761817,False,HDD,HDD
b4c111a0-fcdc-4824-bc3c-c19de35151dc,"Seagate Momentus 750GB HDD 2.5"" 7200RPM SATA",Seagate,Momentus,750GB,,b4c111a0-fcdc-4824-bc3c-c19de35151dc.json,,750,"2.5""",,,,,,,SATA 3.0 Gb/s,,,ST9750420AS,False,HDD,HDD
b4c51204-34d8-4610-b866-dcca57a7ecbc,"Hitachi Ultrastar 6TB HDD 7200RPM 3.5"" SAS",Hitachi,Ultrastar,6000GB,,b4c51204-34d8-4610-b866-dcca57a7ecbc.json,,6000,"3.5""",B01JFK7YEA,,,,,,SAS 12.0 Gb/s,,,0F22801,False,HDD,HDD
b4c7ba3d-d2a4-44bb-96ce-d07a97eb6efb,Lexar NM760 1TB M.2-2280 SSD PCIe 4.0 x4 NVMe,Lexar,NM760,1000GB,,b4c7ba3d-d2a4-44bb-96ce-d07a97eb6efb.json,,1000,M.2-2280,,,,,,,M.2 PCIe 4.0 x4,,,LNM760X001T-RNNNG,True,SSD,SSD
b4e689d5-dfd9-4258-bbad-ca420d8a77eb,"Lenovo S4520 3.84 TB SSD 3.5"" SATA 6.0 Gb/s",Lenovo,S4520,3000GB,,b4e689d5-dfd9-4258-bbad-ca420d8a77eb.json,,3000,"3.5""",,,,,,,SATA 6.0 Gb/s,,,4XB7A17122,False,SSD,SSD
b50918d6-8511-4092-b5bf-513a2927e0cf,"Patriot P210 256 GB 2.5"" SSD SATA 6.0 Gb/s",Patriot,P210,256GB,,b50918d6-8511-4092-b5bf-513a2927e0cf.json,,256,"2.5""",B087K9L3R5,,,,N82E16820225230,927186053,SATA 6.0 Gb/s,,,P210S256G25 | P210,False,SSD,SSD
b56603cf-e004-4f10-b2c6-b3c571527bf6,"Western Digital Caviar Green 1TB HDD 5400RPM 3.5"" SATA",Western Digital,Caviar,1000GB,,b56603cf-e004-4f10-b2c6-b3c571527bf6.json,,1000,"3.5""",,,,,,,SATA 6.0 Gb/s,,,WD10EARX,False,HDD,HDD
b569c9d3-8c4b-4949-b87a-f25e91d27ff3,"Leven JS600 512GB SSD 2.5"" SATA 6.0 Gb/s",Leven,JS600,512GB,,b569c9d3-8c4b-4949-b87a-f25e91d27ff3.json,,512,"2.5""",B07YBYZQ1V,,,,,,SATA 6.0 Gb/s,,,JS600SSD512GB | JS600-1TB | JS600SSD1TB,False,SSD,SSD
b570427b-6e06-4876-959a-a1f549a2186d,Verbatim Vi560 256GB SSD M.2-2280 SATA,Verbatim,Vi560,256GB,,b570427b-6e06-4876-959a-a1f549a2186d.json,,256,M.2-2280,B085RLZND1,,,,,807406659,M.2 SATA,,,70026,False,SSD,SSD
b59b1f66-95c8-45d5-970a-6334ec669be1,"Hitachi S800 S846 2TB SSD 2.5"" SAS 6.0 Gb/s",Hitachi,S800,2000GB,,b59b1f66-95c8-45d5-970a-6334ec669be1.json,,2000,"2.5""",,,,,,,SAS 6.0 Gb/s,,,0T00167,False,SSD,SSD
b5a16cfc-a046-4826-b48b-c3729c6ccc9c,Western Digital WD_Black SN850X w/Heatsink 8TB SSD M.2-2280 PCIe 4.0 x4 NVMe,Western Digital,WD_Black,8000GB,,b5a16cfc-a046-4826-b48b-c3729c6ccc9c.json,,8000,M.2-2280,B0D9WTM2TH,6593302,,,N82E16820250272,8056600260,M.2 PCIe 4.0 x4,,,WDS800T2XHE | WDS800T2XHE-00CDD0 | WDBB9H0080BNC-WRSN,True,SSD,SSD
b5b7d1ab-f0c4-4f44-a560-35b9b5339175,Lexar Professional NM1090 PRO 4TB SSD M.2-2280 PCIe 5.0 X4 NVMe,Lexar,Professional,4000GB,,b5b7d1ab-f0c4-4f44-a560-35b9b5339175.json,,4000,M.2-2280,,,,,,,M.2 PCIe 5.0 x4,,,LNM109P004T-RNNNU | LNM109P004T-RNNNg,True,SSD,SSD
b5be84d9-6dc4-4d24-91f0-ebc59ecfef0c,"Western Digital Red Plus 6TB HDD 5640RPM 3.5"" SATA",Western Digital,Red,6000GB,,b5be84d9-6dc4-4d24-91f0-ebc59ecfef0c.json,,6000,"3.5""",B08TZYBMMC,6523109,,,9SIADU0KA70673,739301279,SATA 6.0 Gb/s,,,WD60EFZX | WD60EFZX-SPB3FN0,False,HDD,HDD
b5c0552f-786d-432c-b8ef-4edc46b9a55e,"Intel Pro 5400s 1TB SSD 2.5"" SATA",Intel,Pro,1000GB,,b5c0552f-786d-432c-b8ef-4edc46b9a55e.json,,1000,"2.5""",B01C7867IG,,,,,52945250,SATA 6.0 Gb/s,,,SSDSC2KF010X6X1,False,SSD,SSD
b5cfe0d4-454d-433f-8a46-73aabaa20d52,"Crucial MX200 1TB SSD 2.5"" SATA",Crucial,MX200,1000GB,,b5cfe0d4-454d-433f-8a46-73aabaa20d52.json,,1000,"2.5""",,,,,,,SATA 6.0 Gb/s,,,CT1000MX200SSD1,False,SSD,SSD
b5e5ea98-e05a-4325-b2b7-078b81623e09,Integral INSSD256GM2242G3 256GB SSD M.2-2242 PCIe 3.0 x4 NVMe,Integral,INSSD256GM2242G3,256GB,,b5e5ea98-e05a-4325-b2b7-078b81623e09.json,,256,M.2-2242,,,,,,,M.2 PCIe 3.0 x4,,,INSSD256GM2242G3,True,SSD,SSD
b5eca1a6-534d-45b0-97a0-417fe7059755,TEAMGROUP T-FORCE Z44A5 512GB M.2 SSD PCIe 4.0 x4 NVMe,TEAMGROUP,T-FORCE,512GB,,b5eca1a6-534d-45b0-97a0-417fe7059755.json,,512,M.2-2280,,,,,,,M.2 PCIe 4.0 x4,,,TM8FPP512G0C129,True,SSD,SSD
b5f030b5-29a1-48e7-9ff8-f32d40eed6f3,Integral ADVANTAGE PRO-1 4TB SSD M.2 PCIe 4.0 NVMe w/ Heatsink,Integral,ADVANTAGE,4000GB,,b5f030b5-29a1-48e7-9ff8-f32d40eed6f3.json,,4000,M.2-2280,,,,,,,M.2 PCIe 4.0 x4,,,INSSD4TM2280G4AP1XHS,True,SSD,SSD
b63000ca-662b-45e8-ac0f-eb26eb8adce3,"Western Digital Blue Mobile 500GB HDD 2.5"" 5400RPM SATA",Western Digital,Blue,500GB,,b63000ca-662b-45e8-ac0f-eb26eb8adce3.json,,500,"2.5""",B013QFRZL2,,,,,112845083,SATA 6.0 Gb/s,,,WD5000LPCX,False,HDD,HDD
b64182c3-5260-419e-9910-d62d9d50e18b,"Seagate IronWolf NAS 480GB 2.5"" SSD SATA",Seagate,IronWolf,480GB,,b64182c3-5260-419e-9910-d62d9d50e18b.json,,480,"2.5""",,,,,,,SATA 6.0 Gb/s,,,ZA480NM10001,False,SSD,SSD
b68631e8-b6a5-4fe3-bc79-7db552f45c77,"Mushkin Source 500GB SSD 2.5"" SATA 6.0 Gb/s",Mushkin,Source,500GB,,b68631e8-b6a5-4fe3-bc79-7db552f45c77.json,,500,"2.5""",,,,,,,SATA 6.0 Gb/s,,,MKNSSDSR500GB,False,SSD,SSD
b6acf49d-6c4a-4077-b90c-22548038b85f,"Seagate Barracuda 7200.11 320GB HDD 3.5"" SATA",Seagate,Barracuda,320GB,,b6acf49d-6c4a-4077-b90c-22548038b85f.json,,320,"3.5""",,,,,,,SATA 3.0 Gb/s,,,ST3320613AS,False,HDD,HDD
b6b9722d-6a54-4835-875f-c523a9611902,Addlink S91 1TB SSD M.2-2230 PCIe 4.0 NVMe,Addlink,S91,1000GB,,b6b9722d-6a54-4835-875f-c523a9611902.json,,1000,M.2-2230,,,,,,,M.2 PCIe 4.0 x4,,,ad1TBS91M2P,True,SSD,SSD
b6e7b75e-d903-421b-ad24-ff0e2877f904,Patriot P400 512GB SSD M.2-2280 PCIe 4.0 X4 NVMe,Patriot,P400,512GB,,b6e7b75e-d903-421b-ad24-ff0e2877f904.json,,512,M.2-2280,,,,,,,M.2 PCIe 4.0 x4,,,P400P512GM28H,True,SSD,SSD
b6e946a5-c5dc-43e1-a85c-1937d8840fa1,Kingston KC3000 1TB M.2 SSD PCIe 4.0 NVMe,Kingston,KC3000,1000GB,,b6e946a5-c5dc-43e1-a85c-1937d8840fa1.json,,1000,M.2-2280,B09K7F5VJQ,,,,N82E16820242659,633981788,M.2 PCIe 4.0 x4,,,SKC3000S | 1024G | SKC3000S/1024G,True,SSD,SSD
b6eb0356-c713-4e10-8a10-074ab48030b3,Patriot Viper VP4300 Lite 1TB M.2 SSD PCIe 4.0 NVMe,Patriot,Viper,1000GB,,b6eb0356-c713-4e10-8a10-074ab48030b3.json,,1000,M.2-2280,B0C9HGVJ11,,,,0D9-003W-000M3,1510374277,M.2 PCIe 4.0 x4,,,VP4300L1TBM28H,True,SSD,SSD
b700e86f-f867-416c-ace3-f1f9e5ade9a3,"Kingston SSDNow V300 480GB SSD 2.5"" SATA 6.0 Gb/s",Kingston,SSDNow,480GB,,b700e86f-f867-416c-ace3-f1f9e5ade9a3.json,,480,"2.5""",B00FXJWO5C,,,,,42354055,SATA 6.0 Gb/s,,,SV300S37A | 480G | SV300S37A/480G,False,SSD,SSD
b72b8cd7-d528-46c8-bbc7-186caf469ddc,Kingston Predator 960GB SSD M.2-2280 PCIe 3.0 x4 NVMe,Kingston,Predator,960GB,,b72b8cd7-d528-46c8-bbc7-186caf469ddc.json,,960,M.2-2280,,,,,,,M.2 PCIe 3.0 x4,,,SHPM2280P2 | 960G,True,SSD,SSD
b733671a-872d-4de1-9b32-bb01ef6e6e26,Crucial P5 250GB SSD M.2-2280 PCIe 3.0 X4 NVMe,Crucial,P5,250GB,,b733671a-872d-4de1-9b32-bb01ef6e6e26.json,,250,M.2-2280,,,,,,,M.2 PCIe 3.0 x4,,,CT250P5SSD8,True,SSD,SSD
b74099d4-c78c-4235-a32c-50cc91b1746b,"TEAMGROUP T-Create Expert 2TB SSD 2.5"" SATA 6.0 Gb/s",TEAMGROUP,T-Create,2000GB,,b74099d4-c78c-4235-a32c-50cc91b1746b.json,,2000,"2.5""",,,,,,,SATA 6.0 Gb/s,,,T253TE002T3C701,False,SSD,SSD
b745b817-cf0c-4f8e-952c-4c10ddbd0988,Samsung 960 Pro 2TB M.2-2280 SSD PCIe 3.0 X4 NVMe,Samsung,960,2000GB,,b745b817-cf0c-4f8e-952c-4c10ddbd0988.json,,2000,M.2-2280,B01LY3Y9PH,,,,9SIAADFJT01899,,M.2 PCIe 3.0 x4,,,MZ-V6P2T0BW | MZ-V6P2T0,True,SSD,SSD
b7644ee8-8591-4cfd-b3f3-fe1c534a30e0,Western Digital WD Green SN3000 500GB SSD M.2-2280 PCIe 4.0 X4 NVMe,Western Digital,WD,500GB,,b7644ee8-8591-4cfd-b3f3-fe1c534a30e0.json,,500,M.2-2280,,,,,,,M.2 PCIe 4.0 x4,,,WDS500G4G0E-00CPS0,True,SSD,SSD
b77c4777-1683-4b4e-947f-1e0d8f169279,Sabrent Rocket 2TB SSD M.2-2242 PCIe 3.0 x4 NVMe,Sabrent,Rocket,2000GB,,b77c4777-1683-4b4e-947f-1e0d8f169279.json,,2000,M.2-2242,B07XVRTG1H,,,,0D9-001Y-00020,487082040,M.2 PCIe 3.0 x4,,,SB-1342-2TB,True,SSD,SSD
b77d9416-5125-45eb-b2e7-96b38b7e071c,"Seagate IronWolf Pro NAS 12TB HDD 7200RPM 3.5"" SATA 6.0 Gb/s",Seagate,IronWolf,12000GB,,b77d9416-5125-45eb-b2e7-96b38b7e071c.json,,12000,"3.5""",B0B94KSFTH,6677302,,,N82E16822185075,1344955304,SATA 6.0 Gb/s,,,ST12000NT001,False,HDD,HDD
b7882b86-3970-4e85-9826-26605b4fc2c0,"Western Digital Caviar Green 1TB HDD 3.5"" 5400RPM SATA",Western Digital,Caviar,1000GB,,b7882b86-3970-4e85-9826-26605b4fc2c0.json,,1000,"3.5""",,,,,,,SATA 3.0 Gb/s,,,WD15EARS,False,HDD,HDD
b78b2af8-6ba1-43a1-a6ff-8917fc313a60,Angelbird Wings MX2 2TB SSD PCIe PCIe x2 NVMe,Angelbird,Wings,2000GB,,b78b2af8-6ba1-43a1-a6ff-8917fc313a60.json,,2000,PCIe,,,,,,,M.2 PCIe x2,,,WMX2-2TB,True,SSD,SSD
b78fd107-9db3-46e7-a41b-1caf97e910ea,Western Digital PC SN730 512GB SSD M.2-2280 PCIe 3.0 X4 NVME,Western Digital,PC,512GB,,b78fd107-9db3-46e7-a41b-1caf97e910ea.json,,512,M.2-2280,B09X2Y7CGK,,,,,,M.2 PCIe 3.0 x4,,,SDBPNTY-512G,True,SSD,SSD
b7d1da49-019c-46e9-89dc-bbdb50383f33,"Seagate BarraCuda 320GB HDD 7200RPM 3.5"" SATA",Seagate,BarraCuda,320GB,,b7d1da49-019c-46e9-89dc-bbdb50383f33.json,,320,"3.5""",B005CT56F8,,,,,26965925,SATA 6.0 Gb/s,,,ST320DM000,False,HDD,HDD
b7f2afc6-f7d7-4319-9b69-5b802baf3623,"Western Digital VelociRaptor 500 GB 3.5"" HDD 10000 RPM SATA 6.0 Gb/s",Western Digital,VelociRaptor,500GB,,b7f2afc6-f7d7-4319-9b69-5b802baf3623.json,,500,"3.5""",B0080REQSW,,,,,159941469,SATA 6.0 Gb/s,,,WD5000HHTZ,False,HDD,HDD
b802bd14-1f41-4b88-9a75-af112f0536e1,"Seagate Barracuda LP 1TB HDD 5900RPM 3.5"" SATA 3.0 Gb/s",Seagate,Barracuda,1000GB,,b802bd14-1f41-4b88-9a75-af112f0536e1.json,,1000,"3.5""",B002GPDO28,,,,,,SATA 3.0 Gb/s,,,ST31000520AS,False,HDD,HDD
b80cbd82-37c9-41f9-94b4-e1e7757ae8ca,Silicon Power XD80 1TB SSD M.2-2280 PCIe 3.0 X4 NVMe,Silicon Power,XD80,1000GB,,b80cbd82-37c9-41f9-94b4-e1e7757ae8ca.json,,1000,M.2-2280,,,,,,,M.2 PCIe 3.0 x4,,,SP001TBP34XD8005,True,SSD,SSD
b8161440-44f6-46ea-843a-43329040d440,Timetec 35TTTNGE4NVME-1TB 1 TB M.2-2280 PCIe 4.0 X4 NVME,Timetec,35TTTNGE4NVME-1TB,1000GB,,b8161440-44f6-46ea-843a-43329040d440.json,,1000,M.2-2280,,,,,,,M.2 PCIe 4.0 x4,,,35TTTNGE4NVME-1TB,True,SSD,SSD
b8218392-44d6-44c1-875f-b72d4dbd4bbf,Lexar NM610PRO 500GB SSD M.2-2280 PCIe 3.0 X4 NVMe,Lexar,NM610PRO,500GB,,b8218392-44d6-44c1-875f-b72d4dbd4bbf.json,,500,M.2-2280,,,,,,,M.2 PCIe 3.0 x4,,,LNM610P500G-RNNNG,True,SSD,SSD
b8347abb-3149-4224-b07d-8d259910c261,"Crucial BX500 960GB SSD 2.5"" SATA",Crucial,BX500,960GB,,b8347abb-3149-4224-b07d-8d259910c261.json,,960,"2.5""",,,,,,,SATA 6.0 Gb/s,,,CT960BX500SSD1,False,SSD,SSD
b83eb6a2-eab9-4076-9929-454580946dcd,"Seagate SkyHawk 2TB 3.5"" HDD 5900RPM SATA Internal",Seagate,SkyHawk,2000GB,,b83eb6a2-eab9-4076-9929-454580946dcd.json,,2000,"3.5""",B07H231394,,,,,133725526,SATA 6.0 Gb/s,,,ST2000VX008,False,HDD,HDD
b870797e-2ab4-471b-b4da-5b13a67f6398,Nextorage NEM-PAB 1TB M.2 SSD PCIe 4.0 NVMe,Nextorage,NEM-PAB,1000GB,,b870797e-2ab4-471b-b4da-5b13a67f6398.json,,1000,M.2-2280,B0CXDGKV8M,,,,0D9-0106-00020,,M.2 PCIe 4.0 x4,,,NEM-PAB1TB | N SYM | NEM-PAB1TB/N SYM,True,SSD,SSD
b8a00902-72c4-4d16-ab7d-82e03eecab76,FanXiang S660 2TB SSD M.2 PCIe 4.0 NVMe,FanXiang,S660,2000GB,,b8a00902-72c4-4d16-ab7d-82e03eecab76.json,,2000,M.2-2280,B0BNQ2JZQJ,,,,,,M.2 PCIe 4.0 x4,,,2TB - SSD - M.2 - S660 | nvme ssd 2tb - S660 | S660,True,SSD,SSD
b8c8f286-00b4-4589-a3a5-84ae6539b198,ADATA XPG GAMMIX S60 Blade 2TB SSD M.2-2280 PCIe 4.0 NVMe,ADATA,XPG,2000GB,,b8c8f286-00b4-4589-a3a5-84ae6539b198.json,,2000,M.2-2280,,,,,,,M.2 PCIe 4.0 x4,,,AGAMMIXS60-2T-CS,True,SSD,SSD
b8c91214-62d6-494d-a018-7a98c3577990,"OCZ Vertex 2 200GB SSD 2.5"" SATA 3.0 Gb/s",OCZ,Vertex,200GB,,b8c91214-62d6-494d-a018-7a98c3577990.json,,200,"2.5""",,,,,,,SATA 3.0 Gb/s,,,OCZSSD2-2VTX200G,False,SSD,SSD
b91b0477-187e-4057-aeb0-c71381984539,Corsair MP600 PRO LPX 4TB M.2 SSD PCIe 4.0 NVMe,Corsair,MP600,4000GB,,b91b0477-187e-4057-aeb0-c71381984539.json,,4000,M.2-2280,B09Q2N9QGQ,6574626,,,N82E16820236838,373415788,M.2 PCIe 4.0 x4,,,CSSD-F4000GBMP600PLP | CSSD-F4000GBMP600PLP.,True,SSD,SSD
b91c0e53-7e8a-4a9f-9451-691750af0d5d,Silicon Power UD80 1TB M.2-2280 SSD PCIe 3.0 x4 NVMe,Silicon Power,UD80,1000GB,,b91c0e53-7e8a-4a9f-9451-691750af0d5d.json,,1000,M.2-2280,,,,,,,M.2 PCIe 3.0 x4,,,SP01KGBP34UD8005,True,SSD,SSD
b92652fd-06e6-47ea-93ec-59cedc56cf58,Patriot Viper VP4300 Lite 4TB SSD M.2-2280 PCIe 4.0 X4 NVMe,Patriot,Viper,4000GB,,b92652fd-06e6-47ea-93ec-59cedc56cf58.json,,4000,M.2-2280,B0CBQ5CVN6,,,,0D9-003W-000M2,12891202105,M.2 PCIe 4.0 x4,,,VP4300L4TBM28H,True,SSD,SSD
b92a66f5-2b07-44c1-94a6-0223e12c26a3,Sabrent Rocket 4 Plus 8TB SSD M.2-2280 PCIe 4.0 NVMe,Sabrent,Rocket,8000GB,,b92a66f5-2b07-44c1-94a6-0223e12c26a3.json,,8000,M.2-2280,B09WZK8YMY,,,,0D9-001Y-000A1,1718527225,M.2 PCIe 4.0 x4,,,SB-RKT4P-8TB,True,SSD,SSD
b969ee54-4888-48dd-853f-08ef18685213,Crucial T705 W/Heatsink 2TB SSD M.2-2280 PCIe 5.0 X4 NVMe,Crucial,T705,2000GB,,b969ee54-4888-48dd-853f-08ef18685213.json,,2000,M.2-2280,B0CTS93WML,,,,N82E16820156401,5474062317,M.2 PCIe 5.0 x4,,,CT2000T705SSD5,True,SSD,SSD
b969ee72-fd53-4ad5-a6b6-243d23d669f5,Gigabyte AI TOP 100E 1TB SSD M.2-2280 PCIe 4.0 x4 NVMe,Gigabyte,AI,1000GB,,b969ee72-fd53-4ad5-a6b6-243d23d669f5.json,,1000,M.2-2280,,,,,,,M.2 PCIe 4.0 x4,,,AI100E1TB,True,SSD,SSD
b97cbc42-ee08-4bae-b1db-86e1a9229fce,Western Digital Green SN350 1 TB M.2-2280 SSD PCIe 3.0 X4 NVMe,Western Digital,Green,1000GB,,b97cbc42-ee08-4bae-b1db-86e1a9229fce.json,,1000,M.2-2280,B09DVQQL9G,,,,N82E16820250202,602373647,M.2 PCIe 3.0 x4,,,WDS100T3G0C,True,SSD,SSD
b98b29f3-7b2a-45ac-9a85-5e45f4bfe8e5,"Seagate SkyHawk AI 10TB 3.5"" HDD 7200RPM SATA 6.0 Gb/s",Seagate,SkyHawk,10000GB,,b98b29f3-7b2a-45ac-9a85-5e45f4bfe8e5.json,256,10000,"3.5""",B0776SG16F,,,,,401414573,SATA 6.0 Gb/s,,,ST10000VE0004,False,HDD,HDD
b9b9bf9d-077b-455f-bd19-1c0648ea349a,"PNY CS900 4TB SSD 2.5"" SATA",PNY,CS900,4000GB,,b9b9bf9d-077b-455f-bd19-1c0648ea349a.json,,4000,"2.5""",,,,,,,SATA 6.0 Gb/s,,,SSD7CS900-4TB-RB,False,SSD,SSD
b9c5c53f-dcd9-4a8e-ae3f-c2c23e9a82aa,"Lexar NQ100 960GB SSD 2.5"" SATA",Lexar,NQ100,960GB,,b9c5c53f-dcd9-4a8e-ae3f-c2c23e9a82aa.json,,960,"2.5""",B09329T7FL,,,,,858513511,SATA 6.0 Gb/s,,,LNQ100X960G-RNNNG | LNQ100X960G-RNNNU,False,SSD,SSD
b9c869ec-3a22-4ed0-82f0-d1d08cbcb2fc,"Samsung 850 Evo 500GB SSD 2.5"" SATA 6.0 Gb/s",Samsung,850,500GB,,b9c869ec-3a22-4ed0-82f0-d1d08cbcb2fc.json,,500,"2.5""",B00OBRE5UE,,,,9SIAADF6XS1488,,SATA 6.0 Gb/s,,,MZ-75E500B | AM | EU | MZ-75E500BW | MZ-75E500B/AM,False,SSD,SSD
b9d1e89f-bcfd-4427-8580-7d332618e0ef,"Western Digital Ultrastar DC HC550 16TB 3.5"" HDD 7200RPM SAS 12.0 Gb/s",Western Digital,Ultrastar,16000GB,,b9d1e89f-bcfd-4427-8580-7d332618e0ef.json,512,16000,"3.5""",B08H18YG3R,,,,,694036394,SAS 12.0 Gb/s,,,0F38357,False,HDD,HDD
ba067426-670a-4adc-98a1-65454ce8c37a,"Western Digital Purple Pro 22TB 3.5"" HDD 7200RPM SATA",Western Digital,Purple,22000GB,,ba067426-670a-4adc-98a1-65454ce8c37a.json,,22000,"3.5""",B0B5VYRJ6Q,,,,N82E16822234526,1931440230,SATA 6.0 Gb/s,,,WD221PURP | WD221PURP-SPB9SY0,False,HDD,HDD
ba1e13ca-2be6-4669-9459-2c36954b10e8,"Patriot P200 1TB SSD 2.5"" SATA",Patriot,P200,1000GB,,ba1e13ca-2be6-4669-9459-2c36954b10e8.json,,1000,"2.5""",,,,,,,SATA 6.0 Gb/s,,,P200S1TB25,False,SSD,SSD
ba267125-1095-45f5-a94c-d03f4ade96bc,"Western Digital Purple Surveillance 6TB HDD 3.5"" 5400 RPM SATA 6.0 Gb/s",Western Digital,Purple,6000GB,,ba267125-1095-45f5-a94c-d03f4ade96bc.json,,6000,"3.5""",B0C4WTF5N2,,,,1Z4-0002-01N54,3354572500,SATA 6.0 Gb/s,,,WD64PURZ | WD64PURZ-SPBWUY0,False,HDD,HDD
ba31bc39-d6a1-4cd4-a9b0-052493bee638,"Intel 320 600GB SSD 2.5"" SATA",Intel,320,600GB,,ba31bc39-d6a1-4cd4-a9b0-052493bee638.json,,600,"2.5""",B004U9YB02,,,,9SIBKYEK6R2778,,SATA 3.0 Gb/s,,,SSDSA2CW600G3B5 | SSDSA2CW600G310,False,SSD,SSD
ba35e3d7-eb24-468d-aad2-9a45fa8c92ac,"Seagate Pipeline HD 2TB HDD 3.5"" 5900RPM SATA",Seagate,Pipeline,2000GB,,ba35e3d7-eb24-468d-aad2-9a45fa8c92ac.json,,2000,"3.5""",,,,,,,SATA 3.0 Gb/s,,,ST2000VM002,False,HDD,HDD
ba41e08d-36d7-4666-b441-3d72df6ea59b,"Hitachi HUC101212CSS600 1.2TB 2.5"" HDD 10000RPM SAS",Hitachi,HUC101212CSS600,1000GB,,ba41e08d-36d7-4666-b441-3d72df6ea59b.json,,1000,"2.5""",B00B96LSDW,,,,,,SAS 6.0 Gb/s,,,0B25168,False,HDD,HDD
ba479f66-0754-426c-9cab-bc998888518a,SK Hynix Platinum P41 2TB M.2-2280 SSD PCIe 4.0 NVMe,SK Hynix,Platinum,2000GB,,ba479f66-0754-426c-9cab-bc998888518a.json,,2000,M.2-2280,B09QVD9V7R,,,,0D9-003U-00ME7,,M.2 PCIe 4.0 x4,,,SHPP41-2000GM-2 | HFS2T0GEJ9X,True,SSD,SSD
ba4d092b-9a89-419c-8434-77d760ec456e,XPG SX8200 Pro Series: 2TB Internal Solid State Drive PCIe Gen3x4 M.2 2280,XPG,SX8200 Pro Series,,0,ba4d092b-9a89-419c-8434-77d760ec456e.json,,512,M.2-2280,,6221150,,,,,M.2 PCIe 3.0 x4,,,ASX8200PNP-512GT-C,True,SSD,SSD
ba501d53-273a-4cbf-b207-980488c8943c,"Lexar NS100 120GB 2.5"" SSD SATA 6.0 Gb/s",Lexar,NS100,120GB,,ba501d53-273a-4cbf-b207-980488c8943c.json,,120,"2.5""",,,,,,,SATA 6.0 Gb/s,,,LNS100-120RBNA,False,SSD,SSD
ba517234-b211-4498-a412-26e73e93033b,ADATA Falcon 1TB SSD M.2-2280 PCIe 3.0 x4 NVMe,ADATA,Falcon,1000GB,,ba517234-b211-4498-a412-26e73e93033b.json,,1000,M.2-2280,,,,,,,M.2 PCIe 3.0 x4,,,AFALCON-1T-C,True,SSD,SSD
ba5b7dde-aea8-40c7-9439-ce5cfd6007d9,Biwin NV7200 1TB SSD M.2-2280 PCIe 4.0 x4 NVMe,Biwin,NV7200,1000GB,,ba5b7dde-aea8-40c7-9439-ce5cfd6007d9.json,,1000,M.2-2280,,,,,,,M.2 PCIe 4.0 x4,,,NV7200-1TB,True,SSD,SSD
ba80901a-8a95-45fd-b4b6-5e8e37736f0a,"Toshiba X300 Pro 4TB 3.5"" HDD 7200RPM SATA 6.0 Gb/s",Toshiba,X300,4000GB,,ba80901a-8a95-45fd-b4b6-5e8e37736f0a.json,,4000,"3.5""",,,,,,,SATA 6.0 Gb/s,,,HDWR440XZSTB,False,HDD,HDD
ba848844-7bcc-48ff-a449-296c4f566227,Seagate IronWolf 525 1TB M.2-2280 SSD PCIe 4.0 x4 NVMe,Seagate,IronWolf,1000GB,,ba848844-7bcc-48ff-a449-296c4f566227.json,,1000,M.2-2280,,,,,,,M.2 PCIe 4.0 x4,,,ZP1000NM3A002,True,SSD,SSD
ba9d73d4-2a58-4412-ab5b-559df5cf67d0,"Inland Professional 240GB SSD 2.5"" SATA",Inland,Professional,240GB,,ba9d73d4-2a58-4412-ab5b-559df5cf67d0.json,,240,"2.5""",,,,,9SIA17PKDH6309,,SATA 6.0 Gb/s,,,349365,False,SSD,SSD
babdc727-6dc8-490c-a30b-11697119dc15,Patriot Viper VPN110 2TB SSD M.2 PCIe 3.0 NVMe,Patriot,Viper,2000GB,,babdc727-6dc8-490c-a30b-11697119dc15.json,,2000,M.2-2280,,,,,,,M.2 PCIe 3.0 x4,,,VPN110-2TBM28H,True,SSD,SSD
bac33129-19d8-40f8-a7de-e4323c9ee027,"Western Digital Caviar Blue 250GB HDD 3.5"" 7200RPM SATA 6.0 Gb/s",Western Digital,Caviar,250GB,,bac33129-19d8-40f8-a7de-e4323c9ee027.json,,250,"3.5""",B00461K1QW,,,,,16349850,SATA 6.0 Gb/s,,,WD2500AAKX,False,HDD,HDD
bac99685-2a17-4e16-a0ad-64c685625e93,"Timetec 30TTQNS3SATA-1TB 1TB SSD 2.5"" SATA 6.0 Gb/s",Timetec,30TTQNS3SATA-1TB,1000GB,,bac99685-2a17-4e16-a0ad-64c685625e93.json,,1000,"2.5""",,,,,0D9-00ES-00031,,SATA 6.0 Gb/s,,,30TTQNS3SATA-1TB,False,SSD,SSD
badb0796-033c-460b-aade-e26208184dbe,Kingston NV1 250GB SSD M.2-2280 PCIe 3.0 x4 NVMe,Kingston,NV1,250GB,,badb0796-033c-460b-aade-e26208184dbe.json,,250,M.2-2280,B09DVP94WC,,,,9SIAH8WK691292,505735901,M.2 PCIe 3.0 x4,,,SNVS | 250G | SNVS/250G,True,SSD,SSD
baefde7b-de95-4c44-a66c-5d6f5793bc4b,Inland Performance Plus 4TB SSD M.2-2280 PCIe 4.0 X4 NVMe,Inland,Performance,4000GB,,baefde7b-de95-4c44-a66c-5d6f5793bc4b.json,,4000,M.2-2280,B09VSQ3V4P,,,,,,M.2 PCIe 4.0 x4,,,386813 | a9e1fa43-cc02-497a-a0e6-571b4ba4160b,True,SSD,SSD
baff8616-23ee-48f9-a445-aa158d843247,"Seagate BarraCuda 120 500GB SSD 2.5"" SATA",Seagate,BarraCuda,500GB,,baff8616-23ee-48f9-a445-aa158d843247.json,,500,"2.5""",,,,,,,SATA 6.0 Gb/s,,,ZA500CM10003,False,SSD,SSD
bb046da3-9e2e-402c-9b90-387defc4131f,MSI SPATIUM M460 2TB SSD M.2-2280 PCIe 4.0 x4 NVMe,MSI,SPATIUM,2000GB,,bb046da3-9e2e-402c-9b90-387defc4131f.json,,2000,M.2-2280,,,,,,,M.2 PCIe 4.0 x4,,,SPATIUM-M460-2TB | SPATIUM M460 PCIe 4.0 NVMe M.2 2TB | S78-440Q490-P83,True,SSD,SSD
bb22078b-59e4-4d01-b2d3-feed050a1e78,Inland 1TB Performance 1TB SSD M.2-2280 PCIe 4.0 x4 NVMe,Inland,1TB,1000GB,,bb22078b-59e4-4d01-b2d3-feed050a1e78.json,,1000,M.2-2280,,,,,,,M.2 PCIe 4.0 x4,,,1TB NVME PERFRM,True,SSD,SSD
bb2a8bcb-e992-48e0-93d8-0870732aeca8,"Toshiba DT01ACA050 500GB HDD 3.5"" 7200RPM SATA 6.0 Gb/s Internal",Toshiba,DT01ACA050,500GB,,bb2a8bcb-e992-48e0-93d8-0870732aeca8.json,,500,"3.5""",B0089U43EM,,,,,45084418,SATA 6.0 Gb/s,,,DT01ACA050 | HD000096,False,HDD,HDD
bb40fb98-1d0d-4bd0-9b1f-84e27e5575fe,"TEAMGROUP L5 LITE 3D 1TB SSD 2.5"" SATA 6.0 Gb/s",TEAMGROUP,L5,1000GB,,bb40fb98-1d0d-4bd0-9b1f-84e27e5575fe.json,,1000,"2.5""",,,,,,,SATA 6.0 Gb/s,,,T253TD001T3C101,False,SSD,SSD
bb6e9c95-3c6f-47c1-8263-61ca6e70cc57,"Western Digital Red SA500 4TB SSD 2.5"" SATA",Western Digital,Red,4000GB,,bb6e9c95-3c6f-47c1-8263-61ca6e70cc57.json,,4000,"2.5""",B07YFGTXHT,,,,N82E16820250125,532360012,SATA 6.0 Gb/s,,,WDS400T1R0A,False,SSD,SSD
bb871885-d110-4d5e-b74d-84bddff09bc6,MyDigitalSSD Super Boot Drive 8GB SSD M.2-2242 SATA,MyDigitalSSD,Super,8GB,,bb871885-d110-4d5e-b74d-84bddff09bc6.json,,8,M.2-2242,,,,,,,M.2 SATA,,,MDM242-SB-008,False,SSD,SSD
bb8bc18d-86e3-4801-a3a5-df757d7dac8d,"Toshiba HDD3B04 1TB HDD 3.5"" 7200RPM SAS 6.0 Gb/s",Toshiba,HDD3B04,1000GB,,bb8bc18d-86e3-4801-a3a5-df757d7dac8d.json,,1000,"3.5""",,,,,,,SAS 6.0 Gb/s,,,HDD3B04,False,HDD,HDD
bb9283ff-3fd0-456f-ad2f-c7295075b346,"Hitachi Deskstar 1TB HDD 3.5"" SATA",Hitachi,Deskstar,1000GB,,bb9283ff-3fd0-456f-ad2f-c7295075b346.json,,1000,"3.5""",,,,,,,SATA 6.0 Gb/s,,,HDS721010DLE630,False,HDD,HDD
bb92bec0-13b9-4963-8759-1d36fbc08d2b,"Seagate Pipeline 500GB HDD 3.5"" SATA",Seagate,Pipeline,500GB,,bb92bec0-13b9-4963-8759-1d36fbc08d2b.json,,500,"3.5""",,,,,,,SATA 3.0 Gb/s,,,ST3500312CS,False,HDD,HDD
bb93e01d-fa8d-448e-ae02-f362242884d3,MSI SPATIUM M390 1TB SSD M.2 PCIe 3.0 NVMe,MSI,SPATIUM,1000GB,,bb93e01d-fa8d-448e-ae02-f362242884d3.json,,1000,M.2-2280,B09NKH2V3D,,,,N82E16820140023,384362177,M.2 PCIe 3.0 x4,,,SM390N1TB | S78-440L650-P83 | SPATIUM M390 NVMe M.2 1TB,True,SSD,SSD
bb9de87a-5953-4233-977f-a06b23f61d3b,"Hitachi Ultrastar 7K4000 4TB Internal HDD 3.5"" 7200RPM SAS 6.0 Gb/s",Hitachi,Ultrastar,4000GB,,bb9de87a-5953-4233-977f-a06b23f61d3b.json,,4000,"3.5""",,,,,,,SAS 6.0 Gb/s,,,0B26885,False,HDD,HDD
bbaa302d-f4e0-4744-9ec0-8c146f7ee846,Intel Pro 6000p 512GB M.2-2280 SSD PCIe 3.0 x4 NVMe,Intel,Pro,512GB,,bbaa302d-f4e0-4744-9ec0-8c146f7ee846.json,,512,M.2-2280,B01LVWM1HZ,,,,,176693631,M.2 PCIe 3.0 x4,,,SSDPEKKF512G7X1,True,SSD,SSD
bbba1a56-ece3-4173-9727-763d17311425,SK Hynix Gold S31,SK Hynix,Gold S31,250 GB,2019,bbba1a56-ece3-4173-9727-763d17311425.json,,250,"2.5""",B07SL9WBCR,6431941,,,,,SATA 6.0 Gb/s,,,SHGS31-250GS-2,False,SSD,SSD
bbc78670-ad5d-450c-bf70-112dae06070d,"Crucial BX500 120GB SSD 2.5"" SATA",Crucial,BX500,120GB,,bbc78670-ad5d-450c-bf70-112dae06070d.json,,120,"2.5""",B07G3KRZBY,,,,,462379375,SATA 6.0 Gb/s,,,CT120BX500SSD1,False,SSD,SSD
bbdf8442-02a1-449e-bc13-b27a4953d6b4,SanDisk X400 512GB SSD M.2-2280 SATA,SanDisk,X400,512GB,,bbdf8442-02a1-449e-bc13-b27a4953d6b4.json,,512,M.2-2280,B0194MV3XM,,,,,,M.2 SATA,,,SD8SN8U-512G-1122,False,SSD,SSD
bbf58d70-4d17-4ec8-b34a-3e8326b21d92,Crucial T705 W/Heatsink 4TB SSD M.2-2280 PCIe 5.0 NVMe,Crucial,T705,4000GB,,bbf58d70-4d17-4ec8-b34a-3e8326b21d92.json,,4000,M.2-2280,B0CTRRFXC5,,,,N82E16820156402,5324582195,M.2 PCIe 5.0 x4,,,CT4000T705SSD5,True,SSD,SSD
bbfea382-419a-4410-9288-fb4bc7c6ba1f,"Samsung Spinpoint F1 EG 1TB HDD 5400RPM 3.5"" SATA 3.0 Gb/s",Samsung,Spinpoint,1000GB,,bbfea382-419a-4410-9288-fb4bc7c6ba1f.json,,1000,"3.5""",,,,,,,SATA 3.0 Gb/s,,,HD103UI,False,HDD,HDD
bc11eb60-8685-40fa-a726-26c237474493,"Corsair Force 3 120GB SSD 2.5"" SATA 6.0 Gb/s",Corsair,Force,120GB,,bc11eb60-8685-40fa-a726-26c237474493.json,,120,"2.5""",,,,,,,SATA 6.0 Gb/s,,,CSSD-F120GB3A-NB,False,SSD,SSD
bc207a33-37e2-4bd6-89d3-5ed627020aac,MSI SPATIUM M460 1TB SSD M.2-2280 PCIe 4.0 x4 NVMe,MSI,SPATIUM,1000GB,,bc207a33-37e2-4bd6-89d3-5ed627020aac.json,,1000,M.2-2280,,,,,,,M.2 PCIe 4.0 x4,,,SPATIUM-M460-1TB | SPATIUM M460 PCIe 4.0 NVMe M.2 1TB | SM460N1TB | S78-440L930-P83,True,SSD,SSD
bc2a6e6c-e6ec-4a72-9c46-1e65fc185845,HP S700 500GB M.2 SSD SATA,HP,S700,500GB,,bc2a6e6c-e6ec-4a72-9c46-1e65fc185845.json,,500,M.2-2280,,,,,,,M.2 SATA,,,2LU80AA#ABC,False,SSD,SSD
bc303cda-4afd-4be7-a414-b8b4f1b7985b,Biwin M350 1TB M.2-2280 SSD PCIe 4.0 x4 NVMe,Biwin,M350,1000GB,,bc303cda-4afd-4be7-a414-b8b4f1b7985b.json,,1000,M.2-2280,,,,,,,M.2 PCIe 4.0 x4,,,BM350NN01TB-RGX,True,SSD,SSD
bc3a5052-96c4-4ffb-9789-98e4cc052466,GOODRAM IRDM PRO SLIM 2TB SSD M.2-2280 PCIe 4.0 NVMe,GOODRAM,IRDM,2000GB,,bc3a5052-96c4-4ffb-9789-98e4cc052466.json,,2000,M.2-2280,,,,,,,M.2 PCIe 4.0 x4,,,IRP-SSDPR-P44S-2K0-80,True,SSD,SSD
bc3bd6e6-00ad-4ea1-b922-35185545841f,Intel 670p 2TB SSD M.2 PCIe 3.0 NVMe,Intel,670p,2000GB,,bc3bd6e6-00ad-4ea1-b922-35185545841f.json,,2000,M.2-2280,B08X4XL71S,,,,9SIA4REJUV7647,790075868,M.2 PCIe 3.0 x4,,,SSDPEKNU020TZX1,True,SSD,SSD
bc4d332a-8351-4a6e-968b-eb24c6146a56,Crucial P2 500GB M.2 SSD PCIe 3.0 NVMe,Crucial,P2,500GB,,bc4d332a-8351-4a6e-968b-eb24c6146a56.json,,500,M.2-2280,B086BGWNY8,6432877,,,9SIA22FKCT0731,700242634,M.2 PCIe 3.0 x4,,,CT500P2SSD8,True,SSD,SSD
bc53e93d-fcf8-4673-a2b7-909a1daf7fcb,Patriot P310 480GB SSD M.2-2280 PCIe 3.0 x4 NVMe,Patriot,P310,480GB,,bc53e93d-fcf8-4673-a2b7-909a1daf7fcb.json,,480,M.2-2280,B09KY75FVW,,,,9SIAD7HJEN2421,951228080,M.2 PCIe 3.0 x4,,,P310P480GM28 | P310,True,SSD,SSD
bc7fe016-996e-4429-b5f0-c305d3aa478b,"Intel 730 480GB SSD 2.5"" SATA",Intel,730,480GB,,bc7fe016-996e-4429-b5f0-c305d3aa478b.json,,480,"2.5""",B00IF4NGXQ,,,,,36305264,SATA 6.0 Gb/s,,,SSDSC2BP480G4R5,False,SSD,SSD
bc899b82-dda9-45d4-bc99-9404a2445016,"Seagate EXOS 1TB HDD 2.5"" SAS",Seagate,EXOS,1000GB,,bc899b82-dda9-45d4-bc99-9404a2445016.json,,1000,"2.5""",B00SBE5I3Q,,,,,46288005,SAS 12.0 Gb/s,,,ST1000NX0323,False,HDD,HDD
bc9ee309-a834-4858-b3a8-aa5a54a3af68,Acer Predator GM3500 1TB SSD M.2-2280 PCIe 3.0 x4 NVMe,Acer,Predator,1000GB,,bc9ee309-a834-4858-b3a8-aa5a54a3af68.json,,1000,M.2-2280,,,,,,,M.2 PCIe 3.0 x4,,,BL.9BWWR.102,True,SSD,SSD
bcb4ac5f-c361-4f31-9ad3-3865491d240f,"Western Digital Red Pro 6TB HDD 7200RPM 3.5"" SATA 6.0 Gb/s",Western Digital,Red,6000GB,,bcb4ac5f-c361-4f31-9ad3-3865491d240f.json,,6000,"3.5""",B07B1HX5KN,,,,N82E16822234344,672445344,SATA 6.0 Gb/s,,,WD6003FFBX | WD6003FFBX-SPMU3N0,False,HDD,HDD
bcd902cd-69c2-4242-a2d9-e79ca04c5b77,MSI SPATIUM M461 4TB SSD M.2-2280 PCIe 4.0 x4 NVMe,MSI,SPATIUM,4000GB,,bcd902cd-69c2-4242-a2d9-e79ca04c5b77.json,,4000,M.2-2280,B0BZ19KPCX,,,,N82E16820140041,3619848724,M.2 PCIe 4.0 x4,,,SPATIUM M461 4TB | SM461N4TB | 824142313848,True,SSD,SSD
bced5630-e594-4036-9ee5-b690ec9adadd,Klevv CRAS 1TB SSD M.2 PCIe 4.0 NVMe,Klevv,CRAS,1000GB,,bced5630-e594-4036-9ee5-b690ec9adadd.json,,1000,M.2-2280,,,,,,,M.2 PCIe 4.0 x4,,,K01TBM2SP0-C7T,True,SSD,SSD
bd13f375-b7aa-4fd2-a578-e5f6abc4ba99,Crucial P2 250GB 3D NAND NVMe M.2 SSD,Crucial,Crucial P2,250GB,0,bd13f375-b7aa-4fd2-a578-e5f6abc4ba99.json,,250,M.2-2280,B086BKGSC1,,,,9SIASS5K8K8322,709977510,M.2 PCIe 3.0 x4,,,CT250P2SSD8,True,SSD,SSD
bd3d969d-ab21-4e82-83f5-70ea04ece6f4,"TEAMGROUP QX 8TB SSD 2.5"" SATA 6.0 Gb/s",TEAMGROUP,QX,8000GB,,bd3d969d-ab21-4e82-83f5-70ea04ece6f4.json,,8000,"2.5""",,,,,,,SATA 6.0 Gb/s,,,T253X78000G0C101,False,SSD,SSD
bd7b1cd6-bf00-4800-9910-72afb4b0689b,"Seagate BarraCuda Pro 2TB HDD 3.5"" SATA",Seagate,BarraCuda,2000GB,,bd7b1cd6-bf00-4800-9910-72afb4b0689b.json,,2000,"3.5""",,,,,,,SATA 6.0 Gb/s,,,ST2000DM009,False,HDD,HDD
bd878e19-e761-49f3-b906-67e1eb35bd52,SanDisk SSD PLUS 250GB M.2-2280 SSD PCIe 3.0 x4 NVMe,SanDisk,SSD,250GB,,bd878e19-e761-49f3-b906-67e1eb35bd52.json,,250,M.2-2280,,,,,,,M.2 PCIe 3.0 x4,,,SDSSDA3N-250G-G26,True,SSD,SSD
bd886585-0178-4d9d-9cfc-140fc705ec3d,Silicon Power UD90 2TB SSD M.2-2280 PCIe 4.0 x4 NVMe,Silicon Power,UD90,2000GB,,bd886585-0178-4d9d-9cfc-140fc705ec3d.json,,2000,M.2-2280,B0B996CJ64,,,,0D9-0021-00136,2140716607,M.2 PCIe 4.0 x4,,,SP02KGBP44UD9005 | SP02KGBP44UD9005AY | SU02KGBP44UD9005SN,True,SSD,SSD
bd937ae2-5ee8-4bb6-bbfb-12c57d5e450c,TEAMGROUP MS30 2TB M.2-2280 SSD SATA,TEAMGROUP,MS30,2000GB,,bd937ae2-5ee8-4bb6-bbfb-12c57d5e450c.json,,2000,M.2-2280,B098T4JG95,,,,N82E16820331840,1909449490,M.2 SATA,,,TM8PS7002T0C101,False,SSD,SSD
bd93e5cf-2d26-4264-9e05-c3bfe7a6056b,Crucial P310 w/Heatsink 1TB SSD M.2-2280 PCIe 4.0 x4 NVMe,Crucial,P310,1000GB,,bd93e5cf-2d26-4264-9e05-c3bfe7a6056b.json,,1000,M.2-2280,,,,,N82E16820156416,,M.2 PCIe 4.0 x4,,,CT1000P310SSD5,True,SSD,SSD
bd9f0fc0-e2c5-4b48-881c-7d08850935bf,Verbatim Vi7000G 4TB SSD M.2-2280 PCIe 4.0 x4 NVMe,Verbatim,Vi7000G,4000GB,,bd9f0fc0-e2c5-4b48-881c-7d08850935bf.json,,4000,M.2-2280,,,,,,,M.2 PCIe 4.0 x4,,,49369,True,SSD,SSD
bdb99c1f-ef9a-48bb-9739-8e714ec9e71f,Addlink G55 2TB M.2-2280 SSD PCIe 5.0 x4 NVMe,Addlink,G55,2000GB,,bdb99c1f-ef9a-48bb-9739-8e714ec9e71f.json,,2000,M.2-2280,B0DHGQCYCG,,,,,,M.2 PCIe 5.0 x4,,,ad2TBG55M2P,True,SSD,SSD
bdfc93c3-018c-4d3d-8edc-b0282953dc16,ADATA LEGEND 960 MAX 1TB SSD M.2-2280 PCIe 4.0 x4 NVMe,ADATA,LEGEND,1000GB,,bdfc93c3-018c-4d3d-8edc-b0282953dc16.json,,1000,M.2-2280,B0BM53TGSX,,,,,,M.2 PCIe 4.0 x4,,,ALEG-960M-1TCS,True,SSD,SSD
be382bf4-5bee-4d3e-9f28-823efe5886e1,"ADATA Premier SP550 240GB 2.5"" SSD SATA",ADATA,Premier,240GB,,be382bf4-5bee-4d3e-9f28-823efe5886e1.json,,240,"2.5""",,,,,,,SATA 6.0 Gb/s,,,ASP550SS3-240GM-C,False,SSD,SSD
be3ba07f-8d73-40fd-b3c6-baab29137c14,Samsung 980 250GB SSD M.2-2280 PCIe 3.0 x4 NVMe,Samsung,980,250GB,,be3ba07f-8d73-40fd-b3c6-baab29137c14.json,,250,M.2-2280,B08V7P3SKS,,,,N82E16820147802,559060783,M.2 PCIe 3.0 x4,,,MZ-V8V250B | AM | MZ-V8V250BW | MZ-V8V250B/AM,True,SSD,SSD
be447900-8256-41e1-b9bf-ac1ab6f765e1,Toshiba XG5 512GB SSD M.2-2280 PCIe 3.0 x4 NVMe,Toshiba,XG5,512GB,,be447900-8256-41e1-b9bf-ac1ab6f765e1.json,,512,M.2-2280,,,,,,,M.2 PCIe 3.0 x4,,,KXG50ZNV512G,True,SSD,SSD
be568a98-4156-44f9-bfe9-6dbe0ca30896,"Western Digital Caviar SE16 320GB 3.5"" HDD 7200RPM SATA 3.0 Gb/s",Western Digital,Caviar,320GB,,be568a98-4156-44f9-bfe9-6dbe0ca30896.json,,320,"3.5""",,,,,,,SATA 3.0 Gb/s,,,WD3200KSRTL,False,HDD,HDD
be586208-f770-4a3f-a17d-35ec645dc966,"OCZ TRION 150 240GB SSD 2.5"" SATA",OCZ,TRION,240GB,,be586208-f770-4a3f-a17d-35ec645dc966.json,,240,"2.5""",,,,,,,SATA 6.0 Gb/s,,,TRN150-25SAT3-240G,False,SSD,SSD
be833ade-a6fd-42f7-b0a2-70fefd0f1910,KingSpec VP101 1TB M.2-2280 SSD PCIe 5.0 X4 NVMe,KingSpec,VP101,1000GB,,be833ade-a6fd-42f7-b0a2-70fefd0f1910.json,,1000,M.2-2280,,,,,0D9-000D-00180,,M.2 PCIe 5.0 x4,,,VP101-1000GB | VP101-1000,True,SSD,SSD
be861bd3-76b9-4ee9-b51b-005a80df4508,"Kingston KC600 2.048 TB SSD 2.5"" SATA",Kingston,KC600,2000GB,,be861bd3-76b9-4ee9-b51b-005a80df4508.json,,2000,"2.5""",B0844VCW7Q,,,,N82E16820242519,636342406,SATA 6.0 Gb/s,,,SKC600 | 2048G | SKC600/2048G,False,SSD,SSD
be8d58ba-7a4b-4e22-855f-a6df77b5f3ed,Western Digital Red SA500 1TB SSD M.2 SATA,Western Digital,Red,1000GB,,be8d58ba-7a4b-4e22-855f-a6df77b5f3ed.json,,1000,M.2-2280,B07YFGXPQ2,,,,N82E16820250127,,M.2 SATA,,,WDS100T1R0B,False,SSD,SSD
bea68294-c8d4-4151-b27f-ee4e174370f5,"Western Digital Caviar Blue 640GB HDD 3.5"" 7200RPM SATA",Western Digital,Caviar,640GB,,bea68294-c8d4-4151-b27f-ee4e174370f5.json,,640,"3.5""",B0017XUX7O,,,,,,SATA 3.0 Gb/s,,,WD6400AAKS,False,HDD,HDD
beb0bf73-1e15-4ae6-be4e-ecc8a9bbfd6d,"Hitachi HDS723020BLA642 2TB HDD 3.5"" SATA",Hitachi,HDS723020BLA642,2000GB,,beb0bf73-1e15-4ae6-be4e-ecc8a9bbfd6d.json,,2000,"3.5""",,,,,,,SATA 6.0 Gb/s,,,0f12115,False,HDD,HDD
beb145f7-38e9-4781-9179-be93272963fe,"Western Digital Caviar Green 3TB HDD 3.5"" SATA",Western Digital,Caviar,3000GB,,beb145f7-38e9-4781-9179-be93272963fe.json,,3000,"3.5""",B00471UDWI,,,,,,SATA 3.0 Gb/s,,,WD30EZRSDTL,False,HDD,HDD
beb30012-6cec-4814-9ba5-1e8d104dacdc,"Seagate Exos X22 22TB 3.5"" HDD 7200RPM SATA",Seagate,Exos,22000GB,,beb30012-6cec-4814-9ba5-1e8d104dacdc.json,,22000,"3.5""",,,,,,,SATA 6.0 Gb/s,,,ST22000NM002E,False,HDD,HDD
bebc5a20-d552-40d3-9e94-d402435a3ea1,"Corsair Force GT 240GB SSD 2.5"" SATA",Corsair,Force,240GB,,bebc5a20-d552-40d3-9e94-d402435a3ea1.json,,240,"2.5""",,,,,,,SATA 6.0 Gb/s,,,CSSD-F240GBGT-BK,False,SSD,SSD
bec31574-3ac0-4f15-b43e-92e3f9435368,HP EX920 1TB SSD M.2-2280 PCIe 3.0 NVMe,HP,EX920,1000GB,,bec31574-3ac0-4f15-b43e-92e3f9435368.json,,1000,M.2-2280,B0795Z97K7,,,,,808519304,M.2 PCIe 3.0 x4,,,2YY47AA#ABC,True,SSD,SSD
befce43c-57e1-4852-b06d-7eccb66b9996,"Toshiba HDWA110XZSTA 1TB HDD 3.5"" 5700RPM SATA",Toshiba,HDWA110XZSTA,1000GB,,befce43c-57e1-4852-b06d-7eccb66b9996.json,,1000,"3.5""",,,,,,,SATA 6.0 Gb/s,,,HDWA110XZSTA,False,HDD,HDD
bf1c740f-2691-4d59-8836-aa8a9b45a311,Lexar NM790 w/Heatsink 1TB SSD M.2-2280 PCIe 4.0 NVMe,Lexar,NM790,1000GB,,bf1c740f-2691-4d59-8836-aa8a9b45a311.json,,1000,M.2-2280,B0CGKPPZY9,,,,,,M.2 PCIe 4.0 x4,,,LNM790X001T-RN9NU | LNM790X001T-RN9NG,True,SSD,SSD
bf46a54f-9e39-4a36-b518-e7879fc935fe,Micron 7400 PRO 3.84 TB SSD M.2-22110 PCIe 4.0 x4 NVMe,Micron,7400,3000GB,,bf46a54f-9e39-4a36-b518-e7879fc935fe.json,,3000,M.2-22110,B09JM7Q5SG,,,,N82E16820363133,710890472,M.2 PCIe 4.0 x4,,,MTFDKBG3T8TDZ-1AZ1ZA | MTFDKBG3T8TDZ-1AZ1ZABYY,True,SSD,SSD
bf5bbc8b-71f5-4ea7-baa9-10da7dc4f56e,Western Digital Blue SN550 500GB SSD M.2 PCIe 3.0 NVMe,Western Digital,Blue,500GB,,bf5bbc8b-71f5-4ea7-baa9-10da7dc4f56e.json,,500,M.2-2280,,,,,,,M.2 PCIe 3.0 x4,,,WDBA3V5000ANC-WRSN,True,SSD,SSD
bf5fc185-8c4e-424a-8cff-62fb80690bef,ADATA Falcon 256GB M.2 2280 SSD NVMe PCIe 3.0,ADATA,Falcon,256GB,,bf5fc185-8c4e-424a-8cff-62fb80690bef.json,,256,M.2-2280,,,,,,,M.2 PCIe 3.0 x4,,,AFALCON-256G-C,True,SSD,SSD
bf638fd7-3c68-48fa-8cde-b25acbb89d0c,Kingston Fury Renegade 500GB SSD M.2 PCIe 4.0 NVMe,Kingston,Fury,500GB,,bf638fd7-3c68-48fa-8cde-b25acbb89d0c.json,,500,M.2-2280,B09K3NNGDS,,,,N82E16820242654,215854721,M.2 PCIe 4.0 x4,,,SFYRS | 500G | SFYRS/500G,True,SSD,SSD
bf67c01e-1b1b-4210-be81-d46aa62a0264,"Apacer AS340 240GB SSD 2.5"" SATA",Apacer,AS340,240GB,,bf67c01e-1b1b-4210-be81-d46aa62a0264.json,,240,"2.5""",,,,,,,SATA 6.0 Gb/s,,,AP240GAS340G-1,False,SSD,SSD
bf692593-68de-47b4-b45d-c8972ce8666e,"SanDisk SSD PLUS 240GB SSD 2.5"" SATA 6.0 Gb/s",SanDisk,SSD,240GB,,bf692593-68de-47b4-b45d-c8972ce8666e.json,,240,"2.5""",,,,,,,SATA 6.0 Gb/s,,,SDSSDA-240G-G25,False,SSD,SSD
bfc7e304-17d4-4c4b-ac5b-8027e5ee157e,Samsung 990 Pro w/Heatsink 4TB M.2 SSD PCIe 4.0 NVMe,Samsung,990,4000GB,,bfc7e304-17d4-4c4b-ac5b-8027e5ee157e.json,,4000,M.2-2280,B0CHHFR1LG,6559271,,,N82E16820147878,5240121144,M.2 PCIe 4.0 x4,,,MZ-V9P4T0CW,True,SSD,SSD
bfcd2190-9129-45cd-9b31-3b62ea5400d0,AGI AI298 2TB M.2-2280 SSD PCIe 3.0 X4 NVMe,AGI,AI298,2000GB,,bfcd2190-9129-45cd-9b31-3b62ea5400d0.json,,2000,M.2-2280,,,,,,,M.2 PCIe 3.0 x4,,,AGI2T0GIMAI298,True,SSD,SSD
bfd3f57b-f5dd-41ae-9639-7cbbb81d3dd1,"Samsung SM843TN 240GB SSD 2.5"" SATA",Samsung,SM843TN,240GB,,bfd3f57b-f5dd-41ae-9639-7cbbb81d3dd1.json,,240,"2.5""",,,,,,,SATA 6.0 Gb/s,,,MZ7WD240HCFV-00003,False,SSD,SSD
bfec09d5-d1a2-4c04-9569-3e14f5cbc926,"Western Digital Red Plus 8TB HDD 3.5"" SATA",Western Digital,Red,8000GB,,bfec09d5-d1a2-4c04-9569-3e14f5cbc926.json,,8000,"3.5""",B08TZT47VT,,,,9SIAA9UJVU5426,837184681,SATA 6.0 Gb/s,,,WD80EFBX,False,HDD,HDD
bff96984-4cda-4e5b-898e-373324cf5400,"Seagate Momentus XT 750GB 2.5"" HDD 7200RPM SATA",Seagate,Momentus,750GB,,bff96984-4cda-4e5b-898e-373324cf5400.json,,750,"2.5""",,,,,,,SATA 6.0 Gb/s,,,ST750LX003 | ST500NM0011,False,HDD,HDD
bffa7d54-0109-42e4-8554-e895d9c241e5,"Seagate SkyHawk AI 16TB 3.5"" HDD 7200RPM SATA 6.0 Gb/s",Seagate,SkyHawk,16000GB,,bffa7d54-0109-42e4-8554-e895d9c241e5.json,,16000,"3.5""",B08KTMVWNZ,,,,1B4-00VK-00653,749546289,SATA 6.0 Gb/s,,,ST16000VE002,False,HDD,HDD
c0297653-1264-4531-a396-1ed1eef4c350,TEAMGROUP T-FORCE G50 2TB SSD M.2-2280 PCIe 4.0 X4 NVMe,TEAMGROUP,T-FORCE,2000GB,,c0297653-1264-4531-a396-1ed1eef4c350.json,,2000,M.2-2280,B0CWQP2VGH,,,,N82E16820985144,5538319690,M.2 PCIe 4.0 x4,,,TM8FFE002T0C129 | TM8FFE001T0C129,True,SSD,SSD
c02eb0f8-5bc8-478e-b36b-341285892ff1,"Seagate Exos X20 18TB 3.5"" HDD 7200RPM SATA",Seagate,Exos,18000GB,,c02eb0f8-5bc8-478e-b36b-341285892ff1.json,,18000,"3.5""",B09MWLJ1P5,,,,,392336496,SATA 6.0 Gb/s,,,ST18000NM003D,False,HDD,HDD
c038cc4b-dce0-4255-908e-ec2a4102457e,Gigabyte 4000E 250GB SSD M.2-2280 PCIe 4.0 NVMe,Gigabyte,4000E,250GB,,c038cc4b-dce0-4255-908e-ec2a4102457e.json,,250,M.2-2280,,,,,,,M.2 PCIe 4.0 x4,,,G440E250G,True,SSD,SSD
c060176c-0193-4d0b-9ad5-0d9e609257a4,Samsung 980 PRO 2TB M.2 SSD PCIe 4.0 NVMe w/Heatsink,Samsung,980,2000GB,,c060176c-0193-4d0b-9ad5-0d9e609257a4.json,,2000,M.2-2280,B09J14CJ89,6485009,,,N82E16820147826,878994277,M.2 PCIe 4.0 x4,,,MZ-V8P2T0CW,True,SSD,SSD
c061739e-07ed-4c8e-85fa-09eb7f60dea1,Titanium Micro TH2000 512GB SSD M.2 PCIe 3.0 NVMe,Titanium Micro,TH2000,512GB,,c061739e-07ed-4c8e-85fa-09eb7f60dea1.json,,512,M.2-2280,B0BC2DCYPL,,,,,2112439445,M.2 PCIe 3.0 x4,,,TMNM2-TH2000-512GB | TH2000,True,SSD,SSD
c07a7e9f-58cd-4ffc-9fac-8e5042e0947c,"Seagate Constellation ES 1TB 3.5"" HDD 7200RPM SAS 3.0 Gb/s",Seagate,Constellation,1000GB,,c07a7e9f-58cd-4ffc-9fac-8e5042e0947c.json,,1000,"3.5""",B003IT70KS,,,,,43323835,SAS 3.0 Gb/s,,,ST31000424SS,False,HDD,HDD
c085a7a1-f11e-4ca9-b28f-66ce41557786,"Kingston HyperX FURY RGB 960GB SSD 2.5"" SATA 6.0 Gb/s",Kingston,HyperX,960GB,,c085a7a1-f11e-4ca9-b28f-66ce41557786.json,,960,"2.5""",,,,,,,SATA 6.0 Gb/s,,,SHFR200 | 960G,False,SSD,SSD
c0a3e9c4-20a6-4f9a-a215-a9d224d1d737,"Kingston SSDNow UV300 120GB 2.5"" SSD SATA",Kingston,SSDNow,120GB,,c0a3e9c4-20a6-4f9a-a215-a9d224d1d737.json,,120,"2.5""",,,,,,,SATA 6.0 Gb/s,,,SUV300S37A | 120G,False,SSD,SSD
c0a8d9f1-f158-414c-92fd-e6b3ccb57bdc,YMTC ZHITAI 512GB SSD M.2-2280 PCIe 3.0 NVMe,YMTC,ZHITAI,512GB,,c0a8d9f1-f158-414c-92fd-e6b3ccb57bdc.json,,512,M.2-2280,,,,,,,M.2 PCIe 3.0 x4,,,PC005,True,SSD,SSD
c0c91ec6-2393-461a-a7d8-ad5cb1bbd550,Seagate IronWolf 525 2TB SSD M.2-2280 PCIe 4.0 X4 NVMe,Seagate,IronWolf,2000GB,,c0c91ec6-2393-461a-a7d8-ad5cb1bbd550.json,,2000,M.2-2280,,,,,,,M.2 PCIe 4.0 x4,,,ZP2000NM3A002,True,SSD,SSD
c0ce672e-7cff-4831-a044-528176f57a42,"Seagate IronWolf NAS 14TB HDD 7200RPM 3.5"" SATA",Seagate,IronWolf,14000GB,,c0ce672e-7cff-4831-a044-528176f57a42.json,,14000,"3.5""",B07H7CW4YT,,,,9SIBWH3KAV9714,412291295,SATA 6.0 Gb/s,,,ST14000VN0008 | ST14000DM001,False,HDD,HDD
c0eb2412-adf7-422c-aee5-9a1664af08d4,ADATA XPG GAMMIX S60 Blade 1TB M.2-2280 SSD PCIe 4.0 x4 NVMe,ADATA,XPG,1000GB,,c0eb2412-adf7-422c-aee5-9a1664af08d4.json,,1000,M.2-2280,,,,,,,M.2 PCIe 4.0 x4,,,AGAMMIXS60-1T-CS,True,SSD,SSD
c0fc0f60-8d1b-46e3-9187-5c4727a9a299,Asura Genesis Xtreme 256GB M.2 SSD NVMe,Asura,Genesis,256GB,,c0fc0f60-8d1b-46e3-9187-5c4727a9a299.json,,256,M.2-2280,,,,,,,M.2 PCIe 3.0 x4,,,AGX0256BK,True,SSD,SSD
c1057f99-bb78-4452-b2bf-a64ec307bb0a,ADATA XPG SPECTRIX S40G RGB 4TB M.2 SSD PCIe 3.0 NVMe,ADATA,XPG,4000GB,,c1057f99-bb78-4452-b2bf-a64ec307bb0a.json,,4000,M.2-2280,B07SJC2NSJ,,,,,,M.2 PCIe 3.0 x4,,,AS40G-4TT-C | AS40G256GTC,True,SSD,SSD
c11b547e-4a28-44ee-8b43-f058a13bfd2c,Sabrent Rocket Q4 4TB SSD M.2 NVMe,Sabrent,Rocket,4000GB,,c11b547e-4a28-44ee-8b43-f058a13bfd2c.json,,4000,M.2-2280,,,,,,,M.2 PCIe 4.0 x4,,,SB-RKTQ4-HTSS-4TB,True,SSD,SSD
c126e4d8-976f-4ebe-b778-78261eda408b,SanDisk EXTREME PRO 1TB M.2-2280 SSD PCIe 3.0 X4 NVMe,SanDisk,EXTREME,1000GB,,c126e4d8-976f-4ebe-b778-78261eda408b.json,,1000,M.2-2280,B07BSV7R67,,,,,588075529,M.2 PCIe 3.0 x4,,,SDSSDXPM2-1T00-G25,True,SSD,SSD
c12f540e-1490-4c27-8744-28f274139d88,Force Series Gen.4 PCIe MP600 2TB NVMe M.2 SSD,Corsair,Force Series MP600,2TB,2022,c12f540e-1490-4c27-8744-28f274139d88.json,,2000,M.2-2280,B07SNGBW84,6356723,,,N82E16820236549,843177187,M.2 PCIe 4.0 x4,,,Force Mp600 | CSSD-F2000GBMP600,True,SSD,SSD
c13c581c-ea2d-4e0f-a8fd-7efea516931e,ADATA LEGEND 960 MAX 4TB SSD M.2-2280 PCIe 4.0 x4 NVMe,ADATA,LEGEND,4000GB,,c13c581c-ea2d-4e0f-a8fd-7efea516931e.json,,4000,M.2-2280,B0BM584Q2C,,,,,,M.2 PCIe 4.0 x4,,,ALEG-960M-4TCS,True,SSD,SSD
c14244c9-4124-4226-b805-596fc8bb9fdc,TEAMGROUP MP44 512GB SSD M.2-2280 PCIe 4.0 x4 NVMe,TEAMGROUP,MP44,512GB,,c14244c9-4124-4226-b805-596fc8bb9fdc.json,,512,M.2-2280,,,,,,,M.2 PCIe 4.0 x4,,,TM8FPW512G0C101,True,SSD,SSD
c151e9ec-ee3b-431d-b0d9-12930cb8ec8f,KingSpec XG7000 1TB SSD M.2-2242 PCIe 4.0 NVMe,KingSpec,XG7000,1000GB,,c151e9ec-ee3b-431d-b0d9-12930cb8ec8f.json,,1000,M.2-2242,,,,,0D9-000D-00184,,M.2 PCIe 4.0 x4,,,XG7000-1TB 2242,True,SSD,SSD
c1616a87-4cdb-4318-88f6-c698192dcdad,"Lenovo S4520 7.68 TB SSD 3.5"" SATA",Lenovo,S4520,7000GB,,c1616a87-4cdb-4318-88f6-c698192dcdad.json,,7000,"3.5""",,,,,,,SATA 6.0 Gb/s,,,4XB7A17123,False,SSD,SSD
c1914a49-f0b1-48c2-8e02-fafd6a2ac603,"Samsung 860 QVO 4TB 2.5"" SSD SATA 6.0 Gb/s",Samsung,860,4000GB,,c1914a49-f0b1-48c2-8e02-fafd6a2ac603.json,,4000,"2.5""",B07L3CLM2B,,,,,,SATA 6.0 Gb/s,,,MZ-76Q4T0B | AM | MZ-76Q4T0BW | MZ-76Q4T0B/AM,False,SSD,SSD
c1a1c5a6-e860-4ac9-ae97-07235f589dd6,"Western Digital Purple Pro 8TB HDD 3.5"" 7200RPM SATA 6.0 Gb/s",Western Digital,Purple,8000GB,,c1a1c5a6-e860-4ac9-ae97-07235f589dd6.json,,8000,"3.5""",B0966W3JPS,,,,,919169571,SATA 6.0 Gb/s,,,WD8001PURP | WD8001PURP-SPB6RY0,False,HDD,HDD
c1e209a2-7fda-4923-a4f3-45a70ee3e046,Western Digital Black 256GB SSD M.2-2280 PCIe 3.0 x4 NVMe,Western Digital,Black,256GB,,c1e209a2-7fda-4923-a4f3-45a70ee3e046.json,,256,M.2-2280,B01MS6BYJD,,,,,,M.2 PCIe 3.0 x4,,,WDS256G1X0C,True,SSD,SSD
c1f309de-6197-404d-9f75-56bd01ee9af1,"Seagate IronWolf Pro 10TB HDD 3.5"" SATA",Seagate,IronWolf,10000GB,,c1f309de-6197-404d-9f75-56bd01ee9af1.json,,10000,"3.5""",B01M4FU8Y3,,,,,195877386,SATA 6.0 Gb/s,,,ST10000NE0004 | ST10000NEB004,False,HDD,HDD
c213fa29-da4a-41bc-b471-fc931df73cba,"Samsung 850 Evo 2TB SSD 2.5"" SATA",Samsung,850,2000GB,,c213fa29-da4a-41bc-b471-fc931df73cba.json,,2000,"2.5""",B010QD6W9I,,,,,,SATA 6.0 Gb/s,,,MZ-75E2T0B | AM | EU | MZ-75E2T0B/AM,False,SSD,SSD
c2250439-28ae-449a-bd89-9fabd0e04091,"Hitachi Travelstar 1TB HDD 2.5"" SATA",Hitachi,Travelstar,1000GB,,c2250439-28ae-449a-bd89-9fabd0e04091.json,,1000,"2.5""",B00B4QESVQ,,,,,,SATA 6.0 Gb/s,,,0J22423 | FBA_0J22423,False,HDD,HDD
c24dd74b-cac4-4c52-98b4-be4f630fa2d3,"Kingston UV500B 240GB SSD 2.5"" SATA",Kingston,UV500B,240GB,,c24dd74b-cac4-4c52-98b4-be4f630fa2d3.json,,240,"2.5""",,,,,,,SATA 6.0 Gb/s,,,SUV500B | 240G,False,SSD,SSD
c264ea0f-3365-4f0e-8b5b-58bcc292878a,Plextor M8Pe 256GB SSD PCIe PCIe x4 NVMe,Plextor,M8Pe,256GB,,c264ea0f-3365-4f0e-8b5b-58bcc292878a.json,,256,PCIe,,,,,,,M.2 PCIe 3.0 x4,,,PX-256M8PeY,True,SSD,SSD
c26babf5-0a67-4cf8-95d1-2ae0c166121f,"Kingston SSDNow V200 256GB 2.5"" SSD SATA",Kingston,SSDNow,256GB,,c26babf5-0a67-4cf8-95d1-2ae0c166121f.json,,256,"2.5""",,,,,,,SATA 6.0 Gb/s,,,SV200S3 | 256G,False,SSD,SSD
c26ec9c7-14b6-445b-a150-00707849a507,Acer FA200 1TB M.2 SSD PCIe 4.0 NVMe,Acer,FA200,1000GB,,c26ec9c7-14b6-445b-a150-00707849a507.json,,1000,M.2-2280,,,,,,,M.2 PCIe 4.0 x4,,,BL.9BWWA.124,True,SSD,SSD
c28465a3-48ce-41b0-8886-569047248d3a,Micron 2200 256GB SSD M.2-2280 PCIe 3.0 x4 NVMe,Micron,2200,256GB,,c28465a3-48ce-41b0-8886-569047248d3a.json,,256,M.2-2280,,,,,,,M.2 PCIe 3.0 x4,,,MTFDHBA256TCK-1AS1AA,True,SSD,SSD
c284f43f-e40d-4194-a0c1-fdf5d9f58913,"Toshiba MQ01ABD100M 1TB HDD 5400RPM 2.5"" SATA 6.0 Gb/s",Toshiba,MQ01ABD100M,1000GB,,c284f43f-e40d-4194-a0c1-fdf5d9f58913.json,,1000,"2.5""",,,,,,,SATA 6.0 Gb/s,,,MQ01ABD100M,False,HDD,HDD
c2975c35-37ab-48eb-aa06-c8d6e8735267,"Crucial M550 128GB SSD 2.5"" SATA",Crucial,M550,128GB,,c2975c35-37ab-48eb-aa06-c8d6e8735267.json,,128,"2.5""",,,,,,,SATA 6.0 Gb/s,,,CT128M550SSD1,False,SSD,SSD
c29fdde2-a195-40d4-8a87-572c5dc2523c,"Samsung 870 QVO 2TB 2.5"" SSD SATA 6.0 Gb/s",Samsung,870,2000GB,,c29fdde2-a195-40d4-8a87-572c5dc2523c.json,,2000,"2.5""",B07STZZ7X1,6422327,,,9SIA12KBTX7615,768917410,SATA 6.0 Gb/s,,,MZ-77Q2T0B | AM | MZ-77Q2T0BW,False,SSD,SSD
c2c7d7ff-104f-4d7d-a0fb-9451a8faf8bb,ADATA Premium For PS5 1TB SSD M.2 2280 PCIe 4.0 x4 NVMe,ADATA,Premium,1000GB,,c2c7d7ff-104f-4d7d-a0fb-9451a8faf8bb.json,,1000,M.2-2280,B09NS7J4WS,,,,,,M.2 PCIe 4.0 x4,,,APSFG-1T-CSUS,True,SSD,SSD
c2db4e28-068f-46c3-8214-bdaee0315f36,"Western Digital Purple 1TB HDD 3.5"" 5900RPM SATA",Western Digital,Purple,1000GB,,c2db4e28-068f-46c3-8214-bdaee0315f36.json,,1000,"3.5""",,,,,,,SATA 6.0 Gb/s,,,WD10PURX,False,HDD,HDD
c2eec7b8-0f0b-4714-96c8-dc8294c984cd,"Toshiba S300 4TB 3.5"" HDD 7200RPM SATA 6.0 Gb/s",Toshiba,S300,4000GB,,c2eec7b8-0f0b-4714-96c8-dc8294c984cd.json,128,4000,"3.5""",,,,,,,SATA 6.0 Gb/s,,,HDWT140UZSVA,False,HDD,HDD
c2fd86e7-d690-4556-9199-411717c6c26f,Oyen Digital E18-8TBICS5 8TB M.2-2280 SSD PCIe 4.0 X4 NVMe,Oyen Digital,E18-8TBICS5,8000GB,,c2fd86e7-d690-4556-9199-411717c6c26f.json,,8000,M.2-2280,,,,,,,M.2 PCIe 4.0 x4,,,E18-8TBICS5,True,SSD,SSD
c30f173e-191e-4e8a-8a7c-6f370c899d7a,"Seagate Nytro Enterprise 1.92 TB SSD 2.5"" SATA 6.0 Gb/s",Seagate,Nytro,1000GB,,c30f173e-191e-4e8a-8a7c-6f370c899d7a.json,,1000,"2.5""",B07GLL7XL7,,,,,548002118,SATA 6.0 Gb/s,,,XA1920ME10063,False,SSD,SSD
c33cf3e3-2d52-447f-a292-c6369bb703fb,Transcend 830S 128GB SSD M.2 SATA,Transcend,830S,128GB,,c33cf3e3-2d52-447f-a292-c6369bb703fb.json,,128,M.2-2280,B07KG4MYJP,,,,,108978242,M.2 SATA,,,TS128GMTS830S,False,SSD,SSD
c34b6291-fa30-404e-8ce4-9e2a26729410,Western Digital Black SN850 500GB SSD M.2-2280 PCIe 4.0 X4 NVMe,Western Digital,Black,500GB,,c34b6291-fa30-404e-8ce4-9e2a26729410.json,,500,M.2-2280,B08SWFTP9N,,,,,917868443,M.2 PCIe 4.0 x4,,,WDS500G1XHE,True,SSD,SSD
c374ef01-92bf-4f4a-8ad2-58e1ea85b790,"Orico Y-20 128GB SSD 2.5"" SATA 6.0 Gb/s",Orico,Y-20,128GB,,c374ef01-92bf-4f4a-8ad2-58e1ea85b790.json,,128,"2.5""",B0D7C93FBK,,,,,,SATA 6.0 Gb/s,,,Y20-128GB | Y20,False,SSD,SSD
c37ded3c-d365-49b5-bf85-9c65a957571a,"Toshiba X300 Pro 14TB 3.5"" HDD 7200RPM SATA",Toshiba,X300,14000GB,,c37ded3c-d365-49b5-bf85-9c65a957571a.json,,14000,"3.5""",B09TQ8GJHV,,,,N82E16822149815,1873909159,SATA 6.0 Gb/s,,,HDWR51EXZSTB,False,HDD,HDD
c37efd1f-3757-4748-8d51-99547aa16c0b,"Seagate FireCuda 2TB Hybrid 2.5"" SATA 5400RPM",Seagate,FireCuda,2000GB,,c37efd1f-3757-4748-8d51-99547aa16c0b.json,,2000,"2.5""",B01M1UQQT5,,,,9SIBF3XJ742129,,SATA 6.0 Gb/s,,,ST2000LX001,False,SSHD,SSHD
c387ea60-3aff-4227-844b-2007078e6ec9,Intel 760p 1TB SSD M.2-2280 PCIe 3.0 x4 NVMe,Intel,760p,1000GB,,c387ea60-3aff-4227-844b-2007078e6ec9.json,,1000,M.2-2280,B078QD1KRB,,,,,594592843,M.2 PCIe 3.0 x4,,,SSDPEKKW010T8X1,True,SSD,SSD
c38adfa9-f8b7-4e7d-bfe3-33c0aa98ee33,"Western Digital Caviar Blue 250GB 3.5"" HDD 7200RPM SATA 3.0 Gb/s",Western Digital,Caviar,250GB,,c38adfa9-f8b7-4e7d-bfe3-33c0aa98ee33.json,,250,"3.5""",B000Q84G5Q,,,,,13050592,SATA 3.0 Gb/s,,,WD2500AAJS | WD2500AAJSSP,False,HDD,HDD
c3acf000-0e63-41be-8d4a-fd5fd031b2f6,Verbatim Vi3000 1TB SSD M.2-2280 PCIe 3.0 X4 NVMe,Verbatim,Vi3000,1000GB,,c3acf000-0e63-41be-8d4a-fd5fd031b2f6.json,,1000,M.2-2280,B0BY6QB7HZ,,,,,5223685771,M.2 PCIe 3.0 x4,,,70873 | 49375,True,SSD,SSD
c3b640e1-3899-4fa7-bcd1-5b4de138a8e1,"Western Digital Ultrastar 12TB DC HC520 7200 RPM SATA 6.0Gb/s 3.5"" Data Center Internal Hard Drive - 0F30146",Western Digital,Ultrastar DC HC520,,0,c3b640e1-3899-4fa7-bcd1-5b4de138a8e1.json,,12,"3.5""",,,,,1Z4-00H1-00005,,SATA 6.0 Gb/s,,,WUH721414ALE6L4 | 0F31284,False,HDD,HDD
c3b6d860-e309-411b-bacb-e473186bd5ff,"Toshiba N300 Pro 24TB HDD 7200RPM 3.5"" SATA 6.0 Gb/s",Toshiba,N300,24000GB,,c3b6d860-e309-411b-bacb-e473186bd5ff.json,1024,24000,"3.5""",B0F255ZJLP,,,,234-0004-002S9,16043266200,SATA 6.0 Gb/s,,,HDWG82EXZSTB,False,HDD,HDD
c3e1f2c8-6dbd-4e84-8ef0-1124a4856674,"Seagate STCL2000400 2TB 3.5"" Hybrid 7200RPM SATA",Seagate,STCL2000400,2000GB,,c3e1f2c8-6dbd-4e84-8ef0-1124a4856674.json,,2000,"3.5""",,,,,,,SATA 6.0 Gb/s,,,STCL2000400,False,SSHD,SSHD
c3e5427c-16b2-4222-b9ba-28f2356093c9,"Crucial M500 120GB SSD 2.5"" SATA",Crucial,M500,120GB,,c3e5427c-16b2-4222-b9ba-28f2356093c9.json,,120,"2.5""",,,,,,,SATA 6.0 Gb/s,,,CT120M500SSD1,False,SSD,SSD
c3ec4fc2-9943-4b50-9665-7e4f5cb876ac,"Seagate BarraCuda 16 TB 3.5"" HDD 7200RPM SATA",Seagate,BarraCuda,16000GB,,c3ec4fc2-9943-4b50-9665-7e4f5cb876ac.json,512,16000,"3.5""",B0F1NK18LK,,,,N82E16822185111,15498607007,SATA 6.0 Gb/s,,,ST16000DM001,False,HDD,HDD
c3f11cae-c34c-4a42-a8e0-cfb62d72bfa5,"Seagate SkyHawk Surveillance 3TB HDD 3.5"" SATA",Seagate,SkyHawk,3000GB,,c3f11cae-c34c-4a42-a8e0-cfb62d72bfa5.json,,3000,"3.5""",,,,,,,SATA 6.0 Gb/s,,,ST3000VX009,False,HDD,HDD
c426c862-7a38-4171-9418-e7cca6f984bd,ADATA Legend 750 1TB SSD M.2-2280 PCIe 3.0 x4 NVMe,ADATA,Legend,1000GB,,c426c862-7a38-4171-9418-e7cca6f984bd.json,,1000,M.2-2280,,,,,,,M.2 PCIe 3.0 x4,,,ALEG-750-1TCS,True,SSD,SSD
c4618272-77d7-4330-87de-666b2b04013e,Sabrent Rocket 512GB SSD M.2-2242 PCIe 3.0 x4 NVMe,Sabrent,Rocket,512GB,,c4618272-77d7-4330-87de-666b2b04013e.json,,512,M.2-2242,,,,,,,M.2 PCIe 3.0 x4,,,SB-1342-512,True,SSD,SSD
c4775ef3-4f58-423a-ad3c-0d3c1a6a8ff5,"Seagate Enterprise Performance 900GB HDD 15000RPM 2.5"" SAS",Seagate,Enterprise,900GB,,c4775ef3-4f58-423a-ad3c-0d3c1a6a8ff5.json,,900,"2.5""",,,,,,,SAS 12.0 Gb/s,,,ST900MP0006,False,HDD,HDD
c47f0d20-4a02-4b1c-a3cc-afed24f96cd2,Crucial T705 4TB SSD M.2 PCIe 5.0 NVMe,Crucial,T705,4000GB,,c47f0d20-4a02-4b1c-a3cc-afed24f96cd2.json,,4000,M.2-2280,B0CTSSMTZK,,,,N82E16820156399,5476223891,M.2 PCIe 5.0 x4,,,CT4000T705SSD3,True,SSD,SSD
c4805275-ec37-47f4-9250-1c6988f3445f,"Western Digital Purple 1TB HDD 3.5"" 5400RPM SATA",Western Digital,Purple,1000GB,,c4805275-ec37-47f4-9250-1c6988f3445f.json,,1000,"3.5""",B072L175ZW,,,,,124627890,SATA 6.0 Gb/s,,,WD10PURZ,False,HDD,HDD
c485d20a-599a-417b-85d7-3fa1b44885fc,ADATA Falcon 512GB SSD M.2 NVMe,ADATA,Falcon,512GB,,c485d20a-599a-417b-85d7-3fa1b44885fc.json,,512,M.2-2280,,,,,,,M.2 PCIe 3.0 x4,,,AFALCON-512G-C,True,SSD,SSD
c49b5d9d-57db-40cd-a357-678afea24099,Western Digital Blue SN550 1TB SSD M.2-2280 PCIe 3.0 X4 NVMe,Western Digital,Blue,1000GB,,c49b5d9d-57db-40cd-a357-678afea24099.json,,1000,M.2-2280,,,,,,,M.2 PCIe 3.0 x4,,,WDBA3V0010BNC-WRSN,True,SSD,SSD
c49b82c8-7752-4f55-9e95-e404effe3c01,Inland TN320 1TB SSD M.2-2280 PCIe 3.0 x4 NVMe,Inland,TN320,1000GB,,c49b82c8-7752-4f55-9e95-e404effe3c01.json,,1000,M.2-2280,B0BRQRSM3K,,,,,,M.2 PCIe 3.0 x4,,,1TB TN320 NVME | TN320,True,SSD,SSD
c4a1981a-1c19-4e1a-86dc-a3cee149c3d4,Silicon Power P34A60 1TB SSD M.2-2280 PCIe 3.0 x4 NVMe,Silicon Power,P34A60,1000GB,,c4a1981a-1c19-4e1a-86dc-a3cee149c3d4.json,,1000,M.2-2280,,,,,N82E16820301428,,M.2 PCIe 3.0 x4,,,SU001TBP34A60M28CA,True,SSD,SSD
c4b03ec2-2214-47af-93f5-7baacabb0d28,ADATA XPG MARS 980 PRO 2TB SSD M.2-2280 PCIe 5.0 X4 NVMe,ADATA,XPG,2000GB,,c4b03ec2-2214-47af-93f5-7baacabb0d28.json,,2000,M.2-2280,,,,,,,M.2 PCIe 5.0 x4,,,SMAR-980P-2TCI,True,SSD,SSD
c4b9285a-07be-44cb-85e8-b721453dd60a,Netac NV2000 1TB M.2-2280 SSD PCIe 3.0 X4 NVMe,Netac,NV2000,1000GB,,c4b9285a-07be-44cb-85e8-b721453dd60a.json,,1000,M.2-2280,,,,,,,M.2 PCIe 3.0 x4,,,NT01NV2000-1T0-E4X,True,SSD,SSD
c4d50685-c8c3-4fd0-a294-0bf808a0fedd,"Intel D3-S4510 480GB SSD 2.5"" SATA",Intel,D3-S4510,480GB,,c4d50685-c8c3-4fd0-a294-0bf808a0fedd.json,,480,"2.5""",B07GJRJ86P,,,,,446095591,SATA 6.0 Gb/s,,,SSDSC2KB480G801,False,SSD,SSD
c4df196c-cd35-4ad9-807f-077b629d229f,"Seagate Momentus Thin 320GB 2.5"" HDD 7200RPM SATA",Seagate,Momentus,320GB,,c4df196c-cd35-4ad9-807f-077b629d229f.json,,320,"2.5""",B006YVH066,,,,,,SATA 3.0 Gb/s,,,ST320LT007,False,HDD,HDD
c4e6c20f-03fe-46f8-93aa-2cf9417c20d2,"Western Digital RE2-GP 1 TB HDD 3.5"" 7200RPM SATA 3.0 Gb/s Internal",Western Digital,RE2-GP,1000GB,,c4e6c20f-03fe-46f8-93aa-2cf9417c20d2.json,,1000,"3.5""",B001441Y56,,,,,,SATA 3.0 Gb/s,,,WD1000FYPS,False,HDD,HDD
c4eb608c-a8cf-4a05-a284-57fe8cda4cd9,"Intel Optane 905P 1.5TB SSD 2.5"" NVMe",Intel,Optane,1000GB,,c4eb608c-a8cf-4a05-a284-57fe8cda4cd9.json,,1000,"2.5""",B07HYXRM55,,,,,,U.2,,,SSDPE21D015TAX1 | SSDPE21D015TA01,False,SSD,SSD
c507dd55-ced2-4a39-8034-53544956dbcc,"Lexar NS100 128GB SSD 2.5"" SATA",Lexar,NS100,128GB,,c507dd55-ced2-4a39-8034-53544956dbcc.json,,128,"2.5""",,,,,,,SATA 6.0 Gb/s,,,LNS100-128RB,False,SSD,SSD
c508b070-110e-44b4-9708-2a0ab4fc9269,"Western Digital Scorpio Black 250GB HDD 7200RPM 2.5"" SATA",Western Digital,Scorpio,250GB,,c508b070-110e-44b4-9708-2a0ab4fc9269.json,,250,"2.5""",B001CO3EKG,,,,,13055847,SATA 3.0 Gb/s,,,WD2500BEKT,False,HDD,HDD
c5114cc1-06ea-426f-ae89-4dbc65322e82,"Toshiba N300 NAS 4TB 3.5"" HDD 7200RPM SATA 6.0 Gb/s",Toshiba,N300,4000GB,,c5114cc1-06ea-426f-ae89-4dbc65322e82.json,512,4000,"3.5""",,,,,,,SATA 6.0 Gb/s,,,HDWG740XZSTC,False,HDD,HDD
c53a808b-d64a-45a8-8103-a8127b3577c5,"Crucial MX300 525GB SSD 2.5"" SATA",Crucial,MX300,525GB,,c53a808b-d64a-45a8-8103-a8127b3577c5.json,,525,"2.5""",B01IAGSD68,,,,,123313819,SATA 6.0 Gb/s,,,CT525MX300SSD1 | 150084,False,SSD,SSD
c5402023-1050-4e02-b7d0-112dfdbd1256,"Western Digital Caviar Green 2TB 3.5"" HDD 5400RPM SATA",Western Digital,Caviar,2000GB,,c5402023-1050-4e02-b7d0-112dfdbd1256.json,,2000,"3.5""",,,,,,,SATA 3.0 Gb/s,,,WDBAAY0020HNC-NRSN,False,HDD,HDD
c550b611-31bf-4fc9-875f-f24a65c2aa80,"Patriot P210 1TB SSD 2.5"" SATA 6.0 Gb/s",Patriot,P210,1000GB,,c550b611-31bf-4fc9-875f-f24a65c2aa80.json,,1000,"2.5""",B087KBL5KS,,,,N82E16820225232,658145399,SATA 6.0 Gb/s,,,P210S1TB25,False,SSD,SSD
c56d74ae-229a-43e0-b14c-a1897cd2110f,Kingston SSDNow 240GB M.2-2280 SSD SATA,Kingston,SSDNow,240GB,,c56d74ae-229a-43e0-b14c-a1897cd2110f.json,,240,M.2-2280,,,,,,,M.2 SATA,,,SM2280S3 | 240G,False,SSD,SSD
c580720b-5016-4c60-8d56-cf7007b0b67a,"Western Digital WD_BLACK 500GB HDD 7200RPM 3.5"" SATA 6.0 Gb/s",Western Digital,WD_BLACK,500GB,,c580720b-5016-4c60-8d56-cf7007b0b67a.json,,500,"3.5""",,,,,,,SATA 6.0 Gb/s,,,WD5003AZEX,False,HDD,HDD
c589b34d-7adf-4a58-9a67-24a93ffa3512,HP FX900 Pro 2TB SSD M.2-2280 PCIe 4.0 x4 NVMe,HP,FX900,2000GB,,c589b34d-7adf-4a58-9a67-24a93ffa3512.json,,2000,M.2-2280,B09PCWWD1B,,,,,,M.2 PCIe 4.0 x4,,,4A3U1AA#ABB,True,SSD,SSD
c58dccd8-a359-4164-9a4e-0a75a106cad0,"Toshiba N300 6TB 3.5"" HDD 7200RPM SATA 6.0 Gb/s Internal",Toshiba,N300,6000GB,,c58dccd8-a359-4164-9a4e-0a75a106cad0.json,256,6000,"3.5""",B08BV1T759,,,,,,SATA 6.0 Gb/s,,,HDWG160XZSTA,False,HDD,HDD
c5a63e5a-c9e4-4368-9d9d-d7e03793b5de,"ADATA SU800 128GB SSD 2.5"" SATA 6.0 Gb/s",ADATA,SU800,128GB,,c5a63e5a-c9e4-4368-9d9d-d7e03793b5de.json,,128,"2.5""",,,,,,,SATA 6.0 Gb/s,,,ASU800SS-128GT-C,False,SSD,SSD
c5ce8cbe-81b7-4a89-a5f8-9be458dc9046,"Western Digital Blue 1TB 2.5"" HDD 5400RPM SATA 6.0 Gb/s",Western Digital,Blue,1000GB,,c5ce8cbe-81b7-4a89-a5f8-9be458dc9046.json,,1000,"2.5""",B00C9TEBJQ,,,,,,SATA 6.0 Gb/s,,,WD10JPVX | FBA_640947000109,False,HDD,HDD
c5f7abc7-b1e1-43ff-ad74-0bd14c858c21,ADATA XPG SPECTRIX S20G 500GB SSD M.2-2280 PCIe 3.0 X4 NVMe,ADATA,XPG,500GB,,c5f7abc7-b1e1-43ff-ad74-0bd14c858c21.json,,500,M.2-2280,B08RWL9SB5,,,,,,M.2 PCIe 3.0 x4,,,ASPECTRIXS20G-500G-C,True,SSD,SSD
c5fa6ab8-102b-47d8-ab76-0fe6e7a31fea,"Seagate Surveillance 5TB HDD 3.5"" 5400RPM SATA",Seagate,Surveillance,5000GB,,c5fa6ab8-102b-47d8-ab76-0fe6e7a31fea.json,,5000,"3.5""",B00QFXEOXA,,,,,43500599,SATA 6.0 Gb/s,,,ST5000VX0001,False,HDD,HDD
c5fd21aa-a221-4894-b0de-d82225f264ac,Apacer AS2280Q4 1TB SSD M.2-2280 PCIe 4.0 X4 NVMe,Apacer,AS2280Q4,1000GB,,c5fd21aa-a221-4894-b0de-d82225f264ac.json,,1000,M.2-2280,,,,,,,M.2 PCIe 4.0 x4,,,AP1TBAS2280Q4-1,True,SSD,SSD
c6006643-f0a2-4739-96d7-6478991a2de2,Klevv CRAS C910 2TB SSD M.2-2280 PCIe 4.0 x4 NVMe,Klevv,CRAS,2000GB,,c6006643-f0a2-4739-96d7-6478991a2de2.json,,2000,M.2-2280,B0D3HDJDNM,,,,,,M.2 PCIe 4.0 x4,,,K02TBM2SP0-C91,True,SSD,SSD
c63394f3-be3e-4ea8-9080-2ffadf0123b6,Verbatim Vi7000G 2TB SSD M.2-2280 PCIe 4.0 x4 NVMe,Verbatim,Vi7000G,2000GB,,c63394f3-be3e-4ea8-9080-2ffadf0123b6.json,,2000,M.2-2280,,,,,0D9-002W-000E4,,M.2 PCIe 4.0 x4,,,49368,True,SSD,SSD
c6513ba3-623e-4c79-ac1f-d05d5430c138,"Gigabyte GP-GSTFS31120GNTD 120GB SSD 2.5"" SATA 6.0 Gb/s",Gigabyte,GP-GSTFS31120GNTD,120GB,,c6513ba3-623e-4c79-ac1f-d05d5430c138.json,,120,"2.5""",B07GJKR7RX,,,,,662497321,SATA 6.0 Gb/s,,,GP-GSTFS31120GNTD,False,SSD,SSD
c65794b7-74a2-4634-ae0b-793e44c110b1,Seagate FireCuda 530R w/Heatsink 2TB SSD M.2 PCIe 4.0 NVMe,Seagate,FireCuda,2000GB,,c65794b7-74a2-4634-ae0b-793e44c110b1.json,,2000,M.2-2280,B0CWHFV66K,6581742,,,N82E16820248254,9020803244,M.2 PCIe 4.0 x4,,,ZP2000GM3A073 | 763649183120,True,SSD,SSD
c65c69e8-d3c6-4f07-85fd-beb01ce9a972,"Western Digital Red Pro 6TB 3.5"" HDD 7200RPM SATA",Western Digital,Red,6000GB,,c65c69e8-d3c6-4f07-85fd-beb01ce9a972.json,,6000,"3.5""",B0D1V42F9B,,,,N82E16822234561,5434297365,SATA 6.0 Gb/s,,,WD6005FFBX | WD6005FFBX-SPCASN0,False,HDD,HDD
c6624aca-adf2-4626-b948-f80cd81b73c0,KingSpec NXM 128GB SSD M.2-2242 PCIe 3.0 X4 NVMe,KingSpec,NXM,128GB,,c6624aca-adf2-4626-b948-f80cd81b73c0.json,,128,M.2-2242,,,,,0D9-000D-00162,,M.2 PCIe 3.0 x4,,,NXM-128 | NXM-128 2242,True,SSD,SSD
c662de85-da94-41dd-aed2-77d2115de0ca,Kingston KC3000 4.096 TB SSD M.2-2280 PCIe 4.0 x4 NVMe,Kingston,KC3000,4000GB,,c662de85-da94-41dd-aed2-77d2115de0ca.json,,4000,M.2-2280,B09K7DHG1Z,,,,N82E16820242661,200049905,M.2 PCIe 4.0 x4,,,SKC3000D | 4096G | SKC3000D/4096G,True,SSD,SSD
c66e60e9-f8e4-43b7-958f-04e057bcdccf,Kingston A400 120GB SSD M.2-2280 SATA,Kingston,A400,120GB,,c66e60e9-f8e4-43b7-958f-04e057bcdccf.json,,120,M.2-2280,,,,,,,M.2 SATA,,,SA400M8 | 120G,False,SSD,SSD
c68270e4-09c9-4f77-9892-c1abe190ff7a,Western Digital Black SN750 Rev2 2TB SSD M.2 PCIe 3.0 NVMe,Western Digital,Black,2000GB,,c68270e4-09c9-4f77-9892-c1abe190ff7a.json,,2000,M.2-2280,B07M9VXSXG,,,,,276063799,M.2 PCIe 3.0 x4,,,WDBRPG0020BNC-WRSN | WDS200T3X0C | WDS200T3X0C-00SJG0,True,SSD,SSD
c6915d26-42c5-4f97-9505-63f9258b809f,Fastro MS150 1TB M.2-2280 SSD PCIe 3.0 X4 NVMe,Fastro,MS150,1000GB,,c6915d26-42c5-4f97-9505-63f9258b809f.json,,1000,M.2-2280,,,,,,,M.2 PCIe 3.0 x4,,,MS150100TTS,True,SSD,SSD
c695addc-8787-4b88-8a35-94db0f47ab72,Gigabyte AORUS Gen4 5000E 1TB SSD M.2 PCIe 4.0 NVMe,Gigabyte,AORUS,1000GB,,c695addc-8787-4b88-8a35-94db0f47ab72.json,,1000,M.2-2280,,,,,,,M.2 PCIe 4.0 x4,,,AG450E1TB-G | AG450E1024-G,True,SSD,SSD
c6992e4e-48fd-4fd4-b230-cd2a6b8df332,"Corsair Force LE 120GB SSD 2.5"" SATA",Corsair,Force,120GB,,c6992e4e-48fd-4fd4-b230-cd2a6b8df332.json,,120,"2.5""",,,,,,,SATA 6.0 Gb/s,,,CSSD-F120GBLEB,False,SSD,SSD
c6aed429-6f55-4086-8380-38e924b47c16,Intel Optane 905P 960GB PCIe SSD PCIe x4 NVMe,Intel,Optane,960GB,,c6aed429-6f55-4086-8380-38e924b47c16.json,,960,PCIe,,,,,,,M.2 PCIe 3.0 x4,,,SSDPED1D960GAX1,True,SSD,SSD
c6aeec6f-aa7e-4eb4-8ddf-1b63d0425988,Patriot P320 1TB M.2-2280 SSD PCIe 3.0 X4 NVMe,Patriot,P320,1000GB,,c6aeec6f-aa7e-4eb4-8ddf-1b63d0425988.json,,1000,M.2-2280,B0DBX6BKJP,,,,N82E16820225425,12889668882,M.2 PCIe 3.0 x4,,,P320P1TBM28,True,SSD,SSD
c6b3a0cf-c655-4230-a588-31fea88d5100,Inland Gaming Performance Plus 2TB SSD M.2 PCIe 4.0 NVMe,Inland,Gaming,2000GB,,c6b3a0cf-c655-4230-a588-31fea88d5100.json,,2000,M.2-2280,B09NPYZQQD,,,,,,M.2 PCIe 4.0 x4,,,618996746255 | 2TB PER SSD PS5 | 5b0523e3-e42a-4b4d-b406-f6b7a2695516,True,SSD,SSD
c6b66f5b-8995-431f-8c00-c11682d014a5,"Toshiba MG08ADA800E 8TB HDD 3.5"" 7200RPM SATA 6.0 Gb/s",Toshiba,MG08ADA800E,8000GB,,c6b66f5b-8995-431f-8c00-c11682d014a5.json,,8000,"3.5""",,,,,,,SATA 6.0 Gb/s,,,MG08ADA800E,False,HDD,HDD
c6bd2e9a-c1ed-46a2-bff0-7e8ef25320ac,"Seagate IronWolf NAS 1TB HDD 5900RPM 3.5"" SATA 6.0 Gb/s",Seagate,IronWolf,1000GB,,c6bd2e9a-c1ed-46a2-bff0-7e8ef25320ac.json,,1000,"3.5""",,,,,,,SATA 6.0 Gb/s,,,ST1000VN002,False,HDD,HDD
c6bdf30c-2c7d-4076-99a4-8183fc0615eb,"Seagate IronWolf 125 2TB SSD 2.5"" SATA",Seagate,IronWolf,2000GB,,c6bdf30c-2c7d-4076-99a4-8183fc0615eb.json,,2000,"2.5""",,,,,,,SATA 6.0 Gb/s,,,ZA2000NM1A002,False,SSD,SSD
c6c3060a-c36d-4f5e-b7cf-1a5dad342647,TEAMGROUP T-Create Classic I45 1TB SSD M.2-2280 PCIe 4.0 x4 NVMe,TEAMGROUP,T-Create,1000GB,,c6c3060a-c36d-4f5e-b7cf-1a5dad342647.json,,1000,M.2-2280,,,,,,,M.2 PCIe 4.0 x4,,,TM8FFX001T0C129,True,SSD,SSD
c6cebce5-729a-4427-bb10-c1687ad02871,ADATA MARS 980 BLADE 4TB M.2-2280 SSD PCIe 5.0 x4 NVMe,ADATA,MARS,4000GB,,c6cebce5-729a-4427-bb10-c1687ad02871.json,,4000,M.2-2280,,,,,,,M.2 PCIe 5.0 x4,,,SMAR-980B-4TCS,True,SSD,SSD
c6e4b2a1-485b-4770-9e16-eda9cf537e5c,"Seagate IronWolf Pro 16TB HDD 7200RPM 3.5"" SATA",Seagate,IronWolf,16000GB,,c6e4b2a1-485b-4770-9e16-eda9cf537e5c.json,,16000,"3.5""",B07SJTST6T,,,,9SIADU0K823233,568848332,SATA 6.0 Gb/s,,,ST16000NE000,False,HDD,HDD
c6e855ad-426e-4a0d-a88b-d75116467969,"Toshiba P300 1TB HDD 7200RPM 3.5"" SATA",Toshiba,P300,1000GB,,c6e855ad-426e-4a0d-a88b-d75116467969.json,,1000,"3.5""",B013JPKUHA,,,,,,SATA 6.0 Gb/s,,,HDWD110XZSTA,False,HDD,HDD
c6ebf828-d217-4d25-a32d-b92a3be40d13,"Western Digital Red Pro 10TB HDD 3.5"" SATA",Western Digital,Red,10000GB,,c6ebf828-d217-4d25-a32d-b92a3be40d13.json,,10000,"3.5""",,,,,,,SATA 6.0 Gb/s,,,WD101KFBX | KVR26N19D8/16,False,HDD,HDD
c720d787-7951-4d7d-8d8b-3eb3917f9fd9,Mushkin Vortex Redline 512GB SSD M.2 PCIe 4.0 NVMe,Mushkin,Vortex,512GB,,c720d787-7951-4d7d-8d8b-3eb3917f9fd9.json,,512,M.2-2280,,,,,N82E16820226973,,M.2 PCIe 4.0 x4,,,MKNSSDVT512GB-D8,True,SSD,SSD
c7408d2f-1835-4fc2-b10e-8c7e28d054e1,"Intel 320 300GB SSD 2.5"" SATA",Intel,320,300GB,,c7408d2f-1835-4fc2-b10e-8c7e28d054e1.json,,300,"2.5""",,,,,,,SATA 3.0 Gb/s,,,SSDSA2CW300G3K5,False,SSD,SSD
c76d8a82-835c-4fd6-8130-c83328178d75,"SanDisk Ultra 960GB SSD 2.5"" SATA",SanDisk,Ultra,960GB,,c76d8a82-835c-4fd6-8130-c83328178d75.json,,960,"2.5""",B00M8ABHVQ,,,,,,SATA 6.0 Gb/s,,,SDSSDHII-960G-G25,False,SSD,SSD
c773adf2-b727-472f-b8c3-1bed6365a992,Orico D10 128GB SSD M.2-2280 PCIe 3.0 X4 NVMe,Orico,D10,128GB,,c773adf2-b727-472f-b8c3-1bed6365a992.json,,128,M.2-2280,B0DF75JM3K,,,,,,M.2 PCIe 3.0 x4,,,D10-128GB | D10,True,SSD,SSD
c7749c37-1854-417e-8de2-262b75fa341b,Seagate FireCuda 530R 1TB SSD M.2 w/Heatsink PCIe 4.0 NVMe,Seagate,FireCuda,1000GB,,c7749c37-1854-417e-8de2-262b75fa341b.json,,1000,M.2-2280,B0CWHDZSVN,6581746,,,N82E16820248253,5960558735,M.2 PCIe 4.0 x4,,,ZP1000GM3A073 | ZP1000GM3A023,True,SSD,SSD
c78ec628-4ab2-4045-ba5d-d752bae51f0a,"Patriot Burst Elite 240GB SSD 2.5"" SATA 6.0 Gb/s",Patriot,Burst,240GB,,c78ec628-4ab2-4045-ba5d-d752bae51f0a.json,,240,"2.5""",B094XR33WF,,,,,962854731,SATA 6.0 Gb/s,,,PBE240GS25SSDR,False,SSD,SSD
c7998068-e618-4dab-b007-1d7a6614558b,Samsung SM951 512GB SSD M.2-2280 PCIe 3.0 NVMe,Samsung,SM951,512GB,,c7998068-e618-4dab-b007-1d7a6614558b.json,,512,M.2-2280,,,,,,,M.2 PCIe 3.0 x4,,,MZHPV512HDGL-00000,True,SSD,SSD
c7a5419a-1ad8-45f8-af6d-6a919426c103,"Western Digital Caviar Blue 250GB 3.5"" HDD 7200RPM SATA",Western Digital,Caviar,250GB,,c7a5419a-1ad8-45f8-af6d-6a919426c103.json,,250,"3.5""",,,,,,,SATA 3.0 Gb/s,,,WD2500AAKS,False,HDD,HDD
c7c2cc8c-99dd-4ac1-ac21-1c28b6faae7e,Micron 2400 2TB M.2-2230 SSD PCIe 4.0 X4 NVMe,Micron,2400,2000GB,,c7c2cc8c-99dd-4ac1-ac21-1c28b6faae7e.json,,2000,M.2-2230,B0BV1GXT31,,,,,2225063902,M.2 PCIe 4.0 x4,,,MTFDKBK2T0QFM-1BD1AABYYR,True,SSD,SSD
c7d5bc79-bd6f-4e80-9438-0dbf6bc78de5,"Crucial BX500 240GB 2.5"" SSD SATA",Crucial,BX500,240GB,,c7d5bc79-bd6f-4e80-9438-0dbf6bc78de5.json,,240,"2.5""",B07L3NWHL6,,,,N82E16820156187,402974906,SATA 6.0 Gb/s,,,CT240BX500SSD1 | CT240BX500SSD1T,False,SSD,SSD
c7da0335-1574-4441-9525-ee3588a8efa9,"Micron 1100 1TB 2.5"" SSD SATA",Micron,1100,1000GB,,c7da0335-1574-4441-9525-ee3588a8efa9.json,,1000,"2.5""",B01K1JORAI,,,,,152844491,SATA 6.0 Gb/s,,,MTFDDAK1T0TBN-1AR1ZABYY,False,SSD,SSD
c8105f54-e07d-403f-a085-0d8ae051c926,"Toshiba P300 4TB HDD 3.5"" 5400RPM SATA",Toshiba,P300,4000GB,,c8105f54-e07d-403f-a085-0d8ae051c926.json,,4000,"3.5""",B08LTDY8Q7,,,,,,SATA 6.0 Gb/s,,,HDWD240UZSVA | 317380,False,HDD,HDD
c82780f8-aa3a-4855-b291-e6b8a5c48e46,ADATA XPG GAMMIX S5 256GB M.2-2280 SSD PCIe 3.0 X4 NVMe,ADATA,XPG,256GB,,c82780f8-aa3a-4855-b291-e6b8a5c48e46.json,,256,M.2-2280,,,,,,,M.2 PCIe 3.0 x4,,,AGAMMIXS5-256GT-C,True,SSD,SSD
c84a0d4f-9e86-4280-93b9-54006dcc1c69,Samsung MZ1LV960HCJH 960GB SSD M.2-22110 PCIe 3.0 X4 NVMe,Samsung,MZ1LV960HCJH,960GB,,c84a0d4f-9e86-4280-93b9-54006dcc1c69.json,,960,M.2-22110,,,,,,,M.2 PCIe 3.0 x4,,,MZ1LV960HCJH,True,SSD,SSD
c856ce61-f66d-4542-baed-651832403ce3,Addlink A95 1TB SSD M.2-2280 PCIe 4.0 X4 NVMe,Addlink,A95,1000GB,,c856ce61-f66d-4542-baed-651832403ce3.json,,1000,M.2-2280,B09HJY91PV,,,,,,M.2 PCIe 4.0 x4,,,ad1TBA95M2P | AUB09HJY91PV,True,SSD,SSD
c879cd7f-8811-4614-b910-cf565722ed69,"Silicon Power A55 256GB SSD 2.5"" SATA 6.0 Gb/s",Silicon Power,A55,256GB,,c879cd7f-8811-4614-b910-cf565722ed69.json,,256,"2.5""",B075RJS55D,,,,N82E16820301380,548984315,SATA 6.0 Gb/s,,,SP256GBSS3A55S25 | SU256GBSS3A55S25NB | A55,False,SSD,SSD
c89be090-0a00-4771-ab47-0ecc3738863d,"Gigabyte GP-GSTFS31100TNTD 1TB SSD 2.5"" SATA 6.0 Gb/s",Gigabyte,GP-GSTFS31100TNTD,1000GB,,c89be090-0a00-4771-ab47-0ecc3738863d.json,,1000,"2.5""",B07RQF6P9C,,,,,723892930,SATA 6.0 Gb/s,,,GP-GSTFS31100TNTD,False,SSD,SSD
c89cdc45-4bd7-46bb-a335-1d199f4680d6,"Micron 5300 PRO 7.68 TB SSD 2.5"" SATA",Micron,5300,7000GB,,c89cdc45-4bd7-46bb-a335-1d199f4680d6.json,,7000,"2.5""",,,,,,,SATA 6.0 Gb/s,,,MTFDDAK7T6TDS-1AW15ABYY,False,SSD,SSD
c8a46e41-84c2-4bba-b729-ee987fc80637,"Kingston HyperX 3K 480GB SSD 2.5"" SATA 6.0 Gb/s",Kingston,HyperX,480GB,,c8a46e41-84c2-4bba-b729-ee987fc80637.json,,480,"2.5""",,,,,,,SATA 6.0 Gb/s,,,SH103S3B | 480G,False,SSD,SSD
c8a984c7-d89e-4dd1-87be-c2d937e20ccd,Corsair MP600 ELITE w/Heatsink 1TB SSD M.2-2280 PCIe 4.0 NVMe,Corsair,MP600,1000GB,,c8a984c7-d89e-4dd1-87be-c2d937e20ccd.json,,1000,M.2-2280,B0CSG5QYD5,,,,N82E16820982138,5291849357,M.2 PCIe 4.0 x4,,,CSSD-F1000GBMP600EHS,True,SSD,SSD
c8e30014-fd34-43a5-bc7b-4aaf234eec7d,TEAMGROUP T-Force Cardea A440 Pro 4TB SSD M.2-2280 PCIe 4.0 X4 NVMe,TEAMGROUP,T-Force,4000GB,,c8e30014-fd34-43a5-bc7b-4aaf234eec7d.json,,4000,M.2-2280,,,,,,,M.2 PCIe 4.0 x4,,,TM8FPR004T0C129,True,SSD,SSD
c8fff9a9-d5a3-4a66-85c8-606e54184183,PNY CS2130 500GB M.2-2280 SSD PCIe 3.0 X4 NVMe,PNY,CS2130,500GB,,c8fff9a9-d5a3-4a66-85c8-606e54184183.json,,500,M.2-2280,,,,,,,M.2 PCIe 3.0 x4,,,M280CS2130-500-RB,True,SSD,SSD
c904b903-ef99-4f57-9f00-17d12e9cc944,TEAMGROUP MS30 256GB SSD M.2-2280 SATA,TEAMGROUP,MS30,256GB,,c904b903-ef99-4f57-9f00-17d12e9cc944.json,,256,M.2-2280,B07H23ZD94,,,,N82E16820331230,401236322,M.2 SATA,,,TM8PS7256G0C101,False,SSD,SSD
c90a445f-aaee-4841-a0a9-e8b510d05be6,"Seagate BarraCuda Q1 480GB SSD 2.5"" SATA 6.0 Gb/s",Seagate,BarraCuda,480GB,,c90a445f-aaee-4841-a0a9-e8b510d05be6.json,,480,"2.5""",B087NYT1M1,,,,,519484588,SATA 6.0 Gb/s,,,ZA480CV1A001,False,SSD,SSD
c90e8b2e-8f92-4206-9a25-664691a76b80,Western Digital SN530 512GB SSD M.2-2242 PCIe 3.0 x4 NVMe,Western Digital,SN530,512GB,,c90e8b2e-8f92-4206-9a25-664691a76b80.json,,512,M.2-2242,,,,,,,M.2 PCIe 3.0 x4,,,SDBPMPZ-512G,True,SSD,SSD
c9117799-e6f6-4144-b042-a51b7c096175,"Seagate IronWolf Pro 18TB HDD 3.5"" SATA",Seagate,IronWolf,18000GB,,c9117799-e6f6-4144-b042-a51b7c096175.json,,18000,"3.5""",,,,,,,SATA 6.0 Gb/s,,,ST18000NT001,False,HDD,HDD
c915e986-ec1d-45de-abd8-93bca09c9adc,Crucial M550 256GB M.2 SSD SATA,Crucial,M550,256GB,,c915e986-ec1d-45de-abd8-93bca09c9adc.json,,256,M.2-2280,,,,,,,M.2 SATA,,,CT256M550SSD4,False,SSD,SSD
c937c5c4-7365-41ba-8082-b29b91cd155e,PNY CS3140 4TB SSD M.2-2280 PCIe 4.0 x4 NVMe,PNY,CS3140,4000GB,,c937c5c4-7365-41ba-8082-b29b91cd155e.json,,4000,M.2-2280,B09C44XFZ2,,,,N82E16820177123,769446301,M.2 PCIe 4.0 x4,,,M280CS3140-4TB-RB,True,SSD,SSD
c93e8f7d-6595-4bde-9011-1315b1397463,Intel Pro 6000p 128GB SSD M.2-2280 PCIe 3.0 X4 NVMe,Intel,Pro,128GB,,c93e8f7d-6595-4bde-9011-1315b1397463.json,,128,M.2-2280,B01LWAHRNW,,,,,152548980,M.2 PCIe 3.0 x4,,,SSDPEKKF128G7X1,True,SSD,SSD
c954eb62-c1fc-43f3-b7eb-36233e72d1e7,Acer Predator GM9 2TB M.2-2280 SSD PCIe 5.0 x4 NVMe,Acer,Predator,2000GB,,c954eb62-c1fc-43f3-b7eb-36233e72d1e7.json,,2000,M.2-2280,,,,,,,M.2 PCIe 5.0 x4,,,BL.9BWWR.137,True,SSD,SSD
c95ae6c5-5108-4d88-b9cb-f187dc359e20,"Toshiba N300 14TB 3.5"" HDD 7200RPM SATA",Toshiba,N300,14000GB,,c95ae6c5-5108-4d88-b9cb-f187dc359e20.json,,14000,"3.5""",,,,,,,SATA 6.0 Gb/s,,,HDWG31EEZSTA,False,HDD,HDD
c982dd18-a20c-446c-94ff-031c0c5f5a60,"ADATA Ultimate SU650 960GB SSD 2.5"" SATA 6.0 Gb/s",ADATA,Ultimate,960GB,,c982dd18-a20c-446c-94ff-031c0c5f5a60.json,,960,"2.5""",B07HCQ618F,,,,,,SATA 6.0 Gb/s,,,ASU650SS-960GT-R,False,SSD,SSD
c9861359-2570-40b9-90d2-1d8ccb8f5ca8,Sabrent Rocket 4.0 1TB SSD M.2-2280 PCIe 4.0 NVMe,Sabrent,Rocket,1000GB,,c9861359-2570-40b9-90d2-1d8ccb8f5ca8.json,,1000,M.2-2280,,,,,,,M.2 PCIe 4.0 x4,,,SB-NVMe4-HTSK-1TB,True,SSD,SSD
c9a4d54e-0a66-4ee4-ae4d-d33d33e8e2d8,Silicon Power UD85 2TB SSD M.2-2280 PCIe 4.0 X4 NVMe,Silicon Power,UD85,2000GB,,c9a4d54e-0a66-4ee4-ae4d-d33d33e8e2d8.json,,2000,M.2-2280,B0BTLYTH71,,,,,,M.2 PCIe 4.0 x4,,,SP02KGBP44UD8505 | UD85,True,SSD,SSD
c9b4569d-13ea-405f-99f7-0bf386b26d2b,VisionTek PRO 500GB SSD M.2-2280 SATA,VisionTek,PRO,500GB,,c9b4569d-13ea-405f-99f7-0bf386b26d2b.json,,500,M.2-2280,,,,,,,M.2 SATA,,,901186,False,SSD,SSD
c9bba2d5-0da7-4f61-bcae-9b8effa1da7c,"Intel DC S3500 160GB SSD 2.5"" SATA 6.0 Gb/s",Intel,DC,160GB,,c9bba2d5-0da7-4f61-bcae-9b8effa1da7c.json,,160,"2.5""",B00CT98D9U,,,,,26972770,SATA 6.0 Gb/s,,,SSDSC2BB160G401,False,SSD,SSD
c9dd3046-d2ed-46a1-99ce-2cd2de493b0b,Patriot P400 Lite 500GB SSD M.2-2280 PCIe 4.0 x4 NVMe,Patriot,P400,500GB,,c9dd3046-d2ed-46a1-99ce-2cd2de493b0b.json,,500,M.2-2280,B0BTDQVCSH,,,,3C6-00HW-000N2,12904612220,M.2 PCIe 4.0 x4,,,P400LP500GM28H,True,SSD,SSD
c9e718a9-2282-43b8-bc43-aa7ccb060613,"Seagate BarraCuda Pro Compute 12TB HDD 3.5"" 7200RPM SATA",Seagate,BarraCuda,12000GB,,c9e718a9-2282-43b8-bc43-aa7ccb060613.json,,12000,"3.5""",,,,,,,SATA 6.0 Gb/s,,,ST12000DM001,False,HDD,HDD
c9eb3c33-073a-4eac-b3de-946a3ffdb09d,"Intel 710 300GB 2.5"" SSD SATA 3.0 Gb/s",Intel,710,300GB,,c9eb3c33-073a-4eac-b3de-946a3ffdb09d.json,,300,"2.5""",,,,,,,SATA 3.0 Gb/s,,,SSDSA2BZ300G301,False,SSD,SSD
c9eb8f2f-41ea-40ff-b71f-16a084eb0be0,"WD WD2003FZEX Black 2 TB 3.5"" SATA 64 MB Cache 7200 RPM Hard Drive",Western Digital,WD Black,2TB 64MB Cache,2014,c9eb8f2f-41ea-40ff-b71f-16a084eb0be0.json,,2000,"3.5""",B00JJ4QNRM,,,,,,SATA 6.0 Gb/s,,,WD2003FZEX,False,HDD,HDD
c9f52882-d191-443c-b51c-5d581575585f,"SanDisk X110 256GB 2.5"" SSD SATA 6.0 Gb/s",SanDisk,X110,256GB,,c9f52882-d191-443c-b51c-5d581575585f.json,,256,"2.5""",,,,,,,SATA 6.0 Gb/s,,,SD6SB1M-256G-1022I,False,SSD,SSD
c9f5e641-c0ee-40f7-b4ee-6136ad24a486,"Integral V Series 2 1TB SSD 2.5"" SATA",Integral,V,1000GB,,c9f5e641-c0ee-40f7-b4ee-6136ad24a486.json,,1000,"2.5""",,,,,,,SATA 6.0 Gb/s,,,INSSD1TS625V2X,False,SSD,SSD
c9f618fe-b2ba-4d49-a214-bbf2e17da44b,Corsair MP510 1.92 TB SSD M.2-2280 PCIe 3.0 X4 NVMe,Corsair,MP510,1000GB,,c9f618fe-b2ba-4d49-a214-bbf2e17da44b.json,,1000,M.2-2280,,,,,,,M.2 PCIe 3.0 x4,,,CSSD-F1920GBMP510,True,SSD,SSD
ca03c945-d18d-4bb1-8f29-8f3887d4b0bf,Sabrent Rocket 5 4TB M.2-2280 SSD PCIe 5.0 X4 NVMe,Sabrent,Rocket,4000GB,,ca03c945-d18d-4bb1-8f29-8f3887d4b0bf.json,,4000,M.2-2280,B0CXVBNL5T,,,,0D9-001Y-000C3,5356682178,M.2 PCIe 5.0 x4,,,SB-RKT5-4TB,True,SSD,SSD
ca252aef-9b67-4bd1-943d-5a754f22a3de,Western Digital Blue SN550 250GB M.2-2280 SSD PCIe 3.0 x4 NVMe,Western Digital,Blue,250GB,,ca252aef-9b67-4bd1-943d-5a754f22a3de.json,,250,M.2-2280,B07YFF8879,,,,9SIA2W0JK57235,630624736,M.2 PCIe 3.0 x4,,,WDS250G2B0C,True,SSD,SSD
ca269c80-cfd9-4b67-8cb7-11aa18fa641d,SK Hynix Gold P31 1TB SSD M.2-2280 PCIe 3.0 X4 NVMe,SK Hynix,Gold,1000GB,,ca269c80-cfd9-4b67-8cb7-11aa18fa641d.json,,1000,M.2-2280,B08DKB5LWY,6431941,,,,,M.2 PCIe 3.0 x4,,,SHGP31-1000GM-2,True,SSD,SSD
ca38ae75-8012-44eb-b997-25509443172e,Samsung 970 Evo Plus 250GB M.2-2280 SSD PCIe 3.0 NVMe,Samsung,970,250GB,,ca38ae75-8012-44eb-b997-25509443172e.json,,250,M.2-2280,B07MG119KG,6324467,,,9SIBFJRJA08768,475989163,M.2 PCIe 3.0 x4,,,MZ-V7S250B | AM | MZ-V7S250BW | MZ-V7S250B/AM,True,SSD,SSD
ca3ec4c7-6adc-4ac1-bea5-789250bd197b,"Corsair Force GS 128GB SSD 2.5"" SATA 6.0 Gb/s",Corsair,Force,128GB,,ca3ec4c7-6adc-4ac1-bea5-789250bd197b.json,,128,"2.5""",,,,,,,SATA 6.0 Gb/s,,,CSSD-F128GBGS-BK,False,SSD,SSD
ca41925e-6bd0-44cd-9f1c-716c19ca2718,"Toshiba Q300 Pro 512GB SSD 2.5"" SATA",Toshiba,Q300,512GB,,ca41925e-6bd0-44cd-9f1c-716c19ca2718.json,,512,"2.5""",,,,,,,SATA 6.0 Gb/s,,,HDTS451XZSTA,False,SSD,SSD
ca43512c-13ac-4ab2-8b6d-a34004b63303,Seagate BarraCuda 530 2TB SSD M.2-2280 PCIe 4.0 x4 NVMe,Seagate,BarraCuda,2000GB,,ca43512c-13ac-4ab2-8b6d-a34004b63303.json,,2000,M.2-2280,,,,,,,M.2 PCIe 4.0 x4,,,ZP2048CM3A003,True,SSD,SSD
ca491614-dc67-4a40-a486-98f26298e9f8,"TEAMGROUP QX 15.3 TB SSD 2.5"" SATA 6.0 Gb/s",TEAMGROUP,QX,15000GB,,ca491614-dc67-4a40-a486-98f26298e9f8.json,,15000,"2.5""",,,,,,,SATA 6.0 Gb/s,,,T253X7153T0C101,False,SSD,SSD
ca6cd9be-9664-4f05-80de-e9f5c433f65f,Western Digital Green SN350 480GB M.2-2280 SSD PCIe 3.0 x4 NVMe,Western Digital,Green,480GB,,ca6cd9be-9664-4f05-80de-e9f5c433f65f.json,,480,M.2-2280,,,,,,,M.2 PCIe 3.0 x4,,,WDS480G2G0C,True,SSD,SSD
ca84c6f0-6933-43a5-af35-eb9e76c9dc82,"Seagate IronWolf Pro 6TB 3.5"" HDD 7200RPM SATA",Seagate,IronWolf,6000GB,,ca84c6f0-6933-43a5-af35-eb9e76c9dc82.json,,6000,"3.5""",B07SZ3FM44,,,,9SIBTK0K932584,650586440,SATA 6.0 Gb/s,,,ST6000NE000,False,HDD,HDD
ca871db6-8d5b-4bae-89a8-0b0a704a38be,Solidigm P41 Plus 1TB SSD M.2-2230 PCIe 4.0 X4 NVMe,Solidigm,P41,1000GB,,ca871db6-8d5b-4bae-89a8-0b0a704a38be.json,,1000,M.2-2230,,,,,,,M.2 PCIe 4.0 x4,,,SSDPFPNU010TZ01,True,SSD,SSD
ca9da590-a04d-4f78-be99-38cebf95b2af,"Patriot Ignite 480GB SSD 2.5"" SATA",Patriot,Ignite,480GB,,ca9da590-a04d-4f78-be99-38cebf95b2af.json,,480,"2.5""",,,,,,,SATA 6.0 Gb/s,,,PI480GS25SSDR,False,SSD,SSD
cabeebf0-a79b-4988-9131-e86120887892,"Western Digital Blue 8TB 3.5"" HDD 5640 RPM SATA 6.0 Gb/s Internal",Western Digital,Blue,8000GB,,cabeebf0-a79b-4988-9131-e86120887892.json,,8000,"3.5""",B09KMGQG5Y,,,,,723747839,SATA 6.0 Gb/s,,,WD80EAZZ,False,HDD,HDD
cac63b70-1252-481d-98d5-becf47b6717b,"Western Digital Blue 1TB HDD 2.5"" SATA",Western Digital,Blue,1000GB,,cac63b70-1252-481d-98d5-becf47b6717b.json,,1000,"2.5""",B083FCH963,9314126,,,N82E16822231550,797882725,SATA 6.0 Gb/s,,,WD10SPZX,False,HDD,HDD
cac87bab-bbb9-4f4d-abfc-7cb819afc953,Leven JP600 4TB SSD M.2-2280 PCIe 3.0 X4 NVMe,Leven,JP600,4000GB,,cac87bab-bbb9-4f4d-abfc-7cb819afc953.json,,4000,M.2-2280,B0BN5WXP8R,,,,,,M.2 PCIe 3.0 x4,,,JP600-4TB,True,SSD,SSD
cad457a5-58b3-4235-a34d-8c4d73de74ca,"Seagate FireCuda 8 TB 3.5"" 7200 RPM Internal",Seagate,FireCuda,8000GB,,cad457a5-58b3-4235-a34d-8c4d73de74ca.json,,8000,"3.5""",,,,,,,SATA 6.0 Gb/s,,,ST8000DX001,False,HDD,HDD
cadd91c6-c32b-4550-9304-a39f2421e179,"Hitachi Travelstar Z5K320 160GB HDD 2.5"" 5400RPM SATA 3.0 Gb/s",Hitachi,Travelstar,160GB,,cadd91c6-c32b-4550-9304-a39f2421e179.json,,160,"2.5""",,,,,,,SATA 3.0 Gb/s,,,HTS543216A7A384,False,HDD,HDD
caf683d7-dbd6-4d0e-b76f-c67d1db79560,"Western Digital AV 500GB HDD 3.5"" SATA",Western Digital,AV,500GB,,caf683d7-dbd6-4d0e-b76f-c67d1db79560.json,,500,"3.5""",,,,,,,SATA 3.0 Gb/s,,,WD5000AVJS,False,HDD,HDD
cafa5f7d-cd4c-484a-8106-d1b4e39d88cb,"Samsung PM863 3.84 TB SSD 2.5"" SATA",Samsung,PM863,3000GB,,cafa5f7d-cd4c-484a-8106-d1b4e39d88cb.json,,3000,"2.5""",,,,,,,SATA 6.0 Gb/s,,,MZ-7LM3T8E,False,SSD,SSD
cafb20c6-7eda-43ce-a3ee-ddc1da0da8d3,"Western Digital WD_BLACK 6TB HDD 7200RPM 3.5"" SATA",Western Digital,WD_BLACK,6000GB,,cafb20c6-7eda-43ce-a3ee-ddc1da0da8d3.json,,6000,"3.5""",B0D1TZTSJW,6632693,,,N82E16822234559,5729404036,SATA 6.0 Gb/s,,,WD6004FZBX,False,HDD,HDD
cb35bf94-9159-401b-986d-404fbe300c1b,Inland TN320 512GB M.2-2280 SSD PCIe 3.0 x4 NVMe,Inland,TN320,512GB,,cb35bf94-9159-401b-986d-404fbe300c1b.json,,512,M.2-2280,B0BRQTBST8,,,,,,M.2 PCIe 3.0 x4,,,512G TN320 NVME | INLAND TN320,True,SSD,SSD
cb3faf9e-4a68-4bca-b6d0-eeb89796236c,Micron 2200 512GB SSD M.2-2280 PCIe 3.0 x4 NVMe,Micron,2200,512GB,,cb3faf9e-4a68-4bca-b6d0-eeb89796236c.json,,512,M.2-2280,,,,,,,M.2 PCIe 3.0 x4,,,MTFDHBA512TCK-1AS1AA,True,SSD,SSD
cb417ed4-2413-4aba-b12a-e85a678043c0,GameStop 23VG-GSPL-GameStop NVMe SSD-Heatsink 2TB SSD M.2-2280 PCIe 4.0 NVMe,GameStop,23VG-GSPL-GameStop,2000GB,,cb417ed4-2413-4aba-b12a-e85a678043c0.json,,2000,M.2-2280,,,,,,,M.2 PCIe 4.0 x4,,,23VG-GSPL-GameStop NVMe SSD-Heatsink-2TB,True,SSD,SSD
cb431f3b-3e93-4456-9328-6176ada90dc1,"Western Digital Red 14TB HDD 3.5"" SATA",Western Digital,Red,14000GB,,cb431f3b-3e93-4456-9328-6176ada90dc1.json,,14000,"3.5""",B07YFGMZVV,,,,,244017762,SATA 6.0 Gb/s,,,WD140EFFX,False,HDD,HDD
cb50e481-6d58-4818-bf6b-2a62d7db0b8c,"Seagate Exos M 32TB 3.5"" HDD 7200RPM SATA 6.0 Gb/s",Seagate,Exos,32000GB,,cb50e481-6d58-4818-bf6b-2a62d7db0b8c.json,,32000,"3.5""",,,,,,,SATA 6.0 Gb/s,,,ST32000NM003K,False,HDD,HDD
cb619e45-cd8c-444c-8f73-e7fa6c680aeb,Samsung 9100 PRO w/Heatsink 4TB SSD M.2-2280 PCIe 5.0 X4 NVMe,Samsung,9100,4000GB,,cb619e45-cd8c-444c-8f73-e7fa6c680aeb.json,,4000,M.2-2280,B0DX2FK3HX,6618931,,,N82E16820147908,15749801196,M.2 PCIe 5.0 x4,,,MZ-VAP4T0C | AM | MZ-VAP4T0CW,True,SSD,SSD
cb626a46-0c8b-4f7d-b651-29b5ced9c4cb,Crucial MX500 500GB SSD M.2-2280 SATA,Crucial,MX500,500GB,,cb626a46-0c8b-4f7d-b651-29b5ced9c4cb.json,,500,M.2-2280,,,,,,,M.2 SATA,,,CT500MX500SSD4,False,SSD,SSD
cb75a114-8288-4695-af2a-db5fc8a3f8af,Corsair MP700 PRO SE with Air Cooler 2TB M.2-2280 SSD PCIe 5.0 X4 NVMe,Corsair,MP700,2000GB,,cb75a114-8288-4695-af2a-db5fc8a3f8af.json,,2000,M.2-2280,B0D7F24MQV,,,,N82E16820982181,6621619905,M.2 PCIe 5.0 x4,,,CSSD-F2000GBMP700PROS,True,SSD,SSD
cb776cc2-506e-4db5-9042-de5ce1024c4f,Western Digital Black SN750 SE 1TB SSD M.2-2280 PCIe 4.0 x4 NVMe,Western Digital,Black,1000GB,,cb776cc2-506e-4db5-9042-de5ce1024c4f.json,,1000,M.2-2280,B095HB3L6G,,,,9SIB9AJGZK1963,932940232,M.2 PCIe 4.0 x4,,,WDS100T1B0E | WDBB8L0010BNC-WRSN | SN750 SE,True,SSD,SSD
cb8f6a17-4d49-4eee-8c37-02d39f4e55a1,"Western Digital Gold 20TB 3.5"" HDD 7200RPM SATA",Western Digital,Gold,20000GB,,cb8f6a17-4d49-4eee-8c37-02d39f4e55a1.json,,20000,"3.5""",B0BFC3WJ9R,,,,N82E16822234530,2862325642,SATA 6.0 Gb/s,,,WD202KRYZ,False,HDD,HDD
cb9046d4-b349-45e9-9612-6c914c38e670,NEMIX RAM NEMESIS 4TB SSD M.2 PCIe 4.0 NVMe,NEMIX RAM,NEMESIS,4000GB,,cb9046d4-b349-45e9-9612-6c914c38e670.json,,4000,M.2-2280,B0BZ69PFQZ,,,,,,M.2 PCIe 4.0 x4,,,NMS-M2G4N-4TB,True,SSD,SSD
cbcfcb12-3ecc-439f-a98f-efd0b92c6c3c,TEAMGROUP T-FORCE Z44A7 4TB SSD M.2 PCIe 4.0 NVMe,TEAMGROUP,T-FORCE,4000GB,,cbcfcb12-3ecc-439f-a98f-efd0b92c6c3c.json,,4000,M.2-2280,,,,,,,M.2 PCIe 4.0 x4,,,TM8FPV004T0C129,True,SSD,SSD
cbd330a8-8e59-4f57-92f8-8811a69fc02b,"Western Digital Purple 3TB HDD 3.5"" 5400RPM SATA",Western Digital,Purple,3000GB,,cbd330a8-8e59-4f57-92f8-8811a69fc02b.json,,3000,"3.5""",B0C18ZBDFS,,,,1Z4-0002-01N29,2529333705,SATA 6.0 Gb/s,,,WD33PURZ | WD33PURZ-SPBWPY0,False,HDD,HDD
cbd74bbd-943f-42b3-81b9-c986d067be8d,ADATA Legend 740 500 GB M.2-2280 SSD PCIe 3.0 x4 NVMe,ADATA,Legend,500GB,,cbd74bbd-943f-42b3-81b9-c986d067be8d.json,,500,M.2-2280,,,,,,,M.2 PCIe 3.0 x4,,,ALEG-740-500GCS,True,SSD,SSD
cbd9f959-8b12-4679-868c-c44ab657b09f,"ADATA SU800 256GB SSD 2.5"" SATA 6.0 Gb/s",ADATA,SU800,256GB,,cbd9f959-8b12-4679-868c-c44ab657b09f.json,,256,"2.5""",B01K8A2A0E,,,,N82E16820215016,,SATA 6.0 Gb/s,,,ASU800SS-256GT-C,False,SSD,SSD
cbe1fbe8-7a31-41f8-9b5b-50aa7a676824,"Kingston SSDNow V300 240GB SSD 2.5"" SATA",Kingston,SSDNow,240GB,,cbe1fbe8-7a31-41f8-9b5b-50aa7a676824.json,,240,"2.5""",B00A1ZTZNM,,,,,24727375,SATA 6.0 Gb/s,,,SV300S37A | 240G | SV300S37A/240G | 3418983,False,SSD,SSD
cc04d954-10b4-4d87-b151-63c161b33fbb,Kingston FURY Renegade G5 1.024 TB M.2-2280 SSD PCIe 5.0 x4 NVMe,Kingston,FURY,1000GB,2025,cc04d954-10b4-4d87-b151-63c161b33fbb.json,1024,1000,M.2-2280,B0F4425DTW,,31365,https://www.kingston.com/en/ssd/gaming/kingston-fury-renegade-g5-nvme-m2-ssd,N82E16820242924,16148068261,M.2 PCIe 5.0 x4,,2026-03-22T15:18:41.091Z,SFYR2S/1T0,True,SSD,
cc2cd05a-85f1-4ae4-aff7-1779e9608af0,Corsair MP600 CORE 4TB SSD M.2-2280 PCIe 4.0 X4 NVMe,Corsair,MP600,4000GB,,cc2cd05a-85f1-4ae4-aff7-1779e9608af0.json,,4000,M.2-2280,B08TB1PJBT,,,,9SIB8AKKAN7032,885026470,M.2 PCIe 4.0 x4,,,CSSD-F4000GBMP600COR,True,SSD,SSD
cc3364ac-8556-4ab2-a1f3-485a959a2b50,"Orico Y-20 4TB SSD 2.5"" SATA 6.0 Gb/s",Orico,Y-20,4000GB,,cc3364ac-8556-4ab2-a1f3-485a959a2b50.json,,4000,"2.5""",,,,,,,SATA 6.0 Gb/s,,,Y20-4T | Y20-4TB,False,SSD,SSD
cc36f3bf-685e-4f51-8888-aadedc65bbe0,"Seagate IronWolf Pro 16TB HDD 7200RPM 3.5"" SATA",Seagate,IronWolf,16000GB,,cc36f3bf-685e-4f51-8888-aadedc65bbe0.json,,16000,"3.5""",B0B94PNF7P,6616032,,,N82E16822185073,2728841753,SATA 6.0 Gb/s,,,ST16000NT001,False,HDD,HDD
cc3bb6d7-62e5-4c78-a41e-a86d030b5790,"Silicon Power A55 64 GB 2.5"" SSD SATA 6.0 Gb/s",Silicon Power,A55,64GB,,cc3bb6d7-62e5-4c78-a41e-a86d030b5790.json,,64,"2.5""",,,,,,,SATA 6.0 Gb/s,,,SP064GBSS3A55S25,False,SSD,SSD
cc42e18d-4394-4448-975f-e281a6e6d033,"Intel X25-M 160GB 2.5"" SSD SATA 3.0 Gb/s",Intel,X25-M,160GB,,cc42e18d-4394-4448-975f-e281a6e6d033.json,,160,"2.5""",B0042YZ7W6,,,,,15421438,SATA 3.0 Gb/s,,,SSDSA2MH160G2K5,False,SSD,SSD
cc98ab66-c127-4469-b247-5fb8ecd7d00d,"Hitachi Ultrastar A7K2000 1TB HDD 7200RPM 3.5"" SATA 3.0 Gb/s",Hitachi,Ultrastar,1000GB,,cc98ab66-c127-4469-b247-5fb8ecd7d00d.json,,1000,"3.5""",,,,,,,SATA 3.0 Gb/s,,,HUA722010CLA330(0A39289),False,HDD,HDD
ccc26796-ae46-4077-9a43-1a6438931128,"Toshiba MQ04ABF100 1TB HDD 2.5"" SATA",Toshiba,MQ04ABF100,1000GB,,ccc26796-ae46-4077-9a43-1a6438931128.json,,1000,"2.5""",B07D2XR1CS,,,,,203895559,SATA 6.0 Gb/s,,,MQ04ABF100,False,HDD,HDD
cccd8850-bf58-4218-ac29-4fd41316436b,SanDisk SSD PLUS 2TB SSD M.2-2280 PCIe 3.0 x4 NVMe,SanDisk,SSD,2000GB,,cccd8850-bf58-4218-ac29-4fd41316436b.json,,2000,M.2-2280,,,,,,,M.2 PCIe 3.0 x4,,,SDSSDA3N-2T00-G26,True,SSD,SSD
ccd83132-1197-4959-a672-368e7da7c11e,"Crucial BX200 240 GB SSD 2.5"" SATA",Crucial,BX200,240GB,,ccd83132-1197-4959-a672-368e7da7c11e.json,,240,"2.5""",,,,,,,SATA 6.0 Gb/s,,,CT240BX200SSD1,False,SSD,SSD
cce20654-03fa-4a45-80f9-fb662a58cbde,PNY CS3140 8TB SSD M.2-2280 PCIe 4.0 x4 NVMe,PNY,CS3140,8000GB,,cce20654-03fa-4a45-80f9-fb662a58cbde.json,,8000,M.2-2280,,,,,,,M.2 PCIe 4.0 x4,,,M280CS3140-8TB-RB | M280CS3140-8TB-CL,True,SSD,SSD
cceb7037-0654-4c8a-9efa-2c3b9685fdf7,"Seagate Enterprise Capacity 2TB HDD 7200RPM 3.5"" SATA 6.0 Gb/s",Seagate,Enterprise,2000GB,,cceb7037-0654-4c8a-9efa-2c3b9685fdf7.json,,2000,"3.5""",B01E1XRLFI,,,,,130145017,SATA 6.0 Gb/s,,,ST2000NM0135,False,HDD,HDD
cd008962-3e01-407a-9edd-ff574c6203c3,"Hitachi Ultrastar He8 8TB HDD 3.5"" 7200RPM SATA",Hitachi,Ultrastar,8000GB,,cd008962-3e01-407a-9edd-ff574c6203c3.json,,8000,"3.5""",,,,,,,SATA 6.0 Gb/s,,,HUH728080ALN600,False,HDD,HDD
cd04c3a7-5733-4afd-aaa4-5e4886d486f3,"Samsung 840 Pro 256GB SSD 2.5"" SATA 6.0 Gb/s",Samsung,840,256GB,,cd04c3a7-5733-4afd-aaa4-5e4886d486f3.json,,256,"2.5""",,,,,,,SATA 6.0 Gb/s,,,MZ-7PD256BW,False,SSD,SSD
cd0edd47-6ab3-413f-beb9-0016474f8a85,Silicon Power US75 1TB SSD M.2-2280 PCIe 4.0 X4 NVMe,Silicon Power,US75,1000GB,,cd0edd47-6ab3-413f-beb9-0016474f8a85.json,,1000,M.2-2280,B0CCD6T788,,,,,,M.2 PCIe 4.0 x4,,,SP01KGBP44US7505,True,SSD,SSD
cd1a95e7-7528-4347-a31f-33d2d75fd886,TEAMGROUP Z440 Lite 1TB M.2-2280 SSD PCIe 4.0 x4 NVMe,TEAMGROUP,Z440,1000GB,,cd1a95e7-7528-4347-a31f-33d2d75fd886.json,,1000,M.2-2280,B0CSFR4P3J,,,,N82E16820985142,,M.2 PCIe 4.0 x4,,,TM8FFT001T0C129,True,SSD,SSD
cd2dbb96-db4e-45e1-b4ed-97dac3309a5a,"Western Digital Scorpio Blue 120GB HDD 2.5"" 5400RPM SATA 3.0 Gb/s Internal",Western Digital,Scorpio,120GB,,cd2dbb96-db4e-45e1-b4ed-97dac3309a5a.json,,120,"2.5""",,,,,,,SATA 3.0 Gb/s,,,WD1200BEVT,False,HDD,HDD
cd3e51fe-2268-4e85-81b3-f8384d0683a7,Integral M3 Series Plus 1TB M.2-2280 SSD PCIe 4.0 X4 NVMe,Integral,M3,1000GB,,cd3e51fe-2268-4e85-81b3-f8384d0683a7.json,,1000,M.2-2280,,,,,,,M.2 PCIe 4.0 x4,,,INSSD1TM280NM3PX,True,SSD,SSD
cd466e49-4dce-4004-bbf2-28474adb0c35,Gigabyte AORUS Gen4 7300 1TB SSD M.2-2280 PCIe 4.0 x4 NVMe,Gigabyte,AORUS,1000GB,,cd466e49-4dce-4004-bbf2-28474adb0c35.json,,1000,M.2-2280,B0C4BH2Z7D,,,,N82E16820009045,2746314234,M.2 PCIe 4.0 x4,,,AG4731TB,True,SSD,SSD
cd522835-ff76-4543-a804-c74e8348f907,"Western Digital Caviar Black 750GB 3.5"" HDD 7200RPM SATA",Western Digital,Caviar,750GB,,cd522835-ff76-4543-a804-c74e8348f907.json,,750,"3.5""",,,,,,,SATA 6.0 Gb/s,,,WD7502AAEX,False,HDD,HDD
cd5362c0-d138-4136-a65d-afc7d47f6622,"Western Digital Red Plus 4TB HDD 5400RPM 3.5"" SATA 6.0 Gb/s Internal",Western Digital,Red,4000GB,,cd5362c0-d138-4136-a65d-afc7d47f6622.json,,4000,"3.5""",B0DR92J44C,6523107,,,N82E16822234533,1301028309,SATA 6.0 Gb/s,,,WD40EFPX,False,HDD,HDD
cd769d5c-ed1e-4491-b52d-dcdc239aa965,"Hitachi Travelstar 1TB HDD 2.5"" 5400RPM SATA",Hitachi,Travelstar,1000GB,,cd769d5c-ed1e-4491-b52d-dcdc239aa965.json,,1000,"2.5""",,,,,,,SATA 6.0 Gb/s,,,0J26223,False,HDD,HDD
cd779f94-f86f-4f21-9540-58d829edeaf7,Western Digital Green 240GB SSD M.2-2280 SATA,Western Digital,Green,240GB,,cd779f94-f86f-4f21-9540-58d829edeaf7.json,,240,M.2-2280,B078WYS5K6,,,,,284479283,M.2 SATA,,,WDS240G2G0B | 205149,False,SSD,SSD
cd803090-b5d1-4dad-89d8-398826c428a8,"Seagate Exos X18 12TB HDD 7200RPM 3.5"" SATA 6.0 Gb/s",Seagate,Exos,12000GB,,cd803090-b5d1-4dad-89d8-398826c428a8.json,,12000,"3.5""",B09C4999MW,,,,,945731980,SATA 6.0 Gb/s,,,ST12000NM000J,False,HDD,HDD
cda36fa5-feb2-4f09-b87b-17bb5e894d9c,"Kingston KC600 256GB SSD 2.5"" SATA",Kingston,KC600,256GB,,cda36fa5-feb2-4f09-b87b-17bb5e894d9c.json,,256,"2.5""",B07ZDBZDR9,,,,0D9-001B-002M0,454023924,SATA 6.0 Gb/s,,,SKC600 | 256G | SKC600/256G,False,SSD,SSD
cdb839c7-ac52-4a9f-b79a-3491c92bdd53,ADATA Legend 850 2TB SSD M.2-2280 PCIe 4.0 NVMe,ADATA,Legend,2000GB,,cdb839c7-ac52-4a9f-b79a-3491c92bdd53.json,,2000,M.2-2280,,,,,,,M.2 PCIe 4.0 x4,,,ALEG-850-2TCS,True,SSD,SSD
cdbc2837-f19f-4de2-9697-fb85a4b87e85,ADATA XPG SX6000 Pro 256GB SSD M.2-2280 PCIe 3.0 x4 NVMe,ADATA,XPG,256GB,,cdbc2837-f19f-4de2-9697-fb85a4b87e85.json,,256,M.2-2280,,,,,,,M.2 PCIe 3.0 x4,,,ASX6000PNP-256GT-C,True,SSD,SSD
cdcb658d-68ad-427a-ad40-9c133c18b360,Western Digital WD_BLACK SN8100 4TB M.2-2280 SSD PCIe 5.0 x4 NVMe,Western Digital,WD_BLACK,4000GB,,cdcb658d-68ad-427a-ad40-9c133c18b360.json,4096,4000,M.2-2280,B0F3B6MZM9,6633572,,,N82E16820250280,16669659488,M.2 PCIe 5.0 x4,,,WDS400T1X0M | WDS400T1X0M-00CMT0,True,SSD,SSD
cdf9a098-1cf0-4aab-b82e-df788140e499,Lexar NQ780 4TB SSD M.2-2280 PCIe 4.0 X4 NVME,Lexar,NQ780,4000GB,,cdf9a098-1cf0-4aab-b82e-df788140e499.json,,4000,M.2-2280,B0F25CX4LB,,,,0D9-003V-000C7,6005698751,M.2 PCIe 4.0 x4,,,LNQ780X004T-RNNNU,True,SSD,SSD
ce0170ab-c95f-48ef-ba25-a182bd8f5976,"Samsung 840 Evo 250GB SSD 2.5"" SATA",Samsung,840,250GB,,ce0170ab-c95f-48ef-ba25-a182bd8f5976.json,,250,"2.5""",,,,,,,SATA 6.0 Gb/s,,,MZ-7TE250KW,False,SSD,SSD
ce0b4f13-3fbd-4e24-8f19-c1512aee98fb,"Seagate SkyHawk Surveillance 4TB HDD 3.5"" 5000RPM SATA 6.0 Gb/s",Seagate,SkyHawk,4000GB,,ce0b4f13-3fbd-4e24-8f19-c1512aee98fb.json,,4000,"3.5""",,,,,,,SATA 6.0 Gb/s,,,ST4000VX015,False,HDD,HDD
ce1961f1-ccb4-419a-ae20-5bdfb701bf5d,"Inland Platinum 512GB SSD 2.5"" SATA",Inland,Platinum,512GB,,ce1961f1-ccb4-419a-ae20-5bdfb701bf5d.json,,512,"2.5""",B09PG3DHLK,,,,,,SATA 6.0 Gb/s,,,618996747627 | 770d472a-205c-4f26-9ac9-86a13d99abae,False,SSD,SSD
ce341b54-a10c-47e2-8952-7ff78f835499,"Micron M600 512GB SSD 2.5"" SATA",Micron,M600,512GB,,ce341b54-a10c-47e2-8952-7ff78f835499.json,,512,"2.5""",,,,,,,SATA 6.0 Gb/s,,,MTFDDAK512MBF-1A,False,SSD,SSD
ce3661d3-45f7-490d-85e2-eadec0b025ab,"Synology SAT5200 3.84TB SSD 2.5"" SATA",Synology,SAT5200,3000GB,,ce3661d3-45f7-490d-85e2-eadec0b025ab.json,,3000,"2.5""",B09NCD2YQH,,,,N82E16822108805,235952217,SATA 6.0 Gb/s,,,SAT5200-3840G | SAT5210-3840G,False,SSD,SSD
ce4d4a75-7310-46b8-a129-dd07a6435968,ADATA XPG GAMMIX S5 512GB SSD M.2-2280 PCIe 3.0 X4 NVMe,ADATA,XPG,512GB,,ce4d4a75-7310-46b8-a129-dd07a6435968.json,,512,M.2-2280,,,,,,,M.2 PCIe 3.0 x4,,,AGAMMIXS5-512GT-C,True,SSD,SSD
ce4ea997-d0a2-4e6f-8453-a18caf017e03,"Western Digital Caviar Green 1TB 3.5"" HDD 5400RPM SATA",Western Digital,Caviar,1000GB,,ce4ea997-d0a2-4e6f-8453-a18caf017e03.json,,1000,"3.5""",B001IEZX3G,,,,,,SATA 3.0 Gb/s,,,WD10EADS,False,HDD,HDD
ce5923a8-512b-41ce-ac17-0556c6f8e3fc,Corsair MP600 MICRO 1TB SSD M.2-2242 PCIe 4.0 x4 NVMe,Corsair,MP600,1000GB,,ce5923a8-512b-41ce-ac17-0556c6f8e3fc.json,,1000,M.2-2242,B0CP68JNT1,,,,N82E16820982124,5243398985,M.2 PCIe 4.0 x4,,,CSSD-F1000GBMP600MCR,True,SSD,SSD
ce677b0a-6755-410b-b32b-aaac602bd188,HP FX900 1TB M.2-2280 SSD PCIe 4.0 x4 NVMe,HP,FX900,1000GB,,ce677b0a-6755-410b-b32b-aaac602bd188.json,,1000,M.2-2280,B09QLRJ89Y,,,,9SIARDJJ4K0126,,M.2 PCIe 4.0 x4,,,57S53AA#ABB,True,SSD,SSD
ceb8e5c7-a167-4e78-a067-1edbad21a322,"Seagate Exos X18 10TB 3.5"" HDD 7200RPM SATA 6.0 Gb/s Internal",Seagate,Exos,10000GB,,ceb8e5c7-a167-4e78-a067-1edbad21a322.json,,10000,"3.5""",B09C49Q3MP,,,,N82E16822185024,141177622,SATA 6.0 Gb/s,,,ST10000NM018G,False,HDD,HDD
cebeef42-df6f-425e-ada7-8b9c41a790fe,"Samsung 860 Pro 2TB SSD 2.5"" SATA",Samsung,860,2000GB,,cebeef42-df6f-425e-ada7-8b9c41a790fe.json,,2000,"2.5""",B07879KC15,,,,,,SATA 6.0 Gb/s,,,MZ-76P2T0BW | MZ-76P2T0B | EU,False,SSD,SSD
cec6932c-1ff9-4b6b-a93b-0f5bbd52e725,Biwin Black Opal NV7400 1TB SSD M.2-2280 PCIe 4.0 NVMe,Biwin,Black,1000GB,,cec6932c-1ff9-4b6b-a93b-0f5bbd52e725.json,,1000,M.2-2280,,,,,,,M.2 PCIe 4.0 x4,,,NV7400-1TB,True,SSD,SSD
ced09a76-ee2a-42b7-b5fc-2f23e74d7a02,Acer Predator GM9000 2TB M.2-2280 SSD PCIe 5.0 x4 NVMe,Acer,Predator,2000GB,,ced09a76-ee2a-42b7-b5fc-2f23e74d7a02.json,2048,2000,M.2-2280,,,,,,,M.2 PCIe 5.0 x4,,,BL.9BWWR.130,True,SSD,SSD
ced0c1e1-68e0-4c20-b4fa-a041db0be4d2,Kingston NV1 2TB M.2 SSD PCIe 3.0 NVMe,Kingston,NV1,2000GB,,ced0c1e1-68e0-4c20-b4fa-a041db0be4d2.json,,2000,M.2-2280,B091BG4HDW,,,,9SIA2W0K6Z0992,399680919,M.2 PCIe 3.0 x4,,,SNVS | 2000G | SNVS/2000G,True,SSD,SSD
cee2386b-3bb1-4a95-8963-d3a7fa47e3de,"SanDisk ReadyCache 32GB SSD 2.5"" SATA 6.0 Gb/s",SanDisk,ReadyCache,32GB,,cee2386b-3bb1-4a95-8963-d3a7fa47e3de.json,,32,"2.5""",,,,,,,SATA 6.0 Gb/s,,,SDSSDRC-032G-G26,False,SSD,SSD
cef0a2a4-d38b-4473-97a8-faa44f31f1bb,Gigabyte AORUS RGB 512GB M.2-2280 SSD PCIe 3.0 x4 NVMe,Gigabyte,AORUS,512GB,,cef0a2a4-d38b-4473-97a8-faa44f31f1bb.json,,512,M.2-2280,,,,,,,M.2 PCIe 3.0 x4,,,GP-ASM2NE2512GTTDR,True,SSD,SSD
cef9a986-96da-4f72-b27b-580d59517422,Biwin Black Opal X570 Pro 4TB SSD M.2-2280 PCIe 5.0 X4 NVMe,Biwin,Black,4000GB,,cef9a986-96da-4f72-b27b-580d59517422.json,4096,4000,M.2-2280,,,,,,,M.2 PCIe 5.0 x4,,,X570PRO-4TB,True,SSD,SSD
cf4376fc-e4e3-40be-b3de-212bd4d6e842,"Seagate IronWolf Pro NAS 22TB 3.5"" HDD 7200RPM SATA 6.0 Gb/s Internal",Seagate,IronWolf,22000GB,,cf4376fc-e4e3-40be-b3de-212bd4d6e842.json,,22000,"3.5""",B0B94NBBJH,,,,N82E16822185096,2486188671,SATA 6.0 Gb/s,,,ST22000NT001,False,HDD,HDD
cf43b1bf-9905-4d47-bb75-b1c35b44b1f0,Corsair MP400 8TB SSD M.2-2280 PCIe 3.0 X4 NVMe,Corsair,MP400,8000GB,,cf43b1bf-9905-4d47-bb75-b1c35b44b1f0.json,,8000,M.2-2280,B094412RJX,,,,9SIB8AKKAN7033,440330816,M.2 PCIe 3.0 x4,,,CSSD-F8000GBMP400 | CSSD-F2000GBMP400R2,True,SSD,SSD
cf48ea47-c23f-41d8-a39d-e29a9046b070,"Seagate BarraCuda Pro 10TB HDD 3.5"" SATA",Seagate,BarraCuda,10000GB,,cf48ea47-c23f-41d8-a39d-e29a9046b070.json,,10000,"3.5""",,,,,,447425584,SATA 6.0 Gb/s,,,ST10000DM001 | ST10000VNZ008 | ST10000VNZ008/N0008,False,HDD,HDD
cf5b872f-7326-4608-b3c3-30376f44876d,PNY XLR8 CS3040 w/Heatsink 2TB SSD M.2-2280 PCIe 4.0 x4 NVMe,PNY,XLR8,2000GB,,cf5b872f-7326-4608-b3c3-30376f44876d.json,,2000,M.2-2280,B08KHCSQB3,,,,,,M.2 PCIe 4.0 x4,,,M280CS3040HS-2TB-RB | CS3040 mit heatsink,True,SSD,SSD
cf61d2bd-8832-4893-af23-89b73f389857,HP EX900 500GB SSD M.2-2280 PCIe 3.0 x4 NVMe,HP,EX900,500GB,,cf61d2bd-8832-4893-af23-89b73f389857.json,,500,M.2-2280,B07B2ZVJ5F,,,,9SIA4REJYE1779,173317027,M.2 PCIe 3.0 x4,,,2YY44AA#ABC,True,SSD,SSD
cf8f4372-d57e-4787-ab92-a0707218cbdd,Crucial MX300 525GB M.2-2280 SSD SATA,Crucial,MX300,525GB,,cf8f4372-d57e-4787-ab92-a0707218cbdd.json,,525,M.2-2280,,,,,,,M.2 SATA,,,CT525MX300SSD4,False,SSD,SSD
cf9282dd-28c1-4d4d-bcc5-36c3279d20dd,"SanDisk X300S 512GB SSD 2.5"" SATA 6.0 Gb/s",SanDisk,X300S,512GB,,cf9282dd-28c1-4d4d-bcc5-36c3279d20dd.json,,512,"2.5""",,,,,,,SATA 6.0 Gb/s,,,SD7UB2Q-512G-1122,False,SSD,SSD
cfc2231e-7e3c-44d6-a395-ea1324bc5a3b,"Seagate Enterprise Capacity 4TB HDD 7200RPM 3.5"" SATA",Seagate,Enterprise,4000GB,,cfc2231e-7e3c-44d6-a395-ea1324bc5a3b.json,,4000,"3.5""",B07JKVTM6F,,,,,,SATA 6.0 Gb/s,,,ST4000NM0245 | ST4000NM0033-cr,False,HDD,HDD
cfc99afa-c3de-42f5-95b5-2f8aae46daf4,Samsung 950 PRO 512GB SSD M.2-2280 PCIe 3.0 x4 NVMe,Samsung,950,512GB,,cfc99afa-c3de-42f5-95b5-2f8aae46daf4.json,,512,M.2-2280,,,,,,,M.2 PCIe 3.0 x4,,,MZ-V5P512BW,True,SSD,SSD
cffce1e1-be8d-4855-a001-7d50702ab76a,"WD Red Plus Internal NAS HDD 3.5"" - 8TB",Western Digital,WD Red Plus,Internal NAS HDD,2022,cffce1e1-be8d-4855-a001-7d50702ab76a.json,,8000,"3.5""",,,,,,,SATA 6.0 Gb/s,,,WD10EFRX,False,HDD,HDD
d0159a8d-3e11-4cc4-840f-a37998cdab84,Toshiba XG6 512GB SSD M.2-2280 PCIe 3.0 x4 NVMe,Toshiba,XG6,512GB,,d0159a8d-3e11-4cc4-840f-a37998cdab84.json,,512,M.2-2280,B08GLJGJ81,,,,,,M.2 PCIe 3.0 x4,,,KXG60ZNV512G,True,SSD,SSD
d019c117-d499-4c92-b4ee-2f93903cec6d,Samsung MZVPV128HDGM-00000 128GB SSD M.2-2280 PCIe 3.0 X4 NVMe,Samsung,MZVPV128HDGM-00000,128GB,,d019c117-d499-4c92-b4ee-2f93903cec6d.json,,128,M.2-2280,,,,,,,M.2 PCIe 3.0 x4,,,MZVPV128HDGM-00000,True,SSD,SSD
d0299331-a282-4d3f-82a8-1fec615e3774,"Apacer AS340 PANTHER 960GB SSD 2.5"" SATA 6.0 Gb/s",Apacer,AS340,960GB,,d0299331-a282-4d3f-82a8-1fec615e3774.json,,960,"2.5""",,,,,,,SATA 6.0 Gb/s,,,AP960GAS340G-1,False,SSD,SSD
d046d83c-c7c9-49f2-a1ba-1a2365aab437,Intel 665p 2TB SSD M.2-2280 PCIe 3.0 x4 NVMe,Intel,665p,2000GB,,d046d83c-c7c9-49f2-a1ba-1a2365aab437.json,,2000,M.2-2280,,,,,,,M.2 PCIe 3.0 x4,,,SSDPEKNW020T9X1 | SSDPEKNW020T901,True,SSD,SSD
d07d89f0-1e60-495f-b741-92acd4febc7a,"Seagate Barracuda LP 2TB Internal HDD 3.5"" 5900RPM SATA 3.0 Gb/s",Seagate,Barracuda,2000GB,,d07d89f0-1e60-495f-b741-92acd4febc7a.json,,2000,"3.5""",B0028Y4CY6,,,,,44875134,SATA 3.0 Gb/s,,,ST32000542AS,False,HDD,HDD
d08e91d4-7698-4c9c-a899-cd1d362c3dd4,"Samsung 860 Pro 4TB SSD 2.5"" SATA",Samsung,860,4000GB,,d08e91d4-7698-4c9c-a899-cd1d362c3dd4.json,,4000,"2.5""",B0786ZQ1PJ,,,,9SIAADF7EY4968,,SATA 6.0 Gb/s,,,MZ-76P4T0BW | MZ-76P4T0B | EU | MZ-76P4T0B/EU,False,SSD,SSD
d0997dd8-dbd0-4d19-839e-62bca7a75171,"Integral V 2TB SSD 2.5"" SATA 6.0 Gb/s",Integral,V,2000GB,,d0997dd8-dbd0-4d19-839e-62bca7a75171.json,,2000,"2.5""",,,,,,,SATA 6.0 Gb/s,,,INSSD2TS625V2X,False,SSD,SSD
d0a58f2a-d5c9-47b5-8354-3eaded48d2fd,Western Digital SN530 1TB SSD M.2 PCIe 3.0 NVMe,Western Digital,SN530,1000GB,,d0a58f2a-d5c9-47b5-8354-3eaded48d2fd.json,,1000,M.2-2280,,,,,,,M.2 PCIe 3.0 x4,,,SDBPNPZ-1T00,True,SSD,SSD
d0ac6785-62c8-4ed2-ad42-7e819d4b1d4a,"TEAMGROUP QX 1TB SSD 2.5"" SATA 6.0 Gb/s",TEAMGROUP,QX,1000GB,,d0ac6785-62c8-4ed2-ad42-7e819d4b1d4a.json,,1000,"2.5""",B0F42NF2T3,,,,N82E16820985043,2712379883,SATA 6.0 Gb/s,,,T253X7001T0C101,False,SSD,SSD
d0d1f06f-f2f5-46ad-9851-2b9424f609c3,"Intel DC S3610 1.6TB SSD 2.5"" SATA",Intel,DC,1000GB,,d0d1f06f-f2f5-46ad-9851-2b9424f609c3.json,,1000,"2.5""",,,,,,,SATA 6.0 Gb/s,,,SSDSC2BX016T4P,False,SSD,SSD
d0d516f6-3c22-41ac-bdd3-ced8bfcf4dd4,Western Digital WD_BLACK SN7100 500GB SSD M.2 PCIe 4.0 NVMe,Western Digital,WD_BLACK,500GB,,d0d516f6-3c22-41ac-bdd3-ced8bfcf4dd4.json,,500,M.2-2280,B0DN7JK8T4,,,,N82E16820250277,14889459925,M.2 PCIe 4.0 x4,,,WDS500G4X0E-00CJA0 | WDS500G4X0E,True,SSD,SSD
d102cc49-e689-4eb8-ad9a-d200d36cfa31,Addlink S95 8TB M.2 SSD PCIe 4.0 NVMe,Addlink,S95,8000GB,,d102cc49-e689-4eb8-ad9a-d200d36cfa31.json,,8000,M.2-2280,B0BN9PZSP4,,,,,,M.2 PCIe 4.0 x4,,,ad8TBS95M2P,True,SSD,SSD
d113e2c3-ad5a-483c-a644-764fd6762871,Seagate FireCuda 530 1 TB SSD M.2-2280 PCIe 4.0 X4 NVMe,Seagate,FireCuda,1000GB,,d113e2c3-ad5a-483c-a644-764fd6762871.json,,1000,M.2-2280,B0971FN5MV,6473135,,,N82E16820248193,903133710,M.2 PCIe 4.0 x4,,,ZP1000GM3A013 | ZP1000GM30013,True,SSD,SSD
d1252af6-5f85-4ec2-804a-b8a4ae323bbf,Apacer AS2280P4 1TB M.2-2280 SSD PCIe 3.0 X4 NVMe,Apacer,AS2280P4,1000GB,,d1252af6-5f85-4ec2-804a-b8a4ae323bbf.json,,1000,M.2-2280,,,,,,,M.2 PCIe 3.0 x4,,,AP1TBAS2280P4-1,True,SSD,SSD
d125de0d-4ad5-4d96-8e32-76094592a53a,"Western Digital RE4 1TB HDD 3.5"" SATA",Western Digital,RE4,1000GB,,d125de0d-4ad5-4d96-8e32-76094592a53a.json,,1000,"3.5""",B008DJE7HW,,,,,16332720,SATA 3.0 Gb/s,,,WD1003FBYX,False,HDD,HDD
d12aa139-b28a-45f8-9352-bd5317740fcb,TEAMGROUP T-Force GE PRO Graphene 2TB SSD M.2-2280 PCIe 5.0 x4 NVMe,TEAMGROUP,T-Force,2000GB,,d12aa139-b28a-45f8-9352-bd5317740fcb.json,,2000,M.2-2280,,,,,,,M.2 PCIe 5.0 x4,,,TM8FFS002T0C129,True,SSD,SSD
d13999fd-afb5-4fa3-b009-f33432409485,"Western Digital Red Pro 10TB 3.5"" HDD 7200RPM SATA 6.0 Gb/s",Western Digital,Red,10000GB,,d13999fd-afb5-4fa3-b009-f33432409485.json,,10000,"3.5""",B0DF9C92SW,,,,1Z4-0002-01PS8,12558364511,SATA 6.0 Gb/s,,,WD103KFBX | WD103KFBX-SPM95N0,False,HDD,HDD
d13b8fb2-201c-4061-bf0a-2e4d65343352,"Seagate Constellation.2 1TB HDD 2.5"" SAS 6.0 Gb/s",Seagate,Constellation.2,1000GB,,d13b8fb2-201c-4061-bf0a-2e4d65343352.json,,1000,"2.5""",B00512JC5G,,,,,,SAS 6.0 Gb/s,,,ST91000640SS | 8W8081,False,HDD,HDD
d13e09aa-4319-4c11-a1ca-5b9446b7d179,Addlink G55H 1TB SSD M.2-2280 PCIe 5.0 x4 NVMe,Addlink,G55H,1000GB,,d13e09aa-4319-4c11-a1ca-5b9446b7d179.json,,1000,M.2-2280,B0DJ282DJ7,,,,,,M.2 PCIe 5.0 x4,,,ad1TBG55HM2P,True,SSD,SSD
d1523708-1b97-480a-8252-0b135bf89c05,Transcend 110S 256GB SSD M.2-2280 PCIe 3.0 x4 NVMe,Transcend,110S,256GB,,d1523708-1b97-480a-8252-0b135bf89c05.json,,256,M.2-2280,B07CXZ9D7T,,,,,302657885,M.2 PCIe 3.0 x4,,,TS256GMTE110S,True,SSD,SSD
d16b4a2b-bda3-4668-a1e8-e3a7101dd86f,"Western Digital Green 2TB 3.5"" HDD 5400RPM SATA 6.0 Gb/s",Western Digital,Green,2000GB,,d16b4a2b-bda3-4668-a1e8-e3a7101dd86f.json,,2000,"3.5""",,,,,,,SATA 6.0 Gb/s,,,WD20EZRX,False,HDD,HDD
d17be569-8a93-4f40-bf16-de6cf9685c4f,Integral M2 1TB M.2 SSD PCIe 3.0 NVMe,Integral,M2,1000GB,,d17be569-8a93-4f40-bf16-de6cf9685c4f.json,,1000,M.2-2280,,,,,,,M.2 PCIe 3.0 x4,,,INSSD1TM280NM2,True,SSD,SSD
d19a27a4-30be-40b8-b1bf-690b38eda920,"Seagate SkyHawk AI 8TB 3.5"" HDD 7200RPM SATA 6.0 Gb/s",Seagate,SkyHawk,8000GB,,d19a27a4-30be-40b8-b1bf-690b38eda920.json,,8000,"3.5""",B081C5PR8D,,,,1Z4-002P-01M06,,SATA 6.0 Gb/s,,,ST8000VE000,False,HDD,HDD
d1ac70c4-7459-4aeb-9f60-7f9b57ee79d1,HP FX900 Pro 4TB SSD M.2 NVMe,HP,FX900,4000GB,,d1ac70c4-7459-4aeb-9f60-7f9b57ee79d1.json,,4000,M.2-2280,B0BV92XSMG,,,,,,M.2 PCIe 4.0 x4,,,4A3U2AA#ABB,True,SSD,SSD
d1e8123c-afd0-41ae-bbee-8ada93c227f4,"Mushkin ECO3 240GB SSD 2.5"" SATA 6.0 Gb/s",Mushkin,ECO3,240GB,,d1e8123c-afd0-41ae-bbee-8ada93c227f4.json,,240,"2.5""",,,,,,,SATA 6.0 Gb/s,,,MKNSSDE3240GB,False,SSD,SSD
d1f4fbad-508f-417e-b8dc-3d1960323521,"Western Digital Green 1TB 3.5"" HDD 5400RPM SATA 3.0 Gb/s",Western Digital,Green,1000GB,,d1f4fbad-508f-417e-b8dc-3d1960323521.json,,1000,"3.5""",B001EXA20A,,,,,,SATA 3.0 Gb/s,,,WD10EAVS,False,HDD,HDD
d205e623-b922-4144-8c6a-24af6db883ec,ADATA Legend 960 4TB M.2-2280 SSD PCIe 4.0 NVMe,ADATA,Legend,4000GB,,d205e623-b922-4144-8c6a-24af6db883ec.json,,4000,M.2-2280,B0BWKRLJMP,,,,,,M.2 PCIe 4.0 x4,,,ALEG-960-4TCS | 960,True,SSD,SSD
d2895027-a9c4-4b3b-8f89-80830a3298bc,Western Digital Blue 1TB M.2-2280 SSD SATA,Western Digital,Blue,1000GB,,d2895027-a9c4-4b3b-8f89-80830a3298bc.json,,1000,M.2-2280,,,,,,,M.2 SATA,,,WDS100T1B0B,False,SSD,SSD
d2a395f7-5280-46ff-84fc-c72d1cce9762,Acer Predator GM3500 512GB SSD M.2 PCIe 3.0 NVMe,Acer,Predator,512GB,,d2a395f7-5280-46ff-84fc-c72d1cce9762.json,,512,M.2-2280,,,,,,,M.2 PCIe 3.0 x4,,,BL.9BWWR.101,True,SSD,SSD
d2ae368b-47f0-4d3f-b90b-95cacaf91b4e,"Western Digital Ultrastar DC HC550 18TB HDD 7200RPM 3.5"" SAS 12.0 Gb/s",Western Digital,Ultrastar,18000GB,,d2ae368b-47f0-4d3f-b90b-95cacaf91b4e.json,,18000,"3.5""",B08DHC8GFF,,,,1B4-01D6-000V0,316404281,SAS 12.0 Gb/s,,,0F38353,False,HDD,HDD
d2bfcdb0-284d-49d4-8f0f-f1269a374e0e,PNY XLR8 CS3040 500GB SSD M.2-2280 PCIe 4.0 X4 NVMe,PNY,XLR8,500GB,,d2bfcdb0-284d-49d4-8f0f-f1269a374e0e.json,,500,M.2-2280,B08KGYH1V7,,,,,,M.2 PCIe 4.0 x4,,,M280CS3040-500-RB | CS3040,True,SSD,SSD
d2d9c474-160a-40ef-a16e-12a269752e24,"Micron 5300 PRO 480GB 2.5"" SSD SATA",Micron,5300,480GB,,d2d9c474-160a-40ef-a16e-12a269752e24.json,,480,"2.5""",,,,,,,SATA 6.0 Gb/s,,,649528821843,False,SSD,SSD
d30f93a6-54f1-497a-bd85-9957a1aee8f3,"Timetec 30TT253X2 512GB SSD 2.5"" SATA",Timetec,30TT253X2,512GB,,d30f93a6-54f1-497a-bd85-9957a1aee8f3.json,,512,"2.5""",,,,,0D9-00ES-00008,,SATA 6.0 Gb/s,,,30TT253X2-512GB,False,SSD,SSD
d344ac78-7a7d-42c8-82cd-5b1b379c2f11,"Toshiba MQ01ABD100 1TB HDD 2.5"" 5400RPM SATA 3.0 Gb/s Internal",Toshiba,MQ01ABD100,1000GB,,d344ac78-7a7d-42c8-82cd-5b1b379c2f11.json,,1000,"2.5""",,,,,,,SATA 3.0 Gb/s,,,MQ01ABD100,False,HDD,HDD
d367814c-cdc3-49fd-b6a3-9c23b77ddfda,"ADATA Premier Pro SP600 32GB SSD 2.5"" SATA",ADATA,Premier,32GB,,d367814c-cdc3-49fd-b6a3-9c23b77ddfda.json,,32,"2.5""",,,,,,,SATA 6.0 Gb/s,,,ASP600S3-32GM-C,False,SSD,SSD
d36ab758-68ca-4d6f-afb2-6296e22bae9e,"Seagate Exos 7E10 512e/4Kn 4TB HDD 7200RPM 3.5"" SATA 6.0 Gb/s",Seagate,Exos,4000GB,,d36ab758-68ca-4d6f-afb2-6296e22bae9e.json,256,4000,"3.5""",B09FH8C4QS,,,,1Z4-002P-024F8,360425735,SATA 6.0 Gb/s,,,ST4000NM024B | 8719706022071,False,HDD,HDD
d37cc94a-2905-4be4-b2cd-b19990473395,Kingston KC2500 500GB SSD M.2-2280 PCIe 3.0 X4 NVMe,Kingston,KC2500,500GB,,d37cc94a-2905-4be4-b2cd-b19990473395.json,,500,M.2-2280,,,,,,,M.2 PCIe 3.0 x4,,,SKC2500M8 | 500G,True,SSD,SSD
d3a6f1aa-cfae-4ffa-8336-eefe2fd334ba,Sabrent Rocket nano 1TB SSD M.2-2242 PCIe 4.0 NVMe,Sabrent,Rocket,1000GB,,d3a6f1aa-cfae-4ffa-8336-eefe2fd334ba.json,,1000,M.2-2242,,,,,,,M.2 PCIe 4.0 x4,,,SB-2142-1TB,True,SSD,SSD
d3ac8968-5c72-4120-a099-6f1fa74eac8c,Addlink G55 1TB M.2 SSD PCIe 5.0 NVMe,Addlink,G55,1000GB,,d3ac8968-5c72-4120-a099-6f1fa74eac8c.json,,1000,M.2-2280,B0DHGMCYKQ,,,,,,M.2 PCIe 5.0 x4,,,ad1TBG55M2P,True,SSD,SSD
d3b1045a-5649-4168-8d14-916b5b5b4b25,"Intel DC S3700 100GB SSD 2.5"" SATA",Intel,DC,100GB,,d3b1045a-5649-4168-8d14-916b5b5b4b25.json,,100,"2.5""",B00A8NWCQY,,,,,,SATA 6.0 Gb/s,,,SSDSC2BA100G301,False,SSD,SSD
d3c06493-afe6-4622-bc29-f9d22d1adb94,"Western Digital Purple Pro 26 TB 3.5"" HDD 7200RPM SATA 6.0 Gb/s",Western Digital,Purple,26000GB,,d3c06493-afe6-4622-bc29-f9d22d1adb94.json,512,26000,"3.5""",B0DZF47DTY,,,,1Z4-0002-01PW8,16301773785,SATA 6.0 Gb/s,,,WD260PURP-SPCNJY0 | WD260PURP | 718037905525,False,HDD,HDD
d3e622bc-0dbe-49e2-9c91-19fe0b13a6f8,Western Digital Green 120 GB M.2-2280 SSD SATA,Western Digital,Green,120GB,,d3e622bc-0dbe-49e2-9c91-19fe0b13a6f8.json,,120,M.2-2280,B01M2WYNP2,,,,,748135908,M.2 SATA,,,WDS120G1G0B,False,SSD,SSD
d4002f6c-eb7a-43b4-808f-db5c3040fc11,"GOODRAM CL100 gen.3 960GB SSD 2.5"" SATA 6.0 Gb/s",GOODRAM,CL100,960GB,,d4002f6c-eb7a-43b4-808f-db5c3040fc11.json,,960,"2.5""",,,,,,,SATA 6.0 Gb/s,,,SSDPR-CL100-960-G3,False,SSD,SSD
d412bbc8-bf3f-4db5-83c2-97fdaf590bf5,Kingston NV2 500GB M.2-2280 SSD PCIe 4.0 x4 NVMe,Kingston,NV2,500GB,,d412bbc8-bf3f-4db5-83c2-97fdaf590bf5.json,,500,M.2-2280,B0BBWJH1P8,,,,N82E16820242729,1976177065,M.2 PCIe 4.0 x4,,,SNV2S | 500G | SNV2S/500G,True,SSD,SSD
d450d273-3954-4f0d-bbc6-0c127f5f5d06,KIOXIA EXCERIA w/Heatsink 2TB SSD M.2-2280 PCIe 4.0 NVMe,KIOXIA,EXCERIA,2000GB,,d450d273-3954-4f0d-bbc6-0c127f5f5d06.json,,2000,M.2-2280,B0D5QC3FT1,,,,,,M.2 PCIe 4.0 x4,,,LSC11K2T04G8,True,SSD,SSD
d46ba4c6-70db-4fc9-a0b1-75b14f7a93ad,ADATA XPG GAMMIX S50 Lite 2TB M.2 SSD PCIe 4.0 NVMe,ADATA,XPG,2000GB,,d46ba4c6-70db-4fc9-a0b1-75b14f7a93ad.json,,2000,M.2-2280,B08HW4WR7C,,,,,,M.2 PCIe 4.0 x4,,,AGAMMIXS50L-2T-C | S50 Lite | AGAMMIXS70B-1T-CS,True,SSD,SSD
d4837afa-369a-4b65-8351-eb736dd8ce65,"PNY CS900 960 GB SSD 2.5"" SATA",PNY,CS900,960GB,,d4837afa-369a-4b65-8351-eb736dd8ce65.json,,960,"2.5""",,,,,,,SATA 6.0 Gb/s,,,SSD7CS900-960-PB,False,SSD,SSD
d4894f8f-05dc-44b8-a42a-00a966efd4a0,Patriot Viper Gaming VP4100 2TB SSD M.2-2280 PCIe 4.0 x4 NVMe,Patriot,Viper,2000GB,,d4894f8f-05dc-44b8-a42a-00a966efd4a0.json,,2000,M.2-2280,,,,,,,M.2 PCIe 4.0 x4,,,VP4100-2TBM28H,True,SSD,SSD
d49e553f-56bc-4e9b-8d7d-8b56c5a47249,PNY CS1030 250GB SSD M.2 NVMe,PNY,CS1030,250GB,,d49e553f-56bc-4e9b-8d7d-8b56c5a47249.json,,250,M.2-2280,B08W31HYVC,,,,,932732827,M.2 PCIe 3.0 x4,,,M280CS1030-250-RB | M280CS1030-250,True,SSD,SSD
d4a96d98-295d-439d-9851-f8c3a99bad35,"Seagate Exos X14 10TB 3.5"" HDD 7200RPM SATA 6.0 Gb/s Internal",Seagate,Exos,10000GB,,d4a96d98-295d-439d-9851-f8c3a99bad35.json,,10000,"3.5""",B082T31WWM,,,,,452480349,SATA 6.0 Gb/s,,,ST10000NM0478,False,HDD,HDD
d4ac07e0-4cb1-400c-94ee-596f9dfcb3d2,Western Digital WD_BLACK SN850P for PS5 1TB SSD M.2-2280 PCIe 4.0 NVMe,Western Digital,WD_BLACK,1000GB,,d4ac07e0-4cb1-400c-94ee-596f9dfcb3d2.json,,1000,M.2-2280,B0C48B3RGL,6541324,,,N82E16820250257,1390417730,M.2 PCIe 4.0 x4,,,WDBBYV0010BNC-WRSN,True,SSD,SSD
d4aca340-3e5e-4b28-8abe-77e4ecd68896,"Toshiba P300 2TB 3.5"" HDD 5400RPM SATA 6.0 Gb/s Internal",Toshiba,P300,2000GB,,d4aca340-3e5e-4b28-8abe-77e4ecd68896.json,,2000,"3.5""",,,,,,,SATA 6.0 Gb/s,,,HDWD220UZSVA,False,HDD,HDD
d4b22213-1927-4ad8-8147-aaf71bd4cdad,Intel SSDPEDMD020T401 2TB PCIe SSD PCIe x4 NVMe,Intel,SSDPEDMD020T401,2000GB,,d4b22213-1927-4ad8-8147-aaf71bd4cdad.json,,2000,PCIe,B00L0LFCLA,,,,,43921291,M.2 PCIe 3.0 x4,,,SSDPEDMD020T401 | 735858276467,True,SSD,SSD
d4d99095-9a6d-4398-8dc0-c6e070efb3ad,Kingston KC2000 250GB SSD M.2-2280 PCIe 3.0 x4 NVMe,Kingston,KC2000,250GB,,d4d99095-9a6d-4398-8dc0-c6e070efb3ad.json,,250,M.2-2280,,,,,,,M.2 PCIe 3.0 x4,,,SKC2000M8 | 250G,True,SSD,SSD
d4da4ef0-c63c-40ba-87ec-ee06c9f9a615,Gigabyte M30 512GB SSD M.2-2280 PCIe 3.0 X4 NVMe,Gigabyte,M30,512GB,,d4da4ef0-c63c-40ba-87ec-ee06c9f9a615.json,,512,M.2-2280,B0974W182G,,,,,,M.2 PCIe 3.0 x4,,,GP-GM30512G-G,True,SSD,SSD
d4e45eaf-bf70-4784-bd95-e286b3fbacfe,"Toshiba PH3500U-1I72 5TB 3.5"" HDD 7200RPM SATA 6.0 Gb/s Internal",Toshiba,PH3500U-1I72,5000GB,,d4e45eaf-bf70-4784-bd95-e286b3fbacfe.json,,5000,"3.5""",B00OP2PKH2,,,,,,SATA 6.0 Gb/s,,,PH3500U-1I72,False,HDD,HDD
d4e499e5-4b00-4569-8641-d171e9bebeab,KIOXIA BG5 SED 512GB SSD M.2-2280 PCIe 4.0 x4 NVMe,KIOXIA,BG5,512GB,,d4e499e5-4b00-4569-8641-d171e9bebeab.json,,512,M.2-2280,,,,,,,M.2 PCIe 4.0 x4,,,KBG5AZNV512G,True,SSD,SSD
d4edd57b-be48-43ba-a040-70014eb55b85,"Toshiba Solid 240GB SSD 2.5"" SATA",Toshiba,Solid,240GB,,d4edd57b-be48-43ba-a040-70014eb55b85.json,,240,"2.5""",,,,,,,SATA 6.0 Gb/s,,,HDTS124XZSWA,False,SSD,SSD
d5055a39-e7f0-4dc7-b767-72664537adba,Patriot Viper VP4300 1TB M.2-2280 SSD PCIe 4.0 X4 NVMe,Patriot,Viper,1000GB,,d5055a39-e7f0-4dc7-b767-72664537adba.json,,1000,M.2-2280,B08YZ5V3DD,,,,N82E16820225259,718644085,M.2 PCIe 4.0 x4,,,VP4300-1TBM28H,True,SSD,SSD
d508bc92-90d0-4943-8552-f2f41cf859cf,"Transcend TS64GSSD370S 64GB SSD 2.5"" SATA 6.0 Gb/s",Transcend,TS64GSSD370S,64GB,,d508bc92-90d0-4943-8552-f2f41cf859cf.json,,64,"2.5""",B00VX82P42,,,,,46521328,SATA 6.0 Gb/s,,,TS64GSSD370S,False,SSD,SSD
d50afde1-7eaa-42e8-b7b9-7d920bd5980d,Samsung 970 Evo Plus 500GB SSD M.2 PCIe 3.0 NVMe,Samsung,970,500GB,,d50afde1-7eaa-42e8-b7b9-7d920bd5980d.json,,500,M.2-2280,B07M7Q21N7,6324468,,,9SIA12KJEC2903,227655735,M.2 PCIe 3.0 x4,,,MZ-V7S500B | AM | MZ-V7S500BW | MZ-V7S500B/AM,True,SSD,SSD
d5266b02-5554-45f1-a90f-4bc7cedcb5ea,"Samsung 845DC EVO 960GB SSD 2.5"" SATA 6.0 Gb/s",Samsung,845DC,960GB,,d5266b02-5554-45f1-a90f-4bc7cedcb5ea.json,,960,"2.5""",,,,,,,SATA 6.0 Gb/s,,,MZ-7GE960EW,False,SSD,SSD
d5335dbd-def3-4ac4-bba3-d0e46299a522,Corsair MP500 960 GB SSD M.2-2280 PCIe 3.0 X4 NVMe,Corsair,MP500,960GB,,d5335dbd-def3-4ac4-bba3-d0e46299a522.json,,960,M.2-2280,,,,,,,M.2 PCIe 3.0 x4,,,CSSD-F960GBMP500,True,SSD,SSD
d5408b86-8cc7-4b7b-b45b-054b9f934221,Patriot VPN100 512GB M.2 SSD PCIe 3.0 NVMe,Patriot,VPN100,512GB,,d5408b86-8cc7-4b7b-b45b-054b9f934221.json,,512,M.2-2280,,,,,,,M.2 PCIe 3.0 x4,,,VPN100-512GM28H,True,SSD,SSD
d564f7d3-e9e1-410a-80d6-7bd7f0449701,TEAMGROUP T-Force GE PRO Graphene 8TB SSD M.2-2280 PCIe 5.0 X4 NVMe,TEAMGROUP,T-Force,8000GB,,d564f7d3-e9e1-410a-80d6-7bd7f0449701.json,,8000,M.2-2280,,,,,,,M.2 PCIe 5.0 x4,,,TM8FFS008T0C129,True,SSD,SSD
d56797ab-c114-4f6f-a627-9373197093bc,Western Digital Black SN850 w/Heatsink 2TB SSD M.2-2280 PCIe 4.0 X4 NVMe,Western Digital,Black,2000GB,,d56797ab-c114-4f6f-a627-9373197093bc.json,,2000,M.2-2280,B08PMLYV9H,,,,,614395836,M.2 PCIe 4.0 x4,,,WDS200T1XHE | WDBAPZ0020BNC-WRSN,True,SSD,SSD
d575de7c-3589-4527-a5f8-c208bfd5561f,"Toshiba N300 Pro 14TB 3.5"" HDD 7200 RPM SATA",Toshiba,N300,14000GB,,d575de7c-3589-4527-a5f8-c208bfd5561f.json,,14000,"3.5""",B09TQ67SDK,,,,N82E16822149807,1911771572,SATA 6.0 Gb/s,,,HDWG51EXZSTB,False,HDD,HDD
d595e8fd-17b1-4f1c-b2e7-1fbf6098308a,"Hitachi Ultrastar He8 8TB 3.5"" HDD 7200RPM SAS 12.0 Gb/s",Hitachi,Ultrastar,8000GB,,d595e8fd-17b1-4f1c-b2e7-1fbf6098308a.json,,8000,"3.5""",,,,,,,SAS 12.0 Gb/s,,,0F23268,False,HDD,HDD
d5aea1e1-2804-43e3-930a-0e1f1730d347,"Klevv NEO N400 120GB SSD 2.5"" SATA 6.0 Gb/s",Klevv,NEO,120GB,,d5aea1e1-2804-43e3-930a-0e1f1730d347.json,,120,"2.5""",,,,,,,SATA 6.0 Gb/s,,,K120GSSDS3-N40,False,SSD,SSD
d5afeae1-d2dc-41c6-984c-2c96fc3d6908,HP FX700 1TB SSD M.2-2280 PCIe 4.0 x4 NVMe,HP,FX700,1000GB,,d5afeae1-d2dc-41c6-984c-2c96fc3d6908.json,,1000,M.2-2280,,,,,,,M.2 PCIe 4.0 x4,,,8U2N3AA,True,SSD,SSD
d5c50d56-73b4-4f63-974e-f318fd85bb5d,"Silicon Power A58 256GB 2.5"" SSD SATA 6.0 Gb/s",Silicon Power,A58,256GB,,d5c50d56-73b4-4f63-974e-f318fd85bb5d.json,,256,"2.5""",,,,,,,SATA 6.0 Gb/s,,,SU256GBSS3A58A25CA,False,SSD,SSD
d5ca4fc7-8983-4113-8857-5130aa488445,"Western Digital Blue 2TB 3.5"" HDD 5400RPM SATA",Western Digital,Blue,2000GB,,d5ca4fc7-8983-4113-8857-5130aa488445.json,,2000,"3.5""",B07JC1TQ7N,,,,,385752722,SATA 6.0 Gb/s,,,WD20EZAZ,False,HDD,HDD
d5cf95e7-dd93-4473-b7d6-5b41cdd7e25f,Western Digital Green SN350 960GB SSD M.2-2280 PCIe 3.0 x4 NVMe,Western Digital,Green,960GB,,d5cf95e7-dd93-4473-b7d6-5b41cdd7e25f.json,,960,M.2-2280,B093QL29RZ,,,,9SIAD6HFCV6604,675907399,M.2 PCIe 3.0 x4,,,WDS960G2G0C,True,SSD,SSD
d5dcca73-966c-4fb0-aaf3-884b235629d1,Western Digital WD_BLACK SN850P 4TB SSD M.2-2280 NVMe PCIe 4.0 for PS5,Western Digital,WD_BLACK,4000GB,,d5dcca73-966c-4fb0-aaf3-884b235629d1.json,,4000,M.2-2280,B0C48HN4Z9,6541327,,,N82E16820250259,3817816940,M.2 PCIe 4.0 x4,,,WDBBYV0040BNC-WRSN,True,SSD,SSD
d601b462-7c2e-4d96-b120-04c614037f99,"Orico Y-20 1TB SSD 2.5"" SATA",Orico,Y-20,1000GB,,d601b462-7c2e-4d96-b120-04c614037f99.json,,1000,"2.5""",B0CG1S9XDD,,,,,,SATA 6.0 Gb/s,,,Y20-1T | Y20-1TB | Y20,False,SSD,SSD
d6244459-7dba-47a8-a0aa-dfca085a15af,"Toshiba OCZ TR200 240GB SSD 2.5"" SATA 6.0 Gb/s",Toshiba,OCZ,240GB,,d6244459-7dba-47a8-a0aa-dfca085a15af.json,,240,"2.5""",B076DWV18J,,,,,382198263,SATA 6.0 Gb/s,,,THN-TR20Z2400U8(CS | THN-TR20Z2400U8 | 4041H45 | TR200 25SAT3-240G,False,SSD,SSD
d62d017e-338c-4ed4-ace2-afb9c834f9f8,"Western Digital Red Pro 3TB HDD 3.5"" SATA",Western Digital,Red,3000GB,,d62d017e-338c-4ed4-ace2-afb9c834f9f8.json,,3000,"3.5""",,,,,,,SATA 6.0 Gb/s,,,WD3001FFSX,False,HDD,HDD
d651b5c9-fd93-4b2d-8388-cd3145ed225b,"Western Digital RE3 750GB HDD 3.5"" 7200RPM SATA 3.0 Gb/s",Western Digital,RE3,750GB,,d651b5c9-fd93-4b2d-8388-cd3145ed225b.json,,750,"3.5""",,,,,,,SATA 3.0 Gb/s,,,WD7502ABYS,False,HDD,HDD
d6570420-f274-4140-8278-04e311483d70,XPG SX6000 Lite 1TB SSD M.2 PCIe 3.0 x4 NVMe,XPG,SX6000,1000GB,,d6570420-f274-4140-8278-04e311483d70.json,,1000,M.2-2280,,,,,,,M.2 PCIe 3.0 x4,,,ASX6000LNP-1TT-C,True,SSD,SSD
d6596cf9-f559-44ad-941d-1dbae31d9674,"Seagate Enterprise Capacity 6TB 3.5"" HDD 7200RPM SAS 6.0 Gb/s",Seagate,Enterprise,6000GB,,d6596cf9-f559-44ad-941d-1dbae31d9674.json,,6000,"3.5""",,,,,,,SAS 6.0 Gb/s,,,ST6000NM0095,False,HDD,HDD
d65e7012-deb2-428d-ab56-71b486c98696,"Toshiba X300 12TB HDD 3.5"" 7200RPM SATA",Toshiba,X300,12000GB,,d65e7012-deb2-428d-ab56-71b486c98696.json,,12000,"3.5""",,,,,,,SATA 6.0 Gb/s,,,HDWR21CXZSTA,False,HDD,HDD
d65eec47-a45a-421a-99da-0d4c50ccffc1,"Sabrent Rocket Q 2TB,Internal,M.2 2280 (SB-RKTQ-2TB) SSD",Sabrent,Rocket Q,,0,d65eec47-a45a-421a-99da-0d4c50ccffc1.json,,2000,M.2-2280,B0829DZH2W,,,,9SIBK19JNN1384,618537884,M.2 PCIe 3.0 x4,,,SB-RKTQ-2TB,True,SSD,SSD
d667ed5f-65b0-43a5-b624-92bf75116021,"Toshiba N300 6TB 3.5"" HDD 7200RPM SATA Internal",Toshiba,N300,6000GB,,d667ed5f-65b0-43a5-b624-92bf75116021.json,,6000,"3.5""",B09B424KYN,,,,,,SATA 6.0 Gb/s,,,HDWG460UZSVA | 515557,False,HDD,HDD
d6746cd6-b0c0-4af3-bebc-46061eac928d,"Seagate SkyHawk AI 16TB HDD 3.5"" SATA",Seagate,SkyHawk,16000GB,,d6746cd6-b0c0-4af3-bebc-46061eac928d.json,,16000,"3.5""",B07XBTS8S1,,,,,367823633,SATA 6.0 Gb/s,,,ST16000VE000 | ST16000VEZ00,False,HDD,HDD
d6ae6877-fdce-4a42-a75f-1ea7bb1a3dc6,"Toshiba HDD3B03 2TB HDD 3.5"" 7200RPM SAS 6.0 Gb/s Internal",Toshiba,HDD3B03,2000GB,,d6ae6877-fdce-4a42-a75f-1ea7bb1a3dc6.json,,2000,"3.5""",,,,,,,SAS 6.0 Gb/s,,,HDD3B03,False,HDD,HDD
d6b2a9e7-8e98-4f25-b439-80c9171a6710,SanDisk X600 128GB SSD M.2-2280 SATA,SanDisk,X600,128GB,,d6b2a9e7-8e98-4f25-b439-80c9171a6710.json,,128,M.2-2280,,,,,,,M.2 SATA,,,SD9SN8W-128G-1122,False,SSD,SSD
d6b818e8-3af6-47ba-81f5-851c2d4343fc,"Hitachi 5K3000 2TB 3.5"" HDD 5400RPM SATA",Hitachi,5K3000,2000GB,,d6b818e8-3af6-47ba-81f5-851c2d4343fc.json,,2000,"3.5""",,,,,,,SATA 6.0 Gb/s,,,HDS5C3020ALA632,False,HDD,HDD
d6ba2cbc-c3fd-4fd5-99aa-d25b23368f86,KingSpec NE-2280 1TB SSD M.2-2280 PCIe 3.0 X4 NVMe,KingSpec,NE-2280,1000GB,,d6ba2cbc-c3fd-4fd5-99aa-d25b23368f86.json,,1000,M.2-2280,,,,,,,M.2 PCIe 3.0 x4,,,NE-2280-1TB,True,SSD,SSD
d6f138d4-7242-4369-870e-e9475e5e66d1,MyDigitalSSD Super Boot Drive 256GB M.2-2242 SSD SATA,MyDigitalSSD,Super,256GB,,d6f138d4-7242-4369-870e-e9475e5e66d1.json,,256,M.2-2242,,,,,,,M.2 SATA,,,MDM242-SB-256,False,SSD,SSD
d6f31515-7f5d-4fae-9664-b72b00c74581,Corsair MP600 ELITE 1TB SSD M.2-2280 PCIe 4.0 X4 NVMe,Corsair,MP600,1000GB,,d6f31515-7f5d-4fae-9664-b72b00c74581.json,,1000,M.2-2280,B0CSG3V9GJ,,,,N82E16820982136,5289228308,M.2 PCIe 4.0 x4,,,CSSD-F1000GBMP600ENH,True,SSD,SSD
d703839b-c115-45d5-908b-5d81a5ff8ea9,"VisionTek PRO 250GB SSD 2.5"" SATA",VisionTek,PRO,250GB,,d703839b-c115-45d5-908b-5d81a5ff8ea9.json,,250,"2.5""",,,,,,,SATA 6.0 Gb/s,,,901293,False,SSD,SSD
d70c7b06-665c-4260-b45b-343dad1a01ec,"Toshiba MG05ACA800E 8TB HDD 3.5"" SATA",Toshiba,MG05ACA800E,8000GB,,d70c7b06-665c-4260-b45b-343dad1a01ec.json,,8000,"3.5""",,,,,,,SATA 6.0 Gb/s,,,MG05ACA800E | 201743,False,HDD,HDD
d70f5fd1-4623-46f8-b35d-3bd64b40e847,"Seagate BarraCuda 1TB 3.5"" HDD 7200RPM SATA Internal",Seagate,BarraCuda,1000GB,,d70f5fd1-4623-46f8-b35d-3bd64b40e847.json,,1000,"3.5""",B01LNJBA2I,,,,,497553028,SATA 6.0 Gb/s,,,ST1000DM010,False,HDD,HDD
d714ca4e-edd1-4847-8542-9c68d2585e3c,Kingston Fury Renegade 500GB SSD M.2 PCIe 4.0 NVMe with Heat Sink,Kingston,Fury,500GB,,d714ca4e-edd1-4847-8542-9c68d2585e3c.json,,500,M.2-2280,B0BJL4SVB1,,,,0D9-001B-00580,1843896154,M.2 PCIe 4.0 x4,,,SFYRSK | 500G | SFYRSK/500G,True,SSD,SSD
d7214822-8d81-411b-b06e-b1d2973466fa,Western Digital SN530 256GB SSD M.2-2280 PCIe 3.0 x4 NVMe,Western Digital,SN530,256GB,,d7214822-8d81-411b-b06e-b1d2973466fa.json,,256,M.2-2280,,,,,,,M.2 PCIe 3.0 x4,,,SDBPNPZ-256G,True,SSD,SSD
d723d6f7-1163-4174-8ee8-467d39971857,Western Digital Blue SN580 1TB M.2 SSD PCIe 4.0 NVMe,Western Digital,Blue,1000GB,,d723d6f7-1163-4174-8ee8-467d39971857.json,,1000,M.2-2280,B0C8XMH264,,,,N82E16820250254,1326430615,M.2 PCIe 4.0 x4,,,WDS100T3B0E | WDS100T3B0E-00CHF0,True,SSD,SSD
d735c71e-2e49-4285-90aa-d836bdc799af,Patriot Scorch 256GB SSD M.2-2280 PCIe 3.0 X2 NVMe,Patriot,Scorch,256GB,,d735c71e-2e49-4285-90aa-d836bdc799af.json,,256,M.2-2280,,,,,,,M.2 PCIe 3.0 x2,,,PS256GPM280SSDR,True,SSD,SSD
d7426e6e-6e1d-44e1-8d06-683b7d8c351b,"Western Digital Blue 1TB SSD 2.5"" SATA 6.0 Gb/s",Western Digital,Blue,1000GB,,d7426e6e-6e1d-44e1-8d06-683b7d8c351b.json,,1000,"2.5""",B073SBQMCX,,,,9SIAKVHKBE4398,133260309,SATA 6.0 Gb/s,,,WDS100T2B0A,False,SSD,SSD
d749dd72-90bf-4a99-8ffd-c904ed01f47b,"Seagate ST980813AS 80 GB Internal HDD 7200RPM 2.5"" SATA 3.0 Gb/s",Seagate,ST980813AS,80GB,,d749dd72-90bf-4a99-8ffd-c904ed01f47b.json,,80,"2.5""",B001R4BBTC,,,,,,SATA 3.0 Gb/s,,,ST980813AS,False,HDD,HDD
d75d4bbe-4f12-46fb-916a-59354756dc69,"Seagate IronWolf NAS 4TB HDD 3.5"" 5900 RPM SATA 6.0 Gb/s Internal",Seagate,IronWolf,4000GB,,d75d4bbe-4f12-46fb-916a-59354756dc69.json,,4000,"3.5""",,,,,,,SATA 6.0 Gb/s,,,ST4000VNA08,False,HDD,HDD
d7615d6b-1274-4dcf-b1d4-dc51dd21a176,Silicon Power A80 2TB M.2-2280 SSD PCIe 3.0 X4 NVMe,Silicon Power,A80,2000GB,,d7615d6b-1274-4dcf-b1d4-dc51dd21a176.json,,2000,M.2-2280,B07QR8LD7Y,,,,,,M.2 PCIe 3.0 x4,,,SP002TBP34A80M28 | SU002TBP34A80M28AB,True,SSD,SSD
d764ef1d-c2ec-4982-8d0c-53f462ff30ee,FanXiang S500 Pro 2TB SSD M.2-2280 PCIe 3.0 NVMe,FanXiang,S500,2000GB,,d764ef1d-c2ec-4982-8d0c-53f462ff30ee.json,,2000,M.2-2280,B0BCQS37R7,,,,,,M.2 PCIe 3.0 x4,,,S500 Pro - 2TB - M.2 SSD | 2TB SSD - S500 Pro | Nvme SSD 2TB - S500 Pro | S500 Pro,True,SSD,SSD
d778eaa5-0b23-4b40-9748-8e9b14ffd0e0,TEAMGROUP T-Force Cardea A440 Pro 2TB SSD M.2 PCIe 4.0 NVMe,TEAMGROUP,T-Force,2000GB,,d778eaa5-0b23-4b40-9748-8e9b14ffd0e0.json,,2000,M.2-2280,B09JCCSZ4W,,,,N82E16820331762,1483844781,M.2 PCIe 4.0 x4,,,TM8FPR002T0C128 | TM8FPR002T0C129,True,SSD,SSD
d7ce917d-e65e-4798-954a-e61d1fa962cc,"Western Digital Red Pro 8 TB HDD 3.5"" 7200RPM SATA 6.0 Gb/s",Western Digital,Red,8000GB,,d7ce917d-e65e-4798-954a-e61d1fa962cc.json,,8000,"3.5""",,,,,,,SATA 6.0 Gb/s,,,WD8001FFWX,False,HDD,HDD
d7dd7270-16a5-43cf-928b-cf7728cebcd2,"Seagate BarraCuda 4TB 5900RPM HDD 3.5"" SATA",Seagate,BarraCuda,4000GB,,d7dd7270-16a5-43cf-928b-cf7728cebcd2.json,,4000,"3.5""",B01LNJBA50,,,,,634605634,SATA 6.0 Gb/s,,,ST4000DM005 | ST4000DMB05,False,HDD,HDD
d7dff0f2-4874-4195-8207-5555ba233f49,Kingston KC2000 1TB SSD M.2-2280 PCIe 3.0 x4 NVMe,Kingston,KC2000,1000GB,,d7dff0f2-4874-4195-8207-5555ba233f49.json,,1000,M.2-2280,,,,,,,M.2 PCIe 3.0 x4,,,SKC2000M8 | 1000G,True,SSD,SSD
d7e66c94-988e-4416-888a-cf59e42f3c98,"Western Digital Purple 10TB 3.5"" Internal HDD 7200RPM SATA 6.0 Gb/s",Western Digital,Purple,10000GB,,d7e66c94-988e-4416-888a-cf59e42f3c98.json,,10000,"3.5""",B07DYLFYQM,,,,,603902253,SATA 6.0 Gb/s,,,WD101PURZ,False,HDD,HDD
d7f69f21-8e3b-4eba-830c-1b6af93686b1,"Hitachi HDS723030ALA640 3TB HDD 7200RPM 3.5"" SATA 6.0 Gb/s",Hitachi,HDS723030ALA640,3000GB,,d7f69f21-8e3b-4eba-830c-1b6af93686b1.json,,3000,"3.5""",B004D8KO7Y,,,,,,SATA 6.0 Gb/s,,,0F12450 | FBA_0F12450,False,HDD,HDD
d7f9b55a-59a1-4295-b9b0-9e6449c6ec6f,Lexar Professional NM800PRO 512GB SSD M.2-2280 PCIe 4.0 NVMe,Lexar,Professional,512GB,,d7f9b55a-59a1-4295-b9b0-9e6449c6ec6f.json,,512,M.2-2280,B0B7LBVHH2,,,,,1602379440,M.2 PCIe 4.0 x4,,,LNM800P512G-RNNNG,True,SSD,SSD
d81293f2-dceb-46ac-8c76-65821691a75b,"Toshiba X300 6TB HDD 3.5"" SATA",Toshiba,X300,6000GB,,d81293f2-dceb-46ac-8c76-65821691a75b.json,,6000,"3.5""",B099P9SRX9,,,,,,SATA 6.0 Gb/s,,,HDWR460XZSTA,False,HDD,HDD
d819a60b-943c-47b7-a727-aff75436bcc7,MSI SPATIUM M560 1TB M.2-2280 SSD PCIe 5.0 x4 NVMe,MSI,SPATIUM,1000GB,,d819a60b-943c-47b7-a727-aff75436bcc7.json,,1000,M.2-2280,,,,,,,M.2 PCIe 5.0 x4,,,SM560N1TB,True,SSD,SSD
d8295dbf-2ab4-4f2e-a2a0-c52fd5d499a4,"TEAMGROUP AX2 1TB SSD 2.5"" SATA",TEAMGROUP,AX2,1000GB,,d8295dbf-2ab4-4f2e-a2a0-c52fd5d499a4.json,,1000,"2.5""",B08CKFDPJ3,,,,,,SATA 6.0 Gb/s,,,T253A3001T0C101 | AX2,False,SSD,SSD
d82e8869-089b-45de-b20e-3cb8f656682b,"Western Digital WD Red Pro 20 TB 3.5"" HDD 7200RPM SATA 6.0 Gb/s",Western Digital,WD,20000GB,,d82e8869-089b-45de-b20e-3cb8f656682b.json,512,20000,"3.5""",B0DYQH22PW,,,,N82E16822234583,15528415347,SATA 6.0 Gb/s,,,WD202KFGX | WD202KFGX-SPCKWN0,False,HDD,HDD
d830163d-0da5-4e76-9d20-5d5c0094c5bc,"Western Digital Scorpio Blue 400GB HDD 2.5"" 5400RPM SATA",Western Digital,Scorpio,400GB,,d830163d-0da5-4e76-9d20-5d5c0094c5bc.json,,400,"2.5""",,,,,,,SATA 3.0 Gb/s,,,WD4000BEVT,False,HDD,HDD
d834711e-729f-44ef-8e78-569a84c26cf0,"Seagate BarraCuda 2TB 3.5"" HDD 5900RPM SATA 3.0 Gb/s Internal",Seagate,BarraCuda,2000GB,,d834711e-729f-44ef-8e78-569a84c26cf0.json,,2000,"3.5""",,,,,,,SATA 3.0 Gb/s,,,ST320005N4A1AS-RK,False,HDD,HDD
d83cf48e-84cd-4d0b-8b70-9c1e8e93d133,Kingston KC3000 2TB SSD M.2 PCIe 4.0 NVMe,Kingston,KC3000,2000GB,,d83cf48e-84cd-4d0b-8b70-9c1e8e93d133.json,,2000,M.2-2280,B09K7DRMSC,,,,N82E16820242660,518565232,M.2 PCIe 4.0 x4,,,SKC3000D | 2048G | SKC3000D/2048G,True,SSD,SSD
d84618a1-83ac-4e7f-a7c0-d58e361daff3,"Hitachi Deskstar 7K1000.D 500GB HDD 7200RPM 3.5"" SATA",Hitachi,Deskstar,500GB,,d84618a1-83ac-4e7f-a7c0-d58e361daff3.json,,500,"3.5""",,,,,,,SATA 6.0 Gb/s,,,HDS721050DLE630,False,HDD,HDD
d846d83e-eb04-4237-8b6b-af461770fc55,"Samsung PM863 960GB SSD 2.5"" SATA 6.0 Gb/s",Samsung,PM863,960GB,,d846d83e-eb04-4237-8b6b-af461770fc55.json,,960,"2.5""",,,,,,,SATA 6.0 Gb/s,,,MZ-7LM9600,False,SSD,SSD
d8b81fbb-4ee2-4bb8-92eb-a82a1fa061b8,HP EX950 2TB SSD M.2 PCIe 3.0 NVMe,HP,EX950,2000GB,,d8b81fbb-4ee2-4bb8-92eb-a82a1fa061b8.json,,2000,M.2-2280,B07MZFJ8FH,,,,,771513143,M.2 PCIe 3.0 x4,,,5MS24AA#ABC,True,SSD,SSD
d8bb3a72-cd08-4fd5-a2e6-084b0beec76a,"Western Digital Scorpio Blue 640GB HDD 2.5"" SATA",Western Digital,Scorpio,640GB,,d8bb3a72-cd08-4fd5-a2e6-084b0beec76a.json,,640,"2.5""",,,,,,,SATA 3.0 Gb/s,,,WD6400BPVT,False,HDD,HDD
d8fe76b1-3487-417a-8fa6-e62556dcc34b,Silicon Power P34A60 512GB M.2-2280 SSD PCIe 3.0 X4 NVMe,Silicon Power,P34A60,512GB,,d8fe76b1-3487-417a-8fa6-e62556dcc34b.json,,512,M.2-2280,B07ZGJYLNL,,,,N82E16820301427,12851504388,M.2 PCIe 3.0 x4,,,SP512GBP34A60M28 | SU512GBP34A60M28SN | P34A60 | FIN-SP512GBP34A60M28,True,SSD,SSD
d90048e6-349a-4751-9a07-0bff5edc200f,SanDisk X400 256GB SSD M.2-2280 SATA,SanDisk,X400,256GB,,d90048e6-349a-4751-9a07-0bff5edc200f.json,,256,M.2-2280,,,,,,,M.2 SATA,,,SD8SN8U-256G-2000,False,SSD,SSD
d9180125-298d-41b6-9fe0-c0747a4af0ac,MSI SPATIUM M461 1TB SSD M.2-2280 PCIe 4.0 x4 NVMe,MSI,SPATIUM,1000GB,,d9180125-298d-41b6-9fe0-c0747a4af0ac.json,,1000,M.2-2280,B0BWSG1QM5,,,,N82E16820140039,3512356992,M.2 PCIe 4.0 x4,,,SPATIUM M461 1TB | SM461N1TB | S78-440L1D0-P83 | SPATIUM M461 PCIe 4.0 NVMe M.2 1TB,True,SSD,SSD
d925897d-9263-4c15-aef1-407233ab8934,"Western Digital Purple 6TB HDD 3.5"" 5640RPM SATA",Western Digital,Purple,6000GB,,d925897d-9263-4c15-aef1-407233ab8934.json,,6000,"3.5""",B08R9RYSMP,,,,,962622327,SATA 6.0 Gb/s,,,WD62PURZ,False,HDD,HDD
d92bfbbb-ab6b-45ee-8a48-534e262aa845,Sabrent Rocket Q4 2TB SSD M.2-2230 PCIe 4.0 x4 NVMe,Sabrent,Rocket,2000GB,,d92bfbbb-ab6b-45ee-8a48-534e262aa845.json,,2000,M.2-2230,B0C5YS3QY4,,,,0D9-001Y-000C0,3248139947,M.2 PCIe 4.0 x4,,,SB-213Q-2TB,True,SSD,SSD
d973a6eb-5119-478a-a6ba-f86956d6854b,NEMIX RAM NEMESIS 2TB M.2-2280 SSD PCIe 4.0 X4 NVMe,NEMIX RAM,NEMESIS,2000GB,,d973a6eb-5119-478a-a6ba-f86956d6854b.json,,2000,M.2-2280,B0BCQXQLT1,,,,,,M.2 PCIe 4.0 x4,,,NMS-M2G4N-2TB,True,SSD,SSD
d984543a-ee3d-4380-8ce6-d6aa5493c641,ADATA XPG GAMMIX S70 Blade 4 TB M.2-2280 PCIe 4.0 X4 NVME,ADATA,XPG,4000GB,,d984543a-ee3d-4380-8ce6-d6aa5493c641.json,,4000,M.2-2280,B0B2FSKTHK,6509717,30484,,,,M.2 PCIe 4.0 x4,,,AGAMMIXS70B-4T-CS | 0,True,SSD,SSD
d9990517-f999-439f-8b00-275b34378ab0,Seagate Lightsaber Collection FireCuda 1TB SSD M.2-2280 PCIe 4.0 x4 NVMe,Seagate,Lightsaber,1000GB,,d9990517-f999-439f-8b00-275b34378ab0.json,,1000,M.2-2280,,,,,,,M.2 PCIe 4.0 x4,,,ZP1000GM3A053,True,SSD,SSD
d99d66c2-4605-4117-aa6f-af516cd8c0be,"Samsung PM893 3.84 TB SSD 2.5"" SATA 6.0 Gb/s",Samsung,PM893,3000GB,,d99d66c2-4605-4117-aa6f-af516cd8c0be.json,,3000,"2.5""",B0B846MMNF,,,,N82E16820147853,1934262852,SATA 6.0 Gb/s,,,MZ-7L33T800,False,SSD,SSD
d99e2186-facb-4b00-9919-a2abbd8e256b,Samsung 990 Pro 4TB M.2 SSD PCIe 4.0 NVMe,Samsung,990,4000GB,2022,d99e2186-facb-4b00-9919-a2abbd8e256b.json,4096,4000,M.2-2280,B0CHGT1KFJ,6559270,28502,https://www.samsung.com/ie/memory-storage/nvme-ssd/990-pro-4tb-nvme-pcie-gen-4-mz-v9p4t0bw/,N82E16820147879,5075942372,M.2 PCIe 4.0 x4,,2026-03-22T17:11:37.551Z,MZ-V9P4T0B/AM,True,SSD,
d9bbf71d-393d-4b50-b189-da4d9f1de76b,"Western Digital WD Blue 4TB 3.5"" HDD 5400RPM SATA",Western Digital,WD,4000GB,,d9bbf71d-393d-4b50-b189-da4d9f1de76b.json,,4000,"3.5""",B0BNGLFBXV,9026007,,,N82E16822234536,2329871676,SATA 3.0 Gb/s,,,WD40EZAX | WD40EZAX-SPC8UB0,False,HDD,HDD
d9bc6001-26be-4547-8626-8db4b1de309a,"Samsung 840 Evo 120 GB SSD 2.5"" SATA 6.0 Gb/s",Samsung,840,120GB,,d9bc6001-26be-4547-8626-8db4b1de309a.json,,120,"2.5""",,,,,,,SATA 6.0 Gb/s,,,MZ-7TE120KW,False,SSD,SSD
d9d29868-a490-4dcf-9dc1-b7cb5fcc1cda,Western Digital Black SN750 1TB SSD M.2-2280 PCIe 3.0 X4 NVMe,Western Digital,Black,1000GB,,d9d29868-a490-4dcf-9dc1-b7cb5fcc1cda.json,,1000,M.2-2280,B07M64QXMN,6338995,,,9SIA0ZXJRZ6197,910715202,M.2 PCIe 3.0 x4,,,WDS100T3X0C | WDS100T3X0C-00SJG0,True,SSD,SSD
d9d96710-c7a6-4437-a981-e79cbd543412,Solidigm P44 Pro 1TB SSD M.2 PCIe 4.0 NVMe,Solidigm,P44,1000GB,,d9d96710-c7a6-4437-a981-e79cbd543412.json,,1000,M.2-2280,B0BJGJ6R8D,,,,N82E16820318012,2217521492,M.2 PCIe 4.0 x4,,,SSDPFKKW010X7X1,True,SSD,SSD
d9f7324e-3983-4561-a9ab-cbc156c40f2d,Biwin M350 4TB M.2-2280 SSD PCIe 4.0 X4 NVMe,Biwin,M350,4000GB,,d9f7324e-3983-4561-a9ab-cbc156c40f2d.json,,4000,M.2-2280,,,,,,,M.2 PCIe 4.0 x4,,,BM350NN04TB-RGX,True,SSD,SSD
da02df5c-dd8a-4eaa-a4f9-8e09e156222e,"Western Digital Scorpio Black 750 GB 2.5"" HDD 7200RPM SATA Internal",Western Digital,Scorpio,750GB,,da02df5c-dd8a-4eaa-a4f9-8e09e156222e.json,,750,"2.5""",B004I9J5OG,,,,,17781719,SATA 3.0 Gb/s,,,WD7500BPKT,False,HDD,HDD
da181809-781c-48b0-9255-60afd9c327ef,Western Digital WD Blue SN5000 4TB SSD M.2-2280 PCIe 4.0 x4 NVMe,Western Digital,WD,4000GB,,da181809-781c-48b0-9255-60afd9c327ef.json,,4000,M.2-2280,B0D7MLB76V,6588587,,,N82E16820250266,8097509887,M.2 PCIe 4.0 x4,,,WDS400T4B0E | WDS400T4B0E-00BKY0,True,SSD,SSD
da247a79-66b4-4fe8-806d-12e5914a0443,TEAMGROUP A440 Lite 1TB SSD M.2-2280 PCIe 4.0 x4 NVMe,TEAMGROUP,A440,1000GB,,da247a79-66b4-4fe8-806d-12e5914a0443.json,,1000,M.2-2280,B0CQJWFZQ6,,,,N82E16820985139,,M.2 PCIe 4.0 x4,,,TM8FFQ001T0C129,True,SSD,SSD
da27c1ac-3ef0-468c-98b3-9a7420f348b2,Crucial P310 500GB M.2-2280 SSD PCIe 4.0 x4 NVMe,Crucial,P310,500GB,,da27c1ac-3ef0-468c-98b3-9a7420f348b2.json,,500,M.2-2280,,,,,N82E16820156411,,M.2 PCIe 4.0 x4,,,CT500P310SSD8,True,SSD,SSD
da29fbf9-1c6b-42d8-a8d9-46f1857ab211,Addlink S91 2TB SSD M.2-2230 PCIe 4.0 X4 NVME,Addlink,S91,2000GB,,da29fbf9-1c6b-42d8-a8d9-46f1857ab211.json,,2000,M.2-2230,B0C27HY1QM,,,,,,M.2 PCIe 4.0 x4,,,ad2TBS91M2P,True,SSD,SSD
da2ce9b2-e8d3-435c-b03f-e428ee9a1c2a,Crucial M4 32GB SSD mSATA,Crucial,M4,32GB,,da2ce9b2-e8d3-435c-b03f-e428ee9a1c2a.json,,32,mSATA,B0082PVK8Q,,,,,,mSATA,,,CT032M4SSD3,False,SSD,SSD
da31ade1-047b-48ae-bd40-8c4f57b3bf86,PNY XLR8 CS3030 1TB SSD M.2-2280 PCIe 3.0 x4 NVMe,PNY,XLR8,1000GB,,da31ade1-047b-48ae-bd40-8c4f57b3bf86.json,,1000,M.2-2280,B07MW9NJSH,,,,,602450265,M.2 PCIe 3.0 x4,,,M280CS3030-1TB-RB,True,SSD,SSD
da32e58d-4018-45bf-92e9-d0cf929e86ec,"Western Digital Caviar 3TB HDD 3.5"" SATA",Western Digital,Caviar,3000GB,,da32e58d-4018-45bf-92e9-d0cf929e86ec.json,,3000,"3.5""",B004YNQKRG,,,,,,SATA 3.0 Gb/s,,,WDBAAY0030HNC-NRSN,False,HDD,HDD
da547e05-3218-456e-adb5-1973c0e355d5,"Seagate BarraCuda 6TB HDD 3.5"" SATA",Seagate,BarraCuda,6000GB,,da547e05-3218-456e-adb5-1973c0e355d5.json,,6000,"3.5""",B07H28SY39,,,,N82E16822183794,900560049,SATA 6.0 Gb/s,,,ST6000DM003,False,HDD,HDD
da6c028e-3d17-452b-a31f-09fd15f0554a,Western Digital Black SN750 500GB M.2-2280 SSD PCIe 3.0 X4 NVMe,Western Digital,Black,500GB,,da6c028e-3d17-452b-a31f-09fd15f0554a.json,,500,M.2-2280,B07MH2P5ZD,6338994,,,9SIBF2EJ9C1357,798856323,M.2 PCIe 3.0 x4,,,WDS500G3X0C | WDS500G3X0C-00SJG0,True,SSD,SSD
da8876e9-b9c2-48ea-a051-2cd6dbca6367,"Toshiba X300 6TB 3.5"" HDD 7200RPM SATA 6.0 Gb/s Internal",Toshiba,X300,6000GB,,da8876e9-b9c2-48ea-a051-2cd6dbca6367.json,,6000,"3.5""",,,,,,,SATA 6.0 Gb/s,,,HDWE160XZSTA,False,HDD,HDD
da976ecc-a0d5-4aa1-b2b8-4894ee6c0248,PNY XLR8 1TB M.2 SSD PCIe 4.0 NVMe (w/Heatsink),PNY,XLR8,1000GB,,da976ecc-a0d5-4aa1-b2b8-4894ee6c0248.json,,1000,M.2-2280,B08VS7YRN9,,,,,896447616,M.2 PCIe 4.0 x4,,,M280CS3140HS-1TB-RB,True,SSD,SSD
da9c3eb6-0183-4b30-a6fa-ee658d70312e,"Kingston SSDNow E100 200GB SSD 2.5"" SATA",Kingston,SSDNow,200GB,,da9c3eb6-0183-4b30-a6fa-ee658d70312e.json,,200,"2.5""",,,,,,,SATA 6.0 Gb/s,,,SE100S37 | 200G,False,SSD,SSD
dac41602-8596-4c1f-b6c0-abe106f7966e,"Western Digital Caviar Black 1TB HDD 3.5"" 7200RPM SATA 6.0 Gb/s",Western Digital,Caviar,1000GB,,dac41602-8596-4c1f-b6c0-abe106f7966e.json,,1000,"3.5""",,,,,,,SATA 6.0 Gb/s,,,WD1002FAEX,False,HDD,HDD
dac8a381-b100-4c25-a866-17e578fbd343,Verbatim Vi5000 1TB SSD M.2 PCIe 4.0 NVMe,Verbatim,Vi5000,1000GB,,dac8a381-b100-4c25-a866-17e578fbd343.json,,1000,M.2-2280,,,,,0D9-002W-000E1,,M.2 PCIe 4.0 x4,,,31826,True,SSD,SSD
dae47167-e6f6-43c4-ab62-565bd2630a9b,"Western Digital VelociRaptor 300GB HDD 3.5"" 10000RPM SATA Internal",Western Digital,VelociRaptor,300GB,,dae47167-e6f6-43c4-ab62-565bd2630a9b.json,,300,"3.5""",B001AQWLTQ,,,,,,SATA 3.0 Gb/s,,,WD3000GLFS,False,HDD,HDD
db0fefec-3174-4f3c-83e2-d9a80d899b18,"Toshiba MQ01ABD-V 1TB 2.5"" HDD 5400RPM SATA 6.0 Gb/s Internal",Toshiba,MQ01ABD-V,1000GB,,db0fefec-3174-4f3c-83e2-d9a80d899b18.json,,1000,"2.5""",B07NGTZWWZ,,,,,,SATA 6.0 Gb/s,,,MQ01ABD100V,False,HDD,HDD
db124465-458c-43ed-ad10-d10e8c5e0a87,"Toshiba P300 2TB 3.5"" HDD 7200RPM SATA 6.0 Gb/s Internal",Toshiba,P300,2000GB,,db124465-458c-43ed-ad10-d10e8c5e0a87.json,,2000,"3.5""",,,,,,,SATA 6.0 Gb/s,,,HDWD120UZSVA,False,HDD,HDD
db15b125-15c2-45a9-9757-836b93cf46ac,"Toshiba MK5061GSYN 500GB HDD 7200RPM 2.5"" SATA 3.0 Gb/s Internal",Toshiba,MK5061GSYN,500GB,,db15b125-15c2-45a9-9757-836b93cf46ac.json,,500,"2.5""",B004UGWH8S,,,,,,SATA 3.0 Gb/s,,,MK5061GSYN,False,HDD,HDD
db38921a-fda3-4a6d-b2aa-fdffa12e0945,WD - BLACK SN750 1TB Internal Gaming SSD PCIe Gen 3 x4 NVMe,WD,SN750,,2019,db38921a-fda3-4a6d-b2aa-fdffa12e0945.json,,1000,M.2-2280,B07MQ468S8,,,,9SIBTK0K9J9477,327310958,M.2 PCIe 3.0 x4,,,WDS100T3XHC | WDS100T3XHC-00SJG0 | WDBRPG0010BNC-WRSN,True,SSD,SSD
db3ad2bf-72d1-4977-871e-9f2c3235a9c7,Mushkin ALPHA 8TB M.2-2280 SSD PCIe 3.0 X4 NVMe,Mushkin,ALPHA,8000GB,,db3ad2bf-72d1-4977-871e-9f2c3235a9c7.json,,8000,M.2-2280,B08MT9V5WT,,,,,,M.2 PCIe 3.0 x4,,,MKNSSDAL8TB-D8,True,SSD,SSD
db3deedc-8868-4314-87e2-98931a5d8818,Inland QN322 500GB SSD M.2-2280 PCIe 3.0 X4 NVME,Inland,QN322,500GB,,db3deedc-8868-4314-87e2-98931a5d8818.json,,500,M.2-2280,B0B96SP5RZ,,,,,,M.2 PCIe 3.0 x4,,,500GB QN322 NVM | QN322 | 500GB QN322,True,SSD,SSD
db41c200-b396-485b-b277-5bcacb5c0e17,"Hitachi Travelstar Z5K500 500GB 2.5"" HDD 5400RPM SATA 3.0 Gb/s",Hitachi,Travelstar,500GB,,db41c200-b396-485b-b277-5bcacb5c0e17.json,,500,"2.5""",,,,,,,SATA 3.0 Gb/s,,,0J11285,False,HDD,HDD
db42f7ca-2bf4-4c05-a41f-61fa41b96a11,Samsung XP941 256GB SSD M.2-2280 PCIe 3.0 X4 NVMe,Samsung,XP941,256GB,,db42f7ca-2bf4-4c05-a41f-61fa41b96a11.json,,256,M.2-2280,,,,,,,M.2 PCIe 3.0 x4,,,MZHPU256HCGL-00000,True,SSD,SSD
db507491-10cb-4ceb-b8d7-d351610f91cd,Netac NV2000 256 GB SSD M.2-2280 PCIe 3.0 X4 NVMe,Netac,NV2000,256GB,,db507491-10cb-4ceb-b8d7-d351610f91cd.json,,256,M.2-2280,,,,,,,M.2 PCIe 3.0 x4,,,NT01NV2000-256-E4X,True,SSD,SSD
db552e0a-2e29-49a4-986c-96e77a36fcdd,Samsung SM961 256GB SSD M.2-2280 PCIe 3.0 x4 NVMe,Samsung,SM961,256GB,,db552e0a-2e29-49a4-986c-96e77a36fcdd.json,,256,M.2-2280,,,,,,,M.2 PCIe 3.0 x4,,,MZVPW256HEGL-00000,True,SSD,SSD
db5c18c8-bd35-4b10-8817-6f95e1a0782e,Inland Gaming Performance Plus 8TB SSD M.2-2280 PCIe 4.0 X4 NVMe,Inland,Gaming,8000GB,,db5c18c8-bd35-4b10-8817-6f95e1a0782e.json,,8000,M.2-2280,B0BG25JP68,,,,,,M.2 PCIe 4.0 x4,,,8TB PER SSD PS5 | 618996750429 | 7e32a157-8978-444e-ab6e-0292559aad3f,True,SSD,SSD
db64589b-0a59-43dc-a620-51df74dd3fcb,"Intel DC S3610 800GB SSD 2.5"" SATA 6.0 Gb/s",Intel,DC,800GB,,db64589b-0a59-43dc-a620-51df74dd3fcb.json,,800,"2.5""",B00TIKZXQO,,,,,43756724,SATA 6.0 Gb/s,,,SSDSC2BX800G401 | 735858293792,False,SSD,SSD
db659fdd-c3fd-4659-b3a4-a0e8672057f9,"Western Digital SE 2TB HDD 3.5"" 7200RPM SATA 6.0 Gb/s Internal",Western Digital,SE,2000GB,,db659fdd-c3fd-4659-b3a4-a0e8672057f9.json,,2000,"3.5""",B00CYSYZTS,,,,,26819945,SATA 6.0 Gb/s,,,WD2000F9YZ,False,HDD,HDD
db697869-f2af-4336-996c-4923664e3bbf,Hitachi 0TS1351 1.92 TB SSD PCIe PCIe x8 NVMe,Hitachi,0TS1351,1000GB,,db697869-f2af-4336-996c-4923664e3bbf.json,,1000,PCIe,,,,,,,M.2 PCIe 3.0 x8,,,0TS1351,True,SSD,SSD
db6a2bd4-1fd0-413a-88b3-d152f7c0705a,"TEAMGROUP Dark L3 120GB SSD 2.5"" SATA 6.0 Gb/s",TEAMGROUP,Dark,120GB,,db6a2bd4-1fd0-413a-88b3-d152f7c0705a.json,,120,"2.5""",,,,,,,SATA 6.0 Gb/s,,,T253L3120GMC101,False,SSD,SSD
db6e1ad2-50f3-4ada-864e-a5d848e5b8d7,"Western Digital WDBSLA0020HNC-NRSN 2TB Internal HDD 3.5"" 7200RPM SATA 6.0 Gb/s",Western Digital,WDBSLA0020HNC-NRSN,2000GB,,db6e1ad2-50f3-4ada-864e-a5d848e5b8d7.json,,2000,"3.5""",B00D9J94AG,,,,,,SATA 6.0 Gb/s,,,WDBSLA0020HNC-NRSN,False,HDD,HDD
dba5e70b-a7f5-4b68-9d7a-4bdf256de04b,"Western Digital Red Plus 1TB HDD 3.5"" SATA",Western Digital,Red,1000GB,,dba5e70b-a7f5-4b68-9d7a-4bdf256de04b.json,,1000,"3.5""",,,,,,,SATA 6.0 Gb/s,,,WD10EFRX,False,HDD,HDD
dbad4e85-1366-47df-849f-3743eac6d106,"Toshiba MQ01ABD050V 500GB HDD 2.5"" 5400RPM SATA 6.0 Gb/s Internal",Toshiba,MQ01ABD050V,500GB,,dbad4e85-1366-47df-849f-3743eac6d106.json,,500,"2.5""",B07TPRTQXL,,,,,,SATA 6.0 Gb/s,,,MQ01ABD050V,False,HDD,HDD
dbb1342d-6b14-4786-820e-fb3ed14a4413,"Seagate Barracuda Compute 1 TB SSD 2.5"" SATA 6.0 Gb/s",Seagate,Barracuda,1000GB,,dbb1342d-6b14-4786-820e-fb3ed14a4413.json,,1000,"2.5""",,,,,,,SATA 6.0 Gb/s,,,STGS1000401,False,SSD,SSD
dbbe8a98-da78-4a49-8c6b-1d4337726125,Orico e7400 4TB SSD M.2-2280 PCIe 4.0 X4 NVMe,Orico,e7400,4000GB,,dbbe8a98-da78-4a49-8c6b-1d4337726125.json,,4000,M.2-2280,,,,,,,M.2 PCIe 4.0 x4,,,e7400-4TB,True,SSD,SSD
dbebd765-b8b9-4d52-995d-b96d6f9196f0,Kingston KC600 1.024 TB SSD mSATA mSATA,Kingston,KC600,1000GB,,dbebd765-b8b9-4d52-995d-b96d6f9196f0.json,,1000,mSATA,B08ZNRTDD8,,,,0D9-001B-004P1,257141663,mSATA,,,SKC600MS | 1024G | SKC600MS/1024G,False,SSD,SSD
dc138ae3-a546-4ea4-9280-8d9bbcd65468,Toshiba XG5 1TB M.2-2280 SSD PCIe 3.0 X4 NVMe,Toshiba,XG5,1000GB,,dc138ae3-a546-4ea4-9280-8d9bbcd65468.json,,1000,M.2-2280,,,,,,,M.2 PCIe 3.0 x4,,,KXG50ZNV1T02,True,SSD,SSD
dc1a2fce-910d-47eb-9c81-0ae598884031,"Lexar NS100 512GB SSD 2.5"" SATA 6.0 Gb/s",Lexar,NS100,512GB,,dc1a2fce-910d-47eb-9c81-0ae598884031.json,,512,"2.5""",B07TQSYBPH,,,,N82E16820191948,381276925,SATA 6.0 Gb/s,,,LNS100-512RB | LNS100-512AMZN,False,SSD,SSD
dc2ba579-6cb6-4a77-bb5c-893e35d207a0,Orico J-10 2TB M.2-2280 SSD PCIe 3.0 X4 NVMe,Orico,J-10,2000GB,,dc2ba579-6cb6-4a77-bb5c-893e35d207a0.json,,2000,M.2-2280,B0CG1RP338,,,,,,M.2 PCIe 3.0 x4,,,J10-2TB | ORICO-J10 series,True,SSD,SSD
dc2bad1f-982f-4ac0-a73b-b145e6a64cf9,"Hitachi Deskstar 1TB HDD 5400RPM 3.5"" SATA",Hitachi,Deskstar,1000GB,,dc2bad1f-982f-4ac0-a73b-b145e6a64cf9.json,,1000,"3.5""",,,,,,,SATA 3.0 Gb/s,,,HDS5C1010CLA382,False,HDD,HDD
dc5fa05f-3630-47d0-9cb1-5bad487f874c,"SanDisk Ultra II 480GB SSD 2.5"" SATA",SanDisk,Ultra,480GB,,dc5fa05f-3630-47d0-9cb1-5bad487f874c.json,,480,"2.5""",B00M8ABFX6,,,,,39796667,SATA 6.0 Gb/s,,,SDSSDHII-480G-G25,False,SSD,SSD
dc629d67-69d4-49b8-81b5-4d85c56f450d,Western Digital SN530 512GB M.2-2230 SSD PCIe 3.0 X4 NVMe,Western Digital,SN530,512GB,,dc629d67-69d4-49b8-81b5-4d85c56f450d.json,,512,M.2-2230,B09WYP5LXB,,,,,,M.2 PCIe 3.0 x4,,,SDBPTPZ-512G,True,SSD,SSD
dc663737-db8d-48e2-98a7-c4127116aef0,"Seagate Constellation ES 1TB 3.5"" 7200RPM HDD SATA",Seagate,Constellation,1000GB,,dc663737-db8d-48e2-98a7-c4127116aef0.json,,1000,"3.5""",B00519B0UO,,,,,30380187,SATA 6.0 Gb/s,,,ST1000NM0011 | ST1000NM0011 Constellation ES,False,HDD,HDD
dc745833-b1f6-4fba-9e37-1a82446cb2b9,Kingston A1000 960GB M.2-2280 SSD PCIe 3.0 x4 NVMe,Kingston,A1000,960GB,,dc745833-b1f6-4fba-9e37-1a82446cb2b9.json,,960,M.2-2280,,,,,,,M.2 PCIe 3.0 x4,,,SA1000M8 | 960G,True,SSD,SSD
dc78d5f8-d540-45bf-bc93-c8eed25d8ed9,"Kingston KC600 512GB 2.5"" SSD SATA 6.0 Gb/s",Kingston,KC600,512GB,,dc78d5f8-d540-45bf-bc93-c8eed25d8ed9.json,,512,"2.5""",B07ZDBT15M,,,,0D9-001B-002M1,802599819,SATA 6.0 Gb/s,,,SKC600 | 512G | SKC600/512G,False,SSD,SSD
dce8f985-5bde-428c-9638-306967ab457e,ADATA LEGEND 700 GOLD 2TB SSD M.2-2280 PCIe 3.0 X4 NVMe,ADATA,LEGEND,2000GB,,dce8f985-5bde-428c-9638-306967ab457e.json,,2000,M.2-2280,B0CD65JQYC,,,,,3949399692,M.2 PCIe 3.0 x4,,,SLEG-700G-2TCS-S48,True,SSD,SSD
dcf32817-10d6-42c1-98fa-e50e20f86515,"Patriot Burst 120GB 2.5"" SSD SATA 6.0 Gb/s",Patriot,Burst,120GB,,dcf32817-10d6-42c1-98fa-e50e20f86515.json,,120,"2.5""",,,,,,,SATA 6.0 Gb/s,,,PBU120GS25SSDR,False,SSD,SSD
dcfae233-64c1-4ea3-b81c-eed72fe76a9c,Nextorage NEM-PA 4TB M.2 SSD PCIe 4.0 NVMe,Nextorage,NEM-PA,4000GB,,dcfae233-64c1-4ea3-b81c-eed72fe76a9c.json,,4000,M.2-2280,,,,,,,M.2 PCIe 4.0 x4,,,NEM-PA4TB | N SYM,True,SSD,SSD
dd15c3c6-e8f2-4084-8db8-d70a3817395c,"Western Digital Green 2TB 2.5"" SSD SATA",Western Digital,Green,2000GB,,dd15c3c6-e8f2-4084-8db8-d70a3817395c.json,,2000,"2.5""",B086NKQ389,,,,N82E16820250151,949993382,SATA 6.0 Gb/s,,,WDS200T2G0A,False,SSD,SSD
dd1d5777-5e9a-4d8e-b9f4-f28285bd5c8a,"Western Digital Red Plus 8TB 3.5"" HDD 5640RPM SATA 6.0 Gb/s",Western Digital,Red,8000GB,,dd1d5777-5e9a-4d8e-b9f4-f28285bd5c8a.json,,8000,"3.5""",B09QQX27GM,6523110,,,,836328689,SATA 6.0 Gb/s,,,WD80EFZZ | WD80EFZZ-SPBTXN0,False,HDD,HDD
dd201b26-2ae6-43e3-9d78-f6fa499e43cb,"Western Digital Scorpio Black 80GB HDD 2.5"" SATA",Western Digital,Scorpio,80GB,,dd201b26-2ae6-43e3-9d78-f6fa499e43cb.json,,80,"2.5""",,,,,,,SATA 3.0 Gb/s,,,WD800BEKT,False,HDD,HDD
dd32e7b3-8a1e-407f-b08a-18b7aa73854f,"Seagate IronWolf NAS 4TB HDD 3.5"" 5400RPM SATA",Seagate,IronWolf,4000GB,,dd32e7b3-8a1e-407f-b08a-18b7aa73854f.json,,4000,"3.5""",B09T74CSCW,,,,N82E16822185030,,SATA 6.0 Gb/s,,,ST4000VN006,False,HDD,HDD
dd4b5507-e098-4e11-b9b3-315234f02af8,"Kingston SSDNow V100 64GB SSD 2.5"" SATA",Kingston,SSDNow,64GB,,dd4b5507-e098-4e11-b9b3-315234f02af8.json,,64,"2.5""",,,,,,,SATA 3.0 Gb/s,,,SV100S2 | 64GZ,False,SSD,SSD
dd54dfac-2b14-4311-81f7-8a43b8d1284c,Crucial P5 Plus W/Heatsink 1TB SSD M.2-2280 PCIe 4.0 X4 NVMe,Crucial,P5,1000GB,,dd54dfac-2b14-4311-81f7-8a43b8d1284c.json,,1000,M.2-2280,,,,,,,M.2 PCIe 4.0 x4,,,CT1000P5PSSD5,True,SSD,SSD
dd66d42d-1585-41a7-83ca-545782c05e7d,Transcend MTE245S 500GB SSD M.2 2280 PCIe 4.0 NVMe,Transcend,MTE245S,500GB,,dd66d42d-1585-41a7-83ca-545782c05e7d.json,,500,M.2-2280,B092W9QTG6,,,,,2434378213,M.2 PCIe 4.0 x4,,,TS500GMTE245S,True,SSD,SSD
dd6ba3c1-3e13-402e-a26b-21ee59d1cdd2,"Transcend TS128GSSD370S 128 GB SSD 2.5"" SATA 6.0 Gb/s",Transcend,TS128GSSD370S,128GB,,dd6ba3c1-3e13-402e-a26b-21ee59d1cdd2.json,,128,"2.5""",B00VX82P2E,,,,,46584946,SATA 6.0 Gb/s,,,TS128GSSD370S,False,SSD,SSD
dd86c140-63ba-4645-b79c-aef0872183c1,Seagate FireCuda 520N 2TB SSD M.2-2230 PCIe 4.0 x4 NVMe,Seagate,FireCuda,2000GB,,dd86c140-63ba-4645-b79c-aef0872183c1.json,,2000,M.2-2230,B0CGF8V3XG,,,,N82E16820248246,5144605673,M.2 PCIe 4.0 x4,,,ZP2048GV3A002 | ZP2048GV30002,True,SSD,SSD
dd967c8a-7a26-4a7f-addc-05f186a6fd21,Seagate Beskar Ingot Drive Special Edition FireCuda 1TB SSD M.2-2280 PCIe 4.0 X4 NVMe,Seagate,Beskar,1000GB,,dd967c8a-7a26-4a7f-addc-05f186a6fd21.json,,1000,M.2-2280,,,,,,,M.2 PCIe 4.0 x4,,,ZP1000GM30033,True,SSD,SSD
dd9e0618-411b-472c-afb6-744de2972546,"Seagate IronWolf NAS 3.84 TB SSD 2.5"" SATA 6.0 Gb/s",Seagate,IronWolf,3000GB,,dd9e0618-411b-472c-afb6-744de2972546.json,,3000,"2.5""",,,,,,,SATA 6.0 Gb/s,,,ZA3840NM10001,False,SSD,SSD
dda17679-2160-497a-ab0b-e42d325b1f6d,Samsung 960 Pro 512GB M.2-2280 SSD PCIe 3.0 X4 NVMe,Samsung,960,512GB,,dda17679-2160-497a-ab0b-e42d325b1f6d.json,,512,M.2-2280,B01LXS4TYB,,,,,,M.2 PCIe 3.0 x4,,,MZ-V6P512BW | MZ-V6P512,True,SSD,SSD
ddb458e4-135a-4941-ae65-b979d9d440f7,OCZ RevoDrive X2 220GB SSD PCIe NVMe,OCZ,RevoDrive,220GB,,ddb458e4-135a-4941-ae65-b979d9d440f7.json,,220,PCIe,,,,,,,M.2 PCIe 3.0 x4,,,OCZSSDPX-1RVDX0220,True,SSD,SSD
ddb8b82a-191d-4c00-8a7f-fcc2d2667f31,"Toshiba N300 NAS 12 TB HDD 3.5"" 7200RPM SATA",Toshiba,N300,12000GB,,ddb8b82a-191d-4c00-8a7f-fcc2d2667f31.json,512,12000,"3.5""",B0CYQJRJB5,,,,234-0004-002S3,6300261597,SATA 6.0 Gb/s,,,HDWG51CXZSTA | HDWG51CEZSTA,False,HDD,HDD
ddbb160c-5b09-4fde-8519-84224207e44f,"Western Digital Caviar Blue 500 GB HDD 5400 RPM 2.5"" SATA 6.0 Gb/s",Western Digital,Caviar,500GB,,ddbb160c-5b09-4fde-8519-84224207e44f.json,,500,"2.5""",B00C9TECFO,,,,,,SATA 6.0 Gb/s,,,WD5000LPVX,False,HDD,HDD
ddc15a2c-44b5-44ed-a564-1cdc63e430cb,PNY CS3140 2TB SSD M.2-2280 PCIe 4.0 X4 NVMe,PNY,CS3140,2000GB,,ddc15a2c-44b5-44ed-a564-1cdc63e430cb.json,,2000,M.2-2280,B08TKRLY4W,,,,N82E16820177095,615964628,M.2 PCIe 4.0 x4,,,M280CS3140-2TB-RB,True,SSD,SSD
ddc15d40-438b-40c8-a062-49d25205fff4,"Samsung 860 Pro 256GB SSD 2.5"" SATA",Samsung,860,256GB,,ddc15d40-438b-40c8-a062-49d25205fff4.json,,256,"2.5""",B07864XMTK,,,,,346317374,SATA 6.0 Gb/s,,,MZ-76P256BW | MZ-76P256B | EU,False,SSD,SSD
ddc91a53-7b8c-4e04-b02f-dac4f9d9cf67,Kingston KC2500 250GB SSD M.2 PCIe 3.0 NVMe,Kingston,KC2500,250GB,,ddc91a53-7b8c-4e04-b02f-dac4f9d9cf67.json,,250,M.2-2280,,,,,,,M.2 PCIe 3.0 x4,,,SKC2500M8 | 250G,True,SSD,SSD
ddca6880-d65a-4546-92bc-64f0ea788bda,Intel Optane 905P 380GB M.2-22110 SSD PCIe 3.0 x4 NVMe,Intel,Optane,380GB,,ddca6880-d65a-4546-92bc-64f0ea788bda.json,,380,M.2-22110,,,,,,,M.2 PCIe 3.0 x4,,,SSDPEL1D380GAX1,True,SSD,SSD
ddd86d8a-c12a-4942-a093-5d3cbcb42266,"TEAMGROUP GX1 240GB SSD 2.5"" SATA",TEAMGROUP,GX1,240GB,,ddd86d8a-c12a-4942-a093-5d3cbcb42266.json,,240,"2.5""",B07RSVDZK2,,,,,878027064,SATA 6.0 Gb/s,,,T253X1240G0C101,False,SSD,SSD
dde20862-1e0f-4276-84bd-dcd395bc4f8c,Western Digital Black SN770 2TB M.2 SSD PCIe 4.0 NVMe,Western Digital,Black,2000GB,,dde20862-1e0f-4276-84bd-dcd395bc4f8c.json,,2000,M.2-2280,B09QV5KJHV,,,,N82E16820250218,520481500,M.2 PCIe 4.0 x4,,,WDS200T3X0E | WDS200T3X0E-00B3N0,True,SSD,SSD
de03bc56-ce7a-4f72-bc8a-79c55363058a,PNY XLR8 CS3030 2TB M.2-2280 SSD PCIe 3.0 NVMe,PNY,XLR8,2000GB,,de03bc56-ce7a-4f72-bc8a-79c55363058a.json,,2000,M.2-2280,B07QM2HD7B,,,,,338439389,M.2 PCIe 3.0 x4,,,M280CS3030-2TB-RB,True,SSD,SSD
de181ffc-fea6-4815-888c-fa1bf00add33,"Seagate SkyHawk 8TB 3.5"" HDD 5900RPM SATA",Seagate,SkyHawk,8000GB,,de181ffc-fea6-4815-888c-fa1bf00add33.json,,8000,"3.5""",B01LXF9W9C,,,,,656225276,SATA 6.0 Gb/s,,,ST8000VX0022 | ST8000VXB22,False,HDD,HDD
de1e9021-dbd9-470f-a9b6-660a401f6199,"Integral V Series Plus 512GB 2.5"" SSD SATA 6.0 Gb/s",Integral,V,512GB,,de1e9021-dbd9-470f-a9b6-660a401f6199.json,,512,"2.5""",B0C69K6W7W,,,,,,SATA 6.0 Gb/s,,,INSSD512GS625V2P,False,SSD,SSD
de29fdb2-62f8-401d-8494-bc0f6b464272,Western Digital SN520 512GB SSD M.2-2280 PCIe 3.0 X2 NVMe,Western Digital,SN520,512GB,,de29fdb2-62f8-401d-8494-bc0f6b464272.json,,512,M.2-2280,B08429K8DH,,,,,,M.2 PCIe 3.0 x2,,,SDAPMUW-512G,True,SSD,SSD
de539334-cca7-4b04-8758-04e33f96e4fa,"Seagate IronWolf NAS 3TB HDD 3.5"" 5900RPM SATA",Seagate,IronWolf,3000GB,,de539334-cca7-4b04-8758-04e33f96e4fa.json,,3000,"3.5""",,,,,,,SATA 6.0 Gb/s,,,ST3000VN007,False,HDD,HDD
de5e5338-d09e-403d-93f4-e63a70ab9ea2,"Seagate Enterprise Capacity 8TB HDD 7200RPM 3.5"" SATA 6.0 Gb/s",Seagate,Enterprise,8000GB,,de5e5338-d09e-403d-93f4-e63a70ab9ea2.json,,8000,"3.5""",,,,,,,SATA 6.0 Gb/s,,,ST8000NM0016,False,HDD,HDD
de6db952-d8d3-44f0-820a-30e75669c8b4,"Patriot Burst Elite 120GB SSD 2.5"" SATA",Patriot,Burst,120GB,,de6db952-d8d3-44f0-820a-30e75669c8b4.json,,120,"2.5""",B094XQY9YQ,,,,9SIA8UCK6A6436,374971828,SATA 6.0 Gb/s,,,PBE120GS25SSDR,False,SSD,SSD
de7e9aa8-1f94-47f2-8e36-fd5f9930db80,"Western Digital WD Red Pro 24 TB HDD 7200RPM 3.5"" SATA 6.0 Gb/s",Western Digital,WD,24000GB,,de7e9aa8-1f94-47f2-8e36-fd5f9930db80.json,512,24000,"3.5""",B0DZY2TN8T,,,,N82E16822234581,15480967692,SATA 6.0 Gb/s,,,WD241KFGX | WD241KFGX-SPCNGN0,False,HDD,HDD
de8ea285-2789-4780-a807-5e5c659ca7fa,WD_BLACK 3.5-Inch Gaming Hard Drive - 2TB,Western Digital,WD_BLACK,2TB,2022,de8ea285-2789-4780-a807-5e5c659ca7fa.json,,2000,"3.5""",B00FJRS628,,,,,,SATA 6.0 Gb/s,,,WDBA3A0040BBK-WESN | WD2003FZEX-SPSRLA0 | WD2003FZEX,False,HDD,HDD
de9072ad-fc70-47bc-8c33-446468154cce,"Crucial MX100 128GB SSD 2.5"" SATA 6.0 Gb/s",Crucial,MX100,128GB,,de9072ad-fc70-47bc-8c33-446468154cce.json,,128,"2.5""",,,,,,,SATA 6.0 Gb/s,,,CT128MX100SSD1,False,SSD,SSD
de9112c0-2ef7-4b20-90e6-fe1e914fbf12,"Crucial M500 960GB SSD 2.5"" SATA",Crucial,M500,960GB,,de9112c0-2ef7-4b20-90e6-fe1e914fbf12.json,,960,"2.5""",,,,,,,SATA 6.0 Gb/s,,,CT960M500SSD1,False,SSD,SSD
deb102de-7e4f-48d8-a12b-d67358687f19,"Samsung 840 500GB SSD 2.5"" SATA 6.0 Gb/s",Samsung,840,500GB,,deb102de-7e4f-48d8-a12b-d67358687f19.json,,500,"2.5""",,,,,,,SATA 6.0 Gb/s,,,MZ-7TD500KW,False,SSD,SSD
dec074a4-cdd3-49de-a860-a8cb38df3a39,Patriot P400 Lite 2TB M.2-2280 SSD PCIe 4.0 NVMe,Patriot,P400,2000GB,,dec074a4-cdd3-49de-a860-a8cb38df3a39.json,,2000,M.2-2280,B0BTDRJZBX,,,,0D9-003W-000M1,12879550021,M.2 PCIe 4.0 x4,,,P400LP2KGM28H,True,SSD,SSD
df04c79f-e567-4630-9c5b-0ecc7bca952d,"Seagate BarraCuda 1TB HDD 7200RPM 3.5"" SATA 6.0 Gb/s Internal",Seagate,BarraCuda,1000GB,,df04c79f-e567-4630-9c5b-0ecc7bca952d.json,,1000,"3.5""",B004IZN3YI,,,,,107395634,SATA 6.0 Gb/s,,,ST31000524AS,False,HDD,HDD
df277a17-4c37-4515-863a-4e410bcaad30,"Intenso High Performance 120GB SSD 2.5"" SATA 6.0 Gb/s",Intenso,High,120GB,,df277a17-4c37-4515-863a-4e410bcaad30.json,,120,"2.5""",B01D3ACJPW,,,,,,SATA 6.0 Gb/s,,,3813430 | 3813430.0,False,SSD,SSD
df496f95-398d-430a-b7fe-5a76d2ccf3c6,"Apacer AS350 PANTHER 256GB SSD 2.5"" SATA",Apacer,AS350,256GB,,df496f95-398d-430a-b7fe-5a76d2ccf3c6.json,,256,"2.5""",,,,,,,SATA 6.0 Gb/s,,,AP256GAS350-1,False,SSD,SSD
df58f867-a3a9-4d0a-aed0-47d544943ba7,"Seagate IronWolf NAS 3.84 TB SSD 2.5"" SATA 6.0 Gb/s",Seagate,IronWolf,3000GB,,df58f867-a3a9-4d0a-aed0-47d544943ba7.json,,3000,"2.5""",,,,,,,SATA 6.0 Gb/s,,,ZA3840NM10011,False,SSD,SSD
df70d799-4379-4e01-900e-4232a35b68cf,"Seagate ST4000LM016 4TB HDD 2.5"" 5400RPM SATA Internal",Seagate,ST4000LM016,4000GB,,df70d799-4379-4e01-900e-4232a35b68cf.json,,4000,"2.5""",B01C4VZO7G,,,,,129476333,SATA 6.0 Gb/s,,,ST4000LM016,False,HDD,HDD
dfbdf565-aec3-4b10-83e3-edd6c7ba258e,"Western Digital Blue 2TB SSD 2.5"" SATA 6.0 Gb/s",Western Digital,Blue,2000GB,,dfbdf565-aec3-4b10-83e3-edd6c7ba258e.json,,2000,"2.5""",B073SBRHH6,,,,9SIAD6H6MW3614,792166240,SATA 6.0 Gb/s,,,WDS200T2B0A,False,SSD,SSD
dfcbd5b1-f92b-4bdf-b1d7-94fbb34d5a0f,Biwin Black Opal X570 Pro 1TB SSD M.2-2280 PCIe 5.0 x4 NVMe,Biwin,Black,1000GB,,dfcbd5b1-f92b-4bdf-b1d7-94fbb34d5a0f.json,1024,1000,M.2-2280,,,,,,,M.2 PCIe 5.0 x4,,,X570PRO-1TB,True,SSD,SSD
dfd4fc25-712d-49da-a974-220ff62e2512,"Seagate Exos X24 16TB 3.5"" HDD 7200RPM SATA 6.0 Gb/s",Seagate,Exos,16000GB,,dfd4fc25-712d-49da-a974-220ff62e2512.json,,16000,"3.5""",B0CN5LNQSC,,,,1WK-0048-00149,5307913251,SATA 6.0 Gb/s,,,ST16000NM002H,False,HDD,HDD
dfd6caf2-8ebf-452a-ac29-7311e2f3044c,"Toshiba N300 Pro 12TB 3.5"" HDD 7200RPM SATA 6.0 Gb/s",Toshiba,N300,12000GB,,dfd6caf2-8ebf-452a-ac29-7311e2f3044c.json,,12000,"3.5""",B09TQ6RSW3,,,,N82E16822149806,1424840852,SATA 6.0 Gb/s,,,HDWG51CXZSTB,False,HDD,HDD
dfdb9b77-7aaa-4915-8d4b-4ac3e43d91f0,"Intel 313 24GB SSD 2.5"" SATA",Intel,313,24GB,,dfdb9b77-7aaa-4915-8d4b-4ac3e43d91f0.json,,24,"2.5""",,,,,,,SATA 3.0 Gb/s,,,SSDSA2VP024G301,False,SSD,SSD
dfdbdce6-48d9-44fa-af45-e9e244ad2b98,"Transcend Transcend SLC 16GB SSD 2.5"" SATA",Transcend,Transcend,16GB,,dfdbdce6-48d9-44fa-af45-e9e244ad2b98.json,,16,"2.5""",,,,,,,SATA 1.5 Gb/s,,,TS16GSSD25S-S,False,SSD,SSD
dfdc05c0-3481-433e-8d21-0e3d1f1a94b3,"Intel DC S3610 200GB SSD 2.5"" SATA 6.0 Gb/s",Intel,DC,200GB,,dfdc05c0-3481-433e-8d21-0e3d1f1a94b3.json,,200,"2.5""",,,,,,,SATA 6.0 Gb/s,,,SSDSC2BX200G401,False,SSD,SSD
dfe815b0-37fe-422a-9759-a7106017a5f4,"Seagate BarraCuda Pro 8TB HDD 3.5"" 7200RPM SATA",Seagate,BarraCuda,8000GB,,dfe815b0-37fe-422a-9759-a7106017a5f4.json,,8000,"3.5""",,,,,,,SATA 6.0 Gb/s,,,ST8000DM005,False,HDD,HDD
dfeff557-8860-414e-a795-a863b111bdac,GOODRAM PX700 4TB SSD M.2 PCIe 4.0 NVMe,GOODRAM,PX700,4000GB,,dfeff557-8860-414e-a795-a863b111bdac.json,,4000,M.2-2280,B0CT9392VN,,,,,,M.2 PCIe 4.0 x4,,,SSDPR-PX700-04T-80 | S0239092,True,SSD,SSD
e01d1d21-34df-4f2d-9ead-07c51784fdf3,Lexar NM790 4TB SSD M.2-2280 PCIe 4.0 x4 NVMe,Lexar,NM790,4000GB,,e01d1d21-34df-4f2d-9ead-07c51784fdf3.json,,4000,M.2-2280,B0C91RNCDV,6679925,,,0D9-003V-000B5,5254296116,M.2 PCIe 4.0 x4,,,LNM790X004T-RNNNG | LNM790X004T-RNNNU,True,SSD,SSD
e01dc6e8-babd-4a0c-9f08-59e2eae869f4,Verbatim Vi3000 256GB SSD M.2 PCIe 3.0 NVMe,Verbatim,Vi3000,256GB,,e01dc6e8-babd-4a0c-9f08-59e2eae869f4.json,,256,M.2-2280,,,,,,,M.2 PCIe 3.0 x4,,,70871 | 49373,True,SSD,SSD
e01e849c-e25d-44bd-91bb-0044683898e6,Corsair MP700 PRO w/Heatsink 4TB SSD M.2 NVMe PCIe 5.0,Corsair,MP700,4000GB,,e01e849c-e25d-44bd-91bb-0044683898e6.json,,4000,M.2-2280,B0CWHBMLX9,,,,,,M.2 PCIe 5.0 x4,,,CSSD-F4000GBMP700PRO,True,SSD,SSD
e06b2010-37f9-46ec-bf1c-ce4ed37876ee,Sabrent Rocket 4.0 1TB M.2 SSD PCIe 4.0 NVMe,Sabrent,Rocket,1000GB,,e06b2010-37f9-46ec-bf1c-ce4ed37876ee.json,,1000,M.2-2280,,,,,,,M.2 PCIe 4.0 x4,,,SB-ROCKET-NVMe4-1TB,True,SSD,SSD
e071106b-f466-46b2-91ad-328e16cdc8b1,"Western Digital RE3 500 GB HDD 3.5"" 7200RPM SATA 3.0 Gb/s",Western Digital,RE3,500GB,,e071106b-f466-46b2-91ad-328e16cdc8b1.json,,500,"3.5""",B001EMZPD0,,,,,,SATA 3.0 Gb/s,,,WD5002ABYS,False,HDD,HDD
e081eca9-9eed-4066-a657-a3fbf6b6edc9,"Western Digital Green 1TB SSD 2.5"" SATA",Western Digital,Green,1000GB,,e081eca9-9eed-4066-a657-a3fbf6b6edc9.json,,1000,"2.5""",B07NNRTTCM,,,,,664134477,SATA 6.0 Gb/s,,,WDS100T2G0A,False,SSD,SSD
e09985be-5901-481c-9892-eafe6102004d,Klevv CRAS C925 1TB SSD M.2-2280 PCIe 4.0 x4 NVMe,Klevv,CRAS,1000GB,,e09985be-5901-481c-9892-eafe6102004d.json,,1000,M.2-2280,B0D8PN4SK9,,,,,,M.2 PCIe 4.0 x4,,,K01TBM2SP0-C9T | C925,True,SSD,SSD
e09c6fee-52b4-4192-91a5-ff62a245d732,"Intel D3-S4510 1.92TB SSD 2.5"" SATA",Intel,D3-S4510,1000GB,,e09c6fee-52b4-4192-91a5-ff62a245d732.json,,1000,"2.5""",B07GJV5KF6,,,,,475112925,SATA 6.0 Gb/s,,,SSDSC2KB019T801,False,SSD,SSD
e0ae2f88-de85-415f-b461-43f3c5e050f5,"Western Digital Caviar Blue 160GB 3.5"" HDD 7200RPM SATA 3.0 Gb/s",Western Digital,Caviar,160GB,,e0ae2f88-de85-415f-b461-43f3c5e050f5.json,,160,"3.5""",,,,,,,SATA 3.0 Gb/s,,,WD1600AAJS,False,HDD,HDD
e0b1c8ff-9257-4b9b-85a1-516423b281d1,Intel 545s 512GB SSD M.2-2280 SATA,Intel,545s,512GB,,e0b1c8ff-9257-4b9b-85a1-516423b281d1.json,,512,M.2-2280,B076ZG5GQP,,,,,,M.2 SATA,,,SSDSCKKW512G8X1,False,SSD,SSD
e0cbd741-4caf-4a26-a204-d4eb219026d6,MSI SPATIUM M371 2TB SSD M.2-2280 PCIe 3.0 x4 NVMe,MSI,SPATIUM,2000GB,,e0cbd741-4caf-4a26-a204-d4eb219026d6.json,,2000,M.2-2280,B0BRQSXFZJ,,,,9SIAD6HJT13978,3705071713,M.2 PCIe 3.0 x4,,,SPATIUM-M371-2TB | SM371N2TB,True,SSD,SSD
e0d4790f-942e-4400-a56b-191411ad49f5,Seagate FireCuda 530 w/Heatsink 1TB SSD M.2-2280 PCIe 4.0 x4 NVMe,Seagate,FireCuda,1000GB,,e0d4790f-942e-4400-a56b-191411ad49f5.json,,1000,M.2-2280,B0977LW48F,6474702,,,9SIA12KJZ66639,313069429,M.2 PCIe 4.0 x4,,,ZP1000GM3A023 | ZP1000GM30023,True,SSD,SSD
e0f824bd-483d-49e4-9671-f654321ac8f8,"Intel 510 250GB SSD 2.5"" SATA",Intel,510,250GB,,e0f824bd-483d-49e4-9671-f654321ac8f8.json,,250,"2.5""",,,,,,,SATA 6.0 Gb/s,,,SSDSC2MH250A2K5,False,SSD,SSD
e0f9362b-023c-4e79-9d0a-169fb8fc9667,Crucial P5 1TB SSD M.2-2280 PCIe 3.0 X4 NVME,Crucial,P5,1000GB,,e0f9362b-023c-4e79-9d0a-169fb8fc9667.json,,1000,M.2-2280,,,,,,,M.2 PCIe 3.0 x4,,,CT1000P5SSD8,True,SSD,SSD
e0fa5293-91e6-4e9d-b9a4-413d9886f3d1,"Lenovo S4520 3.84 TB SSD 2.5"" SATA",Lenovo,S4520,3000GB,,e0fa5293-91e6-4e9d-b9a4-413d9886f3d1.json,,3000,"2.5""",,,,,,,SATA 6.0 Gb/s,,,4XB7A17104,False,SSD,SSD
e1318f4d-39d8-4a43-9f3b-fc6980ac1d33,OWC Aura Pro IV 4TB M.2-2242 SSD PCIe 4.0 x4 NVMe,OWC,Aura,4000GB,,e1318f4d-39d8-4a43-9f3b-fc6980ac1d33.json,,4000,M.2-2242,,,,,,,M.2 PCIe 4.0 x4,,,SP4P4T2PT04,True,SSD,SSD
e14a4289-a391-41c1-b04a-d6bcc4f5a8e4,Integral INSSD256GM242 256GB SSD M.2-2242 SATA,Integral,INSSD256GM242,256GB,,e14a4289-a391-41c1-b04a-d6bcc4f5a8e4.json,,256,M.2-2242,B0B2KNW8PC,,,,,,M.2 SATA,,,INSSD256GM242,False,SSD,SSD
e15ef516-8ec1-450f-8570-6ea624b31c94,ADATA XPG GAMMIX S50 Lite 1TB SSD M.2-2280 PCIe 4.0 X4 NVMe,ADATA,XPG,1000GB,,e15ef516-8ec1-450f-8570-6ea624b31c94.json,,1000,M.2-2280,B08HVZWGPP,,,,,,M.2 PCIe 4.0 x4,,,AGAMMIXS50L-1T-C | S50 Lite,True,SSD,SSD
e16266a9-5c3e-4af7-ac06-ea56bca43817,GOODRAM PX700 2.048 TB SSD M.2-2280 PCIe 4.0 X4 NVMe,GOODRAM,PX700,2000GB,,e16266a9-5c3e-4af7-ac06-ea56bca43817.json,,2000,M.2-2280,B0CQZ2RK41,,,,,,M.2 PCIe 4.0 x4,,,SSDPR-PX700-02T-80,True,SSD,SSD
e16edbdb-ab62-4ecd-a2a7-450648198972,"Western Digital RE 5TB 3.5"" HDD 7200RPM SATA",Western Digital,RE,5000GB,,e16edbdb-ab62-4ecd-a2a7-450648198972.json,,5000,"3.5""",B00UMVCF28,,,,,47673118,SATA 6.0 Gb/s,,,WD5001F9YZ,False,HDD,HDD
e1a01541-34e2-4be3-b591-861b7bfa44b3,Biostar M500 256 GB M.2-2280 SSD PCIe 3.0 X2 NVMe,Biostar,M500,256GB,,e1a01541-34e2-4be3-b591-861b7bfa44b3.json,,256,M.2-2280,,,,,,,M.2 PCIe 3.0 x2,,,M500-256GB,True,SSD,SSD
e1a6c29f-0400-4302-89ee-dc1913e624e8,"Toshiba S300 4TB HDD 3.5"" SATA",Toshiba,S300,4000GB,,e1a6c29f-0400-4302-89ee-dc1913e624e8.json,,4000,"3.5""",B07NTC8G12,,,,,532515234,SATA 6.0 Gb/s,,,HDWT140UZSVAR,False,HDD,HDD
e1aa852b-b753-4811-a41d-1c9a204f41c1,"Kingston SSDNow KC300 240GB SSD 2.5"" SATA",Kingston,SSDNow,240GB,,e1aa852b-b753-4811-a41d-1c9a204f41c1.json,,240,"2.5""",B00CLB4ALG,,,,,,SATA 6.0 Gb/s,,,SKC300S37A | 240G | SKC300S37A/240G,False,SSD,SSD
e1aabad7-de26-4fff-85e1-f1fc52e74839,"Toshiba S300 Pro 10TB HDD 3.5"" SATA",Toshiba,S300,10000GB,,e1aabad7-de26-4fff-85e1-f1fc52e74839.json,,10000,"3.5""",,,,,,,SATA 6.0 Gb/s,,,HDWT31AUZSVA,False,HDD,HDD
e1c8a18e-f1f5-4661-973f-1fdf39ecbd2d,"Transcend SSD230S 4TB SSD 2.5"" SATA 6.0 Gb/s",Transcend,SSD230S,4000GB,,e1c8a18e-f1f5-4661-973f-1fdf39ecbd2d.json,,4000,"2.5""",,,,,,,SATA 6.0 Gb/s,,,TS4TSSD230S,False,SSD,SSD
e1d1a14f-a0f7-4ee6-887d-1bc79f4c507d,"Seagate Barracuda Compute 6TB HDD 3.5"" 5400RPM SATA",Seagate,Barracuda,6000GB,,e1d1a14f-a0f7-4ee6-887d-1bc79f4c507d.json,,6000,"3.5""",B07H28SY39,,,,9SIB7VEJ3X6229,900560049,SATA 6.0 Gb/s,,,ST6000DMZ03,False,HDD,HDD
e1d5874f-5207-4945-ac2a-0319f40e5d9d,KingSpec XG7000 512GB SSD M.2-2280 PCIe 4.0 X4 NVMe,KingSpec,XG7000,512GB,,e1d5874f-5207-4945-ac2a-0319f40e5d9d.json,,512,M.2-2280,,,,,0D9-000D-00173,,M.2 PCIe 4.0 x4,,,XG 7000-512GB,True,SSD,SSD
e1dd4ee2-be93-4a2c-9483-3a1427e4a9f3,TEAMGROUP MP44Q 1TB SSD M.2 PCIe 4.0 NVMe,TEAMGROUP,MP44Q,1000GB,,e1dd4ee2-be93-4a2c-9483-3a1427e4a9f3.json,,1000,M.2-2280,B0CZN1RT44,,,,N82E16820985174,2791817939,M.2 PCIe 4.0 x4,,,TM8FFD001T0C101,True,SSD,SSD
e1e86404-6692-4e06-980b-33b04e54702a,"Seagate BarraCuda 500GB HDD 3.5"" 7200RPM SATA Internal",Seagate,BarraCuda,500GB,,e1e86404-6692-4e06-980b-33b04e54702a.json,,500,"3.5""",B000EY5F5C,,,,,6372763,SATA 3.0 Gb/s,,,ST3500641AS-RK,False,HDD,HDD
e2004f41-93eb-48f7-9f02-658dde0a64d6,SanDisk Extreme 500GB M.2-2280 SSD PCIe 4.0 x4 NVMe,SanDisk,Extreme,500GB,,e2004f41-93eb-48f7-9f02-658dde0a64d6.json,,500,M.2-2280,B0CN22TFTG,,,,,5218663055,M.2 PCIe 4.0 x4,,,SDSSDX3N-500G-G26,True,SSD,SSD
e2020406-ef5f-469c-89c4-2bb80e6d3ace,TEAMGROUP T-Create Classic DL 1TB SSD M.2-2280 PCIe 4.0 x4 NVMe,TEAMGROUP,T-Create,1000GB,,e2020406-ef5f-469c-89c4-2bb80e6d3ace.json,,1000,M.2-2280,B0BPCGPYWJ,,,,N82E16820985160,5525679388,M.2 PCIe 4.0 x4,,,TM8FPM001T0C329,True,SSD,SSD
e226656d-74f6-43f6-addb-af20f5bc36ff,Seagate FireCuda 520 Rev 2.0 1TB SSD M.2-2280 PCIe 4.0 X4 NVMe,Seagate,FireCuda,1000GB,,e226656d-74f6-43f6-addb-af20f5bc36ff.json,,1000,M.2-2280,,,,,,,M.2 PCIe 4.0 x4,,,ZP1000GV3A012,True,SSD,SSD
e2332a8b-caba-4758-a4c4-91b2a22ea6f3,"Kingston HyperX FURY RGB 240GB 2.5"" SSD SATA 6.0 Gb/s",Kingston,HyperX,240GB,,e2332a8b-caba-4758-a4c4-91b2a22ea6f3.json,,240,"2.5""",,,,,,,SATA 6.0 Gb/s,,,SHFR200 | 240G,False,SSD,SSD
e24ae214-24e4-4ac8-891b-a3cfc4647237,Gigabyte M30 1TB M.2-2280 SSD PCIe 3.0 x4 NVMe,Gigabyte,M30,1000GB,,e24ae214-24e4-4ac8-891b-a3cfc4647237.json,,1000,M.2-2280,,,,,,,M.2 PCIe 3.0 x4,,,GP-GM301TB-G,True,SSD,SSD
e25810eb-8546-44fd-a6e9-7f8cddee43b2,Western Digital WD Green SN3000 2TB M.2 SSD PCIe 4.0 NVMe,Western Digital,WD,2000GB,,e25810eb-8546-44fd-a6e9-7f8cddee43b2.json,,2000,M.2-2280,,,,,,,M.2 PCIe 4.0 x4,,,WDS200T4G0E-00CPS0 | WDS200T4G0E,True,SSD,SSD
e2597098-7090-47fd-bfcd-08032a9f4200,"Seagate BarraCuda Q1 960GB SSD 2.5"" SATA",Seagate,BarraCuda,960GB,,e2597098-7090-47fd-bfcd-08032a9f4200.json,,960,"2.5""",,,,,,,SATA 6.0 Gb/s,,,ZA960CV1A001,False,SSD,SSD
e2664ca4-f656-4fe7-a2c9-34609b33243a,"Mushkin SOURCE 2 1TB 2.5"" SSD SATA 6.0 Gb/s",Mushkin,SOURCE,1000GB,,e2664ca4-f656-4fe7-a2c9-34609b33243a.json,,1000,"2.5""",,,,,,,SATA 6.0 Gb/s,,,MKNSSDS21TB,False,SSD,SSD
e26890ae-8d51-4d95-a08a-de076b809f88,"Samsung 840 Evo 500GB SSD 2.5"" SATA",Samsung,840,500GB,,e26890ae-8d51-4d95-a08a-de076b809f88.json,,500,"2.5""",,,,,,,SATA 6.0 Gb/s,,,MZ-7TE500LW,False,SSD,SSD
e27a4f2a-e795-4fd8-b872-e37a40e71ee8,Timetec 35TTFP6PCIE 2TB SSD M.2-2280 PCIe 3.0 X4 NVMe,Timetec,35TTFP6PCIE,2000GB,,e27a4f2a-e795-4fd8-b872-e37a40e71ee8.json,,2000,M.2-2280,,,,,,,M.2 PCIe 3.0 x4,,,35TTFP6PCIE-2TB,True,SSD,SSD
e2829c3a-587a-4ecb-b71d-9b2f8bc42643,"Dell 342-3520 1TB HDD 2.5"" SAS 3.0 Gb/s",Dell,342-3520,1000GB,,e2829c3a-587a-4ecb-b71d-9b2f8bc42643.json,,1000,"2.5""",B00OV8QG96,,,,,44702498,SAS 3.0 Gb/s,,,342-3520,False,HDD,HDD
e2a4acd9-94b4-4eb5-b4bd-b391a61bfa02,"SK Hynix Gold S31 250GB SSD 2.5"" SATA 6.0 Gb/s",SK Hynix,Gold,250GB,,e2a4acd9-94b4-4eb5-b4bd-b391a61bfa02.json,,250,"2.5""",,,,,,,SATA 6.0 Gb/s,,,SHGS31-250GS-2,False,SSD,SSD
e2a99cff-ad3e-4136-815a-69bca4e05758,Patriot Viper VPN110 512GB SSD M.2-2280 PCIe 3.0 x4 NVMe,Patriot,Viper,512GB,,e2a99cff-ad3e-4136-815a-69bca4e05758.json,,512,M.2-2280,,,,,,,M.2 PCIe 3.0 x4,,,VPN110-512GM28H,True,SSD,SSD
e2c8231e-777b-46b2-915d-190274c943ca,"ADATA Ultimate SU650 480 GB SSD 2.5"" SATA 6.0 Gb/s",ADATA,Ultimate,480GB,,e2c8231e-777b-46b2-915d-190274c943ca.json,,480,"2.5""",,,,,,,SATA 6.0 Gb/s,,,ASU650SS-480GT-C,False,SSD,SSD
e2f0a12b-c36a-4681-8641-864123db96d1,"Intel X25-M 80GB SSD 2.5"" SATA",Intel,X25-M,80GB,,e2f0a12b-c36a-4681-8641-864123db96d1.json,,80,"2.5""",B0042MM3LG,,,,,,SATA 3.0 Gb/s,,,SSDSA2MH080G2K5,False,SSD,SSD
e2f46a0e-4828-4445-89ae-2cfff10d1ec0,TEAMGROUP Cardea Zero Z440 Graphene 2TB M.2-2280 SSD PCIe 4.0 x4 NVMe,TEAMGROUP,Cardea,2000GB,,e2f46a0e-4828-4445-89ae-2cfff10d1ec0.json,,2000,M.2-2280,,,,,,,M.2 PCIe 4.0 x4,,,TM8FP7002T0C311,True,SSD,SSD
e2fa6eee-00a0-43f1-8d97-188e7b4439c0,Seagate FireCuda 530 w/Heatsink 2TB SSD M.2-2280 PCIe 4.0 NVMe,Seagate,FireCuda,2000GB,,e2fa6eee-00a0-43f1-8d97-188e7b4439c0.json,,2000,M.2-2280,B0977K2C74,6474699,,,9SIA12KK627245,768275433,M.2 PCIe 4.0 x4,,,ZP2000GM3A023 | ZP2000GM30023,True,SSD,SSD
e309ec78-eb61-4458-9fb8-7b6b3cc93997,"Seagate IronWolf NAS 2TB 3.5"" HDD 5400 RPM SATA 6.0 Gb/s",Seagate,IronWolf,2000GB,,e309ec78-eb61-4458-9fb8-7b6b3cc93997.json,,2000,"3.5""",B0BNGNB5HB,,,,N82E16822185094,2564217443,SATA 6.0 Gb/s,,,ST2000VN003,False,HDD,HDD
e30d9f6d-481b-41c6-bfaa-945ce8b55712,Lexar NQ710 2TB SSD M.2 PCIe 4.0 NVMe,Lexar,NQ710,2000GB,,e30d9f6d-481b-41c6-bfaa-945ce8b55712.json,,2000,M.2-2280,,,,,,,M.2 PCIe 4.0 x4,,,LNQ710X002T-RNNNU | LNQ710X002T-RNNNG,True,SSD,SSD
e3112397-25f3-4a1d-8553-118f19877633,"Toshiba X300 16TB HDD 3.5"" SATA",Toshiba,X300,16000GB,,e3112397-25f3-4a1d-8553-118f19877633.json,,16000,"3.5""",B099P8VGMY,,,,,686893411,SATA 6.0 Gb/s,,,HDWR31GXZSTA,False,HDD,HDD
e314f6f3-cc96-4e8d-b683-27351feb6afd,"Toshiba DT02 4TB 3.5"" HDD 5400RPM SATA Internal",Toshiba,DT02,4000GB,,e314f6f3-cc96-4e8d-b683-27351feb6afd.json,,4000,"3.5""",,,,,,,SATA 6.0 Gb/s,,,DT02ABA400,False,HDD,HDD
e32319fb-0226-4671-ae6f-6cd3991b98fc,"Western Digital SE 1TB HDD 7200RPM 3.5"" SATA",Western Digital,SE,1000GB,,e32319fb-0226-4671-ae6f-6cd3991b98fc.json,,1000,"3.5""",B00J4USXF6,,,,,,SATA 6.0 Gb/s,,,WD1002F9YZ,False,HDD,HDD
e3790bc5-d709-4e24-9baa-9f5e085651b5,"Western Digital Scorpio Blue 1TB 2.5"" HDD 5200RPM SATA",Western Digital,Scorpio,1000GB,,e3790bc5-d709-4e24-9baa-9f5e085651b5.json,8,1000,"2.5""",,,,,,,SATA 3.0 Gb/s,,,WD10TPVT,False,HDD,HDD
e3805de8-b6da-4b69-a76f-c2f631f2df1f,"Seagate Constellation ES.2 3TB Internal HDD 7200RPM 3.5"" SAS 6.0 Gb/s",Seagate,Constellation,3000GB,,e3805de8-b6da-4b69-a76f-c2f631f2df1f.json,,3000,"3.5""",B005WSXR3M,,,,,26819544,SAS 6.0 Gb/s,,,ST33000650SS,False,HDD,HDD
e381f01c-4f4c-4fe4-8be3-22405786bfd9,PNY XLR8 CS3030 4TB M.2-2280 SSD PCIe 3.0 X4 NVMe,PNY,XLR8,4000GB,,e381f01c-4f4c-4fe4-8be3-22405786bfd9.json,,4000,M.2-2280,B09237RYSN,,,,,894286501,M.2 PCIe 3.0 x4,,,M280CS3030-4TB-RB | CS3030,True,SSD,SSD
e38daed1-b7c0-4bd0-ac2f-1e973d1f3741,Samsung 970 Evo 250GB M.2-2280 SSD PCIe 3.0 NVMe,Samsung,970,250GB,,e38daed1-b7c0-4bd0-ac2f-1e973d1f3741.json,,250,M.2-2280,B07BN5FJZQ,,,,,,M.2 PCIe 3.0 x4,,,MZ-V7E250BW,True,SSD,SSD
e3dd081f-cc50-4514-80f4-f519d714028e,"Seagate IronWolf Pro 10TB 3.5"" HDD 7200RPM SATA",Seagate,IronWolf,10000GB,,e3dd081f-cc50-4514-80f4-f519d714028e.json,256,10000,"3.5""",B07J34J785,,,,,354902890,SATA 6.0 Gb/s,,,ST10000NE000 | ST10000NE0008,False,HDD,HDD
e3f49a4a-5066-43f4-b0a2-c9a5043f1b44,"Intenso 3812440 256GB SSD 2.5"" SATA 6.0 Gb/s",Intenso,3812440,256GB,,e3f49a4a-5066-43f4-b0a2-c9a5043f1b44.json,,256,"2.5""",B07CQPFLY1,,,,,,SATA 6.0 Gb/s,,,3812440,False,SSD,SSD
e3f7955c-2250-4b3b-9c5c-0a646c2dc6c8,Kingston KC2000 2TB SSD M.2-2280 PCIe 3.0 x4 NVMe,Kingston,KC2000,2000GB,,e3f7955c-2250-4b3b-9c5c-0a646c2dc6c8.json,,2000,M.2-2280,,,,,,,M.2 PCIe 3.0 x4,,,SKC2000M8 | 2000G,True,SSD,SSD
e3ff6f7d-3791-4472-8480-5f125c649c2b,GOODRAM IRDM PRO SLIM 4TB SSD M.2-2280 PCIe 4.0 X4 NVMe,GOODRAM,IRDM,4000GB,,e3ff6f7d-3791-4472-8480-5f125c649c2b.json,,4000,M.2-2280,B0CGMNB9QM,,,,,,M.2 PCIe 4.0 x4,,,IRP-SSDPR-P44S-4K0-80 | S7794303,True,SSD,SSD
e40c064f-dce1-4ed8-ac15-2cb448e161fe,Acer Predator GM7000 2TB SSD M.2 PCIe 4.0 NVMe,Acer,Predator,2000GB,,e40c064f-dce1-4ed8-ac15-2cb448e161fe.json,,2000,M.2-2280,B09F5W62N8,,,,9SIA2W0K4C1137,,M.2 PCIe 4.0 x4,,,BL.9BWWR.106,True,SSD,SSD
e41f3479-6697-4e25-8650-190fa2d513c2,FanXiang S660 1TB SSD M.2 PCIe 4.0 NVMe,FanXiang,S660,1000GB,,e41f3479-6697-4e25-8650-190fa2d513c2.json,,1000,M.2-2280,B0BNQ1NXC3,,,,,,M.2 PCIe 4.0 x4,,,1TB - SSD - M.2 - S660 | 1tb m.2 ssd - S660 | S660,True,SSD,SSD
e420eadb-13e8-48ce-ab31-0962633c6b03,"Toshiba S300 1TB 3.5"" HDD 5700 RPM SATA 6.0 Gb/s Internal",Toshiba,S300,1000GB,,e420eadb-13e8-48ce-ab31-0962633c6b03.json,,1000,"3.5""",B0939YLL23,,,,,,SATA 6.0 Gb/s,,,HDWV110UZSVA,False,HDD,HDD
e42a249b-584c-42c3-8d41-17264dbfaefd,"Seagate Surveillance 4TB HDD 3.5"" SATA 5900 RPM Internal",Seagate,Surveillance,4000GB,,e42a249b-584c-42c3-8d41-17264dbfaefd.json,,4000,"3.5""",,,,,,,SATA 6.0 Gb/s,,,STBD4000101,False,HDD,HDD
e43457af-dba5-490f-af11-ea2e1dfdf329,"Western Digital Blue SA510 1TB 2.5"" SSD SATA 6.0 Gb/s",Western Digital,Blue,1000GB,,e43457af-dba5-490f-af11-ea2e1dfdf329.json,,1000,"2.5""",B0FVV7CS7J,,,,N82E16820250229,2453927040,SATA 6.0 Gb/s,,,WDS100T3B0A | WDS100T3B0A-00AXR0,False,SSD,SSD
e4383881-4bc7-40ac-87af-574a925e51f5,Netac NV7000-t 1TB SSD M.2-2280 PCIe 4.0 x4 NVMe,Netac,NV7000-t,1000GB,,e4383881-4bc7-40ac-87af-574a925e51f5.json,,1000,M.2-2280,B0C7TMVM6L,,,,,,M.2 PCIe 4.0 x4,,,NT01NV7000t-1T0-E4X | NV7000-t,True,SSD,SSD
e45a9ea4-fd19-476b-ab02-74940240097b,KIOXIA BG4 256GB SSD M.2-2230 PCIe 3.0 x4 NVMe,KIOXIA,BG4,256GB,,e45a9ea4-fd19-476b-ab02-74940240097b.json,,256,M.2-2230,B0B9XGML72,,,,,,M.2 PCIe 3.0 x4,,,KBG40ZNS256G,True,SSD,SSD
e45cc0bf-d10c-4ab0-af57-3d16c207a5f3,"Western Digital Caviar Green 2TB HDD 3.5"" 5400RPM SATA 3.0 Gb/s",Western Digital,Caviar,2000GB,,e45cc0bf-d10c-4ab0-af57-3d16c207a5f3.json,,2000,"3.5""",B002ZCXK0I,,,,,,SATA 3.0 Gb/s,,,WD20EARS,False,HDD,HDD
e46af468-419c-42a9-a574-b234da1dbe9f,Corsair MP600 PRO NH 4TB SSD M.2-2280 PCIe 4.0 x4 NVMe,Corsair,MP600,4000GB,,e46af468-419c-42a9-a574-b234da1dbe9f.json,,4000,M.2-2280,B0BJL1FRRC,,,,N82E16820236920,2346856746,M.2 PCIe 4.0 x4,,,CSSD-F4000GBMP600PNH,True,SSD,SSD
e47d2ca7-cd0c-42a7-ba5e-bac8a7dfbf79,Addlink S70 256GB SSD M.2-2280 PCIe 3.0 X4 NVMe,Addlink,S70,256GB,,e47d2ca7-cd0c-42a7-ba5e-bac8a7dfbf79.json,,256,M.2-2280,,,,,,,M.2 PCIe 3.0 x4,,,ad256GBS70LTM2P,True,SSD,SSD
e488e613-803c-484c-88c3-2ee025d497ce,"Hitachi 7K1000 1TB 3.5"" HDD 7200 RPM Internal SATA 3.0 Gb/s",Hitachi,7K1000,1000GB,,e488e613-803c-484c-88c3-2ee025d497ce.json,,1000,"3.5""",,,,,,,SATA 3.0 Gb/s,,,HDS721075KLA330,False,HDD,HDD
e4b8fbac-aa4f-4640-8012-13e89dc3749e,"Western Digital RE4 500GB HDD 7200RPM 3.5"" SATA",Western Digital,RE4,500GB,,e4b8fbac-aa4f-4640-8012-13e89dc3749e.json,,500,"3.5""",B003SALVN4,,,,,16332723,SATA 3.0 Gb/s,,,WD5003ABYX,False,HDD,HDD
e4dc7839-cca7-4373-b6a4-c9162fd02884,Gigabyte AORUS Gen4 2TB SSD M.2-2280 PCIe 4.0 x4 NVMe,Gigabyte,AORUS,2000GB,,e4dc7839-cca7-4373-b6a4-c9162fd02884.json,,2000,M.2-2280,,,,,,,M.2 PCIe 4.0 x4,,,GP-ASM2NE6200TTTD,True,SSD,SSD
e4eff8bb-6d38-4e2d-80ed-7a1e3acefba6,"KingSpec P3 512GB SSD 2.5"" SATA",KingSpec,P3,512GB,,e4eff8bb-6d38-4e2d-80ed-7a1e3acefba6.json,,512,"2.5""",,,,,,,SATA 6.0 Gb/s,,,P3-512GB,False,SSD,SSD
e5211d9f-e9cb-44ab-8fba-fa12e0435077,"Seagate Enterprise Capacity 10TB HDD 3.5"" 7200RPM SATA",Seagate,Enterprise,10000GB,,e5211d9f-e9cb-44ab-8fba-fa12e0435077.json,,10000,"3.5""",B01LXXV880,,,,9SIAJP2K760222,190994130,SATA 6.0 Gb/s,,,ST10000NM0086,False,HDD,HDD
e52a99dd-23d7-43c8-bb3f-5a994ee3eafd,"Western Digital Blue 4TB HDD 3.5"" 5400RPM SATA 6.0 Gb/s",Western Digital,Blue,4000GB,,e52a99dd-23d7-43c8-bb3f-5a994ee3eafd.json,,4000,"3.5""",B013HNYV8I,5537810,,,9SIAJP2K8B0973,47044540,SATA 6.0 Gb/s,,,WD40EZRZ,False,HDD,HDD
e52bea8c-4aaf-4efb-99d0-c6e1ba9075f5,ADATA LEGEND 860 1TB SSD M.2 PCIe 4.0 NVMe,ADATA,LEGEND,1000GB,,e52bea8c-4aaf-4efb-99d0-c6e1ba9075f5.json,,1000,M.2-2280,B0DLDH93BH,,,,0D9-0017-003H0,19097018823,M.2 PCIe 4.0 x4,,,SLEG-860-1000GCS,True,SSD,SSD
e548e0eb-ce47-49b8-9568-186487b339c6,MSI SPATIUM M470 1TB SSD M.2-2280 PCIe 4.0 X4 NVMe,MSI,SPATIUM,1000GB,,e548e0eb-ce47-49b8-9568-186487b339c6.json,,1000,M.2-2280,B098THHZ1J,,,,,425924694,M.2 PCIe 4.0 x4,,,SM470N1TB | SPATIUM M470 1TB | M470 | S78-440L420-P83,True,SSD,SSD
e55494a3-3fea-4218-b578-d9f633a95ec0,"Seagate Enterprise 8 TB 3.5"" HDD 7200 RPM SATA 6.0 Gb/s Internal",Seagate,Enterprise,8000GB,,e55494a3-3fea-4218-b578-d9f633a95ec0.json,,8000,"3.5""",B014UYHCPM,,,,,48675720,SATA 6.0 Gb/s,,,ST8000NM0045,False,HDD,HDD
e57a6e50-fdad-4d05-a293-019fcbb913d6,ADATA XPG GAMMIX S50 Core 500GB SSD M.2-2280 PCIe 4.0 NVMe,ADATA,XPG,500GB,,e57a6e50-fdad-4d05-a293-019fcbb913d6.json,,500,M.2-2280,,,,,,,M.2 PCIe 4.0 x4,,,SGAMMIXS50C-500G-CS,True,SSD,SSD
e5847c67-41c3-4c59-ac60-34390b51ec4a,"Seagate Constellation ES 2TB 3.5"" HDD 7200RPM SATA Internal",Seagate,Constellation,2000GB,,e5847c67-41c3-4c59-ac60-34390b51ec4a.json,,2000,"3.5""",,,,,,,SATA 3.0 Gb/s,,,ST32000644NS,False,HDD,HDD
e5869d69-7e8e-49fc-9430-d186b9039ef3,Corsair MP600 CORE XT 2TB SSD M.2 PCIe 4.0 NVMe,Corsair,MP600,2000GB,,e5869d69-7e8e-49fc-9430-d186b9039ef3.json,,2000,M.2-2280,B0BZ5J9W22,,,,N82E16820236989,,M.2 PCIe 4.0 x4,,,CSSD-F2000GBMP600CXT,True,SSD,SSD
e58b7c27-e7e8-4066-9b86-c355a39726a1,"Western Digital Green 240GB SSD 2.5"" SATA 6.0 Gb/s",Western Digital,Green,240GB,,e58b7c27-e7e8-4066-9b86-c355a39726a1.json,,240,"2.5""",B09TMZ1MF8,,,,,1175397022,SATA 6.0 Gb/s,,,WDS240G3G0A,False,SSD,SSD
e58e7721-a7f6-4c4e-896d-0ce73ed7340a,"Seagate Exos X22 20TB 3.5"" Internal HDD 7200RPM SATA 6.0 Gb/s",Seagate,Exos,20000GB,,e58e7721-a7f6-4c4e-896d-0ce73ed7340a.json,,20000,"3.5""",,,,,,,SATA 6.0 Gb/s,,,ST20000NM004E,False,HDD,HDD
e58ff80b-02bd-4c3c-accc-eb6c60e9cdbb,Inland Performance Plus 8TB M.2-2280 SSD PCIe 4.0 X4 NVMe,Inland,Performance,8000GB,,e58ff80b-02bd-4c3c-accc-eb6c60e9cdbb.json,,8000,M.2-2280,B0BDZWLBS4,,,,,,M.2 PCIe 4.0 x4,,,8TB PER PLUS W | 618996750405,True,SSD,SSD
e5a22762-0986-4b6f-adf0-ea93ab0f2322,TEAMGROUP MP33 256GB SSD M.2 PCIe 3.0 NVMe,TEAMGROUP,MP33,256GB,,e5a22762-0986-4b6f-adf0-ea93ab0f2322.json,,256,M.2-2280,B07XHMB5GP,,,,N82E16820331415,946011842,M.2 PCIe 3.0 x4,,,TM8FP6256G0C101 | 0765441048096,True,SSD,SSD
e5a5a931-cfbe-424b-9211-b1a37bc3384b,Lexar NM710 2TB M.2-2280 SSD PCIe 4.0 x4 NVMe,Lexar,NM710,2000GB,,e5a5a931-cfbe-424b-9211-b1a37bc3384b.json,,2000,M.2-2280,B0C5S75742,,,,9SIAG98K9E7229,2245169605,M.2 PCIe 4.0 x4,,,LNM710X002T-RNNNG | LNM710X002T-RNNNU,True,SSD,SSD
e5c3bb0c-5ff8-4f31-96e9-0200a6575549,SanDisk EXTREME PRO 500GB M.2-2280 SSD PCIe 3.0 x4 NVMe,SanDisk,EXTREME,500GB,,e5c3bb0c-5ff8-4f31-96e9-0200a6575549.json,,500,M.2-2280,B07BSSFB4N,,,,,636773832,M.2 PCIe 3.0 x4,,,SDSSDXPM2-500G-G25,True,SSD,SSD
e5d63957-3fc8-4ea7-b9bb-947bda42aa54,"XOC Nitro 256GB SSD 2.5"" SATA",XOC,Nitro,256GB,,e5d63957-3fc8-4ea7-b9bb-947bda42aa54.json,,256,"2.5""",,,,,0D9-010T-00006,,SATA 6.0 Gb/s,,,XCNTS256G,False,SSD,SSD
e5d8227d-cac7-41b2-94bf-3624f56c29c2,Corsair MP600 PRO LPX 500GB SSD M.2-2280 PCIe 4.0 NVMe,Corsair,MP600,500GB,,e5d8227d-cac7-41b2-94bf-3624f56c29c2.json,,500,M.2-2280,,,,,,,M.2 PCIe 4.0 x4,,,CSSD-F0500GBMP600PLP,True,SSD,SSD
e5e71342-ae0a-4d4f-9721-f2364a4834fb,"Western Digital Purple 500 GB 3.5"" HDD 5400 RPM SATA 6.0 Gb/s Internal",Western Digital,Purple,500GB,,e5e71342-ae0a-4d4f-9721-f2364a4834fb.json,,500,"3.5""",B0713RHF9H,,,,,535176166,SATA 6.0 Gb/s,,,WD05PURZ,False,HDD,HDD
e5f8cdfa-0f8b-4d20-923c-5ac7456383e6,"Corsair Force 3 480GB SSD 2.5"" SATA",Corsair,Force,480GB,,e5f8cdfa-0f8b-4d20-923c-5ac7456383e6.json,,480,"2.5""",,,,,,,SATA 6.0 Gb/s,,,CSSD-F480GB3-BK,False,SSD,SSD
e60f6297-28eb-4527-8e97-dd2368614d02,Timetec PINNACLE SD1-INDEX 1TB SSD M.2-2280 PCIe 4.0 NVMe,Timetec,PINNACLE,1000GB,,e60f6297-28eb-4527-8e97-dd2368614d02.json,,1000,M.2-2280,,,,,0D9-00ES-00068,,M.2 PCIe 4.0 x4,,,35PNTDGE4NVMEGH-1TB,True,SSD,SSD
e627576c-ae1d-4634-958d-a342f53a5007,Crucial T700 W/Heatsink 2TB M.2-2280 SSD PCIe 5.0 X4 NVMe,Crucial,T700,2000GB,,e627576c-ae1d-4634-958d-a342f53a5007.json,,2000,M.2-2280,B0C3K2WRPV,6544912,,,N82E16820156333,2029514165,M.2 PCIe 5.0 x4,,,CT2000T700SSD5,True,SSD,SSD
e6315650-a1ef-4b09-b653-eddc0cea747e,"Intel 320 120GB SSD 2.5"" SATA",Intel,320,120GB,,e6315650-a1ef-4b09-b653-eddc0cea747e.json,,120,"2.5""",B004T0DNQ0,,,,,,SATA 3.0 Gb/s,,,SSDSA2CW120G3B5,False,SSD,SSD
e6444333-5e9a-43f5-ba43-47c64e64baac,"Seagate ST3000VM002 3TB 3.5"" HDD 5900RPM SATA Internal",Seagate,ST3000VM002,3000GB,,e6444333-5e9a-43f5-ba43-47c64e64baac.json,,3000,"3.5""",,,,,,,SATA 6.0 Gb/s,,,ST3000VM002,False,HDD,HDD
e697ea3f-d39a-4065-86cc-3f227952d6bf,Samsung 9100 PRO 4TB M.2-2280 SSD PCIe 5.0 NVMe,Samsung,9100,4000GB,,e697ea3f-d39a-4065-86cc-3f227952d6bf.json,,4000,M.2-2280,B0DX2GJ1YR,6618927,,,N82E16820147904,15652717509,M.2 PCIe 5.0 x4,,,MZ-VAP4T0B | AM | MZ-VAP4T0BW | MZ-VAP4T0B/AM,True,SSD,SSD
e6b09af2-b7f6-419e-86b0-770af4ed2c47,Leven JM600 2TB SSD M.2 SATA,Leven,JM600,2000GB,,e6b09af2-b7f6-419e-86b0-770af4ed2c47.json,,2000,M.2-2280,B07YBYTV15,,,,,,M.2 SATA,,,JM600M2-22802TB | JM600M2-2280256GB | JM600M2-2280 256GB,False,SSD,SSD
e6d70f4d-496a-4836-b0ba-7f7f4b7d920a,KingSpec XG7000 2TB SSD M.2-2280 PCIe 4.0 X4 NVMe,KingSpec,XG7000,2000GB,,e6d70f4d-496a-4836-b0ba-7f7f4b7d920a.json,,2000,M.2-2280,B0C58FVB9V,,,,0D9-000D-00172,,M.2 PCIe 4.0 x4,,,XG 7000-2TB | XG7000-2TB,True,SSD,SSD
e6fe1e49-bbca-4f0e-bcdb-3d7d6c26bd6d,"MSI SPATIUM S270 240GB SSD 2.5"" SATA",MSI,SPATIUM,240GB,,e6fe1e49-bbca-4f0e-bcdb-3d7d6c26bd6d.json,,240,"2.5""",B0BGQ8FB3G,,,,,2779787724,SATA 6.0 Gb/s,,,SPATIUM-S270-240GB | SPATIUM S270 SATA 2.5 240GB | S78-440N070-P83,False,SSD,SSD
e7030b61-82e7-476e-a738-32f2fedb9f30,Western Digital Red SA500 500 GB SSD M.2-2280 SATA,Western Digital,Red,500GB,,e7030b61-82e7-476e-a738-32f2fedb9f30.json,,500,M.2-2280,B07YFG1N7Q,,,,N82E16820250126,429641591,M.2 SATA,,,WDS500G1R0B,False,SSD,SSD
e71afeb2-3656-4873-83c6-1efb6cf18da8,"SanDisk X110 128GB SSD 2.5"" SATA",SanDisk,X110,128GB,,e71afeb2-3656-4873-83c6-1efb6cf18da8.json,,128,"2.5""",,,,,,,SATA 6.0 Gb/s,,,SD6SB1M-128G-1022i,False,SSD,SSD
e72757d8-964c-4794-bfd5-a57f7d5df742,Mushkin Vortex-LX 512GB SSD M.2 PCIe 4.0 NVMe,Mushkin,Vortex-LX,512GB,,e72757d8-964c-4794-bfd5-a57f7d5df742.json,,512,M.2-2280,B0BTTMTKS5,,,,N82E16820992011,2160878673,M.2 PCIe 4.0 x4,,,MKNSSDVL512GB-D8,True,SSD,SSD
e743c708-f724-43d4-adc2-910ef2834736,"Seagate IronWolf NAS 18TB 3.5"" HDD 7200RPM SATA 6.0 Gb/s Internal",Seagate,IronWolf,18000GB,,e743c708-f724-43d4-adc2-910ef2834736.json,,18000,"3.5""",,,,,,,SATA 6.0 Gb/s,,,ST18000VN000,False,HDD,HDD
e7472f88-5861-4849-85a2-13f361cf61de,"Seagate Momentus Thin 500GB HDD 2.5"" SATA",Seagate,Momentus,500GB,,e7472f88-5861-4849-85a2-13f361cf61de.json,,500,"2.5""",B008BTOBWA,,,,,26965956,SATA 3.0 Gb/s,,,ST500LT012,False,HDD,HDD
e74a90e4-9f14-442d-a950-7940cf0e5676,Western Digital WD Green SN3000 1TB SSD M.2-2280 PCIe 4.0 x4 NVMe,Western Digital,WD,1000GB,,e74a90e4-9f14-442d-a950-7940cf0e5676.json,,1000,M.2-2280,B0DMHKPC6J,,,,1Z4-0002-01PV1,14951813617,M.2 PCIe 4.0 x4,,,WDS100T4G0E-00CPS0 | WDS100T4G0E,True,SSD,SSD
e74f1b82-fa9f-4a5b-8001-359a5d719ab5,"Toshiba MK2576GSX 250GB 2.5"" HDD 5400RPM SATA",Toshiba,MK2576GSX,250GB,,e74f1b82-fa9f-4a5b-8001-359a5d719ab5.json,,250,"2.5""",B004UGSF4I,,,,,,SATA 3.0 Gb/s,,,MK2576GSX,False,HDD,HDD
e753fa03-df61-4924-97f8-16f91c2cd0b8,TEAMGROUP Z440 Lite 500GB SSD M.2-2280 PCIe 4.0 x4 NVMe,TEAMGROUP,Z440,500GB,,e753fa03-df61-4924-97f8-16f91c2cd0b8.json,,500,M.2-2280,B0CSJ8P169,,,,N82E16820985141,5505965298,M.2 PCIe 4.0 x4,,,TM8FFT500G0C129,True,SSD,SSD
e7562cce-289a-4cf0-8a54-574634719629,"OCZ Agility 2 60 GB SSD 2.5"" SATA 3.0 Gb/s",OCZ,Agility,60GB,,e7562cce-289a-4cf0-8a54-574634719629.json,,60,"2.5""",B003MX0VJM,,,,,,SATA 3.0 Gb/s,,,OCZSSD2-2AGTE60G,False,SSD,SSD
e76cf7b3-7fbe-405e-9c13-db6ad388f29b,Transcend 220S 1TB M.2-2280 SSD PCIe 3.0 x4 NVMe,Transcend,220S,1000GB,,e76cf7b3-7fbe-405e-9c13-db6ad388f29b.json,,1000,M.2-2280,B07MTX2F8X,,,,,256153424,M.2 PCIe 3.0 x4,,,TS1TMTE220S,True,SSD,SSD
e7819664-26b0-4095-9b64-9162dbaa6eba,"Western Digital Caviar Blue 320GB HDD 3.5"" SATA",Western Digital,Caviar,320GB,,e7819664-26b0-4095-9b64-9162dbaa6eba.json,,320,"3.5""",,,,,,,SATA 3.0 Gb/s,,,WD3200AAJS,False,HDD,HDD
e78307c5-ba11-42cb-bf76-bcead1b651be,ADATA XPG SX6000 512GB SSD M.2 PCIe 3.0 NVMe,ADATA,XPG,512GB,,e78307c5-ba11-42cb-bf76-bcead1b651be.json,,512,M.2-2280,,,,,,,M.2 PCIe 3.0 x2,,,ASX6000NP-512GT-C,True,SSD,SSD
e794ebab-102a-41dc-a399-03ffc36d71b5,Silicon Power UD70 1TB SSD M.2-2280 PCIe 3.0 X4 NVMe,Silicon Power,UD70,1000GB,,e794ebab-102a-41dc-a399-03ffc36d71b5.json,,1000,M.2-2280,,,,,,,M.2 PCIe 3.0 x4,,,SP01KGBP34UD7005,True,SSD,SSD
e7a74076-1d36-4a07-bad5-c7dcd49b9c33,KingSpec XG7000 PRO 2TB M.2-2280 SSD PCIe 4.0 X4 NVMe,KingSpec,XG7000,2000GB,,e7a74076-1d36-4a07-bad5-c7dcd49b9c33.json,,2000,M.2-2280,,,,,0D9-000D-00157,,M.2 PCIe 4.0 x4,,,XG 7000 PRO-2TB,True,SSD,SSD
e7a951c4-a951-45f4-b038-863640743f1a,TEAMGROUP MP44Q 2TB SSD M.2 PCIe 4.0 NVMe,TEAMGROUP,MP44Q,2000GB,,e7a951c4-a951-45f4-b038-863640743f1a.json,,2000,M.2-2280,B0CZMZQ8MW,,,,N82E16820985175,6103161280,M.2 PCIe 4.0 x4,,,TM8FFD002T0C101,True,SSD,SSD
e7aa7ad6-7d85-4b66-9604-97e0b7f63ce0,Timetec 35TTFP6PCIE 1TB SSD M.2 NVMe,Timetec,35TTFP6PCIE,1000GB,,e7aa7ad6-7d85-4b66-9604-97e0b7f63ce0.json,,1000,M.2-2280,B08GJBTCF6,,,,9SIA56XBED8694,,M.2 PCIe 3.0 x4,,,35TTFP6PCIE-1TB,True,SSD,SSD
e7b3fa0c-ef16-4a54-8e86-2f82f5517de9,Silicon Power A55 128GB SSD M.2-2280 SATA,Silicon Power,A55,128GB,,e7b3fa0c-ef16-4a54-8e86-2f82f5517de9.json,,128,M.2-2280,B079X7K6VP,,,,,,M.2 SATA,,,SU128GBSS3A55M28AB,False,SSD,SSD
e7bd1f03-7b60-464f-9543-97af724881eb,"Seagate Exos X18 18TB 3.5"" HDD 7200RPM SAS 12.0 Gb/s",Seagate,Exos,18000GB,,e7bd1f03-7b60-464f-9543-97af724881eb.json,,18000,"3.5""",B08KJMXRN7,,,,,429052120,SAS 12.0 Gb/s,,,ST18000NM004J,False,HDD,HDD
e7be1939-3b46-4274-96fd-2b6bec74ebb3,MSI SPATIUM M450 1TB SSD M.2-2280 PCIe 4.0 x4 NVMe,MSI,SPATIUM,1000GB,,e7be1939-3b46-4274-96fd-2b6bec74ebb3.json,,1000,M.2-2280,B09TRFF6FG,,,,N82E16820140064,154750440,M.2 PCIe 4.0 x4,,,SM450N1TB | S78-440L690-P83 | SPATIUM M450 PCIe 4.0 NVMe M.2 1TB | SM450N1TBV1,True,SSD,SSD
e7c75c8a-fc43-49de-b61b-2b521cbf7bff,Seagate FireCuda 510 250GB SSD M.2-2280 PCIe 3.0 x4 NVMe,Seagate,FireCuda,250GB,,e7c75c8a-fc43-49de-b61b-2b521cbf7bff.json,,250,M.2-2280,B08R7CF5Q9,,,,,366329282,M.2 PCIe 3.0 x4,,,ZP250GM3A001,True,SSD,SSD
e7d22e2b-1a88-4189-b7c6-aba8c81606ce,Gigabyte GP-GSM2NE3100TNTD 1TB SSD M.2 PCIe 3.0 NVMe,Gigabyte,GP-GSM2NE3100TNTD,1000GB,,e7d22e2b-1a88-4189-b7c6-aba8c81606ce.json,,1000,M.2-2280,,,,,,,M.2 PCIe 3.0 x4,,,GP-GSM2NE3100TNTD,True,SSD,SSD
e7e2a0b2-310a-429f-b1c8-0e916b5e7b4a,"Western Digital WD Blue 1TB 3.5"" HDD 5400RPM SATA 6.0 Gb/s",Western Digital,WD,1000GB,,e7e2a0b2-310a-429f-b1c8-0e916b5e7b4a.json,,1000,"3.5""",,,,,,,SATA 6.0 Gb/s,,,WD10EARZ,False,HDD,HDD
e7ecf9e9-749b-41e6-8d86-f7901d94bb12,Western Digital Blue SN500 250GB SSD M.2 PCIe 3.0 NVMe,Western Digital,Blue,250GB,,e7ecf9e9-749b-41e6-8d86-f7901d94bb12.json,,250,M.2-2280,B07PC59ZDV,,,,,,M.2 PCIe 3.0 x2,,,WDS250G1B0C,True,SSD,SSD
e7f3c9b7-7778-4ec8-9819-f9b873a5a2e2,Corsair MP600 PRO XT 8TB M.2-2280 SSD PCIe 4.0 x4 NVMe,Corsair,MP600,8000GB,,e7f3c9b7-7778-4ec8-9819-f9b873a5a2e2.json,,8000,M.2-2280,B0BFDKPWPR,,,,N82E16820236906,2868392949,M.2 PCIe 4.0 x4,,,CSSD-F8000GBMP600PXT,True,SSD,SSD
e7f4aad0-1659-4530-b825-1100fc8f2617,PNY CS1031 1TB SSD M.2 NVMe PCIe 3.0 X4,PNY,CS1031,1000GB,,e7f4aad0-1659-4530-b825-1100fc8f2617.json,,1000,M.2-2280,,,,,,,M.2 PCIe 3.0 x4,,,M280CS1031-1TB-CL,True,SSD,SSD
e7f6bce0-b2b2-40cb-86ea-4929bbabef60,"Seagate BarraCuda 500 GB 3.5"" 7200 RPM Internal Hard Drive",Seagate,BarraCuda,500GB 7200RPM,2016,e7f6bce0-b2b2-40cb-86ea-4929bbabef60.json,,500,"3.5""",B01IEKG3TY,,,,9SIAAEEAT55239,199105670,SATA 6.0 Gb/s,,,ST500DM009,False,HDD,HDD
e821ba94-dc9b-4daf-8cbf-947504a77fa6,"Seagate FireCuda 120 2TB SSD 2.5"" SATA",Seagate,FireCuda,2000GB,,e821ba94-dc9b-4daf-8cbf-947504a77fa6.json,,2000,"2.5""",B088CTFBW8,,,,,338446453,SATA 6.0 Gb/s,,,ZA2000GM10001 | ZA2000GM1A001,False,SSD,SSD
e8268ffd-2b14-4dde-8eff-14618233dd5d,"Intel 730 240GB SSD 2.5"" SATA 6.0 Gb/s",Intel,730,240GB,,e8268ffd-2b14-4dde-8eff-14618233dd5d.json,,240,"2.5""",B00IGMLRHY,,,,,36321346,SATA 6.0 Gb/s,,,SSDSC2BP240G4R5 | SSDSC2BP240G410,False,SSD,SSD
e83dc2b9-5aa7-44ef-a590-248213970727,"OWC Mercury Electra 6G 120GB SSD 2.5"" SATA 6.0 Gb/s",OWC,Mercury,120GB,,e83dc2b9-5aa7-44ef-a590-248213970727.json,,120,"2.5""",B07F2R5Y81,,,,,,SATA 6.0 Gb/s,,,S3D7E6G120 | OWCS3D7E6G120,False,SSD,SSD
e8581de6-3808-45b0-b4aa-999c0e521081,"Samsung Spinpoint 2TB HDD 2.5"" SATA",Samsung,Spinpoint,2000GB,,e8581de6-3808-45b0-b4aa-999c0e521081.json,,2000,"2.5""",,,,,,,SATA 6.0 Gb/s,,,ST2000LM003,False,HDD,HDD
e8596e8d-f1d9-4528-a5e1-f38e2d455ccb,"Seagate Exos 7E10 512n 2TB HDD 3.5"" SATA",Seagate,Exos,2000GB,,e8596e8d-f1d9-4528-a5e1-f38e2d455ccb.json,,2000,"3.5""",B09FH7WFXC,,,,,925666753,SATA 6.0 Gb/s,,,ST2000NM000B,False,HDD,HDD
e8601753-4e1c-4a55-92aa-5ed6b0c7d1ae,"Western Digital Caviar Blue 500GB HDD 3.5"" SATA",Western Digital,Caviar,500GB,,e8601753-4e1c-4a55-92aa-5ed6b0c7d1ae.json,,500,"3.5""",B00461G3MS,,,,,15907604,SATA 6.0 Gb/s,,,WD5000AAKX,False,HDD,HDD
e8639767-5466-453b-a1cd-fa5a0bcecdb0,"Western Digital RE 1TB 3.5"" HDD 7200RPM SATA 6.0 Gb/s",Western Digital,RE,1000GB,,e8639767-5466-453b-a1cd-fa5a0bcecdb0.json,,1000,"3.5""",B00D38U4GQ,,,,,30868091,SATA 6.0 Gb/s,,,WD1003FBYZ,False,HDD,HDD
e879cee5-dfd6-48cb-868f-ca53c0f87981,Western Digital WD_Black SN850X 4TB M.2 SSD PCIe 4.0 NVMe (w/Heatsink),Western Digital,WD_Black,4000GB,,e879cee5-dfd6-48cb-868f-ca53c0f87981.json,,4000,M.2-2280,B0D9WTKV1B,6593301,,,N82E16820250271,8054314485,M.2 PCIe 4.0 x4,,,WDS400T2XHE | WDS400T2XHE-00BCA0 | WDBB9H0040BNC-WRSN,True,SSD,SSD
e87a7f74-9a7b-4f99-a62c-0cd1a38ed1e2,"Toshiba MK5076GSX 500GB HDD 2.5"" SATA",Toshiba,MK5076GSX,500GB,,e87a7f74-9a7b-4f99-a62c-0cd1a38ed1e2.json,,500,"2.5""",,,,,,,SATA 3.0 Gb/s,,,MK5076GSX,False,HDD,HDD
e88b60b2-ad17-426a-b761-32695d6cfb30,"Western Digital Caviar Blue 500GB HDD 7200RPM 3.5"" SATA",Western Digital,Caviar,500GB,,e88b60b2-ad17-426a-b761-32695d6cfb30.json,,500,"3.5""",,,,,,,SATA 6.0 Gb/s,,,WD5000AALX,False,HDD,HDD
e8b7e94c-468f-44e4-a98e-ba5dc78d5dde,"Samsung 870 Evo 500 GB SSD 2.5"" SATA",Samsung,870,500GB,,e8b7e94c-468f-44e4-a98e-ba5dc78d5dde.json,,500,"2.5""",B08QBMD6P4,6448028,,,N82E16820147792,152814595,SATA 6.0 Gb/s,,,MZ-77E500B | AM | EU | MZ-77E500BW | MZ-77E500B/AM | MZ-77E500B/EU | MZ77E500BAM,False,SSD,SSD
e8bd2e8b-f389-48bc-9a93-7e36befde78a,Leven JPR700 2TB SSD M.2 NVMe PCIe 3.0,Leven,JPR700,2000GB,,e8bd2e8b-f389-48bc-9a93-7e36befde78a.json,,2000,M.2-2280,B08P2L4TZ1,,,,,,M.2 PCIe 3.0 x4,,,JPR700-2TB,True,SSD,SSD
e8bda71a-6de2-48f0-862e-295c6a9a8f12,"Toshiba DT01ACA100 1TB HDD 3.5"" 7200RPM SATA",Toshiba,DT01ACA100,1000GB,,e8bda71a-6de2-48f0-862e-295c6a9a8f12.json,,1000,"3.5""",B00HS7J0PO,,,,,,SATA 6.0 Gb/s,,,DT01ACA100,False,HDD,HDD
e8c40a7f-3c81-4e35-ac1d-eafd34e992eb,Intel 660p 512GB SSD M.2-2280 PCIe 3.0 x4 NVMe,Intel,660p,512GB,,e8c40a7f-3c81-4e35-ac1d-eafd34e992eb.json,,512,M.2-2280,B07HJB3WLB,,,,,178646396,M.2 PCIe 3.0 x4,,,SSDPEKNW512G8X1 | SSD 660P 512GB M.2 80MM Internal PCIE3,True,SSD,SSD
e8cf0b61-a3e8-4183-a983-e59868a3783c,Samsung 860 Evo 2TB SSD M.2 SATA,Samsung,860,2000GB,,e8cf0b61-a3e8-4183-a983-e59868a3783c.json,,2000,M.2-2280,,,,,,,M.2 SATA,,,MZ-N6E2T0BW,False,SSD,SSD
e8e8fbda-3c09-47b0-8c69-6c9c6a1b9c9c,ADATA SU800 2TB 3D-NAND 2.5 Inch,,,,,e8e8fbda-3c09-47b0-8c69-6c9c6a1b9c9c.json,,,,B07GBRG2G8,,,,9SIBK8ZJRA8521,,,,,ASU800SS-2TT-C,,,
e90dbeed-b113-4e14-b265-3072c646c9c1,OCZ RevoDrive 110GB SSD PCIe NVMe,OCZ,RevoDrive,110GB,,e90dbeed-b113-4e14-b265-3072c646c9c1.json,,110,PCIe,,,,,,,M.2 PCIe 3.0 x4,,,OCZSSDPX-1RVD0110,True,SSD,SSD
e90dcfdd-b220-4e0a-a29f-941e03e102a1,"Hitachi Travelstar 7K1000 1TB HDD 7200RPM 2.5"" SATA 6.0 Gb/s",Hitachi,Travelstar,1000GB,,e90dcfdd-b220-4e0a-a29f-941e03e102a1.json,,1000,"2.5""",,,,,,,SATA 6.0 Gb/s,,,0J30573,False,HDD,HDD
e93d79f5-ec6c-4d7f-8700-708976ce8807,Lexar NM760 512GB SSD M.2-2280 PCIe 4.0 X4 NVMe,Lexar,NM760,512GB,,e93d79f5-ec6c-4d7f-8700-708976ce8807.json,,512,M.2-2280,,,,,,,M.2 PCIe 4.0 x4,,,LNM760X512G-RNNNG,True,SSD,SSD
e94a60d2-b685-4d83-bac1-f752e6d82ffd,"Intel DC S3700 800GB SSD 2.5"" SATA",Intel,DC,800GB,,e94a60d2-b685-4d83-bac1-f752e6d82ffd.json,,800,"2.5""",B00APLB6G6,,,,,,SATA 6.0 Gb/s,,,SSDSC2BA800G301,False,SSD,SSD
e9ab5434-4bb2-4a01-9f1e-9a4888d0ab31,"Western Digital Blue 6TB HDD 3.5"" 5400RPM SATA 6.0 Gb/s Internal",Western Digital,Blue,6000GB,,e9ab5434-4bb2-4a01-9f1e-9a4888d0ab31.json,,6000,"3.5""",B07MYKZGVX,,,,1Z4-0002-00MY8,850387319,SATA 6.0 Gb/s,,,WD60EZAZ,False,HDD,HDD
e9c50cfa-1826-4fac-aa60-b6bddbeab426,"Western Digital Blue 500GB SSD 2.5"" SATA",Western Digital,Blue,500GB,,e9c50cfa-1826-4fac-aa60-b6bddbeab426.json,,500,"2.5""",B073SBZ8YH,,,,9SIAP9WG078853,915921961,SATA 6.0 Gb/s,,,WDS500G2B0A,False,SSD,SSD
e9f62b28-581d-4fb0-93fd-078aa2ed9167,ADATA Legend 850 512GB M.2 SSD PCIe 4.0 NVMe,ADATA,Legend,512GB,,e9f62b28-581d-4fb0-93fd-078aa2ed9167.json,,512,M.2-2280,B0B2CY6Q6G,,,,,,M.2 PCIe 4.0 x4,,,ALEG-850-512GCS,True,SSD,SSD
e9f721ca-46bf-45fc-b480-a145910ff336,"Western Digital Caviar Black 1TB HDD 3.5"" 7200RPM SATA",Western Digital,Caviar,1000GB,,e9f721ca-46bf-45fc-b480-a145910ff336.json,,1000,"3.5""",B001C271MA,,,,,172934964,SATA 3.0 Gb/s,,,WD1001FALS,False,HDD,HDD
ea000d7a-d70e-4de8-938b-75e61dda0793,Kingston NV2 4TB SSD M.2 PCIe 4.0 NVMe,Kingston,NV2,4000GB,,ea000d7a-d70e-4de8-938b-75e61dda0793.json,,4000,M.2-2280,B0BZMK1LWS,,,,N82E16820242842,3061684509,M.2 PCIe 4.0 x4,,,SNV2S | 4000G | SNV2S/4000G,True,SSD,SSD
ea1b69b2-777a-4b3b-acef-d7c0544fd190,"Western Digital Red 5TB 3.5"" HDD 5400RPM SATA",Western Digital,Red,5000GB,,ea1b69b2-777a-4b3b-acef-d7c0544fd190.json,,5000,"3.5""",B00LO3KR0U,,,,,,SATA 6.0 Gb/s,,,WD50EFRX,False,HDD,HDD
ea35b723-b744-4d7b-be13-e18c2e2e4252,"SanDisk SSD PLUS 480GB SSD 2.5"" SATA",SanDisk,SSD,480GB,,ea35b723-b744-4d7b-be13-e18c2e2e4252.json,,480,"2.5""",B018X8LB2G,,,,,,SATA 6.0 Gb/s,,,SDSSDA-480G-G25,False,SSD,SSD
ea6f20a8-0493-45b2-b66e-150c63ba6fc9,"Kingston HyperX 240GB SSD 2.5"" SATA 6.0 Gb/s",Kingston,HyperX,240GB,,ea6f20a8-0493-45b2-b66e-150c63ba6fc9.json,,240,"2.5""",,,,,,,SATA 6.0 Gb/s,,,SH100S3 | 240G,False,SSD,SSD
ea743d1e-07e9-470b-9659-1f27341835c1,"Crucial M4 64GB SSD 2.5"" SATA 6.0 Gb/s",Crucial,M4,64GB,,ea743d1e-07e9-470b-9659-1f27341835c1.json,,64,"2.5""",,,,,,,SATA 6.0 Gb/s,,,CT064M4SSD2BAA,False,SSD,SSD
ea824b06-2a7a-4c3a-84f7-4cdc87a90241,Crucial T710 2TB SSD M.2-2280 PCIe 5.0 X4 NVMe,Crucial,T710,2000GB,,ea824b06-2a7a-4c3a-84f7-4cdc87a90241.json,,2000,M.2-2280,B0F9XMYR15,6636632,,,,17011763921,M.2 PCIe 5.0 x4,,,CT2000T710SSD8 | CT2000T710SSD8-01,True,SSD,
ea98ac55-7fe7-4ae2-8109-30acf0592305,"ADATA SU655 480GB SSD 2.5"" SATA",ADATA,SU655,480GB,,ea98ac55-7fe7-4ae2-8109-30acf0592305.json,,480,"2.5""",,,,,,,SATA 6.0 Gb/s,,,ASU655SS-480GT-C,False,SSD,SSD
eaa4a73a-f649-4040-a009-1d7087fcb0f7,"Intenso 3812430 128GB SSD 2.5"" SATA",Intenso,3812430,128GB,,eaa4a73a-f649-4040-a009-1d7087fcb0f7.json,,128,"2.5""",B0093RN0PI,,,,,,SATA 6.0 Gb/s,,,3812430,False,SSD,SSD
eaa6c7a7-c5ad-4c2a-99af-1bb7d5b626aa,OCZ RD400 512GB SSD M.2-2280 PCIe 3.0 x4 NVMe,OCZ,RD400,512GB,,eaa6c7a7-c5ad-4c2a-99af-1bb7d5b626aa.json,,512,M.2-2280,,,,,,,M.2 PCIe 3.0 x4,,,RVD400-M22280-512G,True,SSD,SSD
eaae9400-5103-45c1-bbb8-8f550947a56c,Verbatim Vi7000G 1TB SSD M.2-2280 PCIe 4.0 NVMe,Verbatim,Vi7000G,1000GB,,eaae9400-5103-45c1-bbb8-8f550947a56c.json,,1000,M.2-2280,,,,,0D9-002W-000E0,,M.2 PCIe 4.0 x4,,,49367,True,SSD,SSD
eab434a5-6ade-4853-bbd2-a0cf0ee8ff24,"Western Digital Ultrastar DC HC520 12TB HDD 7200RPM 3.5"" SATA 6.0 Gb/s Internal",Western Digital,Ultrastar,12000GB,,eab434a5-6ade-4853-bbd2-a0cf0ee8ff24.json,,12000,"3.5""",B079RMMPQL,,,,14Y-0291-00001,,SATA 6.0 Gb/s,,,0F30144 | HUH721212ALE600 | huh721212ale601,False,HDD,HDD
eacff4d5-ce3a-46e4-84ba-90a041f1e90e,"Seagate BarraCuda 250GB HDD 7200RPM 3.5"" SATA 6.0 Gb/s Internal",Seagate,BarraCuda,250GB,,eacff4d5-ce3a-46e4-84ba-90a041f1e90e.json,,250,"3.5""",B004IZN492,,,,,812909055,SATA 6.0 Gb/s,,,ST3250312AS,False,HDD,HDD
eb01bce8-18ce-4152-a2a8-bc2e268a19df,Seagate FireCuda 520 2TB SSD M.2 PCIe 4.0 NVMe,Seagate,FireCuda,2000GB,,eb01bce8-18ce-4152-a2a8-bc2e268a19df.json,,2000,M.2-2280,,,,,,,M.2 PCIe 4.0 x4,,,ZP2000GM3A002,True,SSD,SSD
eb386180-82a8-4264-ab85-bb5d3561a588,"Western Digital Ultrastar DC HC330 10TB HDD 7200RPM 3.5"" SATA 6.0 Gb/s",Western Digital,Ultrastar,10000GB,,eb386180-82a8-4264-ab85-bb5d3561a588.json,,10000,"3.5""",B0BLSG8B3B,,,,N82E16822234495,1588376359,SATA 6.0 Gb/s,,,0B42266,False,HDD,HDD
eb416f2a-7548-4da6-b717-903af07a4233,"ADATA SU630 480 GB SSD 2.5"" SATA 6.0 Gb/s",ADATA,SU630,480GB,,eb416f2a-7548-4da6-b717-903af07a4233.json,,480,"2.5""",B07KQXZKBN,,,,,577438560,SATA 6.0 Gb/s,,,ASU630SS-480GQ-R | SU630,False,SSD,SSD
eb4d5d46-7325-4055-8020-9b0a9c709986,"Seagate SkyHawk Surveillance 3TB HDD 3.5"" SATA",Seagate,SkyHawk,3000GB,,eb4d5d46-7325-4055-8020-9b0a9c709986.json,,3000,"3.5""",,,,,,,SATA 6.0 Gb/s,,,ST3000VX014,False,HDD,HDD
eb7b6e40-a20b-4e02-892c-69a701bccadb,"Western Digital WD_BLACK 4TB 3.5"" HDD 7200RPM SATA 6.0 Gb/s Internal",Western Digital,WD_BLACK,4000GB,,eb7b6e40-a20b-4e02-892c-69a701bccadb.json,,4000,"3.5""",B0D1TZ4Z34,,,,N82E16822234560,5725422505,SATA 6.0 Gb/s,,,WD4006FZBX | WD4006FZBX-SPCAJA0,False,HDD,HDD
eb82505c-1ce8-4f8c-9fcf-92bfb835349c,Acer FA200 4TB M.2-2280 SSD PCIe 4.0 x4 NVMe,Acer,FA200,4000GB,,eb82505c-1ce8-4f8c-9fcf-92bfb835349c.json,,4000,M.2-2280,,,,,,,M.2 PCIe 4.0 x4,,,BL.9BWWA.126,True,SSD,SSD
eb94e3bf-4a27-4c16-bf64-e7fc08f34587,Integral M2 250GB SSD M.2-2280 PCIe 3.0 NVMe,Integral,M2,250GB,,eb94e3bf-4a27-4c16-bf64-e7fc08f34587.json,,250,M.2-2280,,,,,,,M.2 PCIe 3.0 x4,,,INSSD250GM280NM2,True,SSD,SSD
eba05028-b977-4cb1-beae-2a9e8387e92b,Addlink S70 512GB SSD M.2-2280 PCIe 3.0 x4 NVMe,Addlink,S70,512GB,,eba05028-b977-4cb1-beae-2a9e8387e92b.json,,512,M.2-2280,B09SH2M3MM,,,,,,M.2 PCIe 3.0 x4,,,ad512GBS70LTM2P,True,SSD,SSD
ebab7ba6-9795-459c-8616-ccd2194e4ddd,"Western Digital Red 1TB HDD 2.5"" 5400RPM SATA",Western Digital,Red,1000GB,,ebab7ba6-9795-459c-8616-ccd2194e4ddd.json,,1000,"2.5""",B00EHBES1U,,,,,32406163,SATA 6.0 Gb/s,,,WD10JFCX,False,HDD,HDD
ebb4360c-c034-4f57-a1c8-4878febf127a,Timetec 35TTM8SSATA 256GB M.2-2280 SSD SATA,Timetec,35TTM8SSATA,256GB,,ebb4360c-c034-4f57-a1c8-4878febf127a.json,,256,M.2-2280,,,,,,,M.2 SATA,,,35TTM8SSATA-256GB,False,SSD,SSD
ebbae4b0-6bab-46df-a89d-540cc93784a6,TEAMGROUP T-FORCE G70 PRO Aluminum 4TB SSD M.2-2280 PCIe 4.0 NVMe,TEAMGROUP,T-FORCE,4000GB,,ebbae4b0-6bab-46df-a89d-540cc93784a6.json,,4000,M.2-2280,B0CWRV8C1X,,,,N82E16820985145,5543262465,M.2 PCIe 4.0 x4,,,TM8FFH004T0C128,True,SSD,SSD
ebf255ce-f3b6-4e5a-8120-8f7b36fb1e8e,Addlink S70 2TB M.2-2280 SSD PCIe 3.0 X4 NVMe,Addlink,S70,2000GB,,ebf255ce-f3b6-4e5a-8120-8f7b36fb1e8e.json,,2000,M.2-2280,B07MNKJLTS,,,,,,M.2 PCIe 3.0 x4,,,ad2TBS70M2P | AD2TBS70M2P,True,SSD,SSD
ebf79909-63df-48f7-971b-6a6704185257,"Toshiba S300 Pro 6 TB HDD 7200RPM 3.5"" SATA 6.0 Gb/s",Toshiba,S300,6000GB,,ebf79909-63df-48f7-971b-6a6704185257.json,,6000,"3.5""",,,,,,,SATA 6.0 Gb/s,,,HDWT360UZSVA | 203035,False,HDD,HDD
ebfc51ab-b47d-495c-821e-db242ab96760,"Samsung 840 250GB SSD 2.5"" SATA",Samsung,840,250GB,,ebfc51ab-b47d-495c-821e-db242ab96760.json,,250,"2.5""",,,,,,,SATA 6.0 Gb/s,,,MZ-7TD250BW,False,SSD,SSD
ec063082-2f2e-46c2-8f34-d2d024b4f08e,Inland Premium 512GB SSD M.2-2280 PCIe 3.0 x4 NVMe,Inland,Premium,512GB,,ec063082-2f2e-46c2-8f34-d2d024b4f08e.json,,512,M.2-2280,,,,,,,M.2 PCIe 3.0 x4,,,512GB NVME PREM,True,SSD,SSD
ec1331ef-86d2-46be-b719-8f05b84149bd,"Seagate ST5000DM000 5TB HDD 5900RPM 3.5"" SATA",Seagate,ST5000DM000,5000GB,,ec1331ef-86d2-46be-b719-8f05b84149bd.json,,5000,"3.5""",,,,,,,SATA 6.0 Gb/s,,,ST5000DM000,False,HDD,HDD
ec230d28-7bdb-49b0-a690-0ed4c372b0a1,Kingston NV3 1TB SSD M.2-2230 PCIe 4.0 x4 NVMe,Kingston,NV3,1000GB,,ec230d28-7bdb-49b0-a690-0ed4c372b0a1.json,,1000,M.2-2230,B0FD2LGBZF,,,,0D9-001B-005C6,17277658653,M.2 PCIe 4.0 x4,,,SNV3SM3 | 1T0 | SNV3SM3/1T0,True,SSD,SSD
ec2e1c2b-a124-4c9f-935e-d826a26937c9,"Patriot P220 2TB SSD 2.5"" SATA 6.0 Gb/s",Patriot,P220,2000GB,,ec2e1c2b-a124-4c9f-935e-d826a26937c9.json,,2000,"2.5""",B0BWRHR75Z,,,,0D9-003W-000M5,15138857515,SATA 6.0 Gb/s,,,P220S2TB25,False,SSD,SSD
ec41d695-700a-4f64-83d1-b161d956b66d,"Seagate Pipeline 1TB HDD 3.5"" SATA",Seagate,Pipeline,1000GB,,ec41d695-700a-4f64-83d1-b161d956b66d.json,,1000,"3.5""",,,,,,,SATA 3.0 Gb/s,,,ST1000VM002,False,HDD,HDD
ec45cc9d-081d-4247-8dbc-2e3d92c0036c,"Leven JS600 1TB SSD 2.5"" SATA 6.0 Gb/s",Leven,JS600,1000GB,,ec45cc9d-081d-4247-8dbc-2e3d92c0036c.json,,1000,"2.5""",,,,,,,SATA 6.0 Gb/s,,,JS600SSD1TB,False,SSD,SSD
ec563e1b-ad5e-4b3f-aa37-a2210f971b99,Sabrent Rocket 4.0 HTSK 2TB SSD M.2 PCIe 4.0 NVMe,Sabrent,Rocket,2000GB,,ec563e1b-ad5e-4b3f-aa37-a2210f971b99.json,,2000,M.2-2280,,,,,,,M.2 PCIe 4.0 x4,,,SB-ROCKET-NVMe4-HTSK-2TB,True,SSD,SSD
ec5a41be-01df-4932-8c03-a2ce9c0b58b8,Fantom Drives VENOM8 PS5 1TB M.2 SSD NVMe PCIe 4.0,Fantom Drives,VENOM8,1000GB,,ec5a41be-01df-4932-8c03-a2ce9c0b58b8.json,,1000,M.2-2280,B0BQD8CR4Z,,,,,,M.2 PCIe 4.0 x4,,,VM8X10-PS5,True,SSD,SSD
ec92350c-8dad-490e-8880-348c8f1702fb,MSI SPATIUM M480 PRO PLAY 2TB SSD M.2-2280 PCIe 4.0 X4 NVMe,MSI,SPATIUM,2000GB,,ec92350c-8dad-490e-8880-348c8f1702fb.json,,2000,M.2-2280,B0CT3YT4JJ,,,,,,M.2 PCIe 4.0 x4,,,SM480PN2TBH | SPATIUM M480 PRO PCIe 4.0 NVMe M.2 2TB PLAY | S78-440Q610-P83,True,SSD,SSD
ec9bcdb7-3df1-4917-83df-0528f2e4c533,"Western Digital AV-GP 2TB HDD 3.5"" SATA",Western Digital,AV-GP,2000GB,,ec9bcdb7-3df1-4917-83df-0528f2e4c533.json,,2000,"3.5""",B0042AG9V8,,,,,33963489,SATA 3.0 Gb/s,,,WD20EURS | WD20EURX,False,HDD,HDD
ecd1c0ff-b34a-4e7c-8445-0910ce0cff67,"Seagate BarraCuda 20TB HDD 3.5"" 7200RPM SATA Internal",Seagate,BarraCuda,20000GB,,ecd1c0ff-b34a-4e7c-8445-0910ce0cff67.json,512,20000,"3.5""",B0F1NK3437,,,,N82E16822185110,15456501544,SATA 6.0 Gb/s,,,ST20000DM001 | ST16000DM001,False,HDD,HDD
ece79a0c-14e0-4abb-86e1-df1695e40b66,ADATA XPG SX8100 512GB M.2-2280 SSD PCIe 3.0 NVMe,ADATA,XPG,512GB,,ece79a0c-14e0-4abb-86e1-df1695e40b66.json,,512,M.2-2280,B07YNGCZCD,,,,,,M.2 PCIe 3.0 x4,,,ASX8100NP-512GT-C,True,SSD,SSD
ecf98fee-bfec-4a64-8bd2-d409138ad039,"Samsung Spinpoint M 160GB HDD 5400RPM 2.5"" SATA 1.5 Gb/s Internal",Samsung,Spinpoint,160GB,,ecf98fee-bfec-4a64-8bd2-d409138ad039.json,,160,"2.5""",,,,,,,SATA 1.5 Gb/s,,,HM160HI,False,HDD,HDD
ecfa3c9c-8218-4f16-aefc-4c3968696984,"Seagate SkyHawk Surveillance +Rescue 4TB 3.5"" HDD 5400RPM SATA Internal",Seagate,SkyHawk,4000GB,,ecfa3c9c-8218-4f16-aefc-4c3968696984.json,,4000,"3.5""",B09YNN2PKG,,,,N82E16822185066,1425183347,SATA 6.0 Gb/s,,,ST4000VX016,False,HDD,HDD
ed12777c-7fb2-4669-96d8-cf51e503e637,Inland TD510 2TB SSD M.2-2280 PCIe 5.0 X4 NVMe,Inland,TD510,2000GB,,ed12777c-7fb2-4669-96d8-cf51e503e637.json,,2000,M.2-2280,B0BZ7WGLM8,,,,,,M.2 PCIe 5.0 x4,,,2TB TD510 NVME | TD510,True,SSD,SSD
ed22c9f1-10b5-4a89-af0c-e9d83d61020f,Kingston Predator 240 GB SSD M.2-2280 PCIe 2.0 X4 NVMe,Kingston,Predator,240GB,,ed22c9f1-10b5-4a89-af0c-e9d83d61020f.json,,240,M.2-2280,,,,,,,M.2 PCIe 2.0 x4,,,SHPM2280P2 | 240G,True,SSD,SSD
ed4ab052-39dc-478b-81bf-2ed90bfdb96b,"PNY CS1311 480GB 2.5"" SSD SATA 6.0 Gb/s",PNY,CS1311,480GB,,ed4ab052-39dc-478b-81bf-2ed90bfdb96b.json,,480,"2.5""",,,,,,,SATA 6.0 Gb/s,,,SSD7CS1311-480-RB,False,SSD,SSD
ed862170-ca61-48ca-b32b-f4dfe1744b50,ADATA XPG MARS 980 PRO 4TB SSD M.2 PCIe 5.0 x4 NVMe,ADATA,XPG,4000GB,,ed862170-ca61-48ca-b32b-f4dfe1744b50.json,,4000,M.2-2280,,,,,,,M.2 PCIe 5.0 x4,,,SMAR-980P-4TCI,True,SSD,SSD
ed89f425-a1b5-495e-90fc-679f33bd937e,Western Digital Blue SA510 250 GB SSD M.2-2280 SATA,Western Digital,Blue,250GB,,ed89f425-a1b5-495e-90fc-679f33bd937e.json,,250,M.2-2280,B0GV9CC3YS,,,,N82E16820250230,1906862179,M.2 SATA,,,WDS250G3B0B,False,SSD,SSD
ed8e117e-a80d-42ca-9071-d4de8cc515bf,Intel Optane P1600X 58GB M.2-2280 SSD PCIe 3.0 x4 NVMe,Intel,Optane,58GB,,ed8e117e-a80d-42ca-9071-d4de8cc515bf.json,,58,M.2-2280,,,,,,,M.2 PCIe 3.0 x4,,,SSDPEK1A058GA01,True,SSD,SSD
eda1b54c-7579-4b69-b1c6-d9745d37d84f,"Toshiba HDD2J92 640GB HDD 5400RPM 2.5"" SATA",Toshiba,HDD2J92,640GB,,eda1b54c-7579-4b69-b1c6-d9745d37d84f.json,,640,"2.5""",,,,,,,SATA 3.0 Gb/s,,,HDD2J92,False,HDD,HDD
edb036f1-ea04-4f02-837d-69f72de53ae6,PNY XLR8 CS3040 500GB M.2 SSD PCIe 4.0 NVMe w/Heatsink,PNY,XLR8,500GB,,edb036f1-ea04-4f02-837d-69f72de53ae6.json,,500,M.2-2280,,,,,,,M.2 PCIe 4.0 x4,,,M280CS3040HS-500-RB,True,SSD,SSD
edb69e34-9335-4720-b412-302b568c7c3b,XPG GAMMIX S10 128GB M.2-2280 SSD PCIe 3.0 x4 NVMe,XPG,GAMMIX,128GB,,edb69e34-9335-4720-b412-302b568c7c3b.json,,128,M.2-2280,,,,,,,M.2 PCIe 3.0 x4,,,ASX7000NPC-128GT-C,True,SSD,SSD
edbc19b1-ef19-44d4-833d-de53350f161a,TEAMGROUP Cardea Z440 TUF Gaming Alliance 1TB SSD M.2-2280 PCIe 4.0 x4 NVMe,TEAMGROUP,Cardea,1000GB,,edbc19b1-ef19-44d4-833d-de53350f161a.json,,1000,M.2-2280,,,,,,,M.2 PCIe 4.0 x4,,,TM8FPC001T0C128,True,SSD,SSD
edcdbebe-fcd8-43eb-90c6-06a565099339,"Hitachi Ultrastar 6TB 3.5"" HDD 7200RPM SATA",Hitachi,Ultrastar,6000GB,,edcdbebe-fcd8-43eb-90c6-06a565099339.json,,6000,"3.5""",B00QHF2NKC,,,,,,SATA 6.0 Gb/s,,,0F23001 | 3980198,False,HDD,HDD
eddd3764-376d-476b-8f40-c106af7ebc29,"XOC Nitro 1TB SSD 2.5"" SATA 6.0 Gb/s",XOC,Nitro,1000GB,,eddd3764-376d-476b-8f40-c106af7ebc29.json,,1000,"2.5""",,,,,0D9-010T-00009,,SATA 6.0 Gb/s,,,XCNTS1TB,False,SSD,SSD
edeffdbb-dd2d-46c7-8cc0-4fb0ea93a91e,AGI AI298 512GB SSD M.2-2280 PCIe 3.0 x4 NVMe,AGI,AI298,512GB,,edeffdbb-dd2d-46c7-8cc0-4fb0ea93a91e.json,,512,M.2-2280,B0CMZDZKDR,,,,,,M.2 PCIe 3.0 x4,,,AGI512GIMAI298,True,SSD,SSD
ee0c3cea-819b-41d1-968b-a759a1bd33ed,"Seagate BarraCuda 120 250 GB SSD 2.5"" SATA 6.0 Gb/s",Seagate,BarraCuda,250GB,,ee0c3cea-819b-41d1-968b-a759a1bd33ed.json,,250,"2.5""",,,,,,,SATA 6.0 Gb/s,,,ZA250CM1A003,False,SSD,SSD
ee2b5884-f847-459a-b04c-1192ff208434,"Hitachi HDN724040ALE640 4TB HDD 3.5"" SATA",Hitachi,HDN724040ALE640,4000GB,,ee2b5884-f847-459a-b04c-1192ff208434.json,,4000,"3.5""",,,,,,,SATA 6.0 Gb/s,,,HDN724040ALE640,False,HDD,HDD
ee37bc92-0b36-402c-b9e0-7aa6f3fc67a3,Intel P3700 1.6 TB SSD PCIe NVME,Intel,P3700,1000GB,,ee37bc92-0b36-402c-b9e0-7aa6f3fc67a3.json,,1000,PCIe,B00L0LFBPC,,,,,43921357,M.2 PCIe 3.0 x4,,,SSDPEDMD016T401 | 735858276450,True,SSD,SSD
ee5aed61-5a7c-4f99-981f-0914d0d6ba72,SanDisk WD Blue SN5100 1TB SSD M.2-2280 PCIe 4.0 x4 NVMe,SanDisk,WD,1000GB,,ee5aed61-5a7c-4f99-981f-0914d0d6ba72.json,,1000,M.2-2280,B0FJ8QFWBQ,6644705,,,N82E16820173682,17738921434,M.2 PCIe 4.0 x4,,,WDS100T5B0E-00CPE0 | WDS100T5B0E,True,SSD,SSD
ee69b71e-bfbf-4492-a11e-945388b8f2e9,Seagate IronWolf NAS 4TB Internal Hard Drive,Seagate,IronWolf,4TB,2022,ee69b71e-bfbf-4492-a11e-945388b8f2e9.json,,4000,"3.5""",B01MRN5ASA,,,,9SIA5ADK9T7712,117964680,SATA 6.0 Gb/s,,,ST4000VN008,False,HDD,HDD
ee9bfc56-8a65-4ce0-9685-5b90131c5d7c,Lexar NM790 with Heatsink 2TB SSD M.2-2280 PCIe 4.0 x4 NVMe,Lexar,NM790,2000GB,,ee9bfc56-8a65-4ce0-9685-5b90131c5d7c.json,,2000,M.2-2280,B0CGKHGMW5,,,,,,M.2 PCIe 4.0 x4,,,LNM790X002T-RN9NU | LNM790X002T-RN9NG,True,SSD,SSD
ee9fe9fe-6921-42b3-858a-d486a1019bcf,"Leven JS600 4TB 2.5"" SSD SATA 6.0 Gb/s",Leven,JS600,4000GB,,ee9fe9fe-6921-42b3-858a-d486a1019bcf.json,,4000,"2.5""",B08DTR8RGR,,,,,,SATA 6.0 Gb/s,,,JS600SSD4TB | JS600-4TB-SSD,False,SSD,SSD
eeb027b5-d527-44df-869b-32b8ea5be7bc,Apacer AS2280P4U 256GB M.2-2280 SSD PCIe 3.0 x4 NVMe,Apacer,AS2280P4U,256GB,,eeb027b5-d527-44df-869b-32b8ea5be7bc.json,,256,M.2-2280,,,,,,,M.2 PCIe 3.0 x4,,,AP256GAS2280P4U-1,True,SSD,SSD
eebdf290-b1af-4432-ab43-e66b6afbe752,Western Digital Black SN770 1TB SSD M.2-2280 PCIe 4.0 X4 NVMe,Western Digital,Black,1000GB,,eebdf290-b1af-4432-ab43-e66b6afbe752.json,,1000,M.2-2280,B09QV692XY,6495881,,,N82E16820250217,623773828,M.2 PCIe 4.0 x4,,,WDS100T3X0E | WDS100T3X0E-00B3N0,True,SSD,SSD
eec1c96f-e0ab-4f7d-ab3d-a9a7f8fb9609,Western Digital Blue SA510 1TB M.2-2280 SSD SATA,Western Digital,Blue,1000GB,,eec1c96f-e0ab-4f7d-ab3d-a9a7f8fb9609.json,,1000,M.2-2280,B09ZRPZ293,6506976,,,N82E16820250232,1941046088,M.2 SATA,,,WDS100T3B0B,False,SSD,SSD
eec54c59-00e0-47c5-8d62-cda59bd8f26e,GOODRAM PX700 1.024 TB SSD M.2-2280 PCIe 4.0 X4 NVMe,GOODRAM,PX700,1000GB,,eec54c59-00e0-47c5-8d62-cda59bd8f26e.json,,1000,M.2-2280,B0CQZ1M3YD,,,,,,M.2 PCIe 4.0 x4,,,SSDPR-PX700-01T-80,True,SSD,SSD
eeca2993-dbf0-446b-b9a6-240cdefb5d41,"Seagate FireCuda 8 TB 3.5"" 7200 RPM Internal",Seagate,FireCuda,8000GB,,eeca2993-dbf0-446b-b9a6-240cdefb5d41.json,,8000,"3.5""",B09SBL7X1W,,,,,2954541026,SATA 6.0 Gb/s,,,ST8000DX001 | ST8000DXA01,False,HDD,HDD
eedbeb92-6745-4800-b045-e698961aeae0,Orico e7400 1TB SSD M.2 PCIe 4.0 NVMe,Orico,e7400,1000GB,,eedbeb92-6745-4800-b045-e698961aeae0.json,,1000,M.2-2280,,,,,,,M.2 PCIe 4.0 x4,,,e7400-1TB,True,SSD,SSD
eeebe7e1-5189-490f-81f3-d574e069acd4,Corsair MP600 500GB SSD M.2-2280 PCIe 4.0 x4 NVMe,Corsair,MP600,500GB,,eeebe7e1-5189-490f-81f3-d574e069acd4.json,,500,M.2-2280,,,,,,,M.2 PCIe 4.0 x4,,,CSSD-F500GBMP600R2,True,SSD,SSD
eef186ca-69fb-456b-b74a-dea706ad0f22,Integral MO-300 256GB mSATA SSD mSATA,Integral,MO-300,256GB,,eef186ca-69fb-456b-b74a-dea706ad0f22.json,,256,mSATA,B0843B1M4Z,,,,,,mSATA,,,INSSD256GMSA | INSSD256GMSA-FBA,False,SSD,SSD
eef659f8-0936-4198-a941-3fd8d3c94618,ADATA Legend 960 1TB SSD M.2-2280 PCIe 4.0 X4 NVMe,ADATA,Legend,1000GB,,eef659f8-0936-4198-a941-3fd8d3c94618.json,,1000,M.2-2280,B0BBZHGZ2W,,,,N82E16820215495,5030984649,M.2 PCIe 4.0 x4,,,ALEG-960-1TCS,True,SSD,SSD
eef84a31-42fc-4d0a-9609-d2d3edca91cc,"Western Digital Red Plus 12TB HDD 7200RPM 3.5"" SATA",Western Digital,Red,12000GB,,eef84a31-42fc-4d0a-9609-d2d3edca91cc.json,,12000,"3.5""",B08V1L1WYD,6523103,,,N82E16822234466,892993049,SATA 6.0 Gb/s,,,WD120EFBX | WD120EFBX-SPB0EN0,False,HDD,HDD
eefcf60b-e126-4627-aa84-63c6ddb2d1cd,Integral Edge Gen5 w/ Heatsink 2TB SSD M.2-2280 PCIe 5.0 X4 NVMe,Integral,Edge,2000GB,,eefcf60b-e126-4627-aa84-63c6ddb2d1cd.json,,2000,M.2-2280,B0CX98QHVS,,,,,,M.2 PCIe 5.0 x4,,,INSSD2TM2280G5EDGEHSX,True,SSD,SSD
ef10b074-5311-4f40-a7e3-aedcda3b575c,"Patriot P220 512GB SSD 2.5"" SATA",Patriot,P220,512GB,,ef10b074-5311-4f40-a7e3-aedcda3b575c.json,,512,"2.5""",B0BS9W92M1,,,,N82E16820225410,,SATA 6.0 Gb/s,,,P220S512G25,False,SSD,SSD
ef1463b5-074f-4660-9803-51210475aa25,"Kingston KC600 512 GB 2.5"" SSD SATA 6.0 Gb/s",Kingston,KC600,512GB,,ef1463b5-074f-4660-9803-51210475aa25.json,,512,"2.5""",B08ZNSQYXS,,,,0D9-001B-004P0,453179773,SATA 6.0 Gb/s,,,SKC600MS512G | SKC600MS/512G,False,SSD,SSD
ef26e4c6-233b-4369-93af-3337050f3e70,"Intel D3-S4510 3.84TB SSD 2.5"" SATA",Intel,D3-S4510,3000GB,,ef26e4c6-233b-4369-93af-3337050f3e70.json,,3000,"2.5""",B07H1RYNS8,,,,,438411632,SATA 6.0 Gb/s,,,SSDSC2KB038T801,False,SSD,SSD
ef453a0e-0e50-4b11-a38c-f0e5ec82f280,"Crucial BX500 1TB SSD 2.5"" SATA",Crucial,BX500,1000GB,,ef453a0e-0e50-4b11-a38c-f0e5ec82f280.json,,1000,"2.5""",B08XNJ42NT,6394313,,,N82E16820156231,905463001,SATA 6.0 Gb/s,,,CT1000BX500SSD1,False,SSD,SSD
ef798e33-6994-45fc-b32a-73033ee5c414,SAMSUNG 980 PRO M.2 2280 500GB PCI-Express SSD,Samsung,980 PRO,N/A,2024,ef798e33-6994-45fc-b32a-73033ee5c414.json,,500,M.2-2280,B08GL575DB,6431940,,,,,M.2 PCIe 4.0 x4,,,MZ-V8P500B/AM,True,SSD,SSD
efd11343-803e-425b-9933-e4e3851ef04f,Intel 760p 2TB M.2-2280 SSD PCIe 3.0 x4 NVMe,Intel,760p,2000GB,,efd11343-803e-425b-9933-e4e3851ef04f.json,,2000,M.2-2280,,,,,,,M.2 PCIe 3.0 x4,,,SSDPEKKW020T8X1,True,SSD,SSD
efd4e682-37ca-44b7-bcea-64feab73fc94,Corsair MP600 PRO LPX 1TB SSD M.2-2280 PCIe 4.0 X4 NVMe,Corsair,MP600,1000GB,,efd4e682-37ca-44b7-bcea-64feab73fc94.json,,1000,M.2-2280,B09Q2MW21F,6495944,,,N82E16820236836,624203431,M.2 PCIe 4.0 x4,,,CSSD-F1000GBMP600PLP,True,SSD,SSD
f0038eb9-9a94-44cb-93b3-0282ddce3cb4,Mushkin MKNSSDED2TB-D8 2TB M.2-2280 SSD PCIe 4.0 X4 NVMe,Mushkin,MKNSSDED2TB-D8,2000GB,,f0038eb9-9a94-44cb-93b3-0282ddce3cb4.json,,2000,M.2-2280,,,,,,,M.2 PCIe 4.0 x4,,,MKNSSDED2TB-D8,True,SSD,SSD
f02c7b38-5756-4f06-b90e-3287c5525e2c,"Crucial M500 480GB 2.5"" SSD SATA",Crucial,M500,480GB,,f02c7b38-5756-4f06-b90e-3287c5525e2c.json,,480,"2.5""",,,,,,,SATA 6.0 Gb/s,,,CT480M500SSD1,False,SSD,SSD
f0318ec9-5dac-49bf-885a-0055911b7f18,Western Digital Black SN750 SE 250GB SSD M.2-2280 PCIe 4.0 X4 NVMe,Western Digital,Black,250GB,,f0318ec9-5dac-49bf-885a-0055911b7f18.json,,250,M.2-2280,B095H58J4C,,,,9SIBTK0K9J9475,246611139,M.2 PCIe 4.0 x4,,,WDS250G1B0E,True,SSD,SSD
f042e63a-e729-4694-acba-580ee135010f,Integral M2 500GB SSD M.2-2280 PCIe 3.0 X4 NVMe,Integral,M2,500GB,,f042e63a-e729-4694-acba-580ee135010f.json,,500,M.2-2280,,,,,,,M.2 PCIe 3.0 x4,,,INSSD500GM280NM2,True,SSD,SSD
f05fe86d-5b0d-4ce4-9cec-696a95b019df,"TEAMGROUP GX1 960GB SSD 2.5"" SATA",TEAMGROUP,GX1,960GB,,f05fe86d-5b0d-4ce4-9cec-696a95b019df.json,,960,"2.5""",,,,,,,SATA 6.0 Gb/s,,,T253X1960G0C101,False,SSD,SSD
f06ce908-72ba-406c-b33b-b74edd4af1a3,Patriot P320 512GB SSD M.2-2280 PCIe 3.0 x4 NVMe,Patriot,P320,512GB,,f06ce908-72ba-406c-b33b-b74edd4af1a3.json,,512,M.2-2280,B0D4RCRNHG,,,,N82E16820225424,12904020859,M.2 PCIe 3.0 x4,,,P320P512GM28,True,SSD,SSD
f0758cc4-4a4e-47a7-ac0d-355b8d374b79,"Western Digital Blue 3 TB HDD 5400RPM 3.5"" SATA",Western Digital,Blue,3000GB,,f0758cc4-4a4e-47a7-ac0d-355b8d374b79.json,,3000,"3.5""",B08XDG9ND6,,,,N82E16822234468,735157665,SATA 6.0 Gb/s,,,WD30EZAZ,False,HDD,HDD
f07bacbf-0911-43f9-b98c-6bf9af872189,"ADATA SU630 240GB SSD 2.5"" SATA",ADATA,SU630,240GB,,f07bacbf-0911-43f9-b98c-6bf9af872189.json,,240,"2.5""",B07KQXKK12,,,,,846400171,SATA 6.0 Gb/s,,,ASU630SS-240GQ-R | SU630,False,SSD,SSD
f08ea020-2989-47ea-9467-862a0ae24589,"OCZ Agility 3 240 GB SSD 2.5"" SATA 6.0 Gb/s",OCZ,Agility,240GB,,f08ea020-2989-47ea-9467-862a0ae24589.json,,240,"2.5""",,,,,,,SATA 6.0 Gb/s,,,AGT3-25SAT3-240G,False,SSD,SSD
f0cce715-6f56-4707-90fa-a1b0ba01b79f,"Seagate SkyHawk AI 8TB 3.5"" HDD 7200RPM SATA",Seagate,SkyHawk,8000GB,,f0cce715-6f56-4707-90fa-a1b0ba01b79f.json,,8000,"3.5""",B08YKC5N52,,,,N82E16822184901,608547354,SATA 6.0 Gb/s,,,ST8000VE001 | ST8000VEZ01,False,HDD,HDD
f0dc9d60-6c8d-4ac9-ba86-c76a71b69b95,Inland Professional 1TB SSD M.2-2280 PCIe 3.0 X2 NVMe,Inland,Professional,1000GB,,f0dc9d60-6c8d-4ac9-ba86-c76a71b69b95.json,,1000,M.2-2280,,,,,,,M.2 PCIe 3.0 x2,,,1TB NVME PRO,True,SSD,SSD
f0ef69c3-4480-4457-82ea-6c976cbd9472,"Toshiba S300 2TB HDD 3.5"" 5400RPM SATA",Toshiba,S300,2000GB,,f0ef69c3-4480-4457-82ea-6c976cbd9472.json,,2000,"3.5""",B08L9TLPJV,,,,,,SATA 6.0 Gb/s,,,HDWT720UZSVA,False,HDD,HDD
f100f874-0d10-4f11-9885-ab8a0160c408,"Micron M600 256GB SSD 2.5"" SATA",Micron,M600,256GB,,f100f874-0d10-4f11-9885-ab8a0160c408.json,,256,"2.5""",,,,,,,SATA 6.0 Gb/s,,,MTFDDAK256MBF-1A,False,SSD,SSD
f103ffee-108a-46d2-9972-f488bf3c2454,Crucial BX500 120GB 3D NAND SATA 2.5-Inch Internal SSD,Crucial,BX500,120GB,2018,f103ffee-108a-46d2-9972-f488bf3c2454.json,,120,"2.5""",B07G3L3DRK,,,,,,SATA 6.0 Gb/s,,,CT120BX500SSD1Z | CT120BX500SSD1,False,SSD,SSD
f10e875c-14af-484e-875b-d4444dcbc781,Transcend MTS400 128GB SSD M.2-2242 SATA,Transcend,MTS400,128GB,,f10e875c-14af-484e-875b-d4444dcbc781.json,,128,M.2-2242,B00KLTPUU0,,,,,38668828,M.2 SATA,,,TS128GMTS400,False,SSD,SSD
f118c8aa-3030-4231-87a2-042f6a8d2ce1,"Western Digital Red Pro 22TB HDD 7200RPM 3.5"" SATA",Western Digital,Red,22000GB,,f118c8aa-3030-4231-87a2-042f6a8d2ce1.json,,22000,"3.5""",B0B5W1CQ8W,6587201,,,N82E16822234527,1595400923,SATA 6.0 Gb/s,,,WD221KFGX | WD221KFGX-SPB9KN0,False,HDD,HDD
f14e1e51-d14b-4f5e-ac79-c84e4ed2874b,"Intel 335 240GB SSD 2.5"" SATA 6.0 Gb/s",Intel,335,240GB,,f14e1e51-d14b-4f5e-ac79-c84e4ed2874b.json,,240,"2.5""",B009SIJ7G8,,,,,,SATA 6.0 Gb/s,,,SSDSC2CT240A4K5,False,SSD,SSD
f179d737-c7de-4049-9412-349a65c004f1,TEAMGROUP T-Force Cardea A440 Pro 1TB SSD M.2 PCIe 4.0 NVMe,TEAMGROUP,T-Force,1000GB,,f179d737-c7de-4049-9412-349a65c004f1.json,,1000,M.2-2280,B09JCBRBP2,,,,,884237419,M.2 PCIe 4.0 x4,,,TM8FPR001T0C129,True,SSD,SSD
f194f8e0-d1db-42ea-84c2-cd49bd10ea40,TEAMGROUP T-Force Cardea Z540 4TB M.2-2280 SSD PCIe 5.0 X4 NVMe,TEAMGROUP,T-Force,4000GB,,f194f8e0-d1db-42ea-84c2-cd49bd10ea40.json,,4000,M.2-2280,B0CVQB13KS,,,,N82E16820985155,5439333022,M.2 PCIe 5.0 x4,,,TM8FF1004T0C129,True,SSD,SSD
f19d36d2-c3a8-43fc-a8af-d9a2551fb80d,"ADATA SP550 960GB 2.5"" SSD SATA 6.0 Gb/s",ADATA,SP550,960GB,,f19d36d2-c3a8-43fc-a8af-d9a2551fb80d.json,,960,"2.5""",,,,,,,SATA 6.0 Gb/s,,,ASP550SS3-960GM-C,False,SSD,SSD
f1b06fd3-afb9-4f20-92d9-645d10c483f1,ADATA XPG GAMMIX S11 240GB SSD M.2-2280 PCIe 3.0 x4 NVMe,ADATA,XPG,240GB,,f1b06fd3-afb9-4f20-92d9-645d10c483f1.json,,240,M.2-2280,,,,,,,M.2 PCIe 3.0 x4,,,AGAMMIXS11-240GT-C,True,SSD,SSD
f1bea44f-66f4-4148-b50b-32513c8ce438,"Seagate ST500VT000 500GB HDD 2.5"" SATA",Seagate,ST500VT000,500GB,,f1bea44f-66f4-4148-b50b-32513c8ce438.json,,500,"2.5""",,,,,,,SATA 3.0 Gb/s,,,ST500VT000,False,HDD,HDD
f1c0c380-83c3-4f77-8983-5fadb53350f4,"Intel DC S3500 600GB SSD 2.5"" SATA",Intel,DC,600GB,,f1c0c380-83c3-4f77-8983-5fadb53350f4.json,,600,"2.5""",,,,,,,SATA 6.0 Gb/s,,,SSDSC2BB600G401,False,SSD,SSD
f1e0aec4-d2a8-47cf-8849-8d76debb323d,"TEAMGROUP CX1 480GB 2.5"" SSD SATA 6.0 Gb/s",TEAMGROUP,CX1,480GB,,f1e0aec4-d2a8-47cf-8849-8d76debb323d.json,,480,"2.5""",B08J7NSMN4,,,,N82E16820331557,705927230,SATA 6.0 Gb/s,,,T253X5480G0C101,False,SSD,SSD
f1ea9414-681b-4077-8770-2f5cbeb0bbfe,"Western Digital Red Pro 10TB HDD 3.5"" 7200RPM SATA 6.0 Gb/s Internal",Western Digital,Red,10000GB,,f1ea9414-681b-4077-8770-2f5cbeb0bbfe.json,,10000,"3.5""",B084F34HZ6,,,,1Z4-0002-01C58,365576340,SATA 6.0 Gb/s,,,WD102KFBX | WD102KFBX-SPM95N0,False,HDD,HDD
f1ff176c-4fcd-401d-9467-3e8a9d0a7ccb,"Toshiba N300 8TB HDD 3.5"" SATA",Toshiba,N300,8000GB,,f1ff176c-4fcd-401d-9467-3e8a9d0a7ccb.json,,8000,"3.5""",,,,,,,SATA 6.0 Gb/s,,,HDWN180UZSVA,False,HDD,HDD
f211bbd7-cf92-469e-a466-7decb44f8ed8,"Lenovo S4520 1.92 TB SSD 2.5"" SATA",Lenovo,S4520,1000GB,,f211bbd7-cf92-469e-a466-7decb44f8ed8.json,,1000,"2.5""",B09YS17285,,,,1Z4-000G-00JP5,2751401486,SATA 6.0 Gb/s,,,4XB7A17103 | 889488589159,False,SSD,SSD
f21eb4da-a1bd-4904-8018-3c2b2286cd16,"Seagate FireCuda 4TB HDD 7200RPM 3.5"" SATA Internal",Seagate,FireCuda,4000GB,,f21eb4da-a1bd-4904-8018-3c2b2286cd16.json,,4000,"3.5""",B09SBKXNKL,,,,,2052243957,SATA 6.0 Gb/s,,,ST4000DX005 | ST4000DXZ05,False,HDD,HDD
f223c97e-fe3f-426b-832e-0884b130cc0c,Corsair MP600 MICRO 2TB SSD M.2-2242 PCIe 4.0 NVMe,Corsair,MP600,2000GB,,f223c97e-fe3f-426b-832e-0884b130cc0c.json,,2000,M.2-2242,B0DJ1D4GTY,,,,N82E16820982235,14768274274,M.2 PCIe 4.0 x4,,,CSSD-F2000GBMP600MCR2,True,SSD,SSD
f2246ea4-9881-4977-9e78-f631c06c3f1d,"Western Digital Purple 10TB HDD 3.5"" 5400RPM SATA 6.0 Gb/s",Western Digital,Purple,10000GB,,f2246ea4-9881-4977-9e78-f631c06c3f1d.json,,10000,"3.5""",B06XRRT1PJ,,,,,906135857,SATA 6.0 Gb/s,,,WD100PURZ,False,HDD,HDD
f244d77b-f418-4156-b492-6785c3ca0b2f,Addlink D60 1.92 TB SSD M.2-2280 PCIe 4.0 x4 NVMe,Addlink,D60,1000GB,,f244d77b-f418-4156-b492-6785c3ca0b2f.json,,1000,M.2-2280,B0D9NFPCZQ,,,,,,M.2 PCIe 4.0 x4,,,ad1920GBD60M2P,True,SSD,SSD
f24cf9c5-fca1-4801-9d93-5b12b0b47f54,"Samsung 840 Evo 120GB SSD 2.5"" SATA",Samsung,840,120GB,,f24cf9c5-fca1-4801-9d93-5b12b0b47f54.json,,120,"2.5""",B00E3W15P0,,,,,,SATA 6.0 Gb/s,,,MZ-7TE120BW,False,SSD,SSD
f260aa91-1a0e-4d84-9452-ce5172d13aab,ADATA LEGEND 900 512GB M.2-2280 SSD PCIe 4.0 x4 NVMe,ADATA,LEGEND,512GB,,f260aa91-1a0e-4d84-9452-ce5172d13aab.json,,512,M.2-2280,B0C8RNTN6J,,,,,,M.2 PCIe 4.0 x4,,,SLEG-900-512GCS,True,SSD,SSD
f26caa2b-f756-4bce-8242-bd5c4cbee774,"Orico Y-20 2TB SSD 2.5"" SATA",Orico,Y-20,2000GB,,f26caa2b-f756-4bce-8242-bd5c4cbee774.json,,2000,"2.5""",B0CG1QQP3Y,,,,,,SATA 6.0 Gb/s,,,Y20-2T | Y20-2TB | Y20,False,SSD,SSD
f277c0fc-f439-4621-ae03-809b14a63fc7,"Samsung 850 Evo 250GB SSD 2.5"" SATA",Samsung,850,250GB,,f277c0fc-f439-4621-ae03-809b14a63fc7.json,,250,"2.5""",B00P736UEU,,,,,,SATA 6.0 Gb/s,,,MZ-75E250B | AM | EU | MZ-75E250BW | MZ-75E250B/EU,False,SSD,SSD
f2853fa2-c945-445c-9ece-298ca099d770,"Toshiba Q Series Pro 256GB SSD 2.5"" SATA",Toshiba,Q,256GB,,f2853fa2-c945-445c-9ece-298ca099d770.json,,256,"2.5""",B00FR6VLN2,,,,,,SATA 6.0 Gb/s,,,HDTS325XZSTA,False,SSD,SSD
f28b05bd-8d18-4869-a226-8ad3adcd01ec,Inland Performance Plus 2TB SSD M.2-2280 PCIe 4.0 X4 NVMe,Inland,Performance,2000GB,,f28b05bd-8d18-4869-a226-8ad3adcd01ec.json,,2000,M.2-2280,B09H2YHXDB,,,,,,M.2 PCIe 4.0 x4,,,329466 | 2ea1a405-4aa9-4641-9880-0fa8d482d4d2,True,SSD,SSD
f2cad900-c664-431e-ae5f-6d1894cc14a4,"FanXiang S101 512GB SSD 2.5"" SATA 6.0 Gb/s",FanXiang,S101,512GB,,f2cad900-c664-431e-ae5f-6d1894cc14a4.json,,512,"2.5""",B09XDJPPMB,,,,,,SATA 6.0 Gb/s,,,S101-512GB | S101,False,SSD,SSD
f2e645cf-cb51-44ab-9cc3-fcc8a624f409,ADATA XPG SX8200 960GB M.2 SSD PCIe 3.0 x4 NVMe,ADATA,XPG,960GB,,f2e645cf-cb51-44ab-9cc3-fcc8a624f409.json,,960,M.2-2280,,,,,,,M.2 PCIe 3.0 x4,,,ASX8200NP-960GT-C,True,SSD,SSD
f3277c27-dfb2-46f6-ac37-46efe44ccdc2,HP EX950 1TB M.2-2280 SSD PCIe 3.0 x4 NVMe,HP,EX950,1000GB,,f3277c27-dfb2-46f6-ac37-46efe44ccdc2.json,,1000,M.2-2280,B07MZDXQ6C,,,,,770593804,M.2 PCIe 3.0 x4,,,5MS23AA#ABC,True,SSD,SSD
f344db60-b08b-4a1a-a2f0-492cbe97a13a,Western Digital SN530 1TB SSD M.2 2230 PCIe 3.0 NVMe,Western Digital,SN530,1000GB,,f344db60-b08b-4a1a-a2f0-492cbe97a13a.json,,1000,M.2-2230,B08SL5GY19,,,,,,M.2 PCIe 3.0 x4,,,SDBPTPZ-1T00 | SDBPTPZ-1T00 wd pc sn530 2230 m2 ssd,True,SSD,SSD
f3589731-0fa2-4587-91d9-0c9c1958f16e,"TEAMGROUP T-Force Delta Max White RGB Lite 1TB SSD 2.5"" SATA 6.0 Gb/s",TEAMGROUP,T-Force,1000GB,,f3589731-0fa2-4587-91d9-0c9c1958f16e.json,,1000,"2.5""",B09Q89KB1K,,,,N82E16820331803,2437579995,SATA 6.0 Gb/s,,,T253TM001T0C425,False,SSD,SSD
f35e99a3-92fe-4f61-8f0b-995a8546b532,"Seagate Exos 7E10 512e/4Kn 2TB HDD 7200RPM 3.5"" SATA",Seagate,Exos,2000GB,,f35e99a3-92fe-4f61-8f0b-995a8546b532.json,,2000,"3.5""",B09FH8HL16,,,,N82E16822185056,705750356,SATA 6.0 Gb/s,,,ST2000NM017B,False,HDD,HDD
f36cf7c8-a198-4b80-b4ff-021fb87267f3,"Kingston Q500 480GB SSD 2.5"" SATA 6.0 Gb/s",Kingston,Q500,480GB,,f36cf7c8-a198-4b80-b4ff-021fb87267f3.json,,480,"2.5""",B07KCP5NT9,,,,0ZK-01M8-00350,936945193,SATA 6.0 Gb/s,,,SQ500S37 | 480G | SQ500S37/480G,False,SSD,SSD
f39412c1-47a4-4165-b9a7-2a1aafd64a8d,"Kingston SSDNow V+200 60GB SSD 2.5"" SATA",Kingston,SSDNow,60GB,,f39412c1-47a4-4165-b9a7-2a1aafd64a8d.json,,60,"2.5""",,,,,,,SATA 6.0 Gb/s,,,SVP200S3 | 60G,False,SSD,SSD
f39500bd-e33d-49e8-ac7f-0dcb50733c6c,Lexar NM620 1TB SSD M.2-2280 PCIe 3.0 X4 NVMe,Lexar,NM620,1000GB,,f39500bd-e33d-49e8-ac7f-0dcb50733c6c.json,,1000,M.2-2280,B08V1647LL,,,,N82E16820191935,263320112,M.2 PCIe 3.0 x4,,,LNM620X001T-RNNNU | LNM620X001T-RNNNG,True,SSD,SSD
f39f195b-8e58-43f1-9b0c-e8698078ac76,Transcend 110S 1TB SSD M.2-2280 PCIe 3.0 x4 NVMe,Transcend,110S,1000GB,,f39f195b-8e58-43f1-9b0c-e8698078ac76.json,,1000,M.2-2280,B07LBG5C4S,,,,,535877863,M.2 PCIe 3.0 x4,,,TS1TMTE110S,True,SSD,SSD
f3b2ce0c-a86d-41c8-9026-63364c608274,Patriot Viper Gaming VP4100 1TB M.2-2280 SSD PCIe 4.0 X4 NVMe,Patriot,Viper,1000GB,,f3b2ce0c-a86d-41c8-9026-63364c608274.json,,1000,M.2-2280,,,,,,,M.2 PCIe 4.0 x4,,,VP4100-1TBM28H,True,SSD,SSD
f3b58d53-dd74-4fc0-9771-b8ff68a38f1a,"Lexar NS100 256 GB SSD 2.5"" SATA 6.0 Gb/s",Lexar,NS100,256GB,,f3b58d53-dd74-4fc0-9771-b8ff68a38f1a.json,,256,"2.5""",,,,,1B4-01BZ-00020,,SATA 6.0 Gb/s,,,LNS100-256RBNA,False,SSD,SSD
f3cea586-6090-4214-b61b-4e828f2fb8cc,"Seagate Surveillance 6TB HDD 3.5"" 5400RPM SATA",Seagate,Surveillance,6000GB,,f3cea586-6090-4214-b61b-4e828f2fb8cc.json,,6000,"3.5""",,,,,,,SATA 6.0 Gb/s,,,ST6000VX0011,False,HDD,HDD
f3f2bda2-823d-437b-ba24-682cb90b30eb,"Western Digital RE 3TB 3.5"" HDD 7200RPM SATA Internal",Western Digital,RE,3000GB,,f3f2bda2-823d-437b-ba24-682cb90b30eb.json,,3000,"3.5""",B0090UFITO,,,,,399254211,SATA 6.0 Gb/s,,,WD3000FYYZ,False,HDD,HDD
f4172165-1b2f-443d-81b2-51da20c41176,"OCZ Trion 100 240GB SSD 2.5"" SATA 6.0 Gb/s",OCZ,Trion,240GB,,f4172165-1b2f-443d-81b2-51da20c41176.json,,240,"2.5""",,,,,,,SATA 6.0 Gb/s,,,TRN100-25SAT3-240G,False,SSD,SSD
f42d9d10-786b-4a0f-964c-4e5a3b14bef4,Kingston A400 480GB Internal SSD M.2 2280 SA400M8/480G - Increase Performance,Kingston,A400,,2020,f42d9d10-786b-4a0f-964c-4e5a3b14bef4.json,,480,M.2-2280,B083WNX8H6,,,,9SIBKYEK6R4178,170632880,SATA 6.0 Gb/s,,,SA400M8/480G,False,SSD,SSD
f44364f9-f455-418a-bcde-45cadcdd7cbe,"Lenovo 5300 960GB 2.5"" SSD SATA 6.0 Gb/s",Lenovo,5300,960GB,,f44364f9-f455-418a-bcde-45cadcdd7cbe.json,,960,"2.5""",,,,,,,SATA 6.0 Gb/s,,,4XB7A17089,False,SSD,SSD
f45af758-7dad-4003-be82-b930565cb7af,"Western Digital Caviar Black 1.5 TB HDD 7200RPM 3.5"" SATA",Western Digital,Caviar,1000GB,,f45af758-7dad-4003-be82-b930565cb7af.json,,1000,"3.5""",B0044DHU84,,,,,,SATA 3.0 Gb/s,,,WD1501FASS,False,HDD,HDD
f4894b80-5276-404d-8eda-f266832e107e,Transcend MTE240S 500GB SSD M.2-2280 PCIe 4.0 X4 NVMe,Transcend,MTE240S,500GB,,f4894b80-5276-404d-8eda-f266832e107e.json,,500,M.2-2280,B08Z384CMK,,,,,781757681,M.2 PCIe 4.0 x4,,,TS500GMTE240S,True,SSD,SSD
f4b107ce-8dd6-401e-94db-1639494cacdf,Crucial MX300 275GB M.2-2280 SSD SATA,Crucial,MX300,275GB,,f4b107ce-8dd6-401e-94db-1639494cacdf.json,,275,M.2-2280,,,,,,,M.2 SATA,,,CT275MX300SSD4,False,SSD,SSD
f4cea3e7-000c-483e-94d3-5f45c977f90b,Crucial T500 2TB SSD M.2 PCIe 4.0 NVMe,Crucial,T500,2000GB,,f4cea3e7-000c-483e-94d3-5f45c977f90b.json,,2000,M.2-2280,B0CK2TC9XQ,6566097,,,N82E16820156389,5073229417,M.2 PCIe 4.0 x4,,,CT2000T500SSD8,True,SSD,SSD
f4ecd091-5247-4b92-8f23-54aacc857a92,"SK Hynix SL308 500GB 2.5"" SSD SATA",SK Hynix,SL308,500GB,,f4ecd091-5247-4b92-8f23-54aacc857a92.json,,500,"2.5""",,,,,,,SATA 6.0 Gb/s,,,HFS500G32TND-N1A2A,False,SSD,SSD
f5081c06-0401-430f-b47b-2b43b02f0804,"Toshiba MQ02ABD100H 1TB Hybrid 5400 RPM Internal 2.5"" SATA 6.0 Gb/s",Toshiba,MQ02ABD100H,1000GB,,f5081c06-0401-430f-b47b-2b43b02f0804.json,,1000,"2.5""",,,,,,,SATA 6.0 Gb/s,,,MQ02ABD100H,False,SSHD,SSHD
f5307b7a-ecee-44ce-892a-761fc908de07,Lexar NQ710 500GB SSD M.2-2280 PCIe 4.0 X4 NVME,Lexar,NQ710,500GB,,f5307b7a-ecee-44ce-892a-761fc908de07.json,,500,M.2-2280,,,,,,,M.2 PCIe 4.0 x4,,,LNQ710X500G-RNNNU | LNQ710X500G-RNNNG,True,SSD,SSD
f533dc66-2885-4dbc-83b2-966aba031691,PNY XLR8 CS3030 500GB SSD M.2-2280 PCIe 3.0 x4 NVMe,PNY,XLR8,500GB,,f533dc66-2885-4dbc-83b2-966aba031691.json,,500,M.2-2280,B07MW3NQKW,,,,9SIBKYEK6W1162,524462413,M.2 PCIe 3.0 x4,,,M280CS3030-500-RB,True,SSD,SSD
f53992df-b1b0-47ec-ae15-90097b684628,Patriot P400 1TB SSD M.2-2280 PCIe 4.0 x4 NVMe,Patriot,P400,1000GB,,f53992df-b1b0-47ec-ae15-90097b684628.json,,1000,M.2-2280,B09NPDRJVC,,,,N82E16820225297,320940766,M.2 PCIe 4.0 x4,,,P400P1TBM28H,True,SSD,SSD
f54c9702-0fd4-413b-8958-64c6bfffee5b,Inland TN320 256GB M.2-2280 SSD PCIe 3.0 X4 NVMe,Inland,TN320,256GB,,f54c9702-0fd4-413b-8958-64c6bfffee5b.json,,256,M.2-2280,B0BRQSBC5T,,,,,,M.2 PCIe 3.0 x4,,,256G TN320 NVME | TN320,True,SSD,SSD
f55eb03a-d70f-4fcb-96de-b537cc5f97c5,"Seagate Barracuda Compute 1TB 3.5"" HDD 5400RPM SATA",Seagate,Barracuda,1000GB,,f55eb03a-d70f-4fcb-96de-b537cc5f97c5.json,,1000,"3.5""",,,,,9SIAG98JHT6039,,SATA 6.0 Gb/s,,,ST1000DMZ10,False,HDD,HDD
f593345e-4dc0-446a-b6c6-fd83dfe79a02,Corsair MP510 4TB M.2-2280 SSD PCIe 3.0 X4 NVMe,Corsair,MP510,4000GB,,f593345e-4dc0-446a-b6c6-fd83dfe79a02.json,,4000,M.2-2280,,,,,,,M.2 PCIe 3.0 x4,,,CSSD-F4000GBMP510,True,SSD,SSD
f5956efe-334c-4367-8fdb-d9981e4f1468,"Seagate Momentus 320GB HDD 2.5"" SATA",Seagate,Momentus,320GB,,f5956efe-334c-4367-8fdb-d9981e4f1468.json,,320,"2.5""",,,,,,,SATA 3.0 Gb/s,,,ST320LT020,False,HDD,HDD
f5a19995-c7dd-4286-bf3b-161483b295be,"Seagate Exos 10TB 3.5"" HDD 7200RPM SATA 512e/4Kn",Seagate,Exos,10000GB,,f5a19995-c7dd-4286-bf3b-161483b295be.json,,10000,"3.5""",B09FH71SD7,,,,N82E16822185023,1404637444,SATA 6.0 Gb/s,,,ST10000NM017B | 10572714,False,HDD,HDD
f5b33fc5-ee6f-47d9-91ec-207e9d31d5e5,TEAMGROUP T-FORCE G50 512GB SSD M.2-2280 PCIe 4.0 x4 NVMe,TEAMGROUP,T-FORCE,512GB,,f5b33fc5-ee6f-47d9-91ec-207e9d31d5e5.json,,512,M.2-2280,B0CSFQ24W2,,,,N82E16820985132,9181600210,M.2 PCIe 4.0 x4,,,TM8FFE512G0C129,True,SSD,SSD
f5c9f66c-949f-4eeb-af13-0fb0e27024ab,Transcend 250H 4TB SSD M.2 PCIe 4.0 NVMe,Transcend,250H,4000GB,,f5c9f66c-949f-4eeb-af13-0fb0e27024ab.json,,4000,M.2-2280,B0BVKZW4BM,,,,,,M.2 PCIe 4.0 x4,,,TS4TMTE250H,True,SSD,SSD
f5d75017-12f0-4916-bf8b-1852d112e391,Samsung 850 Evo 120GB M.2 SSD SATA,Samsung,850,120GB,,f5d75017-12f0-4916-bf8b-1852d112e391.json,,120,M.2-2280,,,,,,,M.2 SATA,,,MZ-N5E120BW,False,SSD,SSD
f5e9e9d9-e2ac-449c-a135-0b24b23f9605,HP EX900 Plus 256GB SSD M.2-2280 PCIe 3.0 x4 NVMe,HP,EX900,256GB,,f5e9e9d9-e2ac-449c-a135-0b24b23f9605.json,,256,M.2-2280,B09CFZV9CT,,,,,,M.2 PCIe 3.0 x4,,,35M32AA#ABA,True,SSD,SSD
f5eadda8-3b3e-4705-a88e-fb7140edcba9,MSI SPATIUM M461 2TB M.2-2280 SSD PCIe 4.0 x4 NVMe,MSI,SPATIUM,2000GB,,f5eadda8-3b3e-4705-a88e-fb7140edcba9.json,,2000,M.2-2280,B0BWSHLJMJ,,,,N82E16820140040,2980532812,M.2 PCIe 4.0 x4,,,SPATIUM M461 2TB | SM461N2TB | S78-440Q550-P83 | SPATIUM M461 PCIe 4.0 NVMe M.2 2TB,True,SSD,SSD
f5f1faa0-e446-490f-902a-a2f3233d7878,Western Digital Black SN750 SE 500 GB M.2-2280 SSD PCIe 4.0 X4 NVMe,Western Digital,Black,500GB,,f5f1faa0-e446-490f-902a-a2f3233d7878.json,,500,M.2-2280,B095H8XDXP,,,,9SIBTK0K9J9478,470518696,M.2 PCIe 4.0 x4,,,WDS500G1B0E | WDBB8L5000ANC-WRSN,True,SSD,SSD
f611f809-a944-45f8-8a5d-ef0f54602d79,"Seagate IronWolf NAS 12TB HDD 7200RPM 3.5"" SATA 6.0 Gb/s",Seagate,IronWolf,12000GB,,f611f809-a944-45f8-8a5d-ef0f54602d79.json,,12000,"3.5""",B084ZTSMWF,6616034,,,1JW-001N-00027,,SATA 6.0 Gb/s,,,ST12000VNZ008 | ST12000VN0008/ST12000VNZ008 | ST12000VNZ008/N0008 | ST12000VN0008,False,HDD,HDD
f61c2801-1229-4281-a1d9-f0e24b1bdd19,"Intel DC S4600 1.9 TB SSD 2.5"" SATA 6.0 Gb/s",Intel,DC,1000GB,,f61c2801-1229-4281-a1d9-f0e24b1bdd19.json,,1000,"2.5""",B075LDDF3Y,,,,,,SATA 6.0 Gb/s,,,SSDSC2KG019T701 | 956906,False,SSD,SSD
f632df5f-06ab-40f9-bef8-42d579bf110c,"Hitachi Ultrastar He8 8TB HDD 7200RPM 3.5"" SATA",Hitachi,Ultrastar,8000GB,,f632df5f-06ab-40f9-bef8-42d579bf110c.json,,8000,"3.5""",B00SNGZB34,,,,,,SATA 6.0 Gb/s,,,HUH728080ALN604 | 0F23268,False,HDD,HDD
f6730bd8-7b24-4026-b970-0f1256feeae4,"Integral V Series 2 240GB SSD 2.5"" SATA",Integral,V,240GB,,f6730bd8-7b24-4026-b970-0f1256feeae4.json,,240,"2.5""",B06XBTYTN7,,,,,,SATA 6.0 Gb/s,,,INSSD240GS625V2,False,SSD,SSD
f6b09c64-9817-4a65-990a-6ea04671b77a,"Intel 540s 1TB SSD 2.5"" SATA 6.0 Gb/s",Intel,540s,1000GB,,f6b09c64-9817-4a65-990a-6ea04671b77a.json,,1000,"2.5""",,,,,,,SATA 6.0 Gb/s,,,SSDSC2KW010X6X1,False,SSD,SSD
f6b87ebd-e504-46d8-bf0c-87d8fefeedbe,"Seagate IronWolf Pro, 20TB NAS Internal HDD –CMR 3.5 Inch SATA 6 Gb/s, 7,200 RPM, 256MB Cache for RAID Network Attached Storage, Rescue Services (ST20000NEZ00/000)",Seagate,IronWolf Pro,20 TB,2021,f6b87ebd-e504-46d8-bf0c-87d8fefeedbe.json,,20000,"3.5""",B09MKK1YCK,,,,9SIA994KD49780,2488696450,SATA 6.0 Gb/s,,,ST20000NE000 | ST20000NEZ00/000,False,HDD,HDD
f6e73d94-a832-4475-afa1-208bfde6a36e,"Kingston DC500R 480GB 2.5"" SSD SATA 6.0 Gb/s",Kingston,DC500R,480GB,,f6e73d94-a832-4475-afa1-208bfde6a36e.json,,480,"2.5""",B07PSNLVCM,,,,,923581349,SATA 6.0 Gb/s,,,SEDC500R | 480G | SEDC500R/480G,False,SSD,SSD
f6f14f3e-dbe4-4f28-8447-22e2b33738d7,"Western Digital Blue SA510 4TB SSD 2.5"" SATA 6.0 Gb/s",Western Digital,Blue,4000GB,,f6f14f3e-dbe4-4f28-8447-22e2b33738d7.json,,4000,"2.5""",B0C14QXKJW,,,,N82E16820250252,2958228366,SATA 6.0 Gb/s,,,WDS400T3B0A | WDS400T3B0A-00C7K0,False,SSD,SSD
f70894f1-9a9a-4cc5-a309-d9d4b220c617,Mushkin Tempest 1TB SSD M.2-2280 PCIe 3.0 X4 NVMe,Mushkin,Tempest,1000GB,,f70894f1-9a9a-4cc5-a309-d9d4b220c617.json,,1000,M.2-2280,B09M851GBF,,,,N82E16820226968,774470055,M.2 PCIe 3.0 x4,,,MKNSSDTS1TB-D8,True,SSD,SSD
f70cadd2-2c90-404c-a703-6eff9ea6ceb8,"Hitachi 0J11563 750GB HDD 5400RPM 2.5"" SATA",Hitachi,0J11563,750GB,,f70cadd2-2c90-404c-a703-6eff9ea6ceb8.json,,750,"2.5""",,,,,,,SATA 3.0 Gb/s,,,0J11563,False,HDD,HDD
f716e071-76d1-4d39-80fc-f2dca29c3293,"Gigabyte GP-GSTFS31256GTND 256GB SSD 2.5"" SATA",Gigabyte,GP-GSTFS31256GTND,256GB,,f716e071-76d1-4d39-80fc-f2dca29c3293.json,,256,"2.5""",,,,,,,SATA 6.0 Gb/s,,,GP-GSTFS31256GTND,False,SSD,SSD
f716fd7e-d380-4337-8bcf-3e72205b9ac5,Lexar NM710 500GB SSD M.2-2280 PCIe 4.0 x4 NVMe,Lexar,NM710,500GB,,f716fd7e-d380-4337-8bcf-3e72205b9ac5.json,,500,M.2-2280,B0C5S6T2R8,,,,,3674715267,M.2 PCIe 4.0 x4,,,LNM710X500G-RNNNG | LNM710X500G-RNNNU,True,SSD,SSD
f73057f9-eccc-4b47-af25-0ea53c42945d,Lexar NM1090 w/ Heatsink 4TB SSD M.2-2280 PCIe 5.0 x4 NVMe,Lexar,NM1090,4000GB,,f73057f9-eccc-4b47-af25-0ea53c42945d.json,,4000,M.2-2280,,,,,,,M.2 PCIe 5.0 x4,,,LNM1090004T-RNANU | LNM1090004T-RNANG,True,SSD,SSD
f733a573-7640-4c18-95ca-6ee4eff5d3de,Crucial P310 2TB M.2-2230 SSD PCIe 4.0 x4 NVMe,Crucial,P310,2000GB,,f733a573-7640-4c18-95ca-6ee4eff5d3de.json,,2000,M.2-2230,B0D61SDZD2,,,,N82E16820156408R,7334016812,M.2 PCIe 4.0 x4,,,CT2000P310SSD2 | CT2000P310SSD2​,True,SSD,SSD
f73a3b35-52aa-4d9b-9d2f-4b73b30157c1,Apacer AS2280Q4U 512GB SSD M.2-2280 PCIe 4.0 x4 NVMe,Apacer,AS2280Q4U,512GB,,f73a3b35-52aa-4d9b-9d2f-4b73b30157c1.json,,512,M.2-2280,,,,,,,M.2 PCIe 4.0 x4,,,AP512GAS2280Q4U-1,True,SSD,SSD
f73ca722-ad81-4a38-9ad0-50616d46eb44,PNY CS3150 RGB 1TB SSD M.2-2280 PCIe 5.0 x4 NVMe,PNY,CS3150,1000GB,,f73ca722-ad81-4a38-9ad0-50616d46eb44.json,,1000,M.2-2280,B0CSPRDW27,,,,N82E16820177165,5305919724,M.2 PCIe 5.0 x4,,,M280CS3150XHS-1TB-RB,True,SSD,SSD
f740bad7-6672-4939-a826-c7bb38314c00,Lexar EQ790 4TB SSD M.2-2280 PCIe 4.0 x4 NVMe,Lexar,EQ790,4000GB,,f740bad7-6672-4939-a826-c7bb38314c00.json,,4000,M.2-2280,,,,,,,M.2 PCIe 4.0 x4,,,LEQ790X004T-RNNNG,True,SSD,SSD
f77a46d4-489f-48b0-9ef2-97024a661f66,TEAMGROUP MP34 2TB M.2 SSD PCIe 3.0 NVMe,TEAMGROUP,MP34,2000GB,,f77a46d4-489f-48b0-9ef2-97024a661f66.json,,2000,M.2-2280,B095PMX6JS,,,,N82E16820331735,109351568,M.2 PCIe 3.0 x4,,,TM8FP4002T0C101,True,SSD,SSD
f7bb0534-2f0e-4275-949b-a49d50963536,"Kingston Savage 240GB SSD 2.5"" SATA 6.0 Gb/s",Kingston,Savage,240GB,,f7bb0534-2f0e-4275-949b-a49d50963536.json,,240,"2.5""",,,,,,,SATA 6.0 Gb/s,,,SHSS37A | 240G,False,SSD,SSD
f7cb1669-4cce-4942-97d5-5f9d920680cd,Intel MEMPEK1J032GAXT 32GB SSD M.2-2280 PCIe 3.0 X2 NVMe,Intel,MEMPEK1J032GAXT,32GB,,f7cb1669-4cce-4942-97d5-5f9d920680cd.json,,32,M.2-2280,,,,,,,M.2 PCIe 3.0 x2,,,MEMPEK1J032GAXT,True,SSD,SSD
f7d7f1d8-5061-4fe1-b3e6-2cc2f3f1b8ca,"Corsair Force LX 256GB SSD 2.5"" SATA 6.0 Gb/s",Corsair,Force,256GB,,f7d7f1d8-5061-4fe1-b3e6-2cc2f3f1b8ca.json,,256,"2.5""",,,,,,,SATA 6.0 Gb/s,,,CSSD-F256GBLX,False,SSD,SSD
f7ea0d3f-93fb-4896-bd2b-2e7a710ac0b8,Integral M2 512GB M.2-2280 SSD PCIe 3.0 X4 NVMe,Integral,M2,512GB,,f7ea0d3f-93fb-4896-bd2b-2e7a710ac0b8.json,,512,M.2-2280,,,,,,,M.2 PCIe 3.0 x4,,,INSSD512GM280NM2,True,SSD,SSD
f832502e-e389-4600-b527-578ac83022a6,"TCSUNBOW X3-1TB SSD 3D NAND SATA III 2.5"" 7mm SSD",TC SUNBOW,X3,X3-1TB,2019,f832502e-e389-4600-b527-578ac83022a6.json,,1000,"2.5""",,,,,9SIBFVPJTN9675,,SATA 6.0 Gb/s,,,HUH721010ALE604 | 0F27606,False,SSD,SSD
f8391e92-0b26-422f-8792-bd617e66b458,KingSpec NX-2280 256GB SSD M.2-2280 PCIe 3.0 X4 NVMe,KingSpec,NX-2280,256GB,,f8391e92-0b26-422f-8792-bd617e66b458.json,,256,M.2-2280,B09XB427D3,,,,,,M.2 PCIe 3.0 x4,,,NX-2280-256GB | NX-256-2280 | NX-2280,True,SSD,SSD
f8426321-4f07-4a6b-8043-746f6e3563c3,HP EX900 120GB SSD M.2-2280 PCIe 3.0 NVMe,HP,EX900,120GB,,f8426321-4f07-4a6b-8043-746f6e3563c3.json,,120,M.2-2280,B07B2Z3ZXR,,,,,889024853,M.2 PCIe 3.0 x4,,,2YY42AA#ABC,True,SSD,SSD
f8429d4e-cf56-47a0-a967-c9189d8ca9fd,Samsung 960 Pro 1TB M.2 SSD PCIe 3.0 NVMe,Samsung,960,1000GB,,f8429d4e-cf56-47a0-a967-c9189d8ca9fd.json,,1000,M.2-2280,B01LYRCIPG,,,,,,M.2 PCIe 3.0 x4,,,MZ-V6P1T0BW | MZ-V6P1T0,True,SSD,SSD
f850a5eb-181f-4595-8998-54ff7fd546a2,"ADATA SU655 960GB SSD 2.5"" SATA",ADATA,SU655,960GB,,f850a5eb-181f-4595-8998-54ff7fd546a2.json,,960,"2.5""",,,,,,,SATA 6.0 Gb/s,,,ASU655SS-960GT-C,False,SSD,SSD
f85bc536-95fe-4aab-8d03-795873baba7f,Patriot P300 128GB M.2 SSD PCIe 3.0 NVMe,Patriot,P300,128GB,,f85bc536-95fe-4aab-8d03-795873baba7f.json,,128,M.2-2280,B0822Y6N1C,,,,0D9-003W-000H1,459293429,M.2 PCIe 3.0 x4,,,P300P128GM28,True,SSD,SSD
f85e2baf-1420-47a0-894c-c4631b94f832,"Leven JS300 120GB SSD 2.5"" SATA 6.0 Gb/s",Leven,JS300,120GB,,f85e2baf-1420-47a0-894c-c4631b94f832.json,,120,"2.5""",B085YCMD42,,,,,,SATA 6.0 Gb/s,,,JS300SSD120GB | JS600SSD120GB,False,SSD,SSD
f863084b-8eee-4fea-a53c-45f55fce2752,SanDisk Extreme 2TB SSD M.2 PCIe 4.0 NVMe,SanDisk,Extreme,2000GB,,f863084b-8eee-4fea-a53c-45f55fce2752.json,,2000,M.2-2280,B0CN1NFYZ6,,,,,5171294388,M.2 PCIe 4.0 x4,,,SDSSDX3N-2T00-G26,True,SSD,SSD
f86f6827-9714-42c8-b205-82ebf4067539,Lexar NM620 1TB M.2-2280 SSD PCIe 3.0 x4 NVMe,Lexar,NM620,1000GB,,f86f6827-9714-42c8-b205-82ebf4067539.json,,1000,M.2-2280,B08T6C3H24,,,,9SIAD7HJZ18267,3269900627,M.2 PCIe 3.0 x4,,,LNM620X001T-RNNNG | LNM620X001T-RNNNU | 15219351,True,SSD,SSD
f876f8d8-ca53-4b4c-b8f9-6d4f0729f54f,Western Digital Black 250GB SSD M.2 PCIe 3.0 NVMe,Western Digital,Black,250GB,,f876f8d8-ca53-4b4c-b8f9-6d4f0729f54f.json,,250,M.2-2280,,,,,,,M.2 PCIe 3.0 x4,,,WDS250G2X0C,True,SSD,SSD
f87c87ed-3846-44b4-b95a-602930646027,"PNY CS900 500GB SSD 2.5"" SATA 6.0 Gb/s",PNY,CS900,500GB,,f87c87ed-3846-44b4-b95a-602930646027.json,,500,"2.5""",B07XZLN9KM,6385542,,,1Z4-0018-00081,188085535,SATA 6.0 Gb/s,,,SSD7CS900-500-RB | SSD7CS900-500-BLK,False,SSD,SSD
f87d8597-117e-428f-9747-57deadcc7602,"Western Digital Blue 2TB 2.5"" HDD 5400RPM SATA",Western Digital,Blue,2000GB,,f87d8597-117e-428f-9747-57deadcc7602.json,,2000,"2.5""",B079BQS5WQ,6220725,,,N82E16822234339,319175228,SATA 6.0 Gb/s,,,WD20SPZX | WD20SPZX-SPUA7T0,False,HDD,HDD
f8a84efc-58de-43c9-87e9-743312424bac,Seagate BarraCuda ESA-3502 Internal Hard Drive 3.5 Inches - 500 GB (ST500DM002) + Silicone HDD 3.5 Inch Protective Cover - White,Seagate,BarraCuda,ESA-3502,2012,f8a84efc-58de-43c9-87e9-743312424bac.json,,500,"3.5""",,,,,,6372763,SATA 6.0 Gb/s,,,ST3500641AS-RK,False,HDD,HDD
f8db1bf2-d095-4398-8a82-4e6b0c0536cd,Samsung 960 Evo 500GB SSD M.2 PCIe 3.0 NVMe,Samsung,960,500GB,,f8db1bf2-d095-4398-8a82-4e6b0c0536cd.json,,500,M.2-2280,B01M20VBU7,,,,9SIAADF9K75520,,M.2 PCIe 3.0 x4,,,MZ-V6E500 | MZ-V6E500BW,True,SSD,SSD
f8dea37f-7347-4d01-81f6-4369e0f60154,Sabrent Rocket 5 2TB SSD M.2-2280 PCIe 5.0 X4 NVMe,Sabrent,Rocket,2000GB,,f8dea37f-7347-4d01-81f6-4369e0f60154.json,,2000,M.2-2280,B0CXVGC466,,,,0D9-001Y-000C2,5491551566,M.2 PCIe 5.0 x4,,,SB-RKT5-2TB,True,SSD,SSD
f91291bf-718d-4551-8b0a-1e3a3f61e842,Micron 1100 512GB SSD M.2-2280 SATA,Micron,1100,512GB,,f91291bf-718d-4551-8b0a-1e3a3f61e842.json,,512,M.2-2280,,,,,,,M.2 SATA,,,MTFDDAV512TBN-1AR15FCYY,False,SSD,SSD
f9425a41-efc9-4751-9d04-180f22d2482d,Crucial P3 Plus 2TB M.2-2280 SSD PCIe 4.0 NVMe,Crucial,P3 Plus,2000GB,2022,f9425a41-efc9-4751-9d04-180f22d2482d.json,,2000,M.2-2280,B0B25ML2FH,6509713,28475,https://www.crucial.in/ssd/p3-plus/ct2000p3pssd8,N82E16820156301,1403453711,M.2 PCIe 4.0 x4,,2026-03-22T16:53:06.339Z,CT2000P3PSSD8,True,SSD,
f945ce8b-9194-49ab-b88a-bebdd125bc7b,"Toshiba P300 2TB HDD 7200RPM 3.5"" SATA",Toshiba,P300,2000GB,,f945ce8b-9194-49ab-b88a-bebdd125bc7b.json,,2000,"3.5""",B013JPKT9O,,,,,47182391,SATA 6.0 Gb/s,,,HDWD120XZSTA,False,HDD,HDD
f9487833-307a-497d-9bff-a47d7eab39e0,Fantom Drives VENOM7 2TB SSD M.2 PCIe 4.0 NVMe,Fantom Drives,VENOM7,2000GB,,f9487833-307a-497d-9bff-a47d7eab39e0.json,,2000,M.2-2280,B0CMJPHCXD,,,,,,M.2 PCIe 4.0 x4,,,VM7X20,True,SSD,SSD
f95a7c0a-c1c1-4d3f-ab6f-2b771165728c,"ADATA Premier Pro SP900 128GB SSD 2.5"" SATA 6.0 Gb/s",ADATA,Premier,128GB,,f95a7c0a-c1c1-4d3f-ab6f-2b771165728c.json,,128,"2.5""",,,,,,,SATA 6.0 Gb/s,,,ASP900S3-128GM-C,False,SSD,SSD
f96293e6-b35f-46a3-a577-63fca33485fb,Lexar NM990 1TB SSD M.2-2280 PCIe 5.0 X4 NVMe,Lexar,NM990,1000GB,,f96293e6-b35f-46a3-a577-63fca33485fb.json,,1000,M.2-2280,,,,,,,M.2 PCIe 5.0 x4,,,LNM990X001T-RNNNG,True,SSD,SSD
f968de5f-519b-4bc2-b7be-727f55954210,Corsair MP700 2TB SSD M.2-2280 PCIe 5.0 X4 NVMe,Corsair,MP700,2000GB,,f968de5f-519b-4bc2-b7be-727f55954210.json,,2000,M.2-2280,B0C3CWBWPC,,,,,,M.2 PCIe 5.0 x4,,,CSSD-F2000GBMP700R2,True,SSD,SSD
f96a19df-35f7-4585-9098-6ba5f90735b3,Corsair MP600 ELITE 2TB M.2-2280 SSD PCIe 4.0 X4 NVMe,Corsair,MP600,2000GB,,f96a19df-35f7-4585-9098-6ba5f90735b3.json,,2000,M.2-2280,B0CSG68HF4,,,,N82E16820982137,5368267702,M.2 PCIe 4.0 x4,,,CSSD-F2000GBMP600ENH,True,SSD,SSD
f96da302-cfa1-4946-b2ed-143bef0bfcb9,"TEAMGROUP T-Force Vulcan 500GB SSD 2.5"" SATA 6.0 Gb/s",TEAMGROUP,T-Force,500GB,,f96da302-cfa1-4946-b2ed-143bef0bfcb9.json,,500,"2.5""",,,,,,,SATA 6.0 Gb/s,,,T253TV500G3C301,False,SSD,SSD
f96e057f-927f-4f4d-8c6e-916ef3de666e,Micron 7400 PRO 1.92TB SSD M.2-22110 PCIe 4.0 NVMe,Micron,7400,1000GB,,f96e057f-927f-4f4d-8c6e-916ef3de666e.json,,1000,M.2-22110,,,,,,,M.2 PCIe 4.0 x4,,,MTFDKBG1T9TDZ-1AZ1ZA,True,SSD,SSD
f9af1221-8b75-4159-8d9f-121a6ee54289,"SanDisk Ultra Plus 256GB SSD 2.5"" SATA",SanDisk,Ultra,256GB,,f9af1221-8b75-4159-8d9f-121a6ee54289.json,,256,"2.5""",,,,,,,SATA 6.0 Gb/s,,,SDSSDHP-256G-G25,False,SSD,SSD
f9cc8431-b46c-451c-bf16-e71891cd0bdb,"Silicon Power S60 3K P/E 240GB 2.5"" SSD SATA",Silicon Power,S60,240GB,,f9cc8431-b46c-451c-bf16-e71891cd0bdb.json,,240,"2.5""",B009GG07KW,,,,,,SATA 6.0 Gb/s,,,SP240GBSS3S60S25,False,SSD,SSD
f9e513d8-31cd-4bd1-ae2c-5c423bacf5df,Seagate FireCuda 530 500GB SSD M.2-2280 PCIe 4.0 x4 NVMe,Seagate,FireCuda,500GB,,f9e513d8-31cd-4bd1-ae2c-5c423bacf5df.json,,500,M.2-2280,B08Q4X1HRJ,6474704,,,9SIA12KK474387,1546565801,M.2 PCIe 4.0 x4,,,ZP500GM3A013 | ZP500GM30013 | ZP500GM3A003,True,SSD,SSD
f9f12000-df8f-4d28-8019-13754ba39b05,"Hitachi 7K1000.C 320GB 3.5"" HDD 7200RPM SATA Internal",Hitachi,7K1000.C,320GB,,f9f12000-df8f-4d28-8019-13754ba39b05.json,,320,"3.5""",,,,,,,SATA 3.0 Gb/s,,,HDS721032CLA362,False,HDD,HDD
fa0a681c-9d74-4c80-a19c-ab31ab973353,"Inland Platinum 256GB SSD 2.5"" SATA",Inland,Platinum,256GB,,fa0a681c-9d74-4c80-a19c-ab31ab973353.json,,256,"2.5""",B09M3M9896,,,,,,SATA 6.0 Gb/s,,,618996746279 | 200cdc7c-3d4d-493d-937b-31ffbe96ba05,False,SSD,SSD
fa118de2-ecc0-4bc5-94d8-13e40f86c65d,Verbatim Vi560 512GB SSD M.2-2280 SATA,Verbatim,Vi560,512GB,,fa118de2-ecc0-4bc5-94d8-13e40f86c65d.json,,512,M.2-2280,B085RFNQTY,,,,,711391744,M.2 SATA,,,70384,False,SSD,SSD
fa44ced0-9e78-4d57-9c81-40c5c1ce53d6,"Seagate Barracuda Compute 500GB SSD 2.5"" SATA",Seagate,Barracuda,500GB,,fa44ced0-9e78-4d57-9c81-40c5c1ce53d6.json,,500,"2.5""",,,,,,,SATA 6.0 Gb/s,,,STGS500401,False,SSD,SSD
fa4a727a-96e7-4674-98f0-5b315c30f9de,Timetec 35TTM8SSATA 128GB SSD M.2-2280 SATA,Timetec,35TTM8SSATA,128GB,,fa4a727a-96e7-4674-98f0-5b315c30f9de.json,,128,M.2-2280,,,,,,,M.2 SATA,,,35TTM8SSATA-128GB,False,SSD,SSD
fa53b410-9237-4c62-824c-a00a82b60213,Western Digital PC SN740 Opal 512GB M.2-2280 SSD PCIe 4.0 NVMe,Western Digital,PC,512GB,,fa53b410-9237-4c62-824c-a00a82b60213.json,,512,M.2-2280,,,,,,,M.2 PCIe 4.0 x4,,,SDDQNQD-512G,True,SSD,SSD
fa552202-1b1c-4ca8-bf3b-b3d73e7f1290,Crucial T710 4TB SSD M.2-2280 PCIe 5.0 x4 NVMe,Crucial,T710,4000GB,,fa552202-1b1c-4ca8-bf3b-b3d73e7f1290.json,,4000,M.2-2280,B0FP9JTZKZ,6636635,,,,17047802696,M.2 PCIe 5.0 x4,,,CT4000T710SSD8 | CT4000T710SSD8-01,True,SSD,SSD
fa7c9aa9-7947-4449-bddd-69ac443ae9fc,MSI SPATIUM M470 PRO 1TB SSD M.2-2280 PCIe 4.0 x4 NVMe,MSI,SPATIUM,1000GB,,fa7c9aa9-7947-4449-bddd-69ac443ae9fc.json,,1000,M.2-2280,,,,,,,M.2 PCIe 4.0 x4,,,S78-440L0J0-P83,True,SSD,SSD
fa938755-1983-4dba-bb9d-e69a7f9725c8,"Western Digital RE 250GB HDD 7200RPM 3.5"" SATA Internal",Western Digital,RE,250GB,,fa938755-1983-4dba-bb9d-e69a7f9725c8.json,,250,"3.5""",B00D38V0VO,,,,,,SATA 6.0 Gb/s,,,WD2503ABYZ,False,HDD,HDD
fa9dad0e-7c53-4a04-999f-b38b29a403e3,"SanDisk Ultra 3D 250GB SSD 2.5"" SATA 6.0 Gb/s",SanDisk,Ultra,250GB,,fa9dad0e-7c53-4a04-999f-b38b29a403e3.json,,250,"2.5""",,,,,,,SATA 6.0 Gb/s,,,SDSSDH3-250G-G25,False,SSD,SSD
fa9f48a4-6973-4069-b945-3860ea93023a,"Seagate BarraCuda 1TB 3.5"" HDD 7200RPM SATA",Seagate,BarraCuda,1000GB,,fa9f48a4-6973-4069-b945-3860ea93023a.json,,1000,"3.5""",,,,,,,SATA 3.0 Gb/s,,,ST310005N1A1AS-RK,False,HDD,HDD
faaeb6f9-b676-4419-8aae-6d7c9b96ecd9,Corsair MP510 960GB M.2-2280 SSD PCIe 3.0 X4 NVMe,Corsair,MP510,960GB,,faaeb6f9-b676-4419-8aae-6d7c9b96ecd9.json,,960,M.2-2280,B084ZWC796,,,,N82E16820236620,,M.2 PCIe 3.0 x4,,,CSSD-F960GBMP510B,True,SSD,SSD
fac63a69-97cd-47fe-a89b-4fa2d369a3d9,"Intel Optane 905P 960GB SSD 2.5"" U.2",Intel,Optane,960GB,,fac63a69-97cd-47fe-a89b-4fa2d369a3d9.json,,960,"2.5""",B07KCPT9WJ,,,,,223115819,U.2,,,SSDPE21D960GAM3,False,SSD,SSD
fad62557-7723-429a-b8e7-96939e41b229,"Western Digital Purple 4TB 3.5"" HDD 5400RPM SATA",Western Digital,Purple,4000GB,,fad62557-7723-429a-b8e7-96939e41b229.json,,4000,"3.5""",B071KVB4F8,,,,,856471896,SATA 6.0 Gb/s,,,WD40PURZ,False,HDD,HDD
faf08286-389d-4c3f-bc3f-0273d998d069,TEAMGROUP T-Force Cardea A440 Pro 2TB SSD M.2-2280 PCIe 4.0 NVMe,TEAMGROUP,T-Force,2000GB,,faf08286-389d-4c3f-bc3f-0273d998d069.json,,2000,M.2-2280,,,,,,,M.2 PCIe 4.0 x4,,,TM8FPR002T0C129,True,SSD,SSD
fb23fc77-fc4b-4ef6-a24c-718ce584ad0e,"Western Digital Ultrastar DC HC550 16TB HDD 7200RPM 3.5"" SATA",Western Digital,Ultrastar,16000GB,,fb23fc77-fc4b-4ef6-a24c-718ce584ad0e.json,,16000,"3.5""",,,,,,,SATA 6.0 Gb/s,,,0F38461,False,HDD,HDD
fb607556-66f2-48c1-95fb-4ee176be9553,Patriot P400 Lite 250GB SSD M.2-2280 PCIe 4.0 X4 NVME,Patriot,P400,250GB,,fb607556-66f2-48c1-95fb-4ee176be9553.json,,250,M.2-2280,B0BTDNL87X,,,,,,M.2 PCIe 4.0 x4,,,P400LP250GM28H,True,SSD,SSD
fb6f7b1a-72ab-4748-92d3-6e410ed14173,TEAMGROUP T-Force Z44A7Q 1TB M.2 SSD PCIe 4.0 NVMe,TEAMGROUP,T-Force,1000GB,,fb6f7b1a-72ab-4748-92d3-6e410ed14173.json,,1000,M.2-2280,,,,,,,M.2 PCIe 4.0 x4,,,TM8FFW001T0C129,True,SSD,SSD
fb841232-3d9e-489a-935f-56179e4799d8,Crucial M500 480GB M.2-2280 SSD SATA,Crucial,M500,480GB,,fb841232-3d9e-489a-935f-56179e4799d8.json,,480,M.2-2280,B00HBKM6UO,,,,,,M.2 SATA,,,CT480M500SSD4,False,SSD,SSD
fb9490b4-0454-4fd1-8763-518b61fcee7a,"Toshiba MQ01ABF032H 320GB Hybrid 5400 RPM 2.5"" SATA 6.0 Gb/s Internal",Toshiba,MQ01ABF032H,320GB,,fb9490b4-0454-4fd1-8763-518b61fcee7a.json,,320,"2.5""",,,,,,,SATA 6.0 Gb/s,,,MQ01ABF032H,False,SSHD,SSHD
fbd6677e-dd4c-4ff9-8230-6b78975620bd,"Seagate BarraCuda 1.5TB 3.5"" HDD 7200RPM SATA",Seagate,BarraCuda,1000GB,,fbd6677e-dd4c-4ff9-8230-6b78975620bd.json,,1000,"3.5""",,,,,,,SATA 6.0 Gb/s,,,ST1500DM003,False,HDD,HDD
fbe435db-41d6-4de7-8a46-a88bb4c31156,ADATA Legend 800 1TB SSD M.2-2280 PCIe 4.0 X4 NVMe,ADATA,Legend,1000GB,,fbe435db-41d6-4de7-8a46-a88bb4c31156.json,,1000,M.2-2280,B0BW1ZXTMD,6528766,,,9SIAD6HK8W8927,,M.2 PCIe 4.0 x4,,,ALEG-800-1000GCS | 800,True,SSD,SSD
fbf4df41-b182-4244-895d-4e56d3bc88c3,"SK Hynix SL308 250GB SSD 2.5"" SATA 6.0 Gb/s",SK Hynix,SL308,250GB,,fbf4df41-b182-4244-895d-4e56d3bc88c3.json,,250,"2.5""",B01H5KW8VG,,,,,,SATA 6.0 Gb/s,,,HFS250G32TND-N1A2A,False,SSD,SSD
fbf5cf5e-3b03-4c12-9d3a-64c20e0d6abd,KingSpec NXM 256GB SSD M.2-2242 PCIe 3.0 x4 NVMe,KingSpec,NXM,256GB,,fbf5cf5e-3b03-4c12-9d3a-64c20e0d6abd.json,,256,M.2-2242,,,,,0D9-000D-00164,,M.2 PCIe 3.0 x4,,,NXM-256 | NXM-256 2242,True,SSD,SSD
fc0773dd-e75e-4b4b-91ec-85f9f05e89a5,"Seagate IronWolf Pro 2TB 3.5"" HDD 7200RPM SATA",Seagate,IronWolf,2000GB,,fc0773dd-e75e-4b4b-91ec-85f9f05e89a5.json,,2000,"3.5""",,,,,,,SATA 6.0 Gb/s,,,ST2000NE0025,False,HDD,HDD
fc327c6b-6d29-4d0a-bf84-8a83b46de78b,"Seagate NAS 1TB HDD 3.5"" 5900RPM SATA",Seagate,NAS,1000GB,,fc327c6b-6d29-4d0a-bf84-8a83b46de78b.json,,1000,"3.5""",,,,,,,SATA 6.0 Gb/s,,,ST1000VN000,False,HDD,HDD
fc42aa0a-396c-41fe-9dbd-90167e29c362,"Hitachi HGST Ultrastar C10K1800 1.2 TB 3.5"" HDD 10500 RPM SAS 12.0 Gb/s",Hitachi,HGST,1000GB,,fc42aa0a-396c-41fe-9dbd-90167e29c362.json,,1000,"3.5""",,,,,,,SAS 12.0 Gb/s,,,0B27977,False,HDD,HDD
fc70d774-9bc5-4a19-a0e6-9d63bb5ac43c,Western Digital WD_BLACK SN7100 1TB SSD M.2-2280 PCIe 4.0 x4 NVMe,Western Digital,WD_BLACK,1000GB,,fc70d774-9bc5-4a19-a0e6-9d63bb5ac43c.json,,1000,M.2-2280,B0DN7CYYSD,6615939,,,N82E16820250276,14959870702,M.2 PCIe 4.0 x4,,,WDS100T4X0E-00CJA0 | WDS100T4X0E,True,SSD,SSD
fc8efa04-31d9-4cdf-bbf6-138285737064,"TEAMGROUP GX2 1TB SSD 2.5"" SATA",TEAMGROUP,GX2,1000GB,,fc8efa04-31d9-4cdf-bbf6-138285737064.json,,1000,"2.5""",B07PX2KKHM,,,,N82E16820331316,753726080,SATA 6.0 Gb/s,,,T253X2001T0C101,False,SSD,SSD
fc9e0f0a-c28d-4018-8421-195b6ada62e5,"Western Digital Black 500GB 3.5"" HDD 7200RPM SATA 6.0 Gb/s",Western Digital,Black,500GB,,fc9e0f0a-c28d-4018-8421-195b6ada62e5.json,,500,"3.5""",,,,,,,SATA 6.0 Gb/s,,,WD5000LPSX,False,HDD,HDD
fca0e091-7384-4d15-927b-519a994c5838,Seagate FireCuda 540 1TB SSD M.2-2280 PCIe 5.0 x4 NVMe,Seagate,FireCuda,1000GB,,fca0e091-7384-4d15-927b-519a994c5838.json,,1000,M.2-2280,B0BX4HGFGV,,,,N82E16820248241,3059766593,M.2 PCIe 5.0 x4,,,ZP1000GM3A004,True,SSD,SSD
fccbfffc-7ffe-47fc-95ed-e18821974ad0,Mushkin Vortex-LX 1TB SSD M.2 PCIe 4.0 NVMe,Mushkin,Vortex-LX,1000GB,,fccbfffc-7ffe-47fc-95ed-e18821974ad0.json,,1000,M.2-2280,B0BTTQP798,,,,N82E16820992012,2016698153,M.2 PCIe 4.0 x4,,,MKNSSDVL1TB-D8,True,SSD,SSD
fcf75b52-6a36-457f-82c4-2032f9e8943b,Sabrent Rocket 4 Plus G 2TB SSD M.2-2280 PCIe 4.0 x4 NVMe,Sabrent,Rocket,2000GB,,fcf75b52-6a36-457f-82c4-2032f9e8943b.json,,2000,M.2-2280,B0BJ116VV2,,,,9SIBK19JMT8380,1084511665,M.2 PCIe 4.0 x4,,,SB-RKTG-2TB,True,SSD,SSD
fcfe0975-8ec6-4440-9e92-2b6a909ab407,"Seagate Barracuda 500GB 3.5"" HDD 7200RPM SATA",Seagate,Barracuda,500GB,,fcfe0975-8ec6-4440-9e92-2b6a909ab407.json,,500,"3.5""",,,,,,,SATA 3.0 Gb/s,,,ST3500418AS 25PK,False,HDD,HDD
fd21cb03-3ccd-49a7-bfe4-5f6b6b2a84b6,Silicon Power UD85 500GB SSD M.2-2280 PCIe 4.0 X4 NVMe,Silicon Power,UD85,500GB,,fd21cb03-3ccd-49a7-bfe4-5f6b6b2a84b6.json,,500,M.2-2280,,,,,,,M.2 PCIe 4.0 x4,,,SP500GBP44UD8505,True,SSD,SSD
fd23b1a8-25f1-471c-ae6c-5ed2a26e3f05,TEAMGROUP T-Force Cardea A440 Pro 1TB M.2-2280 SSD PCIe 4.0 x4 NVMe,TEAMGROUP,T-Force,1000GB,,fd23b1a8-25f1-471c-ae6c-5ed2a26e3f05.json,,1000,M.2-2280,,,,,,,M.2 PCIe 4.0 x4,,,TM8FPR001T0C128,True,SSD,SSD
fd28b5e9-fdf7-43cc-b38d-14797051f367,Apacer AS2280P4 512 GB SSD M.2-2280 PCIe 3.0 X4 NVMe,Apacer,AS2280P4,512GB,,fd28b5e9-fdf7-43cc-b38d-14797051f367.json,,512,M.2-2280,B08G1VZB9W,,,,,,M.2 PCIe 3.0 x4,,,AP512GAS2280P4-1,True,SSD,SSD
fd34cd35-6e45-4da3-94b1-4e8ab0285f69,"Seagate Exos X16 16TB HDD 7200RPM 3.5"" SATA 6.0 Gb/s",Seagate,Exos,16000GB,,fd34cd35-6e45-4da3-94b1-4e8ab0285f69.json,,16000,"3.5""",,,,,,,SATA 6.0 Gb/s,,,ST16000NM008G,False,HDD,HDD
fd39af80-8b9c-4902-9cce-3ed9798f304e,Orico O7000 1TB SSD M.2 PCIe 4.0 NVMe,Orico,O7000,1000GB,,fd39af80-8b9c-4902-9cce-3ed9798f304e.json,,1000,M.2-2280,B0CQMX7BMK,,,,,,M.2 PCIe 4.0 x4,,,O7000-1TB | 1TB | ORICO-O7000-1TB-GD-EP,True,SSD,SSD
fd615781-2895-47a9-808a-f5cd86c030bf,"VisionTek 900981 1TB SSD 2.5"" SATA 6.0 Gb/s",VisionTek,900981,1000GB,,fd615781-2895-47a9-808a-f5cd86c030bf.json,,1000,"2.5""",B071DV926P,,,,,159051678,SATA 6.0 Gb/s,,,900981,False,SSD,SSD
fd703bf6-4bc7-4b44-a13b-d1bc62a202c3,Western Digital WD_Black SN850X w/Heatsink 2TB SSD M.2 PCIe 4.0 NVMe,Western Digital,WD_Black,2000GB,,fd703bf6-4bc7-4b44-a13b-d1bc62a202c3.json,,2000,M.2-2280,B0B3RNDM77,6512130,,,N82E16820250246,1510587297,M.2 PCIe 4.0 x4,,,WDS200T2XHE | WDS200T2XHE-00BCA0 | WDBB9H0020BNC-WRSN,True,SSD,SSD
fd73ef9f-8c6f-4427-a207-b8af7a02501e,"Western Digital Gold 20TB 3.5"" HDD 7200RPM SATA 6.0 Gb/s Internal",Western Digital,Gold,20000GB,,fd73ef9f-8c6f-4427-a207-b8af7a02501e.json,,20000,"3.5""",B09MSDJGVJ,,,,9SIADU0K823254,854717908,SATA 6.0 Gb/s,,,WD201KRYZ | WD201KRYZ-SPBBDB0,False,HDD,HDD
fd9a6658-af22-4d1e-a5e1-631cb3fbb6c1,Western Digital Black 1TB M.2 SSD PCIe 3.0 NVMe,Western Digital,Black,1000GB,,fd9a6658-af22-4d1e-a5e1-631cb3fbb6c1.json,,1000,M.2-2280,,,,,,,M.2 PCIe 3.0 x4,,,WDS100T2X0C,True,SSD,SSD
fda285e5-1543-4e86-b2dc-a0140183bd59,"Kingston Q500 240GB 2.5"" SSD SATA 6.0 Gb/s",Kingston,Q500,240GB,,fda285e5-1543-4e86-b2dc-a0140183bd59.json,,240,"2.5""",B07KCGPRMQ,,,,0ZK-01M8-00348,152066462,SATA 6.0 Gb/s,,,SQ500S37 | 240G | SQ500S37/240G | SQ500S37-240G,False,SSD,SSD
fdb77499-9d03-472b-8535-c758da975a28,Leven JM600 1TB SSD M.2-2280 SATA,Leven,JM600,1000GB,,fdb77499-9d03-472b-8535-c758da975a28.json,,1000,M.2-2280,B08M62FTBN,,,,,,M.2 SATA,,,JM600M2-22801TB | JMS600-1TB,False,SSD,SSD
fdbe03bf-34d2-4db2-a285-fd333f88c3a5,"Western Digital Scorpio Blue 250GB 2.5"" HDD 5400RPM SATA 3.0 Gb/s",Western Digital,Scorpio,250GB,,fdbe03bf-34d2-4db2-a285-fd333f88c3a5.json,8,250,"2.5""",B0037NYQ8E,,,,,,SATA 3.0 Gb/s,,,WD2500BPVT,False,HDD,HDD
fdbe56da-fcf7-4a8e-9e06-34950d303631,ADATA Legend 800 2TB SSD M.2-2280 PCIe 4.0 X4 NVMe,ADATA,Legend,2000GB,,fdbe56da-fcf7-4a8e-9e06-34950d303631.json,,2000,M.2-2280,B0BWFMXMJR,,,,,,M.2 PCIe 4.0 x4,,,ALEG-800-2000GCS | 800,True,SSD,SSD
fdbfef5d-8171-4336-9eac-cff3249c73cb,SanDisk X600 512 GB SSD M.2-2280 SATA,SanDisk,X600,512GB,,fdbfef5d-8171-4336-9eac-cff3249c73cb.json,,512,M.2-2280,,,,,,,M.2 SATA,,,SD9SN8W-512G-1122,False,SSD,SSD
fdc47452-7444-446a-aeb7-4ac870d2c8ad,Timetec PINNACLE SD1-INDEX 2TB SSD M.2-2280 PCIe 4.0 X4 NVMe,Timetec,PINNACLE,2000GB,,fdc47452-7444-446a-aeb7-4ac870d2c8ad.json,,2000,M.2-2280,,,,,0D9-00ES-00069,,M.2 PCIe 4.0 x4,,,35PNTDGE4NVMEGH-2TB,True,SSD,SSD
fdc6d241-25bb-4c8c-b558-9f3d056c1c4d,ADATA Legend 850 1TB SSD M.2 PCIe 4.0 NVMe,ADATA,Legend,1000GB,,fdc6d241-25bb-4c8c-b558-9f3d056c1c4d.json,,1000,M.2-2280,,,,,,,M.2 PCIe 4.0 x4,,,ALEG-850-1TCS,True,SSD,SSD
fdd0f97e-cb47-4fff-b31e-6a3dfd6dcf6b,"Neo Forza NFS01 480 GB SSD 2.5"" SATA 6.0 Gb/s",Neo Forza,NFS01,480GB,,fdd0f97e-cb47-4fff-b31e-6a3dfd6dcf6b.json,,480,"2.5""",,,,,,,SATA 6.0 Gb/s,,,NFS011SA348-6007200,False,SSD,SSD
fdea0127-9ab7-4d2a-8fa0-037c69146f94,ADATA XPG GAMMIX S70 2TB SSD M.2-2280 PCIe 4.0 x4 NVMe,ADATA,XPG,2000GB,,fdea0127-9ab7-4d2a-8fa0-037c69146f94.json,,2000,M.2-2280,,,,,,,M.2 PCIe 4.0 x4,,,AGAMMIXS70-2T-C,True,SSD,SSD
fe08447c-853e-4a14-ba2d-9f773a278f50,"Kingston SSDNow V+100 64GB SSD 2.5"" SATA",Kingston,SSDNow,64GB,,fe08447c-853e-4a14-ba2d-9f773a278f50.json,,64,"2.5""",,,,,,,SATA 3.0 Gb/s,,,SVP100S2 | 64G,False,SSD,SSD
fe0e434d-29c9-43c9-aba8-8b3df6f43ca5,TEAMGROUP T-FORCE Z44A7 1TB M.2 SSD NVMe PCIe 4.0,TEAMGROUP,T-FORCE,1000GB,,fe0e434d-29c9-43c9-aba8-8b3df6f43ca5.json,,1000,M.2-2280,,,,,,,M.2 PCIe 4.0 x4,,,TM8FPV001T0C129,True,SSD,SSD
fe19d310-9fcf-45fd-a5f7-924622ad07f6,"Toshiba P300 2TB 3.5"" HDD 7200RPM SATA 6.0 Gb/s",Toshiba,P300,2000GB,,fe19d310-9fcf-45fd-a5f7-924622ad07f6.json,,2000,"3.5""",,,,,,,SATA 6.0 Gb/s,,,HDWD120EZSTA,False,HDD,HDD
fe5b8533-6e44-44d3-bab4-2d5855fcabfb,MSI SPATIUM M470 2 TB SSD M.2-2280 PCIe 4.0 X4 NVMe,MSI,SPATIUM,2000GB,,fe5b8533-6e44-44d3-bab4-2d5855fcabfb.json,,2000,M.2-2280,B098THX7WZ,,,,,351751446,M.2 PCIe 4.0 x4,,,SM470N2TB | S78-440Q090-P83 | SPATIUM M470 2TB | M470,True,SSD,SSD
fe611ef4-db5f-4a65-882b-8e04f68798e5,Integral 2020 256GB SSD M.2-2280 SATA,Integral,2020,256GB,,fe611ef4-db5f-4a65-882b-8e04f68798e5.json,,256,M.2-2280,B0843B58S7,,,,,,M.2 SATA,,,INSSD256GM280,False,SSD,SSD
fe639d75-5feb-4d4f-a98b-2f424d1fa47a,980 PRO 250GB Internal Gaming SSD PCIe Gen 4 x4 NVMe,Samsung,980 PRO,,2020,fe639d75-5feb-4d4f-a98b-2f424d1fa47a.json,,250,M.2-2280,B08GL52C3V,6431941,,,9SIBMW3JVZ2759,364084167,M.2 PCIe 3.0 x4,,,MZ-V8P250B/AM,True,SSD,SSD
fe6895b7-32d0-4db2-99af-0ea9f2b84614,"Samsung 840 Evo 750GB SSD 2.5"" SATA",Samsung,840,750GB,,fe6895b7-32d0-4db2-99af-0ea9f2b84614.json,,750,"2.5""",,,,,,,SATA 6.0 Gb/s,,,MZ-7TE750BW,False,SSD,SSD
fe74ec02-b98c-4346-927a-25a780b26682,Solidigm P44 Pro 512GB SSD M.2-2280 PCIe 4.0 x4 NVMe,Solidigm,P44,512GB,,fe74ec02-b98c-4346-927a-25a780b26682.json,,512,M.2-2280,B0BJHDVFD8,,,,N82E16820318011,2394020834,M.2 PCIe 4.0 x4,,,SSDPFKKW512H7X1,True,SSD,SSD
fe76fee5-6376-41ce-a452-3e16e46d716d,Micron 2400 512GB SSD M.2-2230 PCIe 4.0 X4 NVMe,Micron,2400,512GB,,fe76fee5-6376-41ce-a452-3e16e46d716d.json,,512,M.2-2230,B0CBPRDSN2,,,,,,M.2 PCIe 4.0 x4,,,MTFDKBA512QFM-1BD1AABYYR | BSA-HBMS-M2400-512G,True,SSD,SSD
fec14383-5284-4537-a4f3-95a831fd552b,Kingston DC1000B 240GB SSD M.2-2280 PCIe 3.0 x4 NVMe,Kingston,DC1000B,240GB,,fec14383-5284-4537-a4f3-95a831fd552b.json,,240,M.2-2280,B083VQN1QW,,,,,607631957,M.2 PCIe 3.0 x4,,,SEDC1000BM8 | 240G | SEDC1000BM8/240G,True,SSD,SSD
fecedcc2-79ad-43ff-9b33-9c08d26bd2f9,Transcend 830S 256GB SSD M.2-2280 SATA,Transcend,830S,256GB,,fecedcc2-79ad-43ff-9b33-9c08d26bd2f9.json,,256,M.2-2280,B07KG1283L,,,,,165300326,M.2 SATA,,,TS256GMTS830S,False,SSD,SSD
fed28fce-dc6e-4725-9b3b-6efbdd4fe826,Kingston A2000 1TB SSD M.2-2280 PCIe 3.0 X4 NVMe,Kingston,A2000,1000GB,,fed28fce-dc6e-4725-9b3b-6efbdd4fe826.json,,1000,M.2-2280,B07VXC9QMH,,,,9SIA22FKCT1714,785106647,M.2 PCIe 3.0 x4,,,SA2000M8 | 1000G | SA2000M8/1000G,True,SSD,SSD
fef572bc-8150-4d52-ac25-0f906d51dea0,VisionTek QLC 8TB M.2 SSD PCIe 3.0 NVMe,VisionTek,QLC,8000GB,,fef572bc-8150-4d52-ac25-0f906d51dea0.json,,8000,M.2-2280,B099MFSJQT,,,,0D9-003G-002H1,,M.2 PCIe 3.0 x4,,,901365,True,SSD,SSD
ff14d550-5acf-4620-b294-81973979cbea,VisionTek Data Fusion 2-way 240GB SSD PCIe PCIe x2 NVMe,VisionTek,Data,240GB,,ff14d550-5acf-4620-b294-81973979cbea.json,,240,PCIe,,,,,,,M.2 PCIe x2,,,900600,True,SSD,SSD
ff1cc7da-741a-490e-bc71-3d740fd42fc0,PNY XLR8 4TB SSD M.2 PCIe 4.0 NVMe w/Heatsink,PNY,XLR8,4000GB,,ff1cc7da-741a-490e-bc71-3d740fd42fc0.json,,4000,M.2-2280,,,,,,,M.2 PCIe 4.0 x4,,,M280CS3140HS-4TB-RB,True,SSD,SSD
ff2f8567-8f64-4a33-a78f-d658caf7781d,"ADATA XPG SX930 120GB SSD 2.5"" SATA",ADATA,XPG,120GB,,ff2f8567-8f64-4a33-a78f-d658caf7781d.json,,120,"2.5""",B012ASDG8C,,,,,,SATA 6.0 Gb/s,,,ASX930SS3-120GM-C,False,SSD,SSD
ff37f12c-fe61-421b-8c99-d2e76902ceb2,"Western Digital VelociRaptor 150GB HDD 3.5"" SATA",Western Digital,VelociRaptor,150GB,,ff37f12c-fe61-421b-8c99-d2e76902ceb2.json,,150,"3.5""",,,,,,,SATA 6.0 Gb/s,,,WD1500HLHX,False,HDD,HDD
ff46047e-1c72-4184-99a7-baf0d0fd6615,"PNY CS900 2TB SSD 2.5"" SATA 6.0 Gb/s",PNY,CS900,2000GB,,ff46047e-1c72-4184-99a7-baf0d0fd6615.json,,2000,"2.5""",B08GB8S6R3,6463141,,,0D9-002E-000X8,379841365,SATA 6.0 Gb/s,,,SSD7CS900-2TB-RB,False,SSD,SSD
ff7bf778-0eee-4914-8762-476f64d7f93b,"Seagate EXOS Enterprise 8TB HDD 7200RPM 3.5"" SATA",Seagate,EXOS,8000GB,,ff7bf778-0eee-4914-8762-476f64d7f93b.json,,8000,"3.5""",B07SW18G1K,,,,,952126818,SATA 6.0 Gb/s,,,ST8000NM000A,False,HDD,HDD
ff7d1787-2273-4b43-af9a-7b53cd333a60,"Western Digital easystore 480GB 2.5"" SSD SATA 6.0 Gb/s",Western Digital,easystore,480GB,,ff7d1787-2273-4b43-af9a-7b53cd333a60.json,,480,"2.5""",,,,,,,SATA 6.0 Gb/s,,,WDBAGU4800ANC-WRBB,False,SSD,SSD
ffa18543-de0e-4e0e-bb6b-e3497b02d861,"Toshiba MK5059GSXP 500GB HDD 2.5"" 5400RPM SATA",Toshiba,MK5059GSXP,500GB,,ffa18543-de0e-4e0e-bb6b-e3497b02d861.json,,500,"2.5""",,,,,,,SATA 3.0 Gb/s,,,MK5059GSXP,False,HDD,HDD
ffa70b4d-7ce0-40cd-8b2d-39c6c5522356,Samsung 860 Evo 250GB SSD M.2-2280 SATA,Samsung,860,250GB,,ffa70b4d-7ce0-40cd-8b2d-39c6c5522356.json,,250,M.2-2280,B07864V6CK,,,,,,M.2 SATA,,,MZ-N6E250BW,False,SSD,SSD
ffaae7d5-c167-438c-90fa-e04bd5ea5c52,"HP S650 1.92TB SSD 2.5"" SATA",HP,S650,1000GB,,ffaae7d5-c167-438c-90fa-e04bd5ea5c52.json,,1000,"2.5""",,,,,,,SATA 6.0 Gb/s,,,345N1AA#ABA,False,SSD,SSD
ffd365ed-c136-4cd8-bf5d-95c364a8516b,"TEAMGROUP T-Create Expert 1 TB SSD 2.5"" SATA 6.0 Gb/s",TEAMGROUP,T-Create,1000GB,,ffd365ed-c136-4cd8-bf5d-95c364a8516b.json,,1000,"2.5""",,,,,,,SATA 6.0 Gb/s,,,T253TE001T3C701,False,SSD,SSD
ffd60511-c01d-4378-8c25-b3c3294efef2,"Transcend SSD230S 1TB SSD 2.5"" SATA",Transcend,SSD230S,1000GB,,ffd60511-c01d-4378-8c25-b3c3294efef2.json,,1000,"2.5""",B074W7TDPR,,,,,684884623,SATA 6.0 Gb/s,,,TS1TSSD230S,False,SSD,SSD
ffec34d1-79d8-48b2-b141-747ad4a47a55,"Samsung Spinpoint F2 EG 1TB HDD 3.5"" SATA 3.0 Gb/s",Samsung,Spinpoint,1000GB,,ffec34d1-79d8-48b2-b141-747ad4a47a55.json,,1000,"3.5""",,,,,,,SATA 3.0 Gb/s,,,HD103SI,False,HDD,HDD
fff91a33-9ddb-4b97-8680-3f5fcff7d4fe,Corsair MP700 PRO 2TB M.2 SSD PCIe 5.0 NVMe,Corsair,MP700,2000GB,,fff91a33-9ddb-4b97-8680-3f5fcff7d4fe.json,,2000,M.2-2280,B0CM42DVBR,,,,N82E16820982118,5152625560,M.2 PCIe 5.0 x4,,,CSSD-F2000GBMP700PNH,True,SSD,SSD
